contract_id,pe_name,contract_name,contract_amount,procurement_category,procurement_method,status
LAL-14-2077/078,LALJHADI RURAL MUNICIPALITY,Construction of Shankarpur Hospital Building,60502650.12,Works,NCB,In-Progress
30-BMC/2078/079/W/NCB/88,Bharatpur Metropolitian City Office,"Road Construction at different wards of Bharatpur Metropolitan City (Ward 11,12,15,16,23)",35000000.00,Works,NCB,Completed
42-BMC/2078/079/W/NCB/123,Bharatpur Metropolitian City Office,"Blacktopped Road Construction from Mitralal Adhikari's House to Indrachowk, BMC-16",4501900.14,Works,NCB,Completed
IDO/CHT/W/NCB/05/078-79,Infrastructure Development Office Chitwan,Construction/Upgrading works Under Package-05,3657654.18,Works,NCB,In-Progress
IDO/CHT/W/NCB/07/078-79,Infrastructure Development Office Chitwan,Construction/Upgrading works of Pandechowk - Manakamana Chowk - Simara Road,2053840.40,Works,NCB,In-Progress
IDO/CHT/W/NCB/08/078-79,Infrastructure Development Office Chitwan,Construction/Upgrading works Under Package-08,2640321.83,Works,NCB,In-Progress
IDO/CHT/W/NCB/09/078-79,Infrastructure Development Office Chitwan,Construction/Upgrading works of Bramhanagar Derichowk - Panisaradhap Road,1381012.30,Works,NCB,In-Progress
IDO/CHT/W/NCB/78/078-79,Infrastructure Development Office Chitwan,Construction/Upgrading of Derichowk Purva Keshav Pathak Chowk Road,1725372.60,Works,NCB,In-Progress
IDO/CHT/W/NCB/79/078-79,Infrastructure Development Office Chitwan,"Construction/Upgrading of Sultana to Majui Road,",1731645.80,Works,NCB,In-Progress
PUN/MUN/078/079-28,Punarbas Municipality Office,"Ansubarmabasti plot no -19 to kalika mandir, Plot no 24 to mahendrabasti , 6no plot to 19 no plot Road maintinance , Ward no 1",1206388.00,Works,Sealed Quotation,Completed
IDO/CHT/W/NCB/81/078-79,Infrastructure Development Office Chitwan,Construction/Upgrading works from Chhatra Subedi Home to South Kul Prasad Bhusal Home to South,1767988.71,Works,NCB,In-Progress
IDO/CHT/W/NCB/80/078-79,Infrastructure Development Office Chitwan,Construction/Upgrading works from Dinesh Pudasaini Home to Goma Bhujel home to Rapti Dyke,1708379.10,Works,NCB,In-Progress
PUN/MUN/078/079-29,Punarbas Municipality Office,Rastriya Adharbhut School to Khet jane sadak ward no 7,1405946.00,Works,Sealed Quotation,In-Progress
IDO/CHT/W/NCB/62/078-79,Infrastructure Development Office Chitwan,Construction/Upgrading works of Jalbire - Yakrang - Chanaute Dhungre Road,4929183.94,Works,NCB,In-Progress
PUN/MUN/078/079-30,Punarbas Municipality Office,Sitabasti Khagaun kirtipur - masanghat Road Maintinance ward no 9,1373797.05,Works,Sealed Quotation,In-Progress
PUN/MUN/078/079-31,Punarbas Municipality Office,Medical Tol Road maintinance Ward no 10,1218127.57,Works,Sealed Quotation,Completed
TB/PUN/MUN/078/079-26,Punarbas Municipality Office,Procurement of Fabricated Steel Parts for Kursha Nala-09 and Lamaiya Nala-10 Trail Bridge,3070984.00,Works,NCB,In-Progress
IDO/CHT/W/NCB/63/078-79,Infrastructure Development Office Chitwan,Jagatpur-Parbatipur-mildada-Rampur-Gautambuddha Rangasala-Sibhaghat Road (Parbatipur-Mildada Section),34532621.21,Works,NCB,Completed
23/KRM/BUILDING/2078/079,Kamal Rural Municipality,"Construction of ward office building, ward no. 2",8982741.58,Works,NCB,In-Progress
IDO/CHT/W/NCB/06/078-79,Infrastructure Development Office Chitwan,"Construction/Upgrading works of Kari Chaudhary's Home to Kathepul and Marala Chaudhary, Lamichhane home to Khola Road",1268262.08,Works,NCB,In-Progress
UDBO/ILAM/W/NCB/06/076-077,"Urban Development and Building Office, Ilam","Construction of Community Building Miklajung-5, Pancthar",17514779.75,Works,NCB,Completed
IDO/CHT/W/NCB/139/078-79,Infrastructure Development Office Chitwan,Construction/Upgrading of road from Chaukitar - Garkha – Dungukhola,6804138.96,Works,NCB,In-Progress
IDO/CHT/W/NCB/138/078-79,Infrastructure Development Office Chitwan,Hakim Chowk-Dhare Chowk-Makhan Chowk-Ashok Chowk-Pandey Ghumti- Diary Chowk-Sitamai Road,68543628.92,Works,NCB,In-Progress
IDO/CHT/W/NCB/65/078-79,Infrastructure Development Office Chitwan,Construction of Rigdi Khola Bridge,38811695.01,Works,NCB,In-Progress
UDBO/ILAM/W/NCB/06/075-076,"Urban Development and Building Office, Ilam",Construction of coverd hall building at DCC premises,14892262.20,Works,NCB,In-Progress
IDO/CHT/W/NCB/79/077-78,Infrastructure Development Office Chitwan,Hattidhap Surkhandi Thakuri Bhanjyang Kaanda Kaminchuli Jane Bato Sadak,184082853.80,Works,NCB,In-Progress
IDO/CHT/W/NCB/78/077-78,Infrastructure Development Office Chitwan,Purbi Chitwan Ring Road,32186153.29,Works,NCB,In-Progress
22/KRM/BRIDGE/2078/079,Kamal Rural Municipality,Construction of superstructure & protection works in gosline dhyangri khola bridge,7498188.20,Works,NCB,In-Progress
IDO/CHT/W/NCB/120/078-79,Infrastructure Development Office Chitwan,Construction and Upgrading Work of Puspalal lal Pradesh Chakrapath (Adamghat- Manahari Road project),172991453.69,Works,NCB,In-Progress
45/KRM/ROAD/2078/079,Kamal Rural Municipality,"Construction Of Asphalt Concreting work and Road Lighting System in Kerkha Bazaar, Ward No. 3",4306695.06,Works,NCB,In-Progress
35-BHR/2078/079/W/NCB/106,Bharatpur Metropolitian City Office,Blacktopped Road Construction at Golaghat dekhi wildlife resort ra sisabaas jane pitch baato,3938545.32,Works,NCB,Completed
IDO/CHT/W/NCB/131/078-79,Infrastructure Development Office Chitwan,Construction/Upgrading Work of Uttarakhanda Road,7787666.58,Works,NCB,In-Progress
IDO/CHT/W/NCB/116/078-79,Infrastructure Development Office Chitwan,Construction/Upgrading works of Piple Chowk to Dubechaur Samma Tower,2766031.98,Works,NCB,In-Progress
IDO/CHT/W/LRBP/NCB/78/076-77,Infrastructure Development Office Chitwan,Juwa Khola Bridge,26590310.31,Works,NCB,In-Progress
IDO/CHT/W/NCB/84/076-77,Infrastructure Development Office Chitwan,Construction of Baghmara Dovan RCC Motorable Bridge Over Baghmara Dova Khola,82309689.65,Works,NCB,In-Progress
IDO/CHT/W/NCB/68/077-78,Infrastructure Development Office Chitwan,Construction of Shaktikhola Bridge,41261775.86,Works,NCB,In-Progress
UDB-RUP/34701013/078-79/60,"Urban Development and Building Office, Rupandehi",Bipasna Centre,8930581.00,Works,NCB,Completed
UDB-RUP/34701013/078-79/61,"Urban Development and Building Office, Rupandehi","Construction Of Multipurpose Hall,Sarawal",9704600.40,Works,NCB,Completed
UDBO/ILAM/W/NCB/12/076-077,"Urban Development and Building Office, Ilam","Community Building Construction,Tumbewa 3 Panchthar",18071090.89,Works,NCB,In-Progress
UDB-RUP/34701013/078-79/59,"Urban Development and Building Office, Rupandehi","Construction Of Dharmashala at Krishnagar,Kapilvastu",20331230.13,Works,NCB,Completed
UDBO/ILAM/W/NCB/10/076-077,"Urban Development and Building Office, Ilam","Community Building Construction Gauradha-3, Jhapa",29852835.31,Works,NCB,In-Progress
UDB-RUP/34701014/078-79/51,"Urban Development and Building Office, Rupandehi","Construction Of MDrain at Palhinandan-05,Nawalparasi",3688359.55,Works,NCB,Completed
UDB-RUP/34701013/078-79/70,"Urban Development and Building Office, Rupandehi","Construction & Maintainance Of BP/Ganeshman Smirti Bhawan ,Bhairahawa",1661932.36,Works,NCB,Completed
UDB-RUP/34701013/078-79/40,"Urban Development and Building Office, Rupandehi","Construction OF infrastucture at Bidhutiye Sab Dah,Suddhodhan-02",6939152.03,Works,NCB,Completed
UDB-RUP/34701013/078-79/69,"Urban Development and Building Office, Rupandehi","Construction & infrastucture At Muktinath Temple,butwal-12",576941.28,Works,NCB,Completed
UDBO/ILAM/W/NCB/13/075-76,"Urban Development and Building Office, Ilam",Dokan Danda to Boudha Mod Road Construction and Upgrading Works,16173925.11,Works,NCB,Completed
UDB-RUP/34701013/078-79/09,"Urban Development and Building Office, Rupandehi","Construction of Seminar Hall at Foresty Research Centre , Yogikuti, Butwal, Rupandehi.",8342009.48,Works,NCB,Completed
UDB-RUP/34701012/078-79/04,"Urban Development and Building Office, Rupandehi","Construction of Infrastructure(Drain Cover) at Prabhatpath to Bhanupath Road,Si.na.pa.-09, Rupandehi",2589582.24,Works,NCB,In-Progress
UDB-RUP/34701012/NCB/078-79/3,"Urban Development and Building Office, Rupandehi","Construction of Infrastructure (Road Upgrading Works) at Unnatitole, Omsatiya Rural Municipality, Rupandehi.",1850689.14,Works,NCB,Completed
UDB-RUP/34701012/NCB/078-79/13,"Urban Development and Building Office, Rupandehi","Construction of Road and Drain at Semarhana Mayadevi-5, Marchawari-6,Rupandehi",5127135.72,Works,NCB,Completed
UDBO/ILAM/W/NCB/12/075-76,"Urban Development and Building Office, Ilam","Construction of Durga Community Building, Gwaldubba, Jhapa",11409368.85,Works,NCB,Completed
UDB-RUP/34701012/NCB/078-79/17,"Urban Development and Building Office, Rupandehi","Roadway Upgrading Works at South of Karmahawa Talariya Pokhari, Mayadevi-7, Kapilvastu.",1410889.75,Works,NCB,In-Progress
UDB-RUP/34701012/NCB/078-79/27,"Urban Development and Building Office, Rupandehi","Upgrading works of Road at Wasa Basanta Ma.vi Tole & Valuhi- Ahiroli,Sarawal 1 & 2 (Ekikrit Basti Bikas), West Nawalparasi.",5614954.67,Works,NCB,Completed
UDBO/ILAM/W/NCB/11/076-077,"Urban Development and Building Office, Ilam",Simingchong Sarbadharma Community Building Construction,18447175.63,Works,NCB,In-Progress
UDBO/ILAM/W/NCB/18/075-76,"Urban Development and Building Office, Ilam","Construction Of Community Building in Deurali Bazaar, Ilam",22280922.06,Works,NCB,In-Progress
UDBO/ILAM/W/NCB/05/076-077,"Urban Development and Building Office, Ilam","Construction of Road from Durga Chowk to Simsar Kankai-1, Jhapa",36858939.30,Works,NCB,In-Progress
UDBO/ILAM/W/NCB/04/076-077,"Urban Development and Building Office, Ilam","Construction of Connecting Road and Drainage from Surunga Bridge to Tappu Kankai-2, Jhapa",34121879.07,Works,NCB,In-Progress
UDBO/ILAM/W/NCB/02/076-077,"Urban Development and Building Office, Ilam","Construction of Office Building Water Resource and Irrigation Development Division ,Phidim",16369713.17,Works,NCB,Completed
UDBO/ILAM/W/NCB/01/076-077,"Urban Development and Building Office, Ilam",Construction of Madan Bhandari Smrithi Pratisthan Bhawan at Fungling,22299029.10,Works,NCB,In-Progress
UDB-RUP/34701013/078-79/60.,"Urban Development and Building Office, Rupandehi","Construction Of Infrastucture at Bipasna Centre,Sarawal-02,Nawalparasi",8930581.00,Works,NCB,Completed
GTMSRRP/337011094/076/77-002,Galchhi Trishuli Mailung Syaprubeshi Rasuwagadhi Road Project,"Construction of Jhangar Khola Bridge (RCC 1x15), Nuwakot",34774037.91,Works,NCB,In-Progress
GTMSRRP/337011094/076/77-003,Galchhi Trishuli Mailung Syaprubeshi Rasuwagadhi Road Project,"Construction of Dhobi Khola Bridge (RCC1X15m), Nuwakot",28370944.05,Works,NCB,In-Progress
GTMSRRP/337011094/076/77-004,Galchhi Trishuli Mailung Syaprubeshi Rasuwagadhi Road Project,"Construction of Bire Khola Bridge (RCC1X20m), Nuwakot",33542100.19,Works,NCB,In-Progress
GTMSRRP/337011094/076/77-005,Galchhi Trishuli Mailung Syaprubeshi Rasuwagadhi Road Project,"Construction of Gundre Khola Bridge (RCC1X15m), Nuwakot",35079246.56,Works,NCB,In-Progress
UDBO/ILAM/W/NCB/09/076-077,"Urban Development and Building Office, Ilam","COnstruction of Road from Gauradaha Everest School to Red Cross Office, Gauradaha-1, Jhapa",16149988.95,Works,NCB,Completed
GTMSRRP/337011094/076/77-006,Galchhi Trishuli Mailung Syaprubeshi Rasuwagadhi Road Project,"Construction of Sukaure Khola Bridge (RCC1X20m), Nuwakot",32230792.78,Works,NCB,In-Progress
UDBO/ILAM/W/NCB/03/076-077,"Urban Development and Building Office, Ilam","Construction of Community Building at Shri Durga Panchayan Temple Area Arjundhara-2, Jhapa",10858713.62,Works,NCB,Completed
GTMSRRP/337011094/076/77-007,Galchhi Trishuli Mailung Syaprubeshi Rasuwagadhi Road Project,"Slope Stabilization and Protection for Road Slope Disaster Management of Galchhi Landslide, Dhading (Ch. 2+100) and Jiling Landslide, Nuwakot (Ch. 16+200)",180549903.04,Works,NCB,In-Progress
GTMSRRP/337011094/076/77-008,Galchhi Trishuli Mailung Syaprubeshi Rasuwagadhi Road Project,"""Slope Stabilization and Protection for Road Slope Disaster Management of Tirtire Bhir Landslide, Nuwakot (Ch. 32+200)""",156819968.15,Works,NCB,In-Progress
UDBO/ILAM/W/NCB/16/075-76,"Urban Development and Building Office, Ilam","Construction of Jestha Nagarik Community Building, Barhadashi, Jhapa",13665180.54,Works,NCB,Completed
GTMSRRP/337011094/076/77-001,Galchhi Trishuli Mailung Syaprubeshi Rasuwagadhi Road Project,Upgrading of Mailung Syphrubesi Road To Dedicated Double Lane Standard (Chainage 46+000 to 64+841),1451339084.84,Works,NCB,In-Progress
UDBO/ILAM/W/NCB/04/075-76,"Urban Development and Building Office, Ilam","Road and Drain Construction work at Laxmimarga-Baluwatar-Chakrapath, Damak, Jhapa",35399339.95,Works,NCB,In-Progress
UDBO/ILAM/W/NCB/19/075-76,"Urban Development and Building Office, Ilam","Construction of Multipurpose Building In Naya Bazaar, Maijogmai,Ilam",25631510.54,Works,NCB,In-Progress
UDBO/ILAM/W/NCB/15/075-076,"Urban Development and Building Office, Ilam",Construction of Road and Drains in Fungling Municipalit Taplejung,76017724.00,Works,NCB,In-Progress
RIDORUP/RUP/134/NCB/078-79/154,"Road Infrastructure Development office, Rupandehi",Upgrading - Bagahawa Gaun- Kaughat Road Rupandehi,2300104.56,Works,NCB,Completed
UDBO/ILAM/W/NCB/03/075-76,"Urban Development and Building Office, Ilam","Construction Of Miklajung Awasiye Bhawan,Rabi,Miklajung Rural Muncipality, Panchthar",38991442.47,Works,NCB,Completed
UDBO/ILAM/W/NCB/17/075-76,"Urban Development and Building Office, Ilam","Construction of Guest House In Sandakpur Hill, Ilam",28591514.58,Works,NCB,In-Progress
UDBO/ROLPA/NCB/WORKS/02-2078/79,"Urban Development and Building Office, Rolpa","Cultural Theater Access Road and Footpath Construction Work, Rolpa na pa,Rolpa.",1938189.61,Works,NCB,In-Progress
UDBO/ROLPA/NCB/WORKS/03-2078/79,"Urban Development and Building Office, Rolpa","Tribeni Nerpa Bazar Basti Bikash (Road and Drain Work),Rolpa.",3703172.56,Works,NCB,In-Progress
UDBO/ROLPA/NCB/WORKS/04-2078/79,"Urban Development and Building Office, Rolpa","Jibang Kafaldanda Green Park Construction work, Rolpa Na. Pa. -06, Rolpa.",4217055.11,Works,NCB,In-Progress
UDBO/ROLPA/NCB/WORKS/06-2078/79,"Urban Development and Building Office, Rolpa","Sushil Koirala Smriti Building Construction Works, Liwang, Rolpa .",4115500.82,Works,NCB,In-Progress
MIP/TMC/WORKS/NCB-01/2077-78,Mahakali Irrigation Project-III Stage,Construction of Canal and Related Structures,36369616.45,Works,NCB,Completed
UDBO/ILAM/W/NCB/14/075-76,"Urban Development and Building Office, Ilam","Construction of road and drain in ilam municipality, ilam",17366554.40,Works,NCB,Completed
UDBO/ILAM/W/NCB/07/075-76,"Urban Development and Building Office, Ilam","Construction of area police office cum barrack & toilet block, manglabare,ilam",22213535.81,Works,NCB,Completed
UDBO/ILAM/W/NCB/13/076-77,"Urban Development and Building Office, Ilam","Construction Of Multi-Storey Parking and Information Centre, Ilam-7",127231235.32,Works,NCB,In-Progress
UDBO/DANG/SQ/WORKS/24-2078/79,"Urban Development & Building Office Ghorahi, Dang","Dabri Pipal Bot - Kanjawar Road Construction Works, Tulsipur 15 Dang.Re",1700636.55,Works,Sealed Quotation,In-Progress
UDBO/DANG/NCB/WORKS/13-2078/79,"Urban Development & Building Office Ghorahi, Dang","Gurukul School-Deepshikha Chowk-Army Barrack Integrated Infrastructure Construction Works( Drain Works ), Ghorahi 15, Dang.",3230345.43,Works,NCB,In-Progress
NCB-18/078/79,Suspension Bridge Division (SBD),"Fabrication, Supply, Transportation, Construction and Erection of Naglibang Trail Bridge",92993247.90,Works,NCB,Completed
UDB-RUP/34701013/078-79/50,"Urban Development and Building Office, Rupandehi","Construction of 15 Bed Ayurbed Hospital Building,Taulihawa,Kapilvastu",114110367.41,Works,NCB,In-Progress
UDBO/DANG/NCB/WORKS/11-.2078/79,"Urban Development & Building Office Ghorahi, Dang","OM Shanti Building Construction Work (Talla Thap), Ghorahi Dang.",3552944.71,Works,NCB,In-Progress
UDB-RUP/34701014/NCB/078-79/53,"Urban Development and Building Office, Rupandehi","Construction of Drain at Suddodhan-02, Bangai, Rupandehi. (Sahari Purbadhar Nirman)",2529089.73,Works,NCB,Completed
UDBO/DANG/NCB/WORKS/17-2078/79,"Urban Development & Building Office Ghorahi, Dang","B.P. Smriti Building Construction Works (Talla Thap), Lamahi, Dang.",4131919.69,Works,NCB,In-Progress
NCB-17/078/79,Suspension Bridge Division (SBD),"Fabrication, Supply, Transportation, Construction and Erection of Kathal Malhaniya Multispan Trail Bridge",242793704.20,Works,NCB,Completed
UDBO/DANG/NCB/WORKS/05-2078/79,"Urban Development & Building Office Ghorahi, Dang","Gobardiha BastiBikas Road And Drain Construction Works, Gadhawa 3, Dang.",1736181.38,Works,NCB,In-Progress
RIDO/RUP/LRBP/BR/134/NCB/078-79/51,"Road Infrastructure Development office, Rupandehi","Construction of Tinau Khola Motorable RCC Tee Beam Bridge , Duimuhan , Rupandehi",135157845.58,Works,NCB,Completed
UDBO/DANG/NCB/WORKS/03-2078/79,"Urban Development & Building Office Ghorahi, Dang","GauriShankar Mandir-Lokmani Chowk-Bhagwanpur Road And Drain Construction Works., Ghorahi 16, Dang.",3359716.58,Works,NCB,In-Progress
UDB-RUP/34701014/NCB/078-79/48,"Urban Development and Building Office, Rupandehi","Construction of Infrastructure at Children Park, Sarawal-01, Rajahawa, Nawalparasi (West)",894803.78,Works,NCB,In-Progress
UDB-RUP/37000012/NCB/078-79/49,"Urban Development and Building Office, Rupandehi","Construction of Shed (truss) of Pratappur Healthpost, Belatari.",1303315.45,Works,NCB,In-Progress
UDB-RUP/34701013/NCB/078-79/66,"Urban Development and Building Office, Rupandehi","Construction of Infrastructure at Gausala, Tilottama-1 & 8. Rupandehi.",2867116.23,Works,NCB,Completed
UDB-RUP/34701013/NCB/078-79/68,"Urban Development and Building Office, Rupandehi","Construction of Compound wall at Tharu sanskritik. sainamaina-04, kusma, Rupandehi.",1071455.27,Works,NCB,Completed
RIDO/RUP/LRBP/BR/134/NCB/078-79/52,"Road Infrastructure Development office, Rupandehi","Construction of Bhaluhi Khola RCC Tee Beam Bridge , West Nawalparasi",105937430.23,Works,NCB,Completed
UDB-RUP/33704014/NCB/077-78/04,"Urban Development and Building Office, Rupandehi","Construction of Road, Footpath and paving Interlock Block Works at Ramgram, Nawalparasi",9363155.14,Works,NCB,In-Progress
41-BMC/2078/079/W/NCB/121,Bharatpur Metropolitian City Office,Construction of Drain from Buddha Chowk canal to Bishal chowk Bmc 07,3968712.74,Works,NCB,Completed
UDB-RUP/33704014/NCB/077-78/10,"Urban Development and Building Office, Rupandehi","Construction of Road, Footpath and paving Interlock Block Works at Devdaha Municipality, Rupandehi",6682408.91,Works,NCB,In-Progress
UDB-RUP/33704014/NCB/077-78/07,"Urban Development and Building Office, Rupandehi","Construction of Footpath and Drain at Mahalawar-majdiya Road and Padhariya-Masjid, Lumbini Sanskritik, Rupandehi",14013671.95,Works,NCB,Completed
40-BMC/2078/079/W/NCB/118,Bharatpur Metropolitian City Office,"Blacktopped Road Construction in Naurange Sayapatri Marga Street no 7 and 12, BMC-11",3798079.72,Works,NCB,Completed
18-BMC/2078/079/W/NCB/41,Bharatpur Metropolitian City Office,Blacktopping of Different Roads in BMC-25 (4 Roads),10067306.00,Works,NCB,Completed
UDB-RUP/33704014/NCB/077-78/14,"Urban Development and Building Office, Rupandehi","Construction of Road, Footpath and paving Interlock Block Works at Sandikharka Bazar, Arghakhachi",8857262.55,Works,NCB,In-Progress
UDB-RUP/33704014/NCB/077-78/15,"Urban Development and Building Office, Rupandehi","Construction of Road, Footpath and paving Interlock Block Works at Sitganga Municipality, Arghakhachi",8940572.07,Works,NCB,In-Progress
18-BMC/2078/079/W/NCB/42,Bharatpur Metropolitian City Office,"""Construction of Blacktopped Road Construction from Keuri Ghol Pul to Binod Mahato's House to Milan Samuha to Ramlal Chowk to Bangala, BMC-26""",9514847.75,Works,NCB,Completed
18-BMC/2078/079/W/NCB/43,Bharatpur Metropolitian City Office,"""Construction of Blacktopped Road from Padam Pokhari Shivalaya Chowk to Aas Bahadur's House Chowk Towards North, BMC-22""",4196236.95,Works,NCB,Completed
UDBO/ILAM/W/NCB/11/075-76,"Urban Development and Building Office, Ilam","Integrated Development Work at FAlgunanda Buspark at Damak-2, Jhapa",151986872.13,Works,NCB,In-Progress
UDB-RUP/33704014/NCB/077-78/20,"Urban Development and Building Office, Rupandehi","Construction of Footpath at Kalikapath Butwal, Rupandehi",45432550.88,Works,NCB,In-Progress
UDB-RUP/33704014/NCB/077-78/21,"Urban Development and Building Office, Rupandehi","Construction of Footpath and Drain(Remaining Works)at Kalikapath,Butwal,Rupandehi",11650443.33,Works,NCB,In-Progress
18-BMC/2078/079/W/NCB/44,Bharatpur Metropolitian City Office,"""Construction of Blacktopped Road from Hari Prasad Sapkota's House to Ward no 17 Territory in East, BMC-19""",2165894.26,Works,NCB,Completed
NCB-14/078/79,Suspension Bridge Division (SBD),"Fabrication, Supply, Transportation, Construction and Erection of Akabarpur Katautiya Trail Bridge",29514138.68,Works,NCB,Completed
29-BHR/2078/079/W/NCB/83,Bharatpur Metropolitian City Office,"Construction of stone masonary wall at Pungikhola, BMC 01",1104643.93,Works,Sealed Quotation,Completed
29-BHR/2078/079/W/NCB/85,Bharatpur Metropolitian City Office,Different Road Construction Works at BMC-09,6018149.00,Works,NCB,Completed
UDBO/ILAM/W/NCB/08/076-077,"Urban Development and Building Office, Ilam","Construction of Blacktop Road from Solmari Chowk to Sarangpada Bazar, Kamal Gaupalika, Jhapa",38318890.40,Works,NCB,In-Progress
30-BHR/2078/079/W/NCB/87,Bharatpur Metropolitian City Office,"Multipurpose Building Construction works for Federation of Nepal Beekepers,BMC 12 chitwan",3467367.99,Works,NCB,Completed
20-BMC/2078/079/G/SQ/49-RE,Bharatpur Metropolitian City Office,Procurement of Disaster Relief Supplies for BMC,1289555.00,Goods,Sealed Quotation,Completed
30-BHR/2078/079/W/NCB/88,Bharatpur Metropolitian City Office,Road Construction at Different wards of bharatpur metropolitan city (ward 11 12 15 16 23),34868629.64,Works,NCB,In-Progress
20-BMC/2078/079/W/SQ/50,Bharatpur Metropolitian City Office,"Road Upgradation Works with Drainage System in Indra Marga, BMC-9",995577.69,Works,Sealed Quotation,Completed
30-BHR/2078/079/W/NCB/89,Bharatpur Metropolitian City Office,"Kerunga River Beautification RCC wall Construction at Kerunga Ghol,Ward no 9",28314300.11,Works,NCB,Completed
29-BHR/2078/079/W/NCB/93,Bharatpur Metropolitian City Office,Blacktopped Road And Drain Construction at Bharatpur Ward No. 2,3257155.51,Works,NCB,In-Progress
RIDORUP/RUP/134/NCB/078-79/153,"Road Infrastructure Development office, Rupandehi","Malwar Devi Korange tole Rastrapati Marg Haraiya Nanauli Road ,Rupandehi",14542708.09,Works,NCB,Completed
40-BMC/2078/079/W/NCB/117,Bharatpur Metropolitian City Office,"Blacktopped Road Construction in Hemlal Tole, BMC-23",3745165.82,Works,NCB,In-Progress
23-BMC/2078/079/W/NCB/57,Bharatpur Metropolitian City Office,"Maintenance Of Different Roads of Ward no. 7, BMC",3121579.77,Works,NCB,In-Progress
RE-39-BMC/2078/079/W/SQ/116,Bharatpur Metropolitian City Office,"Maintenance Of Conference Hall Of Family Planning Association Of Nepal, BMC 12",1656719.22,Works,Sealed Quotation,Completed
23-BMC/2078/079/W/NCB/59,Bharatpur Metropolitian City Office,"""Laxman Paudel Gharchowk Dekhi Manav Seva Aashram Hudai Newroad Jane Tarfa Drain Nirman kaarya, BMC 3""",4054859.00,Works,NCB,Completed
29-BHR/2078/079/W/NCB/94,Bharatpur Metropolitian City Office,Blacktopped Road Construction from Balkrishna Subedi’s House to Rangila Pokhari to Aslal Guru’s House (BMC-21),3280429.00,Works,NCB,In-Progress
1-BMC/2078/079/W/NCB/1,Bharatpur Metropolitian City Office,Periodic Maintenance Works of Pulchowk-Narayangarh Buspark Road Section at Bharatpur,19169905.00,Works,NCB,In-Progress
35-BHR/2078/079/W/NCB/105,Bharatpur Metropolitian City Office,Blacktopped road construction (Patlaharu Tharu Village to Panchakanya Chowk) at BMC 22,2372651.72,Works,NCB,In-Progress
23-BMC/2078/079/W/NCB/60,Bharatpur Metropolitian City Office,"""Chokraj Dhakalko Ghar Bata Paschim Tarfa 13 ra 14 ko Simana Hudai Salitaareko Ghar Samma Sadak Kaalopatre""",3222332.37,Works,NCB,In-Progress
38-BMC/2078/079/W/NCB/106,Bharatpur Metropolitian City Office,Blacktopped Road Construction at Golaghat dekhi wildlife resort ra sisabaas jane pitch baato,3938545.32,Works,NCB,In-Progress
23-BMC/2078/079/W/NCB/61,Bharatpur Metropolitian City Office,ward 22 chowk dekhi paschim kurmiya chowk samma kalopatre kaam,6787779.64,Works,NCB,In-Progress
39-BMC/2078/079/W/NCB/107,Bharatpur Metropolitian City Office,"Blacktopped Road Construction from Milijuli Chowk To Nursery Chowk, BMC-16",4602969.12,Works,NCB,Completed
2-BMC/2078/079/G/NCB/2,Bharatpur Metropolitian City Office,Procurement of Sanitary Pad as per Specification.,9263399.98,Goods,NCB,Completed
29-BHR/2078/079/W/NCB/96,Bharatpur Metropolitian City Office,"Blacktopped Road Construction works(From Telauli Medical Chowk to Til Kumari sunars house, Chitaunes house to bridge muna chowk to dal bahadur ales house telauli kshetri chowk to janakalyan and shanka",4079458.77,Works,NCB,Completed
UDB-RUP/35000021/NCB/077-78/33,"Urban Development and Building Office, Rupandehi","Building Construction Work of Maternity Block at Bhim Hospital, Bhairahawa, Rupandehi",96593588.04,Works,NCB,In-Progress
UDBO/ILAM/W/NCB/05/075-76,"Urban Development and Building Office, Ilam","Construction of Physical Infrastructures at Kankai Muktighat, Shivasatashi, Jhapa",25177870.36,Works,NCB,Completed
39-BMC/2078/079/W/NCB/108,Bharatpur Metropolitian City Office,Blacktopped Road Construction Works(Hemlal Mahatoko Culvert Dekhi Purba Dadrahani Chowk Jane Bato) BMC20,4381654.67,Works,NCB,In-Progress
35-BMC/2078/079/W/NCB/97,Bharatpur Metropolitian City Office,"construction of Tekwando Dojangko Covered Hall, BMC 26 chitwan",3385312.20,Works,NCB,In-Progress
UDB-RUP/33704013/NCB/077-78/34,"Urban Development and Building Office, Rupandehi","Building Construction Work of Veterinary Referral Hospital, Bhairahawa, Rupandehi",108755917.17,Works,NCB,In-Progress
35-BMC/2078/079/W/NCB/98,Bharatpur Metropolitian City Office,"Blacktopped Road construction from basanta chowk to shree krishna sir's house to baburam chowk,BMC-18",2554046.34,Works,NCB,In-Progress
37-BMC/2078/079/W/NCB/102,Bharatpur Metropolitian City Office,"Construction of Additional Storey in Sukranagar Health Post, BMC-25",2843119.23,Works,NCB,Completed
UDB-RUP/33704012/NCB/077-78/38,"Urban Development and Building Office, Rupandehi","Upgrading works of Road at Magarmudaha & Basnta ma.vi Tola ( Ekikrit Basti Bikas), Sarawal",14581704.87,Works,NCB,In-Progress
37-BMC/2078/079/W/NCB/103,Bharatpur Metropolitian City Office,"Construction of ward office Building, Bharatur",13051750.44,Works,NCB,In-Progress
3-BMC/2078/079/G/NCB/3,Bharatpur Metropolitian City Office,Procurement of Stationery-Masland related Goods.,6575074.50,Goods,NCB,Completed
38-BMC/2078/079/W/NCB/105,Bharatpur Metropolitian City Office,Blacktopped road construction (Patlaharu Tharu Village to Panchakanya Chowk) at BMC 22,2372651.72,Works,NCB,In-Progress
UDB-RUP/33704013/NCB/077-78/44,"Urban Development and Building Office, Rupandehi","Construction of Truss Building at Prithivi Chandra Hospital,Parasi,West Nawalparasi",12680837.85,Works,NCB,Completed
4-BMC/2078/079/G/NCB/4,Bharatpur Metropolitian City Office,"Procurement of Printed Forms and Documents for Office, BMC",1886094.30,Goods,NCB,Completed
5-BMC/2078/079/W/NCB/7,Bharatpur Metropolitian City Office,Blacktopped Road Construction on Bharatpur ward no. 15.(Ghumaune chowk Yelauli chowk-Suryanagar School-Suryaratna Chowk Road Sectio,41846863.96,Works,NCB,In-Progress
6-BMC/2078/079/W/NCB/8,Bharatpur Metropolitian City Office,"Blacktopped Road Maintenance and Rigid Pavement Works at Different Ward of Bharatpur Metropolitan city.""",63782797.13,Works,NCB,In-Progress
UDB-RUP/350000194/077-78/48,"Urban Development and Building Office, Rupandehi","Province Library Building Construction Work,Butwal-12,Rupandehi",28842011.76,Works,NCB,In-Progress
8-BMC/2078/079/W/NCB/10,Bharatpur Metropolitian City Office,"Gravel Road Maintenance and Filling Works at Different ward of Bharatpur Metropolitan City.""",16253920.00,Works,NCB,In-Progress
42-BMC/2078/079/W/NCB/125,Bharatpur Metropolitian City Office,"Blacktopped Road Construction from South of Nahar Chowk to Rajendra Sankhi's House, BMC-14",2528763.16,Works,NCB,Completed
42-BMC/2078/079/W/NCB/126,Bharatpur Metropolitian City Office,Construction of Blacktop ped Roads in different Toles of BMC-7,9026258.36,Works,NCB,In-Progress
UDB-RUP/35000014/NCB/076-77/47,"Urban Development and Building Office, Rupandehi","Construction of Academic (Block A and B) & Hostel (Girls Block and Boys Block) Building, Kanti Ma. Vi., Butwal-4, Kantipath, Rupandehi",136501957.59,Works,NCB,Completed
24-BMC/2078/079/W/NCB/64,Bharatpur Metropolitian City Office,"Blacktopped Road Construction At Ward no 2, (sichaai)",3535572.25,Works,NCB,Completed
UDB-RUP/34701013/NCB/078-79/39,"Urban Development and Building Office, Rupandehi","Building Construction Works of Water Supply & Sanitation Division Office at Yogikuti, Rupandehi.",16188101.93,Works,NCB,In-Progress
43-BMC/2078/079/G/SQ/127,Bharatpur Metropolitian City Office,Supply and Delivery of NP3 Hume Pipes Of Different Sizes At BMC(1-29),1735397.50,Goods,Sealed Quotation,Completed
8-BMC/2078/079/G/NCB/11,Bharatpur Metropolitian City Office,Supply and Delivery of NP3 Hume Pipe at Bharatpur Metropolitan City,3012693.00,Goods,NCB,Completed
24-BMC/2078/079/W/NCB/65,Bharatpur Metropolitian City Office,"""Madhybindu Tole Bikas Sanstha Antargat Purba Ganesh Chowksamma Kalopatre Nirman Kaary, BMC 07""",3703298.72,Works,NCB,Completed
43-BMC/2078/079/W/NCB/129,Bharatpur Metropolitian City Office,"Blacktopped Road Construction (Namaste Chowk Purba Sadak), BMC-14",2445101.62,Works,NCB,Completed
9-BMC/2078/079/W/NCB/12,Bharatpur Metropolitian City Office,Construction of Surface Drainage System in BMC-10,6902223.68,Works,NCB,Completed
25-BMC/2078/079/W/SQ/67,Bharatpur Metropolitian City Office,"Road Construction Works At Prerana Marga, Baikuntha path, BMC-4",729062.89,Works,Sealed Quotation,Completed
43-BMC/2078/079/W/NCB/130,Bharatpur Metropolitian City Office,"Drainage and Blacktopped Road Construction , BMC-10 (Purano Synergy Chowk Dekhi Naya Synergy chowk samma)",2530618.28,Works,NCB,Completed
25-BMC/2078/079/W/NCB/68,Bharatpur Metropolitian City Office,"Construction Of RCC Box Culvert , Ward no 1 Devghat",2347724.61,Works,NCB,Completed
9-BMC/2078/079/W/NCB/13,Bharatpur Metropolitian City Office,Blacktopped Road Construction at Bharatpur Ward No. 22,6309690.18,Works,NCB,In-Progress
43-BMC/2078/079/W/SQ/131,Bharatpur Metropolitian City Office,"Blacktopped Road Construction (Shital Path Prakash Tiwariko Ghar Line), BMC-9",1623640.50,Works,Sealed Quotation,Completed
24-BMC/2078/079/W/NCB/69,Bharatpur Metropolitian City Office,"Police chauki agadiko bato slab dhalan (Devghat, BMC 1)",1659577.33,Works,NCB,Completed
9-BMC/2078/079/W/NCB/14,Bharatpur Metropolitian City Office,"Construction Of Additional Storey On Existing Ward Office Building , Ward No.22",7151887.80,Works,NCB,In-Progress
9-BMC/2078/079/G/NCB/15,Bharatpur Metropolitian City Office,"Supply and Delivery of Furniture and Fixtures at Bharatpur Metropolitan City.""",10010670.00,Goods,NCB,Completed
11-BMC/2078/079/G/SQ/17,Bharatpur Metropolitian City Office,Supply and Delivery of Concrete Ring as per Specification at Bharatpur Metropolitan City.,1630092.80,Goods,Sealed Quotation,Completed
RE-11-BMC/2078/079/G/SQ/18,Bharatpur Metropolitian City Office,Supply and Delivery of Ladies Bicycle as per Specification at Bharatpur Metropolitan City Office.,1457355.35,Goods,Sealed Quotation,Completed
DBCRP/33701121/078/79-02,Dumre-Besishahar-Chame Road Project,"Reactive Maintenance works on Dumre Besishahar Road [Ch: 8+300=9+500], Tanahun",11365873.58,Works,NCB,In-Progress
11-BMC/2078/079/W/SQ/19,Bharatpur Metropolitian City Office,Construction of Costumer Waiting House at Bharatpur Metropolitan City Office Premises.,1205440.50,Works,Sealed Quotation,Completed
DBCRP/33701121/078/79-03,Dumre-Besishahar-Chame Road Project,"Reactive Maintenance works on Dumre Besishahar Road [Ch:- 9+500-12+000], Tanahun",10935903.44,Works,NCB,In-Progress
11-BMC/2078/079/W/SQ/20,Bharatpur Metropolitian City Office,"Different Construction works at Balkumari Sabji Mandi ,Bharatpur-2",1471487.11,Works,Sealed Quotation,In-Progress
12-BMC/2078/079/W/SQ/21,Bharatpur Metropolitian City Office,"Construction of Blacktopped road in Namuna Marga (Toyanath Bhattarai House to Adhikari House), Ward no-11",1872410.00,Works,Sealed Quotation,Completed
DBCRP/33701121/078/79-04,Dumre-Besishahar-Chame Road Project,"Reactive Maintenance works on Dumre Besishahar Road [Ch: 12+000-15+000], Tanahun",10890689.42,Works,NCB,In-Progress
13-BMC/2078/079/W/NCB/22,Bharatpur Metropolitian City Office,"Blacktopped Road Construction from Ankur Jabara-Suk Nepali to Aas BK house, Ward no 22",3165259.20,Works,NCB,In-Progress
14-BMC/2078/079/W/SQ/24,Bharatpur Metropolitian City Office,"Mosaic Tiles work in Sarada Ma. Vi., Ward no 19",1099351.35,Works,Sealed Quotation,Completed
14-BMC/2078/079/G/SQ/25,Bharatpur Metropolitian City Office,Procurement of Warm Clothes,1423839.55,Goods,Sealed Quotation,Completed
15-BMC/2078/079/W/NCB/26,Bharatpur Metropolitian City Office,Blacktopped Road Construction in Ward no 6 (East of Gitanagar Healthpost and South of Khageri Nahar),5349537.79,Works,NCB,Completed
15-BMC/2078/079/W/NCB/27,Bharatpur Metropolitian City Office,"Blacktopped Road Construction in Rana Tole, BMC-18",2723539.83,Works,NCB,In-Progress
15-BMC/2078/079/W/NCB/28,Bharatpur Metropolitian City Office,Blacktopped Road Construction in Ward no 7 (Ujwol tole 22 no. Marga and Saptagandaki tole Khadananda Marga),5034206.50,Works,NCB,Completed
16-BMC/2078/079/W/NCB/29,Bharatpur Metropolitian City Office,"Additional Storey Construction in Sashinagar Ma.Vi., Ward No-18",3123211.07,Works,NCB,Completed
16-BMC/2078/079/W/SQ/30,Bharatpur Metropolitian City Office,"Blacktopped Road Construction in Sundar Tole Marga no. 6 and 14, BMC-7",1496446.57,Works,Sealed Quotation,Completed
16-BMC/2078/079/W/SQ/31,Bharatpur Metropolitian City Office,"Construction of Road using mosaic tiles in BMC-9 (Keshav Chalise House Line)""",848969.00,Works,Sealed Quotation,Completed
16-BMC/2078/079/W/SQ/33,Bharatpur Metropolitian City Office,"Maintenance Works and Painting of Office Building, BMC",1513733.24,Works,Sealed Quotation,Completed
16-BMC/2078/079/W/NCB/34,Bharatpur Metropolitian City Office,"Construction of School Building (First Floor) in Narayani Model Secondary School, BMC-10",5365394.58,Works,NCB,Completed
17-BMC/2078/079/W/NCB/35,Bharatpur Metropolitian City Office,"Construction of Four Room School Building,sajhapur,Bharatpur-28",3391180.57,Works,NCB,In-Progress
45-BMC/2078/079/W/NCB/133,Bharatpur Metropolitian City Office,Blacktopped Road Construction from Amulya Chowk to Ward no 23 territory,6489677.90,Works,NCB,In-Progress
RIDOPYU/NCB/078/79/12,"Road Infrastructure Development Office, Pyuthan",Upgrading of Bagdula-Damti Road (0+000 to 3+200),54177878.29,Works,NCB,In-Progress
25-BMC/2078/079/W/NCB/69,Bharatpur Metropolitian City Office,"Police chauki agadiko bato slab dhalan (Devghat, BMC 1)",1659577.33,Works,NCB,Completed
25-BMC/2078/079/W/NCB/70,Bharatpur Metropolitian City Office,"Construction of Stone Masonry Wall on Ganesthan Pungi Khola, BMC-11",1872836.64,Works,NCB,Completed
25-BMC/2078/079/W/NCB/71,Bharatpur Metropolitian City Office,"Construction of Gabion Works in Narayani River (Bhangalo) side, BMC-03",4868785.80,Works,NCB,Completed
26-BMC/2078/079/W/NCB/72,Bharatpur Metropolitian City Office,"Blacktopped Road Construction in Sanjivani Marga, BMC-10",3510420.03,Works,NCB,Completed
26-BMC/2078/079/W/NCB/73,Bharatpur Metropolitian City Office,"Truss and Different construction works in Ward office building, BMC 23",2732144.55,Works,NCB,Completed
17-BMC/2078/079/W/SQ/36,Bharatpur Metropolitian City Office,"Construction of RCC Canal at Bhuwanbasti Ghol,BMC-18",1259197.65,Works,Sealed Quotation,In-Progress
KRIP/33701134/078/79-10,Kathmandu Ringroad Improvement Project,Upgrading/Improvement of Service Track along Koteshwor Bhatbhateni to Manohara,14032469.44,Works,NCB,In-Progress
17-BMC/2078/079/W/SQ/38,Bharatpur Metropolitian City Office,Culvert Construction at Torikhet narayani Lift nahar ward no-5,1208974.22,Works,Sealed Quotation,Completed
RE-26-BHR/2078/079/W/SQ/076,Bharatpur Metropolitian City Office,Canal lining work at Bikash pokhari taal ward nm 21,469330.17,Works,NCB,Completed
27-BMC/2078/079/W/NCB/78,Bharatpur Metropolitian City Office,"""Blacktopped Road Construction (from Tham Prasad Tiwari's Chok to Nim Chok ward no. 24 & 25 Connecting upto yamu Bhandari's Ghar Chok)""",4702829.05,Works,NCB,Completed
17-BMC/2078/079/W/NCB/39,Bharatpur Metropolitian City Office,Construction of Additional Works on Commercial Building in BMC Ward no-21,6737827.20,Works,NCB,In-Progress
27-BMC/2078/079/W/NCB/79,Bharatpur Metropolitian City Office,"""Construction of Conference hall on the first floor of existing ward office Building,BMC 24""",3291020.12,Works,NCB,In-Progress
28-BHR/2078/079/W/NCB/80,Bharatpur Metropolitian City Office,"Construction of Culvert(Connecting Aananda Marga to Bharatpur ko oralo )over the Pungikhola ,BMC3",1812255.81,Works,NCB,In-Progress
18-BMC/2078/079/W/NCB/40,Bharatpur Metropolitian City Office,"Construction of Blacktopped Pavement in Narayani Irrigation Canal Road, BMC-06",12103816.50,Works,NCB,Completed
28-BHR/2078/079/W/NCB/81,Bharatpur Metropolitian City Office,Blacktopped road construction at Laxmipur marga & om shanti Marga Bmc ward no 04,2347596.60,Works,NCB,In-Progress
29-BMC/2078/079/W/NCB/82,Bharatpur Metropolitian City Office,construction of incomplete Building of Rastriya Ma.Bi. BMC 07,2754127.87,Works,NCB,In-Progress
31-BMC/2078/079/W/NCB/90,Bharatpur Metropolitian City Office,Blacktopped Road (Loktantrik Chok to Bishnu Chok) And Culvert Construction Works At BMC 18,7006447.71,Works,NCB,In-Progress
DBCRP/33701121/078/79-05,Dumre-Besishahar-Chame Road Project,"Reactive Maintenance works on Dumre Besishahar Road [Ch: 15+000-22+000], Tanahun",9706143.64,Works,NCB,In-Progress
31-BMC/2078/079/W/NCB/91,Bharatpur Metropolitian City Office,"Blacktopped Road Construction from Suk Bahadur's House Kavretole to Millineum Hatchery Tole, BMC-16",3094562.62,Works,NCB,In-Progress
DBCRP/33701121/078/79-06,Dumre-Besishahar-Chame Road Project,"Reactive Maintenance works on Dumre Besishahar Road [Ch: 22+000-26+500], Tanahun,Lamjung",10278447.68,Works,NCB,In-Progress
32-BMC/2078/079/G/NCB/92,Bharatpur Metropolitian City Office,Supply and Delivery of Machine and Equipment for Material Testing Laboratory at Bharatpur Metropolitan City,1597288.90,Goods,NCB,Completed
DBCRP/33701121/078/79-07,Dumre-Besishahar-Chame Road Project,"Construction of Box Culverts on Dumre Besishahar Road [Ch 26+000, Ch 27+200, Ch 28+800], Lamjung",11359229.12,Works,NCB,In-Progress
DBCRP/33701121/078/79-08,Dumre-Besishahar-Chame Road Project,"Construction of Box Culverts [Ch 36+150, 40+300] and Rigid Pavements [Ch 29+000, 40+800, 40+900] on Dumre Besishahar Road , Lamjung",12458591.35,Works,NCB,In-Progress
NCB/PTNMUN/W-10/2077/078,"Patan Municipality, Patan, Baitadi","Construction of Municipality Office Building Phase II, Patan,baitadi.",26858495.17,Works,NCB,In-Progress
30-BMC/2078/079/W/SQ/86-RE,Bharatpur Metropolitian City Office,"Blacktopped Road Construction Works At Samana Chowk Chocolate Factory, BMC-11",1005813.00,Works,Sealed Quotation,Completed
DBCRP/33701121/078/79-12,Dumre-Besishahar-Chame Road Project,"Road Maintenance Works with Improvement of Grade & Curve on Besishahar Chame Road [Ch 23+100], Syange, Lamjung",6444414.09,Works,NCB,In-Progress
18-BMC/2078/079/W/SQ/45,Bharatpur Metropolitian City Office,"Construction and Maintenance Works of B.P. Park in Nagarbaan, BMC-3",611855.45,Works,Sealed Quotation,Completed
19-BMC/2078/079/W/NCB/46,Bharatpur Metropolitian City Office,"""Surface Water Drain Construction in Siddhibinayak Tole Manakamana Marga, BMC-11""",2548942.86,Works,NCB,Completed
19-BMC/2078/079/W/NCB/47,Bharatpur Metropolitian City Office,"""Blacktopped Road Construction on Road from Amarjyoti School to South Territory of Ward no 13, BMC-6""",2155640.24,Works,NCB,Completed
21/KRM/BUILDING/2078/079,Kamal Rural Municipality,"Construction Of Basic Health Post Building, Ward No. 4",2117625.48,Works,NCB,In-Progress
21-BMC/2078/079/W/NCB/51,Bharatpur Metropolitian City Office,"Different Construction Works At Durga Sheshkanta Adhikari Ma.Vi, BMC-26",5387696.92,Works,NCB,Completed
DBCRP/33701121/078/79-10,Dumre-Besishahar-Chame Road Project,"Roadway Excavation, Landslide Protection, Culvert, Rigid Pavement and Retaining Wall Construction in Dumre Besisahar Chame Road [ch 19+100 to Ch 31+950], Lamjung",65548049.30,Works,NCB,In-Progress
21-BMC/2078/079/G/SQ/52-RE,Bharatpur Metropolitian City Office,Supply And delivery of Plastic Dustbins,923549.00,Goods,Sealed Quotation,Completed
21-BMC/2078/079/G/NCB/53,Bharatpur Metropolitian City Office,Supply and Delivery Of Computer and Electronics Goods,7261380.00,Goods,NCB,Completed
21-BMC/2078/079/G/NCB/54,Bharatpur Metropolitian City Office,"Supply and Delivery Of Electronics Goods, BMC",1540020.50,Goods,NCB,Completed
24//KRM/ROAD/2078/079,Kamal Rural Municipality,Construction Of Black Top Road On Chiseni Marga Ward No. 5,3885832.71,Works,NCB,In-Progress
22-BMC/2078/079/G/NCB/55,Bharatpur Metropolitian City Office,Procurement of equipment for Open Gym in BMC,2786580.00,Goods,NCB,Completed
22-BMC/2078/079/W/SQ/56,Bharatpur Metropolitian City Office,Maintenance of Livestock Service Centre in BMC-19,1220239.65,Works,Sealed Quotation,Completed
DBCRP/33701121/078/79-11,Dumre-Besishahar-Chame Road Project,"Roadway Excavation, Landslide Protection, Culvert, Rigid Pavement and Retaining Wall Construction in Dumre Besisahar Chame Road [ch 39+000 to Ch 58+200], Manang",61863092.86,Works,NCB,In-Progress
23-BMC/2078/079/W/NCB/62,Bharatpur Metropolitian City Office,"""Construction Of Road (Janoday ghimereko ghar dekhi ramchandra devkotako ghar hudai timilsena choksamma) At BMC 13""",4817084.89,Works,NCB,In-Progress
28/KRM/GABION/2078/079,Kamal Rural Municipality,"Construction Works For Protection Of Bridge On Dhyangri River, Ward No. 2",3448174.45,Works,NCB,In-Progress
24-BMC/2078/079/W/NCB/66,Bharatpur Metropolitian City Office,Seed Storage building construction Work at Bharatpur 14,9290502.00,Works,NCB,In-Progress
26-BMC/2078/079/W/NCB/74,Bharatpur Metropolitian City Office,Blacktopped Road Construction at Naharko dil dekhi shristichowk ward no 5,4962645.00,Works,NCB,Completed
DBCRP/33701121/078/79-09,Dumre-Besishahar-Chame Road Project,"Roadway Excavation, Landslide Protection, Culvert, Rigid Pavement and Retaining Wall Construction in Dumre Besisahar Chame Road [ch 8+400 to Ch 18+950], Lamjung",66249289.73,Works,NCB,In-Progress
26-BMC/2078/079/W/NCB/75,Bharatpur Metropolitian City Office,"Multi Cell RCC Box Culvert Construction, Ward no 29",3514192.00,Works,NCB,In-Progress
27-BMC/2078/079/W/NCB/77,Bharatpur Metropolitian City Office,"""Additional Storey Construction works On Existing Ward Office Building, BMC 17""",4213885.00,Works,NCB,In-Progress
DBCRP/33701121/078/79-13(Re),Dumre-Besishahar-Chame Road Project,"Rigid Pavements and RCC Retaining Works for River Side Road Protection at Chame , Manang [103+500]",42384359.51,Works,NCB,In-Progress
42/KRM/COMMUNITY/2078/079,Kamal Rural Municipality,"Construction Of Toilet and Internal Finishing work in Gauri shankhar siwalaya building, Ward No 5",1843123.79,Works,Sealed Quotation,In-Progress
BMO/Work/Bajura/NCB/05/078/79,"Badimalika Municipality, Bajura",Sarashowati Schoold Building Block B,1341316.33,Works,NCB,In-Progress
BTR/NCB/WORKS/C/10/076/077,Badhaiyatal Rural Municipality,Construction of Asphalt Concrete Road From Gabisa To Mankhola,70117998.17,Works,NCB,Completed
UDB-RUP/33704013/NCB/076-77/33,"Urban Development and Building Office, Rupandehi","Building Construction Work of Water Resource and Irrigation Division Office, West Nawalparasi",26328554.92,Works,NCB,Completed
UDB-RUP/33704013/NCB/076-77/46,"Urban Development and Building Office, Rupandehi","Construction of Library and Training Centre at Educational Training Centre, Bhairahawa , Rupandehi",11869472.87,Works,NCB,In-Progress
BMO/WORK/BAJURA/NCB/012/077-078,"Badimalika Municipality, Bajura",BMO/WORK/BAJURA/NCB/012/077-078,88726219.68,Works,NCB,In-Progress
03/NCB/GOODS/BRM/2078-79,Bijaynagar Rural Municipality,Procurement and Supply of Coloured CGI and GI Plain Sheets.,4362308.50,Goods,NCB,Completed
UDB-RUP/33704013/NCB/076-77/45,"Urban Development and Building Office, Rupandehi","Building Construction Works of Water Resource and Irrigation Development Division Office Building, Sandhikharka, Arghakhanchi",16865616.01,Works,NCB,Completed
32/KRM/TOILET/2078/079,Kamal Rural Municipality,Construction Of Toilet In Jyoti School Ward No. 4,646041.27,Works,Sealed Quotation,In-Progress
UDBO/ILAM/W/NCB/08/075-76,"Urban Development and Building Office, Ilam","Construction of police post cum Barrack Building, Mesh, Toilet, Septic tank,soak pit, water tank, Banjho,ilam",16470578.30,Works,NCB,Completed
MIPIII/BLDG/NCB-05/2078-79,Mahakali Irrigation Project-III Stage,"Construction of PD Quarter, SDE Quarter and Other related Works",16024332.39,Works,NCB,In-Progress
UDBO/ILAM/W/NCB/01/075-076,"Urban Development and Building Office, Ilam",Construction of Federation of Nepal Journalist office Building in Phidim,7738021.28,Works,NCB,Completed
BTRM/NCB/WORKS/C/01/2078/079,Badhaiyatal Rural Municipality,Construction of Earthen Dam & Clearance of Lake,38138552.53,Works,NCB,In-Progress
MIPIII/CAP/NCB-06/2078-79,Mahakali Irrigation Project-III Stage,Command Area Protection Works of Bagun Khola,35529450.11,Works,NCB,In-Progress
33/KRM/MASONARY/2078/079,Kamal Rural Municipality,Construction Of Protection Work in Chulachuli Danfe Agricultural Raod,998694.78,Works,Sealed Quotation,In-Progress
UDBO/ILAM/W/NCB/09/075-76,"Urban Development and Building Office, Ilam","Construction of police post cum barrack building, mesh, toilet,septic tank, soak pit, water tank,tinghare,ilam",14999848.95,Works,NCB,Completed
BTRM/NCB/WORKS/C/02/2078/79,Badhaiyatal Rural Municipality,Construction Of Asphalt Concrete Road From Mainapokhar To Jagatiya,52183458.10,Works,NCB,In-Progress
BTRM/NCB/WORKS/C/03/2078/079,Badhaiyatal Rural Municipality,Construction Of Asphalt Concrete Road From Pachasa To Bogatiya,52693099.17,Works,NCB,In-Progress
UDBO/ILAM/W/NCB/10/075-76,"Urban Development and Building Office, Ilam","Rabi Bazaar Dhal Nikaas Tatha Bazaar Kalo patre, Rabi, Miklajung Rural Municipality, paanchthar",60890289.70,Works,NCB,Completed
BTRM/NCB/WORKS/C/04/2078/079,Badhaiyatal Rural Municipality,Construction Of Asphalt Concrete Road From Ward No: 2 Office To Mankhola ( Phase 2; Extended From Shiva Chowk Towards Madan Chowk ),33200493.41,Works,NCB,In-Progress
W/GRM/NCB/03/2078-079,Geruwa Rural Municipality,Construction of blacktop road and other structure work at ekpriya ma vi- bhairampur road,3704140.02,Works,NCB,In-Progress
BTRM/NCB/WORKS/C/05/2078/079,Badhaiyatal Rural Municipality,Construction Of Asphalt Concrete Road From Madan Chowk To Shiva Chowk,3217653.24,Works,NCB,Completed
39/KRM/TOILET/2078/079,Kamal Rural Municipality,"Construction Of Siddhadevi School Building, Ward No 5",1145194.40,Works,Sealed Quotation,In-Progress
BTRM/NCB/GOODS/06/2078/079,Badhaiyatal Rural Municipality,PROCUREMENT OF FABRICATED STEEL PARTS FOR THE SITAPUR-PURAINA SUSPENSION BRIDGE,2895069.04,Goods,NCB,In-Progress
W/GRM/NCB/01/2078-079,Geruwa Rural Municipality,Construction of blacktop road and other structure work at janaknagar towards kanpur chowk road,14413296.28,Works,NCB,In-Progress
40/KRM/TOILET/2078/079,Kamal Rural Municipality,"Construction Of Toilet In Saraswati Ma Vi, Ward No. 7",1426290.84,Works,Sealed Quotation,In-Progress
16/NCB/WORKS/BRM/2078-79,Bijaynagar Rural Municipality,Mahadev-Dalpur-Nayabasti-Naurangiya-Jawavbairath kalopatre sadak (Phase II),3585064.68,Works,NCB,In-Progress
BTRM/NCB/WORKS/C/12/075/076,Badhaiyatal Rural Municipality,"Construction of Basic Health Service Center Building, Ward No 01",2949835.15,Works,NCB,In-Progress
KRMP/KLB/NCB/23/2076-2077,"Irrigation and Water Resource Management Project, Rajapur, Bardiya",KRMP/KLB/NCB/23/2076-2077,140344609.10,Works,NCB,Completed
DBCRP/33701121/077/78-003(Re),Dumre-Besishahar-Chame Road Project,"Construction of RCC Slab Culvert in Lower Timang Khola along Besisahar Chame Road, Manang",1286597.98,Works,NCB,Completed
BTRM/NCB/WORKS/C/03/2077/078,Badhaiyatal Rural Municipality,Construction Of Badhaiyatal rural Municipality Building,47509858.82,Works,NCB,In-Progress
17/NCB/WORKS/BRM/2078-79,Bijaynagar Rural Municipality,Tripalnagar-Jawabairath Sadak Staronnati Tatha Kalopatre (Phase II),6478205.18,Works,NCB,In-Progress
BTRM/NCB/WORKS/02/077/078,Badhaiyatal Rural Municipality,Construction of Asphalt Road Between Saulibazar To Mayurbasti Road,4184413.95,Works,NCB,In-Progress
DBCRP/33701121/077/78-004(Re),Dumre-Besishahar-Chame Road Project,"Construction of RCC Slab Culvert in Upper Timang Khola along Besisahar Chame Road, Manang",1964016.94,Works,NCB,Completed
DBCRP/33701121/078/79-15,Dumre-Besishahar-Chame Road Project,Roadside Slope Disaster Management of Kharkhare Landslide II at Ch 3+030 (Besisahar Chame Road),33743350.08,Works,NCB,In-Progress
KRMP/KLB/NCB/MT-03/2077-2078,"Irrigation and Water Resource Management Project, Rajapur, Bardiya",KRMP/KLB/NCB/MT-03/2077-2078,119660616.51,Works,NCB,In-Progress
BTRM/NCB/WORKS/01/077/078,Badhaiyatal Rural Municipality,Construction of Multipurpose Seminar Hall Badhaiyatal Rural Municipality Building,7026050.01,Works,NCB,In-Progress
DBCRP/33701121/078/79-16,Dumre-Besishahar-Chame Road Project,Road Upgrading Works on Turture Thatipokhari Road from Approach Road of Marsyangdi River Bridge to Turture,7618548.31,Works,NCB,In-Progress
05/RM/NCB/W/2078/079,"Rajapur Municipality Office, Rajapur",Rajapur ward No 5 pahadipur dekhi ward no 10 lalpur Samma Blacktop Construction works.,45540956.91,Works,NCB,In-Progress
BTRM/NCB/WORKS/C/03/075/076,Badhaiyatal Rural Municipality,Construction of Asphalt Road from Simara To Futaha Road,43052684.75,Works,NCB,Completed
UDBO/DANG/NCB/WORKS/18-2078/79,"Urban Development & Building Office Ghorahi, Dang","Tulsipur 9,6 and 5 Basti Integrated Infrastructure Construction work. (Beluwa Tharkudanda Road, Sitalpur Road, Dumrigaun road, Rapti Regional Hospital etc. Different Road, Link Road and Drain Construc",101770668.00,Works,NCB,In-Progress
UDBO/ILAM/W/NCB/07/076-077,"Urban Development and Building Office, Ilam",Yasok Bazar Road Drainage and Pavement Work,116471945.36,Works,NCB,Completed
EM-01/078/079,"Irrigation and Water Resource Management Project, Rajapur, Bardiya",KRMP/KLB/NCB/EM-01/078/079,11196767.27,Works,NCB,Completed
EM-02/078/079,"Irrigation and Water Resource Management Project, Rajapur, Bardiya",KRMP/KLB/NCB/EM-02/078/079,11086430.00,Works,NCB,Completed
18/SQ/WORKS/BRM/2078-79,Bijaynagar Rural Municipality,Premnagar Gaun Bitra Sadak Kalopatre tatha staronnati (Phase II),1386114.69,Works,Sealed Quotation,Completed
19/NCB/WORKS/BRM/2078-79,Bijaynagar Rural Municipality,Mahadaiya-Mainari Sadak Kalopatre (Phase II),3684480.70,Works,NCB,In-Progress
EM-03/078/079,"Irrigation and Water Resource Management Project, Rajapur, Bardiya",KRMP/KLB/NCB/EM-03/078/079,11452329.65,Works,NCB,Completed
20/NCB/WORKS/BRM/2078-79,Bijaynagar Rural Municipality,Ganeshpur-Dodhari- Khuruhuriya- Premnagar sadak kalopatre Phase (II),2898553.95,Works,NCB,In-Progress
EM-04/078/079,"Irrigation and Water Resource Management Project, Rajapur, Bardiya",KRMP/KLB/NCB/EM-04/078/079,10295317.00,Goods,NCB,Completed
DKDRP/337011694/078-079/10,Dhangadhi Khutiya B.P Nagar Gadsera Dipayal Road Project,Upgrading of Roadway with Blacktop Surface and Structural Works,283074784.04,Works,NCB,In-Progress
21/NCB/WORKS/BRM/2078-79,Bijaynagar Rural Municipality,Construction of Municipality Level Health and Disaster Shelter Building Phase (II).,2558917.49,Works,NCB,Completed
21/NCB/GOODS/BRM/2078-79,Bijaynagar Rural Municipality,Purchase and Supply of Ladies Bicycle,3601797.03,Goods,NCB,Completed
DBCRP/33701121/077/78-07,Dumre-Besishahar-Chame Road Project,"Construction of Khanche Bhachok River Bridge, lamjung [RCC 1*20 m ]",39158325.85,Works,NCB,In-Progress
DKDRP/337011694/078-079/09,Dhangadhi Khutiya B.P Nagar Gadsera Dipayal Road Project,Upgrading of Roadway with Blacktop Surface and Structural Works,142018481.19,Works,NCB,In-Progress
NCB/PTNMUN/W-09/2077/78,"Patan Municipality, Patan, Baitadi",Conatruction of 15 Bed Basic Hospital Building,162505476.40,Works,NCB,In-Progress
BTRM/NCB/WORKS/C/14/075/076,Badhaiyatal Rural Municipality,"Construction of Basic Health Service Building, Ward no-05",2602694.18,Works,NCB,In-Progress
2078/079-01,Dhangadhi Khutiya B.P Nagar Gadsera Dipayal Road Project,Construction of Mateli River Bridge,32615546.01,Works,NCB,In-Progress
NCB/PTNMUN/W-06/2077/078,"Patan Municipality, Patan, Baitadi",Construction of Sigas Ma.Bi School Building Gaurishankhar Pokhari Ptn Mun Ward No.03,4409207.10,Works,NCB,In-Progress
DBCRP/33701121/077/78-005,Dumre-Besishahar-Chame Road Project,"Construction of Single Lane Bailey Bridge in Puma Khola after dismanteling and Transportation of the Bridge in Bhalam Khola , Lamjung",2421154.50,Works,NCB,Completed
NCB/PTNMUN/W-07/2077/78,"Patan Municipality, Patan, Baitadi",CONSTRUCTION OF CIVIL WORK OF SURNAYA JOLABAJ TOLI lIFT PROJECT Stage 1,3255490.30,Works,NCB,In-Progress
BTRM/NCB/WORKS/C/15/075/076,Badhaiyatal Rural Municipality,"Construction of Basic Health Service Building, Ward no-05",2654534.37,Works,NCB,In-Progress
DKDRP/337011694/077/78-02,Dhangadhi Khutiya B.P Nagar Gadsera Dipayal Road Project,Upgrading of Roadway with Blacktop Surface and Structural Works,160767229.54,Works,NCB,In-Progress
2078/079-02,Dhangadhi Khutiya B.P Nagar Gadsera Dipayal Road Project,Construction of Chaukigada River Bridge,47033028.66,Works,NCB,In-Progress
DBCRP/33701121/077/78-006,Dumre-Besishahar-Chame Road Project,"Upgrading of Besishahar Chame Road [Ch: 0+100- Ch:7+800], Lamjung",253213196.46,Works,NCB,In-Progress
METRO/BHR/W/NCB/27/077/078,Bharatpur Metropolitian City Office,Blacktopped Road Maintenance and Reconstruction Works at Different Ward of Bharatpur Metropolitan City-Package 1,18266129.91,Works,NCB,Completed
2078/079-03,Dhangadhi Khutiya B.P Nagar Gadsera Dipayal Road Project,Construction of Chepte River Bridge,29716042.52,Works,NCB,In-Progress
METRO/BHR/W/NCB/32/077/078,Bharatpur Metropolitian City Office,Blacktopped Road Construction Work from Khemlal Danda to Beluwachowk and remaining part of Belghatta at Bharatpur-17,8143520.73,Works,NCB,In-Progress
DKDRP/337011694/077/78-01,Dhangadhi Khutiya B.P Nagar Gadsera Dipayal Road Project,Upgrading of Roadway with Blacktop Surface and Structural Works,185190499.06,Works,NCB,In-Progress
NBC/PTNMUN/GP-02/2077/078,"Patan Municipality, Patan, Baitadi","Supplying and fittinf of Electtromechanical Part Of Surnaya JOlabaj Toli Lift Irrigation Project Ward No.04,Baiatdi",5855370.00,Goods,NCB,In-Progress
Metro/Bhr/W/NCB/58/076/077,Bharatpur Metropolitian City Office,Construction of PCC With Meshjali at Ward No.3,1836649.46,Works,NCB,In-Progress
METRO/BHR/W/NCB/37/077/078,Bharatpur Metropolitian City Office,Blacktopped Road Construction from Meghauli Gate to Falahari Acharya's Home at Boarder of BMC 27 and 28.,3108712.84,Works,NCB,In-Progress
METRO/BHR/W/NCB/39/077/078,Bharatpur Metropolitian City Office,Blacktopped Road Construction from Munal Chowk to Boarder of ward 6 at Bharatpur 5.,17487743.42,Works,NCB,In-Progress
DBCRP/33701121/077/78-01,Dumre-Besishahar-Chame Road Project,"Upgrading of Dumre-Besishahar Road [Ch: 0+220- Ch:8+300], Tanahun",380986492.03,Works,NCB,In-Progress
2078/079-04,Dhangadhi Khutiya B.P Nagar Gadsera Dipayal Road Project,Construction of Kala River Lamagada Bridge,40502173.50,Works,NCB,In-Progress
Metro/Bhr/W/NCB/63/076/077,Bharatpur Metropolitian City Office,Blacktopped Road Construction Work At Ward No. 13,30721894.72,Works,NCB,In-Progress
KBGDRP/3373344/073-074/01,Dhangadhi Khutiya B.P Nagar Gadsera Dipayal Road Project,"Track opening (Earthwork, tree cutting), Retaining structures, drainage structures, sub-base Works etc.",235704272.10,Works,NCB,In-Progress
METRO/BHR/W/NCB/54/077/078,Bharatpur Metropolitian City Office,"Blacktopped Road Construction From south of Khageri Nahar to Khanal chowk at Bharatpur-15,Fulbari.",8460526.74,Works,NCB,In-Progress
BTRM/NCB/WORKS/C/06/075/076,Badhaiyatal Rural Municipality,Construction of asphalt road between pachasa kanthapur,37955346.67,Works,NCB,Completed
Metro/Bhr/W/NCB/88/076/077,Bharatpur Metropolitian City Office,"Construction of Public Toilet at Different ward (1, 12, 10) of BMC.",7268206.78,Works,NCB,Completed
02/S-02/PMO/NCB/2077/78,"Patan Municipality, Patan, Baitadi","Conatruction of Gujar Ma.Bi School Building Ward No.03,Baitadi",4269136.00,Works,NCB,In-Progress
KBGDRP/3373344/073-074/03,Dhangadhi Khutiya B.P Nagar Gadsera Dipayal Road Project,"Track opening (Earthwork, tree cutting), Retaining structures, drainage structures, sub-base Works etc.",61347703.39,Works,NCB,In-Progress
DRODOT/3373344/072-073/055,Dhangadhi Khutiya B.P Nagar Gadsera Dipayal Road Project,"Track opening (Earthwork, tree cutting), Retaining structures, drainage structures, sub-base Works etc.",90943229.76,Works,NCB,In-Progress
METRO/BHR/W/NCB/56/077/078,Bharatpur Metropolitian City Office,Blacktopped Road Construction From Sajhapur Namuna Chowk Upto Khem Dhakal House at Bharatpur-28.,6522625.63,Works,NCB,In-Progress
BMO/WORK/BAJURA/NCB/01/078-79,"Badimalika Municipality, Bajura",Saraswati School Bulding Construction A,2675298.31,Works,NCB,In-Progress
METRO/BHR/W/NCB/55/077/078,Bharatpur Metropolitian City Office,Blacktopped Road Construction From West of Ward Office Chowk Up to Shanta Bagaicha Chowk at Bharatpur-15,7222329.34,Works,NCB,In-Progress
2078/079-05,Dhangadhi Khutiya B.P Nagar Gadsera Dipayal Road Project,Construction of Nakuradi River Bridge,38275308.43,Works,NCB,In-Progress
METRO/BHR/W/NCB/57/077/078,Bharatpur Metropolitian City Office,Blacktopped Road Construction From Ward Office through Amar Ma. Vi. Upto Ram Mandir at Bharatpur-22.,15148795.08,Works,NCB,In-Progress
GGM/WOKRKS/NCB/24/2077/078,"Gauriganga Municipality, Chaumala Kailali",CONSTRUCTION OF 15 BED PRIMARY HOSPITAL,101749818.40,Works,NCB,In-Progress
METRO/BHR/W/NCB/59/077/078,Bharatpur Metropolitian City Office,Blacktopped Road Construction from south of Atithi party palace chowk up to Bishnu Chowk at Bharatpur 15,2591959.05,Works,NCB,In-Progress
KBGDRP/3373344/074-075/02,Dhangadhi Khutiya B.P Nagar Gadsera Dipayal Road Project,Black Top Surface (premix carpet),16050633.00,Works,NCB,In-Progress
GGM/WOKRKS/NCB/15/2077/078,"Gauriganga Municipality, Chaumala Kailali",ANDAIYA MUL SADAK KALOPATRE,2462132.76,Works,NCB,Completed
METRO/BHR/W/NCB/60/077/078,Bharatpur Metropolitian City Office,Blacktopped Road Construction From Bhawana Chowk Towards North 6 no. Sakha on Boarder of Bharatpur Ward 14 and 15.,7819613.95,Works,NCB,In-Progress
METRO/BHR/W/NCB/61/077/078,Bharatpur Metropolitian City Office,"Blacktopped Road Construction of Shree Krishna Marga,Naya Kiran Tole at Bharatpur-11.",1796240.09,Works,NCB,In-Progress
NCB/PTNMUN/W-02/2078/79,"Patan Municipality, Patan, Baitadi","Construction of Udayadeb Ma.Bi. School Building Patan Municipality Ward No.07,Baitadi",7303936.01,Works,NCB,In-Progress
16-BMC/2078/079/G/SQ/32-RE,Bharatpur Metropolitian City Office,"Procurement of Murti for Dhawaling Bouddha Gumba, BMC-17",644100.00,Goods,Sealed Quotation,Completed
2078/079-06,Dhangadhi Khutiya B.P Nagar Gadsera Dipayal Road Project,Construction of Salkot River Bridge,39718134.41,Works,NCB,In-Progress
RDDML/33701138/076/77-044,Dumre-Besishahar-Chame Road Project,Rehabilitation and Maintenance works on Dumre Besishahar Road ( 24+000-42+800),43679204.94,Works,NCB,Completed
METRO/BHR/W/NCB/64/077/078,Bharatpur Metropolitian City Office,Blacktopped with Drain Construction in Town School Road at Bharatpur ward no. 22.,6491006.14,Works,NCB,Completed
42-BMC/2078/079/G/SQ/128-RE,Bharatpur Metropolitian City Office,"Procurement of Murti for Gyanjyoti Bouddha Gumba, BMC-8",1135650.00,Goods,Sealed Quotation,In-Progress
NCB/PTNMUN/W-08/2078/79,"Patan Municipality, Patan, Baitadi","Construction of Udayadev Ma.Bi. School Building Part II ,Kimtoli Baitadi",2652588.38,Works,NCB,In-Progress
DKDRP/337011694/077-78-03,Dhangadhi Khutiya B.P Nagar Gadsera Dipayal Road Project,upgrading of road with cross drainage and structural works,11633779.41,Works,NCB,In-Progress
2078/079-07,Dhangadhi Khutiya B.P Nagar Gadsera Dipayal Road Project,Construction of Hatkholi River Bridge,51978145.40,Works,NCB,In-Progress
GGM/WOKRKS/NCB/21/2077/078,"Gauriganga Municipality, Chaumala Kailali",CONSTRUCTION OF SANKARPUR UTTAR DAKSHIN SADAK KALOPATRE,1477247.78,Works,NCB,Completed
NCB/PTNMUN/W-03/2078/79,"Patan Municipality, Patan, Baitadi","Construction of Basic Health Centre Building (Type 2) Ward No.07,Kimtoli",1595973.73,Works,NCB,In-Progress
RE-17-BMC/2078/079/G/NCB/37,Bharatpur Metropolitian City Office,Supply and Delivery of Tablets at BMC,2175250.00,Goods,NCB,Completed
DKDRP/337011694/077-78-04,Dhangadhi Khutiya B.P Nagar Gadsera Dipayal Road Project,upgrading of road with cross drainage and structural works,10324885.31,Works,NCB,In-Progress
DBCRP/33701121/077/78-002,Dumre-Besishahar-Chame Road Project,"Construction of RCC Slab Culvert and River Trainning Works in Belauti Bisauni Khola along Besishahar Chame Road , Lamjung",3117850.24,Works,NCB,Completed
GGM/WOKRKS/NCB/20/2077/078,"Gauriganga Municipality, Chaumala Kailali",CONTRUCTION OF DODA PUL DEKHI MASURIYA GAU,1230649.07,Works,NCB,Completed
NCB/PTNMUN/W-04/2078/79,"Patan Municipality, Patan, Baitadi","Upgrading Rehabitation and Construction of Dehimandu Basantpur Patan Road Ward No.05,Basantpur,Baitadi",5131846.13,Works,NCB,In-Progress
2078/079-08,Dhangadhi Khutiya B.P Nagar Gadsera Dipayal Road Project,Construction of Gwasi River Bridge,45061640.26,Works,NCB,In-Progress
NCB/PTNMUN/W-07/2078/79,"Patan Municipality, Patan, Baitadi","Upgrading Rehabitation and Construction Of Dehimandu Basantpur Patan Road Part II,Ward No.05,Basantpur,Baitadi",5130522.29,Works,NCB,In-Progress
GGM/WOKRKS/NCB/22/2078/79,"Gauriganga Municipality, Chaumala Kailali",CONSTRUCTION OF MALIKA MABI KO BHAWAN MAA TALA THAP NIRMAN KARYA,3608754.25,Works,NCB,Completed
19-BMC/2078/079/W/NCB/48,Bharatpur Metropolitian City Office,Widening and Upgrading of Road Section Gitanagar to Barkobot Chowk at Bharatpur 6 and 14.,33592381.46,Works,NCB,In-Progress
RE-23-BMC/2078/079/W/SQ/58,Bharatpur Metropolitian City Office,Mosaic Tile Interlocking Paving Work At BMC 11,648938.89,Works,Sealed Quotation,Completed
NCB/PTNMUN/W-01/2078/79,"Patan Municipality, Patan, Baitadi","Construction of Ward Office BUilding Ward No.05,Basantpur ,Baitadi",7125217.34,Works,NCB,In-Progress
23-BMC/2078/079/W/SQ/63,Bharatpur Metropolitian City Office,Construction Of Bhu. Pu. Sainik compound Wall and Gate,946866.72,Works,Sealed Quotation,Completed
BTRM/NCB/WORKS/C/04/075/076,Badhaiyatal Rural Municipality,Construction Of asphalt road between Bholagoudi to danfe,77394048.46,Works,NCB,Completed
DKDRP/337011694/077-78-05,Dhangadhi Khutiya B.P Nagar Gadsera Dipayal Road Project,upgrading of road with cross drainage and structural works,11001134.91,Works,NCB,In-Progress
DKDRP/337011694/077-78-06,Dhangadhi Khutiya B.P Nagar Gadsera Dipayal Road Project,upgrading of road with cross drainage and structural works,12312586.97,Works,NCB,In-Progress
06/RM/NCB/W/2078/079,"Rajapur Municipality Office, Rajapur",Ward No 4 Renisha Boarding School dekhi Shantipur chowk hudai Bhimmapur Barpipal Samma Road Construction works,9413100.68,Works,NCB,In-Progress
EM-02/077/078,"Irrigation and Water Resource Management Project, Rajapur, Bardiya",KRMP/KLB/NCB/EM-02/077/078,11285611.00,Works,NCB,In-Progress
07/RM/NCB/W/2078/079,"Rajapur Municipality Office, Rajapur",Ward no 2 ko chainpur dekhi Geruwa Rajapur simana Samma Black road construction works,9299696.70,Works,NCB,In-Progress
METRO/BHR/W/NCB/65/077/078,Bharatpur Metropolitian City Office,Blacktopped Road Construction at Bharatpur ward no. 20,5323114.49,Works,NCB,In-Progress
GGM/WORKS/NCB/23/2078/79,"Gauriganga Municipality, Chaumala Kailali",CONSTRUCTION OF SCHOOL BUILDING OF JANAJRITI AAVI,3133197.24,Works,NCB,Completed
BTRM/NCB/WORKS/C/01/075/076,Badhaiyatal Rural Municipality,Construction of Asphalt Road between Bholagoudi to Badhaityatal,31161430.30,Works,NCB,Completed
08/RM/NCB/W/2078/079,"Rajapur Municipality Office, Rajapur",Ward No 2 Jotpur simana dekhi ward No 5 Pahadipur hudai ward No 8 khalla tole hulaki sadak Samma Blacktop road construction works.,9757001.47,Works,NCB,In-Progress
METRO/BHR/W/NCB/67/077/078,Bharatpur Metropolitian City Office,Blacktopped Road Construction From East of Guman Singh B.K Chowk upto boarder of ward 5 at Bharatpur 15.,8173632.81,Works,NCB,In-Progress
METRO/BHR/W/NCB/68/077/078,Bharatpur Metropolitian City Office,"Blacktopped Road Construction at Bharatpur Ward no. 6,14 and 21.",10564807.10,Works,NCB,In-Progress
GGM/WORKS/NCB/24/2078/79,"Gauriganga Municipality, Chaumala Kailali",CONSTRUCTION OF SWASTHYA EKAI KO LAGI BIRTHING CENTRE,2081764.93,Works,NCB,Completed
METRO/BHR/W/NCB/75/077/078,Bharatpur Metropolitian City Office,Blacktopped Road Construction at Bharatpur ward no. 6 and 5,11592660.71,Works,NCB,In-Progress
METRO/BHR/W/NCB/ 81/077/078,Bharatpur Metropolitian City Office,Culvert Construction works at Bharatpur Ward No. 27 and 28.,4746495.33,Works,NCB,Completed
METRO/BHR/W/NCB/83/077/078,Bharatpur Metropolitian City Office,Blacktopped Road Construction from South of Triveni Chowk Up to Canal at Ward No. 5,4594039.43,Works,NCB,In-Progress
METRO/BHR/W/NCB/94/077/078,Bharatpur Metropolitian City Office,"Construction Of Additional Storey On Existing Ward Office Building , Ward No.6",2334339.07,Works,NCB,In-Progress
02/72/73,"Irrigation and Water Resource Management Project, Rajapur, Bardiya",KRTP/KLB15/2072/73,87495165.88,Works,NCB,In-Progress
GGM/WORKS/NCB/17/2078/79,"Gauriganga Municipality, Chaumala Kailali",KHAPTAD BAHUMUKHI CAMPUS VAWAN NIRMAN,4848551.40,Works,NCB,Completed
METRO/BHR/W/NCB/112/077/078,Bharatpur Metropolitian City Office,Construction of Basic Health Care Center-Type 1 at BMC-7,4533676.33,Works,NCB,In-Progress
DBCRP/33701121/078/79-01,Dumre-Besishahar-Chame Road Project,Emergency works at Besishahar Cahme Road Manang Sector [Track Opening works] [Ch: 35+000-50+000],9217163.35,Works,NCB,Completed
METRO/BHR/W/NCB/113/077/078,Bharatpur Metropolitian City Office,Construction of Basic Health Care Center-Type 1 at BMC-12,4533676.33,Works,NCB,In-Progress
METRO/BHR/W/NCB/114/077/078,Bharatpur Metropolitian City Office,Construction of Basic Health Care Center-Type 1 at BMC-18,4533676.33,Works,NCB,In-Progress
METRO/BHR/W/NCB/115/077/078,Bharatpur Metropolitian City Office,Construction of Basic Health Care Center-Type 1 at BMC-20,4669798.51,Works,NCB,In-Progress
DBCRP/33701121/078/79-14,Dumre-Besishahar-Chame Road Project,Roadside Slope Disaster Management of Kharkhare Landslide at Ch 3+150 (Besisahar Chame Road),164839174.37,Works,NCB,In-Progress
METRO/BHR/W/NCB/116/077/078,Bharatpur Metropolitian City Office,Construction of Basic Health Care Center-Type 1 at BMC-24,4669798.51,Works,NCB,In-Progress
METRO/BHR/W/NCB/117/077/078,Bharatpur Metropolitian City Office,Construction of Basic Health Care Center-Type 1 at BMC-28,4669798.51,Works,NCB,In-Progress
GGM/WORKS/NCB/25/2078/79,"Gauriganga Municipality, Chaumala Kailali",CONSTRUCTION OF SAFE HOUSE GAURIGANGA 4 RAJIPUR,2657855.34,Works,NCB,Completed
METRO/BHR/W/NCB/118/077/078,Bharatpur Metropolitian City Office,Construction of Basic Health Care Center-Type 1 at BMC-13,4669798.51,Works,NCB,In-Progress
METRO/BHR/W/NCB/119/077/078,Bharatpur Metropolitian City Office,"Blacktopped Road Construction from Birendra Chowk to Mahendra Chowk, BMC 14",11556616.99,Works,NCB,In-Progress
METRO/BHR/W/NCB/127/077/078,Bharatpur Metropolitian City Office,Blacktopped road maintenance work- package 6,14818875.94,Works,NCB,In-Progress
CTP-12/078/79,Suspension Bridge Division (SBD),"Fabrication, Supply, Transportation, Construction and Erection of Pingdada Dadakharka Trail Bridge",17084915.22,Works,NCB,In-Progress
METRO/BHR/W/NCB/131/077/078,Bharatpur Metropolitian City Office,Construction of Blacktopped road and drain in Kachpache Chowk at ward no. 4,2375798.20,Works,NCB,In-Progress
GGM/WOKRKS/NCB/11/2078/79,"Gauriganga Municipality, Chaumala Kailali",AMAI KO GHAR DEKHI AITHA CHOWK SAMMA SADAK KALOPATRE,3248375.96,Works,NCB,Completed
GGM/WOKRKS/NCB/12/2078/79,"Gauriganga Municipality, Chaumala Kailali",MANGALPUR CHOWK DEKHI CHANAURA SADAK KALOPATRE,1308244.16,Works,NCB,In-Progress
13/RM/NCB/W/2078/079,"Rajapur Municipality Office, Rajapur",Ward No 1 ward office jane sadak Black top,11162368.36,Works,NCB,In-Progress
METRO/BHR/W/NCB/139/077/078,Bharatpur Metropolitian City Office,Road Construction Towards Concrete Factory Near Jagannath Chowk at Bharatpur-4.,2276215.50,Works,NCB,In-Progress
METRO/BHR/W/NCB/140/077/078,Bharatpur Metropolitian City Office,Road Construction towards west of Chaurali Chowk at Bharatpur-8,1999306.34,Works,NCB,In-Progress
14/RM/NCB/W/2078/079,"Rajapur Municipality Office, Rajapur",Ward No 3 ward office jane sadak Black top,7841899.19,Works,NCB,In-Progress
METRO/BHR/W/NCB/148/077/078,Bharatpur Metropolitian City Office,Blacktopped Road Construction of Section Shantichowk-Chhaari Chowk and Bhetghat Chowk-Suryadya chowk at Bharatpur Ward no. 16,2989230.81,Works,NCB,In-Progress
DRODML/337154-4/073/74-178,Dumre-Besishahar-Chame Road Project,Roadway Upgrading works along Besishahar Chame Road in Manang District.,239992790.59,Works,NCB,Completed
METRO/BHR/W/NCB/141/077/078,Bharatpur Metropolitian City Office,Blacktopped Road Construction on Pipal chowk-Rahar Chowk Road Section at Bharatpur-8,1844042.24,Works,NCB,In-Progress
GGM/WOKRKS/NCB/03/2078/79,"Gauriganga Municipality, Chaumala Kailali",JHIL KO BICH TOL BAATA PASCHIM JANE SADAK KALOPATRE,1160415.07,Works,NCB,Completed
15/RM/NCB/W/2078/079,"Rajapur Municipality Office, Rajapur",Dhobinpur dekhi phattepur hudai Puraina samma RCC wall and road upgrading works,11212030.21,Works,NCB,In-Progress
KRTP/Dhanusha/Kiratpur/RB/RTW-01/2078-079,Kamala River Training Project,KRTP/Dhanusha/Kiratpur/RB/RTW-01/2078-079,51308127.71,Works,NCB,In-Progress
KRTP/Dhanusha/Paterwa/RB/RTW-02/2078-079,Kamala River Training Project,KRTP/Dhanusha/Paterwa/RB/RTW-02/2078-079,31320787.30,Works,NCB,In-Progress
MIPIII/CAP/NCB-07/2078-79,Mahakali Irrigation Project-III Stage,Command Area Protection Works of Jogbuda River,119285548.57,Works,NCB,In-Progress
MIPIII/TMC/NCB-09/2078-79,Mahakali Irrigation Project-III Stage,Canal Slope (0+000 to 0+220) and Command area Protection Work along Gahatadi Stream,11922140.71,Works,NCB,In-Progress
GGM/WORKS/SQ/01/2078/79,"Gauriganga Municipality, Chaumala Kailali",KUCHAINI LAXMI CHOWK DEKHI GHAATGADDI HUDAI BETAINE SADAK KALOPATRE,1524701.93,Works,Sealed Quotation,Completed
METRO/BHR/W/NCB/149/077/078,Bharatpur Metropolitian City Office,Road Maintenance work from Airport gate to Bypass road,6016120.00,Works,NCB,In-Progress
37-BMC/2078/079/G/NCB/100,Bharatpur Metropolitian City Office,Procurement of Ayurvedic Medicines for Bharatpur Metropolitan City,4330700.00,Goods,NCB,Completed
METRO/BHR/W/NCB/151/077/078,Bharatpur Metropolitian City Office,Construction of Nepal Scout Building in BMC-10,3287171.47,Works,NCB,Completed
37-BMC/2078/079/G/NCB/101,Bharatpur Metropolitian City Office,"Procurement of Medicines, BMC",4973185.00,Goods,NCB,Completed
GGM/WORKS/SQ/03/2078/79,"Gauriganga Municipality, Chaumala Kailali",SANKARPUR DAKSHIN HUDAI JHOPU SAMMA SADAK KALOPATRESANKARPUR DAKSHIN HUDAI JHOPU SAMMA SADAK KALOPATRESANKARPUR DAKSHIN HUDAI JHOPU SAMMA SADAK KALOPATRE,1073659.33,Works,Sealed Quotation,Completed
METRO/BHR/W/NCB/152/077/07,Bharatpur Metropolitian City Office,"Blacktopped Road Construction at Bharatpur 7 and 3(Katahar Chowk marga 4, Kantinagar Tole,Bagbani tole marga 7,Srijana Tole Ambar Marga and Shanti Marga )",3693997.00,Works,NCB,Completed
39-BMC/2078/079/W/NCB/109,Bharatpur Metropolitian City Office,"Construction Of Health Post Building and Boundary Wall At Jaldevi, BMC-11",2300121.44,Works,NCB,In-Progress
METRO/BHR/W/NCB/153/077/078,Bharatpur Metropolitian City Office,"Construction of Sub-base in Bhagauli Tole Bikas, BMC-25",2017671.50,Works,NCB,Completed
W/GRM/NCB/10/2078-079,Geruwa Rural Municipality,Construction of Boundary wall with mesh wire at the bank of Geruwa-Karnali River,9885599.00,Works,NCB,In-Progress
W/GRM/NCB/04/2078-079,Geruwa Rural Municipality,Construction of Blacktop road and other structures at shantibazar-khutena road,3567965.79,Works,NCB,In-Progress
METRO/BHR/W/SQ/154/077/078,Bharatpur Metropolitian City Office,Construction of Krishnapur Health Centre (North from Buddha Chowk),1348801.97,Works,Sealed Quotation,In-Progress
METRO/BHR/W/NCB/155/077/078,Bharatpur Metropolitian City Office,"Blacktopped Road Construction in Marsyangdi Tole Marga 15, BMC-7",1872726.25,Works,NCB,Completed
METRO/BHR/W/NCB/142/077/078,Bharatpur Metropolitian City Office,Blacktopped Road Construction at Different Ward of Bharatpur Metropolitan City-Package 2.,63280000.00,Works,NCB,In-Progress
39-BMC/2078/079/W/NCB/110,Bharatpur Metropolitian City Office,"Blacktopped Road Construction (Sitamaai Sadak Bata Navyug Boarding Hudai Sitamaai Sadaksamma), BMC 06",2722173.73,Works,NCB,In-Progress
BM/NCB/W/Park/077-078,"Beni Municipality Office of Municipal Executive,Beni ,Myagdi","Construction Of Rawan Park, Beni Mun-5,Pulashram",17677563.91,Works,NCB,In-Progress
39-BMC/2078/079/W/NCB/112,Bharatpur Metropolitian City Office,Blacketopped road construction works ( From Balkaji Gurungs home to south chanauli) at BMC 18,2500194.50,Works,NCB,In-Progress
W/GRM/NCB/02/2078-079,Geruwa Rural Municipality,Construction of Blacktop road and other structure at patabhar Baluwatar-Shantibazar road,15192846.85,Works,NCB,In-Progress
39-BMC/2078/079/W/NCB/113,Bharatpur Metropolitian City Office,School Building Construction Works (Shree Janaki Maa. Vi.) BMC 27,3975705.90,Works,NCB,Completed
BM/NCB/Ws/01/078-79,"Beni Municipality Office of Municipal Executive,Beni ,Myagdi","JAMUNAKHARKA WATER SUPPLY PROJECT (EK GHAR EK DHARAA FOTE,RAWADA,SALLERI AREA)",3438211.40,Works,NCB,Completed
W/GRM/NCB/09/2078-079,Geruwa Rural Municipality,Pashupati ma vi school ma prabidhik bhawan nirman,4059903.68,Works,NCB,In-Progress
KRTP/Siraha/ItariParsahi/LB/RTW-03/2078-079,Kamala River Training Project,KRTP/Siraha/ItariParsahi/LB/RTW-03/2078-079,26570024.12,Works,NCB,In-Progress
BM/NCB/Ws/03/078-79,"Beni Municipality Office of Municipal Executive,Beni ,Myagdi",KHABARA WATER SUPPLY PROJECT,6211165.59,Works,NCB,Completed
W/GRM/NCB/13/2077-078,Geruwa Rural Municipality,Boundary work with mesh wire at the bank of geruwa river,11766526.00,Works,NCB,In-Progress
39-BMC/2078/079/W/NCB/114,Bharatpur Metropolitian City Office,"School Building Construction Works (Shree Sarada Ma. Vi.), BMC 19",3572654.20,Works,NCB,Completed
BM/NCB/Ws/04/078-79,"Beni Municipality Office of Municipal Executive,Beni ,Myagdi",GAUSHWARA TAMANE WATER SUPPLY PROJECT,3742771.43,Works,NCB,Completed
39-BMC/2078/079/W/NCB/115,Bharatpur Metropolitian City Office,"School Building Construction Works (Shree Amar Ma. Vi.), BMC 22",4103716.14,Works,NCB,Completed
W/GRM/NCB/11/2078-079,Geruwa Rural Municipality,Construction of Ek-priya ma vi school building and boundary wall (phase-2),8886765.82,Works,NCB,In-Progress
BM/NCB/Ws/02/078-79,"Beni Municipality Office of Municipal Executive,Beni ,Myagdi","JAMUNAKHARKA WATER SUPPLY PROJECT (EK GHAR EK DHARAA JAMUNAKHARKA,JAMRENI AREA)",7814100.42,Works,NCB,Completed
W/GRM/NCB/12/2078-079,Geruwa Rural Municipality,Construction of safe shelter house,3669232.61,Works,NCB,In-Progress
W/GRM/SQW/03/2078-079,Geruwa Rural Municipality,Construction of two room school building of ekpriya ma vi at patabhar,1331047.92,Works,Sealed Quotation,In-Progress
29-BMC/2078/079/W/NCB/84,Bharatpur Metropolitian City Office,"Maintenance works of Material Testing Laboratory,BMC 5",1101944.15,Works,Sealed Quotation,Completed
UDB-RUP/34701014/NCB/078-79/25,"Urban Development and Building Office, Rupandehi","Construction of Footpath and drain at Mayadevi -1 Pakadi Chauraha and Barohiya ,Kapilvastu",3400519.17,Works,NCB,In-Progress
W/GRM/SQW/09/2078-079,Geruwa Rural Municipality,Construction of culvert at khallagaun chihanghat,670643.03,Works,Sealed Quotation,In-Progress
UDB-RUP/33704012/NCB/077-78/39,"Urban Development and Building Office, Rupandehi","Remaining Infrastructure Works of Shyabhar Park at Sudhodhan-3,Rupandehi",11377433.25,Works,NCB,In-Progress
W/GRM/SQW/12/2078-079,Geruwa Rural Municipality,Baluwatar khel maidan nirman,1470201.65,Works,Sealed Quotation,In-Progress
17/RM/NCB/W/2078/079,"Rajapur Municipality Office, Rajapur",Bhansar chowk dekhi ram mandir Samma bato kalo patre,24905979.85,Works,NCB,In-Progress
W/GRM/NCB/05/2078-079,Geruwa Rural Municipality,Construction of Blacktop road and other structure at govindapur gola school road,4013145.10,Works,NCB,In-Progress
W/GRM/NCB/10/2077-078,Geruwa Rural Municipality,Construction of seed storage and processing building,2269080.84,Works,NCB,Completed
W/GRM/SQW/13/2077-078,Geruwa Rural Municipality,Coverd Hall Nirman,1458076.01,Works,Sealed Quotation,Completed
W/GRM/SQW/01/2078-079,Geruwa Rural Municipality,Loharpur sankatti kulo ma culvert nirman,540351.15,Works,Sealed Quotation,Completed
18/RM/NCB/W/2078/079,"Rajapur Municipality Office, Rajapur",Tediya Dalai kulo Bandhma Culvert nirman yojana,2710398.39,Works,NCB,In-Progress
W/GRM/NCB/07/2078-079,Geruwa Rural Municipality,Construction of gravel road and other structure,3881923.81,Works,NCB,Completed
IDO/CHT/W/NCB/56/077-78,Infrastructure Development Office Chitwan,Construction Work of the road from Trinetra Chowk - Chatra Subedi House to Dhungrekhola Bridge Joining Road,1680439.85,Works,NCB,In-Progress
IDO/CHT/W/NCB/132/078-79,Infrastructure Development Office Chitwan,Construction/Upgrading Work of: Chanauli BazarAmrit Chowk Dhurba Jagatpur Hudai Rapti Bridge Road,14210081.92,Works,NCB,In-Progress
19/RM/NCB/W/2078/079,"Rajapur Municipality Office, Rajapur",Ward No 9 Katarniya jane sadak kalopatre,4846524.57,Works,NCB,In-Progress
IDO/DDL/RMBTB/W/NCB/28/2078/079,"Infrastructure Development Office, Dadeldhura",Rajpur-Phaledi-Dhirkamandu Road(Chainage 11+000 to 14+000),8107316.30,Works,NCB,In-Progress
IDO/CHT/W/NCB/121/078-79,Infrastructure Development Office Chitwan,Construction of Pullar Amarbasti Devnagarpost 50 ft Road,2602272.23,Works,NCB,Completed
IDO/DDL/RMBTB/W/NCB/26/2078/079,"Infrastructure Development Office, Dadeldhura",Daijee-Lipna-Jogabuda-Chirkitte-Ghatal-Pokhara-Belapur-Dhungad-Bajhang (Pokhara-Belapur Section) Road,112680446.46,Works,NCB,In-Progress
PUDBC/Dang/Work/NCB/10/2077-078,"Federal Urban Development and Building Construction Office, Dang","Gadhawa New Town, Dang-Buddhajyoti school - Jhingaha Gaun - Buspark - Deukhuri Gaun - Hanti Pankhar - Rapti Bridge construction work",19648241.80,Works,NCB,In-Progress
IDO/DDL/RMBTB/W/NCB/27/2078/079,"Infrastructure Development Office, Dadeldhura",Sahajpur-Bogtan-Dipayal Road( Wayal-Gaguda- Tudagad Section),227675862.29,Works,NCB,In-Progress
HRM/BUILDING/NCB/11/2077/078,"Himali Rural Municipality, Bajura",10 Bed Hospital Construction Work,65455222.00,Works,NCB,In-Progress
IDO/CHT/W/SQ/137/078-79,Infrastructure Development Office Chitwan,Construction of Road from w-14 and w-21 border to Balkrishna Subedi house-Rangala Pokhari-Rohini Dev Dhakal house to Lamsal Chowk,947116.57,Works,Sealed Quotation,In-Progress
PUDBC/Dang/Works/NCB/11/2077-78,"Federal Urban Development and Building Construction Office, Dang",Upgradation of road to Batule Community Building of Bhingri New Town of Pyuthan District,25893599.00,Works,NCB,In-Progress
Udbo/Banke/Works/NCB/OPD-Blg.Ayurveda.Banke/078-079/24,"Urban Development and Building Office, Banke","Construction of Banke Ayurveda Hospital OPD & Panchkarm Building, Nepalgunj Banke",45217838.88,Works,NCB,In-Progress
IDO/CHT/W/NCB/122/078-79,Infrastructure Development Office Chitwan,Construction of Road from Ram Prasad Lamichhane house - Shivahari Adhikari - Land of Rishiram Subedi - Kerunga Ghol Road,1773010.43,Works,NCB,Completed
IDO/CHT/W/SQ/135/078-79,Infrastructure Development Office Chitwan,Construction/Upgrading of Slab Culvert and Drain on Ward office to Amar Ma. Vi Road,771539.48,Works,Sealed Quotation,In-Progress
KRTP/Sindhuli/Dakahabazar/LB/RTW-04/2078-079,Kamala River Training Project,KRTP/Sindhuli/Dakahabazar/LB/RTW-04/2078-079,20252714.21,Works,NCB,In-Progress
W/GRM/NCB/04/2077-078,Geruwa Rural Municipality,Construction of 10 BEDDED HOSPITAL IN MANAU,52470943.11,Works,NCB,In-Progress
IDO/DDL/PSR/W/NCB/11/2078/079,"Infrastructure Development Office, Dadeldhura",Construction of Bhatkada - Badal - Rel - Uchchhakot Sadak Dadeldhura,6212907.00,Works,NCB,Completed
20/RM/NCB/W/2078/079,"Rajapur Municipality Office, Rajapur",Ward No 2 Balabazar dekhi tharu saskritik sangralaya jane bato starunnati,4016335.27,Works,NCB,In-Progress
W/GRM/NCB/01/2077-078,Geruwa Rural Municipality,Construction of Blacktop road sichai road-janaknagar-kanpur,18641467.39,Works,NCB,Completed
W/GRM/NCB/14/2077-078,Geruwa Rural Municipality,Construction of Sahid smriti park at okhariya,35405599.27,Works,NCB,In-Progress
Goods/GRM/NCB/02/2078-079,Geruwa Rural Municipality,Procurment of ICT Equipment from mukhyamantri shaikshiksudar karyakaram,5109057.70,Goods,NCB,Completed
WRRDC/W/NCB/01/2078/79,Water Resources Research & Development Centre,Construction of Embankment Using Innovative River Technology ( Fabric Foam Concrete Mattress ) at Sauraha,69853424.80,Works,NCB,In-Progress
Goods/GRM/SQG/05/2078-079,Geruwa Rural Municipality,Supply and delivery of sanitary pads,998655.01,Goods,Sealed Quotation,Completed
Goods/GRM/NCB/01/2078-079,Geruwa Rural Municipality,Procurment of supply and delivary of medical and sergical equipment,817401.00,Goods,NCB,Completed
KRTP/Dhanusha/Lakkad/RB/RTW-05/2078-079,Kamala River Training Project,KRTP/Dhanusha/Lakkad/RB/RTW-05/2078-079,44962793.74,Works,NCB,In-Progress
KRTP/Siraha/Chikana/LB/RTW-06/2078-079,Kamala River Training Project,KRTP/Siraha/Chikana/LB/RTW-06/2078-079,40621595.39,Works,NCB,In-Progress
KRTP/Siraha/Chatari/LB/RTW-07/2078-079,Kamala River Training Project,KRTP/Siraha/Chatari/LB/RTW-07/2078-079,32110866.51,Works,NCB,In-Progress
KRTP/Siraha/Manpur/LB/RTW-08/2078-079,Kamala River Training Project,KRTP/Siraha/Manpur/LB/RTW-08/2078-079,45601039.71,Works,NCB,In-Progress
KRTP/Sindhuli/ChargharePhant/RB/RTW-09/2078-079,Kamala River Training Project,KRTP/Sindhuli/ChargharePhant/RB/RTW-09/2078-079,13623311.04,Works,NCB,Completed
KRTP/Sindhuli/Jagadi/RB/RTW-10/2078-079,Kamala River Training Project,KRTP/Sindhuli/Jagadi/RB/RTW-10/2078-079,25957382.25,Works,NCB,Completed
KRTP/Sindhuli/Madhubani Shreepur/RB/RTW-11/2078-079,Kamala River Training Project,KRTP/Sindhuli/Madhubani Shreepur/RB/RTW-11/2078-079,32740180.90,Works,NCB,In-Progress
KRTP/Sindhuli/MarlahiPhant/LB/RTW-12/2078-079,Kamala River Training Project,KRTP/Sindhuli/MarlahiPhant/LB/RTW-12/2078-079,28499597.12,Works,NCB,In-Progress
08/077/078/NCB,Butwal Sub-Metropolitan City,"Construction of Batauli Museum, Butwal-01, Rupandehi",68925256.07,Works,NCB,In-Progress
I-N/Kamala/LB-85/070-71,Kamala River Training Project,I-N/Kamala/LB-85/070-71,14805693.46,Works,NCB,Completed
50/076/077/NCB,Butwal Sub-Metropolitan City,"Design, Supply and Installation of Modern & Well Managed Slaughter House based on Continuous Powered System",221335996.13,Goods,NCB,In-Progress
18/077/078/NCB,Butwal Sub-Metropolitan City,"Improvement of Physical Infrastructures, Butwal-12",9297999.20,Works,NCB,In-Progress
27/077/78/NCB,Butwal Sub-Metropolitan City,"Reconstruction of Road and Drain with Footpath, Butwal 8,Tribhuwanpath , Rupandehi",18190955.71,Works,NCB,In-Progress
W/GRM/SQW/04/2078-079,Geruwa Rural Municipality,Construction of culvert at jhabai dekhi budhikulo jane bato,1358157.68,Works,Sealed Quotation,Completed
W/GRM/SQW/06/2078-079,Geruwa Rural Municipality,Road gravelling work from kishan pra bi towards bhakari bazar,1055130.76,Works,Sealed Quotation,Completed
25/RM/SQ/W/2078/079,"Rajapur Municipality Office, Rajapur",Dhobinpur Chowk dekhi katarniya Jane Batoko Dubai Tarfa Nala Nirman yojana,1403593.73,Works,Sealed Quotation,In-Progress
W/GRM/SQW/07/2078-079,Geruwa Rural Municipality,Road gravelling work from ultanpur madan tharu ko ghar dekhi bhairampur sadakma,480428.54,Works,Sealed Quotation,Completed
W/GRM/SQW/10/2078-079,Geruwa Rural Municipality,Construction of Boundary wall of Kalika PRA. VI,431620.89,Works,Sealed Quotation,Completed
W/GRM/SQW/11/2078-079,Geruwa Rural Municipality,Bhatera dekhi bankhet jane bato gravel and khopclinic dekhi ramu chauraha samma bato gravel,681772.20,Works,Sealed Quotation,Completed
NSMC/NCB/W01/078-079,"Nepalgunj Sub Metropolitan Office, Banke",Construction of commercial building and fire fighting garage in the premisses of nagar bhawan,45403688.70,Works,NCB,In-Progress
Goods/GRM/SQG/03/2078-079,Geruwa Rural Municipality,Procurment of supply abd delivery of Furniture and fixtures,1113250.00,Goods,Sealed Quotation,Completed
Goods/GRM/SQG/04/2078-079,Geruwa Rural Municipality,Supply and delivery of ICT Equipment,1671496.00,Goods,Sealed Quotation,Completed
27/RM/NCB/W/2078/079,"Rajapur Municipality Office, Rajapur",Ward No 4 Renisha Boarding School dekhi Shantipur chowk hudai Bhimmapur Barpipal Samma Road Construction works PHASE -2,7108988.67,Works,NCB,In-Progress
Goods/GRM/SQG/06/2078-079,Geruwa Rural Municipality,Purches and supply of different size humpipe at GRM,483961.48,Goods,Sealed Quotation,Completed
28/RM/NCB/W/2078/079,"Rajapur Municipality Office, Rajapur","Ward no-6, manpur tapara Iswarigunj sadak starunnati",7449313.10,Works,NCB,In-Progress
CTP-11/078/79,Suspension Bridge Division (SBD),"Fabrication, Supply, Transportation, Construction and Erection of Lichhi Bagan (Debijhoda/ Naksalbari) Trail Bridge",18802529.91,Works,NCB,In-Progress
NSMC/NCB/W04/078/079,"Nepalgunj Sub Metropolitan Office, Banke","bageswori children park with restaurent, shutter and parking construction work",18277923.90,Works,NCB,In-Progress
01/NTDC-01/077/078,"Nepalgunj Sub Metropolitan Office, Banke",Earthwork and pavement construction work of water park land pooling project,21415501.43,Works,NCB,In-Progress
34/077/78/NCB,Butwal Sub-Metropolitan City,"Construction of Shree Naharpur Secondary School Butwal-11, Naharpur, Rupandehi",32925118.53,Works,NCB,In-Progress
CTP-19/078/79,Suspension Bridge Division (SBD),"Fabrication, Supply, Transportation, Construction and Erection of Jortighat Trail Bridge",13191620.00,Works,NCB,In-Progress
47/077/78/NCB,Butwal Sub-Metropolitan City,"Construction of Black Top Road ,Drain with Foot Path, Butwal 6, Jyotipath , Rupandehi",34626838.96,Works,NCB,In-Progress
01/NTDC/078/079,"Nepalgunj Sub Metropolitan Office, Banke",drain construction work at water park land pooling project site,68348665.72,Works,NCB,In-Progress
W/GRM/SQW/05/2078-079,Geruwa Rural Municipality,Construction of culvert at sukhar bisaunipur and road upgrading work from subba kulo culvert towards bhagatpur jane bato,1274250.72,Works,Sealed Quotation,Completed
W/GRM/SQW/08/2078-079,Geruwa Rural Municipality,Construction of Box Culvert at patabhar sanjeev tharu ko ghar najik,622759.14,Works,Sealed Quotation,Completed
W/GRM/SQW/13/2078-079,Geruwa Rural Municipality,Banjariya school dekhi uttar tarfa bindra niskane sadak gravel maintaintance,1498818.04,Works,Sealed Quotation,Completed
IDO/CHT/W/NCB/127/078-79,Infrastructure Development Office Chitwan,Bharatpur Ward no.4-Barhaghare 2 no.Bridge-Baikunthachowk-Dharapanichowk- Adhaitchowk-Bishalchowk-Panchratna Feed-Bimal Paudel Home-South Tribenichowk- Lamsalchowl-Indrapuri-Geetanagar Road,3876719.00,Works,NCB,In-Progress
IDO/CHT/W/NCB/128/078-79,Infrastructure Development Office Chitwan,Bikram Marg - Devkota Marga to East West Highway Road,2000636.96,Works,NCB,In-Progress
IDO/CHT/W/NCB/141/078-79,Infrastructure Development Office Chitwan,Fabrication and Construction of Long Span Suspension Bridge (Chande Khola Trial Brigde) under Turn Key (Lump sum) Contract,12882000.00,Works,NCB,In-Progress
IDO/CHT/W/NCB/144/078-79,Infrastructure Development Office Chitwan,Bharatpur Ward no.4-Barhaghare 2 no.Bridge-Baikunthachowk-Dharapanichowk-Adhaitchowk-Bishalchowk-Panchratna Feed-Bimal Paudel Home-South Tribenichowk- Lamsalchowl-Indrapuri-Geetanagar Road,13095168.60,Works,NCB,In-Progress
NCB-16/078/79,Suspension Bridge Division (SBD),"Fabrication, Supply, Transportation, Construction and Erection of Dhodhyani Multispan Trail Bridge",65867005.66,Works,NCB,In-Progress
IDO/CHT/W/SQ/136/078-79,Infrastructure Development Office Chitwan,Rampur- Town- Semari Town- Sajhapur- Jitpur Road,1445742.86,Works,Sealed Quotation,In-Progress
IDO/CHT/W/NCB/125/078-79,Infrastructure Development Office Chitwan,Shaktikhor Siddi Ramtesh Thakuribhanjyang Chepang Marg,7605454.01,Works,NCB,In-Progress
IDO/CHT/W/NCB/143/078-79,Infrastructure Development Office Chitwan,Black top construction work of Ganja Singh chowk- Rani pokhari bhitri Sadak,2374390.98,Works,NCB,In-Progress
IDO/CHT/W/NCB/119/078-79,Infrastructure Development Office Chitwan,Construction of Ladra Khola R.C.C Motorable Bridge( Multicell Culvert) along Sirkot-Utarakhand Road,35475447.78,Works,NCB,In-Progress
NCB-15/078/79,Suspension Bridge Division (SBD),"Fabrication, Supply, Transportation, Construction and Erection of Bisanpur Khaijanpur Trail Bridge",71516407.24,Works,NCB,In-Progress
CTP-13/078/79,Suspension Bridge Division (SBD),"Fabrication, Supply, Transportation, Construction and Erection of Risahaghat Trail Bridge",13767920.00,Works,NCB,Completed
IDO/CHT/W/NCB/123/078-79,Infrastructure Development Office Chitwan,Godawari Marga Srijansil Tole Road Construction,2250319.04,Works,NCB,In-Progress
CTP-10/078/79,Suspension Bridge Division (SBD),"Fabrication, Supply, Transportation, Construction and Erection of Khar Khola Trail Bridge",19631490.00,Works,NCB,In-Progress
ICB/BRBIP/PIIU-01-W,"Bagmati river Basin Improvement project,Project Implementation Irrigation Unit",DESIGN AND BUILD OF DHAP DAM ACCESS ROAD AND ENVIRONMENTAL PROTECTION WORKS,510752347.92,Works,ICB,In-Progress
WRRDC/W/NCB/02/2078/79,Water Resources Research & Development Centre,"Construction of Ranisuwara Solar Lift Irrigation Project at Bidur-13, Nuwakot.",28201378.51,Works,NCB,In-Progress
IFB/08/2078/79WORK/FWSSMP,"Water Supply and Sewerage Management Office, Lamjung","Construction of Phujel (Brihat Pumping) water supply Project ,Gorkha",254292868.58,Works,NCB,In-Progress
IFB/03/2078/79/Works/FWSSMP/Lamjung,"Water Supply and Sewerage Management Office, Lamjung","Construction of Makaisingh Tanglingchowk Gabtar Brihat Water Supply Project, Gorkha",92417133.01,Works,NCB,In-Progress
IFB/05/2078/79/Works/FWSSMP/Lamjung,"Water Supply and Sewerage Management Office, Lamjung","Construction Of Sundarbazar Sahalagani Water Supply And Sanitation Project, Lamjung",255266786.90,Works,NCB,In-Progress
IFB/07/2078/79/Works/FWSSMP/Lamjung,"Water Supply and Sewerage Management Office, Lamjung","Supply and Installation of solar Pump, Inverter with all accessories including transportation in Airport WSP, Gorkha",1353700.00,Works,NCB,In-Progress
IFB/06/2078/79/Works/FWSSMP/Lamjung,"Water Supply and Sewerage Management Office, Lamjung","Construction of Satbise Niubote Water Quality Improvement Project, Lamjung",24620466.06,Works,ICB,In-Progress
IFB/01/2078/79/Goods/FWSSMP/Lamjung,"Water Supply and Sewerage Management Office, Lamjung",Supply of HDPE Pipe For Different Water Supply Projects,11988622.00,Goods,NCB,Completed
IFB/02/2078/79/Goods/FWSSMP/Lamjung,"Water Supply and Sewerage Management Office, Lamjung",Supply and Delivery of GI Pipe For Different Water Supply Projects,5712828.00,Goods,NCB,Completed
IFB/03/2077879/Works/FWSSMP/Lamjung,"Water Supply and Sewerage Management Office, Lamjung","Construction of Manakaman Brihat Water Supply Project, Sahid Lakhana Municipality-2,3, Gorkha",107192964.31,Works,NCB,In-Progress
IFB/04/2077/078/Works/FWSSMP/Lamjung,"Water Supply and Sewerage Management Office, Lamjung","Construction of Borlang Brihat Water Supply Project, Bhimsen Thapa Rural Municipality-8, Gorkha",85909495.56,Works,NCB,In-Progress
RIDO/RUK/W/Ro/NCB/01/078-79,"Road Infrastructure Development Office, Rukum (East )",Construction of Domai Korja Bhalawot Bhaiselotane Daware Sadak,1541219.91,Works,NCB,Completed
IFB/07/2077/078/Works/FWSSMP/Lamjung,"Water Supply and Sewerage Management Office, Lamjung","Construction of Bahikhola Kotkali Water Quality Improvement Project, Gorkha",17518269.23,Works,NCB,In-Progress
IFB/06/2077/078/Works/FWSSMP/Lamjung,"Water Supply and Sewerage Management Office, Lamjung","Construction of Aarughat Water Quality Improvement Project, Gorkha",33806958.89,Works,NCB,In-Progress
IFB/05/2077/078/Works/FWSSMP/Lamjung,"Water Supply and Sewerage Management Office, Lamjung","Construction of Manakamana Bazar Sewerage Management Project, Gorkha",63306639.91,Works,NCB,In-Progress
SMIP/NCB-01/2075-76,Sunsari Morang Irrigation Project,Construction of Syphon and Bridge,299756771.00,Works,NCB,In-Progress
RIDO/RUK/W/Ro/NCB/02/078-79,"Road Infrastructure Development Office, Rukum (East )",Construction of chyanchung dobato ghaewang bheri danda yudha sangralaya road,2412319.62,Works,NCB,Completed
IFB/10/2077/078/Works/FWSSMP/Lamjung,"Water Supply and Sewerage Management Office, Lamjung","Construction of Palungtar (1-10) Brihat Water Supply and Sanitation Project, Gorkha",411693417.00,Works,NCB,In-Progress
NCB/GSS/W-01/2078/79,"Shree Gyaneshwor Secondary School, Baitadi","Construction of Gyaneshwor Ma.Vi.School Building Patan MUn.09.BIjayapur,Baitadi",16448024.80,Works,NCB,In-Progress
RIDO/RUK/W/Ro/NCB/03/078-79,"Road Infrastructure Development Office, Rukum (East )",Construction of Musikot Kaildeu Bhurunga Sadak,2080543.58,Works,NCB,Completed
NCB-08/078/79,Suspension Bridge Division (SBD),"Fabrication, Supply, Transportation, Construction and Erection of Khoriyaghat Lohandra Trail Bridge",32759215.68,Works,NCB,In-Progress
SMIP-/02/NCB/2078-79,Sunsari Morang Irrigation Project,Construction of Canal Structure and Lining Works,19147079.82,Works,NCB,In-Progress
CTP-07/078/79,Suspension Bridge Division (SBD),"Fabrication, Supply, Transportation, Construction and Erection of Yakpek Trail Bridge",14351000.00,Works,NCB,Completed
RIDO/RUK/W/Ro/NCB/04/078-79,"Road Infrastructure Development Office, Rukum (East )",Construction of baluwa daliwang serawang kanda morawang sima khabangbagar road,1459253.10,Works,NCB,Completed
SMIP-03/NCB/2078-79,Sunsari Morang Irrigation Project,"Construction of Canal Structure, Repair & Maintenance Work",18615329.91,Works,NCB,In-Progress
CTP-06/078/79,Suspension Bridge Division (SBD),"Fabrication, Supply, Transportation, Construction and Erection of HudebhabarTrail Bridge",16159000.00,Works,NCB,Completed
RIDO/RUK/W/Ro/NCB/06/078-79,"Road Infrastructure Development Office, Rukum (East )",Construction of Chunbangko Simchour Garpabaata teenbaine Hundai wordim(Chunbang -Rukumkot Road),1424338.82,Works,NCB,Completed
CTP-05/078/79,Suspension Bridge Division (SBD),"Fabrication, Supply, Transportation, Construction and Erection of Kamala Timnai Trail Bridge",18644998.87,Works,NCB,In-Progress
SMIP-04/NCB/2078-79,Sunsari Morang Irrigation Project,Construction of Glacis Type Energy Dessipator for Protection,67960855.96,Works,NCB,In-Progress
IDO/GORKHA/NCB/W/R/1/078-79,"Infrastructure Development Office, Gorkha","Upgrading of 13 Kilo Go Na Pa Karyalaya Maladhunga Krishi Sadak , Gorkha",2147339.13,Works,NCB,In-Progress
IDO/GORKHA/SQ/W/R/10/078-79,"Infrastructure Development Office, Gorkha","Upgrading of Papnefat Ranitar Majhtar Parendihi Gauda Sadak,Gorkha",1587092.81,Works,Sealed Quotation,In-Progress
CTP-03/078/79,Suspension Bridge Division (SBD),"Fabrication, Supply, Transportation, Construction and Erection of Ammari Trail Bridge",20792000.00,Works,NCB,Completed
RIDO/RUK/W/Ro/NCB/08/078-79,"Road Infrastructure Development Office, Rukum (East )",Construction of Khabang Mahat Road.,3802270.39,Works,NCB,Completed
IDO/GORKHA/SQ/W/R/04/078-079,"Infrastructure Development Office, Gorkha","Upgrading of 10 Kilo Ring Road Sadak, Gorkha",830014.96,Works,Sealed Quotation,Completed
CTP-02/078/79,Suspension Bridge Division (SBD),"Fabrication, Supply, Transportation, Construction and Erection of Madhuban Badganga Trail Bridge",25424998.87,Works,NCB,In-Progress
IDO/GORKHA/NCB/W/R/17/078-79,"Infrastructure Development Office, Gorkha",Construction and Upgrading of chitrepokhari utin dhunga sadhi aarubot chipleti sadak,5567509.09,Works,NCB,In-Progress
CTP-1/077/78,Suspension Bridge Division (SBD),"Fabrication, Supply, Transportation, Construction and Erection of Setidevi Hawakhane and Bering (Rong) Trail Bridge",39977140.00,Works,NCB,In-Progress
RIDO/RUK/W/Ro/NCB/09/078-79,"Road Infrastructure Development Office, Rukum (East )",Construction of Khawangbagar Kyangsi Jhumlawang Ransi Road,1193905.71,Works,NCB,Completed
RIDO/RUK/W/Ro/NCB/10/078-79,"Road Infrastructure Development Office, Rukum (East )",Construction of Naakhe Runchi Tamari Korjaneta Risaalchour Agriculture Road.,1602390.83,Works,NCB,Completed
RIDO/RUK/W/Ro/NCB/12/078-79,"Road Infrastructure Development Office, Rukum (East )",Construction of Rika Lukum Maaring Gunam Thabang Road,1643516.03,Works,NCB,Completed
RIDO/RUK/W/Ro/NCB/14/078-79,"Road Infrastructure Development Office, Rukum (East )",Construction of Purano dhaka kada dading sadak,1605021.40,Works,NCB,Completed
RIDO/RUK/W/Ro/NCB/16/078-79,"Road Infrastructure Development Office, Rukum (East )",Construction of Rukumkot dabare khopichar barding kuchibang domai sadak,1458657.12,Works,NCB,Completed
IDO/GORKHA/NCB/W/R/19/078-079,"Infrastructure Development Office, Gorkha",Construction and Upgrading of Jhylaphat muchektar Kusunde hudai malle phalphu jodne sadak,2878412.47,Works,NCB,In-Progress
RIDO/RUK/W/Ro/SQ/13/078-79,"Road Infrastructure Development Office, Rukum (East )",Maintenance of Kauchhe Sanchaur Sadak,735829.01,Works,NCB,Completed
RIDO/RUK/W/Ro/SQ/15/078-79,"Road Infrastructure Development Office, Rukum (East )",Maintenance of Rukumkot Aala Pokhara Baluwa Sadak,832095.97,Works,Sealed Quotation,Completed
RIDO/RUK/W/Ro/NCB/17/078-79,"Road Infrastructure Development Office, Rukum (East )","Construction of Gaerigaun, Dadagaun, to Teen Bahini Dharmik Esthal Trekking Marga.",1860356.30,Works,NCB,Completed
IDO/GORKHA/NCB/W/R/21/078-79,"Infrastructure Development Office, Gorkha","Upgrading of Naya Chautara Salotharmi Jamunebesi Jhimrek Sadak, Gorkha",2881878.80,Works,NCB,In-Progress
IDO/GORKHA/NCB/W/R/25/078-079,"Infrastructure Development Office, Gorkha",Upgrading of Madhayapahadi Siureni Dumre Pathivara Aappipal Aspatal Sadak,1480946.49,Works,NCB,In-Progress
RIDO/RUK/W/Ro/SQ/19/078-79,"Road Infrastructure Development Office, Rukum (East )",Construction of Paaira Damkharka Agriculture Road,904240.32,Works,Sealed Quotation,Completed
RIDO/RUK/W/Ro/SQ/20/078-79,"Road Infrastructure Development Office, Rukum (East )",Construction of Tipai Dobhan Pelma Ghodeto Baato Nirman.,931175.14,Works,Sealed Quotation,Completed
RIDO/RUK/W/Ro/NCB/21/078-79,"Road Infrastructure Development Office, Rukum (East )",Construction of Naigad Chargaun Puthauttarganga Arjal Maikot Pelma Dhorpatan Sadak.,1240972.41,Works,NCB,Completed
RIDO/RUK/W/Ro/NCB/22/078-79,"Road Infrastructure Development Office, Rukum (East )",Construction of Pipal pokhara pwang sisne dolpa sadak.,1930410.09,Works,NCB,Completed
RIDO/RUK/W/Ro/SQ/23/078-79,"Road Infrastructure Development Office, Rukum (East )",Maintenanace of Rumalbara Ruwabang Dhaulapaira Sadak,1440562.23,Works,Sealed Quotation,Completed
RIDO/RUK/W/Ro/SQ/07/078-79,"Road Infrastructure Development Office, Rukum (East )",Construction of Chyandadda- Gothatila-Sitlepaani Agriculture Road (Re-Bid).,1117480.25,Works,Sealed Quotation,Completed
RIDO/RUK/TBM/SQ/05/078-79 (Re-notice2nd),"Road Infrastructure Development Office, Rukum (East )",Trail Bridge major maintenance work at Naigadh Sisne rural municipality ward No -02,931343.03,Works,Sealed Quotation,Completed
RIDO/RUK/W/Ro/SQ/28/078-79,"Road Infrastructure Development Office, Rukum (East )",Construction of Jharipakha chowk Bazaar Bahun thana Road.,1223342.40,Works,Sealed Quotation,Completed
RIDO/RUK/W/Ro/SQ/32/078-79,"Road Infrastructure Development Office, Rukum (East )",Maintenance of Bagtare Gunam Maring Road .,1141948.00,Works,Sealed Quotation,Completed
RIDO/RUK/W/Ro/SQ/36/078-79,"Road Infrastructure Development Office, Rukum (East )",Construction of Jaang Ghurbang Agriculture Road,912421.86,Works,Sealed Quotation,Completed
RIDO/RUK/W/Ro/SQ/27/078-79(Re-Notice),"Road Infrastructure Development Office, Rukum (East )",Maintenance of Pipal pokhara dhaka dading sadak,782860.28,Works,Sealed Quotation,Completed
RIDO/RUK/W/Ro/SQ/29/078-79(Re-Notice),"Road Infrastructure Development Office, Rukum (East )",Maintenance of Rukumkot Dhaunne Road.,780112.32,Works,Sealed Quotation,Completed
CTP-2/077/78,Suspension Bridge Division (SBD),"Fabrication, Supply, Transportation, Construction and Erection of Dansh Khola Trail Bridge",15380678.60,Works,NCB,In-Progress
CTP-4/077/78,Suspension Bridge Division (SBD),"Fabrication, Supply, Transportation, Construction and Erection of Shrikang Jaidi and Karnas Tallochaur Trail Bridge",37787200.00,Works,NCB,In-Progress
CTP-5/077/78,Suspension Bridge Division (SBD),"Fabrication, Supply, Transportation, Construction and Erection of Kothi Asuraina, Kothi Gaudihawa and Kanchangadhi Bardaghat Trail Bridge",23729996.61,Works,NCB,Completed
CTP-6/077/78,Suspension Bridge Division (SBD),"Fabrication, Supply, Transportation, Construction and Erection of Tuisota Gaikhutti, Ghodebash, Gwar Khola Trail Bridge",27402500.00,Works,NCB,In-Progress
CTP-7/077/78,Suspension Bridge Division (SBD),"Fabrication, Supply, Transportation, Construction and Erection of Rajire and Lamabagar Trail Bridge",19775000.00,Works,NCB,Completed
CTP-8/077/78,Suspension Bridge Division (SBD),"Fabrication, Supply, Transportation, Construction and Erection of Sismire Khola Trail Bridge",24747000.00,Works,NCB,Completed
RIDO/RUK/W/Ro/SQ/34/078-79(Re-Notice),"Road Infrastructure Development Office, Rukum (East )",Maintenance of Chunbang Korja Mahat Road.,813717.00,Works,Sealed Quotation,Completed
RIDO/RUK/W/Ro/SQ/35/078-79(Re-Notice),"Road Infrastructure Development Office, Rukum (East )",Maintenance of Dharmashala Laawang Vitraban Road,1211424.92,Works,Sealed Quotation,Completed
RIDO/RUK/W/Ro/NCB/30/078-79,"Road Infrastructure Development Office, Rukum (East )","Construction of Garali chuma krishi sadak, Putha-8.",2552501.00,Works,NCB,Completed
RIDO/RUK/W/Ro/NCB/33/078-79,"Road Infrastructure Development Office, Rukum (East )",Maintanance of Bagtare Gunam Maring Tribeni Road,1635723.88,Works,NCB,Completed
IDO/GORKHA/NCB/W/KHA/02/077/078,"Infrastructure Development Office, Gorkha","Upgrading of Palungtar Kerabari Budhasingh Dudhpokhari Road,Gorkha",7842620.28,Works,NCB,In-Progress
02/076/77/W/NBC/GOR,"Infrastructure Development Office, Gorkha","Construction of Water Treatment Plant,Dharche Rural Municipality-04,Larpak",7547901.44,Works,NCB,In-Progress
RIDO/RUK/W/Ro/NCB/37/078-79,"Road Infrastructure Development Office, Rukum (East )",Construction of Chunbaang Rukumkot Road Rukum,3684081.78,Works,NCB,Completed
IDO/GORKHA/NCB/W/R/26/078-079,"Infrastructure Development Office, Gorkha",Upgrading of Sita Gufa Swara Kharchok Majthar Sirandharthotneri Thalla Starunnatie Sadak,2952370.86,Works,NCB,In-Progress
29/RM/NCB/W/2078/079,"Rajapur Municipality Office, Rajapur",Ostajpur chowk hudai ward karyalaya jane bato tatha kafle tole hudai puraina samma sadak starunnati,6371712.00,Works,NCB,In-Progress
30/RM/NCB/W/2078/079,"Rajapur Municipality Office, Rajapur",Dhobinpur dekhi phattepur hudai puraina samma R.C.C wall nirman sahit sadak Starikaran PHASE -2,6047022.00,Works,NCB,In-Progress
31/RM/NCB/ W/2078/079,"Rajapur Municipality Office, Rajapur",Ward no7 Ward karyalaya bata ganesh mandir sadak murkatta samma kalopatre,11089714.73,Works,NCB,In-Progress
RIDO/RUK/W/Ro/NCB/38/078-79,"Road Infrastructure Development Office, Rukum (East )",Maintenance of saakim Kanda Morbang Road,1899376.12,Works,NCB,Completed
32/RM/NCB/ W/2078/079,"Rajapur Municipality Office, Rajapur",Ward No 2 Jotpur dekhi ward No 5 Pahadipur hudai ward No 8 khalla tole hulaki road Samma road construction works PHASE 2,7058140.10,Works,NCB,In-Progress
33/RM/NCB/ W/2078/079,"Rajapur Municipality Office, Rajapur",Ward no. 10 karmohini shanti chowk sadak kalo patre,6787831.98,Works,NCB,In-Progress
RIDO/RUK/W/Ro/SQ/39/078-79,"Road Infrastructure Development Office, Rukum (East )","Construction of Gargaun Garghat Ranma Agriculture Road, Putha Uttarganga,Rukum(purba)",1008162.80,Works,Sealed Quotation,Completed
RIDO/RUK/W/Ro/SQ/40/078-79,"Road Infrastructure Development Office, Rukum (East )","""Construction of gargaun satipole maikot Agricultural Road Putha Uttarganga, Rukum(purba). """,1268145.86,Works,Sealed Quotation,Completed
34/RM/NCB/ W/2078/079,"Rajapur Municipality Office, Rajapur",Ward no 2 ko chainpur dekhi Geruwa Rajapur simana Samma Black top road construction works KRAMAGAT PHASE -2,10526914.74,Works,NCB,In-Progress
RIDO/RUK/W/Ro/NCB/18/078-79,"Road Infrastructure Development Office, Rukum (East )",Construction of Chhing mathigaun bhurunga lampakot kanebang kiteni sadak,2047062.53,Works,NCB,Completed
DDC/Gorkha/Bridge/NCB/072/073/39,"Infrastructure Development Office, Gorkha",Construction of Motorable Bridge Over Daraudi River Connecting Between Gorkha Municipality 11 and Mirkot 05 Gorkha,40665763.70,Works,NCB,In-Progress
RIDO/RUK/W/Ro/NCB/24/078-79,"Road Infrastructure Development Office, Rukum (East )",Construction of Syalapakha Mauwadanda Rawalbara Guptidaha Sadak,2487693.20,Works,NCB,In-Progress
CTP-9/077/78,Suspension Bridge Division (SBD),"Fabrication, Supply, Transportation, Construction and Erection of Chhorten Markha Trail Bridge",23065028.90,Works,NCB,In-Progress
RIDO/RUK/W/Ro/NCB/31/078-79,"Road Infrastructure Development Office, Rukum (East )",Construction of Namgad chargaun kukurgade arjal maikot sadak.,2867919.00,Works,NCB,In-Progress
NCB-10/077/78,Suspension Bridge Division (SBD),"Fabrication, Supply, Transportation, Construction and Erection of Khadam Khola Multispan Trail Bridge",72628619.95,Works,NCB,In-Progress
IDO/GORKHA/SQ/W/R/05/078-079,"Infrastructure Development Office, Gorkha","Upgrading of 10 Kilo shikar Dada Bakrang Manankamana Jodne sadak,Gorkha",729701.70,Works,Sealed Quotation,Completed
NCB-11/077/78,Suspension Bridge Division (SBD),"Fabrication, Supply, Transportation, Construction and Erection of Fabrication, Supply, Transportation, Construction and Erection of Pindalbari Multi Span Trail BridgeTrail Bridge",65994889.96,Works,NCB,In-Progress
IDO/GORKHA/SQ/W/R/06/078-79,"Infrastructure Development Office, Gorkha","Upgrading Sherafedi Siddhababa Sadak,Gorkha",895557.47,Works,Sealed Quotation,Completed
IDO/GORKHA/SQ/W/R/07/078-079,"Infrastructure Development Office, Gorkha","Upgrading of Kattel Chowk Dada Amdada Road,Gorkha",707336.68,Works,Sealed Quotation,Completed
RIDO/RUK/W/Ro/NCB/11/078-79,"Road Infrastructure Development Office, Rukum (East )","Construction of Putha Uttarganga Gaupalika Pahunch Marga, Taksera Kol Ransi Nakhaa Jamabagar Sadak, Rukum",3926581.53,Works,NCB,In-Progress
CTP-12/077/78,Suspension Bridge Division (SBD),"Fabrication, Supply, Transportation, Construction and Erection of Chyangthapu, Barlambhitta and Aaptar Trail Bridge",30132580.00,Works,NCB,Completed
IDO/GORKHA/SQ/W/R/08/078-079,"Infrastructure Development Office, Gorkha","Upgrading of 10 Hattigauda Dharmpani Beltar Khanalthok,Sadak,Gorkha",996846.02,Works,Sealed Quotation,Completed
RIDO/RUK/W/Ro/NCB/25/078-79,"Road Infrastructure Development Office, Rukum (East )",Construction of Dhaunne -Rukumkot Road,5654690.55,Works,NCB,In-Progress
RIDO/RUK/W/Ro/SQ/26/078-79(Re-Notice),"Road Infrastructure Development Office, Rukum (East )","Construction of Garali chuma padmarg, puthauttarganga-8",1090492.04,Works,Sealed Quotation,In-Progress
CTP-13/077/78,Suspension Bridge Division (SBD),"Fabrication, Supply, Transportation, Construction and Erection of Pallo Khola, Mahure, Otelmaghat Trail Bridge",48705260.00,Works,NCB,Completed
CTP-15/077/78,Suspension Bridge Division (SBD),"Fabrication, Supply, Transportation, Construction and Erection of Aathbiskot Manmai, Dalli Dadagau, Nauferi Trail Bridge",30702100.00,Works,NCB,Completed
CTP-16/077/78,Suspension Bridge Division (SBD),"Fabrication, Supply, Transportation, Construction and Erection of Bafi Mathodar, Lohakhadi, Karnali Nadi Trail Bridge",46126600.00,Works,NCB,In-Progress
CTP-17/077/78,Suspension Bridge Division (SBD),"Fabrication, Supply, Transportation, Construction and Erection of Gayataar and Sunkoshi Deuralitaar Trail Bridge",24083125.00,Works,NCB,In-Progress
CTP-18/077/78,Suspension Bridge Division (SBD),"Fabrication, Supply, Transportation, Construction and Erection of Sirinjja Bihi and Philim Trail Bridge",54095360.00,Works,NCB,In-Progress
CTP-19/077/78,Suspension Bridge Division (SBD),"Fabrication, Supply,Transportation, Construction and Erection of Dedgau Bataulitaar, Rising Bulingtar Trail Bridge",36576314.60,Works,NCB,In-Progress
FWSSMP/WRAM/CWSP/03/078-79,"Federal Water Supply and Sewerage Management Project, Ramechhap","Construction of entire work of Manthali Pumping Water Supply Project Manthali 7,8,9 Ramechhap with 1-Year Opeartion and Maintenance",343032057.19,Works,NCB,In-Progress
CTP-20/077/78,Suspension Bridge Division (SBD),"Fabrication, Supply, Transportation, Construction and Erection of Jhimruk Khola and Hwama Dhawang Trail Bridge",18532000.00,Works,NCB,Completed
CTP-21/077/78,Suspension Bridge Division (SBD),"Fabrication, Supply, Transportation, Construction and Erection of Kudar Bhume and Nadung Khola Trail Bridge",45087000.00,Works,NCB,In-Progress
13/077-078/NCB/Works/ISP/WSIEDO-Surkhet,"Directorate of Water Supply, Irrigation and Energy Development, Surkhet",Toshra Lift ISP,2534936.93,Works,NCB,In-Progress
CTP-22/077/78,Suspension Bridge Division (SBD),"Fabrication, Supply, Transportation, Construction and Erection of Dhupegaad and Lifru Dadasiri Trail Bridge",25994140.32,Works,NCB,In-Progress
CTP-23/077/78,Suspension Bridge Division (SBD),"Fabrication, Supply, Transportation, Construction and Erection of Dhukling Limi and Ning Trail Bridge",37516000.00,Works,NCB,Completed
CTP-25/077/78,Suspension Bridge Division (SBD),"Fabrication, Supply, Transportation, Construction and Erection of Chisapani Thapagau Trail Bridge",30849000.00,Works,NCB,Completed
CTP-26/077/78,Suspension Bridge Division (SBD),J.K.-Jeevan-Upper Tamakoshi JV,5405920.00,Works,NCB,In-Progress
SRNSP/337011694/078/79-12,Seti Rajmarga (Northern Section) Chainpur Taklakot Road Project,Track opening and structures work at Jhumri khola dekhi phakali jodne sadak,6282278.20,Works,NCB,In-Progress
SRNSP/337011694/078/79-13,Seti Rajmarga (Northern Section) Chainpur Taklakot Road Project,Construction of gabion works,8742524.00,Works,NCB,Completed
NCB-27/077/78,Suspension Bridge Division (SBD),"Fabrication, Supply, Transportation, Construction and Erection of Kamal Khola Dovan Trail Bridge",30619811.51,Works,NCB,In-Progress
SRNRP/33701176/2078/79-10,Seti Rajmarga (Northern Section) Chainpur Taklakot Road Project,"Roadway Excavation, Structures and cross drainage works at Chainpur Jayprithivi Nagar-Bisauna-Ranlek-Bijgadha-Kushena-Lim Sadak, Bajhang (Ch 56+500 to 67+000 and 105+500 to 113+200)",186109902.82,Works,NCB,Completed
NCB-28/077/78,Suspension Bridge Division (SBD),"Fabrication, Supply, Transportation, Construction and Erection of Riu Khola Trail Bridge",27525356.42,Works,NCB,In-Progress
NCB-29/077/78,Suspension Bridge Division (SBD),"Fabrication, Supply, Transportation, Construction and Erection of Tulsipur Babai Trail Bridge",41391538.08,Works,NCB,Completed
IDO/GORKHA/NCB/W/BRIDGE/03/077-078,"Infrastructure Development Office, Gorkha","Construction of Dundure Khola Bridge,Gorkha",47251990.67,Works,NCB,In-Progress
SRNRP/33701176/2078/79-11,Seti Rajmarga (Northern Section) Chainpur Taklakot Road Project,"Roadway Excavation,Structure and corss drainage works at Chainpur jayprithvi nagar-Bisauna-Ranlek-Bijgadha-kushena-Lim Sadak Bajhang( Ch 21+000 to Ch 40+000)",238064297.88,Works,NCB,Completed
IDO/GORKHA/NCB/W/BRIDGE/01/077-078,"Infrastructure Development Office, Gorkha","Construction of Daraudi River Bridge.Nayasaghu,Gorkha",156083249.42,Works,NCB,In-Progress
IDO/GORKHA/NCB/W/BRIDGE/04/077-078,"Infrastructure Development Office, Gorkha","Construction of Muglung Khola Bridge,Gorkha",23977716.00,Works,NCB,In-Progress
FWSSMP/WRAM/CWSP/04//078-79,"Federal Water Supply and Sewerage Management Project, Ramechhap","Construction of entire Work of Bhiman Bethan Chauki Water Supply Project Kamalamai Municipality 8,9,10 Sindhuli with 1-Year Operation and Maintenance",295026831.75,Works,NCB,In-Progress
FWSSMP/WRAM/CWSP/06/078-79,"Federal Water Supply and Sewerage Management Project, Ramechhap","Construction of entire work of Marin Water Supply Project, Marin Rural Municipality 6,7 Sindhuli with 1-Year Operation and Maintenance",108882254.73,Works,NCB,In-Progress
NCB-30/077/78,Suspension Bridge Division (SBD),"Fabrication, Supply, Transportation, Construction and Erection of Maheshwata Betini Trail Bridge",41445397.86,Works,NCB,Completed
NCB-32/077/78,Suspension Bridge Division (SBD),"Fabrication, Supply, Transportation, Construction and Erection of Bhetariya Mohanpur Kailari Trail Bridge",34373228.04,Works,NCB,In-Progress
NCB-33/077/78,Suspension Bridge Division (SBD),"Fabrication, Supply, Transportation, Construction and Erection of Banbarsha Rajipur Trail Bridge",40093271.22,Works,NCB,In-Progress
NCB-34/077/78,Suspension Bridge Division (SBD),"Fabrication, Supply, Transportation, Construction and Erection of Biring (Bahradashi) Trail Bridge",44193670.46,Works,NCB,In-Progress
NCB-35/077/78,Suspension Bridge Division (SBD),"Fabrication, Supply, Transportation, Construction and Erection of Ratnechaur Kudule Trail Bridge",37532978.35,Works,NCB,Completed
NCB-36/077/78,Suspension Bridge Division (SBD),"Fabrication, Supply, Transportation, Construction and Erection of Andheriphant Chachuli Trail Bridge",37507805.84,Works,NCB,Completed
CTP-37/077/78,Suspension Bridge Division (SBD),"Fabrication, Supply, Transportation, Construction and Erection of Buwa Khola, Sunkoshi Diprung and Gufadanda Trail Bridge",20905000.00,Works,NCB,In-Progress
CTP-38/077/78,Suspension Bridge Division (SBD),"Fabrication, Supply, Transportation, Construction and Erection of Thumi Budhegara, Likhu Khola and Mukunde Khola Trail Bridge",24152620.00,Works,NCB,In-Progress
NCB-3/076/77,Suspension Bridge Division (SBD),"Fabrication, Supply, Transportation, Construction and Erection of Kothebe Majhuwabagar Multispan Trail Bridge",82428870.20,Works,NCB,In-Progress
DROLTP/33701137-6/076/77-047,208 Road Division Lalitpur,"Widening,Asphalt Concreting and Drain construction on SiddipurBisandoleSankhadeviBisankhunarayanSadak (Package 1)",12661657.06,Works,NCB,In-Progress
NCB-5/076/77,Suspension Bridge Division (SBD),"Fabrication, Supply, Transportation, Construction and Erection of Chakiya BhabaiTrail Bridge",31906121.15,Works,NCB,Completed
CTP-39/077/78,Suspension Bridge Division (SBD),"Fabrication, Supply, Transportation, Construction and Erection of Arun Khola (Rakachuli Maina), Kusunde (Binaee) Khola Trail Bridge",32318000.00,Works,NCB,In-Progress
DROLTP/33731011-3/078/79-04(Re),208 Road Division Lalitpur,Periodic Maintenance of Kupondle Hanumansthan chowk Gusingal Kalopul Sanepa Road .,5795278.14,Works,NCB,In-Progress
CTP-40/077/78,Suspension Bridge Division (SBD),"Fabrication, Supply, Transportation, Construction and Erection of Thalapani (Thuligaad) and Khuttikatan Devigunj Trail Bridge",27233000.00,Works,NCB,Completed
CTP-41/077/78,Suspension Bridge Division (SBD),"Fabrication, Supply, Transportation, Construction and Erection of Kalimati Kalche and Khasredamar Sujinpur Trail Bridge",23617000.00,Works,NCB,Completed
CTP-06/076/77,Suspension Bridge Division (SBD),"Fabrication, Supply, Transportation, Construction and Erection of Charambi Piluwadovan Trail Bridge",10386868.47,Works,NCB,In-Progress
CTP-45/077/78,Suspension Bridge Division (SBD),"Fabrication, Supply, Transportation, Construction and Erection of Tarkenibesi and Mainamaini Trail Bridge",17451720.00,Works,NCB,Completed
CTP-8/076/77,Suspension Bridge Division (SBD),"Fabrication, Supply, Transportation, Construction and Erection of Bhuteni and Patapur Trail Bridge",31640000.00,Works,NCB,In-Progress
CTP-46/077/78,Suspension Bridge Division (SBD),"Fabrication, Supply, Transportation, Construction and Erection of Rangdalchour and Chhahara Khola Malarani Trail Bridge",28751720.00,Works,NCB,In-Progress
DROLTP/33701122-4/077/78-13,208 Road Division Lalitpur,"Construction of Hunumante River Bridge, Along Madhyapur Thimi Ward no. 16 Connecting Hunuman Mandir and Imadole",54262712.86,Works,NCB,In-Progress
CTP-47/077/78,Suspension Bridge Division (SBD),"Fabrication, Supply, Transportation, Construction and Erection of Udindhunga and Chutrabot Lakuri Trail Bridge",41159120.00,Works,NCB,Completed
IDO/GORKHA/NCB/W/R/06/078-079,"Infrastructure Development Office, Gorkha",Upgrading of Pallotar Devisthan Sadak,1991737.00,Works,NCB,Completed
CTP-10/076/77,Suspension Bridge Division (SBD),"Fabrication, Supply, Transportation, Construction and Erection of Badidamar Satya Mabi and Machhedi Lamidamar Barahakhet Trail Bridge",28363000.00,Works,NCB,Completed
IDO/GORKHA/NCB/W/R/23/078-079,"Infrastructure Development Office, Gorkha","Construction and Upgrading of Jumli Chautara Rainas Sadak,Gorkha",1523946.83,Works,NCB,Completed
CTP-48/077/78,Suspension Bridge Division (SBD),"Fabrication, Supply, Transportation, Construction and Erection of Kuira Nadi (Ranikunda) Trail Bridge",24959188.01,Works,NCB,Completed
DROLTP/33731011-3/078/79-05(Re),208 Road Division Lalitpur,Periodic Maintenance of Thaiba Sanogaun Road .,7938729.00,Works,NCB,In-Progress
CTP-13/076/77,Suspension Bridge Division (SBD),"Fabrication, Supply, Transportation, Construction and Erection of Kartibeshi Dordi, Pisang and Thorungphedi Trail Bridge",59239147.12,Works,NCB,Completed
NCB-50/077/78,Suspension Bridge Division (SBD),"Fabrication, Supply, Transportation, Construction and Erection of Padku Trail Bridge",42850752.65,Works,NCB,In-Progress
IDO/GORKHA/NCB/W/BRIDGE/09/077-078,"Infrastructure Development Office, Gorkha","Upgrading of shikhar Koke Ahale GHaikhur Taple Chaapthok Road,Gorkha",2279723.38,Works,NCB,In-Progress
DROLTP/33731011-3/078/79-06,208 Road Division Lalitpur,Periodic Maintenance of Junction road Lele Tikabhairab Road,6781117.00,Works,NCB,In-Progress
CTP-15/076/77,Suspension Bridge Division (SBD),"Fabrication, Supply, Transportation, Construction and Erection of Mamkha Kharte Khola, Bhulketaar Molung Khola and Swara Tapkhola Trail Bridges",35104580.00,Works,NCB,In-Progress
NCB-43/076/77,Suspension Bridge Division (SBD),"Fabrication, Supply, Transportation, Construction and Erection of Ratekhal Trail Bridge",22538759.02,Works,NCB,In-Progress
IDO/GORKHA/SQ/W/R/02/078-079,"Infrastructure Development Office, Gorkha",Construction of Khagigaun To Darche Sadak,773328.00,Other Services,Sealed Quotation,Completed
DROLTP/33731011-3/078/79-07,208 Road Division Lalitpur,Periodic Maintenance of Kupondle ( Himalayan Hotel) Jwagal Chakupata Road,10838294.00,Works,NCB,In-Progress
DROLTP/33731011-3/078/79-08,208 Road Division Lalitpur,Periodic Maintenance of Nakhhu Chobhar Road,11850288.00,Works,NCB,In-Progress
DROLTP/33731011-3/078/79-09,208 Road Division Lalitpur,Periodic Maintenance of Saugal Chowk Bholdhoka Balkumari Road,9325233.00,Works,NCB,In-Progress
CTP-51/077/78,Suspension Bridge Division (SBD),"Fabrication, Supply, Transportation, Construction and Erection of Naglibang Trail Bridge",12091000.00,Works,NCB,In-Progress
IDO/GORKHA/NCB/W/BRIDGE/02/077-078,"Infrastructure Development Office, Gorkha","Consstruction of Rechet Khola Bridge, Gorkha",48895738.00,Works,NCB,In-Progress
CTP-53/077/78,Suspension Bridge Division (SBD),"Fabrication, Supply, Transportation, Construction and Erection of Bharbang Nawang Trail Bridge",21018000.00,Works,NCB,Completed
CTP-54/077/78,Suspension Bridge Division (SBD),"Fabrication, Supply, Transportation, Construction and Erection of Sikha Kindu Trail Bridge",19102650.00,Works,NCB,Completed
DROLTP/33731011-3/078/79-010,208 Road Division Lalitpur,Periodic Maintenance of Champi Tikabhairab Road,9000231.00,Works,NCB,In-Progress
DROLTP/33731011-3/078/079-011,208 Road Division Lalitpur,Specific Maintenance ( Rigid Pavement works ) of Iti- Prayagpokhari Road,5820914.00,Works,NCB,In-Progress
NCB-56/077/78,Suspension Bridge Division (SBD),"Fabrication, Supply, Transportation, Construction and Erection of Jyamirgadhi Guwalgaun Trail Bridge",45159383.27,Works,NCB,In-Progress
CTP-20/076/77,Suspension Bridge Division (SBD),"Fabrication, Supply, Transportation, Construction and Erection of Khanikhola Jalkuni, Andheri Khola (Kalika), Badh Dabile Aapchour Gadikhola and Rampur Tari Trail Bridges",42374996.61,Works,NCB,Completed
DROLTP/33701120-4/078/79-013,208 Road Division Lalitpur,"Road Improvement Works in Shree RajdalGan Brrack,Lagankhel.",10392304.00,Works,NCB,In-Progress
IDO/LAMJUNG/NCB/W/ER/06/075-076,"Infrastructure Development Office, Gorkha","Upgrading of Dhungagade-Bhanjyang- Bunkot-Namjung-Ghaisang-Manakamana Road,Gorkha",386740872.22,Works,NCB,Completed
NCB-58/077/78,Suspension Bridge Division (SBD),"Fabrication, Supply, Transportation, Construction and Erection of Tangting Goyang Khola Trail Bridge",24743868.69,Works,NCB,Completed
NCB-59/077/78,Suspension Bridge Division (SBD),"Fabrication, Supply, Transportation, Construction and Erection of Simaltal Trail Bridge",15862996.10,Works,NCB,Completed
CTP-22/076/77,Suspension Bridge Division (SBD),"Fabrication, Supply, Transportation, Construction and Erection of Bagun Baitada and Nigali Thuligaad Trail Bridges",18645000.00,Works,NCB,In-Progress
DROLTP/33701169-4/078/79-14,208 Road Division Lalitpur,Road Imporovement Works on Mhalaxmi Na.pa Ward no.4 Imadole Tempo park - Om Etta Bhatta to Chaubaato road .,8678075.00,Works,NCB,In-Progress
NCB-45/076/77,Suspension Bridge Division (SBD),"Fabrication, Supply, Transportation, Construction and Erection of Garuwa Dipudanda Tirtire Trail Bridge",32456232.69,Works,NCB,Completed
NCB-60/077/78,Suspension Bridge Division (SBD),"Fabrication, Supply, Transportation, Construction and Erection of Hanuman Nagar Gobargada Trail Bridge",60767078.50,Works,NCB,In-Progress
CTP-46/076/77,Suspension Bridge Division (SBD),"Fabrication, Supply, Transportation, Construction and Erection of Dhobi Khola Trail Bridge",10170000.00,Works,NCB,Completed
CTP-23/076/77,Suspension Bridge Division (SBD),"Fabrication, Supply, Transportation, Construction and Erection of Kumaltar Bahuban, Fulmayadaha , Siddhi Khola, Bimire Narkate and Lahanitar Trail Bridges",48526720.00,Works,NCB,In-Progress
CTP-47/076/77,Suspension Bridge Division (SBD),"Fabrication, Supply, Transportation, Construction and Erection of Boudhhagumba Aalamdevi Trail Bridge",10169887.00,Works,NCB,Completed
CTP-25/076/77,Suspension Bridge Division (SBD),"Fabrication, Supply, Transportation, Construction and Erection of Chiping Khola and Likhubesi Pasaltar Trail Bridges",23769966.81,Works,NCB,In-Progress
IDO/LAMJUNG/NCB/W/DHO/01/076-077,"Infrastructure Development Office, Gorkha","Upgrading of Gorkha Hospital-Baraha -Phinam Road, Gorkha",98070561.71,Works,NCB,In-Progress
NCB-34/076/77,Suspension Bridge Division (SBD),"Fabrication, Supply, Transportation, Construction and Erection of Lalpani Multispan Trail Bridge",88308192.83,Works,NCB,In-Progress
CTP-48/076/77,Suspension Bridge Division (SBD),"Fabrication, Supply, Transportation, Construction and Erection of MulsamTrail Bridge",20038666.29,Works,NCB,In-Progress
NCB-35/076/77,Suspension Bridge Division (SBD),"Fabrication, Supply, Transportation, Construction and Erection of Indrawati Multispan Trail Bridge",66414323.90,Works,NCB,In-Progress
CTP-10/075/76,Suspension Bridge Division (SBD),"Fabrication, Supply, Transportation, Construction and Erection of Ghatapata, Devi Dhoganna, Ratapani Trail Bridge",20679000.00,Works,NCB,In-Progress
CTP-26/075/76,Suspension Bridge Division (SBD),"Fabrication, Supply, Transportation, Construction and Erection of Chepe, Kyogma Trail Bridge",31640000.00,Works,NCB,In-Progress
CTP-31/075/76,Suspension Bridge Division (SBD),"Fabrication, Supply, Transportation, Construction and Erection of Bokchegauda and Nalla Chhipra Trail Bridge",16929660.00,Works,NCB,In-Progress
CTP-32/075/76,Suspension Bridge Division (SBD),"Fabrication, Supply, Transportation, Construction and Erection of Dilbagar Ratadhunga Trail Bridge",9547370.00,Works,NCB,In-Progress
CTP-35/075/76,Suspension Bridge Division (SBD),"Fabrication, Supply, Transportation, Construction and Erection of Bartighat, Mal Trail Bridge",30849000.00,Works,NCB,In-Progress
CTP-36/075/76,Suspension Bridge Division (SBD),"Fabrication, Supply, Transportation, Construction and Erection of Fakland Tapu, Chisang Khola Trail Bridge",29176600.00,Works,NCB,In-Progress
BM/SQ/G/03/078-79(RE),"Beni Municipality Office of Municipal Executive,Beni ,Myagdi",Procurement Of Steel Parts of Chinakhet Steel Truss Bridge,1449714.74,Goods,Sealed Quotation,Completed
BM/SQ/G/04/078-79(RE),"Beni Municipality Office of Municipal Executive,Beni ,Myagdi",Procurement Of Steel Parts of Bhakimli thulo khola Steel Truss Bridge,1641697.90,Goods,Sealed Quotation,Completed
CTP-40/075/76,Suspension Bridge Division (SBD),"Fabrication, Supply, Transportation, Construction and Erection of Devasthal Kalikhola, Lopre, Devalkhalachour Trail Bridge",42332060.00,Works,NCB,In-Progress
CTP-02/074/75,Suspension Bridge Division (SBD),"Fabrication, Supply, Transportation, Construction and Erection of Thotne, Pilampa, Rawa (Jalapa) Trail Bridge",26442000.00,Works,NCB,In-Progress
CTP-06/074/75,Suspension Bridge Division (SBD),"Fabrication, Supply, Transportation, Construction and Erection of Deurali Odar, Rukumgad, Ri Khola Trail Bridge",27572000.00,Works,NCB,In-Progress
CTP-07/ 074/75,Suspension Bridge Division (SBD),"Fabrication, Supply, Transportation, Construction and Erection of Sanibheri Jyamirkhet, Tripurakot Trail Bridge",33893220.00,Works,NCB,In-Progress
CTP-49/076/77,Suspension Bridge Division (SBD),"Fabrication, Supply, Transportation, Construction and Erection of Sawa Khola Ratmate Tamakoshi (Khimti Jyamire) Trail Bridge",19210000.00,Works,NCB,In-Progress
CTP-16/074/75,Suspension Bridge Division (SBD),"Fabrication, Supply, Transportation, Construction and Erection of Pelma Tatopani Trail Bridge",42714000.00,Works,NCB,In-Progress
DROLTP/33701169-4/078/79-15,208 Road Division Lalitpur,Road Improvement Works on Lalitpur Konjosom Ga.pa. Nallu- Mahaankal Ga.Bi.Sa. Gothikhel Jodne Road.,12285784.00,Works,NCB,In-Progress
CTP-17/074/75,Suspension Bridge Division (SBD),"Fabrication, Supply, Transportation, Construction and Erection of Rawakhola (Rimkham), Balamta Rajapani, Sipakhola Trail Bridge",21299935.00,Works,NCB,In-Progress
DROLTP/33731011-3/078/79/016Re,208 Road Division Lalitpur,"Bio Engineering Works at Gwarko Lakuri Bhanjyang Road, Lalitpur",967320.68,Works,Sealed Quotation,In-Progress
CTP-50/076/77,Suspension Bridge Division (SBD),"Fabrication, Supply, Transportation, Construction and Erection of Purano Chainpur Madi Poklabang Bamsuwa Khola Trail Bridge",22713753.71,Works,NCB,In-Progress
DROLTP/33701137-4/078/79/019Re,208 Road Division Lalitpur,"Road Infrastructure Development works in Bogateshwor Mahadev Mandir- Godwari Khola Road, Mahalaxmi Na.Pa.05, Tikathali,Lalitpur",1882225.06,Works,Sealed Quotation,In-Progress
NCB-01/073/74,Suspension Bridge Division (SBD),"Fabrication, Supply, Transportation, Construction and Erection of Pathamari Multispan Trail Bridge",41229265.00,Works,NCB,In-Progress
DROLTP/33731011-3/078/79-022,208 Road Division Lalitpur,"Asphalt Pavement works in Champi Tikabhairab Road,Lalitpur",14358985.47,Works,NCB,In-Progress
CTP-2/073/74,Suspension Bridge Division (SBD),"Fabrication, Supply, Transportation, Construction and Erection of Igulbare and Rumalo Trail Bridge",24182000.00,Works,NCB,In-Progress
DROLTP/33701120-4/078/79-023(Re),208 Road Division Lalitpur,Road Upgrading works in Ishimod Dhapakhel Naagdaha chowk Jharuwa Barasi Road,14222495.92,Works,NCB,In-Progress
CTP-13/073/74,Suspension Bridge Division (SBD),"Fabrication, Supply, Transportation, Construction and Erection of Bugadghat Trail Bridge",5609000.21,Works,NCB,In-Progress
NSMC/NCB/W02/078-079,"Nepalgunj Sub Metropolitan Office, Banke",Store room construction work,2450061.40,Works,NCB,In-Progress
DROLTP/33701138-4/078/79-025,208 Road Division Lalitpur,Road Upgrading works in Lakuri Bhanjyang Manedovan Road (Package-1),29029172.46,Works,NCB,In-Progress
NCB-36/076/77,Suspension Bridge Division (SBD),"Fabrication, Supply, Transportation, Construction and Erection of Khanti Lakhang Gumba Multispan Trail Bridge",58266427.68,Works,NCB,In-Progress
NSMC/NCB/W10/078-079,"Nepalgunj Sub Metropolitan Office, Banke",Fultekra talau gherbar nirman karya,10805971.09,Works,NCB,In-Progress
NSMC/NCB/W07/078-079,"Nepalgunj Sub Metropolitan Office, Banke",Road construction work at different places of NSMC (package 2),11674027.66,Works,NCB,In-Progress
NCB-37/076/77,Suspension Bridge Division (SBD),"Fabrication, Supply, Transportation, Construction and Erection of Dhunge Khola Trail Bridge",21534304.07,Works,NCB,In-Progress
NCB-26/073/74,Suspension Bridge Division (SBD),"Fabrication, Supply, Transportation, Construction and Erection of Kutaghat Multispan Trail Bridge",43408541.20,Works,NCB,Completed
NCB-27/073/74,Suspension Bridge Division (SBD),"Fabrication, Supply, Transportation, Construction and Erection of Galfaghat Multispan Trail Bridge",49274557.98,Works,NCB,In-Progress
CTP-34/073/74,Suspension Bridge Division (SBD),"Fabrication, Supply, Transportation, Construction and Erection of Simli Garayal, Shyamka chola Trail Bridge",28745844.00,Works,NCB,In-Progress
NCB-38/076/77,Suspension Bridge Division (SBD),"Fabrication, Supply, Transportation, Construction and Erection of Kisne Khola Trail Bridge",33079599.65,Works,NCB,In-Progress
NCB-39/076/77,Suspension Bridge Division (SBD),"Fabrication, Supply, Transportation, Construction and Erection of Sahasibasti Trail Bridge",31581985.62,Works,NCB,In-Progress
NEA-BPICP-NCB-01/2078/79,"NEA, Engineering Services Directorate, Building and Physical Infrastructure Construction Project",Construction of NEA Office Buildings at Lainchaur and Bhagwanpaau,764033393.14,Works,NCB,In-Progress
04/078-079/NCB/Works/ISP/DWIED-Surkhet,"Directorate of Water Supply, Irrigation and Energy Development, Surkhet",Sovanchaur Lift ISP,3239247.53,Works,NCB,In-Progress
NSMC/NCB/W05/078-079,"Nepalgunj Sub Metropolitan Office, Banke",Road construction work at different places of NSMC (package 1),75234916.92,Works,NCB,In-Progress
NCB-37/072/73,Suspension Bridge Division (SBD),"Fabrication, Supply, Transportation, Construction and Erection of Satmerighat Trail Bridge",36576332.79,Works,NCB,In-Progress
01/078-079/NCB/Works/WSP/DWIED-Surkhet,"Directorate of Water Supply, Irrigation and Energy Development, Surkhet",Chhapre Lift WSP Gayakhola Scheme,27091636.92,Works,NCB,In-Progress
NCB-40/076/77,Suspension Bridge Division (SBD),"Fabrication, Supply, Transportation, Construction and Erection of Chisapani Bafardamar rail Bridge",23065253.73,Works,NCB,Completed
NSMC/NCB/W08/078-079,"Nepalgunj Sub Metropolitan Office, Banke",Road construction work at different places of NSMC (package 3),8670677.51,Works,NCB,In-Progress
02/078-079/NCB/Works/WSP/DWIED-Surkhet,"Directorate of Water Supply, Irrigation and Energy Development, Surkhet",Chhapre Lift WSP Sanni & Paisara Scheme,22940278.91,Works,NCB,In-Progress
NSMC/NCB/W09/078-079,"Nepalgunj Sub Metropolitan Office, Banke",Deep boring marmat sambhar karya,2696805.50,Works,NCB,In-Progress
DROLTP/33701138-4/078/79-026,208 Road Division Lalitpur,Road Upgrading works in Lakuri Bhanjyang Manedovan Road (Package-2),26685129.05,Works,NCB,In-Progress
DROLTP/33731011-3/078/079-030,208 Road Division Lalitpur,Periodic Maintenance of Gwarko - Lubhu- Lakuribhanjyang Road .,7632330.51,Works,NCB,In-Progress
DROLTP/33701136-4/078/079-032,208 Road Division Lalitpur,"Traffic Safety works in SRN / SURNs, Lalitpur",626798.01,Works,Sealed Quotation,In-Progress
DROLTP/33731011-3/078/079-034,208 Road Division Lalitpur,Supply work of construction materials at RD Lalitpur (Package -03),1694326.52,Works,Sealed Quotation,In-Progress
DROLTP/33731011-3/078/079-035,208 Road Division Lalitpur,Supply work of construction materials at RD Lalitpur (Package -04),1686773.60,Works,Sealed Quotation,In-Progress
DROLTP/33731011-3/078/079-036,208 Road Division Lalitpur,Specific Maintenance works in Bhoje pokhari -Imadole Road Lalitpur,1655869.23,Works,Sealed Quotation,Completed
CTP-17/071/72,Suspension Bridge Division (SBD),Triveni Maheshpur (Susta) Multispan Trail Bridge,236598807.90,Works,NCB,Completed
CTP-30/069/70,Suspension Bridge Division (SBD),Trivenidham (Balmiki Asram) Trail Bridge,58722385.69,Works,NCB,In-Progress
CTP-09/078/79,Suspension Bridge Division (SBD),"Fabrication, Supply, Transportation, Construction and Erection of Bhurchaur Raira Trail Bridge",23391000.00,Works,NCB,In-Progress
BDP/CONSTRUCTION/WORKS/NCB/03-078/79,"Bhadrapur Municipality, Jhapa",Construction of Administrative building at Ward-3,12432482.54,Works,NCB,Completed
BDP/CONSTRUCTION/WORKS/NCB/04-078/79,"Bhadrapur Municipality, Jhapa",Construction of 18 Nos of Mayor Santhal Aawas at Bhadrapur-3,7898560.97,Works,NCB,Completed
BDP/CONSTRUCTION/WORKS/NCB/02-078/79,"Bhadrapur Municipality, Jhapa","Construction of Municipality Building and Nagarprahari staff quarter building, Bhadrapur-6",47935339.42,Works,NCB,In-Progress
BDP/CONSTRUCTION/WORKS/NCB-002/077-78,"Bhadrapur Municipality, Jhapa",Construction of 8 roomed 2 storey classroom building at Himali School,8927905.92,Works,NCB,Completed
BDP/CONSTRUCTION/WORKS/NCB-003/077-78,"Bhadrapur Municipality, Jhapa","Construction of Science Park, Bhadrapur-9",0.00,Works,NCB,In-Progress
04/Bhadrapur/Mun/NCB/Works,"Bhadrapur Municipality, Jhapa",Construction work at Kamaldhap Simsar Chhetra,43803579.39,Works,NCB,In-Progress
BDP/ROAD/WORKS/NCB-003/77-78,"Bhadrapur Municipality, Jhapa",Blacktopped road Maintenance,2160158.14,Works,NCB,Completed
BDP/ROAD/WORKS/NCB-002/077-78,"Bhadrapur Municipality, Jhapa",Blacktopped road maintenance at ward-8,3729631.56,Works,NCB,Completed
BDP/ROAD/WORKS/NCB-001/077-78,"Bhadrapur Municipality, Jhapa","Blacktopped road maintenance at ward-1/2,9,10",2561582.88,Works,NCB,Completed
025/Bhadrapur/Mun/NCB/Works,"Bhadrapur Municipality, Jhapa",Construction of RCC drain from Janta chowk to Mechi Bhansar road ward-5/6,13981834.09,Works,NCB,Completed
016/Bhadrapur/Mun/NCB/Works,"Bhadrapur Municipality, Jhapa",Construction of Sagarmatha school building at ward-02,3697700.49,Works,NCB,Completed
019/Bhadrapur/Mun/NCB/Works,"Bhadrapur Municipality, Jhapa",Construction of Compound wall at Science park,2565360.84,Works,NCB,Completed
007/Bhadrapur/Mun/NCB/Works,"Bhadrapur Municipality, Jhapa",Construction of Compound wall at Science park-09,7386390.87,Works,NCB,Completed
09/Bhadrapur/Mun/NCB/Works,"Bhadrapur Municipality, Jhapa",Construction work of subsurface drain,7767721.10,Works,NCB,In-Progress
05/078/79/BSMC/Works/NCB,Butwal Sub-Metropolitan City,Construction of Black Top Road With Side Drain,20423682.83,Works,NCB,In-Progress
10/078/79/BSMC/Works/NCB,Butwal Sub-Metropolitan City,"Construction of Road with Side Drain and Culvert, Butwal-11, Devipath (Devsiddha Chowk to Simana Sadak)",18058875.95,Works,NCB,In-Progress
07/076-077/NCB/Works/WS/WSIEDO-Surkhet,"Directorate of Water Supply, Irrigation and Energy Development, Surkhet",Taranga Lift WSP,62731800.57,Works,NCB,In-Progress
03/078-079/NCB/Works/WSP/DWIED-Surkhet,"Directorate of Water Supply, Irrigation and Energy Development, Surkhet",Construction of Overhead Tank Bishalbazar,11129971.80,Works,NCB,In-Progress
WRIDDO/Kapilvastu/NCB/Gaddaghat.A-05/078-079,Water resources and Irrigation Development Division Kapilvastu,"Construction of Guide bund and afflux bund, Headworks, Canal lining, VRBs, Retaining wall and proportional divider of Gaddaghat IP",56463805.21,Works,NCB,In-Progress
WRIDDO/Kapilvastu/NCB/Gaddaghat.B-06/078-079,Water resources and Irrigation Development Division Kapilvastu,"Construction of Canal lining, Field outlet, Footbridge, drop structure and main canal reshaping of Gaddaghat IP",46691512.83,Works,NCB,In-Progress
RIDO-ARG-W-NCB-75-2077/078,"Road Infrastructure Development Office, Arghakhanchi","Upgrading of Patauti Durgaphat Kukhure Deurali Kharjyang Ranibas Simichaur Tamghas Road ( Patauti Durgaphat Kharjyang Section, Ch: 0+000 to 15+080)",179235803.43,Works,NCB,In-Progress
24-145-078-79-NCBW-KMC,Kathmandu Metropolitan City Office,"Road and Sewer Works at Shubhakamana Tole, Alkapuri Marg, Ekal Galli and Namuna Marga at KMC - 16",6233101.95,Works,NCB,In-Progress
RIDO-ARG-W-NCB-38-2077/078,"Road Infrastructure Development Office, Arghakhanchi",Upgrading of Sandhikharka-Gachhe-Dhikura-Dhancaur-Jukena-Jaluke- Lamatal-Badidamar-Chite-Rampur Road (Gachhe-Dhikura-Dhanchaur Todke Section),126205901.93,Works,NCB,Completed
RIDO-ARG-W-NCB-39-2077/078,"Road Infrastructure Development Office, Arghakhanchi",Upgrading of Chhatradev Ga.Pa. Pahuch Marg :Divarna Jarekhola Dharapati Chhtragunj Road (Chainage 0+000 to 13+800),218409864.58,Works,NCB,In-Progress
RIDO-ARG-W-NCB-69-2077/078,"Road Infrastructure Development Office, Arghakhanchi","Upgrading of Panini Rural Municipality Access Road : Ghumti Tingire (Adguri Durgaphat Section, Chainage 3+000 to 14+700)",142280822.22,Works,NCB,In-Progress
RIDO-ARG-W-NCB-40-2077/078,"Road Infrastructure Development Office, Arghakhanchi",Upgrading of Malarani RM Access Road : Chyandanda Diverna Khana Khanadaha Dandakatari Road (Chainage 0+000 to 16+000),214790425.14,Works,NCB,In-Progress
MBHPG/33701122/078-79/BC-09,"Madan Bhandari Road Project,Tamghas Gulmi","Construction of Simply Supported, Cast-in-Situ, 2 Webbed Pre-stressed Concrete Slab-Deck Bridge (2x30.0m Span, Total Length 64.15 m) over Nisti Khola along Kharibot - Chisapani Road, Gulmi",129299831.07,Works,NCB,In-Progress
RIDO-ARG-W-NCB-136-2076/077,"Road Infrastructure Development Office, Arghakhanchi",Upgrading of Sandhikharka-Balkot-Tamghas Road (Balkot-Neta Section),194990887.02,Works,NCB,In-Progress
MBRPG/33701122/078-79/BC-04,"Madan Bhandari Road Project,Tamghas Gulmi","Construction of Pre-stressed Concrete Bridge (1x40m Span, Total Length 41.2 m) over Panaha Khola at Simajhulkine , Gulmi",72189188.66,Works,NCB,In-Progress
RIDO-ARG-W-NCB-02-2078/079,"Road Infrastructure Development Office, Arghakhanchi","Upgrading of Sandhikharka-Gachhe-Dhikura-Dhancaur-Jukena-Jaluke- Lamatal-Badidamar-Chite-Rampur Road (Todke - Lamatal Section, Ch.: 18+160 to Ch.: 47+777)",264776538.33,Works,NCB,In-Progress
RIDOKAP/10134/NCB/078-79/111,"Road Infrastructure Development Office, Kapilvastu","BIMIHA CHOEK DEKHI MADHUNAGRA, MAHADEV, MADARGADH TO SOHSA ROAD, KAPILVASTU",97799327.07,Works,NCB,In-Progress
RIDOKAP/10134/NCB/078-79/112,"Road Infrastructure Development Office, Kapilvastu","CHAKARCHAURA-DOHANI-PACHEHARA ROAD, KAPILVASTU",53167809.05,Works,NCB,In-Progress
RIDOKAP/10134/NCB/078-79/113,"Road Infrastructure Development Office, Kapilvastu","LODDIH EAST BOX CULVERT CONSTRUCTION, KAPILVASTU",19776706.64,Works,NCB,In-Progress
RIDOKAP/10134/NCB/078-79/114,"Road Infrastructure Development Office, Kapilvastu","JHARUWA CHOWK DEKHI BITHUWA HUDAI CHOTI DIHWA TO NEPAL BORDER, KAPILVASTU",67708952.44,Works,NCB,In-Progress
17/078/79/BSMC/Works/NCB,Butwal Sub-Metropolitan City,"Construction of Black Top Road, Butwal-14, Belbhariya School to Mountain Truss",4749276.64,Works,NCB,In-Progress
22/078/79/BSMC/Works/NCB,Butwal Sub-Metropolitan City,"Construction of Black Top Road, Belbhariya Chowk to Krishi Bazar Karshaghat Bridge Second Package",7531078.75,Works,NCB,In-Progress
15/078/79/BSMC/Works/NCB,Butwal Sub-Metropolitan City,"Construction of Kulla Manch with Boundary Wall, Butwal-11, Devinagar",53239513.84,Works,NCB,In-Progress
22/RM/NCB/W/2078/079,"Rajapur Municipality Office, Rajapur",Construction of Community Building,2370775.90,Works,NCB,In-Progress
13/078/79/BSMC/Works/NCB,Butwal Sub-Metropolitan City,"Construction of Road with Side Drain and Footpath, Butwal-11, Rangasala Path",67014610.16,Works,NCB,In-Progress
19/078/79/BSMC/Works/NCB,Butwal Sub-Metropolitan City,"Construction of Black Top Road with Side Drain, Butwal 14, 15, 16 Imili Chowk to Binayakpur",25518202.39,Works,NCB,In-Progress
21/078/79/BSMC/Works/NCB,Butwal Sub-Metropolitan City,"Construction of Lumbini Sports Complex Covered Hall Phase-2, Butwal-06, Chandari",4503441.96,Works,NCB,In-Progress
35/RM/NCB/ W/2078/079,"Rajapur Municipality Office, Rajapur",Ward No 5 pahadipur dekhi ward no 10 Lalpur samma Blacktop road construction works Phase-2,38852744.04,Works,NCB,In-Progress
DoLI/RCIP/Works/NCB-01/2075/076,"Rural Connectivity Improvement Project (RCIP), Project Implementation Unit (PIU 1), Jhapa",Upgrading of Puspalal Chowk - Gachhiya Road,522473722.84,Works,NCB,In-Progress
BM/BHADRAPUR/JHAPA/01/072-73,"Bhadrapur Municipality, Jhapa",Construction of office building (Single storey RCC frame structure) of Bhadrapur Municipality,34431196.44,Works,NCB,In-Progress
36-BMC/2078/079/W/NCB/99,Bharatpur Metropolitian City Office,Construction of Administrative Building of Bharatpur Metropolitan City,533241138.06,Works,NCB,In-Progress
MDORP/337011694/078/79-08,North South Mulghat Dobhan Olangchunggola Road Project,Upgrading to Blacktop Road Standard of Basantapur-Guphapokhari-Sabhapokhari-Dhungesanghu-Dhoban-Taplejung Road (Madan Bhandari Marga) (Dobhan-Bahanande Section),339946626.29,Works,NCB,In-Progress
DROLTP/33701137/076/77-04,208 Road Division Lalitpur,"Road Infrastructure Development Program along Road Infrastructure Development Program along Thaiba-Dashare Road, Lalitpur",5823375.56,Works,NCB,In-Progress
DROLTP/337310113/076/77-020,208 Road Division Lalitpur,Reactive Maintenance works along LakuriVanjyang- Manedovan Road,3191030.73,Works,NCB,In-Progress
DROLTP/337011384/076/77-030,208 Road Division Lalitpur,Upgrading and Rehabilitation works along Lubhu-Lakuribhanjyang-Manedovan Road,34162900.09,Works,NCB,In-Progress
DROLTP/33701138-4/076/77-055,208 Road Division Lalitpur,Upgrading and Rehabilitation works along Godawari-Phulchowki Road(Package 2),42710160.12,Works,NCB,In-Progress
FWSSMP/WRAM/CRLWSP/01/NAG/078/79,"Federal Water Supply and Sewerage Management Project, Ramechhap",Construction of Nangedanda Large Pumping Water Supply Project works with 1-Year Operation and Maintenance,338711232.52,Works,NCB,In-Progress
24/075-076/NCB/Works/WSP/WSSDO-Surkhet,"Directorate of Water Supply, Irrigation and Energy Development, Surkhet",Todka Bhanjyang WSP,66404427.29,Works,NCB,In-Progress
01/076-077/NCB/Works/WS/WSIEDO-Surkhet,"Directorate of Water Supply, Irrigation and Energy Development, Surkhet",Dundure WSP,13740935.00,Works,NCB,In-Progress
NCB/20/GOC/074-075,"Directorate of Water Supply, Irrigation and Energy Development, Surkhet",Gochchhe Khola River Training Works.,28433837.44,Works,NCB,In-Progress
MYC-02-074-075-RMSO-Surkhet,"Directorate of Water Supply, Irrigation and Energy Development, Surkhet",Gasa WSP,49154301.30,Works,NCB,In-Progress
MYC-03-074-075-RMSO-Surkhet,"Directorate of Water Supply, Irrigation and Energy Development, Surkhet",Bhulke WSP,14410617.79,Works,NCB,In-Progress
KM/NCB/RD/078/079-06,"Kapilvastu Municipality, Office of Municipal Executive",Construction of Dangari Basantpur Road,2306994.21,Works,NCB,In-Progress
KM-NCB/RD/078/079-16,"Kapilvastu Municipality, Office of Municipal Executive",PCC Dhalan tatha Nali Nirman,1956395.71,Works,NCB,In-Progress
28-169-078-79-SQW-KMC,Kathmandu Metropolitan City Office,"Truss and Steel Crossing Works at Ratna Rajya Higher Secondary School, KMC - 10",4082967.40,Works,Sealed Quotation,In-Progress
24-148-078-79-NCBW-KMC,Kathmandu Metropolitan City Office,Sewerage Construction and Road Maintenance Works at New Plaza of KMC - 29,7276444.45,Works,NCB,In-Progress
20-90-078-79-NCBW-KMC,Kathmandu Metropolitan City Office,"Sewer and Road Construction at Yeti Tole, Kotdevi and Himali Marg, KMC - 32",9078514.65,Works,NCB,In-Progress
20-93-078-79-NCBW-KMC,Kathmandu Metropolitan City Office,"Black Topping Works at Ekta Marg and Surrounding Area Roads, KMC - 16",6063075.60,Works,NCB,In-Progress
21-105-078-79-NCBW-KMC,Kathmandu Metropolitan City Office,"Sewer and Road Construction Work at Milap, Paropakar, Rudra Marg, Milan Chowk, Bhrikuti Chowk, KMC - 6",13107008.67,Works,NCB,In-Progress
20-88-078-79-NCBW-KMC,Kathmandu Metropolitan City Office,"Road Construction Work at Araniko Marg, Sahitya Marg and Sinamangal, KMC - 09",3515568.00,Works,NCB,In-Progress
The Renewal of License of Security Appliances,"National Information Technology Center, Kathmandu",Nextgen Solutions Pvt Ltd,91275637.00,Goods,NCB,Completed
21-104-078-79-NCBW-KMC,Kathmandu Metropolitan City Office,"Stone, RCC and Block Paving Work at Ganeshsthan and Pannahiti, KMC - 7",4510912.30,Works,NCB,In-Progress
21-103-078-79-NCBW-KMC,Kathmandu Metropolitan City Office,"Road Construction Works at Dirghayu Hospital, Adarsha Basti Marg, Gangahiti Madhya and Anurag Marg, KMC - 7",6393635.80,Works,NCB,In-Progress
NITC/G/NCB-2/078-79,"National Information Technology Center, Kathmandu",World Distribution Nepal Pvt Ltd,28476000.00,Goods,NCB,Completed
27/078/79/BSMC/Works/NCB,Butwal Sub-Metropolitan City,"Construction of Black Topped Road (Phase-II), Rangashala Marga, Butwal-11",23248186.19,Works,NCB,In-Progress
28/078/79/BSMC/Works/NCB,Butwal Sub-Metropolitan City,"Construction of Tick Drain and Footpath, Butwal-11, Devipath, Devshiddha Chowk to Simana Sadak",10885695.59,Works,NCB,In-Progress
25/078/79/BSMC/Works/NCB,Butwal Sub-Metropolitan City,"Construction of Ward Office Building, Butwal-08, Rupandehi",25329403.06,Works,NCB,In-Progress
34/089/79/BSMC/Works/NCB,Butwal Sub-Metropolitan City,"Construction of Association Building, Butwal, Rupandehi",5445097.44,Works,NCB,In-Progress
24/078/79/BSMC/Works/NCB,Butwal Sub-Metropolitan City,"RCC Bedbar Construction at Tinau River, Butwal, Rupandehi",6529519.12,Works,NCB,In-Progress
38/078/79/BSMC/Works/NCB,Butwal Sub-Metropolitan City,"Road Maintenance Work, Butwal-05, Shantipath, Rupandehi",5227975.26,Works,NCB,In-Progress
39/077/078/NCB,Butwal Sub-Metropolitan City,"Construction of Boundary Wall, Butwal-10, Ramnagar",41076483.45,Works,NCB,In-Progress
imoilam/ncb/work/06-078/079,"Ilam Municipality, Office of the Municipal Executive, Ilam, Koshi Province, Nepal","Waste Management Center Construction, Ilam Municipality-09",28657873.24,Works,NCB,Completed
imoilam/ncb/work/002-078/079,"Ilam Municipality, Office of the Municipal Executive, Ilam, Koshi Province, Nepal","Milgolai Binapani Road Construction, Ilam Municipality-03",30818415.47,Works,NCB,Completed
imoilam/ncb/work/01-078/079,"Ilam Municipality, Office of the Municipal Executive, Ilam, Koshi Province, Nepal","Ribs Sumbek Road Construction (Blacktop), Ilam Municipality-05 & 02",7901863.71,Works,NCB,Completed
PEP3/BKRTMW/NCB-01/078/079,"People's Embankment Program, Field Office No. 3, Sarlahi",Bank Protection with Step Revetment with Launching at bake River,7519482.36,Works,NCB,Completed
imoilam/ncb/work/05-078/079,"Ilam Municipality, Office of the Municipal Executive, Ilam, Koshi Province, Nepal",Kiratchowk to Ruluk Road Improvement,1976958.11,Works,NCB,In-Progress
Nagarjun/NCB/W/20/2078-79,Nagarjun Municipality,Aadharbhut Swasthya Sewa Kendra Bhawan Ward No. 1,2891505.17,Works,NCB,In-Progress
BRM/NCB/WORKS/21/2078-079,Bandipur Rural Municipality,Construction of Bangaesimal Water Supply Project,5806276.12,Works,NCB,Completed
BRM/NCB/WORKS/SQ/19/2078-079,Bandipur Rural Municipality,Construction of First Floor of Bandipur Hospital.,1942733.28,Works,Sealed Quotation,Completed
28-172-078-79-NCBW-KMC,Kathmandu Metropolitan City Office,"Sewer Upgrade and Road Construction Works at Koteshwor Aishwarya Marga, KMC -32",9260724.50,Works,NCB,In-Progress
KM/NCB/BDG/078/079/25,"Kapilvastu Municipality, Office of Municipal Executive",Samudayik Bhawan Nirman Dharmapaniya Ward no.7,1567034.65,Works,NCB,In-Progress
21-107-078-079-NCBW-KMC,Kathmandu Metropolitan City Office,"SATTAL CONSTRUCTION WORK AT GAGANESHWOR PREMISES,KOTESHWOR MAHADEVSTHAN,KMC-32",13125878.60,Works,NCB,In-Progress
20-92-078-79-NCBW-KMC,Kathmandu Metropolitan City Office,"ROAD BLACKTOP WORKS AT NAGESWAR MARGA AND KHAIBA MARGA,KMC-06",18276710.56,Works,NCB,In-Progress
23-131-078-079-SQW-KMC,Kathmandu Metropolitan City Office,"Retaining Wall Construction and Protection Works at Pipali Bihar, KMC-7 (Re-Notice)",2797233.60,Works,Sealed Quotation,In-Progress
19-76-078-79-NCBW-KMC,Kathmandu Metropolitan City Office,"R.C.C ROAD CONSTRUCTION WORKS AT BIJAY MARG,KMC-13",4116961.35,Works,NCB,In-Progress
KM/NCB/RD/078/079/27,"Kapilvastu Municipality, Office of Municipal Executive",Baludyan tatha bajar saundirakaran wrad no1,2779762.99,Works,NCB,In-Progress
KM/NCB/LI/078/079-30,"Kapilvastu Municipality, Office of Municipal Executive",Construction of Lift Irrigation at KMNP-12 Piparahawa,11084631.65,Works,NCB,In-Progress
KM/NCB/DWT/078/079-31,"Kapilvastu Municipality, Office of Municipal Executive",Construction of Deep Tube well at KMNP-12 Bithuwa,4018094.00,Works,NCB,In-Progress
Nagarjun/NCB/W/21/2078-79,Nagarjun Municipality,Aadharbhut Swasthya Sewa Kendra Bhawan Ward No. 7,3894836.96,Works,NCB,In-Progress
21-111-078-79-NCBW-KMC,Kathmandu Metropolitan City Office,"ROAD UPGRADING WORKS AT SINAMANGAL LAND-POOLING AREA,KMC-32(RE-NOTICE)",30572100.00,Works,NCB,In-Progress
27-162-078-79-SQW-KMC,Kathmandu Metropolitan City Office,"SEWER UPGRADE AND ROAD CONSTRUCTION WORKS AT NAREPHANT RAJA MANDEV MARGA,OM NAMOH MARGA AND BHAGAWAN KRIPA MARGA,KMC-32(RE-NOTICE)",3539292.50,Works,Sealed Quotation,In-Progress
18-71-078-79-NCBW-KMC,Kathmandu Metropolitan City Office,"CONSTRUCTION OF ROAD AT JANA JAGRITI MARGA,KMC-16",16938433.80,Works,NCB,In-Progress
KM/NCB/RD/078/079-34,"Kapilvastu Municipality, Office of Municipal Executive",Hulaki sadak dekhi paschim dohani swasthya chauki samma ra kacharihawa gaun ko purwa jane bato ramnaresh paswan ko ghar samma pcc purba dohani chowk dekhi bagaiha jane bato samma sadak kalopatre,2741073.95,Works,NCB,In-Progress
KM/NCB/RD/078/079-35,"Kapilvastu Municipality, Office of Municipal Executive",Sadak nirman jamohara khanda jamohari derwa bishwanbharpur sano sadwa khanda chaubis hajar naryan gywaliko ghar jane bato,3533424.56,Works,NCB,In-Progress
13-44-078-079-NCBW-KMC,Kathmandu Metropolitan City Office,"ROAD MAINTENANCE AND UPGRADING WORKS AT MAALIKA MARG,KMC-14",4105336.30,Works,NCB,In-Progress
KM/NCB/BDG/078/079-42,"Kapilvastu Municipality, Office of Municipal Executive","Bansraj barai ko ghar dekhi unish darjiko ghar samma ,satram murao ko ghar dekhi makbulmiyako ghari samma,prahalad muroko ghar dekhi makbulmiyako ghar sammko sadak pcc dhalan ra ghirao pasiko ghar dek",1660491.84,Works,NCB,In-Progress
KM/NCB/BDG/078/079-43,"Kapilvastu Municipality, Office of Municipal Executive",Shree Ram Janki Adharbhut Vidhyalaya KMNP-02 Semarahawa,2327692.26,Works,NCB,In-Progress
19-77-078-79-NCBW-KMC,Kathmandu Metropolitan City Office,"CONSTRUCTION OF PARK AT BAKOT HILL,CHABAHIL,KMC-07",3612302.90,Works,NCB,In-Progress
19-75-078-079-NCBW-KMC,Kathmandu Metropolitan City Office,"ROAD MAINTENANCE AND UPGRADING WORKS AT JAGATSUNDAR MARG,KUSUMBIYALACHI,KMC-25",4706496.50,Works,NCB,In-Progress
14-55-077-78-NCBW-KMC,Kathmandu Metropolitan City Office,"ROAD CONSTRUCTION WORK AT JODAL ANNAPURNA CHOWK TO BANASTHALI ROAD,KMC-15",4495655.40,Works,NCB,In-Progress
KM/RD/077/078-53,"Kapilvastu Municipality, Office of Municipal Executive",Upgrading of Piparahawa Bithuwa Sauraha Road,41682495.10,Works,NCB,In-Progress
13-52-078-79-NCBW-KMC,Kathmandu Metropolitan City Office,"SEWER AND ROAD CONSTRUCTION WORK AT KUMARIGAL BIJAYA MARG,KMC-13",4101848.50,Works,NCB,In-Progress
KM/RD/077/078-54,"Kapilvastu Municipality, Office of Municipal Executive",Upgrading of Reshoin Shanti Bihar Tilaurakot Paschim Gate Aurahiya Road,27107906.11,Works,NCB,In-Progress
13-50-078-079-NCBW-KMC,Kathmandu Metropolitan City Office,"SEWER AND ROAD CONSTRUCTION WORKS AT NAAYAPACHO MARG,KMC-21",6043056.50,Works,NCB,In-Progress
15-60-078-79-NCBW-KMC,Kathmandu Metropolitan City Office,"ROAD UPGRADING WORK AT FULBARI DHUNGEDHARA,SANTI TOLE AND SAIRAM MARGA, KMC-32",6505555.80,Works,NCB,In-Progress
19-78-078-79-NCBW-KMC,Kathmandu Metropolitan City Office,"ROAD AND SEWERAGE CONSTRUCTION WORK AT GHATTEKULO CHOWK- DHAMALA DAIRY- PATHIBHARA MARG- CHANDAN MARG, KMC-29",11376851.85,Works,NCB,In-Progress
KM/GATE/077/078-84,"Kapilvastu Municipality, Office of Municipal Executive","CONSTRUCTION OF GATE AT JUNCTION OF JEETPUR TAULIHAWA ROAD AND GORUSINGHE TAULIHAWA ROAD (VIKCHU CHOWK), KAPILVASTU",8288056.55,Works,NCB,In-Progress
17-66-078-079-NCBW-KMC,Kathmandu Metropolitan City Office,"ROAD UPGRADING WORKS AT DALLU AWASH,KMC-15",12842004.50,Works,NCB,In-Progress
21-115-078-79-SQW-KMC,Kathmandu Metropolitan City Office,"SEWER AND BLOCK PAVING WORKS AT SHREE NAGAR TOLE,MHEPI MARG,KMC-16(RE-NOTICE)",2911971.16,Works,Sealed Quotation,In-Progress
21-110-078-79-SQW-KMC,Kathmandu Metropolitan City Office,RCC ROAD CONSTRUCTION AND BLOCK PAVING WORKS AT DORA CANAL MARGA KO SAKHA BATO KHARIBOT BANASTHALI AND UTTAR MARGA MHEPI AT KMC-16,2479217.00,Works,Sealed Quotation,In-Progress
15-62-078-079-NCBW-KMC,Kathmandu Metropolitan City Office,"SEWER AND ROAD MAINTENANCE WORK AT SAHAMATIMAGA,KMC-2",3886930.70,Works,NCB,In-Progress
21-109-078-79-SQW-KMC,Kathmandu Metropolitan City Office,"BLOCK PAVING WORKS AT NEPAL CHILDREN'S ORGANIZATION(BALMANDIR SCHOOL),KMC-1",1984335.00,Works,Sealed Quotation,In-Progress
19-74-078-79-NCBW-KMC,Kathmandu Metropolitan City Office,"R.C.C ROAD CONSTRUCTION WORKS AT KULESWOR MAHADEV TEMPLE TO NAYA POOL, KULESWOR, KMC-14",6324363.50,Works,NCB,In-Progress
27-164-078-79-SQW-KMC,Kathmandu Metropolitan City Office,ROAD CONSTRUCTION WORKS AT JANAHIT MARGA KMC-16 (RE-NOTICE),3660124.50,Works,Sealed Quotation,In-Progress
27-160-078-79SQW-KMC,Kathmandu Metropolitan City Office,MAINTENANCE AND UPGRADING OF PANCHA KUMARI COVERED HALL AT KMC-09 (RE-NOTICE),1529079.10,Works,Sealed Quotation,In-Progress
RE-38-BMC/2078/079/W/SQ/104,Bharatpur Metropolitian City Office,"Mathillo Bhorle Krishi Sadak Nirmaan, BMC-29",1223533.73,Works,Sealed Quotation,Completed
19-79-078-79-SQW-KMC,Kathmandu Metropolitan City Office,ROAD CONSTRUCTION WORKS AT PRAYAG MARG NEAR KHUMBILA HOTEL AT KMC-09 (RE-NOTICE),3698565.00,Works,Sealed Quotation,In-Progress
14-57-077-078-NCBW-KMC,Kathmandu Metropolitan City Office,"ROAD UPGRADING WORK AT KSITIZ MARG,MINBHAWAN MARG AND ANNAPURNA GALLI,KMC-31",8187221.20,Works,NCB,In-Progress
12-42-078-079-079-NCBG-KMC,Kathmandu Metropolitan City Office,"ROAD CONSTRUCTION WORK AT CHALCHA MARG BAHITI TO SANTI NAGAR, KMC-15",8046249.00,Works,NCB,In-Progress
21-113-078-79-SQW-KMC,Kathmandu Metropolitan City Office,"ROAD CONSTRUCTION WORK AT BAJRESWORI MARG, KMC-9 (RE-NOTICE)",3511970.00,Works,Sealed Quotation,In-Progress
15-59-078-079-NCBW-KMC,Kathmandu Metropolitan City Office,"ROAD MAINTENANCE AND UPGRADING WORKS AT NURSERY MARGA,KMC-2",3001023.00,Works,NCB,In-Progress
20-89-078-79-NCBW-KMC,Kathmandu Metropolitan City Office,"ROAD CONSTRUCTION WORKS AT SATYA,BASAHA,SAMMELAN AND HARIYALI BASTI MARG,KMC-16",6371013.60,Works,NCB,In-Progress
24-142-078-79-NCBG-KMC,Kathmandu Metropolitan City Office,SUPPLY AND DELIVERY OF PESTICIDES AT KMC,5259870.00,Goods,NCB,In-Progress
21-101-078-79-NCBG-KMC,Kathmandu Metropolitan City Office,SUPPLY AND DELIVERY OF ELECTRIC STOVES AT KMC,8536500.00,Goods,NCB,In-Progress
21-112-078-79-SQW-KMC,Kathmandu Metropolitan City Office,"BUIDING MAINTENANCE AND REPAIR WORK AT BUDDHANAGAR AADHARBHUT SCHOOL,KMC-10 (RE-NOTICE)",1494444.40,Works,Sealed Quotation,In-Progress
19-81-078-79-SQW-KMC,Kathmandu Metropolitan City Office,"RANIBARI PORPA AJIMA PARK CONSTRUCTION WORKS, KMC-03",1461979.50,Works,Sealed Quotation,In-Progress
27-163-078-79-SQW-KMC,Kathmandu Metropolitan City Office,ROAD MAINTENANCE AND UPGRADING WORKS AT CHANDRAMUKHI MARGA KMC-4 (RE-NOTICE),2660848.00,Works,Sealed Quotation,In-Progress
21-100-078-79-NCBG-KMC,Kathmandu Metropolitan City Office,SUPPLY AND DELIVERY OF PCR AND ANTIGEN TEST RELATED MATERIALS AT KMC,1469500.00,Goods,NCB,In-Progress
21-99-078-79-NCBG-KMC,Kathmandu Metropolitan City Office,SUPPLY AND DELIVERY OF DRINKING WATER AT KMC,1972500.00,Goods,NCB,In-Progress
20-91-078-79-SQG-KMC,Kathmandu Metropolitan City Office,SUPPLYING AND DELIVERY OF MISCELLANEOUS GOODS AT KMC,391209.00,Goods,Sealed Quotation,In-Progress
26-158-078-079-NCBG-KMC,Kathmandu Metropolitan City Office,SUPPLY AND DELIVERY OF MEDICINE AND MEDICAL GOODS AT KMC,11168040.00,Goods,NCB,In-Progress
25-154-078-79-SQG-KMC,Kathmandu Metropolitan City Office,SUPPLY AND DELIVERY OF LEAF SPRING AND OTHER MAINTENANCE WORKS FOR HEAVY VEHICLES AT KMC (RE-nOTICE),1758700.00,Goods,Sealed Quotation,In-Progress
DROLTP/33701120-4/076/77-067,208 Road Division Lalitpur,Road Improvement & extension works Imadol Police station-Wochu sitapakha-1 number dhara-Morepati -koji home Kamalpokhari,6352581.33,Works,NCB,In-Progress
DROLTP/3371653/072/073-008,208 Road Division Lalitpur,"Periodic maintenance works, Mangal Bazar-Kumaripati, Iti Pragpokhari Road",8098355.74,Works,NCB,In-Progress
23-118-078-79-SQW-KMC,Kathmandu Metropolitan City Office,CONSTRUCTION OF KAMPUKOT PATI AT KMC-24,1699527.50,Works,Sealed Quotation,In-Progress
23-126-078-79-SQW-KMC,Kathmandu Metropolitan City Office,RECONSTRUCTION OF MARU FALCHA AT KMC-19,2121232.40,Works,Sealed Quotation,In-Progress
20-94-078-79-NCBW-KMC,Kathmandu Metropolitan City Office,"RECONSTRUCTION OF DHALASIKWO BAHA,KWA PA DYO CHHEN,KMC-27",6341587.80,Works,NCB,In-Progress
20-95-078-79-NCBW-KMC,Kathmandu Metropolitan City Office,"RECONSTRUCTION OF CHA BAHA: (KARNAKETU MAHAVIHAR) DYO CHHEN,KMC-25",7077584.20,Works,NCB,In-Progress
24-144-078-79-NCBW-KMC,Kathmandu Metropolitan City Office,"RECONSTRUCTION OF RATNAKETU MAHAVIHAR, KWA PA DYO CHHEN, KMC-25",9143309.42,Works,NCB,In-Progress
18-70-078-79-NCBW-KMC,Kathmandu Metropolitan City Office,"SEWER CONSTRUCTION WORKS AT JODAL,KMC-15",13383420.00,Works,NCB,In-Progress
DROLTP/33701120-4/077/78-018,208 Road Division Lalitpur,Road Extention Works in Rato Pool of Godawari River to Balkumari Balkot Road.,1887369.80,Works,NCB,In-Progress
DROLTP/33701120-4/077/78-019,208 Road Division Lalitpur,Road Extention Works in Siddheswor-Anuli Rajkulo Road.,2424877.44,Works,NCB,In-Progress
DROLTP/33701120-4/077/078-039,208 Road Division Lalitpur,"Road Surface Imorivement and Upgrading of Rastrapati Marga – Malpokhari – Dhobighat Road, Lalitpur",2261258.91,Works,NCB,In-Progress
DROLTP/33731011-3/077/078-040,208 Road Division Lalitpur,"Recurrent Maintenance Works along Lubhu Sallaghari Road., Lalitpur",2952095.50,Works,NCB,In-Progress
DROLTP/33731011-3/077/078-044,208 Road Division Lalitpur,"Specific Maintenance of Road of Hattiban Godawari Area, Dhobighat-Pulchowk Bhanimandal Road.",2907271.31,Works,NCB,In-Progress
DROLTP/33731011-3/077/078-049,208 Road Division Lalitpur,Specific Maintenance Works (Footpath Maintenance) at Different Chainage of Road of Lalitpur District.,6956258.36,Works,NCB,In-Progress
DROLTP/33701120-4/077/078/068,208 Road Division Lalitpur,"Road Extension Works along Kusunti Bistapakha ( Sugam Margha),lalitpur",10015378.23,Works,NCB,In-Progress
DROLTP/33731011-3/077/078-052,208 Road Division Lalitpur,Periodic Maintenance along Balkhu-Bagdol Road(Pacakage 2) Lalitpur,7064265.57,Works,NCB,In-Progress
RRM/NCB/ROAD/W/13/2078/079,"Rapti Rural Minicipality, Dang",Construction Of Dolai Khola-Paharuwa-Kalapani Road,8005021.33,Works,NCB,Completed
RRM/NCB/W/29/2078/079,"Rapti Rural Minicipality, Dang",Construction Of RCC Box Culvert along devikot road at Sungure Khola,5914944.84,Works,NCB,In-Progress
UDBOKASKI/NCB/W/11/2078/079,"Urban Development and Building Office, Kaski, Gandaki Province","Construction of Various Infrastructures &amp; Landscaping Works at Mahendra Cave, Pokhara-16",85893818.38,Works,NCB,In-Progress
29-175-078-79-NCBW-KMC,Kathmandu Metropolitan City Office,BLACKTOP PAVEMENT WORKS AT JANASAHAYOG MARGA AND EKTA MARGA AT KMC-31,15446544.60,Works,NCB,In-Progress
24-140-078-79-NCBW-KMC,Kathmandu Metropolitan City Office,CONSTRUCTION OF FOOTPATH FROM GAUSALA TO OLD BANESHWOR AT KMC-9,19193549.68,Works,NCB,In-Progress
24-138-078-79-NCBW-KMC,Kathmandu Metropolitan City Office,ROAD CONSTRUCTION WORKS AT VARIOUS PLACES OF KMC-26,18780328.50,Works,NCB,In-Progress
24-141-078-79-NCBW-KMC,Kathmandu Metropolitan City Office,BALAJU BAISDHARA PARK DEVELOPMENT AND SWIMMING POOL RECONSTRUCTION WORKS,59779221.60,Works,NCB,In-Progress
DROLTP/33701120-4/077/78-037(Re),208 Road Division Lalitpur,"Premix Carpeting Work in MotiRajkulo-Mahalaxmi-5,Moteshwor, Lalitpur",840239.77,Works,NCB,In-Progress
30-193-078-79-SQW-KMC,Kathmandu Metropolitan City Office,"BRICK PAVING WORKS AT ALKA MARG,GAAI BACHHA CHOWK KMC-13 (RE-NOTICE)",3280846.50,Works,Sealed Quotation,In-Progress
24-149-078-79-NCBW-KMC,Kathmandu Metropolitan City Office,"REHABILITATION OF BALMANDIR BUILDING AT SIPHAL,KMC",7549561.00,Works,NCB,In-Progress
RDSPR/337011764/078/79/018,DRO Shivapur,"Pawora-Pipara-Chakadchauda Road, Kapilvastu (10.5km)",129860623.15,Works,NCB,In-Progress
RDSPR/3373101384/078/79/026,DRO Shivapur,Landslide Protection Works on Mahendra Rajmarg. Dhankhola Section (Ch 659+000 to 675+000,6955825.50,Works,NCB,Completed
RDSPR/337011764/078/79/027,DRO Shivapur,"Construction of Blacktop Road with cross and side Drainage works on Krishnanagar-Sirsihawa-Balanagar-Laalpur-Jhulaniya-Choraha, Kapilvatu.",176882496.26,Works,NCB,In-Progress
RDSPR/337011764/078/79/028,DRO Shivapur,"Construction of Blacktop Road with Cross and Side Drainage Works on Mojdpur - Suntanwapur - Belashpur - Sihakhor - Kopawash, Kapilvastu",179635284.47,Works,NCB,In-Progress
RDSPR/337011694/078/79/029,DRO Shivapur,"Black Top Works on Pachera Bargdwa Uchadiwa Kothi Nadi Antargat Bargdwa Bankatwa Road, Kapilvastu",2865390.26,Works,NCB,In-Progress
RDSPR/337011694/078/79/030,DRO Shivapur,"Black Top and Drain Works on Buddhabhumi Nagarpalika 10 Bich Gauri Chock To Maharajgang Nagarpalika 1 Road, Kapilvastu",5370587.82,Works,NCB,In-Progress
RDSPR/3373101134/078/79/31,DRO Shivapur,Landslide Protection Works at CH 20+250 - CH 21+800 along Gorusinge-Sandhikharka Section,6904228.32,Works,NCB,In-Progress
DROLTP/33731011-3/077/078-030,208 Road Division Lalitpur,Periodic Maintenance of Gwarko-Lakuribhanjhyang-Mane Dovan Road,29561672.12,Works,NCB,In-Progress
RDSPR/337011764/078/79/032,DRO Shivapur,"Improvement of Road by Construction of Roadway Structures, Cross &Side Drain works, Blacktop Works, Earthworks and Miscellaneous works at Vikramsota - Damar - Mandre - Supakhola - Khachikot - nuwakot",206763422.40,Works,NCB,In-Progress
DROLTP/33731011-3/077/078-028,208 Road Division Lalitpur,Periodic Maintenance of Balkhu-Bagdol Road.,14011714.28,Works,NCB,In-Progress
RDSPR/337077384/078/79/033,DRO Shivapur,Improvement of Road by Construction of Gabion Structure,1576350.00,Works,NCB,Completed
DROLTP/33731011-3/077/078-027,208 Road Division Lalitpur,Periodic Maintenance of Chapagau-Bajrabarahi-Santaneshwor Road.,15890074.61,Works,NCB,In-Progress
RDSPR/3373101134/078/79/034,DRO Shivapur,"Reactive Maintenance Works on Gorusinge-Sandhikharka Road at Chakla-Bhuwanpata (CH 30+000-43+000), Arghakhanchi",8367587.16,Works,NCB,In-Progress
RDSPR/3373101134/078/79/035,DRO Shivapur,"Reactive Maintenance Works on Gorusinge-Sandhikharka Road at Bhuwanpata-Dahakhola (CH 43+000-58+000), Arghakhanchi",8258999.25,Works,NCB,In-Progress
RDSPR/3373101134/078/79/036,DRO Shivapur,Reactive Maintenance Works on MRM (Gorusinghe Bazar (CH. 634+000)-Dhan Khola (CH. 675+000) section).,8906115.10,Works,NCB,Completed
43/NCB/TM/W/2078-79,"Tokha Municipality, Office of the Municipal Executive","Shivapuri Khanepani Nirman, ward-02",3927264.45,Works,NCB,In-Progress
RDSPR/3373101134/078/79/038,DRO Shivapur,"Reactive Maintenance works along Jitpur-Taulihawa-Khunuwa NH50 Road and Paththarkot Gorusinghe-Taulihawa NH51 Road, Kapilvastu",2765330.91,Works,NCB,In-Progress
RDSPR/3373101134/078/79/039,DRO Shivapur,"Reactive Maintenance work on MRM at Kothi-Dhankhola Section, Kapilvastu",2665802.77,Works,NCB,In-Progress
RDSPR/3373101134/078/79/040,DRO Shivapur,"Reactive Maintenance works on Paththarkot to Sandhikharka Section (Ch 11+000-68+000) along Gorusinghe-Sandhikharka Road, Arghakhanchi",14970298.64,Works,NCB,In-Progress
44/NCB/TM/W/2078-79,"Tokha Municipality, Office of the Municipal Executive","Chandesori Ma.Bi. Bhawan Nirman, ward-02",1973602.20,Works,NCB,In-Progress
RDSPR/33711384/078/79/041,DRO Shivapur,"Upgrading & Improvement works at Paththarkot - Fudband Section (Ch 11+000-65+000) along Gorusinghe - Sandhikharka Road, Arghakhanchi",22710421.51,Works,NCB,In-Progress
29-174-078-79-SQG-KMC,Kathmandu Metropolitan City Office,SUPPLY AND DELIVERY OF DESKTOP COMPUTER AND PRINTER AT KMC,1051200.00,Goods,Sealed Quotation,In-Progress
45/NCB/TM/W/2078-79,"Tokha Municipality, Office of the Municipal Executive","Construction of Hall and Fininshing works at Tilingtar Ma.Bi. Block B, ward-07",7700686.65,Works,NCB,In-Progress
50/NCB/TM/W/2078-79,"Tokha Municipality, Office of the Municipal Executive",Villi-Panchetar-Iko-Bakhundol Road upgrade ward 02 & 03 (Phase 02),5888756.00,Works,NCB,Completed
53/NCB/TM/W/2078-79,"Tokha Municipality, Office of the Municipal Executive",Samudayak Bhawan Mahadevtarko istarunati tatha talla thap ward-11,2168850.90,Works,NCB,Completed
23-122-078-79-NCBG-KMC,Kathmandu Metropolitan City Office,SUPPLY AND DELIVERY OF DIFFERENT AUTOMOTIVE BATTERIES AT KMC,2736000.00,Goods,NCB,In-Progress
23-121-078-79-NCBG-KMC,Kathmandu Metropolitan City Office,SUPPLY AND DELIVERY OF MISCELLANEOUS GOODS FOR SANITATION WORKERS AT KMC,2585500.00,Goods,NCB,In-Progress
DROLTP/33701136-4/077/78-056,208 Road Division Lalitpur,"Road Safety Works (Installation of Deblineators post and Traffic sign post) at Lakuri-Manedovan, Godawari-Pulchowk & Champi-Tikabhairav Road, Lalitpur",1524285.00,Works,NCB,In-Progress
MOUD/LTDC/NCB/Work/20?078/79,Lamahi Town Development Committee,Black Top Road,22488618.00,Works,NCB,Completed
MOUD/LTDC/NCB/Work/19/2078/79,Lamahi Town Development Committee,Footpath Road Construction,7291506.01,Works,NCB,Completed
MOUD/LAMAHI/TDC/NCB/Work/08/078/79,Lamahi Town Development Committee,Terminal building construction,73149540.91,Works,NCB,In-Progress
RRM/NCB/W/01/2078/079,"Rapti Rural Minicipality, Dang",Construction of ward no 4 office building,9982279.06,Works,NCB,In-Progress
RRM/NCB/ROAD/W/12/2078/079,"Rapti Rural Minicipality, Dang",Costruction Of Rapti Ring Road (Sisahaniya Milan chowk-Basantapur section),41787840.45,Works,NCB,In-Progress
RRM/NCB/BRIDGE/W/28/2078/079,"Rapti Rural Minicipality, Dang",Construction Of Pipari Khola Bridge along Kohaluwa Judpani road,32933313.76,Works,NCB,In-Progress
RDSPR/3373101134/078/79/042 Re,DRO Shivapur,"Periodic Maintenance works on Patharkot-Chakla & Ghumti-Sandhikharka Section along Gorusinge sandhikharka Road, Arghakhanchi",2604054.49,Works,NCB,In-Progress
RDSPR/337011384/078/79/043,DRO Shivapur,"Road Improvement Works at Fudbang-Sandhikharka Section (Ch 65+000 - 69+000) along Gorusinghe-Sandhikharka Road NH51, Arghakhanchi",28193282.32,Works,NCB,In-Progress
RDSPR/337011384/078/79/044,DRO Shivapur,"Road Improvement Works at Pirapani-Narpani Section (Ch 14+000 - 50+000) along Gorusinghe-Sandhikharka Road NH51, Arghakhanchi",46303922.71,Works,NCB,In-Progress
RDSPR/33701169/078-79/045,DRO Shivapur,"Ratafale-Jagata hudai Rattari Road and Thada-Jaluke hudai Lamatal Road, Arghakhanchi",10952712.10,Works,NCB,In-Progress
RDSPR/337011384/079/80/001,DRO Shivapur,"Upgrading and Improvement Works on Mahendra Rajmarg. ( Kothi ( CH-614+585)-Dhan khola ( CH-675+000) Section)., Kapilvastu",40986149.70,Works,NCB,In-Progress
RDSPR/3373101134/079/80/002,DRO Shivapur,Periodic Maintenance Works in MRM (Chainage 634+600 to 659+000,20933258.64,Works,NCB,In-Progress
RDSPR/33701169/079/80/003,DRO Shivapur,"Malarani 7-Jureli chaur-Dadakharka-Baraharukha-Sainakharka hudai Betthala Road and Malarani 7-Indreta chok-Bajapata-Gahate-Ratamata-Khanibas hudai Bamruk Netaka pokhara Road, Arghakhanchi",7749494.28,Works,NCB,In-Progress
RDSPR/33701169/079/80/004,DRO Shivapur,"Black Top Works on Taulihawa-08, Dohoni Pachera Road, Kapilvastu",7211644.14,Works,NCB,In-Progress
RDSPR/33701169/079/80/005,DRO Shivapur,"Upgrading and Improvement of Jitpur- Taulihawa- Khunuwa NH50 Road from Chainage 22+310 to Chainage 30+500, Kapilvastu",41632207.81,Works,NCB,In-Progress
RDSPR/33701169/079/80/006,DRO Shivapur,Roadway Improvement Works along Mayadevi Gaupalika Wada no. 3 Bichauwapur dekhi Dumariya–Rajawapur–Duwaripur-Baluhawa-Ganeshpur-Gaura Hudai Tulsidihawa Samma Sadak and Haribanshapur–Winiha–Sohasa Sada,7099081.57,Works,NCB,In-Progress
RDSPR/33701169/079/80/007,DRO Shivapur,Roadway Improvement Works along Krishnanagar Na.Pa. Wada No. 11 Finda Dekhi Bijayanagar Ga.Pa. Wada No. 4 Tripalnagar Samma Bato 10 km Road and Bijayanagar Gaupalika 6 dekhi Shivraj Nagarpalika Sadak,7666449.70,Works,NCB,In-Progress
RDSPR/33701138/079-80/08,DRO Shivapur,"Improvement of Road by Construction of Roadway Structures, Cross Drain Structure and Earthworks at (Ghorakhori-Nuwakot) and (Bhedirakhne-Khanadaha) section of Bhalubang-Nuwakot-Khanadaha-Kharbang Road",125177240.72,Works,NCB,In-Progress
RDSPR/337011364/079/80/009,DRO Shivapur,Traffic Safety and Road Marking works along Mahendra Highway(Kothi-Dhankhola Section),2210319.55,Works,NCB,In-Progress
RIDO-ARG-W-NCB-40-2078/079,"Road Infrastructure Development Office, Arghakhanchi",Upgrading Rampur Kapurkot: Jibraj Asrit Krishna Sen Ischhuk Marg Sandhikharka Pakale Dharapani Chunjathanti Road,258696706.86,Works,NCB,In-Progress
MMC/NCB/W/B/01/079-80,Myagdi Multiple Campus,Myagdi Multipal Campus Block -C Building Construction,9585412.20,Works,NCB,In-Progress
Moud/Lamahi/TDC/Dang/NCB/Work/02/079/080,Lamahi Town Development Committee,Retaining wall,1764930.05,Works,NCB,Completed
UDBO/DANG/NCB/WORKS/21-2078/79,"Urban Development & Building Office Ghorahi, Dang","Road infrastructure Development office Building Construction work,khalanga,Puythan.",30450399.80,Works,NCB,In-Progress
UDBO/DANG/NCB/WORKS/22-2078/79,"Urban Development & Building Office Ghorahi, Dang","Division Forest Office Building Construction Work,Dang(Deukhuri),Dang.",28224592.80,Works,NCB,In-Progress
FWSSMP/WRAM/CWSP/05/078-79,"Federal Water Supply and Sewerage Management Project, Ramechhap","Construction of Entire work of Tilpung Water Supply Project, Likhu Tamakoshi-7, Ramechhap with 1-Year Operation and Maintenance",229134485.54,Works,NCB,In-Progress
moud/LTDC/NCB/work/18/078/079,Lamahi Town Development Committee,Grand stand block construction at lamahi cricket ground,42336511.58,Works,NCB,In-Progress
moud/lamahi/tdc/dang/ncb/work/01/079/080,Lamahi Town Development Committee,compound wall,3405232.03,Works,NCB,Completed
moud/ltdc/ncb/work/03/079/080,Lamahi Town Development Committee,Rcc Drain Work,1172260.56,Works,NCB,Completed
GDRP/337011014/079/80-01,Gaighat Diktel Road Project,Asphalt concrete overlay and extension of existing road at Ch. 1+208 (Eye Hospital) to 4+474 (Baruwa Bridge) (GDRP/337011014/079/80-01),83460127.88,Works,NCB,Completed
GDRP/337011324/079/80-02,Gaighat Diktel Road Project,Baruwa bridge protection,7202704.75,Works,NCB,Completed
RIDOPYU/079/80/NCB-1,"Road Infrastructure Development Office, Pyuthan",Upgrading of Okhara Tree Pokhre Danda Baas Khola Road Mallarani 04 Pyuthan,1467996.69,Works,NCB,In-Progress
RIDOPYU/079/80/NCB-02,"Road Infrastructure Development Office, Pyuthan",Construction Of Saribang Nepane Road,1528204.31,Works,NCB,In-Progress
RIDOPYU/079/80/NCB-03,"Road Infrastructure Development Office, Pyuthan",Construction of Belarukh Takura Motorbato Pyuthan na.pa. 9,2325188.18,Works,NCB,In-Progress
RIDOPYU/079/80/NCB-04,"Road Infrastructure Development Office, Pyuthan",Construction of Jumri Buspark (0 k.m.) to Radhakrishna Temple Road Pavement/Blacktop Work,2410893.69,Works,NCB,In-Progress
NCB/SM/R/P/31/2078/079,Sandhikharka Municipality,Aluwakhola-Hatari-Sandhikhar Bazar-Chutrabeshi bazar-Kura Behore PallabariDubar-Gachhe-Phudbangbazar-Dhorpatan Road to Chutrabashi Jodne Trust bridge Right Site Aboutment Sadad marmat,7484724.22,Works,NCB,Completed
Nagarjun/NCB/W/22/2078-79,Nagarjun Municipality,Ward No. 3 Office Building Construction Works,19043988.07,Works,NCB,In-Progress
Nagarjun/NCB/W/23/2078-79,Nagarjun Municipality,Ichangunarayan Mandir Punarnirman Works,25045373.58,Works,NCB,In-Progress
LIDPO/Htd/NCB/Works/TB-01/079/80,"Local Infrastructure Development Project Office (LIDPO), Hetauda","Fabrication, supply, Transportation, Construction and Erection of various trail bridges",88326450.00,Works,NCB,Completed
BDP/CONSTRUCTION/WORKS/ROAD/1-1-079/80,"Bhadrapur Municipality, Jhapa",Construction of Road with drain at Gayetri Mandir to Garment chowk,12503189.26,Works,NCB,Completed
IDO/CHT/W/NCB/04/079-80,Infrastructure Development Office Chitwan,Construction/ Upgrading of roads under Package- 4 (Roads construction work at six different places of Khairahani Municipality),11641161.84,Works,NCB,In-Progress
IDO/CHT/W/NCB/09/079-80,Infrastructure Development Office Chitwan,Construction/ Upgrading of roads under Package- 9 (Roads construction work at four different places of Manahari Rural Municipality),4742841.45,Works,NCB,In-Progress
RDHKR/337310113(Rec)/079/80-001,"Road Division, Harkapur",Recurrent Maintenance Works (Patchworks) on Hillepani - Jayramghat and Haleshi -Diktel Road Section,5699013.75,Works,NCB,Completed
RDHKR/33701138/079/80-005,"Road Division, Harkapur","Rehabilitation work of Halesi-Diktel Road Section, Khotang",12560440.08,Works,NCB,In-Progress
RDHKR/337310113/079/80-006,"Road Division, Harkapur","Specific Maintenance Works on Hillepani-Jayramghat Road Section, Okhaldhunga",4189607.68,Works,NCB,In-Progress
RIDOPYU/079/80/NCB-05,"Road Infrastructure Development Office, Pyuthan","Upgrading of Chamare Betane Dandakharka Chipleti Road Jhimruk 2, Pyuthan",2200114.15,Works,NCB,In-Progress
RIDOPYU/079/80/NCB-06,"Road Infrastructure Development Office, Pyuthan","Construction of Jabune Tallo Gaun Pokharichheda Arghakhanchi Gulmi Road, Pyuthan",1814875.05,Works,NCB,In-Progress
NGWCIMO/LGIRMTP/NCB-3,Nepal Gandak West Canal Irrigation Management Office,"Earthwork for reshaping, Gravel works, Lining works and culverts in Branch canal of Nepal Gandak West Canal.",88126087.18,Works,NCB,In-Progress
UDBO/DANG/NCB/WORKS/04-2079/80,"Urban Development & Building Office Ghorahi, Dang","Baruwa Gau Gaider Basti Bikash ( Drain & Road Construction Works), Tulsipur-6, Dang.",3113363.13,Works,NCB,In-Progress
UDBO/DANG/NCB/WORKS/05-2079/80,"Urban Development & Building Office Ghorahi, Dang","Dumri Gau Rajaura Golaura Basti Bikas( Drain & Road Construction works) , Tulsipur 6, Dang.",5441564.23,Works,NCB,In-Progress
UDBO/DANG/NCB/WORKS/06-2079/80,"Urban Development & Building Office Ghorahi, Dang","Simthana Simthani Basti Bikas ( Drain & Road Construction works) , Dangisharan -7, Dang & Damodar Road Okhariya-Dhanaura-Kamalgadi-Dubichaur-Baisha Infrastructure Construction Work ( Road Works), S",4114046.95,Works,NCB,In-Progress
UDBO/DANG/NCB/WORKS/07-2079/80,"Urban Development & Building Office Ghorahi, Dang","Prakritinagar Toll - Kasturinagar Toll Drain & Road Construction works, Ghorahi-15, Dang , Ambapur Integrated Infrastructure Construction Work ( Road Construction works) , Ghorahi-18, Dang, And MA.VI.",4543864.07,Works,NCB,In-Progress
UDBO/DANG/NCB/WORKS/08-2079/80,"Urban Development & Building Office Ghorahi, Dang","Chhutkimaharwa,Badkagali Road Upgrading Work ( Drain and Road Construction works), Lamahi-06, Dang.",6570178.44,Works,NCB,In-Progress
UDBO/DANG/NCB/WORKS/09-2079/80,"Urban Development & Building Office Ghorahi, Dang","Ghorneti Basti Bikas ( Drain and Road Construction works), Tulsipur 4 Dang.",6775250.66,Works,NCB,In-Progress
UDBO/DANG/NCB/WORKS/10-2079/80,"Urban Development & Building Office Ghorahi, Dang","Tulsipur-14 Babai Pari Basti Bikas (Drain And Road Construction Works), Tulsipur, Dang.",6301821.55,Works,NCB,In-Progress
UDBO/DANG/NCB/WORKS/12-2079/80,"Urban Development & Building Office Ghorahi, Dang","Chandra Marg Road Upgrading Works ( Drain and Road Construction works) , Tulsipur-11, Dang and Majgaun Basti Bikash ( Drain Construction works), Tulsipur-16 and 17 , Dang .",3218741.94,Works,NCB,In-Progress
UDBO/DANG/NCB/WORKS/13-2079/80,"Urban Development & Building Office Ghorahi, Dang","West Gojhena Basti Bikas ( Drain & Road Construction works), Lamahi-08, Dang. And Aanandnagar Toll Basti Bikas ( Drain works), Lamahi-05, Dang.",3997470.39,Works,NCB,In-Progress
NCB/DPO-KTG/KHRP/079-80/RP01,District Police Office Khotang,"Construction of Office cum Barrack, Mess,Toilet, Water Tank, Hawa ghar, Fencing and Gate",29532418.43,Works,NCB,In-Progress
NCB/DPO-SUN/SKRB/2079-080/RP01,"District Police Office, Sunsari","Construction of Office Cum Barrack Building,Mess,Toilet,Septic Tank & Soakpit,Water Tank,Gate and Compound wall/Fence work at Police Post Sukrabare",24320960.39,Works,NCB,In-Progress
RIDO-ARG-W-NCB-37-2079/080,"Road Infrastructure Development Office, Arghakhanchi",Construction of Saurya Khola Bridge along Patauti Durgaphant Kukhuredeurali Kharjang Rangbas Simichaur Tamghas Road,80022264.14,Works,NCB,In-Progress
RIDO-ARG-W-NCB-39-2079/080,"Road Infrastructure Development Office, Arghakhanchi","Construction of Kodale Khola Bridge, Malarani 3-4, Arghakhanchi",35313818.20,Works,NCB,In-Progress
UDB-RUP/34701012/NCB/079-80/60,"Urban Development and Building Office, Rupandehi","Construction of Drain and road at 4 no. Uchtahawa Jeetpur (Basti Bikas) , 4 no.,Jitpur, Kaplivastu",6528222.10,Works,NCB,Completed
UDB-RUP/34701012 /NCB/079-80/5,"Urban Development and Building Office, Rupandehi","Upgrading works of Road at Hariharpur to Sagarmatha chowk, banganga-04",2413725.20,Works,NCB,In-Progress
UDB-RUP/34701014/NCB/079-80/61,"Urban Development and Building Office, Rupandehi",Construction of Urban Infrastructure Development in West side of Chandrauta Bazaar South Side of Armed Police Force Camp From Bhudihawa Chowk to East Side Along,6551725.31,Works,NCB,In-Progress
UDBO/BANKE/NCB/WORK/RADHAKRISHNA.Blg/079-080/01,"Urban Development and Building Office, Banke","Construction of Radha Krishna Temple (dharamshala) Blg Nepalgunj-5, Banke",2664230.65,Works,NCB,In-Progress
UDBO/BANKE/NCB/WORK/MOHANPUR/079-080/02,"Urban Development and Building Office, Banke","Construction of Brick Masonry Drain, Bansagadhi Na.Pa. Mohanpur Machhagadh Bardiya",2031003.60,Works,NCB,In-Progress
UDBO/BANKE/NCB/WORK/MADHUWAN.DRAIN/079-080/03,"Urban Development and Building Office, Banke","Construction of Rcc Drain at Madhuwan-8 Kusumba Bazar, Bardiya",2298179.07,Works,NCB,Completed
UDBO/BANKE/NCB/WORK/FADERA.DRAIN/079-080/04,"Urban Development and Building Office, Banke","Construction of RCC drain and upgradation of road at Raptisonari-7, Fadera, Banke",2580067.16,Works,NCB,In-Progress
UDBO/BANKE/NCB/WORK/NPJ.DARIN/079-080/05,"Urban Development and Building Office, Banke","Construction of RCC drain and upgradation of road from Dr. Anil home to main road at Npj-10, Banke",2471205.99,Works,NCB,In-Progress
UDBO/BANKE/NCB/WORK/COMPOUND.WALL/079-080/06,"Urban Development and Building Office, Banke","Construction of compound wall and crematorium at Samsanghat of Nepalgunj-13 Udaypur, Banke",2668202.14,Works,NCB,In-Progress
UDBO/BANKE/NCB/WORK/PULCHOWK.DRAIN/079-080/07,"Urban Development and Building Office, Banke","Construction of RCC drain and upgradation of road at Khajura-2, Pulchowk, Banke",1572379.68,Works,NCB,In-Progress
UDBO/BANKE/NCB/WORK/UDBO.BLG/079-080/08,"Urban Development and Building Office, Banke","Construction of First Floor and maintenance work at UDBO, Banke",2279309.10,Works,NCB,In-Progress
UDBO/BANKE/NCB/WORK/RAHJENA.DRAIN/079-080/09,"Urban Development and Building Office, Banke",Construction of R.C.C. Drain & Upgradation of Road at Khajura-5 Rajhena Banke,2888937.03,Works,NCB,In-Progress
UDBO/BANKE/NCB/WORK/BAKOTIYA.DRAIN/079-080/10,"Urban Development and Building Office, Banke","Construction of Brick Masonry Drain Badhaiyatal-07 Bakotiya Basti, Bardiya",2989311.00,Works,NCB,In-Progress
RDHKR/33701138/2079/80-003,"Road Division, Harkapur",RDHKR/33701138/2079/80-003,26409048.50,Works,NCB,In-Progress
UDBO/BANKE/NCB/WORK/Upgradation/079-080/11,"Urban Development and Building Office, Banke","Construction and Upgradation of Road at Bansgadhi-08, Bardiya",1932059.48,Works,NCB,Completed
UDBO/BANKE/NCB/WORK/SAKTINAGAR/079-080/19,"Urban Development and Building Office, Banke","Construction of Brick Masonry Drain at Baijanath Ga.Pa.-8 Saktinagar, Banke",1688888.88,Works,NCB,Completed
UDBO/BANKE/NCB/WORK/LAHURE.TOL/079-080/23,"Urban Development and Building Office, Banke","Construction of R.C.C Drain and Road at Kohalpur-11 Lahure Tol, Banke",2352414.75,Works,NCB,Completed
UDBO/BANKE/NCB/WORK/DALAIPUR/079-080/25,"Urban Development and Building Office, Banke","Construction of drain and upgradation of road at Khajura-5 Dalaipur, Banke",2602202.97,Works,NCB,In-Progress
UDBO/BANKE/NCB/WORK/BHURIGAU.BAGNAHA/079-080/26,"Urban Development and Building Office, Banke",Construction of Rcc Drain and Upgradation 0f Road at Thakurbaba-01 and 03 Bhurigau Bagnaha Bardiya,2600935.31,Works,NCB,In-Progress
UDBO/BANKE/NCB/WORK/KALINAGAR/079-080/27,"Urban Development and Building Office, Banke","Road Improvement Works on Gulariya-12 Kalinagar, Bardiya",2349114.90,Works,NCB,Completed
UDBO/BANKE/SQ/WORK/SABJIMANDI.DRAIN/079-080/32,"Urban Development and Building Office, Banke","Construction of drain cover on west drain infront of main road of Banke Ayurved way to Sabji Mandi, Banke",1111893.66,Works,NCB,In-Progress
UDBO/BANKE/SQ/WORK/KHAJURA.KALIKA/079-080/34,"Urban Development and Building Office, Banke","Construction of PCC road infront of Ilaka Hulak Karyalaya, north of Nepalgunj-Gulariya road upto Rita Kumari Shahi home at Kalika Mandir Tole, Banke",1274520.40,Works,Sealed Quotation,In-Progress
UDBO/BANKE/SQ/WORK/MANAKAMANA.RIDHAM/079-080/35,"Urban Development and Building Office, Banke","Construction of RCC drain north of Ratna Rajmarg from Manakamana chowk to Ridham chowk at Kohalpur-2, Banke",1455135.24,Works,Sealed Quotation,In-Progress
UDBO/BANKE/SQ/WORK/JAYANAGAR.TRUSS/079-080/36,"Urban Development and Building Office, Banke","Jay Maa Durga Bhawani Samudayik sikai Kendra ko truss work at Barbardiya-06 Jayanagar, Bardiya",1175236.32,Works,Sealed Quotation,In-Progress
UDBO/BANKE/SQ/WORK/KERABARI.BANJADA/079-080/37,"Urban Development and Building Office, Banke","Construction of Brick Masonry Drain at Gulariya-01 Kerabari Banjada, Bardiya",1092684.01,Works,Sealed Quotation,In-Progress
UDBO/BANKE/NCB/WORK/WASIM.NAFISA.ABBAS/079-080/,"Urban Development and Building Office, Banke","Construction of PCC road from Wasim Manihar home towards Nafisa Ansari home and Abbas Mistri home upto Surkhet main road, Nepalgunj-14, Banke",2097443.30,Works,NCB,In-Progress
UDBO/BANKE/NCB/WORK/GANDHARWA.BASTI/079-080/39,"Urban Development and Building Office, Banke","Construction of Rcc Drain and laying of interlocking block in Road at Badhaiyatal-04 Gandharwa Basti, Bardiya",3987279.50,Works,NCB,In-Progress
7/RDCNP/33701176/2078/079-43,"Road Division, Chandranigahpur",Construction Works,135598110.90,Works,NCB,In-Progress
7/RDCNP/33701176/2078/079-44,"Road Division, Chandranigahpur","Road Improvement at ParsaGa.Pa. Border ward no. 5,6hudainBrahampuriGa.Pa. Ward no. 6,7MohanganjHudainChaulikhaBazzarhudainBishnuGa.Pa. ward no. 6 PhenharahudainKaudena Ga.pa. ward no. 2,1 SukchainaSun",141249607.21,Works,NCB,In-Progress
7/RDCNP/33701176/2078/079-42,"Road Division, Chandranigahpur","Road Improvement at Lalbandi Bazzar dekhi Khaira Mohanpur hudain Malangwa samma sadak, Sarlahi",128752837.32,Works,NCB,In-Progress
7/RDCNP/33701122/2078/079-45,"Road Division, Chandranigahpur","Construction of RCC Bridge over Atrauli River (2x20m) at Paakar Gaanchi Road, Sarlahi",60161444.64,Works,NCB,In-Progress
41/078/79,"Water Supply and Sanitation Division-3, Sindhupalchok",Construction of Chisapani Daduwa WS Project,8173205.78,Works,NCB,In-Progress
NCB42/078/79,"Water Supply and Sanitation Division-3, Sindhupalchok",sunkoshi ukhubari lift water supply projec,8839730.91,Works,NCB,In-Progress
NCB43/078/79,"Water Supply and Sanitation Division-3, Sindhupalchok",milchethaple mahankakhor bhanjyang water supply project,9269418.39,Works,NCB,Completed
NCB47/078/79,"Water Supply and Sanitation Division-3, Sindhupalchok",syaule wsp,6194230.00,Works,NCB,In-Progress
NCB48/078/79,"Water Supply and Sanitation Division-3, Sindhupalchok",jyamirekot chisapani wsp,11566142.03,Works,NCB,Completed
NCB46/078/79,"Water Supply and Sanitation Division-3, Sindhupalchok",lamagau khanepani aayojana,2606527.75,Works,NCB,Completed
NCB49/078/79,"Water Supply and Sanitation Division-3, Sindhupalchok",sisnery w/s project,6481217.00,Works,NCB,Completed
NCB01/079/80,"Water Supply and Sanitation Division-3, Sindhupalchok",naldum nagarkot lift water supply project,164834292.36,Works,NCB,In-Progress
NCB02/079/80,"Water Supply and Sanitation Division-3, Sindhupalchok",construction indrawoti kolachaur lift water supply project,43543351.61,Works,NCB,In-Progress
NCB03/079/80,"Water Supply and Sanitation Division-3, Sindhupalchok",construction of bhumlu brihat water supply project,43485805.21,Works,NCB,Completed
NCB44/078/79,"Water Supply and Sanitation Division-3, Sindhupalchok",aiselughari wsp,9154476.82,Works,NCB,Completed
NCB 01/079/80,"Water Supply and Sanitation Division-3, Sindhupalchok",Construction of Naldum Nagarkot Lift WS Project,164834292.36,Works,NCB,In-Progress
45/078/79,"Water Supply and Sanitation Division-3, Sindhupalchok",Construction of Kunta Pauwa lift WS Project,7922915.92,Works,NCB,In-Progress
NCB 50/078/79,"Water Supply and Sanitation Division-3, Sindhupalchok",Construction of Karmadhunge WS Project,9461885.86,Works,NCB,In-Progress
10/RDCNP/33701176/2078/79-57,"Road Division, Chandranigahpur","Road Improvement at Parsa Ga.Pa. Border ward no.5,6 hudain Brahampuri Ga.Pa. Ward no. 6,7 Mohanganj Hudain Chaulikha Bazzar hudain Bishnu Ga.Pa.ward no.6 Phenhara hudain Kaudena Ga.pa. ward no. 2,1 Su",16269660.90,Works,NCB,In-Progress
1/RDCNP/337310113-079/80-04,"Road Division, Chandranigahpur","Rehabilitation work along Chandranigahpur Gaur Road at Garuda Bazar, Rautahat",10886420.00,Works,NCB,In-Progress
UDBO/DANG/NCB/WORKS/14-2079-80,"Urban Development & Building Office Ghorahi, Dang","Khaireni Pratikshalaya - DubiChaur Basti Bikas (Drain And Road Construction Works), Shantinagar-7 , Dang.",5964142.36,Works,NCB,In-Progress
UDBO/DANG/NCB/WORKS/15-2079/80,"Urban Development & Building Office Ghorahi, Dang","Piparigaun Ratanchok (Laddan) Purbagalli Basti Bikas ( Drain & Road Construction works), Rapti-08, Dang.",6808348.86,Works,NCB,In-Progress
UDBO/DANG/NCB/WORKS/20-2079/80,"Urban Development & Building Office Ghorahi, Dang","Bojhapokhara-Syuja Basti Bikas ( Drain and Road Construction works), Banglachuli - 1, Syuja, Dang.",1844929.42,Works,NCB,In-Progress
UDBO/DANG/NCB/WORKS/21-2079/80,"Urban Development & Building Office Ghorahi, Dang","Satsang Building Construction Work, Shitalpur, Tulsipur-12, Dang.",3154087.55,Works,NCB,In-Progress
UDBO/DANG/NCB/WORKS/23-2079/80,"Urban Development & Building Office Ghorahi, Dang","Parshu Narayan Chaudhary Smriti Building Construction Work, Rapti - 8 , Dang.",6053670.54,Works,NCB,In-Progress
UDBO/DANG/NCB/WORKS/24-2079/80,"Urban Development & Building Office Ghorahi, Dang","Ratanpur Sabha Hall Nirman, Ghorahi-12, Dang.",2057206.34,Works,NCB,In-Progress
RDCNP/33701169-078/79-56,"Road Division, Chandranigahpur","Road improvement Work Brindawan-6 kamalpati rupa ma.vi. 4 KM sadak, Rautahat",61532459.52,Works,NCB,In-Progress
RDCNP337310113(Rec)-079/80-01,"Road Division, Chandranigahpur","Recurrent maintenance and constructions materiel supply works along Chandranigahpur Gaur sadak m.ra.ma. Banke Dhansar Sadak and Nirman samagri dhuwani work, Road division Chandranigahpur",2535720.00,Works,NCB,In-Progress
RDCNP/337310113-079/80-03,"Road Division, Chandranigahpur","Bux Culverts Works along Chandranigahpur Gaur Sadak (Deuralichok, Chandranigahpur bazzar), Rautahat",4327070.02,Works,NCB,Completed
RDCNP/33701169-078/79-54,"Road Division, Chandranigahpur","Road Improvement Works along Chhanki karmaiya Sadak, Sarlahi.",136822218.57,Works,NCB,In-Progress
RDCNP/33701169-078/79-55,"Road Division, Chandranigahpur","Road Improvement works along Sisautiya Godaita jaypur madhuwan goath raod, sarlahi",146998435.09,Works,NCB,In-Progress
RDCNP337310113-079/80-02,"Road Division, Chandranigahpur","RCC drain constructions along Chandranigahpur Gaur Sadak, Rautaht",4708690.23,Works,NCB,Completed
RDCNP337310113-079/80-05,"Road Division, Chandranigahpur","Widening works (Bitumins works) along m.ra.ma. Banke Dhansar sadak chanej 294+000 dekhi 295+000 lalbandi bazzar, Sarlahi",11583065.00,Works,NCB,In-Progress
01/NCB/TM/W/2079-080,"Tokha Municipality, Office of the Municipal Executive","Shanti tol-Lomas chowk-Adhyan school-Milan nagar parne chetra ma bato kalopatray, ward-10",2244470.80,Works,NCB,Completed
02/NCB/TM/W/2079-080,"Tokha Municipality, Office of the Municipal Executive","Ring road-Pragati nagar-Singapur colony-Karya Binayak-Bich Binayak tol ma sadak Paaki, ward-10",6121174.20,Works,NCB,Completed
03/NCB/TM/W/2079-080,"Tokha Municipality, Office of the Municipal Executive","Triyog-San-Dip Margh antargat Sadak Kalopatrey tatha Overlay, ward-06",3136088.50,Works,NCB,Completed
04/NCB/TM/W/2079-080,"Tokha Municipality, Office of the Municipal Executive","Fluorescent school agadi bataa Baburam Koirala ko ghar samma Sadak Kalopatray, ward-11",2904947.50,Works,NCB,In-Progress
DROLTP/33731011-3/077/078-053,208 Road Division Lalitpur,"Rehabilitation & Upgrading works along Champi Tikabhairab (KVRR) Road., Lalitpur",29194339.60,Works,NCB,In-Progress
IDO/BHO/W/NCB-08/079/80,"Infrastructure Development Office, Bhojpur","Construction of Aamchowk GaPa Ringroad, Bhojpur",1725295.98,Works,NCB,Completed
IDO/BHO/W/NCB-16/079/80,"Infrastructure Development Office, Bhojpur","Construction of Ramprasadrai GaPa ward no.4 Siktel Khola (Gumba)-Dalgaun-Pradhandanda-Shiwalaya-Devithan-Healthpost-Ward office-Naba Durga MaVi-Okhre Road, Bhojpur",1839219.64,Works,NCB,Completed
IDO/BHO/W/NCB-17/079/80,"Infrastructure Development Office, Bhojpur","Construction of Siktel Dovan-Dalgaun-Sahele-Baikunthe (Ramprasadrai GaPa Kendra) Road Upgrading, Bhojpur",1557349.05,Works,NCB,Completed
IDO/BHO/NCB/GOODS-01/079/80,"Infrastructure Development Office, Bhojpur",Fabrication Transportation Supply and Delivery of a Fabricated Steel Parts for Trail Bridges up to Road head in Bhojpur and Dhankuta District,8742470.74,Works,NCB,Completed
03/Works/NCB/MDM/079/80,Mandandeupur Municipality,Kolachaur Rampur Chandeni Sadak Nirman,24374169.40,Works,NCB,In-Progress
02/Works/NCB/MDM/079/080,Mandandeupur Municipality,Higuwapati Fedi Baikalpik Sadak Nirman,19395877.36,Works,NCB,In-Progress
GDRP/337011014/079/80-04,Gaighat Diktel Road Project,Construction of Shed,964421.55,Works,NCB,Completed
GDRP/337011084/079/80-03,Gaighat Diktel Road Project,Installation works of monument at demarcation line of RoW at Madan Bhandari Highway Basaha to Bhiman Site,963660.15,Works,NCB,Completed
BRM/NCB/WORKS/2079-080,Bandipur Rural Municipality,Upgrading of Bandipur-Khahare-Seratar Road,15521385.46,Works,NCB,In-Progress
BRM/NCB/WORKS/05/2079-080,Bandipur Rural Municipality,Upgrading of Bandipur-Bahunbhanjyang-Dharampani Road,14233954.78,Works,NCB,In-Progress
BRM/NCB/WORKS/04/2079-080,Bandipur Rural Municipality,Construction of Jestha Nagarik Diwa Sewa Kendra,3498755.64,Works,NCB,Completed
RIDO-ARG-W-NCB-63-2079/080,"Road Infrastructure Development Office, Arghakhanchi",Phediraha Khola Bridge along Bhanjang Jhandre Dhatibang Netapokhara Deurali Road,33258638.70,Works,NCB,In-Progress
RIDOKAP/10134/NCB/079-80/27,"Road Infrastructure Development Office, Kapilvastu",Bijaynagar Ga Pa 3 Mainari dekhi Jhingaha road upgradation,1929259.93,Works,NCB,In-Progress
NCB07/079/80,"Water Supply and Sanitation Division-3, Sindhupalchok",Ranitar katunje lift w/s project,10295913.99,Works,NCB,In-Progress
NCB04/079/80,"Water Supply and Sanitation Division-3, Sindhupalchok",Jalbire Bazar W/S Project.,6560943.01,Works,NCB,In-Progress
NCB05/079/80,"Water Supply and Sanitation Division-3, Sindhupalchok",Sunkoshi Ukhubari lift W/S project.,4663379.02,Works,NCB,In-Progress
NCB06/079/80,"Water Supply and Sanitation Division-3, Sindhupalchok",Chisapani Daduwa lift W/S project.,9610572.40,Works,NCB,In-Progress
RIDOKAP/10134/NCB/079-80/28,"Road Infrastructure Development Office, Kapilvastu",Marama Supadeurali Mandir Kushahatol hudai Nayabasti Durga mandir Bankatti Semari Bhadaukhor Sekhuwanital Maitahawa hudai Marama Maharajgunj Sadak Khanda Thuniya jodne road upgradation,185712.14,Works,NCB,In-Progress
RIDOKAP/10134/NCB/079-80/29,"Road Infrastructure Development Office, Kapilvastu",Shivapur Karahiya Bhaluhi Madhawa hudai Belnadi Sadak,1882378.94,Works,NCB,In-Progress
RIDOKAP/10134/NCB/079-80/30,"Road Infrastructure Development Office, Kapilvastu",Buddhi Hanuman Chowk Gelbhar Dubiya hudai Arghakhanchi jodne Road,2288518.00,Works,NCB,In-Progress
RIDOKAP/10134/NCB/079-80/31,"Road Infrastructure Development Office, Kapilvastu",Dohanai Chauraha dekhi bargedawa hudai Bidhilaya samma road upgradation ka.Ba.Na.Pa 7,3993385.86,Works,NCB,In-Progress
RIDOKAP/10134/NCB/079-80/32,"Road Infrastructure Development Office, Kapilvastu",Maihinawa Chowk dekhi Belauha Murandihawa kuwagaun samma road upgradation,4376103.87,Works,NCB,In-Progress
RIDOKAP/10134/NCB/079-80/33,"Road Infrastructure Development Office, Kapilvastu",Mainihawa chowk dekhi Kankatawa Dhamauli Bichauwapur Fulika Sarjuwalika Sohasa hudai Rupendehi boarder road,12547762.54,Works,NCB,In-Progress
RIDOKAP/10134/NCB/079-80/34,"Road Infrastructure Development Office, Kapilvastu",Kalika Samajik bikash Kendra dekhi Ka.Ba.Na.Pa.3Wada Karyalaya Samma road Upgradation,2069723.45,Works,NCB,In-Progress
RIDOKAP/10134/NCB/079-80/35,"Road Infrastructure Development Office, Kapilvastu",Pipara Koirala Chowk dekhi Jhunga Samma road upgradation,2251678.88,Works,NCB,In-Progress
RIDOKAP/10134/NCB/079-80/36,"Road Infrastructure Development Office, Kapilvastu",Unauliya dekhi Semari Kanghusari Mujehana dekhi boarder samma road upgradation,4191177042.00,Works,NCB,In-Progress
RIDOKAP/10134/NCB/079-80/37,"Road Infrastructure Development Office, Kapilvastu",Mayadevi Ga Pa Bijuwa dekhi Amhawa Narkhoriya shuddhodhan Ga Pa ko Belbhariya Hulaki Sadak samma road upgradation,7895364.25,Works,NCB,In-Progress
RIDOKAP/10134/NCB/079-80/38,"Road Infrastructure Development Office, Kapilvastu",Mayadevi Ga Pa dekhi 5 sisahaniyakot samma road upgradation,8050321.15,Works,NCB,In-Progress
RIDOKAP/10134/NCB/079-80/39,"Road Infrastructure Development Office, Kapilvastu",Shoddhodhan 4 Bithuwa Piparahawa gaun dekhi Paschim road upgradation,2006366.86,Works,NCB,In-Progress
RIDOKAP/10134/NCB/079-80/40,"Road Infrastructure Development Office, Kapilvastu",rudrapur Jagadispur RTO road,8086926.86,Works,NCB,In-Progress
NCB/DPO-PTHR/NGTP/2079-080/RP01,District Police Office Panchthar,"Construction of Office cum Barrack, Mess,Toilet, Water Tank, Hawa ghar, Fencing and Gate at PP Nagitharpu",30641460.30,Works,NCB,In-Progress
RIDOKAP/10134/NCB/079-80/42,"Road Infrastructure Development Office, Kapilvastu","Jamuwar Khola Bridge(Box Culvert),Lohrauli-Sonbarsa-Shree Rampur-Singhkhor-Khoriya Road",20146657.59,Works,NCB,In-Progress
RIDOKAP/10134/NCB/079-80/43,"Road Infrastructure Development Office, Kapilvastu","Banganga Nahar Bridge(Box Culvert),Suthauli-Baidauli-Kopwa-Deuwapar-Hathausa Road",16349664.84,Works,NCB,In-Progress
RIDOKAP/10134/NCB/079-80/60,"Road Infrastructure Development Office, Kapilvastu",Ka.Ba.Na.Pa.10 Jahadi chowk dekhi Bandihuli hudai Nahar samma road Upgradation,2189788.10,Works,NCB,In-Progress
RIDOKAP/10134/NCB/079-80/61,"Road Infrastructure Development Office, Kapilvastu",mayadevi 7 Gansehpur Chowk dekhi Dubaripur Samma road upgradation,3297361.42,Works,NCB,In-Progress
RIDOKAP/10134/NCB/079-80/63,"Road Infrastructure Development Office, Kapilvastu",Mayadevi 7 Dhupahi dekhi Kacharihawa Kuwagaun hudai Dohani samma road upgradation,12537350.68,Works,NCB,In-Progress
RIDOKAP/10134/NCB/079-80/64,"Road Infrastructure Development Office, Kapilvastu",Mayadevi 7 Pitch road dekhi Ganeshpur Lalpur Bankasiha Samma road upgradation,3059736.13,Works,NCB,In-Progress
RIDOKAP/10134/NCB/079-80/65,"Road Infrastructure Development Office, Kapilvastu","Banakasiya chowk dekhi Baluhawa hudai Ganeshpur Gaura boarder samma road upgradation,Mayadevi Ga.Pa",3918701.52,Works,NCB,In-Progress
RRM/PAL/W/NCB-03/079-80,Rainadevi Chhahara Rural Municipality,Upgrading of Pelawas-Balgha-Arghakhanchi Road,7102822.97,Works,NCB,Completed
RIDOKAP/10134/NCB/079-80/66,"Road Infrastructure Development Office, Kapilvastu",Mayadevi Ga.Pa 8 Harbansapur chowk Bagaicha dekhi Amahawa road upgradation,3053756.58,Works,NCB,In-Progress
RIDOKAP/10134/NCB/079-80/68,"Road Infrastructure Development Office, Kapilvastu",Shuddodhan 1 Bakuli paschim diha dekhi Jho.pu.hudai Shekhuiya road upgradation,2427246.66,Works,NCB,In-Progress
RIDOKAP/10134/NCB/079-80/69,"Road Infrastructure Development Office, Kapilvastu",Jharuwa Chowk dekhi Mahatiniya Sisahaniya Bhagawanpur road upgradation,4038556.42,Works,NCB,In-Progress
RIDOKAP/10134/NCB/079-80/70,"Road Infrastructure Development Office, Kapilvastu",Labani Chowk dekhi Sisahaniya Nandanagar Siddhipur sohasa road Upgradation,7891672.40,Works,NCB,In-Progress
CRM/ARG/NCB/W/01/079/80,Chhatradev Rural Municipality,Nagarik Aarogya Kyendra Building Construction Works,5979364.43,Works,NCB,Completed
CRM/ARG/NCB/W/02/079/80,Chhatradev Rural Municipality,"Gairipipal-Dharampani-Garve Motorable Road Upgrading works, Chhatradev-4, Kerunga",5556432.87,Works,NCB,Completed
RIDOKAP/10134/NCB/079-80/67,"Road Infrastructure Development Office, Kapilvastu",Shuddhodhan 2 Harnampur Jho.pu.dekhi Karmahawa samma road upgradation,2132952.60,Works,NCB,In-Progress
RIDOKAP/10134/NCB/079-80/41,"Road Infrastructure Development Office, Kapilvastu",Semrahawa-Amlohana-Hathihawa-Semari-Rangpur-Punihawa-Pakadii-Bhawapur-Bargadawa-Hulaki Road,39490361.91,Works,NCB,In-Progress
3-BMC/2079/080/W/NCB/3,Bharatpur Metropolitian City Office,Supplying and Dumping of Gravel at Landfill site,2661150.00,Works,NCB,Completed
3-BMC/2079/080/W/NCB/4,Bharatpur Metropolitian City Office,"Building Construction works in shree Adharvut Bidhyalaya, Lebarnagar,BMC-25",3450322.77,Works,NCB,Completed
05/NCB/TM/W/2079-080,"Tokha Municipality, Office of the Municipal Executive","Tokiyo bazar-Jagaran tol-Lomas chowk-Shantipath-Swetsadan jane bato pakki, ward-09",3437573.40,Works,NCB,Completed
06/NCB/TM/W/2079-080,"Tokha Municipality, Office of the Municipal Executive","Baniyatar Pool dekhi Ganesthan samma sadak Kalopatray, ward-11",9806930.00,Works,NCB,Completed
07/NCB/TM/W/2079-080,"Tokha Municipality, Office of the Municipal Executive","Greenland chowk warapara Kalopatray, ward-08",6226599.50,Works,NCB,In-Progress
08/NCB/TM/W/2079-080,"Tokha Municipality, Office of the Municipal Executive","Labu dekhi Faidol hudai Bhalung samma ra Laghu hudai Malung Road Upgrade, ward-02 & 01",6182959.50,Works,NCB,Completed
13/NCB/TM/W/2079-080,"Tokha Municipality, Office of the Municipal Executive",Ward-10 ka Bibhina Sadak haru Overlay,3528535.90,Works,NCB,In-Progress
09/NCB/TM/W/2079-080,"Tokha Municipality, Office of the Municipal Executive","Malung dekhi Niure khola jane sadak kalopatray, ward-01",5824310.50,Works,NCB,In-Progress
14/NCB/TM/W/2079-080,"Tokha Municipality, Office of the Municipal Executive",Construction of Lift on Tilingatar School Block B Ward-07,4292325.20,Works,NCB,In-Progress
17/NCB/TM/W/2079-080,"Tokha Municipality, Office of the Municipal Executive","Bhuwaneswori Tole ra Sakriya Tole ma Sadak Kalopatray, ward-08",3253154.30,Works,NCB,Completed
18/NCB/TM/W/2079-080,"Tokha Municipality, Office of the Municipal Executive","Baluwapati-Dhaneswor -Dhamaltar-Bhatkepati Sadak Upgrade, ward-03",8959830.90,Works,NCB,In-Progress
IDO/BHO/W/NCB-03/079/80,"Infrastructure Development Office, Bhojpur",Construction of Bhojpur Na.Paa.Dawa Dhalkebar to Temkemaiyung Gaa.Paa. Timma Road,1617667.89,Works,NCB,Completed
IDO/BHO/W/NCB-04/079/80,"Infrastructure Development Office, Bhojpur",Construction of Khalde Bakchhen Santapur Bakhum Hangmathani Road,1996377.78,Works,NCB,Completed
IDO/BHO/W/NCB-07/079/80,"Infrastructure Development Office, Bhojpur","Construction of Nagi Anchaldanda Mahabhir Jharna Road Kalopatre Temkemaiyung GaPa, Bhojpur",4181667.94,Works,NCB,Completed
IDO/BHO/W/NCB-09/079/80,"Infrastructure Development Office, Bhojpur","Construction of Balankha Sambarang Road upgrading Aamchowk GaPa 3&4, Bhojpur",1776927.20,Works,NCB,Completed
IDO/BHO/W/NCB-10/079/80,"Infrastructure Development Office, Bhojpur",Construction of Balankha Thidinkha Pasalbhanjyang Bayang Road,3723900.88,Works,NCB,Completed
IDO/BHO/W/NCB-11/079/80,"Infrastructure Development Office, Bhojpur","Construction of Ranitar Aamchowk Pandhare Chakhewa Bhanjyang Road, Bhojpur",5281900.24,Works,NCB,Completed
IDO/BHO/W/NCB-12/079/80,"Infrastructure Development Office, Bhojpur","Construction of Ghoretar Phalamedhunga Purnebazar Bayang Pasalbhanjyang Balankha Road, Bhojpur",3927538.74,Works,NCB,Completed
RIDOKAP/10134/NCB/079-80/62,"Road Infrastructure Development Office, Kapilvastu",Mayadevi Ga.Pa pitch road dekhi Thulo Gaura hudai Tuisidihawa Gaun samma road upgradation,2201017.02,Works,NCB,In-Progress
IDO/BHO/W/NCB-13/079/80,"Infrastructure Development Office, Bhojpur","Construction of Phalitar Yaku Road upgrading, Arun GaPa, Bhojpur",1917382.14,Works,NCB,Completed
IDO/BHO/W/NCB-14/079/80,"Infrastructure Development Office, Bhojpur","Construction of Arun GaPa ward no. 7Bhojpur Besisahar Phuttetar Hangrayo Khola Bahrabise Road, Bhojpur",2065673.90,Works,NCB,Completed
IDO/BHO/W/NCB-15/079/80,"Infrastructure Development Office, Bhojpur","Construction of Bharlabot Aarukharka Yaku Road upgrading, Bhojpur",0.00,Works,NCB,Completed
4-BMC/2079/080/W/NCB/5,Bharatpur Metropolitian City Office,"Blacktopped road construction at Bharatpur 16,17,18,27(Package-1)",49396732.24,Works,NCB,In-Progress
RDHKR/33701176/2079/80-008,"Road Division, Harkapur","Upgrading of road to blacktop standard with roadway excavation, structural and drainage works in Chesmitar-Salchautari Dikuwa Kurleghat road, Khotang",270475662.12,Works,NCB,In-Progress
RDHKR/33701176/079/80-008,"Road Division, Harkapur","Upgrading of road to blacktop standard with roadway excavation, structural and drainage works in Chesmitar-Salchautari Dikuwa Kurleghat road, Khotang",270475662.12,Works,NCB,In-Progress
RDHKR/33701176/2079/80-007,"Road Division, Harkapur","Upgrading of road to blacktop standard and new track opening with roadway excavation. structural and drainage works in Molung Eakbar Harkapur Patle road, Okhaldhunga",227069224.37,Works,NCB,In-Progress
RDHKR/337310113/2079/80-10(Re),"Road Division, Harkapur","Painting, Traffic Sign Post & Delineator Works on SRN Roads",2957056.32,Works,NCB,In-Progress
RDHKR/33701012/2079/80-009,"Road Division, Harkapur","Construction of office/staff quarter building, harkapur, okhaldhunga",20871045.93,Works,NCB,In-Progress
UDBO/ROLPA/NCB/WORKS/01-2079/80,"Urban Development and Building Office, Rolpa","Ghodagaun Basti Bikash ( RCC Road & Masonry Wall Construction Works), Sunilsmriti-1, Rolpa.",1684456.31,Works,NCB,In-Progress
UDBO/ROLPA/NCB/WORKS/02-79/80,"Urban Development and Building Office, Rolpa","Harjang Basti Bikash (RCC Road and steps construction works),Lungri 7 Rolpa.",2011381.30,Works,NCB,In-Progress
UDBO/ROLPA/NCB/WORKS/04-2079/080,"Urban Development and Building Office, Rolpa",Lakasmare Bhunbhune Bastibikas (Masonary drain & road extention works)Rolpa Na Pa 10.,1803425.13,Works,NCB,In-Progress
UDBO/ROLPA/NCB/WORKS/05-2079/80,"Urban Development and Building Office, Rolpa","Jayachour Basti Bikash ( Retaining Structure Construction Works), Gangadev-7, Rolpa",1712326.91,Works,NCB,In-Progress
RDCNP/33701138/2079/80-10,"Road Division, Chandranigahpur","Construction of RCC Drain & Rigid Pavement Works along Gaur Na. Pa. 3 Bidyapatinagar, Saswat Marg, Rautahat",2831923.51,Works,NCB,Completed
RDCNP/33701138/2079/80-06,"Road Division, Chandranigahpur","Road Improvement Work (Construction of Four lane Road) along Chandranigahpur-Gaur Road, Rautahat",139367649.30,Works,NCB,In-Progress
RDCNP/33701138/2079/80-08,"Road Division, Chandranigahpur","Road Improvement along Malangawa Nawalpur Road, Sarlahi",141540299.83,Works,NCB,In-Progress
RDCNP/33701138/2079/80-09,"Road Division, Chandranigahpur","Construction of RCC bridge over Banke river connecting Haripurwa and Ishworpur Muncipality road, Sarlahi",56503152.85,Works,NCB,In-Progress
RDCNP/33701169/2079/80-12,"Road Division, Chandranigahpur","Road Improvement along Ishworpur-13 Shreenagar dekhi Chaulikha bazzar to Gair bazzar road, Sarlahi",7055453.32,Works,NCB,In-Progress
RDCNP/33701169/2079/80-13,"Road Division, Chandranigahpur","Road Improvement along Haripurwa-6 bazzar dekhi Ishworpur-15 Soknaha hudai Haripurwa-9 Bagewa road, Sarlahi",3322777.15,Works,NCB,In-Progress
RDCNP/33701169/2079/80-15,"Road Division, Chandranigahpur","Road Improvement along Haripurwa- 3 Mahadev temple hudai Ishworpur-15 road, Sarlahi",3414187.08,Works,NCB,In-Progress
RDCNP/33701169/2079/80-20,"Road Division, Chandranigahpur","Road Improvement Works along Sangrampur Hulaki Highway To Mahendra Highway, Sarlahi",3392649.85,Works,NCB,In-Progress
RDCNP/33701169/2079/80-22,"Road Division, Chandranigahpur","Road Improvement Works along Ramban Dekhi Sehauna Hudai Mahinathpur Bagmati Baandh Sammako Sadak , Sarlahi",4066865.48,Works,NCB,Completed
RDCNP/33701169/2079/80-23,"Road Division, Chandranigahpur","Road Improvement along Sisautiya Godaita Jaypur Madhuvangoth road, Sarlahi",8006586.75,Works,NCB,Completed
RDCNP/33701169/2079/80-24,"Road Division, Chandranigahpur","Road Improvemtn Works along Baudhimai Na.pa.-2 inarwa Bazar dekhi Bakaiya Bandha samm,Aruwa khola dekhi sitalpur Math samm ra Sitalpur pahini dekhi Meva Gaun, Rautahat.",5831859.94,Works,NCB,In-Progress
RDCNP/33701169/2079/80-25,"Road Division, Chandranigahpur","Construction of Gravel Road along Birta Chowk dekhi Shripur hudai Samanpur Sadak, Rautahat",4145212.90,Works,NCB,In-Progress
NCB/SM/R/P/03/2079/080,Sandhikharka Municipality,Niraj Shrestha,14070033.33,Works,NCB,Completed
NCB/SM/R/P/04/2079/080,Sandhikharka Municipality,Shahidin Miya,13822137.56,Works,NCB,Completed
SMIP-05/NCB/078-79,Sunsari Morang Irrigation Project,Construction of Gabion Revetment with Launching Apron,62705371.67,Works,NCB,In-Progress
SMIP/06/NCB/078-79,Sunsari Morang Irrigation Project,Budhi Aqueduct Protection Works,403569776.08,Works,NCB,In-Progress
SMIP-03/NCB/079-80,Sunsari Morang Irrigation Project,Rehabilitation of Canal and Construction of Associated Structure,51998401.74,Works,NCB,In-Progress
RDCNP/33701169/2079/80-27,"Road Division, Chandranigahpur","Construction of R.C.C. drain along Chandrapur Na.pa. santapur bazar dekhi Basantapur Road , Rautahat",3140414.64,Works,NCB,In-Progress
RDCNP/33701169/2079/80-29,"Road Division, Chandranigahpur","Construction of Gravel Road along Samapur Chakrapath Sadak, Rautahat",2591129.55,Works,NCB,In-Progress
RDCNP/33701169/2079/80-31,"Road Division, Chandranigahpur","Road Improvement (Major Giri ko ghar dekhi Naag mandir saam) along Chhanki Karmaiya Sadak, Sarlahi",11636771.07,Works,NCB,Completed
RDCNP/33701169/2079/80-32,"Road Division, Chandranigahpur","Bridge Protection works along Banke to Dhansar Section of MRM, Sarlahi- Rautahat and Jhanjh khola Bridge at Shivnagar,Rautahat.",5791260.17,Works,NCB,In-Progress
RDCNP/33701169/2079/80-33,"Road Division, Chandranigahpur","Traffic safety works and Painting of Bridge along MRM Banke Dhansar Section,Rautahat & Sarlahi",2856121.92,Works,NCB,In-Progress
RDCNP/33701169/2079/80-35,"Road Division, Chandranigahpur","Construction of Box Culvert along Chandranigahpur-Gaur Road, Near Jingadiya Rautahat.",3508781.75,Works,NCB,In-Progress
NGWCIMO/LGIRMTP/NCB-07/2079-80,Nepal Gandak West Canal Irrigation Management Office,Construction of Settling Basin in Nepal Gandak West Canal Irrigation System,346732615.06,Works,NCB,In-Progress
MRM/GOODS(Livestock)/NCB/01/2079-080,Marin Rural Municipality,????? ????? ??????? ???? ???? ??? ??????? ?????,6000000.00,Goods,NCB,In-Progress
KRMP/KLB/NCB/EM-04/078/079,"Irrigation and Water Resource Management Project, Rajapur, Bardiya",KRMP/KLB/NCB/EM-04/078/079,10295317.00,Works,NCB,Completed
UDBO/DANG/NCB/WORKS/26-2079/80,"Urban Development & Building Office Ghorahi, Dang","Sahid Smiriti Pratisthan Construction Works, Pyuthan-04, Pyuthan.",1527033.00,Works,NCB,In-Progress
UDBO/DANG/NCB/WORKS/25-2079/80,"Urban Development & Building Office Ghorahi, Dang","Sworgdwari Campus SabhaHall and other infrastructure ConstructionWork, Pyuthan.",3089622.95,Works,NCB,In-Progress
UDBO/DANG/NCB/WORKS/16-2078/79,"Urban Development & Building Office Ghorahi, Dang","Pahelpar, Haripauri Ganari Basti Bikash (Drain&Road Construction works),Tulsipur-15,Dang.",23056595.97,Works,NCB,In-Progress
UDBO/DANG/NCB/WORKS/17-2079/80,"Urban Development & Building Office Ghorahi, Dang","Tikuli Gaun Tharu Basti Gidhaniya Basti Bikas (Road and Drain Works),Tulsipur-13, Dang.",22950545.99,Works,NCB,In-Progress
UDBO/DANG/NCB/WORKS/18-2079/80,"Urban Development & Building Office Ghorahi, Dang","Rajapur, Uttari Kapara Devi Bankatta Gau Basti Bikas ( Drain & Road Construction works) , Tulsipur-6, Dang",21723898.78,Works,NCB,In-Progress
UDBO/DANG/NCB/WORKS/19-2079/80,"Urban Development & Building Office Ghorahi, Dang","Rajhena Rajheni - Kachila Kachili Basti Bikas (Drain and Road Construction Works), Tulsipur-12 , Dang.",21721867.04,Works,NCB,In-Progress
01/BMA/W/UPG/2079/080,Bhumikasthan Municipality,Samnekhola Gerumata Siudeni Chhedapokhari Motorable Road Upgrading Works.,7154765.73,Works,NCB,Completed
02/BMA/W/UPG/2079/080,Bhumikasthan Municipality,Nachnechour Jhakrisala Motorable Road Upgrading Works.,6647587.69,Works,NCB,Completed
IDOKAILALI/W/NCB/079/080-25,"Infrastructure Development Office , Kailali",Construction & Upgrading of 5 Different Road of Bardagoriya ward no 1 & 4 Kailali,5854580.64,Works,NCB,In-Progress
RDHKR/33701169/2079/80-11,"Road Division, Harkapur",Roadway excavation Structural works on Jayaram Kurleghat(Dudhkoshi Corridor),2897910.43,Works,NCB,In-Progress
RDHKR/33701169/2079/80-12,"Road Division, Harkapur",Roadway Excavation structural works on Halesi Kartike Sunkoshi sadak starronati Halesi Tuwachung Na. Pa.,3692162.00,Works,NCB,In-Progress
RDHKR/33701169/2079/80-13,"Road Division, Harkapur",Roadway excavation structural works on Mewa Dovan Joraap Sadak,4642544.77,Works,NCB,In-Progress
RDHKR/33701169/2079/80-15,"Road Division, Harkapur","Roadway Excavation, Structural Works on Khotang-Sunkoshi-Bataseghat, Chumakhu, Bohemma (bhanjyaag), Tri-dharmik (Kirat, Hindu, Bauda) Haleshi Gufa samma Holesung -Janak Rai Marga",3936880.45,Works,NCB,In-Progress
RDHKR/33701169/2079/80-16,"Road Division, Harkapur",Roadway Excavation & Structural Works on Sakela Ga.Pa. 1 Badung Madhyapahadi Pidadudada Sadak,3519748.86,Works,NCB,In-Progress
RDHKR/33701169/2079/80-17,"Road Division, Harkapur",Roadway Excavation & Structural Works on Khotang Diktel Sakela Ga.Pa.1 Madyapahadi Lokmarg-Sakela Ga.Pa. Bhawan Manevanjang Khidim-Muldada Rokising Vanjang Thamkharka Airport,3759042.75,Works,NCB,In-Progress
RDHKR/33701169/2079/80-14,"Road Division, Harkapur",Roadway excavation structural works on Khamkhuwa Diktel Sadak,4707365.30,Works,NCB,In-Progress
RDHKR/33701169/2079/80-18,"Road Division, Harkapur","Earthwork & Structural works on Baghkhor-Kerung-Sisakhola-Khoriya-Salleri Sadak, Solukhumbhu",2589734.00,Works,NCB,In-Progress
RDHKR/33701169/2079/80-19,"Road Division, Harkapur","Structural works on Salleri Dudhkunda Na.Pa-Lukla Sadak,Solukhumbhu",4591806.58,Works,NCB,In-Progress
RDHKR/33701169/2079/80-20,"Road Division, Harkapur","Earthwork, Pavement works & Structural works on Chyuridanda Bagkhordanda Bichariaal Yasam bhanjyang Mahurdanda Road,Okhaldhunga",10299958.37,Works,NCB,In-Progress
IDOKAILALI/W/NCB/079/080-07,"Infrastructure Development Office , Kailali",Upgrading of 6 Different Nos. of Road in Tikapur Municipality 01 and 02 Kailali,5843900.94,Works,NCB,In-Progress
IDOKAILALI/W/NCB/079/080-08,"Infrastructure Development Office , Kailali",Upgrading of 7 Different Nos. of Road in Tikapur Municipality 01 and 02 Kailali,8270986.64,Works,NCB,In-Progress
IDOKAILALI/W/NCB/079/080-24,"Infrastructure Development Office , Kailali","Construction of 9 Different Road of Lamkichuha ward no 1,2,4 & 5 Kailali",10328110.71,Works,NCB,In-Progress
IDOKAILALI/W/NCB/079/080-23,"Infrastructure Development Office , Kailali","Construction of 5 Different Road of Gauriganga ward no 9,10 & 11 Kailali",11330468.56,Works,NCB,In-Progress
IDOKAILALI/W/NCB/79/80-19,"Infrastructure Development Office , Kailali","Binesh Construction,Kailali",4409388.08,Works,NCB,In-Progress
IDOKAILALI/W/NCB/079/080-22,"Infrastructure Development Office , Kailali",Construction & Upgrading of 4 Different Road of Gauriganga ward no 7 & 8 Kailali,14158102.46,Works,NCB,In-Progress
RPGCL/W/SQ/079-80/01,Rastriya Prasaran Grid Company Limited,Fencing of GI Barbed Wire with Concrete Post at Banlek Substation of West Seti Corridor 400kV Dobule Curcit Transmission Line Project,1804954.66,Works,Sealed Quotation,In-Progress
DPR/NCB/W/2079/80-1,Department of Plant Resources,"Fencing works using 50mmX 3mm MS Square Pipe including 25mmX25mmX3mm angle Frame with 7mm TOR bar link mesh at World Peace Bio-diversity Garden Pokhara, Kaski",3110718.17,Works,NCB,In-Progress
IDOKAILALI/W/NCB/079/080-13,"Infrastructure Development Office , Kailali",Construction & Upgrading of 6 Different Road of Godawari Municipality ward No 4 & 8 Kailali,9305321.28,Works,NCB,Completed
IDOKAILALI/W/NCB/079/080-14,"Infrastructure Development Office , Kailali",Construction & Upgrading of 6 Different Road of Godawari Municipality ward No 9 Kailali,9835393.93,Works,NCB,In-Progress
RPGCL/w/ICB/KCTLP/078/79/01,Rastriya Prasaran Grid Company Limited,"Procurement of Plant for Design, Supply, Installation, Testing and Commissioning of Phukot-Betan-Dododhara 400kV Double Circuit Transmission Line",7823756954.54,Works,ICB,In-Progress
IDOKAILALI/W/NCB/079/080-16,"Infrastructure Development Office , Kailali","Construction & Upgrading of 5 Different Road of Dhangadhi Sub Metropolitan city ward no -5, Kailali",9863085.28,Works,NCB,In-Progress
CRM/ARG/NCB/W/03/079/80,Chhatradev Rural Municipality,Ratapokhara Khel Maidan Parapet Construction Works,7053611.34,Works,NCB,Completed
CRM/ARG/NCB/W/04/079/80,Chhatradev Rural Municipality,Chhatradev Janta Aawas Housing Construction Works,7264818.12,Works,NCB,Completed
IDOKAILALI/W/NCB/079/080-17,"Infrastructure Development Office , Kailali","Construction & Upgrading of 8 Different Road of Dhangadhi Sub Metropolitan City ward No 7,12,14,17&19 Kailali",14103643.87,Works,NCB,In-Progress
IDOKAILALI/W/NCB/079/080-15,"Infrastructure Development Office , Kailali",Construction & Upgrading of 9 Different Road of Dhangadhi Sub Metropolitan City ward No 1 Kailali,14488562.53,Works,NCB,In-Progress
IDOKAILALI/W/NCB/079/080-12,"Infrastructure Development Office , Kailali","Construction & Upgrading of 4 Different Road of Godawari Municipality ward No 5, 10 & 11 Kailali",8000000.00,Works,NCB,In-Progress
IDOKAILALI/W/NCB/079/080-04,"Infrastructure Development Office , Kailali",Construction & Upgrading of 2 Different Road of Janaki Ga Pa Kailali,4766825.60,Works,NCB,In-Progress
IDOKAILALI/W/NCB/079/080-05,"Infrastructure Development Office , Kailali",Construction & Upgrading works of Road & Culverts in Dhangadhi -06 & 13 Kailali,6678237.20,Works,NCB,In-Progress
03/BMA/W/UPG/2079/080,Bhumikasthan Municipality,Milanchowk Kuchurepani Ward Office Thulakharka Choutara Motorable Road Upgrading Works.,6813835.11,Works,NCB,Completed
Nagarjun/NCB/W/10/2079-80,Nagarjun Municipality,Padma Samaj Bato Ward-5 Road Upgrading Works,4206175.55,Works,NCB,In-Progress
SPRM/NCB/WORKS/2079/080,She-Phokshundo Rural Municipality,WATER SUPPLY AND SANITATION CONSTRUCTION,4000000.00,Works,Force Account,Completed
UDBO/DANG/NCB/WORKS/22-2079/80,"Urban Development & Building Office Ghorahi, Dang","Baal Shanti Griha Goraksha Marg Urban Infrastructure Development Works (Road Construction Works), Ghorahi-7, Parsa, Ghaderi, Dang.Re.",2843220.25,Works,NCB,In-Progress
UDBO/DANG/NCB/WORKS/27-2079/80,"Urban Development & Building Office Ghorahi, Dang","Ramri Dham Basti Bikas (Drain & Road Construction Works), Tulsipur-03 ,Dang.",5775111.55,Works,NCB,In-Progress
Nagarjun/NCB/W/11/2079-80,Nagarjun Municipality,Sankata Bhairab tole Bato Starronnati,3038959.26,Works,NCB,In-Progress
Nagarjun/NCB/W/07/2079-80,Nagarjun Municipality,"Chhagdol Sallaghari, Shiva Thapa ko ghar jane bato and Tamang Basti Road Upgrading Works",5677458.02,Works,NCB,In-Progress
Nagarjun/NCB/W/09/2079-80,Nagarjun Municipality,Aadeshwor Bajrayogini and Gumba Marga Road Upgrading Works,3530431.58,Works,NCB,In-Progress
Nagarjun/NCB/W/08/2079-80,Nagarjun Municipality,Ward-1 Bhitri Bato and Ward-2 devnagar Road Upgrading Works,5408797.91,Works,NCB,In-Progress
Nagarjun/NCB/W/04/2079-80,Nagarjun Municipality,Lasunpure Road U[grading Works,13557125.78,Works,NCB,In-Progress
Nagarjun/NCB/W/02/2079-80,Nagarjun Municipality,Bhimsensthan Thaple Road Upgrading Works,20295178.80,Works,NCB,In-Progress
Nagarjun/NCB/W/01/2079-80,Nagarjun Municipality,Khadkagaun Kanpur Pakhure Road Upgrading Works,27447532.87,Works,NCB,In-Progress
LIDPO/Htd/NCB/Works/MB-03/079/80,"Local Infrastructure Development Project Office (LIDPO), Hetauda","Construction of Narayan Kunwar Khageri Nagar Amarbasti Ra Kesharbagh ko simana Jodne Sadak Pul, Bharatpur Mahanagarpalika-6 Chitwan amd Ghyang Khola Pul, Naya Pul Pawati,Dandakharka, Dolakha",72641856.59,Works,NCB,In-Progress
LIDPO/Htd/NCB/Works/TB-05/079/80,"Local Infrastructure Development Project Office (LIDPO), Hetauda","Fabrication, supply, Transportation, Construction and Erection of various suspension trail bridges through construction turnkey packages",92059970.00,Works,NCB,In-Progress
SMIP/04/NCB/2079-80,Sunsari Morang Irrigation Project,"Rehabilitation of Canal and Construction of Associated Structures at Haripur Sub Distributary Canal System, Sunsari",62432389.47,Works,NCB,In-Progress
LIDPO/Htd/NCB/Works/TB-04/079/80,"Local Infrastructure Development Project Office (LIDPO), Hetauda","Fabrication, supply, Transportation, Construction and Erection of various suspension trail bridges through construction turnkey packages",73559610.00,Works,NCB,Completed
LIDPO/Htd/NCB/Works/MB-02/079/80,"Local Infrastructure Development Project Office (LIDPO), Hetauda","Construction of Dawadi chowk guruko ghol sadak pul, Bharatpur Mahanagarpalika-06, Chitwan",66168103.30,Works,NCB,In-Progress
RRM/PAL/W/NCB-04/079/80,Rainadevi Chhahara Rural Municipality,Construction of Rainadevi Temple,7592104.28,Works,NCB,Completed
10/NCB/TM/W/2079-080,"Tokha Municipality, Office of the Municipal Executive","Labu hudai Malung Sadak Kalopatray, ward-02",20868539.30,Works,NCB,In-Progress
15/NCB/TM/W/2079-080,"Tokha Municipality, Office of the Municipal Executive",Tokha Nagarpalika ward-08 ra ward 11 jodne Baniyatar Pool Nirman Karya,33804376.50,Works,NCB,In-Progress
19/NCB/TM/W/2079-080,"Tokha Municipality, Office of the Municipal Executive","Faidol Iko Chakhu Sadak Upgrade, ward-03",20602097.00,Works,NCB,In-Progress
20/NCB/TM/W/2079-080,"Tokha Municipality, Office of the Municipal Executive","Laxmi Chowk dekhi Futung Mul Sadak Slab Dhalan, ward-03",2998229.24,Works,NCB,In-Progress
21/NCB/TM/W/2079-080,"Tokha Municipality, Office of the Municipal Executive","Sai Baba Chowk dekhi Hattigauda jane Bishnumati Pool saamma Khanepani Pipeline sahit Sadak Upgrade, ward-03",5397748.00,Works,NCB,In-Progress
23/NCB/TM/G/2079-080,"Tokha Municipality, Office of the Municipal Executive","Ward bhitraka mul tatha sayak batoharu ma CC Camera tatha sadak batti jadan karya, ward-10",2096840.00,Goods,NCB,Completed
27/NCB/TM/W/2079-080,"Tokha Municipality, Office of the Municipal Executive","Construction of Compound wall,Retaining wall and Interlock Block of Tokha Municipality",4781330.85,Works,NCB,In-Progress
28/NCB/TM/W/2079-080,"Tokha Municipality, Office of the Municipal Executive",Ward -09 ko Bibhinna Sadak Overlay,2158535.00,Works,NCB,In-Progress
NCB15/079/80,"Water Supply and Sanitation Division-3, Sindhupalchok",Moldole Solithumka WSP,9725373.01,Works,NCB,In-Progress
NCB14/079/80,"Water Supply and Sanitation Division-3, Sindhupalchok",Bandeu Dumrighat WSP,6542080.24,Works,NCB,In-Progress
NCB16/079/80,"Water Supply and Sanitation Division-3, Sindhupalchok",Katunje Lifting WSP,6375634.40,Works,NCB,Completed
NCB17/079/80,"Water Supply and Sanitation Division-3, Sindhupalchok",Chalan Ganeshthan WSP,6872571.73,Works,NCB,In-Progress
NCB18/079/80,"Water Supply and Sanitation Division-3, Sindhupalchok",Construction of Bhumlu Saping Water Supply Project,19657056.47,Works,NCB,In-Progress
GDRP/337011014/079/80-06,Gaighat Diktel Road Project,Road and Traffic Safety Works,887741.56,Works,Sealed Quotation,Completed
NCB/DPO-SUN/BRCT/2079-080/RP02,"District Police Office, Sunsari",J.S.S. Engineering Services Private Limited,32169131.79,Works,NCB,Completed
04/BMA/W/UPG/2079/080,Bhumikasthan Municipality,Dharapani Phalamkhilli Ansurkot Road Upgrading works.,7511692.85,Works,NCB,In-Progress
05/BMA/W/BT/2078/079,Bhumikasthan Municipality,Nuwakot Khilji Ansurkot Motorable Road Upgrading Works.,66972009.17,Works,NCB,In-Progress
05/BMA/W/BT/2079/080,Bhumikasthan Municipality,Udayathati Chautara Pauwa Motorable Road Upgrading works.,6929914.24,Works,NCB,In-Progress
06/BMA/W/UPG/2079/080,Bhumikasthan Municipality,Belbot Dadagaun Durbang Motorable Road Upgrading works.,6923688.28,Works,NCB,In-Progress
07/BMA/W/UPG/2079/080,Bhumikasthan Municipality,Baraneta Jalam Jhimruk Motorable Road Upgrading Works.,7520484.99,Works,NCB,Completed
NCB/N1SP/079-80/BP01,No. 1 State Police Office,Construction of Prefab Barrack Block,4404312.50,Works,NCB,In-Progress
NCB/N1SP/N1SPTC/2079-080/RP01,No. 1 State Police Training Centre,"Construction of Office and Barrack at No.1 State Police Training Center,Gothgaun Morang",168043960.34,Works,NCB,In-Progress
IDOKAILALI/W/NCB/79/80-01,"Infrastructure Development Office , Kailali",Construction of Sitalpur -Simali Road,68840824.19,Works,NCB,In-Progress
IDOKAILALI/W/NCB/79/80-03,"Infrastructure Development Office , Kailali",Construction of Krishnamandir Dekhi Godawari 12 Bandrekhal Road,66141206.38,Works,NCB,In-Progress
RDCNP/33701138/2079/80-07,"Road Division, Chandranigahpur","Road Improvement Works along Rautahat Chandrapur Ward no.8 Santpur- Sindureghari-Malintole-Chetnagar Samm Pakki Sadak(CH 0+000 to 20+000 ), Rautahat ( total length of working section :7.55 KM)",131884677.52,Works,NCB,In-Progress
RDCNP/33701169/2079/80-14,"Road Division, Chandranigahpur","Road Improvement along Bagmati-11 Churevitte road to Mudewala river road, Sarlahi",6856303.25,Works,NCB,In-Progress
RDCNP/33701169/2079/80-16,"Road Division, Chandranigahpur","Road Improvement along Chakraghtta-9 Khoriya - Goiyahi - Aurahi - Kabilashi-10 Salempur road, Sarlahi",3434996.60,Works,NCB,In-Progress
RDCNP/33701169/2079/80-17,"Road Division, Chandranigahpur","Road Improvement along Chakraghtta bazzar - Paterwa - Chenpura road, Sarlahi",3959886.12,Works,NCB,In-Progress
RDCNP/33701169/2079/80-18,"Road Division, Chandranigahpur","Road Improvement along Chureko fedi krishi road Bagmati-1 to -11 road, Sarlahi",3702075.37,Works,NCB,In-Progress
09/BMA/W/UPG/2079/080,Bhumikasthan Municipality,Bhujelpani Sandeva Thuldeva Motorable Road Upgrading works.,6922004.24,Works,NCB,Completed
RDCNP/33701169/2079/80-19,"Road Division, Chandranigahpur","Road Improvement along Kabilashi-8 Agarwa chok dekhi Jamunraiko ghar hudain Pakar tole - Ram tole hudain Kabilashi Police chauki samma road, Sarlahi",3404424.45,Works,NCB,In-Progress
RDCNP/33701169/2079/80-21,"Road Division, Chandranigahpur","Road Improvement Works along Parsa Dekhi Pipra Hudai Chaulikha Raitarkhor Hudainmain Rajmarga Samma , Sarlahi",7741940.75,Works,NCB,In-Progress
RDCNP/33701169/2079/80-26,"Road Division, Chandranigahpur","Construction of RCC Drain Works along Chandranigahpur-Gaur Road, Rautahat",6365421.08,Works,NCB,In-Progress
RDCNP/33701169/2079/80-28,"Road Division, Chandranigahpur",Construction of Rigid Pavement along Gedahi dekhi Brindavan na.pa. 16 Sadak Rautahat,3020264.00,Works,NCB,In-Progress
RDCNP/33701169/2079/80-30,"Road Division, Chandranigahpur",Construction of Causeway Near West guide bund of Lalbakaiya River at Katahariya Rautahat,11702133.10,Works,NCB,In-Progress
RDCNP/33701169/2079/80-34,"Road Division, Chandranigahpur","Construction of Box Culvert and Hume pipe Culvert along Gaur Chakrapath, Rautahat.",4886121.78,Works,NCB,Completed
RDCNP/33701169/2079/80-36,"Road Division, Chandranigahpur","Construction of Pavement Works and Drain Works along Chandranigahpur-Gaur Road, Rautahat",13536547.30,Works,NCB,In-Progress
RDCNP/33701169/2079/80-37,"Road Division, Chandranigahpur","Construction of Blacktop and Drain Works along Dhansar- Kathariya-Karkach Road, Rautahat",49855568.13,Works,NCB,In-Progress
RDCNP/33701136/2079/80-45,"Road Division, Chandranigahpur","??? ???????????? ???, ?.??.??. ????? ????? ???????, ??????? ? ????? Road Improvement Works along MRM of BankeDhansar Section, Sarlahi&Rautahat.",1199158.13,Works,NCB,In-Progress
SMIP-05/NCB/2079-80,Sunsari Morang Irrigation Project,"Construction of Headworks and Canal lining with Drain Protection at 114RD of CMC, Morang",37424935.12,Works,NCB,In-Progress
SMIP-06/NCB/2079-80,Sunsari Morang Irrigation Project,Construction /Rehabilitation of Canal and Associated Structures of Chisang Minor and Kalikoshi Feeder Canal.,30920940.07,Works,NCB,In-Progress
SMIP-07/NCB/2079-80,Sunsari Morang Irrigation Project,Construction of Spurs in Right (western) bank of Koshi River,183200850.34,Works,NCB,In-Progress
IDOKAILALI/W/NCB/79/80-28,"Infrastructure Development Office , Kailali",Construction & Upgrading work of Kailali Pul Dekhi Dhangadhi 8 Hulaki Sadak ko Zero Point Samma Sadak,516878641.13,Works,NCB,In-Progress
UDBO/DANG/NCB/WORKS/28-2079/80,"Urban Development & Building Office Ghorahi, Dang","Bahane Bazar Integrated Infrastructure Construction Work, Naubahini-6, Pyuthan.",1475116.17,Works,NCB,In-Progress
5/NCB/WORKS/BM/078/79,BHIMAD MUNICIPALITY,Construction of basic health service center building,3502996.58,Works,NCB,Completed
5/NCB/WORKS/BM/079/80,BHIMAD MUNICIPALITY,Bhimad Bhagar Simle sadak kalopatre Yojana,8464820.69,Works,NCB,Completed
UDBO/BANKE/NCB/WORK/RAJAPUR.DRAIN/079-080/57,"Urban Development and Building Office, Banke","Construction of RCC drain work at Rajapur-4 Tharu Village, Bardiya",3855704.42,Works,NCB,In-Progress
UDBO/BANKE/NCB/WORK/RETROFITTING.Blg/079-080/60,"Urban Development and Building Office, Banke",Retrofitting Work 4 Room Building of Himalay Adharbhut School at Thakurbaba-3 Mirchaiya Bardiya,1924490.49,Works,NCB,In-Progress
UDBO/BANKE/NCB/WORK/HIGHMASTLIGHT.BANSAGADHI/079-080/53,"Urban Development and Building Office, Banke",Construction & Fitting of High Mast Light at Market Area Bansagadhi-05 Bardiya,2329742.55,Works,NCB,In-Progress
UDBO/BANKE/NCB/WORK/MAINAPOKHAR.DRAIN/079-080/56,"Urban Development and Building Office, Banke",Construction of RCC drain work at Mainapokhar Bazar Bardiya,6732840.22,Works,NCB,In-Progress
UAHEP/078-79/ICB/AR/L1,Upper Arun Hydroelectric Limited (UAHEL),Construction of Access Road for Upper Arun Hydro-electric Project,7913941553.31,Works,ICB,In-Progress
GDRP/337011014/079/80-07,Gaighat Diktel Road Project,Resealing & Improvement Work at Gaighat Diktel Road (Ch 4+715 to Ch. 20+000),36456818.46,Works,NCB,In-Progress
DPR/NCB/W/2079/80-2,Department of Plant Resources,Simraungadh Banaspati Udhyan ma Sanrachana Nirman,3085497.75,Works,NCB,In-Progress
Moud/Lamahi/TDC/NCB/04/079/80,Lamahi Town Development Committee,Ganga Nirman Sewa,4214594.00,Works,NCB,Completed
MOUD/LTDC/NCB/05/029/080,Lamahi Town Development Committee,Upgrading Road Work,27182507.65,Works,NCB,In-Progress
IDO/MYAGDI/NCB/W/08/079-80,"Infrastructure Development Office, Myagdi",Construction / Upgrading of of Singha - Sineri - Dandakhet - Pulachaur - Gandhe - Jagannath to Dholthana Road,7219829.67,Works,NCB,In-Progress
NCB/SM/R/P/03/2079/80,Sandhikharka Municipality,Mathurabesi Pauwa Protection and Approach Road Construction,14070033.33,Works,NCB,In-Progress
NCB/SM/R/P/04/2079/80,Sandhikharka Municipality,Sahid Sarala Marga Rural Road Upgrading,13822137.56,Works,NCB,In-Progress
NCB/SM/B/P/7/2079/080,Sandhikharka Municipality,Construction of Supa deaurali Dharma Shala Building,15657857.29,Works,NCB,In-Progress
NCB/SM/B/P/8/2079/080,Sandhikharka Municipality,NCB/SM/B/P/8/2079/080 -Gangasarobar Tal Upgrading works,11896614.48,Works,NCB,In-Progress
NCB/SM/B/P/5/2079/080,Sandhikharka Municipality,"NCB/SM/B/P/5/2079/080-Construction of Health Post Building (ward No.7,8 & 11)",57639604.40,Works,NCB,In-Progress
5-BMC/2079/080/G/NCB/7,Bharatpur Metropolitian City Office,"Procurement of Electronic and electrical goods, BMC.",4516045.00,Goods,NCB,Completed
5-BMC/2079/080/G/NCB/9,Bharatpur Metropolitian City Office,""" Procurement of Printing related goods for Office, BMC""",3706739.00,Goods,NCB,Completed
5-BMC/2079/080/G/NCB/10,Bharatpur Metropolitian City Office,Supply and Delivery of Stationery-Maslanda related Goods,2729441.55,Goods,NCB,Completed
IDO/MYAGDI/NCB/W/09/079-080,"Infrastructure Development Office, Myagdi",Constriction/ Upgrading of Poka -Neta- Arman Kimachaur Deurali Road,7261980.45,Works,NCB,In-Progress
NCB/SM/B/P/06/2079/80,Sandhikharka Municipality,Construction of Argha Bhagawati Primary School Building,30914638.41,Works,NCB,In-Progress
RIDO-ARG-W-NCB-42-2079/080,"Road Infrastructure Development Office, Arghakhanchi","Construction of Gudung Khola Bridge, Pattharkot Harre Road",61858420.29,Works,NCB,In-Progress
NCB/SM/R/P/09/2079/080,Sandhikharka Municipality,NCB/SM/R/P/09/2079/080 Dhorpatan-Behore-kura-Pallabari-Duwara-Gachhe Road Upgrading,77681802.20,Works,NCB,In-Progress
NCB/SM/B/P/10/2079/080,Sandhikharka Municipality,NCB/SM/B/P/10/2079/080 Construction of Mathura nandaram Adharvut School Building,4384104.10,Works,NCB,Completed
NCB/SM/B/P/11/2079/080,Sandhikharka Municipality,NCB/SM/B/P/11/2079/080 Construction of Bhagawati Secondary school Building,4232259.00,Works,NCB,Completed
NCB/SM/B/P/12/2079/080,Sandhikharka Municipality,NCB/SM/B/P/12/2079/080-Construction of Parbati Adharvut School Buildin,2370065.22,Works,NCB,Completed
NCB/SM/B/P/13/2079/080,Sandhikharka Municipality,NCB/SM/B/P/13/2079/080 -Construction of Janata Adharvut school Building,2223262.34,Works,NCB,Completed
NCB/SM/B/P/14/2079/080,Sandhikharka Municipality,NCB/SM/B/P/14/2079/080-Construction of Parkritik Sampadako Rupama Raheko Rock Garden Samrakshana,14027711.99,Works,NCB,In-Progress
NCB/SM/W/P/15/2079/080,Sandhikharka Municipality,NCB/SM/W/P/15/2079/080-Historical Khanchi Durbar Reconstruction & Approach Road Construction,15305432.63,Works,NCB,In-Progress
NCB/SM/B/P/16/2079/080,Sandhikharka Municipality,NCB/SM/B/P/16/2079/080 -,14794240.35,Works,NCB,In-Progress
NCB/SM/B/P/17/2079/080,Sandhikharka Municipality,NCB/SM/B/P/17/2079/080-Rithe Khola Majha Hatiya- Jare Khola Rural Road Upgrading,13607544.05,Works,NCB,In-Progress
NCB/SM/B/P/18/2079/080,Sandhikharka Municipality,NCB/SM/B/P/18/2079/080-Construction of Janata Krishna Ma. Vi. School Hostel Building,4596297.26,Works,NCB,Completed
NCB/SM/R/P/19/2079/080,Sandhikharka Municipality,"NCB/SM/R/P/19/2079/080 -Sandhikharka Ward no 1, 2 Bazar areas and Ward no 7, Phudbang bazar Black top Area Road Maintenance",8008579.80,Works,NCB,Completed
IDO/MYAGDI/NCB/W/CTP /12/079-80,"Infrastructure Development Office, Myagdi","Construction of Paudwar Tatopani Thurung Trail Bridge over Kaligandki River, Annpurna RM Through Construction Turn Key Package",9350486.70,Works,NCB,In-Progress
KRMP/GRB/NCB/31/079/80,"Irrigation and Water Resource Management Project, Rajapur, Bardiya",KRMP/GRB/NCB/31/079/80,134052932.02,Works,NCB,In-Progress
KRMP/GRB/NCB/32/079/80,"Irrigation and Water Resource Management Project, Rajapur, Bardiya",KRMP/GRB/NCB/32/079/80,82615506.58,Works,NCB,In-Progress
KRMP/GRB/NCB/30/079/80,"Irrigation and Water Resource Management Project, Rajapur, Bardiya",KRMP/GRB/NCB/30/079/80,31760788.75,Works,NCB,Completed
KRMP/GRB/NCB/27/079/80,"Irrigation and Water Resource Management Project, Rajapur, Bardiya",KRMP/GRB/NCB/27/079/80,100272953.51,Works,NCB,Completed
KRMP/KLB/NCB/MT-04/079/80,"Irrigation and Water Resource Management Project, Rajapur, Bardiya",KRMP/KLB/NCB/MT-04/079/80,109144363.72,Works,NCB,Completed
KRMP/GRB/NCB/28/079/80,"Irrigation and Water Resource Management Project, Rajapur, Bardiya",KRMP/GRB/NCB/28/079/80,157674267.39,Works,NCB,In-Progress
KRMP/GRB/NCB/29/079/80,"Irrigation and Water Resource Management Project, Rajapur, Bardiya",KRMP/GRB/NCB/29/079/80,72103894.96,Works,NCB,In-Progress
KRMP/KLB/NCB/25/079/80,"Irrigation and Water Resource Management Project, Rajapur, Bardiya",KRMP/KLB/NCB/25/079/80,75612726.13,Works,NCB,In-Progress
KRMP/KLB/NCB/26/079/80,"Irrigation and Water Resource Management Project, Rajapur, Bardiya",KRMP/KLB/NCB/26/079/80,116286302.70,Works,NCB,Completed
RIDOKAP/10134/NCB/79-80/73,"Road Infrastructure Development Office, Kapilvastu",Kapilvastu Nagarpalika Bhikkshu Chowk Malpara-Bijgauri Road,40953553.91,Works,NCB,In-Progress
RIDOKAP/10134/NCB/CTP/79-80/156,"Road Infrastructure Development Office, Kapilvastu","Fabrication,Supply,Transportation,Construction and Erection of Baba Kurtighat trail Bridges over Banganga River Buddhabhumi 10 Kapilvastu",18878910.00,Works,NCB,In-Progress
RIDOKAP/10134/NCB/079-80/157,"Road Infrastructure Development Office, Kapilvastu","Construction Of Bhutaha multicel Box Culvert along Patariya road,Kapilbastu",34164813.19,Works,NCB,In-Progress
UDB-RUP/34701013/NCB/079-80/83,"Urban Development and Building Office, Rupandehi","Construction of Infrastructure(Tharu Meusam) at Tharu Kalyankari shabha,Omsatiya-02,Rupandehi.",7426994.98,Works,NCB,In-Progress
UDB-RUP/34701012/ NCB/079-80/85,"Urban Development and Building Office, Rupandehi","Upgrading and Construction of Drain & Road at Chauwannapur to Bakalipur Buddhabhumi-9,Kapilvastu",2092285.40,Works,NCB,In-Progress
UDB-RUP/34701014/ NCB/ 079-80/65,"Urban Development and Building Office, Rupandehi","Construction Works Of Rural & Small City Infrastructure Development at Tilottama-17,Thatharihawa and other Tole ,Rupandehi.",47417790.15,Works,NCB,In-Progress
UDB-RUP/35000022/NCB/079-80/59,"Urban Development and Building Office, Rupandehi",Construction of Building Construction Work of Marchawar Adarsha Ma Vi school building at Kotahimai-5 Marchawar Rupandehi,68549208.00,Works,NCB,In-Progress
UDB-RUP/34701012/NCB/079-80/63,"Urban Development and Building Office, Rupandehi","Construction of Infrastructure at Binayak Tole, Mayadevi-08, Rupandehi",34562523.43,Works,NCB,In-Progress
UDB-RUP/34701012/NCB/079-80/64,"Urban Development and Building Office, Rupandehi","Construction of Infrastructure at Chhapiya Gaun, Siyari-4, Rupandehi",32654455.30,Works,NCB,In-Progress
UDB-RUP/34701012/NCB/079-80/33,"Urban Development and Building Office, Rupandehi","Upgrading work of road at Palhinandan-1, Sunari, Palinandan-02, Harpur,Palinandan-03,Kusma Palinandan-06, Paderi and Ramgram-16, Hakui.Nawalparasi West.",13165489.38,Works,NCB,In-Progress
UDB-RUP/34701014/ NCB/ 079-80/62,"Urban Development and Building Office, Rupandehi","Construction of Rural and Urban Settlement Infrastructure at Majhgawa, Rupandehi",33224176.12,Works,NCB,In-Progress
UDB-RUP/34701014/ NCB/ 079-80/71,"Urban Development and Building Office, Rupandehi","Construction of Infrastructures at Mahalawar-Majdiya Road at Lumbini Sanskritic Municipality, Rupandehi",27435942.62,Works,NCB,In-Progress
IDO/MYAGDI/NCB/W/BRIDGE/10/079-080,"Infrastructure Development Office, Myagdi",Constriction of Adhiwara Khola Motorable Bridge,41083156.88,Works,NCB,In-Progress
IDO/MYAGDI/NCB/W/BRIDGE/11/079-80(Re),"Infrastructure Development Office, Myagdi",Constriction of Arje Khola Motorable Bridge,34115572.48,Works,NCB,In-Progress
BRM/NCB/WORKS/07/2079/080,Bandipur Rural Municipality,Construction of Athithi Griha Bhaban,3294444.92,Works,NCB,In-Progress
BRM/NCB/WORKS/03/2080-081,Bandipur Rural Municipality,Upgrading of Bandipur-Khahare-Seratar-Sukhaura Road,10849873.03,Works,NCB,In-Progress
BRM/NCB/WORKS/02/2080/081,Bandipur Rural Municipality,Upgrading of Bandipur-Dharampani Road,9434209.68,Works,NCB,In-Progress
01,Naugad Rural Municipality,Construction of Ward Office Building Naugad 1 Darchula,6011064.40,Works,NCB,Completed
RRM/PAL/NCB/W/11-079/80,Rainadevi Chhahara Rural Municipality,Construction of Rainadevi Chhahara 15 Bed Primary Hospital,221748124.93,Works,NCB,In-Progress
RRM/PAL/NCB/W/01-080/81,Rainadevi Chhahara Rural Municipality,Upgrading of Dhajabanne-Pelawas-Taalpokhara-Arghakhanchi Road,5950681.32,Works,NCB,Completed
RIDOKAP/10134/NCB/080-81/02,"Road Infrastructure Development Office, Kapilvastu",Labani chowk to Sisahaniya Nandanagar Siddhipur Sohasa road upgradation,2175286.29,Works,NCB,In-Progress
RIDOKAP/10134/NCB/080-81/03,"Road Infrastructure Development Office, Kapilvastu",Jharuwa chowk Mahatiniya Sisahaniya Bhagwanpur road upgradation,2621971.90,Works,NCB,In-Progress
RIDOKAP/10134/NCB/080-81/08,"Road Infrastructure Development Office, Kapilvastu",Barrohiya chowk Mungehari Manpur Madarhawa Mahadev Baluhawa road upgradation,3944507.58,Works,NCB,In-Progress
RIDOKAP/10134/NCB/080-81/10,"Road Infrastructure Development Office, Kapilvastu",Maryadpur Sultanpur Sihakhor Piparahawa road upgradation,2230300.59,Works,NCB,In-Progress
RIDOKAP/10134/NCB/080-81/11,"Road Infrastructure Development Office, Kapilvastu","Jhulanipur Harnampur Jagadishpur road, Kapilvastu -9",2164148.13,Works,NCB,In-Progress
RIDOKAP/10134/NCB/080-81/12,"Road Infrastructure Development Office, Kapilvastu",Mainihawa chowk to Belauha Murandihawa Kuwagaun road upgradation,2741247.92,Works,NCB,In-Progress
RIDOKAP/10134/NCB/080-81/13,"Road Infrastructure Development Office, Kapilvastu","Dohani Chauraha to Bargadawa School road upgradation, Kapilvastu -7",2592743.55,Works,NCB,In-Progress
RIDOKAP/10134/NCB/080-81/16,"Road Infrastructure Development Office, Kapilvastu",Mainihawa chowk to Kankatawa Dhamauli Bichauwapur Fulika Suryabaliya Sohasa road,6300940.71,Works,NCB,In-Progress
RIDOKAP/10134/NCB/080-81/17,"Road Infrastructure Development Office, Kapilvastu","Purena Bar ko rukhdekhi Fachkaiya, Kailhawa Mormi road in Buddhbhoomi Municipality Ward No. 1, 2 and 3 road upgradation,Kapilvastu.",1997652.46,Works,NCB,In-Progress
RIDOKAP/10134/NCB/080-81/18,"Road Infrastructure Development Office, Kapilvastu","Banganga Munucipality 3 Lumbini Vision college agadiko bato Kalopatre,Banganga,Kapilvastu",2589467.45,Works,NCB,In-Progress
RIDOKAP/10134/NCB/080-81/19,"Road Infrastructure Development Office, Kapilvastu","Banganga Municipality-04, Kotiya Chowk dehi Thati samma Jane Sadak,Kapilvastu.",1797958.70,Works,NCB,In-Progress
RIDOKAP/10134/NCB/080-81/20,"Road Infrastructure Development Office, Kapilvastu","Radhakrishana Mandir dekhi Banjadeko Milsamma road upradation,Banganga Municipality-02,Kapilvastu.",1883097.42,Works,NCB,In-Progress
RIDOKAP/10134/NCB/080-81/21,"Road Infrastructure Development Office, Kapilvastu","Buddhi Hanumanchowk Gelver Rangai Dubiya hudai Arghakhachi Sadak, Buddhabhumi-03, Kapilvastu.",2217948.31,Works,NCB,In-Progress
RIDOKAP/10134/NCB/080-81/22,"Road Infrastructure Development Office, Kapilvastu","Shivapur Karahiya Bhaluhi Madhawa Hudai belnadi Sadak,Shivaraj Municipality-05, Kapilvastu",2207488.58,Works,NCB,In-Progress
RIDOKAP/10134/NCB/080-81/07,"Road Infrastructure Development Office, Kapilvastu",Mayadevi Ga. Pa. Bijuwa Amhawa Narkhoriya to Belbhariya Hulaki road upgradation,3288056.93,Works,NCB,In-Progress
RIDOKAP/10134/NCB/080-81/09,"Road Infrastructure Development Office, Kapilvastu",Gaura Sisahaniya Karmahawa Dohani road,2679192.84,Works,NCB,In-Progress
RIDOKAP/10134/NCB/080-81/14,"Road Infrastructure Development Office, Kapilvastu","Bargadawa gaun to Taulihawa Bus Station road and Drain construction, Kapilvastu -2",1912084.11,Works,NCB,In-Progress
RIDOKAP/10134/NCB/080-81/15,"Road Infrastructure Development Office, Kapilvastu","Aajad Darji ko ghar dekhi Sita Acharya Narayan Regmi ko ghar road upgradation, Kapilvastu -2",2015484.67,Works,NCB,In-Progress
RIDOKAP/10134/NCB/080-81/24,"Road Infrastructure Development Office, Kapilvastu","Bankatahawa-Shivapur-1 Hudai Karaiya Chainpur Sadak,Shivaraj-01,Kapilvastu.",1926490.27,Works,NCB,In-Progress
UDBO/DANG/NCB/WORKS/01-2080/81,"Urban Development & Building Office Ghorahi, Dang","Ganeshpur Basti Bikas (Drain and Road Construction works), Lamahi na.pa.-08, Dang.",2288758.02,Works,NCB,In-Progress
UDBO/DANG/NCB/WORKS/03-2080/81,"Urban Development & Building Office Ghorahi, Dang","Gwarkhola Tallo Basti, Kumalgaun Basti Bikas (Drain Work), Tulsipur-7, Dang.",1459695.94,Works,NCB,In-Progress
RIDOKAP/10134/NCB/080-81/23,"Road Infrastructure Development Office, Kapilvastu","MRM Supadeurali Mandir-Khusahatol-Nayabasti-Durgamandir-Banakatti-Semari-Jalimbagiya-Bhadhaukher-SekhuwaniTal-Maitahawa-Maharajgunj-Thuniya Road,Shivarj-11,Kapilvastu.",2124286.45,Works,NCB,In-Progress
RIDOKAP/10134/NCB/080-81/01,"Road Infrastructure Development Office, Kapilvastu","Lakhanchowk Labani Sibalawa chowk to Dohani Fulawapur Tadanagar Ghiraujot road upgradation, Shuddhodhan -5 Kapilvastu",3694065.68,Works,NCB,In-Progress
RIDOKAP/10134/NCB/080-81/04,"Road Infrastructure Development Office, Kapilvastu",Shuddhodhan -2 Harnampur Jho. Pu. Dekhi Karmahawa road construction,2750548.95,Works,NCB,In-Progress
RIDOKAP/10134/NCB/080-81/05,"Road Infrastructure Development Office, Kapilvastu",Shuddhodhan -1 Bakuli Paschim Dih dekhi Jho.pu. Shekhuya road,2144520.03,Works,NCB,In-Progress
RIDOKAP/10134/NCB/080-81/06,"Road Infrastructure Development Office, Kapilvastu",Mayadevi Ga. Pa. ward 4 to 5 Sisahaniyakot road upgradation,2653983.67,Works,NCB,In-Progress
RIDOKAP/10134/NCB/079-80/177,"Road Infrastructure Development Office, Kapilvastu","Construction of Pichurki Village South Marthi River RCC Motorable Bridge along Pakadi Pipara to Hulaki Road, Kapilbastu",37849340.99,Works,NCB,In-Progress
RIDOKAP/10134/NCB/079-80/178,"Road Infrastructure Development Office, Kapilvastu","Construction of Bharwaliya Village West Sisai Khola RCC Motorable Bridge Abhiraw Bharwaliya Mugheri Road, Kapilbastu",45374578.52,Works,NCB,In-Progress
19/RIDOKAP/079-80/191,"Road Infrastructure Development Office, Kapilvastu","Construction of Karma Village West River RCC Motorable Bridge along Hulaki Road (Sudhodhan Ga. Pa. 6), Kapilvastu",59659261.75,Works,NCB,In-Progress
20/RIDOKAP/079-80/192,"Road Infrastructure Development Office, Kapilvastu",Construction of Khairati Marthi multicell Box Culvert along Fulika-Thulokhairaghat -Pipara-Pakadi Road Kapilbastu,20306233.92,Works,NCB,In-Progress
RIDOKAP/10144/NCB/080-81/47,"Road Infrastructure Development Office, Kapilvastu",Bargadawa Bhawapur Titirkhi Road Maintenance work Kapilvastu,3312274.64,Works,NCB,In-Progress
RIDOKAP/10134/NCB/080-81/48,"Road Infrastructure Development Office, Kapilvastu","RTO road purba uttar Narikot hudai bijgauri Sadak,Shivaraj-09,Kapilvastu",1688694.98,Works,NCB,In-Progress
RIDOKAP/10134/NCB/080-81/49,"Road Infrastructure Development Office, Kapilvastu","Mormi Pratikshalya dekhi Siruwa hudai Tharu Deuhar samma Sadak,Banganga-08,Kapilvastu",3419893.86,Works,NCB,In-Progress
RIDOKAP/10134/NCB/080-81/50,"Road Infrastructure Development Office, Kapilvastu","Karmahana Uttar chowk dekhi Purwa Hathausa jane sadak and Karmahana Gaun bata Dakshin Tharu diuhar hudai Pratikshalaya samma Sadak,Banganga-03,Kapilvastu",3717906.56,Works,NCB,In-Progress
RIDOKAP/10134/NCB/080-81/51,"Road Infrastructure Development Office, Kapilvastu","Sasatra Prahari Bal 5 no. Brindabasini Bahini Chandrauta Pahuch Marga,Shivaraj-05,Kapilvastu.",2477968.27,Works,NCB,In-Progress
RIDOKAP/10134/NCB/080-81/52,"Road Infrastructure Development Office, Kapilvastu","Jawabhari dekhi itorol sadak and Jawabhari Gaun ma nali Nirman,Shivaraj-07 kapilvastu",2496200.28,Works,NCB,In-Progress
RIDOKAP/10144/NCB/080-81/53,"Road Infrastructure Development Office, Kapilvastu","Tikkar Buddhi Bijgauri Taulihwa Maintenance work , Kapilvastu",4648619.30,Works,NCB,In-Progress
RIDOKAP/10134/NCB/080-81/54,"Road Infrastructure Development Office, Kapilvastu","Dumara Gabdawa Sadak,Buddhabhumi-09,Kapilvastu",1429443.60,Works,NCB,In-Progress
UDBO/DANG/NCB/WORKS/02-2080/81,"Urban Development & Building Office Ghorahi, Dang","MA.VI. Dandagaun Gogli - Laxmipur - Shiv Mandir Road Upgrading and Drain Works, Ghorahi-4, Dang.",1567023.77,Works,NCB,In-Progress
UDBO/DANG/NCB/WORKS/04-2080/81,"Urban Development & Building Office Ghorahi, Dang","Dhakana Tharugaun Basti-Road Construction Works, Tulsipur -13, Dang.",2971218.14,Works,NCB,In-Progress
UDBO/DANG/NCB/WORKS/05-2080/81,"Urban Development & Building Office Ghorahi, Dang","Kothari Naya Basti Bikas (Road Construction Works) Tulsipur-15, Dang.",1785571.34,Works,NCB,In-Progress
UDBO/DANG/NCB/WORKS/06-2080/81,"Urban Development & Building Office Ghorahi, Dang","Nawalpur Tharu Gaun Road and Drain Construction Work , Tulsipur-7, Dang.",2695843.17,Works,NCB,In-Progress
UDBO/DANG/NCB/WORKS/07-2080/81,"Urban Development & Building Office Ghorahi, Dang","Bangaun Bal Janta Ma.Vi.Bangaun (Drain and Road Construction Works), Lamahi na.pa.-03, Dang.",3231383.49,Works,NCB,In-Progress
UDBO/DANG/NCB/ WORKS/08-2080/81,"Urban Development & Building Office Ghorahi, Dang","Gwarkhola, Rapti Babai Campus - Tulsipur Bazar Upgrading And Black Topped work, Tulsipur-12 and 6, Dang.",3114921.20,Works,NCB,In-Progress
UDBO/DANG/NCB/ WORKS/09-2080/81,"Urban Development & Building Office Ghorahi, Dang","Damodar Road - Sukdewa Beljhundi Samadhisthal Road Black Topped Work, Dangisharan-4, Dang.",3285013.84,Works,NCB,In-Progress
UDBO/DANG/NCB/ WORKS/10-2080/81,"Urban Development & Building Office Ghorahi, Dang","B.P Marg - Budhiman Budha ghar Road Black Topped Work, Ghorahi -02, Dang.",3630906.37,Works,NCB,In-Progress
UDBO/DANG/NCB/ WORKS/11-2080/81,"Urban Development & Building Office Ghorahi, Dang","Rampur-Balapur Road Upgrading Work, Ghorahi -2, Dang.",3408229.95,Works,NCB,In-Progress
UDBO/DANG/NCB/ WORKS/12-2080/81,"Urban Development & Building Office Ghorahi, Dang","Takiyapur Manikapur Road Drain Construction Works , Tulsipur-2, Dang.",3075745.87,Works,NCB,In-Progress
UDBO/DANG/NCB/ WORKS/13-2080/81,"Urban Development & Building Office Ghorahi, Dang","Jethangaun- Mahadewa, Dhaireni - Gadhawa Campus - Rajpur Road upgrading Work, Gadhawa ga.pa.-04, Dang.",3127215.10,Works,NCB,In-Progress
UDBO/DANG/NCB/ WORKS/14-2080/81,"Urban Development & Building Office Ghorahi, Dang","Simthana Simthani Basti Bikas, Dangisharan-7, Dang.",2272896.33,Works,NCB,In-Progress
UDBO/DANG/NCB/ WORKS/15-2080/81,"Urban Development & Building Office Ghorahi, Dang","Pipari Galli Basti Bikas and Ladanchok Uttar side Subash Chaudhary house culvert construction work (Drain and Road Construction Work),Rapti Ga.Pa.-08,Dang",2637220.39,Works,NCB,In-Progress
UDBO/DANG/NCB/WORKS/16-2080/81,"Urban Development & Building Office Ghorahi, Dang","Bhaisapathra Saraswati khola South Shivmandir - Dobhan Chautari Road and Drain Construction Work, Ghorahi-05, Dharna, Dang.",2342491.40,Works,NCB,In-Progress
UDBO/DANG/NCB/WORKS/17-2080/81,"Urban Development & Building Office Ghorahi, Dang","Highway - Buddhanagar Tole Basti Bikas (Drain And Road Construction Works), Ghorahi-15, Dang.",1769165.66,Works,NCB,In-Progress
SMIP-02/NCB/080-81,Sunsari Morang Irrigation Project,Construction of Head Reach Canal With Pumping System in Sundargundar Minor Systems,73836313.54,Works,NCB,In-Progress
SMIP-01/NCB/2080-81,Sunsari Morang Irrigation Project,"Supply, Delivery, Installation, Testing and Commissioning of Radial Piston Hydraulic Motors for Winch Drive of Dredgers",6881700.00,Goods,NCB,In-Progress
SMIP-08/NCB/079-80,Sunsari Morang Irrigation Project,"Construction of Headworks, Canal and Canal Structures of Lohandra Augmentation Sub-Project",428972701.92,Works,NCB,In-Progress
IDO/MYAGDI/NCB/W/01/080-081,"Infrastructure Development Office, Myagdi","Upgrading Of Pakher Baranja Bukeni Dhapung Tarakhola Road, Mangala Rural Municipality - 3 & 4",12801399.66,Works,NCB,In-Progress
IDO/MYAGDI/NCB/W/02/080-081,"Infrastructure Development Office, Myagdi","Upgrading Of Mahabhir - Dosalle Kaphaldanda - Nagi Road, Annapurna Rural Municipality -7 & 8, Myagdi",7258732.93,Works,NCB,In-Progress
IDO/MYAGDI/NCB/W/09/080-081,"Infrastructure Development Office, Myagdi","Bima Marang Malkbang Kuine Thadakhani Pakhapani Road, Dhawalagiri Rural Municipality - 5 &6",6967392.32,Works,NCB,In-Progress
IDO/MYAGDI/NCB/W/05/080-081,"Infrastructure Development Office, Myagdi","Upgrading of Darbang Devisthan Takam Road, Malika - 5 & Dhawalagiri - 7",6761073.02,Works,NCB,In-Progress
UDBO/DANG/NCB/WORKS/31-2079/80,"Urban Development & Building Office Ghorahi, Dang","Pyuthan Hospital Building Construction Work, Bijuwar-4, Pyuthan.",213053769.01,Works,NCB,In-Progress
01-BMC/2080/081/W/NCB/01,Bharatpur Metropolitian City Office,"Construction of Blacktopped Road of Pandey Chowk to Healthpost upto Police post to Ward office Boundary, BMC-21,",16168316.09,Works,NCB,Completed
01-BMC/2080/081/W/NCB/02,Bharatpur Metropolitian City Office,"Blacktopped Road Construction from Lama’s Home infront of Gumba and Jit Bahadur Gurung Home’s Road, BMC-26",3586053.33,Works,NCB,Completed
01-BMC/2080/081/W/NCB/03,Bharatpur Metropolitian City Office,"Construction of Blacktopped Road from West of Khayarghari School to Rudra Bhandari’s House , BMC-26,",3538354.13,Works,NCB,Completed
03-BMC/2080/81/G/NCB/04,Bharatpur Metropolitian City Office,Supply and Delivery of Stationery-Masland related Goods.,18805177.50,Goods,NCB,Completed
03-BMC/2080/81/G/NCB/05,Bharatpur Metropolitian City Office,"Procurement of Printing related goods for Office, BMC",3219313.50,Goods,NCB,Completed
03-BMC/2080/81/G/NCB/06,Bharatpur Metropolitian City Office,Supply and Delivery of Furniture and Fixtures at Bharatpur Metropolitan City.,6212500.00,Goods,NCB,Completed
02/NCB/TM/W/2080-081,"Tokha Municipality, Office of the Municipal Executive",Ward-10 ko Mul ra sahayak sadak haru Overlay.,2294452.50,Works,NCB,In-Progress
03/NCB/TM/W/2080-081,"Tokha Municipality, Office of the Municipal Executive",Ward-09 ko bibhina Sadak haru Kalopatray,4613812.30,Works,NCB,In-Progress
04/NCB/TM/W/2080-081,"Tokha Municipality, Office of the Municipal Executive","Sidhesor Mandir dekhi utar tarfa Manmaiju Pool samma Plum wall Nirman, ward-09",3616500.00,Works,NCB,In-Progress
05/NCB/TM/W/2080-081,"Tokha Municipality, Office of the Municipal Executive",Tarkesor-11 ra Tokha-9 Bich Jodne Bishnumati Pool Nirman,26835559.65,Works,NCB,In-Progress
06/NCB/TM/W/2080-081,"Tokha Municipality, Office of the Municipal Executive",Jalupa Chowk-Baniyatar-Tamang Basti-Shree Swosthani Tol ra Melmilap Tol ma Sadak Kalopatray-ward-08,10368128.95,Works,NCB,In-Progress
8-BMC/2079/080/W/NCB/13,Bharatpur Metropolitian City Office,Construction of Road from Territory of BMC 6 AND 13 charkune Chowk to Tunabari Chowk in BMC-6 13 And 22,2373776.60,Works,NCB,Completed
8-BMC/2079/080/W/NCB/14,Bharatpur Metropolitian City Office,"Blacktopped Road Construction from territory of BMC-6 and 13 Mahajan Chowk to Kameswor Mandir to Sahakari Chowk to Khageri Nahar (Branch no 2) to Baagchowk, BMC-6,13,14 and 22",24388735.42,Works,NCB,Completed
8-BMC/2079/080/W/NCB/15,Bharatpur Metropolitian City Office,Compound Wall Construction Works At BMC Ward No.2 Office,24388735.42,Works,NCB,Completed
RE-8-BMC/2079/080/G/SQ/16,Bharatpur Metropolitian City Office,""" Supplying and Delivery of Ring Compost Chamber""",1764001.82,Goods,Sealed Quotation,Completed
10-BMC/2079/080/W/NCB/17,Bharatpur Metropolitian City Office,"Blacktopped Road Construction at madhyabindu tole (Marga No. 1,2 & Road Connnecting Prembasti Marga No. 5) BMC-7",6309141.77,Works,NCB,Completed
10-BMC/2079/080/W/NCB/18,Bharatpur Metropolitian City Office,"Blacktopped Road Construction From Raju Paudel's House To Keureni Ghol, BMC-18",5354081.25,Works,NCB,Completed
10-BMC/2079/080/W/NCB/19,Bharatpur Metropolitian City Office,"Blacktopped Road Construction works (From Bhattachowk to south Shiva Sir's Home and from 22 No simana to Padampokhari Higher school),BMC 14 AND 22",23631200.38,Works,NCB,Completed
RE-12-BMC/2079/080/G/NCB/24,Bharatpur Metropolitian City Office,Procurement of Motorcycle and Scooter as per Specification.,2858999.89,Goods,NCB,Completed
13-BMC/2079/080/W/NCB/25,Bharatpur Metropolitian City Office,Compound Wall Construction works (Amar Ma. Vi. BMC 22),4797218.79,Works,NCB,Completed
13-BMC/2079/080/W/NCB/26,Bharatpur Metropolitian City Office,"Building Construction works in sajhapur secondary school,sajhapur BMC-28",5071990.95,Works,NCB,Completed
RE-14-BMC/2079/080/W/NCB/27,Bharatpur Metropolitian City Office,"Construction of Physical Structure in Chitwan Engineering Campus,Rampur BMC-15",4569430.30,Works,NCB,Completed
RE-15-BMC/2079/080/W/SQ/28,Bharatpur Metropolitian City Office,Blacktopped Road Construction (Manakamana Tole Bikas Marge no. 8 )BMC-7,1296945.10,Works,Sealed Quotation,Completed
15-BMC/2079/080/W/NCB/30,Bharatpur Metropolitian City Office,"Blacktopped road reconstruction at ritu marga,BMC-15",8715503.00,Works,NCB,Completed
15-BMC/2079/080/W/NCB/31,Bharatpur Metropolitian City Office,"Blacktopped Road Construction works and other Physical Construction works (from Kerunga River to Khem B.K's House and to Boundary of Ward no 21 ) ,BMC-23",6028595.40,Works,NCB,Completed
16-BMC/2079/080/W/NCB/32,Bharatpur Metropolitian City Office,Blacktopped Road Maintenance works of Different ward of Bharatpur Metropolitan city -Package 1,29234357.66,Works,NCB,Completed
17-BMC/2079/080/W/NCB/33,Bharatpur Metropolitian City Office,"Blacktopped road construction works at Paudel Marga, (Gaurikon tole Bikas Sanstha) BMC-8",2406186.98,Works,NCB,Completed
17-BMC/2079/080/W/NCB/34,Bharatpur Metropolitian City Office,Blacktopped Road Construction at BMC-24 (Package work),118555368.30,Works,NCB,Completed
18-BMC/2079/080/G/NCB/35,Bharatpur Metropolitian City Office,Supply and Delivery of NP3 Hume pipe of Different sizes.,3538877.50,Goods,NCB,Completed
18-BMC/2079/080/W/NCB/36,Bharatpur Metropolitian City Office,Road Marking on The Blacktopped Road At BMC,3001370.40,Works,NCB,Completed
19-BMC/2079/080/W/NCB/39,Bharatpur Metropolitian City Office,Construction Of Mesh Jali Works in Gyaneshwor Samudayik Ban BMC16.,3506719.98,Works,NCB,Completed
19-BMC/2079/080/W/NCB/40,Bharatpur Metropolitian City Office,Blacktopped Road Construction from South of Ekata Chowk to Lamsal Chowk BMC-14,12337308.71,Works,NCB,Completed
17-BMC/2079/080/W/NCB/41,Bharatpur Metropolitian City Office,Blacktopped Road Construction from Airport Highway to Bypass Road BMC-10,10672193.39,Works,NCB,Completed
20-BMC/2079/080/W/NCB/42,Bharatpur Metropolitian City Office,"Blacktopped Road Construction in Srijana Tole,BMC-7",3440464.90,Works,NCB,Completed
20-BMC/2079/080/G/SQ/43,Bharatpur Metropolitian City Office,Supply and Delivery of Ladies Bicycle at BMC,983262.72,Goods,Sealed Quotation,Completed
21-BMC/2079/080/W/NCB/44,Bharatpur Metropolitian City Office,Construction of Gunjanagar Green Park at BMC 18,3017225.77,Works,NCB,Completed
22-BMC/079/080/W/NCB/46,Bharatpur Metropolitian City Office,Drain Construction in BMC-12 (From Ghol Bajar Chowk To Pariyar Niyojan Chowk),8782094.08,Works,NCB,Completed
22-BMC/079/080/G/NCB/47,Bharatpur Metropolitian City Office,""" Procurement and Supply of Medicines For Basic and Emergency Health Services , Bharatpur Metropolitan City""",7824273.50,Works,NCB,Completed
22-BMC/079/080/W/NCB/48,Bharatpur Metropolitian City Office,Procurement of supply of Ayurvedic Medicine for Bharatpur Metropolitan City,2704700.00,Works,NCB,Completed
22-BMC/2079/080/W/NCB/49,Bharatpur Metropolitian City Office,Blacktopped Road Maintenance works of Different Ward in Bharatpur Metropolitan City-Package-2,18197851.19,Works,NCB,Completed
22-BMC/079/080/W/NCB/50,Bharatpur Metropolitian City Office,Blacktopped Road Maintenance Work in Bharatpur Metropolitan City-Package 3,25864704.12,Works,NCB,Completed
22-BMC/079/080/W/NCB/51,Bharatpur Metropolitian City Office,Blacktopped Road Construction works from Lebarnagar School to Chudamani sapkota's House to Parsadhap Bagaicha,30724499.52,Works,NCB,Completed
RE/23-BMC/079/080/W/NCB/52,Bharatpur Metropolitian City Office,Blacktopped Works Construction on Different Road at ward no.6,9376389.94,Works,NCB,Completed
23-BMC/078/079/W/NCB/53,Bharatpur Metropolitian City Office,""" Blacktopped works from East of Hulaki Sadak (Ward 14), Barauji Chowk Tharu Village to Jungle Simana Passing through Prithivi Chowk (Ward 13), Koirala chowk (ward 13) and Ward 6 simana Jamarkattel ch",29822748.09,Works,NCB,In-Progress
23-BMC/078/079/W/NCB/54,Bharatpur Metropolitian City Office,"Blacktopped road construction at Bharatpur 8,14,23(Package-2)",29822748.09,Works,NCB,In-Progress
24-BMC/2079/2080/G/NCB/55,Bharatpur Metropolitian City Office,"Supply, Delivery, Installation and Commissioning Of Diesel Generator",1920998.87,Goods,NCB,Completed
RE/24-BMC/2079/080/W/NCB/56,Bharatpur Metropolitian City Office,Blacktopped Road Construction Works at ward 5 and 9.,3132023.75,Works,NCB,Completed
24-BMC/2079/080/G/NCB/57,Bharatpur Metropolitian City Office,Procurement of Cow Mat for BMC,2387125.00,Goods,NCB,Completed
24-BMC/2079/080/W/NCB/58,Bharatpur Metropolitian City Office,Construction of Culvert near Durga Bahadur Chhetri home at BMC-8,5777577.28,Works,NCB,Completed
24-BMC/2079/080/W/NCB/59,Bharatpur Metropolitian City Office,Construction of Culvert over Pungi Khola at BMC 3 and 4.,5085519.35,Works,NCB,Completed
GAU/NCB/05-2079/080,Gaushala Municipality,LT Line Extension Work(Irrigation),4872616.50,Works,NCB,In-Progress
GAU/NCB/1-2079/080,Gaushala Municipality,Construction of Primary Hospital Building at Gaushala Municipality-4,122606833.05,Works,NCB,In-Progress
RE/24-BMC/2079/080/W/SQ/61,Bharatpur Metropolitian City Office,""" Fencing works at setidevi samudayik ban's Maingate to West Ward 16.""",998738.77,Works,Sealed Quotation,Completed
25-BMC/2079/080/W/NCB/62,Bharatpur Metropolitian City Office,"Compound wall construction (Protection and Beautification) at Kamalpokhari, BMC-22.",1758514.09,Works,NCB,Completed
26-BMC/2079/080/W/NCB/64,Bharatpur Metropolitian City Office,Blacktopped Road Construction from Bhawana Chowk Towards North 6 no. Sakha On Boarder Of Bharatpur 14 and 15,11274187.89,Works,NCB,Completed
27-BMC/2079/080/W/NCB/65,Bharatpur Metropolitian City Office,"Blacktopped Road Construction from Sisabas Ramsingh Kumal's House to Sitaram Kumal's House, BMC-28",4594486.60,Works,NCB,Completed
27-BMC/2079/080/W/NCB/66,Bharatpur Metropolitian City Office,"Blacktopped Road Construction Works from Indrapuri School Chowk to Ganesh Bhujel's House Chowk, BMC-6",3789013.62,Works,NCB,Completed
27-BMC/2079/080/W/NCB/67,Bharatpur Metropolitian City Office,Blacktopped Road Construction in BMC-24 (Two different roads),10531903.88,Works,NCB,Completed
27-BMC/2079/080/W/NCB/68,Bharatpur Metropolitian City Office,Blacktopped Road Construction Works Package (Naya Patihani Jane Bato Hudai Aasaram Mahatoko Ghar Dekhi Purba Tarfako Sadak ra Ward No. 28 ko Simana Sajhapur Jane Bato Samma and Dhebauliko Purna Bahadu,7835945.65,Works,NCB,Completed
28-BMC/2079/080/W/NCB/69,Bharatpur Metropolitian City Office,""" Blacktopped Road Construction from Damodar Acharya's house to Dilliram Acharya's home BMC-14.""",2098042.91,Works,NCB,Completed
28-BMC/2079/080/W/NCB/70,Bharatpur Metropolitian City Office,"Blacktopped Road Construction of Shree Krishna Marga, Naya Kiran Tole at Bharatpur-11",2042530.40,Works,NCB,Completed
28-BMC/2079/080/W/NCB/71,Bharatpur Metropolitian City Office,""" Blacktopped Road Construction in Gyanodaya Marga BMC-09.""",2635429.46,Works,NCB,Completed
RE/28-BMC/2079/080/W/SQ/72,Bharatpur Metropolitian City Office,"Construction Of Culvert across Jabka Canal, BMC-25",1271847.98,Works,Sealed Quotation,Completed
29-BMC/2079/080/W/SQ/73,Bharatpur Metropolitian City Office,""" Blacktopped Road Construction Works from Khayarghari Chautari to ward 27 Simana .""",1912437.24,Works,NCB,Completed
29-BMC/2079/080/G/SQ/74,Bharatpur Metropolitian City Office,Supplying and Delivery of E-Attendance Device at BMC.,1267860.00,Goods,NCB,Completed
29-BMC/2079/080/W/NCB/75,Bharatpur Metropolitian City Office,Blacktopped Road Construction from Ramchandra's house to Rita Shrestha's house upto Rambahadur Thapa's house at BMC-27.,4858577.27,Works,NCB,Completed
30-BMC/2079/080/W/NCB/77,Bharatpur Metropolitian City Office,"Blacktopped Road Construction from Ward Office towards Koilaha, BMC-26",10124135.33,Works,NCB,Completed
30-BMC/2079/080/W/NCB/78,Bharatpur Metropolitian City Office,"Blacktopped Road Construction from Bikram Mahato's House to Ram Chandra Chaudhary's House and Bishnu Mahato's House to Sankar's House, BMC-26",4749239.20,Works,NCB,Completed
31-BMC/2079/080/W/SQ/79,Bharatpur Metropolitian City Office,""" Building Construction (First Floor) work of Sukranagar Healthpost BMC-25""",1591151.08,Works,NCB,Completed
32-BMC/2079/080/W/NCB/83,Bharatpur Metropolitian City Office,"Blacktopped Road Construction From Janapragati Club to Balaram Dhungana's House, BMC-13(Package-2)",5216784.33,Works,NCB,Completed
32-BMC/2079/080/W/NCB/84,Bharatpur Metropolitian City Office,""" Road Upgradation Works from Canal Side of Oli Oralo to Shristi Chowk, BMC-5""",3477154.39,Works,NCB,Completed
32-BMC/2079/080/W/NCB/85,Bharatpur Metropolitian City Office,""" Blacktopped Road Construction from Subedi's House Chowk to Rama Pandey's Poultry Farm, BMC-15""",3130312.80,Works,NCB,In-Progress
UDBO/DANG/NCB/WORKS/18-2080/81,"Urban Development & Building Office Ghorahi, Dang","Sushma Road Left Right Side Different Road Drain Construction and Upgrading Work, Ghorahi -15 Dang.",3199834.65,Works,NCB,In-Progress
UDBO/DANG/NCB/WORKS/19-2080/81,"Urban Development & Building Office Ghorahi, Dang","Mankamana tole, Parwat tole, Himal tole Road Drain and Upgrading work, Ghorahi -15 Dang",4375173.48,Works,NCB,In-Progress
UDBO/DANG/NCB/WORKS/20-2080/81,"Urban Development & Building Office Ghorahi, Dang","Masina katuwa khola-Lakuridandi-Ghordhara - Rolpa Road Black Topped work ,Ghorahi -18, Dang",3346967.44,Works,NCB,In-Progress
UDBO/DANG/NCB/WORKS/21-2080/81,"Urban Development & Building Office Ghorahi, Dang","Gobardiha Basti Bikas Road and Drain Construction Works, Gadhawa -03,Dang.",4126572.51,Works,NCB,In-Progress
UDBO/DANG/NCB/WORKS/22-2080/81,"Urban Development & Building Office Ghorahi, Dang","B.P Chowk - Bhimsen Chowk drain and drain cover constructin work & Nepali Congress Party Office front Drain and Drain Cover Construction Work, Ghorahi - 15, Dang.",1573818.53,Works,NCB,In-Progress
UDBO/DANG/NCB/WORKS/23-2080/81,"Urban Development & Building Office Ghorahi, Dang","Kutichour Hidadada Pidalne - Dhad Basti Bikas, Jhimruk -07, Pyuthan.",1736475.69,Works,NCB,In-Progress
UDBO/DANG/NCB/WORKS/24-2080/81,"Urban Development & Building Office Ghorahi, Dang","Thulabesi Bazar Samrakchhan Infrastructure construction works, Gaumukhi-05,Pyuthan.",1313124.74,Works,NCB,In-Progress
UDBO/DANG/NCB/WORKS/25-2080/81,"Urban Development & Building Office Ghorahi, Dang","Dangisharan -3, Chakhaura Dang Tharu Meseum & Park Construction Work (Waiting Shed,Wall etc)",2853841.02,Works,NCB,In-Progress
UDBO/DANG/NCB/WORKS/27-2080/81,"Urban Development & Building Office Ghorahi, Dang","Dangisharan Dang Parsaduwa Basti Bikas, (Drain Construction Works), Dangisharan-6, Dang.",1445151.53,Works,NCB,In-Progress
UDBO/DANG/NCB/WORKS/28-2080/81,"Urban Development & Building Office Ghorahi, Dang","Nayabasti Rajapur Badi Basti Bikas, (Drain Construction Works), Tulsipur-7, Dang.",1723739.64,Works,NCB,In-Progress
UDBO/DANG/NCB/WORKS/29-2080/81,"Urban Development & Building Office Ghorahi, Dang","Ghorahi 14 Nepali Army Ghorahi Barrac East Side Balbikash Ma Vi Ghorahi 18-road Infrastructure Construction Work, Ghorahi-18,Dang.",2038581.20,Works,NCB,In-Progress
UDBO/DANG/NCB/WORKS/30-2080/81,"Urban Development & Building Office Ghorahi, Dang","Hapure Bazzar Basti Bikas And Urbanization Planing and Implementation Works, (Road Construction Works), Babai-4,Dang.",3439166.17,Works,NCB,In-Progress
UDBO/DANG/NCB/WORKS/31-2080/81,"Urban Development & Building Office Ghorahi, Dang","Tulsipur 3 Kalle Balle Tunapani Shibdhara Naula Ambasar Thapani Basti Bikas Tatha Hill Station Nirman, Tulsipur 3, Dang.",3187532.00,Works,NCB,In-Progress
UDBO/DANG/NCB/WORKS/33-2080/81,"Urban Development & Building Office Ghorahi, Dang","Saudikula-Gauritol- Pahelpar Dabur Urban Infrastructure Construction Work(Drain Works),Ghorahi -10,Dang.",3029693.51,Works,NCB,In-Progress
NCB-IR-05/080/81,Suspension Bridge Division (SBD),"Fabrication, Supply, Transportation, Construction and Erection of Chahaka Koriyatole Trail Bridge, Saptari",62642888.77,Works,NCB,In-Progress
NCB-IR-04/080/81,Suspension Bridge Division (SBD),"Fabrication, Supply, Transportation, Construction and Erection of Ratuwa Bhulkadubba Kohabara Nayagaun Trail Bridge, Jhapa/Morang",172767757.68,Works,NCB,Completed
NCB-IR-08/080/81,Suspension Bridge Division (SBD),"Fabrication, Supply, Transportation, Construction and Erection of Babai Panditpur Bairiyaghat Multispan Trail Bridge, Bardiya",62890324.65,Works,NCB,Completed
NCB-IR-09/080/81,Suspension Bridge Division (SBD),"Fabrication, Supply, Transportation, Construction and Erection of Kulbungegauda Ramitegauda Trail Bridge, Jhapa",59881761.35,Works,NCB,Completed
NCB-LS-12/080/81,Suspension Bridge Division (SBD),"Fabrication, Supply, Transportation, Construction and Erection of Mahadevsthan Trishuli (Dhading) and Sawadada Chyangparang (Ramechhap) Trail Bridges Through Construction Turnkey Package (CTP)",48872500.00,Works,NCB,Completed
NCB-LS-14/080/81,Suspension Bridge Division (SBD),"Fabrication, Supply, Transportation, Construction and Erection of Madi Khola (Rolpa) and Deurali Lamdada (Pyuthan) Trail Bridges Through Construction Turnkey Package (CTP)",59605240.00,Works,NCB,In-Progress
NCB-LS-15/080/81,Suspension Bridge Division (SBD),"Fabrication, Supply, Transportation, Construction and Erection of Rupaghargaad Trail Bridge, Darchula Through Construction Turnkey Package (CTP)",22485870.00,Works,NCB,In-Progress
NCB-LS-16/080/81,Suspension Bridge Division (SBD),"Fabrication, Supply, Transportation, Construction and Erection of Aapchaur Gidikhola Trail Bridge Through Construction Turnkey Package (CTP)",20519976.23,Works,NCB,Completed
NCB-LS-17/080/81,Suspension Bridge Division (SBD),"Fabrication, Supply, Transportation, Construction and Erection of Berma Trail Bridge, Bajura Through Construction Turnkey Package (CTP)",21410988.01,Works,NCB,In-Progress
SMIP-03/NCB/080-81,Sunsari Morang Irrigation Project,"Supply, Delivery, Installation, Testing and Commissioning of Dredger Spare Parts",7345000.00,Goods,NCB,In-Progress
SMIP-04/NCB/080-81,Sunsari Morang Irrigation Project,Main Canal Lining Work,10322137.72,Works,NCB,In-Progress
NCB-LS-10/080/81,Suspension Bridge Division (SBD),"Fabrication, Supply, Transportation, Construction and Erection of Halebung Khola (Panchthar), Arun Nadi Kharkelitar (Bhojpur/Sankhuwasabha) and Shivalayatol Khoriya (Udaypur) Trail Bridges Through CTP",83339900.12,Works,NCB,In-Progress
NCB-IR-07/080/81,Suspension Bridge Division (SBD),"Fabrication, Supply, Transportation, Construction and Erection of Danab Nadi Trail Bridge, Rupandehi",38181449.66,Works,NCB,In-Progress
NCB-LS-13/080/81,Suspension Bridge Division (SBD),"Fabrication, Supply, Transportation, Construction and Erection of Pateni Baireni (Tanahun), Atthaise Paridihi (Gorkha) and Radhi khola (Lamjung) Trail Bridges Through Construction Turnkey Package",88975128.76,Works,NCB,In-Progress
NCB-IR-03/080/81,Suspension Bridge Division (SBD),"Fabrication, Supply, Transportation, Construction and Erection of Chandradangi Bazaar Paschim Trail Bridge, Jhapa",27310665.85,Works,NCB,In-Progress
NCB-IR-06/080/81,Suspension Bridge Division (SBD),"Fabrication, Supply, Transportation, Construction and Erection of Muguwa Khola Trail Bridge, Banke",49310480.89,Works,NCB,In-Progress
NCB-LS-11/080/81,Suspension Bridge Division (SBD),"Fabrication, Supply, Transportation, Construction and Erection of Jaruwa Khola (Syangja) and Dafetara Thulachaur (Baglung) Trail Bridges Through Construction Turnkey Package (CTP)",53019598.87,Works,NCB,In-Progress
NCB-IR-20/080/81,Suspension Bridge Division (SBD),"Fabrication, Supply, Transportation, Construction and Erection of Cherechaur Dhimi Trail Bridge, Jumla",103265134.11,Works,NCB,In-Progress
NCB-IR-18/080/81,Suspension Bridge Division (SBD),"Fabrication, Supply, Transportation, Construction and Erection of Mehalkuna Khatang Ghumkhahare Tridge, Surkhet",238723889.39,Works,NCB,In-Progress
NCB-IR-19/080/81,Suspension Bridge Division (SBD),"Fabrication, Supply, Transportation, Construction and Erection of Tadi Panchakanya Tridge, Nuwakot",74278734.64,Works,NCB,In-Progress
MM/RCH/WORKS/NCB/23/080/081,Manthali Municipality,Construction of 4 no. ward office building project,11594609.92,Works,NCB,Completed
MM/RCH/WORKS/NCB/24/080/081,Manthali Municipality,Construction of 5 no. ward office building project,11546539.86,Works,NCB,Completed
RRM/PAL/NCB/W/04-081/82,Rainadevi Chhahara Rural Municipality,Construction of Meeting Hall at Rural Municipality Building,2641295.53,Works,NCB,Completed
MM/RCH/WORKS/NCB/01/081/082,Manthali Municipality,Thulimadhau-Archale-Thanti Kathajor Road Construction,8785587.37,Works,NCB,Completed
MM/RCH/WORKS/NCB/04/081/082,Manthali Municipality,Vadaure Sisnepani Ward Office Jane Bato Estarunnati,1707382.57,Works,NCB,Completed
MM/RCH/WORKS/NCB/05/081/082,Manthali Municipality,Gairi Gaun Hudai Chisapani Gadi Jane Padmarga Yojana.,2771841.56,Works,NCB,Completed
MM/RCH/WORKS/NCB/02/081/082,Manthali Municipality,Sanwadanda-Pashupati-Sikral-Saunepani Road,11892071.00,Works,NCB,Completed
BMP/NCB/GOODS/2081-82/E/01,Bhimeshwor Municipality,Supply and Delivery of Goods Related to Office Stationery and Printing Works,1398715.13,Goods,NCB,Completed
BMP/NCB/GOODS/2080-81/E/08,Bhimeshwor Municipality,Supply and Installation of CCTV Camera at Market Area and Ward Offices,2765426.40,Goods,NCB,Completed
BMP/NCB/WORKS/2081-82/E/01,Bhimeshwor Municipality,Patikhola - Uakhubari - Kaule Sadak - 6 and 7,23479236.60,Works,NCB,Completed
MARMA/NCB/WORKS/05/2080/081,"Marma Rural Municipality, Latinath, Darchula","Construction of Sheri Health Post Building, Marma-6, Darchula",4426452.01,Works,NCB,Completed
Marma/NCB/04/076-077,"Marma Rural Municipality, Latinath, Darchula",Shree Salledhar Secondary School Building Construction,47829039.57,Works,NCB,Completed
Marma/NCB/05/076-077,"Marma Rural Municipality, Latinath, Darchula",Construction and Upgrading of Latinath-Sarsi-Bajani-Duni Road,19105983.94,Works,NCB,Completed
01/BMA/W/SC/081/082,Bhumikasthan Municipality,Tallo Choutara Beththala Adhuro Sidi Nirman,429388.56,Works,NCB,Completed
02/BMA/W/RM/081/082,Bhumikasthan Municipality,Choutara Bahulahakhola Motorable Road Construction,572275.52,Works,Sealed Quotation,Completed
03/BMA/W/RM/081/082,Bhumikasthan Municipality,Baddanda Kattike Satighat Motorable Road Construction,659664.34,Works,Sealed Quotation,Completed
NCB-LS-01/081/82,Suspension Bridge Division (SBD),"Fabrication, Supply, Transportation, Construction and Erection of Simaladi Sitalpati (Sindhuli/Ramechhap) and Simlangthat (Makawanpur) Trail Bridges Through Construction Turnkey Package (CTP)",49607000.00,Works,NCB,In-Progress
NCB-LS-02/081/82,Suspension Bridge Division (SBD),"Fabrication, Supply, Transportation, Construction and Erection of Tamari Naimakeng (Rukum East) and Purano Thati (Rukum West) Trail Bridges Through Construction Turnkey Package (CTP)",49194427.96,Works,NCB,In-Progress
NCB-LS-03/081/82,Suspension Bridge Division (SBD),"Fabrication, Supply, Transportation, Construction and Erection of Tinker Trail Bridge, Darchula Through Construction Turnkey Package (CTP)",48395640.00,Works,NCB,In-Progress
NCB-UR-04/081/82,Suspension Bridge Division (SBD),"Fabrication, Supply, Transportation, Construction and Erection of Budhathokidanda Senapuk Suspended Trail Bridge, Syangja",45658248.60,Works,NCB,In-Progress
NCB-UR-05/081/82,Suspension Bridge Division (SBD),"Fabrication, Supply, Transportation, Construction and Erection of Ikraha Shivanagar Multispan Trail Bridge, Udaypur",96949939.80,Works,NCB,In-Progress
NCB-UR-06/081/82,Suspension Bridge Division (SBD),"Fabrication, Supply, Transportation, Construction and Erection of Mirchadangi Mahadeva Multispan Trail Bridge, Morang",198244662.58,Works,NCB,In-Progress
NCB-LS-07/081/82,Suspension Bridge Division (SBD),"Fabrication, Supply, Transportation, Construction and Erection of Hokma Yangpang (Taplejung) and Katlebhanjyang (Sankhuwasabha/Bhojpur) Trail Bridges Through Construction Turnkey Package (CTP)",56952000.00,Works,NCB,In-Progress
NCB-UR-09/081/82,Suspension Bridge Division (SBD),"Fabrication, Supply, Transportation, Construction and Erection of Durbashaghat Multispan Trail Bridge, Udayapur",62609085.94,Works,NCB,In-Progress
NCB-UR-10/081/82,Suspension Bridge Division (SBD),"Fabrication, Supply, Transportation, Construction and Erection of Narayan Kukurgade Suspended Trail Bridge, Baglung/Parbat",52680773.92,Works,NCB,In-Progress
NCB-LS-11/081/82,Suspension Bridge Division (SBD),"Fabrication, Supply, Transportation, Construction and Erection of Danigauda Koltadi (Surkhet/Kailali) and Rakam Bheri (Salyan/Surkhet) Trail Bridges",44347000.00,Works,NCB,In-Progress
NCB-UR-12/081/82,Suspension Bridge Division (SBD),"Fabrication, Supply, Transportation, Construction and Erection of Hulakdanda Shrastapark Suspended Trail Bridge, Okhaldhunga",52960735.93,Works,NCB,In-Progress
NCB-UR-13/081/82,Suspension Bridge Division (SBD),"Fabrication, Supply, Transportation, Construction and Erection of Daulatpurghat Multispan Trail Bridge, Bardiya/Kailali",157395528.68,Works,NCB,In-Progress
NCB-LS-08/081/82,Suspension Bridge Division (SBD),"Fabrication, Supply, Transportation, Construction and Erection of Ambot Barbot(Kaski) and Kauseni Baisbot (Myagdi) Trail Bridges Through Construction Turnkey Package (CTP)",37816865.89,Works,NCB,In-Progress
NCB-LS-14/081/82,Suspension Bridge Division (SBD),"Fabrication, Supply, Transportation, Construction and Erection of Ghuiyabari Batulle (Salyan) and Sikta Taruliya (Dang) Trail Bridges Through Construction Turnkey Package (CTP)",67687000.00,Works,NCB,In-Progress
SMIP/NCB-02/081-82,Sunsari Morang Irrigation Project,Construction of Motorable Bridge at 52RD (over Kadara Khola) of Chatara Main Canal,82240384.46,Works,NCB,In-Progress
RRM/PAL/W/NCB/01/081-82,Rainadevi Chhahara Rural Municipality,Upgrading of Dhajabanne -Pelawas-Ward Office-Taalpokhra-Arghakhanchi Road(Ch 0+000 to 3+800),57469744.43,Works,NCB,In-Progress
RRM/PAL/W/NCB-03/2082-83,Rainadevi Chhahara Rural Municipality,Upgrading of Sundaredhunga-Juthapauwa-Saljhandi Road (Nepane Juthapauwa Section Ch 4+100 to 6+500),42507115.67,Works,NCB,In-Progress
RRM/PAL/W/NCB-02/2082-83,Rainadevi Chhahara Rural Municipality,Upgrading of Chhahara - Dhajabanne -Tansingal - Saatmure Road (Dhajabanne -Tansingal section Ch 1+520 to 5+720 ),87931394.60,Works,NCB,In-Progress
RRM/PAL/W/NCB-04/2082-83,Rainadevi Chhahara Rural Municipality,Upgrading of Tansingal-Somadi-Sapaudi-Magran-Manbhag Road,4642338.42,Works,NCB,In-Progress
RRM/PAL/W/NCB-06/2082-83,Rainadevi Chhahara Rural Municipality,Rainadevi Chhahara Office Landscaping Works,3881876.36,Works,NCB,In-Progress
RRM/PAL/G/NCB-05/2082-83,Rainadevi Chhahara Rural Municipality,"Purchase, Supply and Delivery of Mini Tiller, Combined Mill, Chaff Cutter and Brush Cutter",9765500.00,Goods,NCB,In-Progress
RRM/PAL/W/NCB-07/2082-83,Rainadevi Chhahara Rural Municipality,Upgrading of Different Roads at Mujhung - Package I,2184721.97,Works,NCB,Completed
RRM/PAL/W/NCB-08/2082-83,Rainadevi Chhahara Rural Municipality,Construction of Concrete Pavement at Different Roads of Rainadevi Chhahara Rural Municipality Ward 07 and 08.,2523408.44,Works,NCB,Completed
RRM/PAL/W/NCB-09/2082-83,Rainadevi Chhahara Rural Municipality,Upgrading of Different Roads at Mujhung - Package II,2200681.74,Works,NCB,In-Progress
RRM/PAL/W/NCB-10/2082-83,Rainadevi Chhahara Rural Municipality,"Upgrading of Different Roads at Somadi, Chhahara, Mujhung and Juthapauwa",3518255.25,Works,NCB,In-Progress
RRM/PAL/W/SQ-12/2082-83,Rainadevi Chhahara Rural Municipality,Upgrading of Hyude Padhera Thulo Chaupari Road,968120.36,Works,Sealed Quotation,Completed
RRM/PAL/W/NCB-13/2082-83,Rainadevi Chhahara Rural Municipality,Upgrading of Different Roads at Baldhengadhi,2919049.41,Works,NCB,In-Progress
RRM/PAL/W/NCB-15/2082-83,Rainadevi Chhahara Rural Municipality,Upgrading of Different Roads at Siddheshwor,2814449.30,Works,NCB,In-Progress
RRM/PAL/G/NCB-01/2082-83,Rainadevi Chhahara Rural Municipality,Purchase Supply and Delivery of Medical Items,1134725.88,Goods,NCB,Completed
MIIP/Works/GWIS/NCB-03/2082-83,Mechanized Irrigation Innovation Project,"Construction of Pump house with overhead tank, Distribution System, Pump Installation &amp; Electrification works of Shree Ramjanki DTW IP, Bagmati-6, Sarlahi District",5300156.70,Works,NCB,In-Progress
PUDBC/DKT/347010114/082/083-13,"Saghan Sahari tatha Bhawan Nirman Aayojana, Dhankuta","Repair and Retrofitting Work of Samudayek Bhawan in Dhankuta-5, Dhankuta Municipality,Dhankuta",9714515.05,Works,NCB,In-Progress
KRM/Works/NCB-01/2082-083,Khotehang Rural Municipality,ward no 8 Simpani Dekhi Ward no 6 Merla hudai Khotehang ga.pa.Kendra ward no 7 Khotangbazar,9089800.02,Works,NCB,Completed
KRM/Works/NCB-02/2082-083,Khotehang Rural Municipality,"Palika kendra Khotangbazar bat Airport hudai Roksim, Tuwa Khola Diprung Chuichchuma jodne sadak",6948612.02,Works,NCB,Completed
LIDPOITH/NCB/W/2082-083/11,"Local Infrastructure Developmemt Project Office, Itahari","Construction and Upgrading of Basbari- Daangi- Yangshila- okhare Sadak staronati, Kerabari-6, Morang,",23663947.08,Works,NCB,In-Progress
KRM/Works/NCB-03/2082-083,Khotehang Rural Municipality,ward no 8 Simpani Bata Bare Dhanmudha Palika Kendra Khotang Bazar hudai Jantedhunga Gaupalika Jodne sadak,3922059.72,Works,NCB,Completed
LIDPOITH/NCB/W/2082-083/13,"Local Infrastructure Developmemt Project Office, Itahari","Construction and Upgrading of Deurali chmaita bindule mangalbare Sadak, Deumai na. pa.-1, Ilam",21795951.93,Works,NCB,In-Progress
LIDPOITH/NCB/W/2082-083/05,"Local Infrastructure Developmemt Project Office, Itahari","Construction and Upgrading of Mechi Lokmarga Bangadangi Pathariya Gherabari Rajgadh Sadak Kalopatre, Jhapa",22500905.76,Works,NCB,In-Progress
LIDPOITH/NCB/W/2082-083/20,"Local Infrastructure Developmemt Project Office, Itahari","Construction and Upgrading of Maijogmai Ga. Pa. ko kendra Nayabajar hudai ward no. 5 soyang Dudhang Sadak, Ilam",25605964.06,Works,NCB,In-Progress
SDO/NCB/WORKS/2082/83-01,"Social Development Office, Darchula",Construction of School Building in Latinath Secondary School Raskot Marma Ga pa -03 Darchula,3589540.03,Works,NCB,Completed
LIDPOITH/NCB/W/2082-083/06,"Local Infrastructure Developmemt Project Office, Itahari","Construction and Upgrading of Nim Basti Farsadini Hudai Brika Chandra Basti Hudai Sahid Chandramani Bhattarai Pratithan Samma Pugne Sahid Chandramani Bhattarai Marga, Kachankawal Gaa.paa.-7, Jhapa",24154181.98,Works,NCB,In-Progress
LIDPOITH/NCB/W/2082-083/15,"Local Infrastructure Developmemt Project Office, Itahari","Construction and Upgrading of Maijogmai ward no. 4 Bajradebi Sukrabare Gupti sadak, Ilam",21323359.83,Works,NCB,In-Progress
LIDPOITH/NCB/W/2082-083/04,"Local Infrastructure Developmemt Project Office, Itahari","Construction and Upgrading of Jhapa Jilla Bahradashi Gaaupalika Ward no. 4 Dahal GaaubataNawaSrijana Hudai Paschim Madrasha Chowk, Newar Gau Hudai Manglubasti Samma ko 2.5 K.M. sadak Nirman",22505329.28,Works,NCB,In-Progress
KRM/Works/NCB-05/2082-083,Khotehang Rural Municipality,Water Tank Nirman Jhamtebar,643590.32,Works,NCB,Completed
CRM/ARG/NCB/W/01/082/83,Chhatradev Rural Municipality,Neta-Bhuskata-Deurali motorable Road Pitch works,18754888.70,Works,NCB,In-Progress
MIIP/Works/GWIS/NCB-04/2082-83,Mechanized Irrigation Innovation Project,"Construction of Pump house with overhead tank, Distribution System, Pump Installation &amp; Electrification works of Shree Jagruk Kishan DTW IP, Chandrapur-09, Rautahat District",4344296.62,Works,NCB,In-Progress
LIDPOITH/NCB/W/2082-083/07,"Local Infrastructure Developmemt Project Office, Itahari","Construction and Upgrading of Paarijat Chowk Dekhi Purba Ghodamara Samma Jodne Sadak Nirman, Bhadrapur-09, Jhapa",24551290.45,Works,NCB,In-Progress
KRM/Works/NCB-06/2082-083,Khotehang Rural Municipality,Valitar Dekhi Sawa Nagi Jane sadak starunnti,813053.88,Works,NCB,Completed
CRM/ARG/NCB/W/02/082/83,Chhatradev Rural Municipality,Ward No 8 Neta (Simalka Rukha)-Chekmi Motorable Road Upgrading Works,5215127.36,Works,NCB,Completed
MIIP/Works/GWIS/NCB-09/2082-83,Mechanized Irrigation Innovation Project,"Construction of Pump house with overhead tank, Distribution System, Pump Installation &amp; Electrification works of Shree Jaya Swaraaj DTW IP, Garuda-07, Rautahat District",4564922.76,Works,NCB,In-Progress
01/082/83/BMSC/IDD/Works/NCB,Butwal Sub-Metropolitan City,Construction of Ward Office Building at Ward 19,27356358.00,Works,NCB,In-Progress
PUDBC/DKT/SQ/Works/082/083-01,"Saghan Sahari tatha Bhawan Nirman Aayojana, Dhankuta","Building Construction Work of Prison Office, Dhankuta",1652287.43,Works,Sealed Quotation,Completed
PUDBC/DKT/347010114/082/083-07,"Saghan Sahari tatha Bhawan Nirman Aayojana, Dhankuta","Construction and Upgradation of Road and Drain Works Connecting Kagate-Agricultural Farm-Marga Pokhari, Dhankuta,",22390453.03,Works,NCB,In-Progress
PUDBC/DKT/NCB/WORKS/40/081/082,"Saghan Sahari tatha Bhawan Nirman Aayojana, Dhankuta","Construction of Office Building of Project of Urban Development and Building construction, Dhankuta",30237275.39,Works,NCB,In-Progress
.RIDORUP/134/TB/NCB/081-082/01,"Road Infrastructure Development office, Rupandehi","Fabrication, Supply, Transportation, Construction and Erection of Kanchan Khola Trail Bridge, Connecting Sitganga-14 and Sainamaina-10, Rupandehi",13887700.00,Works,NCB,In-Progress
RIDORUP/134/BR/NCB/081-82/81,"Road Infrastructure Development office, Rupandehi",Construction of Inguriya (Sukhaura) Khola Bridge Sainamaina -6 Rupandehi. [Along Ramapur-Laudhapani-Juthapouwa Road],69131228.72,Works,NCB,In-Progress
RIDORUP/134/BR/NCB/081-82/82,"Road Infrastructure Development office, Rupandehi","Constriction of Danav River Bridge (Nibihawa Ghat) Mayadevi RM 1, 2 & 3 Rupandehi. [Along Bethari-Nibihawa Ghat-Pachbirawa Chowk-Mangalpur Road]",192365995.96,Works,NCB,In-Progress
RIDORUP/134/BR/NCB/081-82/83,"Road Infrastructure Development office, Rupandehi","Construction of 2 Nos. of Multicell Box bridge at Siyari Khola, Rupandehi",28261354.94,Works,NCB,In-Progress
RIDORUP/134/BR/NCB/081-82/84,"Road Infrastructure Development office, Rupandehi","Construction of Sunkauda (Tindole Khola) Multicell Box Bridge, Devdaha Muncipality Ward no 7, Rupandehi",13932530.71,Works,NCB,In-Progress
RIDORUP/134/NCB/081-082/150,"Road Infrastructure Development office, Rupandehi",Upgrading of Kailashnagar Hariyali Tol Belbhariya Gaun ko Ward Karyalaya Hudai Krishnagung Road,31350673.15,Works,NCB,In-Progress
RIDORUP/134/NCB/081-082/151,"Road Infrastructure Development office, Rupandehi","Upgrading of Rangasala Path (Tilottamako Antarik Bypass Road), Rupandehi",48873926.39,Works,NCB,In-Progress
RIDORUP/134/NCB/081-082/152,"Road Infrastructure Development office, Rupandehi","Upgrading of Sitalnagar, Gaidahawa 8 Wada Karyalaya, Hansnapur Hudai Pahadikutta Road, Gaidahawa, Rupandehi",68490397.84,Works,NCB,In-Progress
RIDORUP/134/NCB/081-082/153,"Road Infrastructure Development office, Rupandehi",Upgrading of Sadi to Jharbaira Road,30460853.21,Works,NCB,In-Progress
RIDORUP/134/NCB/081-082/154,"Road Infrastructure Development office, Rupandehi",Upgrading of Bharat ko Boarder Benipur- Dubauliya- Darkhawa -Madhuri- Materiya-Karuwani- hatariya- Jamuhani-to Kanxibazar Road,62947620.80,Works,NCB,In-Progress
RIDORUP/134/NCB/081-082/155,"Road Infrastructure Development office, Rupandehi",Upgrading of Kanchan Gaunpalika Paunch Marga,148621329.61,Works,NCB,In-Progress
RIDORUP/134/NCB/081-082/156,"Road Infrastructure Development office, Rupandehi",Upgrading of Sainamaina Nagarpalika 5 Buddhanagar Dekhi Seruwa Hudai Kishuli Jodni Sadak,77611835.81,Works,NCB,In-Progress
RIDORUP/134/NCB/081-082/157,"Road Infrastructure Development office, Rupandehi",Upgrading of Betheri-Kutta-Chhapiya-Banghusari-Farsatiker to Tamnagar Road,84520271.23,Works,NCB,In-Progress
PUDBC/DKT/NCB/WORKS/01/081/082,"Saghan Sahari tatha Bhawan Nirman Aayojana, Dhankuta","Construction of Road and Drain Works in Pakhribas Bazaar, Dhankuta",8033330.90,Works,NCB,Completed
1-BMC/082/083/G/NCB/01,Bharatpur Metropolitian City Office,The Procurement of Sanitary Pads for BMC (2082/83),4623605.63,Goods,NCB,Completed
LIDPOITH/NCB/W/2082-083/26,"Local Infrastructure Developmemt Project Office, Itahari","Construction and Upgrading of Nim Basti Farsadini Hudai Brika Chandra Basti Hudai Sahid Chandramani Bhattarai Pratisthan Samma Pugne Sahid Chandramani Bhattarai Marga, Kachankawal Gaa.paa.-7, Jhapa",22664794.52,Works,NCB,In-Progress
imoilam/ncb/work/15-2082/83,"Ilam Municipality, Office of the Municipal Executive, Ilam, Koshi Province, Nepal",Construction of Aaridaha Water Supply Project,7768708.25,Works,NCB,In-Progress
LIDPOITH/NCB/W/2082-083/27,"Local Infrastructure Developmemt Project Office, Itahari","Construction and Upgrading of Dhaulabasti Hudai Sahid Chadramani Bhattarai Pratisthan Samma Jane Sadak Staronnati, Kachankawal Gaa.Paa. -07, Jhapa",23434160.67,Works,NCB,In-Progress
imoilam/ncb/work/3-2082/83,"Ilam Municipality, Office of the Municipal Executive, Ilam, Koshi Province, Nepal","Upgradation and Improvement of Tudhikhel, Bhanjyang Purano Sanischare Road",2748119.73,Works,NCB,In-Progress
LIDPOITH/NCB/W/2080-081/67,"Local Infrastructure Developmemt Project Office, Itahari","Construction/ Upgrading of Chuhan Dada mungsari Thoklung Jyamire Aushisidada Sadak, Tehrathum",26014919.06,Works,NCB,Completed
WRIDDB/NCB/MKRTW/01/082-83,"Water Resource and Irrigation Development Division office, Banke",Man Khola Tatbandha Nirman Karye,3074854.88,Works,NCB,Completed
FUDBC/Morang/NCB/Works/15-2082-083,"Federal Urban Development and Building Construction Office, Morang","Improvement of road from Nemalal Chowk to Ashram tole upto Dhanusha road, Duhabi 11, Sunsari",24148500.90,Works,NCB,In-Progress
LIDPOITH/NCB/W/DB/2081-082/04,"Local Infrastructure Developmemt Project Office, Itahari","Design and Build of Bhadrapur 9 baata Mechinagar 15 jodne Naya Pul Nirman, Jhapa",239921500.00,Works,NCB,In-Progress
WRIDDB/NCB/MKRTW/02/082-83,"Water Resource and Irrigation Development Division office, Banke",Man Khola Tatbandha Nirman Karye,2052536.04,Works,NCB,Completed
Godawarimun/lalitpur/W/NCB/02/082/83,"Godawari Municipality, Office of the Municipal Executive,","Upgrading of Thecho Bugmati Road, Godawari Municipality-12, Thecho, Lalitpur",25419153.00,Works,NCB,In-Progress
WRIDDB/NCB/MKRTW/03/082-83,"Water Resource and Irrigation Development Division office, Banke",Man Khola Tatbandha Nirman Karye,1880198.15,Works,NCB,Completed
FUDBC/Morang/NCB/Works/20-2082-083,"Federal Urban Development and Building Construction Office, Morang",Upgradation of Road from Jitmahan Mandir to Siswa tole- Bugdari Salpa Ma Vi upto Barju Boarder,23196858.85,Works,NCB,In-Progress
WRIDDB/SQ/TKISP/01/082-83,"Water Resource and Irrigation Development Division office, Banke",WRIDDB/SQ/TKISP/01/082-83,954189.15,Works,Sealed Quotation,Completed
DDM/NCB/W/01/2082-83,Dharmadevi Municipality,Mude-Madamsing Road Way Construction,12624283.05,Works,NCB,In-Progress
FUDBC/Morang/NCB/Works/21-2082-083,"Federal Urban Development and Building Construction Office, Morang","Improvement of Road from Budhikhola chhathghat Nursery Chowk to Kalimandir upto Biratnagar highway, Duhabi Municipality-06, Sunsari.",23227310.02,Works,NCB,In-Progress
WRIDDB/SQ/MKRTW/02/082-83,"Water Resource and Irrigation Development Division office, Banke",WRIDDB/SQ/MKRTW/02/082-83,1347152.09,Works,Sealed Quotation,Completed
WRIDDB/SQ/MKRTW/06/082-83,"Water Resource and Irrigation Development Division office, Banke",WRIDDB/SQ/MKRTW/06/082-83,815425.65,Works,Sealed Quotation,Completed
FUDBC/Morang/NCB/Works/35-2082-083,"Federal Urban Development and Building Construction Office, Morang","Construction of Two Storey School Building ,Toilet Block and other Infrastructure works at Shiv Shakti Ma.Wi. Ward no 3, Dhanpalthan ,Morang",20133045.70,Works,NCB,In-Progress
NEA-CPPL-2081/82-ST-03,Concrete Pole Plant Lamki,"Supply and Delivery of 53 Grade OPC Cement(As Per Technical Specification) at Plant Site, Lamki, Kailali.",37177000.00,Goods,NCB,In-Progress
FUDBC/Morang/NCB/Works/36-2082-083,"Federal Urban Development and Building Construction Office, Morang","Construction of Community Building with Allied Works Chitragupta Chaithi Temple, Biratnagar 02,Morang",22728947.34,Works,NCB,In-Progress
FUDBC/Morang/NCB/Works/37-2082-083,"Federal Urban Development and Building Construction Office, Morang","Construction RCC road from Gangir Baba temple to Uttar Birta Kaahaar tole Road, Gramthan-01, Morang",22239013.03,Works,NCB,In-Progress
PUDBC/DKT/NCB/WORKS/33/081/082,"Saghan Sahari tatha Bhawan Nirman Aayojana, Dhankuta","Construction of Hariraj Khewa Smriti Pratisthan Building in Dhankuta Municipality, Ward No. 06, Dhankuta",7425886.05,Works,NCB,Completed
RIDO/RUP/134/NCB/082-83/01,"Road Infrastructure Development office, Rupandehi","Upgrading of i) Sundarpath Namunatol -Ranibagiya bagaicha lokmarga jodne path, Shreepath Drain with Blackto Sainamaina-1, ii) Prameshowre Tol Tinkune Chowk (Hulaki sadak) Hundai Ringroad Jodne Adhuro",2439499.50,Works,NCB,Completed
17/CSB/NCB/ 2082/083/BHM,Bheemdatta Municipality Office,"Construction of School Building of Maheshwor Secondary School Bheemdatt-10, Shukasal Kanchanpur",23900000.00,Works,NCB,In-Progress
BM/NCB/Works/GCKBR/02/082/83,"Bidur Municipality,Nuwakot","Nayapul Gauribesi Chharghare Katheri Bhattagaun Hudai Bhaduwaar Tarkeshwor Wada No.6 Sadak, Bidur 12.",11743500.00,Works,NCB,Completed
PUDBC/DKT/NCB/WORKS/57/080/081,"Saghan Sahari tatha Bhawan Nirman Aayojana, Dhankuta","Construction of Infrastructures for Care Women Nepal Birthing Centre in Ward No.4, Pakhribas Municipality, Dhankuta",5233705.28,Works,NCB,In-Progress
NRA/CLPIU/2075-076/NCB-44,"Saghan Sahari tatha Bhawan Nirman Aayojana, Dhankuta","Construction of Khoku Primary Hospital Building(RCC Framed Structure, PHB-3) Sahidbhumi Gaupalika-04, Dhankuta",84196916.72,Works,NCB,In-Progress
KMU/SIN/NCB/01/082/083,"Kamalamai Municpality, Office of the Municipal Executive","Eakpakhe Chhatiwan Sikre Tinpatan Road Upgrading Work, Kamalamai Municipality-7, 11 & 12, Sindhuli",11719644.01,Works,NCB,In-Progress
NCB/SM/W/01/2081-082,"Safebagar Municipality Office, Achham",Khaptad Swasthya Chauki Bhawan Nirman-12,6241614.59,Works,NCB,Completed
KMU/SIN/NCB/02/082/083,"Kamalamai Municpality, Office of the Municipal Executive","Dandatole Dobhan Ruhcani Road Upgrading Work, Kamalamai Municipality-10, Sindhuli",2699050.16,Works,NCB,In-Progress
FUDBC/Morang/NCB/Works/77-2081-082,"Federal Urban Development and Building Construction Office, Morang","Execution of Remaining Civil, Electrical & Finishing Works for K.P. Bhattarai Foundation Building.",35718906.76,Works,NCB,In-Progress
RPIP/WRIDDOPalpa/NCB-20/081/82,Irrigation Development Division Palpa,RPIP/WRIDDOPalpa/NCB-20/081/82,80521529.59,Works,NCB,In-Progress
KMU/SIN/NCB/03/082/083,"Kamalamai Municpality, Office of the Municipal Executive","B.P. Highway-Majhidanda to Swargadwari Road Construction Work, Kamalamai Municipality-7, Sindhuli",1392405.92,Works,NCB,Completed
KRM/SQ/WORKS/2082/2083/03,"Kaligandaki Rural Municipality,Gulmi","Harmichaur Swasthya Chowki Nirman ,Gulmi",1335161.30,Works,Sealed Quotation,Completed
146/082/083,Krishi Samagri Company Limited,"Supply And Delivery Of 30,000(±2%) MT Chemical Fertilizer (UREA) 46-0-0",2776204956.00,Goods,ICB,Completed
KMU/SIN/NCB/04/082/083,"Kamalamai Municpality, Office of the Municipal Executive",Majhitar Dandatole Panitanki Road Upgrading Work,1504252.00,Works,NCB,In-Progress
TKRTW/WRIDDOPalpa/NCB-08/081/82,Irrigation Development Division Palpa,Tinau Khola River Training Project,17764749.72,Works,NCB,In-Progress
KMU/SIN/NCB/05/082/083,"Kamalamai Municpality, Office of the Municipal Executive","Sano Bhaluwahi Chorkhola Road Upgrading Work, Kamalamai Municipality-9, Sindhuli",1447247.37,Works,NCB,Completed
CPISP/WRIDDOPalpa/NCB-01/081/82,Irrigation Development Division Palpa,Chahala Phant Irrigation Sub Project,25121275.77,Works,NCB,In-Progress
KMU/SIN/NCB/06/082/083,"Kamalamai Municpality, Office of the Municipal Executive","Mathillo Ranibas Urban Road Construction Work, Kamalamai Municipality-13, Sindhuli",3715612.83,Works,NCB,In-Progress
PUDBC/DKT/NCB/WORKS/08/079/080),"Saghan Sahari tatha Bhawan Nirman Aayojana, Dhankuta","Construction of Integrated Urban Infrastructure Development Works under Urban Development Programmee at Mahalaxmi Municipality, Dhankuta.",348657330.62,Works,NCB,In-Progress
KMU/SIN/NCB/07/082/083,"Kamalamai Municpality, Office of the Municipal Executive","Kudule Temple to Highway Road Upgrading Work, Kamalamai Municipality-4, Sindhuli",3675594.65,Works,NCB,In-Progress
KMU/SIN/NCB/08/082/083,"Kamalamai Municpality, Office of the Municipal Executive","Moktanchok to Shree Bambeshwor Aa. Bi. Road Upgrading Work, Kamalamai Municipality-2, Sindhuli",2161614.37,Works,NCB,In-Progress
AKBISP/WRIDDOPalpa/NCB-02/081-82,Irrigation Development Division Palpa,Arun Khola Brihat Irrigation Sub Project,38309571.00,Works,NCB,In-Progress
KRM/SQ/WORKS/2082/2083/01,"Kaligandaki Rural Municipality,Gulmi",Samudayik Swasthya Ekai Starunati Kaligandaki 02,1108644.99,Works,Sealed Quotation,Completed
KMU/SIN/NCB/09/082/083,"Kamalamai Municpality, Office of the Municipal Executive","Chandradevi Aa. Bi. Building & Compound wall Work, Kamalamai Municipality-11, Sindhuli",6055152.29,Works,NCB,In-Progress
PKBISP/WRIDDOPalpa/NCB-07/081/82,Irrigation Development Division Palpa,Purba Khola Brihat Irrigation Sub Project,14618664.88,Works,NCB,In-Progress
KRM/SQ/WORKS/2082/2083/02,"Kaligandaki Rural Municipality,Gulmi",Samudayik Swasthya Ekai Thalung Bebasthapan Tatha RAng Rogan Kaligandaki 06,907372.60,Works,Sealed Quotation,Completed
KMU/SIN/NCB/10/082/083,"Kamalamai Municpality, Office of the Municipal Executive","Infrastructure Upgrading Work, Kamalamai Municipality-9, Sindhuli",3904493.74,Works,NCB,Completed
NEA-CPPL-2082/83-ST-01,Concrete Pole Plant Lamki,"Supply & Delivery of Coarse Sand and Crushed Aggregate at Plant Site, Lamki, Kailali",13484911.50,Goods,NCB,In-Progress
LIDPOITH/NCB/W/2080-081/65,"Local Infrastructure Developmemt Project Office, Itahari",Construction/Upgrading of Terhathum Jilla ko Sidhuwa Nasibote-Jalpadevi Pra.vi. Saraswati maa.vi.- Hamarjung Charkune- Panchakanya- Mudke aahal- Nabin Sikchya Sadan-Okhre- Raamnuyami- Machindra Ma.vi.,95351622.09,Works,NCB,In-Progress
KMU/SIN/NCB/11/082/083,"Kamalamai Municpality, Office of the Municipal Executive","Kamalamaisir &Kamalamaisthan Infrastructure Development Work, Kamalamai Municipality-5 & 8, Sindhuli",4904557.34,Works,NCB,In-Progress
NEA-CPPL-2082/83-ST-02,Concrete Pole Plant Lamki,"Supply and Delivery of 7.9 mm dia. High Tensile Steel Strand Wire at Plant Site, Lamki, Kailali.",56433330.00,Goods,NCB,In-Progress
KMU/SIN/NCB/12/082/083,"Kamalamai Municpality, Office of the Municipal Executive","Dharabhanjyang Satpare Water Supply Scheme, Kamalamai Municipality-4, Sindhuli",5269355.56,Works,NCB,In-Progress
KMU/SIN/NCB/13/082/083,"Kamalamai Municpality, Office of the Municipal Executive","Dhura Gwang Corridor Road Upgrading Work, Kamalamai Municipality-6 & 4, Sindhuli",12095837.15,Works,NCB,In-Progress
LIDPOITH/NCB/W/DB/2081-082/02,"Local Infrastructure Developmemt Project Office, Itahari","Design and Build of Ghailadubba Champapur Jodne Biring Khola Pakki Pul Nirman , Kankai-9,Jhapa",301037600.00,Works,NCB,In-Progress
KMU/SIN/NCB/14/082/083,"Kamalamai Municpality, Office of the Municipal Executive","Chiyabari Keware Kerabari Road Upgrading Work, Kamalamai Municipality-2 & 4, Sindhuli",13771439.46,Works,NCB,In-Progress
LIDPOITH/NCB/W/2080-081/69,"Local Infrastructure Developmemt Project Office, Itahari","Upgrading of Terathum Jilla ko Ewa Thapachowk Moula Daada ,Khurpa thok , Fuguwa Nidhuraadin Sadak Staronnati, Atthrai 3 ra 4 Tehrathum-Taplejung",34479296.14,Works,NCB,In-Progress
NEA-CPPL-2082/83-ST-03,Concrete Pole Plant Lamki,Supply of Manpower for Concrete Pole Plant Lamki.,18686423.08,Goods,NCB,In-Progress
KMU/SIN/NCB/16/082/083,"Kamalamai Municpality, Office of the Municipal Executive","Dube Besitole Road Upgrading Work, Kamalamai Municipality-2, Sindhuli",2857171.00,Works,NCB,In-Progress
KMU/SIN/NCB/17/082/083,"Kamalamai Municpality, Office of the Municipal Executive","Kamala S.S. Conference Hall Management Work, Kamalamai Municipality-4, Sindhuli",2382854.47,Works,NCB,In-Progress
NEA-CPPL-2082/83-ST-04,Concrete Pole Plant Lamki,"Supply and Delivery of Microsilica and Superplasticizer Admixture as Per Technical Specification at Plant Site, Lamki, Kailali",3430962.50,Goods,NCB,In-Progress
KRM/SQ/GOODS/2082/2083/07,"Kaligandaki Rural Municipality,Gulmi",Procurement of Materials and Transportation up to Road Head Site KRM-02 Arbeni,877433.11,Goods,Sealed Quotation,Completed
KMU/SIN/NCB/18/082/083,"Kamalamai Municpality, Office of the Municipal Executive","Khambechauri Playground Infrastructure Development Work, Kamalamai Municipality-6, Sindhuli",3038946.88,Works,NCB,In-Progress
Godawarimun/lalitpur/W/NCB/03/082/83,"Godawari Municipality, Office of the Municipal Executive,","Upgrading of Thaiba Jharuwarashi Road, Godawari-13, Lalitpur",18752761.14,Works,NCB,In-Progress
SQ/KRM/GOODS/2082/2083/08,"Kaligandaki Rural Municipality,Gulmi",Procurement of Materials and Transportation up to Road Head Site (Lega -06 Kaligandaki)Gulmi,995431.73,Goods,Sealed Quotation,Completed
LIDPOITH/NCB/W/2082-083/38,"Local Infrastructure Developmemt Project Office, Itahari","Construction/Upgrading of Arjundhara Na.Pa.6 Sike Marga Drain Sahit Kalo patre, Jhapa.",23041667.46,Works,NCB,In-Progress
KMU/SIN/Goods/NCB/19/082/083,"Kamalamai Municpality, Office of the Municipal Executive","Procurement, Supply & Installation of Tower Light with Road Surveillance System",4450115.15,Goods,NCB,In-Progress
Godawarimun/lalitpur/W/NCB/04/082/83,"Godawari Municipality, Office of the Municipal Executive,","Upgrading of Dhapakhel Jharuwarashi Dandagaun Neupane Gaun Road, Godawari Municipality-10, 13, Lalitpur",28350673.78,Works,NCB,Completed
Godawarimun/lalitpur/W/NCB/08/082/83,"Godawari Municipality, Office of the Municipal Executive,","Upgrading of Road from Mahila Aawas Griha to Ward Office, Godawari-13, Lalitpur",2345305.48,Works,NCB,In-Progress
Godawarimun/lalitpur/W/NCB/13/082/83,"Godawari Municipality, Office of the Municipal Executive,","Upgrading of Jhyalungtar to Muldol Road, Godawari-10, Lalitpur",6798778.37,Works,NCB,In-Progress
Godawarimun/lalitpur/W/NCB/14/082/83,"Godawari Municipality, Office of the Municipal Executive,","Upgrading of Panchawati Dhusuphat Road, Godawari-13, Lalitpur",2620882.85,Works,NCB,In-Progress
Godawarimun/lalitpur/W/NCB/16/082/83,"Godawari Municipality, Office of the Municipal Executive,","Upgrading of Salyan Khasimara Road, Godawari-10, Lalitpur",2900629.73,Works,NCB,In-Progress
Godawarimun/lalitpur/W/NCB/18/082/83,"Godawari Municipality, Office of the Municipal Executive,","Upgrading of Lele Vardev Thuladurlung Faparbari to Chandrapur Road, Godawari-05, Lalitpur",5136546.32,Works,NCB,In-Progress
Godawarimun/lalitpur/W/NCB/19/082/83,"Godawari Municipality, Office of the Municipal Executive,","Culvert Construction Work at Lele Pahadi Road Godawari-5, Lalitpur.",2527368.34,Works,NCB,In-Progress
RIDO/RUP/134/NCB/082-83/02,"Road Infrastructure Development office, Rupandehi",Upgrading of i) Sirjana Path Hudai Major Road ii) Buddhatol Damaharani Path iii) Kanchichowk Dekhi Khelmaidan Road,3610700.24,Works,NCB,In-Progress
KRM/SQ/GOODS/2082/2083/05,"Kaligandaki Rural Municipality,Gulmi",Procurement of Materials and Transportation up to Road Head Site (Harmichaur Chha Saya And Budo Kulo-01 Kaligandaki)Gulmi,1504619.95,Goods,Sealed Quotation,Completed
KRM/NCB/GOODS/2082/2083/03,"Kaligandaki Rural Municipality,Gulmi",Procurement of Materials and Transportation up to Road Head Site (Bagar kalse Bhutiya Chalse-05 Kaligandaki)Gulmi,1966200.00,Goods,Sealed Quotation,Completed
Godawarimun/lalitpur/W/NCB/20/082/83,"Godawari Municipality, Office of the Municipal Executive,","Upgrading of Basnet gau & swastyechauki neupane gau Road, Godawari-10, Lalitpur",2054748.40,Works,NCB,In-Progress
Godawarimun/lalitpur/W/NCB/21/082/83,"Godawari Municipality, Office of the Municipal Executive,","Upgrading of Lapse Kotdada Road, Godawari-6, Lalitpur",3548463.70,Works,NCB,In-Progress
KRM/NCB/GOODS/2082/2083/03,"Kaligandaki Rural Municipality,Gulmi",Procurement of Materials and Transportation up to Road Head Site KRM-05 Arbeni,1966200.00,Goods,NCB,Completed
MIP-BKDSPIPM?WRIDDSANKHU/NCB-01B/2079/080,"Water Resources and Irrigation Development Division,Sankhuwasabha",Contruction of Canal and its Associated Structures of Bagha Khola Dhade Simari Pulung Irrigation Sub Project,82214030.70,Works,NCB,Completed
Godawarimun/lalitpur/W/NCB/22/082/83,"Godawari Municipality, Office of the Municipal Executive,","Infrastructure Improvement Works at Wakha Tole and Deubu Marg, Godawari Municipality-11, Lalitpur",5507819.79,Works,NCB,In-Progress
KRM/SQ/GOODS/2082/2083/06,"Kaligandaki Rural Municipality,Gulmi",Procurement of Materials and Transportation up to Road Head Site ( -04 Kaligandaki)Gulmi,1736504.92,Goods,Sealed Quotation,Completed
NCB/ORM/WORKS/01/2082-83,Omsatiya Rural Municipality,Construction of road from rural municipality office through ward number 3 office towards thutipipal chowk,12492509.00,Works,NCB,In-Progress
KRM/SQ/GOODS/2082/2083/12,"Kaligandaki Rural Municipality,Gulmi",Procurement of Materials and Transportation up to Road Head Site (Harmichaur Chha Saya And Budo Kulo-01 Kaligandaki)Gulmi,1212900.98,Goods,Sealed Quotation,Completed
KRM/NCB/GOODS/2082/2083/10,"Kaligandaki Rural Municipality,Gulmi",Procurement of Materials and Transportation up to Road Head Site ( -06 Kaligandaki)Gulmi,2063416.72,Goods,NCB,Completed
Mahalaxmi/W/NCB/03/2082/83,"Mahalaxmi Municipality, Office of Municipal Executive",Road upgrading works from changathali chadani party palace to Khulla hiti- Sirutar Jodne sadak ward no. 7 & 8,12558841.90,Works,NCB,In-Progress
UDBO/RUP/WORKS/12/NCB/82/83-3,"Urban Development and Building Office, Rupandehi","Sarjuganj to Mohanganj Basti Bikas(Road Works),Siyari-06,Rupandehi.",2410595.70,Works,NCB,Completed
PUDBC/DKT/347010114/082/083-01,"Saghan Sahari tatha Bhawan Nirman Aayojana, Dhankuta","Construction and Upgradation of Road from Gopal Bhagat Smriti Hospital Khandbari-Khorende-Mahadevsthan to Chewa (Third Phase), Khandbari Municipality.",21359501.03,Works,NCB,In-Progress
KRM/SQ/WORKS/2082/2083/09,"Kaligandaki Rural Municipality,Gulmi",Procurement of Materials and Transportation up to Road Head Site KRM-03 Arbeni,1624192.11,Goods,Sealed Quotation,Completed
UDBO/RUP/WORKS/12/NCB/82/83-4,"Urban Development and Building Office, Rupandehi","Kanari Tharu Gau to dekhi Tinau khola Basti Bikas(Road Works),Siyari-07,Rupandehi.",2487281.20,Works,NCB,Completed
KRM/SQ/WORKS/2082/2083/12,"Kaligandaki Rural Municipality,Gulmi",Procurement of Materials and Transportation up to Road Head Site KRM-02 Arbeni,1212900.98,Goods,Sealed Quotation,Completed
PUDBC/DKT/347011144/082/083-08,"Saghan Sahari tatha Bhawan Nirman Aayojana, Dhankuta","Construction of School Buildings at Himalayan Secondary School (Sitalpati, Khandbari-11), Binod Secondary School (Mulkharka, Maadi-3), and Narayan Secondary School (Okharbote, Maadi-4), Sankhuwasabha.",22495068.75,Works,NCB,In-Progress
UDBO/RUP/WORKS/12/NCB/82/83-30,"Urban Development and Building Office, Rupandehi","Purba Toll to Sangam Toll Basti Bikas(Road Works),Siyari-07,Rupandehi.",1913341.23,Works,NCB,Completed
PUDBC/DKT/347011144/082/083-09,"Saghan Sahari tatha Bhawan Nirman Aayojana, Dhankuta",Construction & Upgradation of Ring Road from Mudhe Bazar to Kewabeshi through Tamaphok-Madansingh-Umlangi-Mulkhark-Mawadin-Nundhaki-Pokhari-Koksa-Malwase-Chungkhurung-Bihibare-Wana-Lingling-Sabhakhola,24125566.27,Works,NCB,In-Progress
FRM/Sindhuli/Works/NCB/09/082-83,"Fikkal Rural Municipality,",Saubhagya Chowk Dekhi Gaupalika Karyalaya Hudai Gaikhura Samma Dhalan Karya,1996418.91,Works,NCB,In-Progress
FRM/Sindhuli/Works/NCB/01/082-83,"Fikkal Rural Municipality,",Upgrading of Sokhu Saluke Bhalubhanjyang Sadak Ward No. 6,9838216.83,Works,NCB,Completed
FRM/Sindhuli/Works/NCB/04/082-83,"Fikkal Rural Municipality,","Upgrading ofJitukhola Solpa Bhanjyang Devitar Jangajanga Silunge Sadak, Phikkal-5",1799999.88,Works,NCB,Completed
FRM/Sindhuli/Works/NCB/03/082-83,"Fikkal Rural Municipality,","Construction of Pathivera Aarubot Silunge Ratnawati Water Supply Project, Ward No. 6",4830641.20,Works,NCB,In-Progress
DFO/KTM/WORKS/NCB/02/082/083,"Division Forest Office, Kathmandu",Retender Park Nirman Tarkeshwor 9 and Tarkeshwor 7 Kathmandu,1922606.00,Works,NCB,In-Progress
DISP/WRIDDSANKHU/NCB01/2081/82,"Water Resources and Irrigation Development Division,Sankhuwasabha","Construction of Canal and its associated structures of Deurali Irrigation Project, Sabhapokhari-1, Sankhuwasabha",18137130.00,Works,NCB,In-Progress
IDO/TPJ/WORKS/BRIDGE/NCB-01/082/83,"Infrastructure Development Office, Taplejung, Koshi Province","Construction of Hangdewa Khola RCC Bridge road connecting Phungling to Tamor Corridor, Phungling-9 & 10,Taplejung",39472759.62,Works,NCB,In-Progress
GMMKPISP/WRIDDSANKHU/NCB01/2081/82,"Water Resources and Irrigation Development Division,Sankhuwasabha","Construction of Canal and its associated structures of Gokule Muhan Mayum Khanidanda Pangtha ISP, Khandbari 6, Sankhuwasabha",20968455.39,Works,NCB,In-Progress
IDO/TPJ/WORKS/BRIDGE/NCB-02/082/83,"Infrastructure Development Office, Taplejung, Koshi Province","Construction of Sobuwakhola RCC Bridge, Athrai Triveni Rural Municipality 3 & 4, Taplejung.",40087149.43,Works,NCB,In-Progress
GGM/WORKS/NCB/01/2082/083,"Gauriganga Municipality, Chaumala Kailali",Dhabai Udashi Ringroad Kalopatre,2836071.00,Works,NCB,Completed
IDO-PAN-NCB-BRIDGE-079/80-33,"Infrastructure Development Office, Taplejung, Koshi Province",Construction of Neruwa Khola Pre-Stressed RCC Bridge,81882293.74,Works,NCB,In-Progress
Godawarimun/lalitpur/W/NCB/23/082/83,"Godawari Municipality, Office of the Municipal Executive,","Blacktopping of Road from the Boundary of Ward No. 3 up to Ghattekulo Bridge, Godawari-4, Lalitpur",5741381.37,Works,NCB,In-Progress
Godawarimun/lalitpur/W/NCB/25/082/83,"Godawari Municipality, Office of the Municipal Executive,","Upgrading of Taukhel Road from Godawari party Palace to Aasha Nepal, Godawari",2590732.30,Works,NCB,In-Progress
Godawarimun/lalitpur/W/NCB/27/082/83,"Godawari Municipality, Office of the Municipal Executive,","Upgrading of Godamchaur Main Road, Godawari-01, Lalitpu",5472525.00,Works,NCB,In-Progress
Godawarimun/lalitpur/W/NCB/30/082/83,"Godawari Municipality, Office of the Municipal Executive,","Repair/Maintenance of Pako Road, Godawari-12, Lalitpur",3647105.73,Works,NCB,In-Progress
Godawarimun/lalitpur/W/NCB/32/082/83,"Godawari Municipality, Office of the Municipal Executive,","Upgrading of Lele Manakamana Road, Godawari-05, Lalitpur",5160769.30,Works,NCB,In-Progress
Godawarimun/Lalitpur/W/NCB/22/081/82,"Godawari Municipality, Office of the Municipal Executive,","Upgrading of Lele Tahakhel Road, Godawari-05, 10 Lalitpur",8569649.93,Works,NCB,In-Progress
FUDBC/Morang/NCB/Works/48-2082-083,"Federal Urban Development and Building Construction Office, Morang","Execution of Remaining Civil, Electrical & Finishing Works for K.P. Bhattarai Foundation Building (Second Phase.),Birartnagar,Morang",21922798.96,Works,NCB,In-Progress
FUDBC/Morang/NCB/Works/60-2082-083,"Federal Urban Development and Building Construction Office, Morang","Repair, Rehabilation and Structural Strengthening of High Court building(Main Building, Judge Quarter and Guest House) damaged due to Gen-Z movement at Biratnagar, Morang",24247151.28,Works,NCB,In-Progress
FUDBC/Morang/NCB/Works/66-2081-082,"Federal Urban Development and Building Construction Office, Morang","Reconstruction of Meeting Hall damaged due to Genz movement at DAO office, Biratnagar, Morang",7031289.02,Works,NCB,In-Progress
PUDBC/DKT/NCB/WORKS/39/081/082,"Saghan Sahari tatha Bhawan Nirman Aayojana, Dhankuta","Construction of Tourism Infrastructure and Community Building Works in Manakamna Dham, Khandbari Municipality-9, Sankhuwasabha.",85411091.03,Works,NCB,In-Progress
147/082/083,Krishi Samagri Company Limited,"Supply And Delivery Of 30,000(±2%) MT Chemical Fertilizer (UREA) 46-0-0",2398299354.00,Goods,ICB,Completed
PUDBC/DKT/347011144/082/083-04,"Saghan Sahari tatha Bhawan Nirman Aayojana, Dhankuta","Construction of Champe Sabha Hall in Arun Rural Municipality-2, Bhojpur",21113778.41,Works,NCB,In-Progress
NCB/ORM.WORKS/02/2082-83,Omsatiya Rural Municipality,Construction of Basantapur Dasarath Janata Secondary School Building,7038103.00,Works,NCB,In-Progress
BM/NCB/Works/SKNN/07/082/83,"Bidur Municipality,Nuwakot","Samari Khola Nadi Niyantran, Bidur 13",1456756.00,Works,NCB,In-Progress
BM/NCB/Works/SHCN/09/082/83,"Bidur Municipality,Nuwakot","SIMCHAURBATA HAWAGHAR JANE TRISHULI CORRIDOR NIRMAN, BIDUR 4",1593733.00,Works,NCB,In-Progress
BM/NCB/Works/HKPN/08/082/83,"Bidur Municipality,Nuwakot",HAWAGHAR KHOLSI PAHIRO NIYANTRAN,3649967.00,Works,NCB,In-Progress
KRM/NCB/Works/Dolakha/05/2082/083,"Kalinchok Rural Municipality, Sunkhani",Upgrading of Sadhikhola Gujarpa woda no 7 to 6 Jane Sadak,2713582.35,Works,NCB,In-Progress
NCB/ORM.WORKS/03/2082-83,Omsatiya Rural Municipality,Construction Of Road From Thulo Balapur To Sano Balapur.,8663716.69,Works,NCB,In-Progress
BM/NCB/Works/BPSS/06/082/83,"Bidur Municipality,Nuwakot",Bhitri Taar Pallo Taar Sadak Staronnati Kaarya,1549936.00,Works,NCB,In-Progress
148/082/083,Krishi Samagri Company Limited,"Supply And Delivery Of 17,500(±2%) MT Chemical Fertilizer (Potash) 0-0-60",1150071615.00,Goods,ICB,In-Progress
KRM/NCB/Works/Dolakha/08/2082/083,"Kalinchok Rural Municipality, Sunkhani","Upgrading of Dhamire Niware pokhare sadak (Section1) , Gumukhola sayuli sadak (section2) ,Alxidhunga campus sadak (Scction3)",2464800.49,Works,NCB,In-Progress
LIDPOITH/NCB/W/2082-083/22,"Local Infrastructure Developmemt Project Office, Itahari","Construction and Upgrading of Deumai Dobhan Nadrung Deurali Hulak Sadak, Mangsebung, Ilam,",24679800.51,Works,NCB,In-Progress
KRM/NCB/Works/Dolakha/06/2082/083,"Kalinchok Rural Municipality, Sunkhani",Upgrading Khuredese Odare Sadak Nirman,1444736.17,Works,NCB,In-Progress
01/Works/NCB/Kmun/082/83,"Khairahani Municiapality Office, Chitwan","Construction of River Training Work of Ward Number 8 magani gau, Udhyogh Sangh to ladari river",46106570.00,Works,NCB,In-Progress
FUDBC/Morang/Works/NCB/32-2082-083,"Federal Urban Development and Building Construction Office, Morang","Improvement of Red cross Marg from Mahendra Highway upto Pipra Play ground,Ramdhuni-5,Sunsari",21390372.67,Works,NCB,In-Progress
NCB/ORM.WORKS/04/2082-83,Omsatiya Rural Municipality,"Construction and Upgradation of Roads at Ward 1 ,2 and 3 .",2692614.23,Works,NCB,In-Progress
KRM/NCB/Works/Dolakha/10/2082/083,"Kalinchok Rural Municipality, Sunkhani",Soti padekhola Sunkhani sinchai,5873057.29,Works,NCB,In-Progress
FUDBC/Morang/Works/NCB/33-2082-083,"Federal Urban Development and Building Construction Office, Morang","Upgradation of road from Harinagar Police post to South Basantapur via Purba Dewangunj Ward No.1 Dehanashanka,Connecting to the Dewangunj-Bandeshwar road Sunsari.",21043842.82,Works,NCB,In-Progress
NCB/ORM.WORKS/05/2082-83,Omsatiya Rural Municipality,Construction Of Balcktopped road at Ward 4 and 5,2692614.23,Works,NCB,In-Progress
LIDPOITH/NCB/W/MB/2081-082/09,"Local Infrastructure Developmemt Project Office, Itahari","Construction of Ilam Na. Pa.-9 bhanjyang sadak ra Ilam Na.Pa. -11 soyak sadak ko Puwa Kholama sadak Pul, Ilam",92250240.80,Works,NCB,In-Progress
UDBOP-NCB-082/83-01,"Urban Development and Building Office, Palpa","Physical Infrastructure Construction works for Settle Development at madane , (Madane-3,5,6),Gulmi",10031421.38,Works,NCB,In-Progress
LIDPOITH/NCB/W/MB/2081-082/06,"Local Infrastructure Developmemt Project Office, Itahari","Construction of Mechinagar 13 ma Bange Pul Naya Nirman,Jhapa",74968837.40,Works,NCB,In-Progress
FUDBC/Morang/Works/NCB/34-2082-083,"Federal Urban Development and Building Construction Office, Morang","Construction of Asphalt road along Ramdhuni 2 Titriban to Ramdhuni 9 Dhuraha Sitapur along with Ramdhuni 8 ward office Dumraha road,Sunsari.",21043842.82,Works,NCB,In-Progress
UDBOP-NCB-082/83-02,"Urban Development and Building Office, Palpa","Road Upgrading Work at Tamghas-Majura-Indregauda Road,Resunga-14,Gulmi",6295236.73,Works,NCB,In-Progress
BM/NCB/Works/RDNS/11/082/83,"Bidur Municipality,Nuwakot","RIMAL DADA HUDAI NURSERY JODNE SADAK STARONNATI KARYA , BIDUR 1",1689225.00,Works,NCB,In-Progress
KRM/NCBGoods/Dolakha/01/2082/083,"Kalinchok Rural Municipality, Sunkhani","Extraction ,Collection and Sales of River Bed Materials (Dhunga,Baluwa & Gravel ) singati chapleti Area",2499810.86,Goods,NCB,In-Progress
BM/NCB/Works/GKKA/05/082/83,"Bidur Municipality,Nuwakot",GADDIYA KHOLA KHANEPANI AAYOJANA,8898225.00,Works,NCB,In-Progress
UDBOP-NCB-082/83-03,"Urban Development and Building Office, Palpa","Settle Development Work at Bishukharka,Chandrakot-2,Gulmi",6763110.52,Works,NCB,Completed
SMIP/NCB-03/082-83,Sunsari Morang Irrigation Project,Construction of RCC Canal Lining and RCC Box Culvert Different Place of Sukhasaina Branch Canal System,11830260.09,Works,NCB,In-Progress
149/082/083,Krishi Samagri Company Limited,"Supply And Delivery Of 30,000(±2%) MT Chemical Fertilizer (UREA) 46-0-0",2113500600.00,Goods,ICB,In-Progress
KRM/SQB/Goods/Dolakha/01/2082/083,"Kalinchok Rural Municipality, Sunkhani","Extraction ,Collection and Sales of River Bed Materials (Dhunga,Baluwa & Gravel ) Beniswara Area",2222145.00,Goods,Sealed Quotation,In-Progress
RIDORU/RUP/134/NCB/081-082/27,"Road Infrastructure Development office, Rupandehi","Basdilwa-Baunnakoti-Khairiya-Dinganagar Road (49DR005), Mayadevi Ga.Pa.-08, Rupandehi",20993224.84,Works,NCB,Completed
SMIP/NCB-04/082-83,Sunsari Morang Irrigation Project,"Rcc Aquedct construction, CMC T1 Inlet structure construction, gabion protection work, Rcc lining and other canal operational maintanance work Ramdhuni T1 inlet , RA Ch 1+300 , pulaha drain and other",6596878.94,Works,NCB,In-Progress
KRM/NCB/GOODS/2082/2083-04,"Kaligandaki Rural Municipality,Gulmi",Procurement of Materials and Transportation Up to Road Head Site(Kaligandaki-07 Sera Tuni Khola ),1914522.96,Goods,NCB,Completed
RIDO/RUP/134/NCB/082-83/03,"Road Infrastructure Development office, Rupandehi","Upgrading of i) Darkhasitol Road, Sainamaina-03, ii) Bidhayalaya tol Chantale kabot Ringroad Jodni Khanepani Tanki Hundai Janajyoti Bidhalaya samma ko bato Nirmna, Sainamaina-03, Rupandehi & iii) Ramb",4503715.84,Works,NCB,In-Progress
UDBOP-NCB-082/83-04,"Urban Development and Building Office, Palpa","Road Upgrading Work at Gauthali pahara-Karaamdi-Jogikum-Satamure road and Santichour-Neupanedada Bhular khola Road, Ribdikot-1,Palpa",2966922.30,Works,NCB,Completed
SMIP/NCB-06/082-83,Sunsari Morang Irrigation Project,Repair and Maintenance of Shankarpur Branch Canal System Different Place of Shankarpur Branch Canal,4275603.53,Works,NCB,In-Progress
02/Works/NCB/Kmun/082/83,"Khairahani Municiapality Office, Chitwan","Construction of different Rigid pavement and Flexible pavement Road at khairahani 2,4,11",15175734.00,Works,NCB,In-Progress
02/082/83/BSMC/IDD/NCB,Butwal Sub-Metropolitan City,Construction of Nayagaun School,33815165.00,Works,NCB,In-Progress
RIDORUP/RUP/134/NCB/078/79-116,"Road Infrastructure Development office, Rupandehi",Ramawapur Chowk -Kotahimai Ga.Pa.-Duimuhan Road,78700519.30,Works,NCB,In-Progress
PUDBC/DKT/347011144/082/083-06,"Saghan Sahari tatha Bhawan Nirman Aayojana, Dhankuta","Construction of Annapurna Bagdhan Ranadip Rai Ma.bi. Building in Temkemaiyung Rural Municipality, Bhojpur",21759817.61,Works,NCB,In-Progress
LIDPO1/NCB/W/TB/01/2079-80,"Local Infrastructure Developmemt Project Office, Itahari",Construction of Kishne Khola Thena Basti Dantakali Suspension Trail Bridge,45858845.57,Works,NCB,Completed
UDBOP-NCB-082/83-05,"Urban Development and Building Office, Palpa","Urban Infrastructure Development Work at Argali(Tansen-14),Damkada(Tansen-9) and Bejhad Kishanbari to Sundartole (Rampur-5), Palpa",7052091.51,Works,NCB,In-Progress
SMIP/NCB-07/082-83,Sunsari Morang Irrigation Project,Construction of Lining and VRB Works Sitagunj Branch,4438343.88,Works,NCB,In-Progress
RIDO/RUP/134/NCB/082-83/04,"Road Infrastructure Development office, Rupandehi","Upgrading of i) Murgiya Ganganagar Palpa Jodni Purano Sadak, Sainamaina-3, Rupandehi ii) Sungava Hatbajar Hundai Khakanpur Ring Road Jodni sadak, Sainamaina-03, Rupandehi & iii) Sungava Chowk dekhi Ut",2979139.16,Works,NCB,Completed
RIDORUP/RUP/134/NCB/079-080/190,"Road Infrastructure Development office, Rupandehi","Shivachowk-Premchowk-Devdaha Marga with Lined Drain and Blacktop Tilottama, Rupandehi (Ch 0+000 to 2+100)",67289318.81,Works,NCB,In-Progress
KRM/SQB/Works/Dolakha/08/2082/083,"Kalinchok Rural Municipality, Sunkhani",Improvement of Babre Health Centre ward no 02,1126271.45,Works,Sealed Quotation,In-Progress
03/082-83/BSMC/IDD/Works/NCB,Butwal Sub-Metropolitan City,Siraangaun Top Majhuwa to Buddhanagar Sadak Nirmaan,14481740.00,Works,NCB,In-Progress
UDBOP-NCB-082/83-06,"Urban Development and Building Office, Palpa","Urban Infrastructure Development Work From Bhikhok khola Mathgadhi to Amar School Rambha , Palpa",3084597.56,Works,NCB,Completed
150/082/083,Krishi Samagri Company Limited,"Supply And Delivery Of 30,000(±2%) MT Chemical Fertilizer (UREA) 46-0-0",2578806840.00,Goods,ICB,In-Progress
03/Works/NCB/Kmun/082/83,"Khairahani Municiapality Office, Chitwan","Construction of Blacktopped road and Rigid Pavement at different road of Khairahani 6,7,10",22769100.23,Works,NCB,In-Progress
SMIP/NCB-08/082-83,Sunsari Morang Irrigation Project,Construction of Canal lining work in Ramgunj Branch SS10-D Sitapur Ramganj Branch,8770805.96,Works,NCB,In-Progress
KRM/NCB/WORKS/2082/2083/02,"Kaligandaki Rural Municipality,Gulmi",Ghaumaune Koreng Chapchaur Bareng Sadak Istarunnati Kaligandaki-06,1345094.81,Works,NCB,Completed
UDBOP-NCB-082/83-07,"Urban Development and Building Office, Palpa","Construction of Truss at Karnadhar Secondary School,Mathagadhi-2, Urban Infrastructure Work at Laliguras Tole to Mission(Tansen-1) and Infrastructure Development Work at Agriculture Service Centre(Tan",3315036.52,Works,NCB,In-Progress
SMIP/NCB-09/082-83,Sunsari Morang Irrigation Project,"Construction of Canal lining and Maintenance works, Duhabi Minor, Sunsari Dubahi Minor Branch Canal System, Morang",2920988.19,Works,NCB,In-Progress
PUDBC/DKT/NCB/WORKS/69/080/081,"Saghan Sahari tatha Bhawan Nirman Aayojana, Dhankuta","Construction of Integrated Urban Infrastructure Development Works in Dharmadevi Municipality, Sankhuwasabha",91129590.25,Works,NCB,In-Progress
PUDBC/DKT/347011144/082/083-05,"Saghan Sahari tatha Bhawan Nirman Aayojana, Dhankuta","Construction of Tribhuvan Dharmodaya Ma.bi. Building in Temkemaiyung Rural Municipality, Bhojpur",21436546.64,Works,NCB,In-Progress
BM/NCB/Works/KGSA/10/082/83,"Bidur Municipality,Nuwakot",KERAGHARI SINCHAI AAYOJANA,1755197.00,Works,NCB,In-Progress
KRM/SQ/WORKS/2082/2083/04,"Kaligandaki Rural Municipality,Gulmi","Construction of Ghaumaune Koreng Chapchaur Bareng Sadak Istarunnati Kaligandaki RN-06,07",852173.28,Works,Sealed Quotation,In-Progress
04/Works/NCB/Kmun/082/83,"Khairahani Municiapality Office, Chitwan","Construction of Drain, Asphalt Overlay and Rigid PavementWorks at Khairahani 2,4,12,13",81742648.54,Works,NCB,In-Progress
151/082/083,Krishi Samagri Company Limited,"Supply And Delivery Of 30,000(±2%) MT Chemical Fertilizer (DAP) 18-46-0",3802854840.00,Goods,ICB,In-Progress
KRM/NCB/Works/Dolakha/01/2082/083,"Kalinchok Rural Municipality, Sunkhani",Upgrading of Singati Sanskritgram sdak ward no 03,10282537.35,Works,NCB,In-Progress
LIDPOITH/NCB/W/2082-083/12,"Local Infrastructure Developmemt Project Office, Itahari","Construction and Upgrading of Yuwa chok daleli dohamana sadak, Kanepokhari Gaupalika-3, Morang",23873700.89,Works,NCB,In-Progress
SMIP/NCB-02/082-83,Sunsari Morang Irrigation Project,"Construction of Closure Bund, New Intake, Barahkshetra, Sunsari (Procurement to be made in Special Circumstances)",3877660.84,Works,NCB,In-Progress
KRM/NCB/WORKS/2082/2083/05,"Kaligandaki Rural Municipality,Gulmi","Construction of Khadgakot Ward Office Building at Kaligandaki Rural Municipality-06,Khadgakot",12669865.02,Works,NCB,In-Progress
BM/NCB/Works/AWKS/03/082/83,"Bidur Municipality,Nuwakot","Ajingare bata Woda Karyalaya Jane Sadak Staronnati, Bidur 13, Nuwakot",21338377.69,Works,NCB,In-Progress
LIDPOITH/NCB/W/2082-083/14,"Local Infrastructure Developmemt Project Office, Itahari","Construction and Upgrading of Phagu Gaun Todke Jharana Sadak Nirman, Sandakpur Ga. Pa.-4, Mabu, Ilam",22635646.95,Works,NCB,In-Progress
152/082/083,Krishi Samagri Company Limited,"Supply And Delivery Of 30,000(±2%) MT Chemical Fertilizer (UREA) 46-0-0",3337244400.00,Goods,ICB,In-Progress
Supply and Delivery of stationary and Office Related Items,"National Police Academy , Maharajgung",Stationery and Office Related Items,1638895.50,Goods,NCB,Completed
KRM/NCB/Works/Dolakha/07/2082/083,"Kalinchok Rural Municipality, Sunkhani",Upgrading of Yabalkhola Ward Karyalaya Sadak Ward 01,3482548.27,Works,NCB,In-Progress
KRM/NCB/WORKS/09/2081/82,Kanepokhari Rural Municipality,a) Constructon of Asphalt concrete work along Bihari tol to Bohora tol road. b) Approach road construction work at both side of Sitadhap Culvert & construction of drain at west side of dans khola trus,14438223.71,Works,NCB,In-Progress
BM/NCB/Works/TMMS/04/082/83,"Bidur Municipality,Nuwakot",Thulo Gau Maj Gau Hudai Mankamana Niskene Sadak Bidur-5,14389394.00,Works,NCB,In-Progress
LIDPOITH/NCB/W/2082-083/21,"Local Infrastructure Developmemt Project Office, Itahari","Construction and Upgrading of Sandakpur Ga. Pa. ward No. 5 kaaryalay hudai jamuna ghumti danda dekhi dhuwa khola sadak, Ilam",24016747.60,Works,NCB,In-Progress
MKRM/NCB/WORKS/SBMSS/01/2082-83,"Mugum Karmarong Rural Municipality,Pulu Mugu","Construction of academic building first floor of Shree Buddha Namuna Ma.Vi., Mangri ,mugum karmarong Rural Municipality ward -08",5984834.92,Works,NCB,In-Progress
153/082/083,Krishi Samagri Company Limited,"Supply And Delivery Of 30,000(±2%) MT Chemical Fertilizer (DAP) 18-46-0",4075537320.00,Goods,ICB,In-Progress
PUDBC/DKT/NCB/WORKS/02/079/080,"Saghan Sahari tatha Bhawan Nirman Aayojana, Dhankuta","Construction of Integrated Urban Infrastructure Development Works in Bhojpur Municipality, Bhojpur",160456290.67,Works,NCB,In-Progress
KRM/NCB/WORKS/2082/2083/03,"Kaligandaki Rural Municipality,Gulmi","Construction of Pakkipul (2 Culvers) at Purano Bazr of Kalignadaki Rural Municipality-05,Phoksing",4132113.42,Works,NCB,In-Progress
BM/NCB/Works/CGSS/01/082/83,"Bidur Municipality,Nuwakot","Chanaute Chaulane Gahate Saungaun Sadak ,Bidur -7",12550095.00,Works,NCB,In-Progress
LIDPOITH/NCB/W/2082-083/23,"Local Infrastructure Developmemt Project Office, Itahari","Construction and Upgrading of Rong Ga. Pa. ward no. 6 Rambhyang hudai dhanidada Salakpur Sadak staronati, Ilam",22917468.00,Works,NCB,In-Progress
PUDBC/DKT/NCB/WORKS/02/078/079,"Saghan Sahari tatha Bhawan Nirman Aayojana, Dhankuta","Construction of Road from khorande-Tilbari-Devisthan-Sanghukhola-Kadaile, Khandbari Sankhuwasabha",18502478.95,Works,NCB,Completed
LIDPOITH/NCB/W/2082-083/24,"Local Infrastructure Developmemt Project Office, Itahari","Construction and Upgrading of Toribari Daregauda chuli Sadak Khanda, Ilam",23474266.57,Works,NCB,In-Progress
KRM/NCB/WORKS/2082/2083/04,"Kaligandaki Rural Municipality,Gulmi","Construction of Phoksing Ward office Building at Kaligandaki Rural Municipality -05,Phoksing",13742873.06,Works,NCB,In-Progress
RIDO/RUP/134/NCB/082-83/05,"Road Infrastructure Development office, Rupandehi","Upgrading of i) Haraiya Ward Karyalaya Dekhi Paschim Rastrapati Margha Karange Tole Jane Sadak, Kanchan-3, Rupandehi ii) Upgrading of Rudrapur Ma.Vi. Dekhi Pun Chowk Hundai Dhabo Tal Jodne Sadak, Kanc",7825217.33,Works,NCB,In-Progress
KRM/NCB/WORKS/05/081/82,Kanepokhari Rural Municipality,"Construction of Bituminous Road (Asphalt Concrete) along Ramailo Domana Road Section, Pipal Chowk Rate Khola Culvert, Halesi hotel west chauki road, Sukrabare sadhan chowk road section & Gate Kanepokh",26658719.29,Works,NCB,In-Progress
BM/SQ/Works/ILDN/21(Re)/082/83,"Bidur Municipality,Nuwakot","Inarpati Laxminarayan Dharmashala Nirman, Bidur 6",1253680.00,Works,Sealed Quotation,In-Progress
LIDPOITH/NCB/W/2082-083/39,"Local Infrastructure Developmemt Project Office, Itahari","Construction and Upgrading of Chalisbighe, Ghaletole hudai Ashok Phuyal ghar purba Ramailo jane Sadak Kalopatre, Kanepokhari Gaupalika-7,5 & 6, Morang",25094890.25,Works,NCB,In-Progress
RIDO/RUP/134/NCB/082-83/06,"Road Infrastructure Development office, Rupandehi","Upgrading of i) Piparichapa Dekhi Chaupari Banbhusadi jodne Sadak Kanchan-5, Rupandehi ii) Kothi Jodne Bato Dekhi Malika tol Hundai Durga Mandir Jane Bato Kalopatre, Kanchan-05, Rupandehi & iii) Bhais",5768647.76,Works,NCB,In-Progress
05/Works/NCB/Kmun/082/83,"Khairahani Municiapality Office, Chitwan",Construction of Different Blacktopped road and Structure Work at khairahani-3 and 8,46974493.18,Works,NCB,In-Progress
RIDO/RUP/134/NCB/082-83/07,"Road Infrastructure Development office, Rupandehi","Upgrading of i) Ring Road Dekhi Hariyali Path Dekhi Tol Jodne Sadak Apuro Bato Sainamaina-7, Rupandehi ii) Ring Road dekhi Kusma Paudel ko Ghar Hundai Smirtipath Kalopatre, sainamaina-07, Rupandehi &",5273357.86,Works,NCB,In-Progress
KRM/NCB/WORKS/011/2081/82,Kanepokhari Rural Municipality,"Construction of Rural Municipal Executive Administrative Building of Kanepokhari Rural Municipality Kanepokhari, ward no - 05",109770278.73,Works,NCB,In-Progress
PUDBC/DKT/NCB/WORKS/70/080/081,"Saghan Sahari tatha Bhawan Nirman Aayojana, Dhankuta",Integrated Urban Infrastructure Development Works in Shadananda Municipality Bhojpur,98906055.50,Works,NCB,In-Progress
KRM/NCB/WORKS/03/2082/83,Kanepokhari Rural Municipality,Construction of Asphalt pavement on Nursary Dada east Jyamire khola Culvert- Mantri Chowk north Hanuman Chowk east-Shivalaya-Sivalaya mandir Poudel chowk & Mantri chowk north -deurali chowk (upto pitc,25664596.33,Works,NCB,In-Progress
NCB/KRM/2082/2083/01,"Kaligandaki Rural Municipality,Gulmi",Upgrading of Purtighat Bhangakharka Damar Sireni Sadak Kaligandaki-04,10227505.28,Works,NCB,In-Progress
RIDO/RUP/134/NCB/082-83/08,"Road Infrastructure Development office, Rupandehi","Upgrading of i) Buddhanagar Lokmarga Dekhi Dakshin Deurali Marga Hundai Tala Jani Sadak (With Drain), Sainamaina-05, Rupandehi, ii) Dudhrakshya Chowk to Jhala Mandir Hundai Malmala Jana sadak Nali sah",3942635.77,Works,NCB,In-Progress
SMIP/NCB-10/082-83,Sunsari Morang Irrigation Project,"Construction of Side Escape and Lining Structure Biratanagar Branch Canal System, Morang",4363403.94,Works,NCB,In-Progress
145/082/083,Krishi Samagri Company Limited,"Supply And Delivery Of 25,000(±2%) MT Chemical Fertilizer (DAP 18-46-0)",3029797500.00,Goods,ICB,In-Progress
11/RUPA/NCB/WORKS/2081/2082,Rupa Rural Municipality,Construction of Administrative Building of Rupa Rural Municipality,77954209.22,Works,NCB,In-Progress
RIDO/RUP/134/NCB/082-83/09,"Road Infrastructure Development office, Rupandehi","Upgrading of i) Ringroad Baikunthapur hundai Inguriya Ma. Bi. Jodne Sadak Kalopatre, Sainamaina-06, Rupandehi, ii) BhataChaur Dekhi Kuti Gaun ko Dakshin Ghumti dekhi Utar Golo Chaupari Samma Sadak, Sa",3941688.63,Works,NCB,In-Progress
RIDO/RUP/134/NCB/082-83/10,"Road Infrastructure Development office, Rupandehi","Upgrading of i) Sangam Pargati Tol Rikhi Path Dekhi Uchidehawa tharu Gaun Hundai Murgiya Hatbajar Jodni Sadak kalo Patre, Sainamaina-3, Rupandehi ii) Upgrading of Khakanpur Tharu Gaun Dekhi Arjun BK",4444198.87,Works,NCB,In-Progress
MIIP/Works/GWIS/NCB-10/2082-83,Mechanized Irrigation Innovation Project,"Construction of Pump house with overhead tank, Distribution System, Pump Installation and Electrification works of Shree Malghatta DTW IP,Ramnagar-06, Sarlahi District",5391849.15,Works,NCB,In-Progress
RIDO/RUP/134/NCB/082-83/11,"Road Infrastructure Development office, Rupandehi",Upgrading of Shantimagar Chowk dekhi Char number Bazar samma sadak tatha nali Nirman Tilottama 08 Rupandehi,10709477.97,Works,NCB,In-Progress
LIDPOITH/NCB/W/2082-083/03,"Local Infrastructure Developmemt Project Office, Itahari","Construction and Upgrading of Jhapa Gaaupalika 5 Pantapara Chowk-Meche Gaau Hudai 18 Number Junge Pillar Samma Kalopatre Sadak Nirman, Jhapa",22011099.01,Works,NCB,In-Progress
MKRM/NCB/WORKS/RR/02/2082-083,"Mugum Karmarong Rural Municipality,Pulu Mugu","Dhungedhara to Maha Rural Road Upgrading work, Mugum Karmarong Rural Municipality- 7, Maha",3439480.29,Works,NCB,In-Progress
MIIP/Works/GWIS/NCB-11/2082-83,Mechanized Irrigation Innovation Project,"Construction of Pump house with overhead tank, Distribution System, Pump Installation and Electrification works of Shree Hanuman DTW IP,Malangawa-07, Sarlahi District",5283252.52,Works,NCB,In-Progress
RIDO/RUP/134/NCB/082-83/12,"Road Infrastructure Development office, Rupandehi","Upgrading of (i) Bhaktapur Marga sadak Tilottama na.pa 04 Rupandehi(ii)Shivachowk dekhi purwako Namaste margama Sadak Nirman,Tilottama 04 Rupandehi",3320564.91,Works,NCB,In-Progress
KRM/NCB/WORKS/04/2082/83,Kanepokhari Rural Municipality,"Asphalt road construction work of roads at Kanepokhari ward no 3 to 7 (Construction of Asphalt Road at Bhansabari-Sundarbasti-Bayarban Nursery, Deurali chowk north upto jalakanya chowk, Milan Chowk No",19662791.94,Works,NCB,In-Progress
MKRM/NCB/WORKS/03/2082-083,"Mugum Karmarong Rural Municipality,Pulu Mugu","Baral to Yaklang khaksa foot trail Construction work, Mugum Karmarong Rural Municipality ward-1&4, Mugu",2916730.90,Works,NCB,In-Progress
KRM/NCB/WORKS/05/2082/83,Kanepokhari Rural Municipality,"Construction of Roads at ward no 1 - 7 (PART 1), (Construction of Asphalt Road Putali chowk-Jhulunge Pull Gadda Tole road ward no 1, Dhabi tol- Mahinawari road, ward no 2, Milan Chowk Mangalbare road",52027504.68,Works,NCB,In-Progress
SMIP/NCB-11/082-83,Sunsari Morang Irrigation Project,"Construction of Escape in Harinagara Branch of Harinagara Branch, Morang",4856564.13,Works,NCB,In-Progress
TMGIP/NCB/Works/Mahottari-01/082-83,"Terai Madhesh Groundwater Irrigation Program, Jawalakhel","Construction of Pump House, M.S. Pipe Fittings, Distribution System and Electrification Works of Rajkhor Deep Tubewell Irrigation Project, Gaushala-4, Rakjhor, Mahottari District",5012761.44,Works,NCB,In-Progress
SMIP/NCB-12/082-83,Sunsari Morang Irrigation Project,"Construction of Canal and its Associated Structures, Hurhuriya Branch Canal, Morang",6995314.22,Works,NCB,In-Progress
TMGIP/NCB/Works/Dhanusha-01/082-83,"Terai Madhesh Groundwater Irrigation Program, Jawalakhel","Construction of Pump House, M.S. Pipe Fittings, Distribution System and Electrification Works of Navtoli Deep Tubewell Irrigation Project, Sabaila-7,Navtoli, Dhanusha District",5061803.25,Works,NCB,In-Progress
SMIP/NCB-13/082-83,Sunsari Morang Irrigation Project,"Construction of Canal and its Associated Structures at Bariyati Branch Canal System, Morang",7881325.35,Works,NCB,In-Progress
TMGIP/NCB/Works/Saptari-01/082-83,"Terai Madhesh Groundwater Irrigation Program, Jawalakhel","Construction of Pump House, M.S. Pipe Fittings, Distribution System and Electrification Works of Baba Banaskhandi Deep Tubewell Irrigation Project, Tirhut-2,Labtoliya, Saptari District",5469477.37,Works,NCB,In-Progress
RIDO/RUP/134/NCB/082-83/13,"Road Infrastructure Development office, Rupandehi",Upgrading of Tilottama ward no 03 Kaphle path Sadak Nirman,1769038.98,Works,NCB,Completed
144/082/083,Krishi Samagri Company Limited,"Supply And Delivery Of 30,000(±2%) MT Chemical Fertilizer (UREA) 46-0-0",2115723000.00,Goods,ICB,Completed
RIDO/RUP/134/NCB/082-83/14,"Road Infrastructure Development office, Rupandehi","Upgrading of (i) Annapurna Path Tilottama 05, (ii) Laligurans Path Sadak, Tilottama 05(iii)Milan Aawas Path Ti.Na.Pa.05",5800000.75,Works,NCB,Completed
PLRIP/SUPA/W/UG/01/2081-082,"Provincial Project Management Unit, Dhangadi","Construction and Upgrading of Sahajpur - Nigali Road (Chainage 0+000-14+835), Chure Rural Municipality, Kailali",363099235.33,Works,NCB,In-Progress
TMGIP/NCB/Works/Mahottari-02/082-83,"Terai Madhesh Groundwater Irrigation Program, Jawalakhel","Construction of Pump House, M.S. Pipe Fittings, Distribution System and Electrification Works of Kushmadi Deep Tubewell Irrigation Project, Gaushala-1, Ramnagar, Mahottari District",4739911.39,Works,NCB,In-Progress
04/082/83/BSMC/IDD/WORKS/NCB,Butwal Sub-Metropolitan City,Swasthya Kendra Bhawan Nirman Butwal 19,3550877.00,Works,NCB,In-Progress
RIDO/RUP/134/NCB/082-83/15,"Road Infrastructure Development office, Rupandehi",Upgrading of (i) Shreengeshor Marga Tilottama 04 (ii) Hatbazar Path Jane Sadak Tilottama 04,3450796.94,Works,NCB,In-Progress
TMGIP/NCB/Works/Dhanusha-02/082-83,"Terai Madhesh Groundwater Irrigation Program, Jawalakhel","Construction of Pump House, M.S. Pipe Fittings, Distribution System and Electrification Works of Sansarimai Deep Tubewell Irrigation Project, Kshireshwornath-3, Pakhariya, Dhanusha District",4799078.91,Works,NCB,In-Progress
MM/RCH/WORKS/NCB/08/082/083,Manthali Municipality,Upgrading of Majhgaun Road via Community Building,1925765.90,Works,NCB,Completed
RIDO/RUP/134/NCB/082-83/16,"Road Infrastructure Development office, Rupandehi","Upgrading of (i)Paramount Path Tilottama 01Rupandehi, (ii) Premnagar Shantipath Dajubhai Path Nali sahit Kalopatre Tilottama 01 Rupandehi",3233484.90,Works,NCB,Completed
RIDO/RUP/134/NCB/082-83/17,"Road Infrastructure Development office, Rupandehi","Maduban Path Jodne Annapurna Path Nali Tatha Sadak Nirman,Tilottama 06",3291557.40,Works,NCB,Completed
SMIP/NCB-01/082-83,Sunsari Morang Irrigation Project,Construction of Revetment and Maintenance of Spur at right side bank of Koshi River (D/S of Chatara Bridge),58816061.17,Works,NCB,In-Progress
PoAHS/G/NCB-01/2082-83,Pokhara Academy of Health Sciences,Procurement of Medical Surgical Items,13114203.70,Goods,NCB,In-Progress
KRM/NCB/WORKS/08/2082/83,Kanepokhari Rural Municipality,"Construction of ward no. 02 & 03 Healthpost Boundary wall & Gate, Kanepokhari Rural Municipaliti-02 & 03",3902980.86,Works,NCB,In-Progress
PoAHS/G/NCB-02/2082-83,Pokhara Academy of Health Sciences,Procurement of X-Ray Films,8610600.00,Goods,NCB,In-Progress
143/081/082,Krishi Samagri Company Limited,"Supply And Delivery Of 30,000(±2%) MT Chemical Fertilizer (DAP 18-46-0)",3703151550.00,Goods,ICB,Completed
KRM/NCB/WORKS/09/2082/83,Kanepokhari Rural Municipality,"construction of COMPOUND WALL WORK AT SINGADEVI MA. VI., Kanepokhari ward no - 5, Morang",2987015.84,Works,NCB,In-Progress
KRM/NCB/WORKS/10/2082/83,Kanepokhari Rural Municipality,"Construction of 4 roomed school building at Bal Ma.Vi., Kanepokhari Rural Municipality ward no. 03., Morang",10974329.75,Works,NCB,In-Progress
KRM/NCB/WORKS/11/2082/83,Kanepokhari Rural Municipality,"Construction of Kochini Khola Multicell Culvert., Kanepokhari ward no. 01, Dipo, Hoklabari.,",4793356.75,Works,NCB,In-Progress
KRM/NCB/WORKS/12/2082/83,Kanepokhari Rural Municipality,"Road improvement with drain along Triveni chowk south sauni majhi house culvert, Kanepokhari 04, Morang",3182388.70,Works,NCB,In-Progress
PLRIP/SUPA/W/UG/02/2081-082,"Provincial Project Management Unit, Dhangadi","""Construction and Upgrading of Chandev Bazar-Laljhadi Road (Chainage 0+000- 13+600), Laljhadi Rural Municipality, Kanchanpur""",294643723.30,Works,NCB,In-Progress
MM/RCH/WORKS/NCB/19/081/082,Manthali Municipality,Construction of 9 no. ward office building project,12496570.42,Works,NCB,In-Progress
MM/RCH/WORKS/NCB/15/2081/082,Manthali Municipality,Bal Tamrakaushika basic school building (RCC-2 storey-4 room) construction Project,6035853.65,Works,NCB,Completed
MM/RCH/WORKS/NCB/01/082/083,Manthali Municipality,Sanwadanda-Pashupati-Sikral-Saunepani Road,10599561.78,Works,NCB,In-Progress
MM/RCH/WORKS/NCB/02/082/083,Manthali Municipality,Debitar Phulasi Road,10599393.75,Works,NCB,In-Progress
NEA/KTMVTSEP-E/NCB/WORKS/082/83-01,"NEA, Kathmandu Valley Transmission System Expansion Project (Package E)",NEA/KTMVTSEP-E/NCB/WORKS/082/83-01,8934801.93,Works,NCB,In-Progress
MM/RCH/WORKS/NCB/03/082/083,Manthali Municipality,"Construction of additional structure in Cold store (Compound wall, guard house, Toilet etc.)",2117833.98,Works,NCB,Completed
MKRM/NCB/GOODS/DWS/04/2082-083,"Mugum Karmarong Rural Municipality,Pulu Mugu","Procurement of Non-Local Construction Materials, Tools and PPE of water Supply Project and Sewerage Project Delivery to roadhead Mugum Karmarong RM-9, Chhai",4489578.99,Goods,NCB,In-Progress
MKRM/NCB/WORKS/SB/07/2082-83,"Mugum Karmarong Rural Municipality,Pulu Mugu","Construction of School Building of Shree Aananda Aadharbhut School, Mugum Karmaorng Rural Municipality word -9 Chemath, Mugu",4805631.43,Works,NCB,In-Progress
MKRM/NCB/GOODS/MEDICINE/O5/2082-83,"Mugum Karmarong Rural Municipality,Pulu Mugu",Procurement and delivery of Medicine and pharmaceutical Products,1092998.51,Goods,NCB,In-Progress
MKRM/NCB/WORKS/SB/08/2082-83,"Mugum Karmarong Rural Municipality,Pulu Mugu","School Building Construction Work for Shree Nepal National Secondary Residential school, Mugum Karmarong RM-3, takha, Mugu",4993745.92,Works,NCB,In-Progress
IDO/TPJ/WORKS/BUILDING/NCB-03/082/83,"Infrastructure Development Office, Taplejung, Koshi Province","Construction of Sub-Division Forest Office Building, Phungling Municipality -04, Taplejung",19909602.17,Works,NCB,In-Progress
MM/RCH/WORKS/NCB/04/082/083,Manthali Municipality,Manthali Dalitbasti-Thado Gairo Mathillo Tekanpur Road,1692799.42,Works,NCB,Completed
MM/RCH/WORKS/NCB/05/082/083,Manthali Municipality,kathjorkhola Brihat kulo Nirman yojana,2357451.57,Works,NCB,Completed
IRM/NCB/W-02/PROTECTION/2082/083,"Indrasarowar Rural Municipality, Makawanpur",Sukaura Khola (Khanikhet Area) Protection,3807313.23,Works,NCB,In-Progress
IRM/NCB/W-01/ROADS/2082/083,"Indrasarowar Rural Municipality, Makawanpur",Construction and Improvement of Dewaltar Mauwatar Road Project,4690287.61,Works,NCB,In-Progress
IRM/NCB/W-03/PROTECTION/2082/083,"Indrasarowar Rural Municipality, Makawanpur",Jyamire Batsaladevi Sanutar Daudare Simlephant Kunyutar Protection Work,5058044.80,Works,NCB,Completed
IRM/NCB/W-06/Re-01/ROADS/2082/083,"Indrasarowar Rural Municipality, Makawanpur",Construction and Improvement of Salledanda Road Project Indrasarowar 3,2334630.85,Works,NCB,In-Progress
IRM/NCB/W-05/PROTECTION/2082/083,"Indrasarowar Rural Municipality, Makawanpur",Construction of Mahalaxmi Khola Protection Work Indrasarowar 4,1953714.40,Works,NCB,In-Progress
IRM/NCB/W-08/BUILDING/2082/83,"Indrasarowar Rural Municipality, Makawanpur",Construction of Kalika Ma.Vi. Hostel Building (Ground Floor),5262364.12,Works,NCB,In-Progress
IRM/NCB/W-04/ROADS/2082/083,"Indrasarowar Rural Municipality, Makawanpur",Construction and Improvement of Chaukitol Mahachuni Road Project upto Thaha 9,11325312.68,Works,NCB,In-Progress
IRM/NCB/W-10/FOOTTRAIL/2082/083,"Indrasarowar Rural Municipality, Makawanpur",Construction of Foottrail From Bosidol to Jaleshwor Temple Up to Bhaleshwor,1124423.89,Works,NCB,In-Progress
IRM/NCB/W-11/ROADS/2082/083,"Indrasarowar Rural Municipality, Makawanpur",Construction and improvement of gaupalika bypass road,2923731.29,Works,NCB,In-Progress
EDD/SKT/W/NCB/23/081-082,"Education development Directorate, Surkhet","Construction of Academic and Administrative Block of Shree Amarjyoti Secondary School Birendranagar, 12, Kunaghat, Surkhet",58924834.46,Works,NCB,In-Progress
GGM/WOKRKS/NCB/02/2082/083,"Gauriganga Municipality, Chaumala Kailali",Bar Pipal Chowk Dekhi Bharat Bista Ko Ghar Samma Sadak Kalopatre,6979602.00,Works,NCB,In-Progress
GGM/WOKRKS/NCB/03/2082/083,"Gauriganga Municipality, Chaumala Kailali",Supariaam Pipal Chowk Dekhi Jayanpur Hudai Masurkhet Aavi Jodne Sadak Kalopatre,9372075.89,Works,NCB,In-Progress
GGM/WOKRKS/NCB/06/2082/083,"Gauriganga Municipality, Chaumala Kailali","Chamaripur Pipal Chautara Dekhi Masuriya Swasthya Kendra Jane sadak kalopatre, Gauriganga 8, kailali",6889351.25,Works,NCB,In-Progress
GGM/WORKS/NCB/07/2082/083,"Gauriganga Municipality, Chaumala Kailali",Wada no tin kaa Chaar Bibhinna Sthaan maa sadak kalopatre,4524696.00,Works,NCB,In-Progress
GGM/WOKRKS/NCB/08/2082/083,"Gauriganga Municipality, Chaumala Kailali",Mahadev Maavi Dakshin Adhuro Sadak Kalopatre ward 9,2212148.00,Works,NCB,Completed
GGM/WORKS/NCB/09/2082/083,"Gauriganga Municipality, Chaumala Kailali","Rajipur Khurkhuriya hudai Masurkhet School dekhi Kailari Ga Pa Jodne Sadak Kalopatre, Gauriganga-04, Kailali",5569333.00,Works,NCB,In-Progress
GGM/WORKS/NCB/10/2082/083,"Gauriganga Municipality, Chaumala Kailali","Gabion Protection Works at Five Different Places of Ward no 7 Gauriganga Municipality, Kailali",3052194.95,Works,NCB,Completed
GGM/WORKS/NCB/11/2082/083,"Gauriganga Municipality, Chaumala Kailali","Purano bazar Paschim tatbandhan nirman ra rajmarga pul dekhi tallo bazar tatbandhan nirman at ward no 2, Gauriganga Municipality, Kailali",1928984.00,Works,NCB,Completed
GGM/WOKRKS/NCB/12/2082/083,"Gauriganga Municipality, Chaumala Kailali","Road Gravelling and Maintenance works at Seven Different Places of Ward no 11 Gauriganga Municipality, Kailali",1545038.25,Works,NCB,Completed
GGM/WOKRKS/NCB/13/2082/083,"Gauriganga Municipality, Chaumala Kailali","Shree Janajriti Maavi ko Pakki Parkhal Gherbaar Nirman, Gauriganga 3 Kailali",2935425.00,Works,NCB,In-Progress
GGM/WOKRKS/NCB/16/2082/083,"Gauriganga Municipality, Chaumala Kailali","Road Gravelling and Maintenance works at four different places of ward 10 Gauriganga Municipality (Betal tole, Jawalpur, sundarpur and Bhagatpur)",1775834.00,Works,NCB,Completed
GGM/WOKRKS/SQ/01/2082/083,"Gauriganga Municipality, Chaumala Kailali","Wada Karyalaya Bhawan maa thap tala Nirman Gauriganga-01, Kailali",1220555.24,Works,Sealed Quotation,Completed
GGM/WORKS/SQ/02/2082/83,"Gauriganga Municipality, Chaumala Kailali",Bato Gravelling,756047.00,Works,Sealed Quotation,Completed
GGM/WORKS/SQ/03/2082/083,"Gauriganga Municipality, Chaumala Kailali","Betal Aa.Bi. ko Adhuro Bhawan Nirman Gauriganga-02, Kailali",1129996.00,Works,Sealed Quotation,Completed
GGM/WORKS/SQ/05/2082/083,"Gauriganga Municipality, Chaumala Kailali","Mahadev Mavi Adhuro Bhawan Nirman Gauriganga-09,",1782851.00,Works,Sealed Quotation,In-Progress
MKRM/WORKS/FOOTTRIAL/NCB/06/082/083,"Mugum Karmarong Rural Municipality,Pulu Mugu",Construction of Tiyarbagar Paralok Hudai Chhyanath Dham Samma Pryatakiya Padmarga Nirman,20570393.71,Works,NCB,In-Progress
GGM/WORKS/SQ/06/2082/083,"Gauriganga Municipality, Chaumala Kailali","kohalpur tatbandhan nirman, wada kaa bibhinna sthaan maa tatbandhan tatha wall nirman, andaiya sthit janajagriti aaviko pachadi tatbandhan nirman",1362317.00,Works,Sealed Quotation,Completed
GGM/WORKS/SQ/08/2082/083,"Gauriganga Municipality, Chaumala Kailali",Siddha baba Aavi dekhi Laligurans Samudayak Ban Jane Bato Gravel tatha Staronnati ra Khurkhuriya Santi Tole maa Gravel,790062.00,Works,Sealed Quotation,Completed
GGM/WORKS/SQ/12/2082/083,"Gauriganga Municipality, Chaumala Kailali",Nagar karypalikako karyalaya Pachhadi Tatbandhan Nirman Tatha Bharan,1559014.00,Works,Sealed Quotation,Completed
EDD/SKT/W/NCB/04/082-083,"Education development Directorate, Surkhet","2 Room R.C.C. Building Construction Jana Sirjana Madhyamik Bidyalaya, Panchapuri MP 11 Tatapani Surkhet",2779307.18,Works,NCB,Completed
05/NCB/AM/BW/2082-083,"Aathabis Municipality, Rakamkarnali Dailekh",Construction of boundary wall and field of Ward No. 6 Ward Office,5619410.48,Works,NCB,In-Progress
EDD/SKT/W/NCB/05/082-083,"Education development Directorate, Surkhet","2 Room R.C.C. Building Construction on Gangamala Adharbhut Bidyalaya, Birendranagar 11 Deutibajai Surkhet",2589807.71,Works,NCB,Completed
EDD/SKT/W/NCB/01/082-083,"Education development Directorate, Surkhet","3 Room Building Construction on Bhairab Madhyamik Bidyalaya, Birendranagar 4 Bhairabsthan Surkhet",3707797.39,Works,NCB,In-Progress
EDD/SKT/W/NCB/02/082-083,"Education development Directorate, Surkhet","2 Room R.C.C. Building Construction Hastabir Prathamik Bidyalaya, Birendranagar 12 Bhabar Surkhet",3068823.91,Works,NCB,In-Progress
EDD/SKT/W/NCB/03/082-083,"Education development Directorate, Surkhet","2 Room R.C.C. Building Construction Samudayik Madhyamik Biyalaya, Bheriganga 2 Sanimor Surkhet",3093772.34,Works,NCB,In-Progress
EDD/SKT/W/NCB/06/082-083,"Education development Directorate, Surkhet","R.C.C. Building Construction on Bajikuti Basic Health Unit, Chingad 4 Bajikuti Surkhet",3703375.75,Works,NCB,In-Progress
EDD/SKT/W/NCB/07/082-083,"Education development Directorate, Surkhet","Incomplete R.C.C. Building construction on Prashanti Briddhashram, Birendranagar 3 Latikoili Surkhet",4691178.65,Works,NCB,In-Progress
EDD/SKT/W/NCB/08/082-083,"Education development Directorate, Surkhet","2 Room R.C.C. Building Construction on Bhagawati Primary School, Panchapuri 6 Latikada Surkhet",2841832.91,Works,NCB,In-Progress
EDD/SKT/W/NCB/09/082-083,"Education development Directorate, Surkhet","Residential Building Costruction, Floor Addition of Shree Sannedhari Orphanage, Chaukune 7 Sannedhari Surkhet",2858092.25,Works,NCB,In-Progress
EDD/SKT/W/NCB/10/082-083,"Education development Directorate, Surkhet","2 Room R.C.C. Building Constuction on Shree Bidyasagar Basic School, Bheriganga 9 Shantipur Surkhet",2609392.63,Works,NCB,Completed
EDD/SKT/W/NCB/11/082-083,"Education development Directorate, Surkhet","2 Room R.C.C. Building Construction on Laxmi Secondary School, Lekbesi 7 Lawana Surkhet",3265751.27,Works,NCB,In-Progress
EDD/SKT/W/NCB/12/082-083,"Education development Directorate, Surkhet","Construction of 4 room Building on Bidyajyoti Secondary School, Panchapuri 5 Babiyachaur Surkhet",3882355.27,Works,NCB,In-Progress
EDD/SKT/W/NCB/13/082-083,"Education development Directorate, Surkhet","Disability Friendly 2 Room R.C.C. Building Construction on Shree Nepal Rastriya Aa. Bi., Nayagaun Gurbhakot",3407311.01,Works,NCB,In-Progress
EDD/SKT/W/NCB/14/082-083,"Education development Directorate, Surkhet","2 Room R.C.C. Building Construction on Janaprakash Basic School, Lekbesi MP 5 Kalleri Surkhet",3136542.51,Works,NCB,In-Progress
GGM/WORKS/NCB/04/2082/083,"Gauriganga Municipality, Chaumala Kailali",Kailali Jilla Gauriganga Nagarpalika Janata aavi hudai khurkhuria supari sadak starronati karya ra Chepkatla Sivir Sadak Kalopatre,3609442.82,Works,NCB,In-Progress
EDD/SKT/W/NCB/15/082-083,"Education development Directorate, Surkhet","Upgradation of Nepali Sunni Jame Masjid Study Centre Building, Birendranagar 6 Surkhet",2804278.21,Works,NCB,In-Progress
NEA/CS/QCBS-02-075/76,"NEA, Engineering Services Directorate, Building and Physical Infrastructure Construction Project","Consulting Services for Detailed Design of New Office Building for Soil, Rock and Concrete Laboratory-NEA",3991000.00,Consultancy,QCBS,Completed
EDD/SKT/W/NCB/16/082-083,"Education development Directorate, Surkhet","4 Room R.C.C. Building Construction on Suryapraksah Secondary School, Panchapuri MP 2 Palaite Surkhet",6146144.70,Works,NCB,In-Progress
EDD/SKT/W/NCB/17/082-083,"Education development Directorate, Surkhet","Compound Wall Construction on Krishnagunj Secondary School, Birendranagar MP 2 Krishnagunj",2728718.78,Works,NCB,In-Progress
EDD/SKT/W/NCB/18/082-083,"Education development Directorate, Surkhet","Construction & Maintenance of Disability Friendly Hostel Building of Nepal Rastriya Chandraganga Secondary School, Gagretal 11 Birendranagar Suurkhet",6117537.24,Works,NCB,In-Progress
EDD/SKT/W/NCB/19/082-083,"Education development Directorate, Surkhet","R.C.C. Building Construction of Juntara Primary School, Khorke 6 Birendranagar 6 Surkhet",4267970.38,Works,NCB,In-Progress
EDD/SKT/W/NCB/20/082-083,"Education development Directorate, Surkhet","2 Room R.C.C. Building Construction (Hostel Building) of Nepal Rastriya Secondary Scool, Neta 5 Lekbesi Surkhet",3300812.63,Works,NCB,In-Progress
EDD/SKT/W/NCB/21/082-083,"Education development Directorate, Surkhet","Physical Infrastructure Development of Surkhet Eye Hosptial, Birendranagar 6 Surkhet",3112985.33,Works,NCB,In-Progress
EDD/SKT/W/NCB/22/082-083,"Education development Directorate, Surkhet","R.C.C Hostel Building Construction of Ne. Ra. Ma. Bi., Kuinepani 8 Lekbesi Surkhet",3652929.16,Works,NCB,In-Progress
1-MM/KPIL/RD/Works/082/083,Maharajganj Municipality,"Chamershat, Palta, Nanmohara, Udhayepur Siswa Takiwa Sadak Stharunnati",47001391.99,Works,NCB,In-Progress
PLRIP/SUPA/KAI/NCB/W/PM/01/082-83,"Provincial Project Management Unit, Dhangadi","Periodic maintenance of Bauniya-Joshipur-Bhajani Road, (22.9 Km) of Kailali District""",73738642.34,Works,NCB,In-Progress
PLRIP/SUPA/KAN/NCB/W/PM/06/082-83,"Provincial Project Management Unit, Dhangadi","Periodic maintenance of Bani- Dekhatbhuli Road (Ch 0+000 to Ch 6+310)""",18253106.60,Works,NCB,In-Progress
PLRIP/SUPA/BTD/NCB/W/PM/04/082-83,"Provincial Project Management Unit, Dhangadi","Periodic Maintenance of Patan-Pancheshwor Road, (11.3 Km) of Baitadi District""",37188509.56,Works,NCB,In-Progress
PLRIP/SUPA/DDL/NCB/W/PM/03/082-83,"Provincial Project Management Unit, Dhangadi",Periodic Maintenance of Bagbazar-Bagarkot Sirad-Rupal Road ( 7 Km) of Dadeldhura District,27028542.38,Works,NCB,In-Progress
PLRIP/SUPA/DCH/NCB/W/PM/05/082-83,"Provincial Project Management Unit, Dhangadi","Periodic Maintenance of Gokule-Pansera Balach Road , (11.3 Km) of Darchula, District""",56944682.34,Works,NCB,In-Progress
EDD/SKT/W/NCB/23/082-083,"Education development Directorate, Surkhet","3 Room R.C.C. Building Construction of Shree Ne. Ra. Aa. Bi., Koiralabas 6 Chaukune Surkhet",3422901.18,Works,NCB,In-Progress
EDD/SKT/W/NCB/24/082-083,"Education development Directorate, Surkhet","Disability Friendly R.C.C. Building Construction of Jestha Nagarik Birendranagar, 11, Dhuliyabit, Surkhet",3064922.42,Works,NCB,In-Progress
EDD/SKT/W/NCB/25/082-083,"Education development Directorate, Surkhet","Special Class & Hostel Building Construction of Shree Samuha Primary School Panchapuri, 6, Surkhet",2642599.51,Works,NCB,In-Progress
GGM/WORKS/NCB/03/2081/082,"Gauriganga Municipality, Chaumala Kailali",Salghari Sivir Dekhi purwi jirayat hudai baluwataar samma sadak kaloapatre,3808307.00,Works,NCB,In-Progress
UDBOP-NCB-082/83-08,"Urban Development and Building Office, Palpa","Urban Infrastructure Development Work at Chaatishbot-Pamfuka Bhandarwan (satyawati-5) , Urban Infrastructure Development Work upto Deurali Temple Hamsara (satyawati-5) and Dhawali Tole to Palekaban Pa",4604999.92,Works,NCB,Completed
EDD/SKT/W/NCB/26/082-083,"Education development Directorate, Surkhet",Construction of Incomplete R.C.C. Building of Nagarik Karnali Athiti Sewa Griha Birendranagar Municipality Ward -6 Ram Mandir Surkhet,15278693.77,Works,NCB,In-Progress
UDBOP-NCB-082/83-09,"Urban Development and Building Office, Palpa","Urban Infrastructure Development Work at Bitdohad-Giduwa-Kildip-Inar Kaligandaki-1 and Satyawati-3, Gulmi",2706256.45,Works,NCB,In-Progress
DDM/NCB/W/03/2082-83,Dharmadevi Municipality,Prashasanik Bhawan Agadi Gabion Nirman,3410629.17,Works,NCB,In-Progress
UDBOP-NCB-082/83-10,"Urban Development and Building Office, Palpa","Urban Infrastructure Development Work at Dakuwaram-Bhardathum-Bahusadi, Shiwalay-Myalpokhara-Ward office (Chandrakot-7) and Urban Infrastructure Development Work at Faudar Tole-Fulbari Tole and Settle",4955851.25,Works,NCB,In-Progress
GGM/WORKS/NCB/05/2082/083,"Gauriganga Municipality, Chaumala Kailali",Bijaya Nagar Tole Raju Rokaya ko Ghar Dekhi Karan Khadka ko ghar ra Bina Tole Manbahadur Bohara ko Ghar Dekhi Bina School Hudai Jaane Sadak Kalopatre,3351160.00,Works,NCB,In-Progress
EDD/SKT/W/NCB/27/082-083,"Education development Directorate, Surkhet","R.C.C. Building Construction of Shree Bhairab Secondary School Birendranagar, 4, Bhairabsthan, Surkhet",11763779.50,Works,NCB,In-Progress
GGM/WORKS/NCB/ 14/2082/083,"Gauriganga Municipality, Chaumala Kailali","Chaumala Bazar Chowk Dekhi Purano Bazar ward no.2 Jodne Sadak starronati tatha naali nirman Gauriganga-01, kailali",3319713.00,Works,NCB,In-Progress
GGM/WOKRKS/NCB/17/2082/083,"Gauriganga Municipality, Chaumala Kailali",Construction of four (4) Room building at Amar Secondary School,4812852.00,Works,NCB,In-Progress
CRM/ARG/NCB/W/03/082/83,Chhatradev Rural Municipality,"Chhatragunj-Madelchaur-Dhikura Motorable Road Upgrading works, Chhatradev-05 & 07",10018188.29,Works,NCB,In-Progress
2-MM/KPIL/RD/Works/082/083,Maharajganj Municipality,Hulaki Surhaniya Jeetpur Hulaki Sadak Stharunnati,27372422.46,Works,NCB,In-Progress
GGM/WORKS/NCB/18/2082/083,"Gauriganga Municipality, Chaumala Kailali","Construction of four (4) Room building at Kalika Basic level School, Gauriganga-11, Sivpur Kailali",4984334.00,Works,NCB,In-Progress
CRM/ARG/NCB/W/04/082/83,Chhatradev Rural Municipality,Pati Jhirbas Pang Khola Khorati Khola Resunga Municpality Motorable Road Upgrading Works.,2450022.00,Works,NCB,Completed
CRM/ARG/NCB/W/05/082/83,Chhatradev Rural Municipality,"Sheri khola Mathura Gajyang Khola River Training and Embankmen Construction Works, Chhatradev-3, 4, 5 & 6",6801803.30,Works,NCB,In-Progress
WSWRIDDO/Myagdi/UTBRT/W/SQ/02/082/83,"Water supply, water resource and Irrigation Development Division, Myagdi",Construction of revetment wall and other river training structures for myagdikhola training works at beni-4 Tatopani,1499568.50,Works,Sealed Quotation,In-Progress
CRM/ARG/NCB/W/06/082/83,Chhatradev Rural Municipality,"Arghatosh Bazzar Development Works-Infrastructure Development, Chhatradev-07 & 08",1852073.40,Works,NCB,Completed
04/NCB/AM/IR/2082-083,"Aathabis Municipality, Rakamkarnali Dailekh","Sirubadi Bujed Kalapokhar Sichai Kulo, 03",4760714.80,Works,NCB,In-Progress
9-MM/KPIL/RD/Works/082/083,Maharajganj Municipality,Alga Hardauna Sadak Stharunnati Yojana,5912940.11,Works,NCB,In-Progress
FRM/Sindhuli/Works/NCB/02/082-83,"Fikkal Rural Municipality,","Upgrading of Panchakanya Solpa Bhanjyang Bajhagaun Phikal Paryatan Marga, Phikkal-5",10319369.22,Works,NCB,In-Progress
02/NCB/AM/RD/2082-083,"Aathabis Municipality, Rakamkarnali Dailekh","Mod Madasain Hudai Chhepadi Sadak Stronnati, 07-09",4652574.87,Works,NCB,In-Progress
8-MM/KPIL/RD/Works/082/083,Maharajganj Municipality,Ward Karyalayeko Phul Dhekhi Udhayepur Khadaicha PCC Samma Sadak Stharunnati,4801422.57,Works,NCB,In-Progress
7-MM/KPIL/RD/Works/082/083,Maharajganj Municipality,Bhadra Ma. Vi. Padariya Dhekhi Gaun Hudai Kalimai Mandir Agadi PCC Samma Sadak Stharuunati Yojana,3216313.98,Works,NCB,In-Progress
04/NCB/AM/HP/2082-083,"Aathabis Municipality, Rakamkarnali Dailekh",Swasthya Chauki Bhawan Nirman Aathabis-02,2970268.47,Works,NCB,In-Progress
39/SQ/WORKS/BRM/2082-83,Bijaynagar Rural Municipality,Jagdishpur Pathardeiya Sadak Staronnati,1525385.00,Works,Sealed Quotation,In-Progress
22/SQ/WORKS/BRM/2082-83,Bijaynagar Rural Municipality,"Madhunagar Sasdak Istarunnati, Geduwajoot Kamalkishor ko Ghar Dekhi RamdasArakh Ko Ghar Saama Sadak Istarunnati Ra Lalpur gaun Bhitra Sadak IstarunnatiWard No 7(Ram naresh lohar ko Ghar Dekhi Lal ji K",1500000.00,Works,Sealed Quotation,In-Progress
GGM/WORKS/NCB/19/2082/083,"Gauriganga Municipality, Chaumala Kailali","Shrisha oil Store ko Dakshin Jane Sadak Kalopatre, Gauriganga04, Kailali",2071786.00,Works,NCB,In-Progress
UDBOP-NCB-082/83-11,"Urban Development and Building Office, Palpa","Urban Infrastructure Development Work at Majuwa-Pipalpata, Majuwa- Ghairipokhari and Majuwa Bazar, (Chandrakot-8),Gulmi",3120296.17,Works,NCB,In-Progress
GGM/WORKS/NCB/20/2082/083,"Gauriganga Municipality, Chaumala Kailali",Nagarpalika ko Bibhinna Sthan(11 woda) maa Sadak Marmat Tatha Starronnati Karya,4334022.16,Works,NCB,In-Progress
UDBOP-NCB-082/83-12,"Urban Development and Building Office, Palpa","Settle Development Work at Majuwa-Ghairipokhari and Majuwa Bazar, (Chandrakot-8),Gulmi",2479740.72,Works,NCB,In-Progress
GGM/WORKS/SQ/04/2082/83,"Gauriganga Municipality, Chaumala Kailali","Krishi Mul Sadak Kalopatre Nirman, ward no 11",1167679.62,Works,Sealed Quotation,In-Progress
UDBOP-NCB-082/83-13,"Urban Development and Building Office, Palpa","Settle Development Work at Bhandari Pokhara-Rambari Chehemi(satyawati-1,2) and Hamsara-Deurali Temple (satyawati-5), Gulmi",2047467.75,Works,NCB,Completed
GGM/WORKS/SQ/07/2082/083,"Gauriganga Municipality, Chaumala Kailali",Krishna Poudel ko khet najik Chanaura kulo maa Culvert nirman ra Dogana Chaudhary ko ghar najik Chanaura Kulo maa Culvert Nirman,1201092.50,Works,Sealed Quotation,In-Progress
GGM/WORKS/SQ/09/2082/083,"Gauriganga Municipality, Chaumala Kailali",Gidhaniya ma Mohan Chaudhary ko Ghar Dekhi Mathi Rajmarga Jodne Sadak Kalopatre ward no 8,868924.62,Works,Sealed Quotation,In-Progress
UDBOP-NCB-082/83-14,"Urban Development and Building Office, Palpa","Integrated Infrastructure Development Work at Ghiubesi Area (RuruKshetra-4,5), and Ridi Bazar (RuruKshetra-1), Gulmi",1503772.26,Works,NCB,Completed
GGM/WORKS/SQ/10/2082/083,"Gauriganga Municipality, Chaumala Kailali",Aambari sadakko adhuro naali nirman ra suseli boarding agaadi bato marmat,960083.01,Works,Sealed Quotation,In-Progress
PoAHS/G/NCB-03/2082-83,Pokhara Academy of Health Sciences,PoAHS/G/NCB-03/2082-83,6893000.00,Goods,NCB,Completed
03/SQ/AM/G/2082-083,"Aathabis Municipality, Rakamkarnali Dailekh",Aadharbhbut Tatha Aakasmik Swasthya Sewa Ko Lagi Aausadi Kharid,866731.02,Goods,Sealed Quotation,Completed
01/SQ/AM/G/2082-083,"Aathabis Municipality, Rakamkarnali Dailekh",Aadharbhut Tatha Aakasmik Swasthyta Sewa Ko Lagi Aausadi Kharid,1301958.99,Goods,Sealed Quotation,Completed
PoAHS/G/NCB-04/2082-83,Pokhara Academy of Health Sciences,Supply of Security Worker,6893000.00,Other Services,NCB,In-Progress
PoAHS/G/NCB-05/2082-83,Pokhara Academy of Health Sciences,Procurement of Laboratory Reagent and Chemicals,6893000.00,Goods,NCB,In-Progress
02/SQ/AM/G/2082-083,"Aathabis Municipality, Rakamkarnali Dailekh",Supply and Delivery of Stationary Item for Aathabis Municipality ( Furniture and Office Supplies),833693.66,Goods,Sealed Quotation,Completed
GGM/WORKS/SQ/11/2082/083,"Gauriganga Municipality, Chaumala Kailali",Mohanyal Bidhya Mavi ko Pachadi Pakki Naali Nirman ra Mohanyal Mavi ko purwa patti pahal Chand ko ghar jane batomaa Check dam Nirman Karya,1077047.64,Works,Sealed Quotation,In-Progress
OIRM/GUL/NCB/GOODS/082/83-01,"Office of Ishma Rural Municipality, Gulmi",Ek Ghar Ek Dhara Isma Gaupalika,1839001.55,Goods,NCB,Completed
NCB/ORM.WORKS/06/2082-83,Omsatiya Rural Municipality,"Construction of Health Post,Omsatiya-03",2089936.69,Works,NCB,Completed
NCB/ORM.WORKS/07/2082-83,Omsatiya Rural Municipality,"Construction of Toilet and school building at omsatiya primary school and community building at piprahiya ,Omsatiya 05",2236089.85,Works,NCB,Completed
03/NCB/AM/RT/2082-083,"Aathabis Municipality, Rakamkarnali Dailekh",Sidure Aam Dekhi Dipendra Pra. Vi. Samma Tatbandan Nirman Aathabis- 04,4757715.00,Works,NCB,Completed
OIRM/GUL/NCB/WORKS/082/83-02,"Office of Ishma Rural Municipality, Gulmi",Gaupalika Dekhi Maidan Sadak Khanda Staronnati (2.3 Km),19907006.94,Works,NCB,Completed
Supply and Delivery of Desktop Computer,"National Police Academy , Maharajgung",Supply and Delivery of Desktop Computer,2900992.50,Goods,NCB,Completed
NCB/ORM.WORKS/08/2082-83,Omsatiya Rural Municipality,Construction of main adminstrative office building of omsatiya rural municipality,62127930.30,Works,NCB,In-Progress
OIRM/GUL/NCB/WORKS/082/83-03,"Office of Ishma Rural Municipality, Gulmi","Darindhunga Sirara Arje Pauwa Mo. Ba. Staronnati, Isma Gaupalika 5, Gulmi",2404388.80,Works,NCB,Completed
RIDO/RUP/134/NCB/082-83/18,"Road Infrastructure Development office, Rupandehi","Upgrading of (i) Buddhatole Bikas Sansthako Buddhamarga Sadak Kallopatare, Devdaha-05, Rupandehi. (ii)Kotiyamai school dekhi Basantpur Jodane Batto Saam Addhuro Batto & Sispur Basantpur Bitch maa Culv",2588981.32,Works,NCB,In-Progress
NCB/ORM.WORKS/09/2082-83,Omsatiya Rural Municipality,"construction of khop kendra , kriputri bhawan, pratikshyalaya swochcha khanepaani kaa lagi dhara jadan and Fantak nirman for gonaiya irrigation project omsatiya 4",2213466.60,Works,NCB,In-Progress
PoAHS/G/NCB-07/2082-83,Pokhara Academy of Health Sciences,Procurement of Stationary Items,4768261.00,Goods,NCB,In-Progress
6-MM/KPIL/RD/Works/082/083,Maharajganj Municipality,Santinagar Dhekhi Sivbhari Culvert Samma Sadak Stharunnati Yojana,17134568.75,Works,NCB,In-Progress
01/SQ/AM/W/2082-083,"Aathabis Municipality, Rakamkarnali Dailekh",Nagarpalika Ko Karyalaya Ma Sauchalaya Ra Khanepani Nirman.,1784856.79,Works,Sealed Quotation,Completed
OIRM/GUL/SQ/GOODS/082/83-04,"Office of Ishma Rural Municipality, Gulmi",Procurement and Supply of Medical Items For Isma Rural Municipality,706233.29,Goods,Sealed Quotation,Completed
RIDO/RUP/134/NCB/082-83/19,"Road Infrastructure Development office, Rupandehi","Upgrading of (i) Adhuro Shivchauk School Jaane Batto Lallopatare devdaha-10, Rupandehi (ii)Transmeter Chauk Dekhi Janpriya Tole Jane Batto Kallopatare Devdaha-10, Bhaluhi",3100322.42,Works,NCB,In-Progress
GGM/WORK/SQ/14/2082/083,"Gauriganga Municipality, Chaumala Kailali",Judhiya Taal Sanrakshan Tatha Paryatan Prawardan ward no 4,1490492.00,Works,NCB,In-Progress
NCB/ORM.WORKS/10/2082-83,Omsatiya Rural Municipality,Construction of Road from prasauni village to dasarath janata ma.vi. omsatiya 04 rupandehi.,2780079.11,Works,NCB,In-Progress
GGM/WORKS/SQ/15/2082/083,"Gauriganga Municipality, Chaumala Kailali",jamunaghari tole dekhi srinagar jane baato maa culvert nirman,1113118.41,Works,Sealed Quotation,In-Progress
PoAHS/G/NCB-08/2082-83,Pokhara Academy of Health Sciences,Procurement of Plastic &Cleaning items,3131851.50,Goods,NCB,In-Progress
SRM/NCB/W/01/2082/083,Sailung Rural Municipality,Bhaise Paiti Adherikhola Sadak,1273737.44,Works,NCB,Completed
GGM/WORKS/SQ/16/2082/083,"Gauriganga Municipality, Chaumala Kailali",Mahendra Rajmarga Dekhi Jamunaghari Tole Sadak Staronnati ward no 4,584605.00,Works,Sealed Quotation,In-Progress
SQ/ORM/WORKS/01/2082-83,Omsatiya Rural Municipality,Construction of Pathkhauli Health Post Omsatiya-05,1260326.03,Works,Sealed Quotation,In-Progress
TMGIP/NCB/Works/Saptari-02/082-83,"Terai Madhesh Groundwater Irrigation Program, Jawalakhel","Construction of Pump House, M.S. Pipe Fittings, Distribution System and Electrification Works of Bhola Baba Piprahi Deep Tubewell Irrigation Project, Tirhut-3, Piprahi, Saptari District",4933915.15,Works,NCB,In-Progress
5-MM/KPIL/MED/GOODS/082/083,Maharajganj Municipality,Adharbhut Tatha Akasmik Swasthe Sewa ko laagi Aushadhi Kharid,2896319.88,Goods,NCB,Completed
SRM/NCB/W/03/03/2082/083,Sailung Rural Municipality,Padekhani Paiti Bhalushwara Sadak,887906.30,Works,NCB,Completed
SQ/ORM/WORKS/02/2082-83,Omsatiya Rural Municipality,Construction of community hall omsatiya 5,1176475.73,Works,NCB,Completed
PoAHS/G/NCB-09/2082-83,Pokhara Academy of Health Sciences,Procurement of Clothing Items,2860685.40,Goods,NCB,In-Progress
10-MM/KPIL/RD/Works/082/083,Maharajganj Municipality,Chohatta Gaunko Daschin Dhekhi Dudura Sammako Sadak Stharunnati,1938821.84,Works,NCB,Completed
TMGIP/NCB/Works/Siraha-01/082-83,"Terai Madhesh Groundwater Irrigation Program, Jawalakhel","Construction of Pump House, M.S. Pipe Fittings, Distribution System and Electrification Works of Dhangadhimai Deep Tubewell Irrigation Project, Dhangadhimai-8, Kasha, Siraha District",4176718.31,Works,NCB,In-Progress
PUDBC/JHAPA/WORK/NCB/01RE/2082-083,"Project Office of Urban Development and Building Construction, JHAPA","Road upgrading work of Madanbhandari Marg to Bhalukhudi Marg khushiyali Marg sirish chowk-west dahal gau Anant marg to Dhukurpani chowk at Damak, Jhapa",22374794.85,Works,NCB,In-Progress
RIDO/RUP/134/NCB/082-83/20,"Road Infrastructure Development office, Rupandehi",Upgrading of Bangai Chowk Dekhi Mahubari Gaun Samma Sadak Istarounnati Mayadevi-7 Rupandehi,2344451.43,Works,NCB,Completed
SQ/ORM.WORKS/03/2082-83,Omsatiya Rural Municipality,"Construction Birthing ceneter Building at Basantapur PHC, Omsatiya 4",1245039.22,Works,Sealed Quotation,Completed
TMGIP/NCB/Works/Siraha-02/082-83,"Terai Madhesh Groundwater Irrigation Program, Jawalakhel","Construction of Pump House, M.S. Pipe Fittings, Distribution System and Electrification Works of Dihabarbaba Deep Tubewell Irrigation Project, Kalyanpur-7, Bhediya, Siraha District",5741789.04,Works,NCB,In-Progress
SRM/NCB/W/05/2082/083,Sailung Rural Municipality,Bhaise Jhor Managaun Sadak,1855436.54,Works,NCB,In-Progress
TMGIP/NCB/Works/Siraha-03/082-83,"Terai Madhesh Groundwater Irrigation Program, Jawalakhel","Construction of Pump House, M.S. Pipe Fittings, Distribution System and Electrification Works of Manik Deep Tubewell Irrigation Project, Lahan-24, Manikdaha, Siraha District",5524507.31,Works,NCB,In-Progress
SQ/ORM/WORKS/04/2082-83,Omsatiya Rural Municipality,Construction of Asarfi Jame Masjid Omsatiya 4 at main Road Danda Pul balapur,778041.10,Works,Sealed Quotation,In-Progress
SRM/NCB/W/06/2082/083,Sailung Rural Municipality,Sarpakhola Kuwa Sadak,901177.25,Works,NCB,Completed
TMGIP/NCB/Works/Saptari-03/082-83,"Terai Madhesh Groundwater Irrigation Program, Jawalakhel","Construction of Pump House, M.S. Pipe Fittings, Distribution System and Electrification Works of Maa Jalapa Deep Tubewell Irrigation Project, Rajgadh-6, Inarwa, Saptari District",4974722.63,Works,NCB,In-Progress
FUDBC/Morang/Works/NCB/16-2082-083,"Federal Urban Development and Building Construction Office, Morang","Upgradation of Different Road at Lalbasti, Barahkshetra-01, Chatara, Sunsari",22363838.64,Works,NCB,In-Progress
SQ/ORM/WORKS/05/2082-83,Omsatiya Rural Municipality,"Construction of PCC from Gunbahadur house to kamal kunwar house at Thulobalapur ,Omsatiya 4",1204561.98,Works,Sealed Quotation,Completed
RIDO/RUP/134/NCB/082-83/21,"Road Infrastructure Development office, Rupandehi","Upgrading of (i) Bhutahawa Chowk dekhi Thulo Ekla Jane Sadak Kalo Patre, Lu Sa Na Pa-8 & (ii) Londihawa Dekhi Sewa Gaun Samma Gaidahawa, Rupandehi",2613911.55,Works,NCB,Completed
SRM/NCB/W/08/2082/083,Sailung Rural Municipality,Botle Samudayik Bhawan,735464.22,Works,NCB,Completed
RIDO/RUP/134/NCB/082-83/43,"Road Infrastructure Development office, Rupandehi","Upgrading of (i) Baidauli mul sadak dekhi Uttar sinchai bandh Kumal tole samma jodnne sadak kalo patre, Siyari 5 & (ii) Dipak Bhusal ko ghar dekhi Chhapiya kulo jane bato siyari 5",1662807.30,Works,NCB,Completed
FUDBC/Morang/Works/NCB/17-2082-083,"Federal Urban Development and Building Construction Office, Morang","Upgradation of Road from Nahar Chowk to North-Prakashpur Bazar-Junge chowk-Chhabis Pipe upto Rajabash Bazar, Barahkshetra 9 & 10, Sunsari",21883760.42,Works,NCB,In-Progress
SRM/NCB/W/09/2082/083,Sailung Rural Municipality,Wada Karyalaya Bhautik Byabasthapan,1847576.84,Works,NCB,In-Progress
SQ/ORM/WORKS/06/2082-83,Omsatiya Rural Municipality,Construction Event Stage and PCC Road at Ward 4,1582958.39,Works,Sealed Quotation,In-Progress
FUDBC/Morang/Works/NCB/18-2082-083,"Federal Urban Development and Building Construction Office, Morang","Upgradation of Road from Chudamani Chowk to Urau Tole-Bist Tole Bhagwati School upto Madhuwan Road, Barahkshetra 10, Prakashpur, sunsari",21652529.52,Works,NCB,In-Progress
RIDO/RUP/134/NCB/082-83/22,"Road Infrastructure Development office, Rupandehi","Upgrading of (i) Katyadekhi Lotparuwa Hudai Tunihawasamma Sahulaki sadak Istarunnati & (ii) Biniyadih Dekhi Rudlapur Jane Sadak Kalo Patre, Rupandehi",2380048.44,Works,NCB,In-Progress
SRM/NCB/W/10/2082/083,Sailung Rural Municipality,Dahal gaun Laptantole Sadak,693310.36,Works,NCB,Completed
SMIP/NCB-14/082-83,Sunsari Morang Irrigation Project,"Construction of Weir cum VRB, Outlet cum VRB, Trapezoidal Lining and associated works, 1Rd, 8Rd and 41Rd, Nayapatti Branch, Morang",5605365.93,Works,NCB,In-Progress
RIDO/RUP/LRBP/BR/NCB/079/080-67,"Road Infrastructure Development office, Rupandehi","Construction of Tinau Khola PSC Beam Bridge Mayadevi Rural Muncipality -5, Rupandehi",178432670.81,Works,NCB,In-Progress
RIDO/RUP/134/NCB/082-83/23,"Road Infrastructure Development office, Rupandehi","Upgrading of Dhune Chowk Madan Aashrit Sadak Gaidahawa-9, Rupandehi",4977201.24,Works,NCB,In-Progress
FUDBC/Morang/Works/NCB/51-2082-083,"Federal Urban Development and Building Construction Office, Morang","""Construction of School Building at Suryodaya Basic School, Dharan-20, Sunsari""",22905315.83,Works,NCB,In-Progress
RIDO/RUP/134/NCB/082-83/44,"Road Infrastructure Development office, Rupandehi","Upgrading of (i) Boharwa gauko uttadekhi jangahatta jodne sadak kalo patre,siyari 3, (ii) Chhapiya olahawa jodne mul sadakma raheko Culvert nirman Siyari 4 & (iii) Sishaniya gaubata purba jane krishi",3280200.52,Works,NCB,In-Progress
SQ/ORM/WORKS/07/2082-83,Omsatiya Rural Municipality,"Construction of Gate ,Waiting Shed at Satiyamai temple and PCC with drain at different Village at ward No 5",1158446.54,Works,Sealed Quotation,In-Progress
SRM/NCB/W/11/2082/083,Sailung Rural Municipality,Krishi Upaj Sankalan Kendra Bhawan Nirman,1048570.24,Works,NCB,In-Progress
FUDBC/Morang/Works/NCB/57-2082-083,"Federal Urban Development and Building Construction Office, Morang","""Construction of School Building at Suryakund Basic School, Barahkshetra Municipality -01, Suryakund, Sunsari""",25227472.89,Works,NCB,In-Progress
SMIP/NCB-15/082-83,Sunsari Morang Irrigation Project,"Construction of Canal Lining and Bank Strengthening Works, 31 Rd, Amjhora Branch Canal System, Morang",6035558.82,Works,NCB,In-Progress
SQ/ORM/WORKS/08/2082-83,Omsatiya Rural Municipality,Construction of PCC Road at Shrijanshil Tole Omsatiya 02,916397.13,Works,Sealed Quotation,In-Progress
NEA/CS/QCBS01-075/76,"NEA, Engineering Services Directorate, Building and Physical Infrastructure Construction Project",Consulting Services for Detailed Design of Office Building at Lainchaur,3991000.00,Consultancy,QCBS,Completed
Wood-free Paper,Janak Education Material Centre Ltd,Procurement of Wood-free Paper (4000 MT),515000000.00,Goods,NCB,Completed
RIDO/RUP/134/NCB/082-83/45,"Road Infrastructure Development office, Rupandehi","Upgrading of (i) Hiragunj Mainahiya dadako bato nirman Siyari Ga.Pa. 7, (ii) Ramganga chock dekhi Gidahiya jane bato nirman Siyari 6 & (iii) Manoharapur Ganasari Sitapur hudai Bhaisakhadarko sadak Siy",3684624.29,Works,NCB,Completed
SRM/NCB/W/12/2082/083,Sailung Rural Municipality,Hulake Sadak Lambai Gaun Pasne Sadak,3567709.60,Works,NCB,In-Progress
RIDO/RUP/134/NCB/082-83/24,"Road Infrastructure Development office, Rupandehi","Upgrading of (i)Reharwa Tole Hardi Nali Tatha Sadak Nirman(ii) Hardi Khalwadihma Dhalan, Kotahimai-7, Rupandehi(iii)Uttar Tole Hardi Sadak dhalan Tatha Nali Nirman, Rupandehi",3533431.53,Works,NCB,In-Progress
06/Works/NCB/Kmun/082/83,"Khairahani Municiapality Office, Chitwan",Construction of Different road and Other Necessary Work at khairahani-1 to 13,122414927.70,Works,NCB,In-Progress
SMIP/NCB-16/082-83,Sunsari Morang Irrigation Project,"Construction of Drop cum VRB, Escape cum VRB and associated works, 5RD, 7.5Rd and 8 Rd",8634897.92,Works,NCB,In-Progress
WSWRIDDO/Myagdi/KISP/W/SQ/03/082/83,"Water supply, water resource and Irrigation Development Division, Myagdi","Construction of Canal lining and canal related structures of Kesha irrigation project (Package-2), Malika-01, Myagdi",1751879.40,Works,Sealed Quotation,In-Progress
NEA-BPICP-SQ-01/2080/81,"NEA, Engineering Services Directorate, Building and Physical Infrastructure Construction Project",Procurement of Total Station,932250.00,Goods,NCB,Completed
FUDBC/Morang/Works/NCB/19-2082-083,"Federal Urban Development and Building Construction Office, Morang","""Upgradation of Road from Bange Bazar to Buspark, Barahkshetra -07, Bangebazar, Sunsari""",23938128.71,Works,NCB,In-Progress
SRM/NCB/W/13/2082/083,Sailung Rural Municipality,Sharada Mabi Bhautik Byabasthapan,841196.57,Works,NCB,Completed
RIDORUP/RUP/LRBP/BR/NCB/079/080/64,"Road Infrastructure Development office, Rupandehi","Bandraha Khola RCC Tee Beam Bridge , Rupandehi",73790137.65,Works,NCB,In-Progress
FUDBC/Morang/Works/NCB/61-2082-083,"Federal Urban Development and Building Construction Office, Morang","""Repair, Rehabilitation, and Structural Strengthening of Postal Directorate Buildings in Biratnagar, Morang damaged due to Gen-Z movement"".",8455472.22,Works,NCB,In-Progress
RIDO/RUP/134/NCB/082-83/25,"Road Infrastructure Development office, Rupandehi","Upgrading of (i)Khungai Chowk dekhi Sano Padariya jane Sadak Lu Sa Na Pa-3, Rupanndehi & (ii)Lumbini Ring Road dekhi Sujandihawa Jane Sadak",3204384.57,Works,NCB,In-Progress
"Construction of RCC canal and canal related structures of 1925 sale ISP, Beni - 1 Myagdi","Water supply, water resource and Irrigation Development Division, Myagdi","Construction of RCC canal and canal related structures of 1925 sale ISP, Beni - 1 Myagdi",3593720.50,Works,NCB,In-Progress
RIDO/RUP/134/NCB/082-83/26,"Road Infrastructure Development office, Rupandehi","Upgrading of (i)Marchawar Ward No.4 Mahadeii Gaun Dekhi Sanai Dih Bazar (ii) Sammari 6 Dekhi Marchawari 4 Sadak & (iii) Wada karyalaya Bhawan Dekhi Dihuli Chowk Karbala Mahdeiya Jane Sadak, Rupandehi",3632441.32,Works,NCB,In-Progress
WSWRIDDO/Myagdi/PSISP/W/SQ/04/082/83,"Water supply, water resource and Irrigation Development Division, Myagdi","Construction of RCC Canal and Canal related structures of Pipalbot Shera ISP, Mangala-05, Myagdi",1595555.04,Works,Sealed Quotation,In-Progress
RIDORUP/RUP/337911314/BR/NCB/081-82/79,"Road Infrastructure Development office, Rupandehi",Construction of Badaula Khola Bridge (Lumbini Sanskritik Muncipality ward no -10) Along lumbini - Tapoban Road,56910651.92,Works,NCB,In-Progress
RIDO/RUP/134/NCB/082-83/27,"Road Infrastructure Development office, Rupandehi","Upgrading of (i) Marchwar Sadak dekhi Komarwa Gaun Samma RCC Dhalan Mayadevi-7, Rupandehi & (ii) Marchwar Sadak dekhi Lalchand Nauko Ghar Sadak Istarounnati-Mayadevi-7, Rupandehi",4146683.21,Works,NCB,In-Progress
OIRM/GUL/NCB/ADV/082/83-05,"Office of Ishma Rural Municipality, Gulmi",F/Y 2082/2083 Ko Lagi Isma Gaupalika ko Suchana Prakasan (Rastriya Star Ko Dainik Patrika),1015.00,Goods,NCB,Completed
RIDO/RUP/134/NCB/082-83/28,"Road Infrastructure Development office, Rupandehi","Upgrading of Mohsad Dekhi Piprahawa dekhi Kranihawa Hudai Tenuhawa samma Kalo patre Lu Sa Na Pa-5, Rupandehi",4541993.26,Works,NCB,In-Progress
FRM/Sindhuli/Works/NCB/10/082-83,"Fikkal Rural Municipality,","Construction of Jhagare Lift Sichai Karmagat, Phikkal-5",11952339.06,Works,NCB,In-Progress
GGM/WORKS/NCB/C2/2081/082,"Gauriganga Municipality, Chaumala Kailali","Blacktopping works at different ward 2,4,10 within Gauriganga Municipality",5354947.97,Works,NCB,Completed
WSWRIDDO/Myagdi/PBS/W/NCB/02/082/83,"Water supply, water resource and Irrigation Development Division, Myagdi","Construction of Composite Gravity wall and others river training structures for protection of Pokharebagar Bazar, Annapurna-06 Myagdi",2794645.91,Works,NCB,Completed
OIRM/GUL/NCB/WORKS/082/83-06,"Office of Ishma Rural Municipality, Gulmi","Saichik Sudhar ra Purvadharko Nimti Isma Gaupalika ka Vidhyalaya Gherabar, Parkhal Nirman ra Digital Board",7287537.95,Works,NCB,Completed
RIDO/RUP/134/NCB/082-83/29,"Road Infrastructure Development office, Rupandehi","Upgrading of (i) Salghari Aichawal Wada Karyalay Hudai Lumbini Sadak (ii) Gaidahawa-7 Shanti Bazar Dekhi Haraiya Jane Sadak & (iii) Sano-Bishwarya Dekhi Thakurpur Hudai Gaidahawa Jodne Sadak, Rupandeh",5900265.66,Works,NCB,In-Progress
FRM/Sindhuli/Goods/SQ/05/082-83,"Fikkal Rural Municipality,",Procurement of Steel Parts Fabrication and supply up to site of Siurebangtar Trail Bridge,1263623.87,Goods,Sealed Quotation,In-Progress
GGM/WORKS/NCB/04/2081/083,"Gauriganga Municipality, Chaumala Kailali",Rajipur Buddhi Bhusal ko ghar dekhi khurkhuriya hudai gadariya samma Sadak Kalopatre,13045452.00,Works,NCB,Completed
WSWRIDDO/Myagdi/BPISP/W/NCB/05/082/83,"Water supply, water resource and Irrigation Development Division, Myagdi","Construction of RCC canal and canal related structures of Bagarphat ISP, Beni - 2 Myagdi",3593720.50,Works,NCB,In-Progress
RIDO/RUP/134/NCB/082-83/30,"Road Infrastructure Development office, Rupandehi",Upgrading of Basdilwa Shivmandirdekhi Uttar Uchami Gaun Jane Adhuro Bato Tatha Nala Nirman,4446874.00,Works,NCB,Completed
GGM/WORKS/NCB/01/2081/082,"Gauriganga Municipality, Chaumala Kailali",Samaj Sewa samiti chowk dekhi amar khatri ko ghar samma sadak kaloaptre,7922718.00,Works,NCB,Completed
GGM/WORKS/NCB/02/2081/082,"Gauriganga Municipality, Chaumala Kailali",Rajipur Khurkhuriya Masurkhrt school dekhi Kailari Gaapa Jodne sadak kalopatre,5182692.00,Works,NCB,Completed
WSWRIDDO/Myagdi/RISP/W/SQ/01/082/83,"Water supply, water resource and Irrigation Development Division, Myagdi","Construction of RCC Canal and Canal related structures of Radabang ISP, Mangala-02, Myagdi",1555084.69,Works,Sealed Quotation,In-Progress
FRM/Sindhuli/Works/NCB/06/082-83,"Fikkal Rural Municipality,",Upgrading of Lumti-Chanaute-Mahadevdada Road,19744138.50,Works,NCB,In-Progress
GGM/WORKS/NCB/04/2081/082,"Gauriganga Municipality, Chaumala Kailali",Chamaripur Pipal Chautara Dekhi Masuriya swasthya kendra jane sadak kalopatre,5368083.00,Works,NCB,Completed
RIDO/RUP/134/NCB/082-83/46,"Road Infrastructure Development office, Rupandehi","Upgrading of (i) Farsatikar dekhi Tamnagar sadak, Suddodan Ga.Pa. & (ii) Nawadurga tole Gopalpur Durgamandir Diuhar hudai Bangai Ma.Vi. Janebato PCC dhalan dui tarfi nali sahit Suddodan-2, Rupandehi",2000300.60,Works,NCB,In-Progress
FRM/Sindhuli/Goods/SQ/03/082-83,"Fikkal Rural Municipality,",Supply and Delivery of Sanitary Pads.,586323.10,Goods,Sealed Quotation,Completed
RIDO/RUP/134/NCB/082-83/31,"Road Infrastructure Development office, Rupandehi","Upgrading of Shubhakamana Path Butwal 11, Rupandehi",1248536.07,Works,NCB,Completed
GGM/WORKS/NCB/C1/2081/082,"Gauriganga Municipality, Chaumala Kailali","Road Blacktopping works at ward 3,6 within Gauriganga Municipality",5176128.00,Works,NCB,Completed
WSWRIDDO/Myagdi/RPISP/W/SQ/01/082/83,"Water supply, water resource and Irrigation Development Division, Myagdi","Construction of R.V.T, Pipeline and other related structures of Rakhupiple ISP, Raghuganga - 03 Myagdi",1896767.08,Works,Sealed Quotation,In-Progress
FRM/Sindhuli/Goods/SQ/04/082-83,"Fikkal Rural Municipality,",Supply and Delivery of Gravity Water Filter and Dustbin.,1097376.90,Goods,Sealed Quotation,Completed
RIDO/RUP/134/NCB/082-83/32,"Road Infrastructure Development office, Rupandehi","Upgrading of (i) Tunihawa Dekhi Bagauli Hudai Amuwa Samma Sadak Istarounnati, Kotahimai-4, Rupandehi & (ii) Dewanbaksapur dekhi Chinak Lodh Ghardekhi Paschim Tinau Khola Samma, Kotahimai-5, Rupandehi",2376118.30,Works,NCB,In-Progress
GGM/WORKS/NCB/07/2081/082,"Gauriganga Municipality, Chaumala Kailali",Supply Delivery and Installation of 16 m height highmast light set at different site of Gauriganga Municipality,2639538.89,Works,NCB,In-Progress
FRM/Sindhuli/Goods/NCB/01/082-83,"Fikkal Rural Municipality,",Supply and Delivery of HDPE Pipes.,1426276.96,Goods,NCB,Completed
GGM/WORKS/NCB/08/2081/082,"Gauriganga Municipality, Chaumala Kailali",Kedareshwor Aavi two storey four room school building construction works,9386585.00,Works,NCB,In-Progress
RIDO/RUP/134/NCB/082-83/33,"Road Infrastructure Development office, Rupandehi","Upgrading of (i) Bangai Dekhi Padrihiya Hudai Harnhiya Sadak & (ii) Mudila Gaaaun Dekhi Bal Bikash Ma. Bi Samma ra Mudila Dekhi Gulariha Madarsha Samma, Sammarimai-2, Rupandehi",2937839.15,Works,NCB,In-Progress
FUDBC/Morang/Works/NCB/24-2082-083,"Federal Urban Development and Building Construction Office, Morang","Construction and Upgradation of Road works in Inaruwa-7 from Barchhwa, Chandbela, Khiriya to South way of Canal, Sunsari",21904585.57,Works,NCB,In-Progress
GGM/WORKS/NCB/09/2081/082,"Gauriganga Municipality, Chaumala Kailali",Kaalika Mavi two storey four room school building construction works,7058967.00,Works,NCB,In-Progress
FRM/Sindhuli/Goods/SQ/01/082-83,"Fikkal Rural Municipality,",Supply and Delivery of Medicines and Surgical Items.,943573.73,Goods,Sealed Quotation,Completed
FUDBC/Morang/Works/NCB/25-2082-084,"Federal Urban Development and Building Construction Office, Morang","Construction and Upgradation of Road works from Inaruwa municipality 2 Radhakrishna mandir chowk east-south way inaruwa-10 Jalpapur to Gautampur, Sunsari",22743114.50,Works,NCB,In-Progress
GGM/WORKS/NCB/10/2081/082,"Gauriganga Municipality, Chaumala Kailali",Janajagriti Aavi two storey four room school building construction works,8195927.00,Works,NCB,In-Progress
GGM/WORKS/NCB/11/2081/082,"Gauriganga Municipality, Chaumala Kailali",Saraswati Maavi two storey four room school building construction works,8262568.80,Works,NCB,In-Progress
CRM/ARG/NCB/G/07/082/83,Chhatradev Rural Municipality,Supply and Delivery of Hybrid Maize Seed (CP 808),2097018.00,Goods,NCB,Completed
GGM/WORKS/NCB/12/2081/082,"Gauriganga Municipality, Chaumala Kailali",Maalika Maavi Chaumala Maa Chaar Kothe Vawan Nirman Kaarya,4675843.44,Works,NCB,In-Progress
RIDO/RUP/134/NCB/082-83/34RE,"Road Infrastructure Development office, Rupandehi","Upgrading of Mahjediya Dhala Dekhi Tarkulha hudai Masina jodne Sadak Lu Sa Na Pa -6 Ra 11, Rupandehi",2419152.66,Works,NCB,In-Progress
GGM/WORKS/NCB/13/2081/82,"Gauriganga Municipality, Chaumala Kailali",Khaptad Bahumukhi Campus Maa Savahall Nirman Kaarya,3936604.88,Works,NCB,In-Progress
TMGIP/SQ/082/83-01,"Terai Madhesh Groundwater Irrigation Program, Jawalakhel","Supply and Installation of Submersible Pump and Accessories, Dhanusha District",866455.96,Works,Sealed Quotation,In-Progress
FUDBC/Morang/Works/NCB/26-2082-085,"Federal Urban Development and Building Construction Office, Morang","Construction and Upgradation of Road works in Inaruwa-6 Halesi chowk, Mochi Tole to Jhakhanjhoda, Sunsari",21400463.19,Works,NCB,In-Progress
RIDO/RUP/134/NCB/082-83/35,"Road Infrastructure Development office, Rupandehi","Upgrading of (i) Marchawar E. Pra. Ka. Raypur Dekhi Amwa Jane Sadak & (ii) Amuwa Swastha Chauki Pokhari Dekhi Sanibarsha Hudai Madiya Jane Sadak, Marchawari Ga Pa, Rupandehi",3859270.99,Works,NCB,In-Progress
GGM/WORKS/SQ/26/2081/082,"Gauriganga Municipality, Chaumala Kailali",Furniture Construction works for the municipal assembly hall and the executive hall decorations,1237814.87,Works,Sealed Quotation,In-Progress
73-IDOKAVRE/2076/077,Infrastructure Development Office Kavrepalanchok,"Construction of Pingthali Rajabas charkilla tinkhutte devitar Ghartichhap Gokule Road, Mahabharat RM",258210316.78,Works,NCB,In-Progress
FRM/Sindhuli/Goods/SQ/02/082-83,"Fikkal Rural Municipality,","Supply and Delivery of Desktop, Laptop, Printer and Tab for Phikkal Rural Municipality and School.",1248085.00,Goods,Sealed Quotation,Completed
FUDBC/Morang/Works/NCB/27-2082-086,"Federal Urban Development and Building Construction Office, Morang","Constructuon and Upgradation of road works in Inaruwa-9 from Sukrabare Haat to Babiya yadav Tole, Sunsari",24041526.88,Works,NCB,In-Progress
CRM/ARG/NCB/W/07/082/83,Chhatradev Rural Municipality,Ward No 7 Baigaun Madelchaur Motorable Road Upgrading works,2856234.45,Works,NCB,In-Progress
FUDBC/Morang/Works/NCB/28-2082-087,"Federal Urban Development and Building Construction Office, Morang","Construction and Upgradation of Road works in Inaruwa Municipality-7 Brachhuwa Nahar, Chanbela Bhansari Mai to Khanar, Sunsari",22003418.76,Works,NCB,In-Progress
FUDBC/Morang/Works/NCB/29-2082-088,"Federal Urban Development and Building Construction Office, Morang",Construction and Upgradation of Road and drain work in Biratnagar Metropolitan city-18 from Kalabanjar tole to Satsang,24780868.36,Works,NCB,In-Progress
GGM/GOODS/NCB/04/2081/082,"Gauriganga Municipality, Chaumala Kailali",Procurement of Fabricated Steel Part for Kandra Bhagwanpur Suspension Bridge,1662473.54,Goods,NCB,Completed
BM/SQ/Works/TNT/14(Re)/082/83,"Bidur Municipality,Nuwakot",Om Construction,542130.48,Works,Sealed Quotation,In-Progress
GGM/WORKS/SQ/05/2081/082,"Gauriganga Municipality, Chaumala Kailali",Culvert Construction work at Badhaipur Sivir,696604.00,Works,Sealed Quotation,Completed
RIDO/RUP/134/NCB/082-83/47,"Road Infrastructure Development office, Rupandehi",Upgrading of Ramwapur chock dekhi Tapaha hudai Motipur chock samma sadak,2088321.18,Works,NCB,In-Progress
BM/SQ/Works/RFPN/15(Re)/082/83,"Bidur Municipality,Nuwakot",Riverside Fun Park Nirman Bidur 10,776104.71,Works,Sealed Quotation,In-Progress
FUDBC/Morang/Works/NCB/30-2082-089,"Federal Urban Development and Building Construction Office, Morang","Constructiona and Upgradation of different road section in Biratnagar Metropolitan city-14, Morang",21982204.71,Works,NCB,In-Progress
BM/SQ/Works/PKY/10(Re)/082/83,"Bidur Municipality,Nuwakot","Pipaltar Khanepani Yojana, Bidur 9",733651.46,Works,Sealed Quotation,In-Progress
BM/SQ/Works/SMBS/09(Re)/082/83,"Bidur Municipality,Nuwakot","School dekhi Manmohan Bisramsthal Sadak, Bidur 10",699674.00,Works,Sealed Quotation,In-Progress
104-IDOKAVRE/2079/080,Infrastructure Development Office Kavrepalanchok,Construction of Devitar Ghartichap Gokule Chhotesahan Bhorleni Road Mahabharat Ga.Pa- Kavre Chainage: 0+000 to 9+380 (Bankhu Khola to Jogidada) section.,397455018.77,Works,NCB,In-Progress
PoAHS/G/NCB-11/2082-83,Pokhara Academy of Health Sciences,Procurement of BP Set and Miscellaneous Medical Items,2315138.35,Goods,NCB,In-Progress
FUDBC/Morang/Works/NCB/31-2082-090,"Federal Urban Development and Building Construction Office, Morang",Construction and Upgradation of Drain and Road work from East-West of Kabitole at Biratnagar Metropolitan city-14,22171718.59,Works,NCB,In-Progress
BM/SQ/Works/ACIST/02(Re)/082/83,"Bidur Municipality,Nuwakot","Aamako Maya Chaatrabaas istrunnati shivalaya tole,Bidur-2",755513.00,Works,Sealed Quotation,In-Progress
RIDO/RUP/134/NCB/082-83/49,"Road Infrastructure Development office, Rupandehi","Upgrading of (i) Nawanamuna pathsadak ko star unnati Butwal-13 (ii) Sagarmatha path Butwal-13, Rupendehi & (iii) Tilottama Marga Kumari resort hudai Jane Bato Butwal-13",3490676.11,Works,NCB,Completed
PoAHS/G/NCB-10/2082-83,Pokhara Academy of Health Sciences,Procurement of Printing Items,2563099.90,Goods,NCB,In-Progress
RIDO/RUP/134/NCB/082-83/50,"Road Infrastructure Development office, Rupandehi",Upgrading of (i) Janajagriti tole Siyari muhan dekhi Pargati tole jodne tewa wall sahit sadak butwal 19 Ranibari & (ii) Sagarmathapath Starunnati tatha kalopatre Butwal Nagarpalika 14 Rupendehi,2639327.65,Works,NCB,In-Progress
IDOKAVRE/W/NCB/49/080/081,Infrastructure Development Office Kavrepalanchok,"Upgrading works of Kathmandu Kattike Churithumka Sipaghat Chautara Balefi Road ( Kavre Section), Mandandeupur Municipality, Chainage: 2+000 to 14+571",245083610.00,Works,NCB,In-Progress
FUDBC/Morang/Works/NCB/40-2082-091,"Federal Urban Development and Building Construction Office, Morang","Construction of Federal Water Supply and Sewerage Management Office's Building in Biratnagar, Morang",17444861.80,Works,NCB,In-Progress
FUDBC/Morang/Works/NCB/50-2082-092,"Federal Urban Development and Building Construction Office, Morang","Construction of School Building of Janak Aadharbhut Ma. Bi. in Biratnagar -18, Morang.",21197615.08,Works,NCB,In-Progress
IDOKAVRE/W/NCB/50/080/081,Infrastructure Development Office Kavrepalanchok,"Upgrading works on Janmukti Marg (Taaldhunga-Sikredovan-Jhurjhure Section), Khanikhola Gapa, Chainage: 0+000 to 4+000",101980373.23,Works,NCB,Completed
UDBO/ROLPA/ NCB/WORKS/01-2082/083,"Urban Development and Building Office, Rolpa",Lingdung Basti Bikas Karyakram Nirantarata Tribeni Ga.Pa. Rolpa,2304357.29,Works,NCB,In-Progress
UDBO/ROLPA/ NCB/WORKS/02-2082/083,"Urban Development and Building Office, Rolpa","Maikot Basti Bikas Putha Uttarganga-01, Rukumpurba",1820757.21,Works,NCB,In-Progress
UDBO/ROLPA/ NCB/WORKS/03-2082/083,"Urban Development and Building Office, Rolpa","Urban Infrastructure Development from District Police Office to Buspark, Sisne-05, Rukumpurba",1928643.70,Works,NCB,Completed
UDBO/ROLPA/ NCB/WORKS/04-2082/083,"Urban Development and Building Office, Rolpa","Upallo Arandekhi Khanara Rukh Maina Rukh Hudai Jiwan Jyoti Aabi Samma Basti Bikas, Sisne-5, Rukumpurba",1823407.25,Works,NCB,Completed
UDBO/ROLPA/ NCB/WORKS/05-2082/083,"Urban Development and Building Office, Rolpa","Putalachaur Basti Bikas, Pariwartan-5, Rolpa",5700593.52,Works,NCB,In-Progress
IDOKAVRE/W/NCB/51/081/82,Infrastructure Development Office Kavrepalanchok,"Upgrading Works on Janamukti Marga (Pingthali Bhumichuli Section), Roshi Rural Municipality.",33418644.75,Works,NCB,In-Progress
STIDH/G/NCB/06-082/083,"Sukraraj Tropical and Infectious Disease Hospital, Teku",Supply and Delivery of Stationery Items,2874849.39,Goods,NCB,In-Progress
UDBO/ROLPA/ NCB/WORKS/06-2082/083,"Urban Development and Building Office, Rolpa","Samudayik Bhaban Nirman Karya, Sisne-04 Rukumpurba",1854832.36,Works,NCB,In-Progress
UDBO/ROLPA/ NCB/WORKS/07-2082/083,"Urban Development and Building Office, Rolpa","Sahid Pratisthan Nepal, Jilla Shakha Rolpako Adhuro Bhawan Nirman, Rolpa-4, Rolpa",5162803.53,Works,NCB,In-Progress
UDBO/ROLPA/ NCB/WORKS/08-2082/083,"Urban Development and Building Office, Rolpa","Putha Sisne Pratisthan Adhuro Bhaban Nirman Karya Sisne,06 Rukumpurba",3765815.91,Works,NCB,In-Progress
27/NCB/TM/W/2082-83,"Tokha Municipality, Office of the Municipal Executive","Gairigaun Bhitri Sadak Istarunnati Ra Pani Factory Dekhi Sundarbasti samma Sadak Istarunnati, ward no-8",3179007.44,Works,NCB,In-Progress
STIDH/G/NCB/02-082/083,"Sukraraj Tropical and Infectious Disease Hospital, Teku",Supply and Delivery of Clothes Items,1119219.80,Goods,NCB,In-Progress
STIDH/G/NCB/07-082/083,"Sukraraj Tropical and Infectious Disease Hospital, Teku",Supply and Delivery of Cleaning Items and Chemicals,1959249.37,Goods,NCB,In-Progress
STIDH/G/NCB/08-082/083,"Sukraraj Tropical and Infectious Disease Hospital, Teku",Supply and Delivery of Printing Items,593125.00,Goods,NCB,In-Progress
STIDH/G/NCB/05-082/083,"Sukraraj Tropical and Infectious Disease Hospital, Teku",Supply and Delivery of Medical Oxygen Gas,1746000.00,Goods,NCB,In-Progress
SRM/NCB/W/15/2082/083,Sailung Rural Municipality,Bagkhor Porsab 2 no wada karyalaya sadak,9669985.74,Works,NCB,In-Progress
SRM/NCB/W/16/2082/083,Sailung Rural Municipality,Juge Dudhpokhari Kallabari Dase Khola Sadak,10362840.21,Works,NCB,In-Progress
SRM/NCB/W/17/2082/083,Sailung Rural Municipality,Deurali Kanle Sichai Yojana,1719768.71,Works,NCB,In-Progress
SRM/NCB/W/18/2082/083,Sailung Rural Municipality,Okharbot Katakuti Sichai Aayojana,11142214.03,Works,NCB,In-Progress
SRM/NCB/W/19/2082/083,Sailung Rural Municipality,Deurali Bagkhor Hudai 2 no wada karyalaya jane sadak Staronnati,3084944.98,Works,NCB,In-Progress
SRM/NCB/W/20/2082/083,Sailung Rural Municipality,Bhwangparne Dursa Sanrakshan Tatha Nirman,776362.26,Works,NCB,In-Progress
SRM/NCB/W/21/2082/083,Sailung Rural Municipality,Phasku Khanepani Aayojana,4202502.61,Works,NCB,In-Progress
BIP/WORKS/NCB-11/081/082,"Babai Irrigation Project, Baidi, Bardiya","Construction of Check Structures, Division Boxes and CAD Works in S1 Canal System",135576000.00,Works,NCB,In-Progress
SRM/NCB/W/22/2082/083,Sailung Rural Municipality,Khusmane Bi Ka Tole Botle BHurunga Gochet Khanepani Aayojana,6129995.58,Works,NCB,In-Progress
SRM/NCB/W/24/2082/083,Sailung Rural Municipality,Shailung Aadharbhut Swsthya Sewa Kendra(Proposed Shailung Hospital),9815417.27,Works,NCB,In-Progress
SRM/NCB/W/25/2082/083,Sailung Rural Municipality,Dharman Chhoiling Gumba,1453846.27,Works,NCB,In-Progress
FUDBC/Morang/Works/NCB/62-2082-093,"Federal Urban Development and Building Construction Office, Morang","Repair, Rehabilitation and Maintenance of Food Technology and Quality Control Office ""Khadya Prawidhi"" Buildings in Biratnagar, Morang damaged due to Gen-Z movement.",7165899.58,Works,NCB,In-Progress
GGM/GOODS/SQ/05/2081/082,"Gauriganga Municipality, Chaumala Kailali",Procurement of Humepipe of Different Sizes at Gauriganga Municipality,557090.00,Goods,Sealed Quotation,Completed
BIP/WORKS/NCB-13/081/082,"Babai Irrigation Project, Baidi, Bardiya",Canal lining and command area development works of S12 and B3S5-T4 Simara canal System,92159166.05,Works,NCB,In-Progress
BIP/WORKS/NCB-14/081/082,"Babai Irrigation Project, Baidi, Bardiya",Construction of B2 Branch Canal and related structures,136307127.11,Works,NCB,In-Progress
BIP/WORKS/NCB-15/081/082,"Babai Irrigation Project, Baidi, Bardiya","Command Area Protection Works with Embankment, Revetment and Launching at Left Bank of Babai River",72278843.22,Works,NCB,In-Progress
BIP/NCB-02/077/78,"Babai Irrigation Project, Baidi, Bardiya","Construction of RCC Drain and Associated Stuctures at Namuna Ma. Vi. near Dhodary branch of BIP, Madhuvan Na.Pa. -04",3046116.83,Works,NCB,In-Progress
SDO/SLY/W/NCB/01/2082/083,"Social Development Office, Salyan","Construction School Building of Shree Primary School Bangadh Kupinde-10, Thapachaur, Salyan",3038927.25,Works,NCB,In-Progress
BIP/NCB-06/077/78,"Babai Irrigation Project, Baidi, Bardiya",Maintenance of Canal and Canal Associated Structures at S-1 Canal System,2882562.17,Works,NCB,In-Progress
BIP/NCB-07/077/78,"Babai Irrigation Project, Baidi, Bardiya",Maintenance of Canal and Canal Associated Structures at S-2 Canal System,5974930.69,Works,NCB,In-Progress
BIP/NCB-08/077/78,"Babai Irrigation Project, Baidi, Bardiya",Maintenance of Canal and Canal Associated Structures at S-5 Canal System,1913780.36,Works,NCB,In-Progress
BIP/NCB-09/077/78,"Babai Irrigation Project, Baidi, Bardiya",Maintenance of Constructed Building at Mundagauri,1034277.94,Works,NCB,In-Progress
SDO/SLY/W/NCB/02/2082/083,"Social Development Office, Salyan","Construction School Building of Shree Siddheshwori Secondary School Bangadh Kupinde-12, Nigalchula, Salyan",4188029.44,Works,NCB,In-Progress
BIP/WORKS/NCB-12/081/82,"Babai Irrigation Project, Baidi, Bardiya",Command Area Devleopment Works in S1 and S5 Canal System,133541129.29,Works,NCB,In-Progress
BIP/NCB-12/077/78,"Babai Irrigation Project, Baidi, Bardiya","Command Area Protection Works at B2, Tinmukhe Gang Nala",2729637.36,Works,NCB,In-Progress
SDO/SLY/W/NCB/03/2082/083,"Social Development Office, Salyan","Construction School Building of Shree Saraswati Secondary School Triveni-05, Simka, Salyan",3063038.35,Works,NCB,Completed
SDO/SLY/W/NCB/04/2082/083,"Social Development Office, Salyan","Construction School Building of Shree Janakalyan Primary School Darma-01, Syalagaun, Salyan",3057112.06,Works,NCB,In-Progress
SDO/SLY/W/NCB/05/2082/083,"Social Development Office, Salyan","Construction School Building of Shree Laxmi Basic School Chhatreshwori-01, Jalekharka, Salyan",3370853.07,Works,NCB,In-Progress
BIP/NCB/P114/078/79,"Babai Irrigation Project, Baidi, Bardiya","Construction of Jharnaiya Khola Bridge, Duddha Barbardiya-8",52120290.28,Works,NCB,In-Progress
BM/SQ/Works/NTSP/16(Re)/082/83,"Bidur Municipality,Nuwakot","Nepal Tibet Sandhi Park Nirman Yojana, Bidur 10",1157494.00,Works,Sealed Quotation,In-Progress
SDO/SLY/W/NCB/06/2082/083,"Social Development Office, Salyan","Construction School Building of Shree Prabhakar Secondary School Bangadh Kupinde-01, Devasthal, Salyan",2919673.96,Works,NCB,In-Progress
SDO/SLY/W/NCB/07/2082/083,"Social Development Office, Salyan","Construction Incomplete School Building of Shree Aadharbhut School Kumakh -05, Neta, Salyan",3461668.73,Works,NCB,In-Progress
BM/SQ/Works/BNSB/11(Re)/082/83,"Bidur Municipality,Nuwakot","Bandre bata Nuwakot jane Sidhi Bato Nirman Karya, Bidur 1",1446560.00,Works,Sealed Quotation,In-Progress
SDO/SLY/W/NCB/08/2082/083,"Social Development Office, Salyan","Construction School Building of Shree Krishna Secondary School Bangadh Kupinde -07, Sanghrahi, Salyan",4906673.49,Works,NCB,In-Progress
BM/SQ/Works/PANSS/06(Re)/082/83,"Bidur Municipality,Nuwakot","Pusuntar Aamchaur Nibuwachaur Jane Sadak Staronnati Karya, Bidur 3",494355.09,Works,Sealed Quotation,In-Progress
SDO/SLY/W/NCB/09/2082/083,"Social Development Office, Salyan","Construction Building of Sejawaltakura Health Post Sharada-04, Salyan",6798257.54,Works,NCB,In-Progress
SDO/SLY/W/NCB/10/2082/083,"Social Development Office, Salyan","Construction of Badminton Covered Hall Bagchaur -02, Salyan",3302209.60,Works,NCB,In-Progress
BM/SQ/Works/BSSK/03(Re)/082/83,"Bidur Municipality,Nuwakot","Bhairamkot Sahari Swasthya Kendra Sudhridikaran, Bidur 8",720533.00,Works,Sealed Quotation,In-Progress
SDO/SLY/W/NCB/11/2082/083,"Social Development Office, Salyan","Construction Building of Sahari Swasthya Kendra Bagchaur -09, Chakhledanda, Salyan",3470810.77,Works,NCB,In-Progress
GGM/WORKS/NCB/13/2078/79,"Gauriganga Municipality, Chaumala Kailali","Ward Karyalaya Jane Sadak Kalopatre Gauriganga-04, Kailali",2031069.33,Works,NCB,In-Progress
BM/SQ/Works/RMBS/08(Re)/082/83,"Bidur Municipality,Nuwakot","Radhakrishna Mandir Bhitra Bhawan Staronnati Karya, Bidur 9",844736.44,Works,Sealed Quotation,In-Progress
PRM/NCB/ROAD/13/082-083,"Panchakanya Rural Municipality, Nuwakot",Upgrading work of Kalchhe Thanti Kahakala Road,2294224.08,Works,NCB,Completed
BM/SQ/Works/KKSS/13(Re)/082/83,"Bidur Municipality,Nuwakot","Keurini Khinchet Sadak Staronnati, Bidur 8",776172.00,Works,Sealed Quotation,Completed
RIDO/RUP/134/NCB/082-83/36,"Road Infrastructure Development office, Rupandehi","Upgrading of (i) Charpala Koleni Sadak starunnati, Butwal-12 Tamnagar, (ii) Satgadhi tole Khubu Khuma path sadak nirman, Butwal-12, (iii) Nayansingkaran path Salghari sadk jodne yojana Butwal 13",3481802.02,Works,NCB,Completed
PRM/ROAD/02/082-083,"Panchakanya Rural Municipality, Nuwakot",Blacktopping work Of Ghalebhanjyang Dekhi Gaunpalika Office samma Road,8758832.74,Works,NCB,In-Progress
RIDO/RUP/134/NCB/082-83/38,"Road Infrastructure Development office, Rupandehi","Upgrading of (i) Purwa Paschim Rajmarga Danab nadiko Chamkipur Pul samma Didibhai sadak nirman Butwal-12, (i) Darlami Path nali sahit sadak nirman, Butwal-13",4601640.90,Works,NCB,In-Progress
11-MM/KPIL/RD/Works/082/083,Maharajganj Municipality,Shivbhari Culvert ko Dachin Dhekhi Bharat Simana Samma Sadak Stharunnati,23089556.16,Works,NCB,In-Progress
RIDO/RUP/134/NCB/082-83/39,"Road Infrastructure Development office, Rupandehi","Upgrading of (i) Saptahik Krishi Hatbazar Bangai dekhi Karnagsing babako Etihasik mandir hudai Butwal Upa. Mahanagarpalika 16 mini Phewatal jodne sadak, Suddodan-2, Rupanehi, (ii) Suddodan Ward no 4",5189644.03,Works,NCB,In-Progress
STIDH/G/NCB/09-082/083,"Sukraraj Tropical and Infectious Disease Hospital, Teku",Supply and Delivery of Rasan Goods,3860193.00,Goods,NCB,In-Progress
PRM /DWS/03/082-083,"Panchakanya Rural Municipality, Nuwakot","Sahid smarak paryatakiya park tatha khelmaidan ra aaspaska bastiharuma brihat khanepani yojana , panchakanya-4",4612377.30,Works,NCB,In-Progress
WRIDDB/NCB/CKISP/22/081-82,"Water Resource and Irrigation Development Division office, Banke",WRIDDB/NCB/CKISP/22/081-82,14313799.01,Works,NCB,In-Progress
STIDH/Services/NCB/01-082/083,"Sukraraj Tropical and Infectious Disease Hospital, Teku",Supply & Delivery of Cleaning Service Manpower,14292568.69,Other Services,NCB,In-Progress
RIDO/RUP/134/NCB/082-83/40,"Road Infrastructure Development office, Rupandehi","Upgrading of (i) Srijananagar Shasastra Prahari Gana Ranigung hudai Magarghat jodne sadak, Butwal-11, (ii) Ranigunj Nayabasti Janashakti Ma.Vi. Ko Agadiko sadak nirman Butwal 17 Rupandehi",5400002.05,Works,NCB,Completed
PRM/GOODS/04/082-083,"Panchakanya Rural Municipality, Nuwakot",Supply and delivery of Veterinary Medicines for panchakanya rural municipality,469090.00,Goods,NCB,Completed
BIP/WORKS/NCB-09/081/082,"Babai Irrigation Project, Baidi, Bardiya",Construction of Cross Drainage Structures and Command Area Development(CAD) Works at B1 Canal System,110259987.75,Works,NCB,In-Progress
RIDO/RUP/134/NCB/082-83/41,"Road Infrastructure Development office, Rupandehi","Upgrading of (i) Yatayat Byabastha Karyalaya (sawari ebam sawari anumati patra) pahunch marga, Butwal-13, Rupandehi, (ii) Rastriya chock dekhi Shanti chock jodne 30 foote sadakma nali sahitko kalopatr",7327539.58,Works,NCB,Completed
PRM/GOODS/05/082-083,"Panchakanya Rural Municipality, Nuwakot",Procurement of supply and delivery of Medicines for Basic and Emergency Health Services,697350.70,Goods,NCB,Completed
BIP/WORKS/NCB-10/081/082,"Babai Irrigation Project, Baidi, Bardiya","Command Area Development Works in S6, S7 and S8 Canal System",97291706.12,Works,NCB,In-Progress
RIDO/RUP/134/NCB/082-83/42,"Road Infrastructure Development office, Rupandehi",Upgrading of Shree No 22 Bahini Adda Ramnagar Byarek Butwal Parisar Sadak Starunnati,2082586.73,Works,NCB,Completed
PRM/ROAD/06/082-083,"Panchakanya Rural Municipality, Nuwakot","Upgrading work of Budhisera -Phurkesalla - Newarpani-Soramane Hudai Gaupalika Karyalaya jodne Sadak, Ward no 5",11572051.92,Works,NCB,In-Progress
BIP/WORKS/NCB-08/081/082,"Babai Irrigation Project, Baidi, Bardiya",Construction of Cross Drainage Structures and Command Area Development(CAD) Works at Budhan (B1) Canal System,124058300.00,Works,NCB,In-Progress
BIP/WORKS/NCB-17/081/082,"Babai Irrigation Project, Baidi, Bardiya",Command Area Protection (CAP) Works at Left Bank of Bhada River (D/S of Bhada Bridge),58593948.04,Works,NCB,In-Progress
STIDH/G/NCB/03-082/083,"Sukraraj Tropical and Infectious Disease Hospital, Teku",Supply and Delivery of Medical and Surgical Goods,16531.90,Goods,NCB,Completed
PRM/DW/07/082-083,"Panchakanya Rural Municipality, Nuwakot","Sahid smarak paryatakiya park tatha khelmaidanko lagi khanepani bybasthapan, Ward no 4",2471394.93,Works,NCB,Completed
BIP/WORKS/NCB-20/081/082,"Babai Irrigation Project, Baidi, Bardiya","Remaining Command Area Development works at B2,B4,B3S5 and S12 Canal Systems",71200281.76,Works,NCB,In-Progress
PRM/DW/08/082-083,"Panchakanya Rural Municipality, Nuwakot","Purano gaunpalikako karyalaya, ilaka prahari karyalaya, Panchakanya dush shaiyako aspatal, Purano prahari chauki tolema khanepani, Ward no 3",3147267.22,Works,NCB,In-Progress
BM/NCB/Works/BCPS/13/082/83,"Bidur Municipality,Nuwakot","Building Construction of Prithvi Secondary School, Bidur 4",4423312.95,Works,NCB,In-Progress
STIDH/G/NCB/04-082/083,"Sukraraj Tropical and Infectious Disease Hospital, Teku",Supply and Delivery of Lab Reagents and Accessories/Item wise,1682707.86,Goods,NCB,Completed
BM/W/NCB/082/083/02,Besisahar Municipality,Bhotephant-Khasurbesi-Khasur Road Upgrading Works,6252970.04,Works,NCB,Completed
BIP/NCB/P89/077/078,"Babai Irrigation Project, Baidi, Bardiya",Command Area/Bank Protection Works For western Main canal at Dhungrahi,48190673.84,Works,NCB,In-Progress
PRM/ROAD/09/082-083,"Panchakanya Rural Municipality, Nuwakot","Upgrading work Of Todkebhanjyang Mangala Ma.Vi Satbise Road, Ward no 4",10665070.93,Works,NCB,In-Progress
STIDH/G/NCB/01-082/083,"Sukraraj Tropical and Infectious Disease Hospital, Teku",Supply and Delivery of Medicine & Surgical Item for Hospital Pharmacy (Item wise),10307973.00,Goods,NCB,In-Progress
UDBOP-NCB-082/83-15,"Urban Development and Building Office, Palpa","Road Upgrading Work at Dhikidada-Nunthala (Resunga-13) and Balkot-Atrakada Resunga-6) ,Gulmi",2446141.24,Works,NCB,Completed
BM/W/NCB/082/083/01,Besisahar Municipality,CONSTRUCTION OF ROADS UNDER PACKAGE (Besishahar Municipality ward 8 to 10 Road & Bhachok Khola to Khanche Road),5516450.48,Works,NCB,In-Progress
BM/NCB/Works/RPP/15/082/83,"Bidur Municipality,Nuwakot","Road Package (9 Roads) Rigid Pavement at Bidur 5, Nuwakot",4400214.00,Works,NCB,In-Progress
BIP/NCB/P120/078/79,"Babai Irrigation Project, Baidi, Bardiya",Command Area Protection Works at Dhungrahawa of WMC,74005310.95,Works,NCB,In-Progress
BM/SQ/Works/SSKS/01/082/83,"Bidur Municipality,Nuwakot","Sahari Swasthya Kendra Sudridhikran, Bidur 4, Nuwakot",988882.00,Works,Sealed Quotation,In-Progress
142/081/082,Krishi Samagri Company Limited,"Supply And Delivery Of 30,000(±2%) MT Chemical Fertilizer (DAP 18-46-0)",3530061480.00,Goods,ICB,Completed
BM/SQ/Works/TKNS/07(Re)/082/83,"Bidur Municipality,Nuwakot","Tarkari Sankalan Kendra Hudai Nuwakot Jodne Bato Staronnati Karya, Bidur 2",572098.90,Works,Sealed Quotation,In-Progress
BIP/NCB/P94/077/78,"Babai Irrigation Project, Baidi, Bardiya",River Training Works at Left Side of Babai River (Dhungrahi/Pahadipur),34562844.00,Works,NCB,In-Progress
RIDO/RUP/134/NCB/082-83/51,"Road Infrastructure Development office, Rupandehi",Upgrading of Dui Muhaan Betkuiya Rohinihawa Bangai Hudai Karauta Sadak,2174870.35,Works,NCB,In-Progress
BIP/NCB/P115/078/79,"Babai Irrigation Project, Baidi, Bardiya","Construction of different canal associated structures in Majhara, Budhan and S-5 canal system, Barbardiya Nagarpalika ward no.1, 2, 3, 4 and 8",52100145.00,Works,NCB,In-Progress
BIP/WORKS/NCB-01/080/081,"Babai Irrigation Project, Baidi, Bardiya",Western Main canal Extension (Ch 27+975 to Ch 32+000) and Command Area Development Works,946940205.00,Works,NCB,In-Progress
BIP/WORKS/NCB-04/081/082,"Babai Irrigation Project, Baidi, Bardiya",Construction of Western Main Canal and related canal structures (Ch 32+000 to 41+100) and Command Area Development (CAD) Works,1524635503.00,Works,NCB,In-Progress
RIDO/RUP/134/NCB/082-83/52,"Road Infrastructure Development office, Rupandehi","Upgrading of (i) Ganpariya Gaundekhi Adhiyajane Sadak & (ii) Ganpariya Dekhi Chirpurwa Belwadi Dhupahi Apuro Sadak Kalo Patre, Lu Sa Na Pa, Rupandehi",3319320.71,Works,NCB,In-Progress
BM/SQ/Works/CKMS/12(Re)/082/83,"Bidur Municipality,Nuwakot","Chinne dekhi Khanigaaun Niskane Motarbaato Staronnati, Bidur-10.",610072.00,Works,Sealed Quotation,In-Progress
BIP/WORKS/NCB-16/081/082,"Babai Irrigation Project, Baidi, Bardiya",Command Area Development Works of S-11 to S-16 and B2S1 Canal System,87589730.00,Works,NCB,In-Progress
BM/SQ/Works/KKSS/04/082/83,"Bidur Municipality,Nuwakot",Kutiko Chautaaro dekhi Krishna Mandir jodne Sadak Staronnati,987612.00,Works,Sealed Quotation,Completed
BM/NCB/Works/BSPS/12/082/83,"Bidur Municipality,Nuwakot",Nuwakot Jilla Bidur 8 Hattigauda Shree Bhairum Madhyamik Bidhyalaya Parisarma Purwadhar Staronnati Karya,1693595.00,Works,NCB,In-Progress
CHPP-2079/80-EW-05,Chilime Hydropower Company Limited,"Design, Supply, Delivery, Installation and Testing of Fiber Optic Based Communication Equipment at 132 KV New Khimti Substation, Ramechhap",8340530.00,Goods,NCB,Completed
01-01-082-83-NCBW-HRM,Helambu Rural Municipality,"Construction of compound infrastructure at Helambu Bodhisattva Model School, Helambu-06",2291027.07,Works,NCB,Completed
RIDO/RUP/134/NCB/082-83/53,"Road Infrastructure Development office, Rupandehi","Upgrading of Kothi Nadi Dekhi Pachchis Bagiya Ahirauli Hudai Haraiya Samma Sadak, Gaidahawa-1, Rupandehi",2382640.80,Works,NCB,Completed
RIDO/RUP/134/NCB/082-83/54,"Road Infrastructure Development office, Rupandehi","Upgrading of (i) Mahubaridekhi Semarako Pulsamma Siyari-2 Jodne Sadak & (ii) Mahubari Jhulunge Puldekhi Bangai Gau Hudai Lumbini Jane Main road Jodne sadak, Rupandehi",3279246.28,Works,NCB,In-Progress
BIP/WORKS/NCB-18/081/082 (Re),"Babai Irrigation Project, Baidi, Bardiya",Command Area Protection Works using Innovative River Technology (Fabric Form Concrete) at Left Bank (D/S of Bhada River Bridge) of Bhada River,49459266.62,Works,NCB,In-Progress
MMSI/WORKS/NCB/2082-83/15,Melamchi Municipality Office,Construction of Integrated Tourism Infrastructure at Bhotechaur,12441926.84,Works,NCB,In-Progress
RIDO/RUP/134/NCB/082-83/55,"Road Infrastructure Development office, Rupandehi","Suryapura Bazar Apuro Sadak Nali Nirman Gaidahawa-6, Rupandehi",2967329.43,Works,NCB,In-Progress
BIP/WORKS/NCB-19/081/82,"Babai Irrigation Project, Baidi, Bardiya",Command Area Development and Protection Works in EMC System Including Construction of Gulara Bridge and Maintenance of Babai Headworks,124264900.50,Works,NCB,In-Progress
CHPP-2080/81-EW-03,Chilime Hydropower Company Limited,Supply and Delivery of Oil Moisture Meter(Analyzer) at Chilime Hydropower Plant.,632800.00,Goods,Sealed Quotation,Completed
RIDO/RUP/134/NCB/082-83/56,"Road Infrastructure Development office, Rupandehi","Upgrading of (i) Dui Muhaan Pul Dekhi dekhi Sipawa Samma Sadak Kalopatre & (ii) Paraspurdekhi Bogdiya Hudai Lumbini Jodne Sadak Kotahimai-1, Rupandehi",2007572.76,Works,NCB,In-Progress
RIDO/RUP/134/NCB/082-83/82,"Road Infrastructure Development office, Rupandehi","Upgrading of (i) Saljhandi tali Bhajana Kranti Chowk Road, Kanchan-01, Rupandehi, (ii) Samudiyak tole dekhi Dhamin tal Khanipani Tarpha Jani sadak, Kanchan-3, Rupandehi",2420227.92,Works,NCB,In-Progress
RIDO/RUP/134/NCB/082-83/57,"Road Infrastructure Development office, Rupandehi","Upgrading of (i) Gonaha Trilokpur Maryadpur Sima Sadak Kotahimai Ra Mayadevi Pahuch Marga & (ii) Maryadpur Kudsar Gonahiya Manglapur Kotahimai Ra Mayadevi Ga Pa Pahuch Marga , Rupandehi",2380742.26,Works,NCB,Completed
RIDO/RUP/134/NCB/082-83/83,"Road Infrastructure Development office, Rupandehi","Upgrading of (i) Purbi Kachera to Belbhariya Adhurosadak Kalopatre Kanchan-1, Rupandehi (ii) Lumbini sadak dekhi Hawaldar ko ghar samma Nala Sahit Sadak kalopatre, Kanchan-01, Rupandehi",3241763.59,Works,NCB,In-Progress
JRM/WORK/NCB/01/2082/83,Jantedhunga Rural Municipality,Gaunpalika Jane Bato Dhalan,5913734.27,Works,NCB,Completed
JRM/WORKS/NCB/01/2082/83,Jantedhunga Rural Municipality,Gaunpalika Jane Bato Dhalan,5913734.27,Works,NCB,In-Progress
RIDO/RUP/134/NCB/082-83/58,"Road Infrastructure Development office, Rupandehi",Uprading of (i) Mayadevi 1 Dhamauli Chowk Dekhi Kachkachahawa Chowk Samma Bato Kalo Patre & (ii) Mahajidiya Dhamauli Suryapura Sadak,4054650.25,Works,NCB,In-Progress
CHPP-2079/80-EW-06,Chilime Hydropower Company Limited,"Supply, Delivery, Installataion, Testing & Commissioning of ADSS Optical Fiber Cable with Accessories at Syafrubensi, Rasuwa",3567550.00,Goods,NCB,Completed
RIDO/RUP/134/NCB/082-83/59,"Road Infrastructure Development office, Rupandehi","Upgrading of Rohini Ga.Pa.-04,Hulaki sadak Semrahawa dekhi Uttar Bagaicha Kutti samma Culvert Rupandehi.",1831519.29,Works,NCB,In-Progress
RIDO/RUP/134/NCB/082-83/84,"Road Infrastructure Development office, Rupandehi","Upgrading of (i) Construction of Culvert at Shanti Tole Dekhi Adhakari ko Ghar Hundai Chaupari Jani Road, Sainamaina-7 & (ii) Construction of Culvert at Shanti Tole Dekhi Chaupari Jani Road, Sainamain",2699494.42,Works,NCB,In-Progress
RIDO/RUP/134/NCB/082-83/60,"Road Infrastructure Development office, Rupandehi","Upgrading of (i) Aadarsha Tol Sadak Kalopatre Mauwari Tilottama 11 Rupandehi, (ii) Jamuhani Bhaddu Companybata Dakshin Tarfako Sadak Kalopatre Ti.Na.Pa 11 Rupandehi & (iii) Siddhartha Path Tilottama 0",3660957.05,Works,NCB,Completed
RIDO/RUP/134/NCB/082-83/61,"Road Infrastructure Development office, Rupandehi","Upgrading of (i) Adhuro Samayamai Pathma Nala Ra Sadak Nirman Karya Si.Na.Pa.04, (ii) Adhuro Udhogpuri TinKanya Pathma Nala Ra Sadak Nirman Karya Si.Na.Pa.04 & (iii) Adhuro Yojana Udhogpuri Madhav Gir",4160369.09,Works,NCB,In-Progress
RIDO/RUP/134/NCB/082-83/85RE,"Road Infrastructure Development office, Rupandehi",Upgrading of 10 No Chaupari Hudai Uttartarf DinganagarJane Bato Sadak Ti.Na.Pa 04,3055799.42,Works,NCB,In-Progress
RIDO/RUP/134/NCB/082-83/62,"Road Infrastructure Development office, Rupandehi","Upgrading of (i) Bihuli Gaundekhi Paschim Boring Samma Sadak Staronnati Tilottama 16 Rupandehi, (ii)Babaliya Danda Durga Mandir Dekhi Gangoliya Gaun Samma Kalopatre Tilottama 17 & (iii) Tilottama 15 H",4024704.84,Works,NCB,In-Progress
JRM/WORK/NCB/02/2082/83,Jantedhunga Rural Municipality,Chisapani Bajar Dhalan,10442033.05,Works,NCB,In-Progress
RIDO/RUP/134/NCB/082-83/63,"Road Infrastructure Development office, Rupandehi",Upgrading of (i) Bindabasini Marga Tilottama 8 & 7 Jodne Sadak Nala Nirma Sahit Kalopatre & (ii) Darshan Path Kalopatre Darsan Tol Tilottama 08,1730395.34,Works,NCB,In-Progress
RIDO/RUP/134/NCB/082-83/86,"Road Infrastructure Development office, Rupandehi",Upgrading of Bankatti Birbahadurko Gharko Agadi Chowk Dekhi Gaifarm Hudai Tikuligadh Jane Sadak Kalopatre Ti.Na.Pa 14,3277144.52,Works,NCB,In-Progress
SRNRP/3371984-2073/74-24,Seti Rajmarga (Northern Section) Chainpur Taklakot Road Project,"Roadway Excavation Construction of Road Structure along Chainpur- Taklakot -Road, Bajhang District",856809751.62,Works,NCB,In-Progress
APF/NCB Works/APF No. 9 Bde HQs /082/083-001,"Armed Police Force, Nepal No.9 Pashupatinath Brigade HQS",APF/NCB Works/APF No. 9 Bde HQs /082/083-001,9218561.09,Works,NCB,In-Progress
RIDO/RUP/134/NCB/082-83/87,"Road Infrastructure Development office, Rupandehi",Upgrading Mangalpur Ragargunj Sadak Staronnati (ii) Naya Path Jit Bahadur Tharuko Ghardekhi Dakshin Chamkipur Jodne Sadak Staronnati Tilottama 14 (iii) Ti.Na.Pa.14 Antargat jitpur Dakshin Tol Jane Sad,3365621.61,Works,NCB,In-Progress
JRM/WORK/NCB/04/2082/83,Jantedhunga Rural Municipality,Jantedhunga Gaunpalika Khanepani Aayojana-04,11133352.49,Works,NCB,In-Progress
SRRP/3373204/074-75/03,Seti Rajmarga (Northern Section) Chainpur Taklakot Road Project,Construction of Prestressed Bridge over kali Pacchhai River along Seti Rajmarg,60611684.39,Works,NCB,In-Progress
JRM/WORK/NCB/05/2082/83,Jantedhunga Rural Municipality,Pakki Bhawan Mathi Truss Chhana Sahit(Shiksha Niketan ra Shiksha Jyoti Ma. Bi.) Ward No.-1,1364613.69,Works,NCB,In-Progress
SRRP/3373204/074-75/04,Seti Rajmarga (Northern Section) Chainpur Taklakot Road Project,Construction of Prestressed Bridge over over Bidigad along Seti Rajmarg,53067914.14,Works,NCB,In-Progress
JRM/WORK/NCB/03/2082/83,Jantedhunga Rural Municipality,Gaunpalika Prashaskiya Bhawanma Truss Sahit Hall Nirman,2176465.08,Works,NCB,In-Progress
JRM/WORK/NCB/06/2082/83,Jantedhunga Rural Municipality,Gaunpalika Sauchalaya Nirman Ra Porano Bhawan Marmat Sahit Kosheli Ghar Sampanna,2702670.03,Works,NCB,In-Progress
SRNRP/337011224/081/82-01,Seti Rajmarga (Northern Section) Chainpur Taklakot Road Project,Rayal Bridge River Training works in Rayal Bajhang,3998024.75,Works,NCB,Completed
SRNRP/337011694/081/82-02,Seti Rajmarga (Northern Section) Chainpur Taklakot Road Project,Black Top and structure work along Mauribagar-Durgathali Road Bajhang,11385000.00,Works,NCB,In-Progress
SRNRP/337011694/081/82-05,Seti Rajmarga (Northern Section) Chainpur Taklakot Road Project,"Structure Works along Daatola – Bagidigun – Dahakot Road Talkot, Bajhang",5183256.86,Works,NCB,Completed
SRNRP/337011694/081/82-03,Seti Rajmarga (Northern Section) Chainpur Taklakot Road Project,"Upgrading and Structure Works at Chainpur – Dhamilek – Suil - Mayana Road , Bajhang",4876198.61,Works,NCB,Completed
JRM/GOOD/NCB/01/2082/83,Jantedhunga Rural Municipality,Phusko Chhano Visthapan Karyakram,7760936.27,Goods,NCB,Completed
SRNRP/337011694/081/82-04,Seti Rajmarga (Northern Section) Chainpur Taklakot Road Project,"Roadway Excavation and Structures Works along Lachigad - Batali – Manakot Road, Bajhang",4970965.53,Works,NCB,Completed
SRNRP/337011694/081/82-06,Seti Rajmarga (Northern Section) Chainpur Taklakot Road Project,"Track Opening and Structure At Jadlek –Dhalaun – Kanda Road, Bajhang",5513618.80,Works,NCB,Completed
SRNRP/337011264/081/82-07,Seti Rajmarga (Northern Section) Chainpur Taklakot Road Project,Road Improvement works along seti rajmarg chainpur- Taklakot Road Section (Ch.0+000 Bhopur to 4 +830)Bajhang,1399915640.42,Works,NCB,In-Progress
15-ROAD-IDO-PAN-075/76,"Infrastructure Development Office, Taplejung, Koshi Province",Upgrading of Gufa-Bhuje-Deurali-Gorja-Change-Dovan Road,466977572.34,Works,NCB,In-Progress
IDO/TPJ/WORKS/ROAD/NCB-13/082/83,"Infrastructure Development Office, Taplejung, Koshi Province","Upgrading of Phungling (Tokmendanda) Nangkholyang Thechambu Road, Phungling Municipality, Taplejung",231770395.53,Works,NCB,In-Progress
BIP/WORKS/NCB-21/081/82,"Babai Irrigation Project, Baidi, Bardiya",Command Area Development Works in S8 Canal System,12992466.67,Works,NCB,In-Progress
IDO/TPJ/WORKS/ROAD/NCB-05/082/83,"Infrastructure Development Office, Taplejung, Koshi Province","Construction of Dhangdhange Hengkhabung Samma ko Motar Bato, Sidingwa-6, Taplejung",2770023.75,Works,NCB,In-Progress
IDO/TPJ/WORKS/ROAD/NCB-06/082/83,"Infrastructure Development Office, Taplejung, Koshi Province","Construction of Mitlung Malbase Hudai Chyane pakha Sogira Nepalbari Bungkulung sadak, Phungling-10, Taplejung",2576488.51,Works,NCB,In-Progress
PRM/NCB/G/10/082-083,"Panchakanya Rural Municipality, Nuwakot",Supply and Delivery of HDPE Pipe (PE-100) -(Confirming to NS 40:2079) for Panchakanya Rural Municipality,1849424.80,Goods,NCB,Completed
PRM/NCB/BLDG/11/082-83,"Panchakanya Rural Municipality, Nuwakot",Construction Work of 1 & 5 Ward Office Building,5690906.15,Works,NCB,In-Progress
PRM/NCB/ROAD/12/082-083,"Panchakanya Rural Municipality, Nuwakot",Upgrading work of Salghari Kankeshwori Road,1826256.95,Works,NCB,In-Progress
PRM/NCB/BLDG/14/082-083-Re,"Panchakanya Rural Municipality, Nuwakot","Bhadrutar Swasthya Chauki Sudhridikaran, Panchakanya-05, Re",894554.04,Works,NCB,In-Progress
PRM/NCB/DW/15/082-083,"Panchakanya Rural Municipality, Nuwakot","Bangesingh Muhan Dadathok Thatibhanjyang Khanepani Aayojana, Panchakanya-02",2287859.43,Works,NCB,In-Progress
IWRMP/NCB/Works/06-2082/083,"Irrigation and Water Resources Management Project, Mahendranagar, Kanchanpur",Mahakali River Training works,9235695.86,Works,NCB,Completed
IDO/TPJ/WORKS/ROAD/NCB-07/082/83,"Infrastructure Development Office, Taplejung, Koshi Province","Construction of Uphibung kafle Chautara Neruwa Aasanklung Aa. Bi. Samtong Sadak, Mewakhola-06,Taplejung",3312000.00,Works,NCB,Completed
IDO/TPJ/WORKS/ROAD/NCB-08/082/83,"Infrastructure Development Office, Taplejung, Koshi Province","Construction of Lekuwa Dekhi Madan Bhandari Janma Ghar Samma ko Sadak, Maiwakhola-2, Taplejung",3017069.75,Works,NCB,Completed
IDO/TPJ/WORKS/ROAD/NCB-09/082/83,"Infrastructure Development Office, Taplejung, Koshi Province","Construction of RCC Stair From Pipuma to Tallo Pul to Mathillo Deurali, Meringden-06, Nalbo,Taplejung",1568113.00,Works,NCB,Completed
IDO/TPJ/WORKS/ROAD/NCB-10/082/83,"Infrastructure Development Office, Taplejung, Koshi Province","Upgrading of Raankebagar-Saangadin-Ekchana Bhanjyang Road, Sirijangha-07, Taplejung",2080167.16,Works,NCB,Completed
IDO/TPJ/WORKS/ROAD/NCB-11/082/83,"Infrastructure Development Office, Taplejung, Koshi Province","Upgrading of Aamebung Mamankhe Mungadanda Sadak, Phaktalung-2, Taplejung",1905556.74,Works,NCB,Completed
IDO/TPJ/WORKS/BUILDING/NCB-12/082/83,"Infrastructure Development Office, Taplejung, Koshi Province","Construction of New Building of Shree Janakalyan Primary School, Phungling Municipality-10, Mayam",1992597.67,Works,NCB,Completed
IDO/TPJ/WORKS/BUILDING/NCB-14/082/83,"Infrastructure Development Office, Taplejung, Koshi Province","Upgrading of Sarswati Secondary School Playground, Aathrai Tribeni-03, Taplejung",3473306.21,Works,NCB,Completed
UDBOP-NCB-082/83-16,"Urban Development and Building Office, Palpa","Settle Development Work at Kachal, (Tinau-1) and Bagaha-Rani Jharana ,(Tinau-2),Palpa",1697773.73,Works,NCB,Completed
UDBOP-NCB-082/83-17,"Urban Development and Building Office, Palpa","Settle Development Work at Sahakari path-Bhuladi Khola-Suryoday Marga (Rampur-5) and Beruwa-Chuchedada (Tinau-3), Palpa",2847965.33,Works,NCB,In-Progress
IDO/TPJ/WORKS/ROAD/SQ-01/082/83,"Infrastructure Development Office, Taplejung, Koshi Province","Improvement of Aathrai Tribeni Gaurabko Sadak -Khudumbu-Wada Karyalay Road,",602094.38,Works,Sealed Quotation,Completed
UDBOP-NCB-082/83-18,"Urban Development and Building Office, Palpa","Settle Development Work at Ratchaur-ramche-Devisthan Mavi-Sindukha (Ishma-2) , Maidana-Dadathok-DallePipal(Satyawati-6) and Urlemi-Chapakor-Deurali-Tolakot (Kaligandaki-6),Gulmi",3430188.87,Works,NCB,Completed
IDO/TPJ/WORKS/ROAD/SQ-02/082/83,"Infrastructure Development Office, Taplejung, Koshi Province","Improvement of Lapsibote-Malbanse-Devithan Road, Aathrai Tribeni Rural Municipality-04, Taplejung",462582.26,Works,Sealed Quotation,Completed
UDBOP-NCB-082/83-19,"Urban Development and Building Office, Palpa","Urban Infrastructure Development Work at Kumal Gau-Nakati(Malika-6), Road Upgrading Work at Harpukot-Maldi-Chisapani(Ishma-1),Koreli-Dewarkot-Thulapadhera(Ishma-2) and Jharana-Amlechur-Darlamchaur (Is",4473540.57,Works,NCB,Completed
IDO/TPJ/WORKS/ROAD/SQ-03/082/83,"Infrastructure Development Office, Taplejung, Koshi Province","Improvement of Adhere-Aarubore-Chauki Danda Road, Aathrai Tribeni Rural Municipality-02, Phulbari, Taplejung",594042.00,Works,Sealed Quotation,Completed
IDO/TPJ/WORKS/ROAD/SQ-04/082/83,"Infrastructure Development Office, Taplejung, Koshi Province","Improvement of Sirise-Satighat Road, Aathrai Tribeni Rural Municipality-05, Taplejung",553273.63,Works,Sealed Quotation,Completed
UDBOP-NCB- 082/83-20,"Urban Development and Building Office, Palpa","Urban Infrastructure Development Work at Shringa-Deurali-Bhalupani-numchha (Chhatrakot-3), Swamiko rukha-Barpipal (Chhatrakot-5),Road Upgrading Work at Chiniapokhari-Belpokhara-Fedi(Gulmidarbar-6) and",3737866.64,Works,ICB,Completed
IDO/TPJ/WORKS/ROAD/SQ-05/082/83,"Infrastructure Development Office, Taplejung, Koshi Province","Improvement of Thupejung Danda-Juketar-Nagi Danda Road, Aathrai Tribeni Rural Municipality-03, Taplejung",647188.16,Works,Sealed Quotation,Completed
IDO/TPJ/WORKS/ROAD/SQ-06/082/83,"Infrastructure Development Office, Taplejung, Koshi Province","Improvement of Sabik Hangpang -02-Khopi Ram Bahadur Gharmuni Dobato Bagdwar-Transfer-Lovek-Thuli Taar-Deurali Road, Aathrai Tribeni Rural Municipality, Taplejung",603204.04,Works,Sealed Quotation,Completed
IDO/TPJ/WORKS/BUILDING/SQ-07/082/83,"Infrastructure Development Office, Taplejung, Koshi Province","Change Aadarsh Shaikshik Pratisthan Bhawan Nirman, Aathrai Tribeni Rural Municipality-05, Taplejung",580415.33,Works,Sealed Quotation,Completed
IDO/TPJ/WORKS/ROAD/SQ-08/082/83,"Infrastructure Development Office, Taplejung, Koshi Province","Improvement of Sinam Panchami-Sinam Bahumukhi Campus Road, Sirijangha Rural Municipality-04, Taplejung",504207.00,Works,Sealed Quotation,Completed
IDO/TPJ/WORKS/ROAD/SQ-09/082/83(Re-Bid),"Infrastructure Development Office, Taplejung, Koshi Province","Construction of Belbote Dekhi Tarikhel Hudai Okhrabu Jane sadak, Meringden-1,Taplejung",614522.18,Works,Sealed Quotation,Completed
IDO/TPJ/WORKS/ROAD/SQ-10/082/83(Re-Bid),"Infrastructure Development Office, Taplejung, Koshi Province","Upgrading of Dhwaje Dada dekhi Dada Gaun Jane sadak, Meringden-10,Taplejung",970564.89,Works,Sealed Quotation,Completed
IDO/TPJ/WORKS/ROAD/SQ-11/082/83(Re-Bid),"Infrastructure Development Office, Taplejung, Koshi Province","Upgrading of Gaigude dekhi Ghalghale sadak, Phungling-09,Taplejung",656451.45,Works,Sealed Quotation,Completed
UDBOP-NCB-082/83-21,"Urban Development and Building Office, Palpa",Urban Infrastructure Development Work at Arbeni-Gahate Khola-Gyanodaya school (Kaligandaki-2) and Road Upgrading Work at Baralwa-Ramfe-Sapadade-Thalung- Daregauda-Thulogaira (Kaligandaki-6),2373801.70,Works,NCB,Completed
UDBOP-NCB-082/83-22,"Urban Development and Building Office, Palpa","Settle Development Work at Sardawat chihan-Amarai-dadhrantar (Rampur-4) ,Kalikhola-Fulbari-Belgauda(Rampur-10) and Kitini-Mulbare-Lek(Rambha-02), Palpa",2768944.68,Works,NCB,In-Progress
UDBOP-NCB-082/83-23Re,"Urban Development and Building Office, Palpa","Settle Development Work at Chandibhanjyang-Dalit basti(Tansen-12), Baughagumba Magar Homestay(Tansen-13) and Urban Infrastructure development work at Bhetedada-Dhobighat(Tansen-6,7), Palpa",2008279.34,Works,NCB,Completed
IDO/TPJ/WORKS/ROAD/SQ-12/082/83(Re-Bid),"Infrastructure Development Office, Taplejung, Koshi Province","Upgrading of Karbaari Dhara dekhi Naya Buspark sadak, Phungling-04, Taplejung",607279.39,Works,Sealed Quotation,Completed
IDO/TPJ/WORKS/ROAD/SQ-13/082/83,"Infrastructure Development Office, Taplejung, Koshi Province","Upgrading of Katike-Salbote-Madibung-Sallesee Gautam Buddha Hudai Hospital Jodne sadak, Sidingwa-04, Taplejung",627490.00,Works,Sealed Quotation,Completed
IDO/TPJ/WORKS/ROAD/SQ-14/082/83(Re-Bid),"Infrastructure Development Office, Taplejung, Koshi Province","Improvement of Ojahang Marga & Nali Nirman, Phungling-04,Taplejung",685073.67,Works,Sealed Quotation,Completed
IDO/TPJ/WORKS/BUILDING/SQ-15/082/83,"Infrastructure Development Office, Taplejung, Koshi Province","Construction of Lali Guras Aama samuh Building, Phungling-08,Taplejung",877982.75,Works,Sealed Quotation,Completed
IDO/TPJ/WORKS/ROAD/SQ-16/082/83(Re-Bid),"Infrastructure Development Office, Taplejung, Koshi Province","Saraswati Maa.Wi. Khelmaidan Staronnati, Sidingwa RM-04, Sablakhu, Taplejung",1932922.50,Works,Sealed Quotation,Completed
IDO/TPJ/WORKS/ROAD/SQ-17/082/83,"Infrastructure Development Office, Taplejung, Koshi Province","Upgrading of jagmale chamling Danda Sadak, Pathibhara Yangbarak-1, Taplejung",1382146.77,Works,Sealed Quotation,Completed
IDO/TPJ/WORKS/ROAD/SQ-18/082/83(Re-Bid),"Infrastructure Development Office, Taplejung, Koshi Province","Construction of Himali Lokmarg, Meringden, Taplejung",1161384.75,Works,Sealed Quotation,Completed
IDO/TPJ/WORKS/ BUILDING/SQ-19/082/83,"Infrastructure Development Office, Taplejung, Koshi Province","Sagarmatha Aadharbhut Vidyalay Purwadhar Nirman, Mikwakhola-02,Khokling,Taplejung",690996.00,Works,Sealed Quotation,Completed
IDO/TPJ/WORKS/ROAD/SQ-20/082/83(Re-Bid),"Infrastructure Development Office, Taplejung, Koshi Province","Upgrading of Khurukla Samtong Road, Maiwakhola RM-06,Taplejung",961518.00,Works,Sealed Quotation,Completed
IDO/TPJ/WORKS/ROAD/SQ-21/082/83(Re-Bid),"Infrastructure Development Office, Taplejung, Koshi Province","Improvement of Tallo Maiyung dekhi Chhate Dhunga Olang Chung Gola Lok Marga Dekhi Chhutne ) Road, Phungling-10, Taplejung",1413246.24,Works,Sealed Quotation,Completed
IDO/TPJ/WORKS/BUILDING/SQ-23/082/83(Re-Bid),"Infrastructure Development Office, Taplejung, Koshi Province","Construction of Community Building of Sablakhu, Sidingwa-4, Taplejung",1609347.44,Works,Sealed Quotation,Completed
IDO/TPJ/WORKS/BUILDING/SQ-24/082/83(Re-Bid),"Infrastructure Development Office, Taplejung, Koshi Province","Construction of Additional Storey and Maintenance of Khalte Manakamana Mothers' Group Building, Pathibhara Yangbarak -2, Taplejung",1611427.98,Works,Sealed Quotation,Completed
IDO/TPJ/WORKS/ROAD/SQ-25/082/83(Re-Bid),"Infrastructure Development Office, Taplejung, Koshi Province","Construction of Thute Bar Dingla Lingtep Hudai Dungwa Sakrate jane Sadak, Meringden, Taplejung",621162.00,Works,Sealed Quotation,Completed
IDO/TPJ/WORKS/ROAD/SQ-27/082/83,"Infrastructure Development Office, Taplejung, Koshi Province","Construction of Samekham Dekhi Laksambo Suira Hudai Baklo gaun mirinden-4 lingtep sadak, Meringden, Taplejung",508133.75,Works,Sealed Quotation,Completed
IDO/TPJ/WORKS/BUILDING/SQ-29/082/83(Re-Bid),"Infrastructure Development Office, Taplejung, Koshi Province","Maintenance of Balkalyan Secondary School Building and Construction of Canteen, Sidingwa-7, Taplejung",779100.63,Works,Sealed Quotation,Completed
IDO/TPJ/WORKS/ROAD/SQ-30/082/83(Re-Bid),"Infrastructure Development Office, Taplejung, Koshi Province","Upgrading of Mane Danda-Samadhisthal Road, Phaktanglung-01, Taplejung",676695.96,Works,Sealed Quotation,Completed
IDO/TPJ/WORKS/ROAD/SQ-31/082/83,"Infrastructure Development Office, Taplejung, Koshi Province","Upgrading of Bipudham-Mungrila Road, Phaktanglung-04, Taplejung",691448.00,Works,Sealed Quotation,Completed
IDO/TPJ/WORKS/ROAD/SQ-34/082/83(Re-Bid),"Infrastructure Development Office, Taplejung, Koshi Province","Upgrading of Sango-Bipudhap-Sungsabu-Wakhu Road, Phaktanglung-04, Taplejung",893107.80,Works,Sealed Quotation,Completed
IDO/TPJ/WORKS/BUILDING/SQ-35/082/83(Re-Bid),"Infrastructure Development Office, Taplejung, Koshi Province","Upgrading of Khewang Sports Club Khel Maidan, Sirijanga, Taplejung",963665.00,Works,Sealed Quotation,Completed
IDO/TPJ/WORKS/BUILDING/SQ-37/082/83(Re-Bid),"Infrastructure Development Office, Taplejung, Koshi Province","Construction of Roof Truss of Bipudham Primary School, Phaktanglung - 4, Bipudham",934402.97,Works,Sealed Quotation,Completed
IDO/TPJ/WORKS/ BUILDING/SQ-38/082/83(Re-Bid),"Infrastructure Development Office, Taplejung, Koshi Province","Construction of Two Storey Building of Laxmi Secondary School, Phaktanglung-03, Taplejung",748795.50,Works,Sealed Quotation,Completed
IDO/TPJ/WORKS/ ROAD/SQ-39/082/83(Re-Bid),"Infrastructure Development Office, Taplejung, Koshi Province","Upgrading of Ghodechaur to Chhatre Dhara Road, Phungling Na. Pa. 7, Taplejung",572501.38,Works,Sealed Quotation,Completed
IDO/TPJ/WORKS/ BUILDING/SQ-40/082/83(Re-Bid),"Infrastructure Development Office, Taplejung, Koshi Province","Construction of Patient Waiting House of Health Post, Aathrai Tribeni-3, Taplejung",777014.43,Works,Sealed Quotation,Completed
GMO/W/NCB/R/1/082-083,"Gauradaha Municipality, Office of the Municipal Executive,Gauradaha,Jhapa,Koshi Province, Nepal","CONSTRUCTION OF BLACKTOP ROAD ALONG ARJUNDEV RAI-PIPAL CHOWK-SITAPURI-GAURADAHA REDCROSS ,GAURADAHA-01,JHAPA,NEPAL",18253042.60,Works,NCB,In-Progress
GMO/W/NCB/R/2/082-083,"Gauradaha Municipality, Office of the Municipal Executive,Gauradaha,Jhapa,Koshi Province, Nepal","CONSTRUCTION OF BLACKTOP ROAD AND OTHER STRUCTURES ALONG HIMAL CHOWK-HANSKHORA-MADAL DADA-DALHU ,GAURADAHA-02,JHAPA,NEPAL",18953752.77,Works,NCB,In-Progress
GMO/W/NCB/R/3/082-083,"Gauradaha Municipality, Office of the Municipal Executive,Gauradaha,Jhapa,Koshi Province, Nepal","CONSTRUCTION OF BLACKTOP ROAD ALONG DHIMDHIME LAXMI SUBEDI-EAST AND JAY BAHADUR ADHIKARI'S HOUSE-GANGARAM BHANDARI'S HOUSE ,GAURADAHA-03,JHAPA,NEPAL",24293584.73,Works,NCB,In-Progress
GMO/W/NCB/R/4/082-083,"Gauradaha Municipality, Office of the Municipal Executive,Gauradaha,Jhapa,Koshi Province, Nepal","CONSTRUCTION OF BLACKTOP ROAD ALONG BAIRATI ROAD W-8,JHOLUNGE PUL ROAD W-7, NO.19 NAHAR ROAD W-9 ,GAURADAHA-7,8, 9,JHAPA,NEPAL",28131056.70,Works,NCB,In-Progress
GMO/W/NCB/B/2/082-083,"Gauradaha Municipality, Office of the Municipal Executive,Gauradaha,Jhapa,Koshi Province, Nepal","“ CONSTRUCTION OF NAMUNA EKIKRIT AWASH BASTI BIKASH FOR LOPONMUKH,BIPANNA, SIMANTAKRIT TATHA DALIT SAMUDAYA ,GAURADAHA WARD NO 1 TO 9 ,JHAPA NEPAL.”",25872920.00,Works,NCB,In-Progress
BM/W/NCB/082/083/03,Besisahar Municipality,BIPI SMRITI BHAWAN Construction/Finishing Works,4711202.60,Works,NCB,In-Progress
BM/W/NCB/082/083/04,Besisahar Municipality,Construction/Upgrading of Roads Under Package (Ranikuwa Gausahar Nalma to Laxmibazar Road),5289484.90,Works,NCB,Completed
imoilam/ncb/work/7-2082/83,"Ilam Municipality, Office of the Municipal Executive, Ilam, Koshi Province, Nepal","Upgradation and Improvement of Satkhalde Sahid Marga Ward no 04, Ilam",2097865.35,Works,NCB,Completed
imoilam/ncb/work/08-2082/83,"Ilam Municipality, Office of the Municipal Executive, Ilam, Koshi Province, Nepal","Upgrading of Bhandari Golai-Dokantol to Ward Office Road Ilam Municipality, Ward No 12",1903166.71,Works,NCB,Completed
IDOKAVRE/W/NCB/45/081/82,Infrastructure Development Office Kavrepalanchok,"Upgrading Works on Janamukti Marga (Pingthali Bhumichuli Devitar Taldhunga Sikre Dobhan Jhurjhure) Chhotesahan Taldhunga Section, Mahabharat and Khanikhola RM",80677434.52,Works,NCB,In-Progress
001/IDOKAVRE/NCB/W/2080-81,Infrastructure Development Office Kavrepalanchok,Construction of B. P. Highway from Katunje to Kharpachok Lokhapati Sungure Budhakhani Phoksingtar Gokule Taldhunga to Hetaunda Road,514483227.00,Works,NCB,In-Progress
PoAHS/G/NCB-15/2082-83,Pokhara Academy of Health Sciences,Procurement of surgical Items: Gloves,2498430.00,Goods,NCB,In-Progress
FRM/Sindhuli/Works/SQ/01/082-83,"Fikkal Rural Municipality,",Maintenance Works of ward no.4 office Building,911507.07,Works,Sealed Quotation,In-Progress
IDOKAVRE/W/NCB/38/081/82,Infrastructure Development Office Kavrepalanchok,"Upgrading Works on Panauti Khopasi Road Section, Panauti Municipality",66623653.96,Works,NCB,Completed
PoAHS/G/NCB-19/2082-83,Pokhara Academy of Health Sciences,Procurement of Printer/Toner Cartridge and Refil,1148928.00,Goods,NCB,In-Progress
WRIDDB/NCB/CNISP/07/082-83,"Water Resource and Irrigation Development Division office, Banke",WRIDDB/NCB/CNISP/07/082-83,2178702.42,Works,NCB,Completed
Mahalaxmi/W/NCB/02/2082/83,"Mahalaxmi Municipality, Office of Municipal Executive",Blacktop works of Rajkulo Sadak Ward no. 4,13296931.80,Works,NCB,In-Progress
Mahalaxmi/W/NCB/07/2082/83,"Mahalaxmi Municipality, Office of Municipal Executive","Road Uprading works from lubhu-balakunj to Nyaticha sadak, ward no.8",7001029.89,Works,NCB,In-Progress
PoAHS/G/NCB-20/2082-83,Pokhara Academy of Health Sciences,Procurement of Medical Equipment forEmergency Department,1807209.00,Goods,NCB,In-Progress
PoAHS/G/NCB-21/2082-83,Pokhara Academy of Health Sciences,Procurement of Medical Equipment for Gynea /Obsterics Department,1765319.50,Goods,NCB,In-Progress
IDOKAVRE/W/NCB/47/081/82,Infrastructure Development Office Kavrepalanchok,"Upgrading Works on Dundamukh Devitar Ghumaune Chaur Fedi Road, Kavre.",125379313.60,Works,NCB,In-Progress
PoAHS/G/NCB-22/2082-83,Pokhara Academy of Health Sciences,Procurement of HD Video Bronchoscopy System,7855555.00,Goods,NCB,In-Progress
02/Works/NCB/KM/082/083,"kalika Municipality Office , Chitwan",Ward no 4 ra 5 ko Simana sadak Bi. Pi. Chowk Dekhi Uttar Padampur Samudayik Ban sadak Kalopatre Woda No 4 Ra 5,19699277.39,Works,NCB,Completed
IDOKAVRE/W/NCB/48/081/82,Infrastructure Development Office Kavrepalanchok,"Upgrading Works on B.P Rajmarg, Charuwa Bhedabari Road, Namobuddha Municipality - 3, Kavre",41883646.93,Works,NCB,In-Progress
PoAHS/G/NCB-23/2082-83,Pokhara Academy of Health Sciences,Procurement of Binocular Microscope,5444340.00,Goods,NCB,In-Progress
03/Works/NCB/KM/082/083,"kalika Municipality Office , Chitwan","Construction of Samipur School Building, Kalika 1",4900736.18,Works,NCB,Completed
IDOKAVRE/W/NCB/52/081/82,Infrastructure Development Office Kavrepalanchok,"Upgrading Works on Namobuddha Dapcha Nepane Gahate Falamesaaghu Shikhar Ambote Sanakot Tara Khasne Lek Gokule Road, Namobuddha Municipality",32986068.78,Works,NCB,In-Progress
BM/W/NCB/082/083/10,Besisahar Municipality,"Besishahr Universal Chowk to British Welfare Road Upgrading Work, Ward No. 7",1681953.00,Works,NCB,Completed
04/Works/NCB/KM/082/085,"kalika Municipality Office , Chitwan",Kholesimal Kamlachowk ClubChowk towards Shaktikhor Road Upgrading Works,14798676.20,Works,NCB,In-Progress
SRRP/337304/074/75/02,Seti Rajmarga (Northern Section) Chainpur Taklakot Road Project,Construction of Prestressed Bridge Over Aayarady Along Seti River,73073090.85,Works,NCB,Completed
05/Works/NCB/KM/082/085,"kalika Municipality Office , Chitwan",Different Road Construction in Ward No. 5,8244050.16,Works,NCB,In-Progress
141/081/082,Krishi Samagri Company Limited,"Supply And Delivery Of 30,000(±2%) MT Chemical Fertilizer (UREA) 46-0-0",2036455950.00,Goods,ICB,Completed
IDOKAVRE/W/NCB/46/081/82,Infrastructure Development Office Kavrepalanchok,"Upgrading Works on Dhandkharka Palika Hospital Zerokilo Kattike Deurali Madankudari Aarubot Lokmarga Road, Chaurideurali RM",127440826.16,Works,NCB,In-Progress
UDBO/ROLPA/ SQ/WORKS/01-2082/083 (Rebid),"Urban Development and Building Office, Rolpa","Ghodagaun Basti Bikas Sunilsmriti,-01 Rolpa",1261597.42,Works,Sealed Quotation,In-Progress
UDBO/ROLPA/ SQ/WORKS/02-2082/083 (Rebid),"Urban Development and Building Office, Rolpa","Thumpaki Basti Bikas Yojana,Sunilsmriti-01,Rolpa",957769.20,Works,Sealed Quotation,In-Progress
IDOKAVRE/W/NCB/49/081/82,Infrastructure Development Office Kavrepalanchok,"Upgrading Works on Sunkoshipul Mainajung Khatrigaun Tekanpur Ward Office Bhanjyangbeshi Road, Temal Rural Municipality",20866241.23,Works,NCB,Completed
JRM/W/SQ/1/2082/083,Janaki Rural Municipality,"Road Maintenance work (Gravelling) at all wards of Janaki Rural Municipality, Kailali",962250.50,Works,Sealed Quotation,In-Progress
IDOKAVRE/W/NCB/50/081/82,Infrastructure Development Office Kavrepalanchok,"Upgrading Works on Potakhola Lurpungdada Dhonkarpa Road, Roshil Rural Municipality - 5, Kavre.",61750751.03,Works,NCB,In-Progress
UDBO/ROLPA/ SQ/WORKS/03-2082/083 (Rebid),"Urban Development and Building Office, Rolpa","Bedthala Sahari Purbadhar Bikas Sunilsmriti-02,Rolpa",974692.80,Works,Sealed Quotation,Completed
JRM/GOODS/SQ/01/2082/083,Janaki Rural Municipality,Procurement of Medicine for basic and emergency Health Services,345653.30,Goods,Sealed Quotation,In-Progress
06/Works/NCB/KM/082/085,"kalika Municipality Office , Chitwan",Different Road Upgrading Works at Kalika Municipality Ward no 8 and 9,5442908.80,Works,NCB,In-Progress
NCB/JRM/W/04/2082/083,Janaki Rural Municipality,"Supply, Delivery and Installation of Smart Street Lighting System work at Durgauli bazar",1424942.22,Works,NCB,In-Progress
Mahalaxmi/W/SQ/14/2082/83,"Mahalaxmi Municipality, Office of Municipal Executive",Changathali Swastha Chowki Sudrrhikarana Mahalaxmi-7,1111366.54,Works,Sealed Quotation,Completed
NCB/JRM/GOODS/04/2082/083,Janaki Rural Municipality,"Supply, Delivery, Installation and Commissioning of Smart Boards in Community Schools of Janaki Rural Municipality, Kailali",1988800.00,Goods,NCB,In-Progress
07/TRM/NCB/Goods/2082-083,Tamankhola Rural Municipality,Procurement of Technology-friendly Teaching and Learning Items.,4443160.00,Goods,NCB,Completed
PoAHS/G/NCB-24/2082-83,Pokhara Academy of Health Sciences,Procurement of High-End Color Doppler USG Machine,11752000.00,Goods,NCB,In-Progress
33/IDOKAVRE/NCB/W/2079-80,Infrastructure Development Office Kavrepalanchok,"Pingthali Rajbas Bhumichuli Budhakhani Debitar Road, Mahabharat Ga. PA., Kavrepalanchok.",43460340.41,Works,NCB,In-Progress
07/Works/NCB/KM/082/083,"kalika Municipality Office , Chitwan",Different Road Construction in Ward No. 2,5577388.24,Works,NCB,In-Progress
Mahalaxmi/W/NCB/13/2082/83,"Mahalaxmi Municipality, Office of Municipal Executive",Upgrading roadworks of lalitpur district mahalaxmi na. pa. ward no. 10 from bosedole gopal ghar muni towards kancha ko ghar saahu tole samma ko road,1875628.49,Works,NCB,In-Progress
MMSI/WORKS/NCB/2082-83/04,Melamchi Municipality Office,Upgrading Works Of Falame Shikharpur Road,3705307.39,Works,NCB,In-Progress
PoAHS/G/NCB-29-2082-83,Pokhara Academy of Health Sciences,Procurement of Ophthalmology Related Equipments,2084850.00,Goods,NCB,In-Progress
08/Works/NCB/KM/082/083,"kalika Municipality Office , Chitwan",Different Road Construction in Ward No. 3,6191788.08,Works,NCB,In-Progress
IDOKAVRE/W/NCB/53/082/83,Infrastructure Development Office Kavrepalanchok,"Upgrading Works on Panauti Khopasi Kamidanda Taaldhunga Road (Syaurethali-Aahaldanda-Chitre Section), Khanikhola Rural Municipality",149134486.00,Works,NCB,In-Progress
SRNRP/33701122-04/079/80-01,Seti Rajmarga (Northern Section) Chainpur Taklakot Road Project,"River Training Work at Rigth Bank of Tamail Bridge at Seti River Along Seti Rajmarga, Bajhang",71469670.79,Works,NCB,Completed
PoAHS/G/NCB-30/2082-83,Pokhara Academy of Health Sciences,Procurement of Washing Machine with Extractor,4843180.00,Goods,NCB,In-Progress
Mahalaxmi/W/NCB/10/2082/83,"Mahalaxmi Municipality, Office of Municipal Executive",Upgrading and blacktop works from jyagata to lalitghumit road,17848266.48,Works,NCB,In-Progress
PoAHS/G/NCB-49/2082-83,Pokhara Academy of Health Sciences,Procurement of Orthopedic Instruments sets - (Re),4484970.00,Goods,NCB,In-Progress
IDO-SOLU-NCB-ROAD-02-2082/83,"Infrastructure Development Office, Solukhumbu","Upgrading of Road from Chhewar Gumba tole to Khamding Road Solududhkunda-09,solukhumbu",1458163.68,Works,NCB,In-Progress
01/Works/NCB/KM/082/083,"kalika Municipality Office , Chitwan","Chapagaudi Dhekhi Bungkhola Hudai Serbas Sadak Strounnati, Kalika-08",20390233.77,Works,NCB,In-Progress
IDO-SOLU-NCB-ROAD-03-2082/83,"Infrastructure Development Office, Solukhumbu",Upgrading of Road from Dovan Dekhi Okhaldhunga Jillako Khijidimba-8 Maili Kamalamai Aa.Bi. Samma,2439268.09,Works,NCB,In-Progress
09/Works/NCB/KM/082/083,"kalika Municipality Office , Chitwan",PREFAB BUILDING CONSTRUCTION AT WARD 6,2142036.96,Works,NCB,Completed
PoAHS/G/NCB-32/2082-83,Pokhara Academy of Health Sciences,Procurement of Psychiatry related equipments,2542500.00,Goods,NCB,In-Progress
10/Works/NCB/KM/082/083,"kalika Municipality Office , Chitwan",PREFAB BUILDING CONSTRUCTION AT WARD 4,1938990.79,Works,NCB,Completed
IDO-SOLU-NCB-ROAD-04-2082//83,"Infrastructure Development Office, Solukhumbu","Construction of River Training And Approach Road At Pikhu Khola Bridge Thulung Dudhkoshi R.M-06, Solukhumbu",2904624.08,Works,NCB,In-Progress
FRM/Sindhuli/Works/SQ/02/082-83,"Fikkal Rural Municipality,",Construction of Arubot Road of phikkal-01,1395295.11,Works,Sealed Quotation,Completed
PoAHS/G/NCB-34/2082-83,Pokhara Academy of Health Sciences,Procurement of Echo Cardiography Machine,7199230.00,Goods,NCB,In-Progress
11/Works/NCB/KM/082/083,"kalika Municipality Office , Chitwan",Electrification and Interior decoration in nagar sabha haal at mahila sanjal,1899240.60,Works,Sealed Quotation,Completed
FRM/Sindhuli/Works/NCB/08/082-83,"Fikkal Rural Municipality,","Construction Works of Kallaghari Bahundada Bhujeltole Drinking Water Supply Project, Phikkal-1",2344711.89,Works,NCB,In-Progress
IDO-SOLU-NCB-ROAD-05-2082/83,"Infrastructure Development Office, Solukhumbu","Construction of pikey Sewa kendra Saamudayik Bhawan Solududhkunda-03 lodhing,solukhumbu",1464619.32,Works,NCB,In-Progress
PoAHS/G/NCB-36/2082-83,Pokhara Academy of Health Sciences,Procurement of 3 Phase online UPS System,1336677.00,Goods,NCB,In-Progress
FRM/Sindhuli/Works/SQ/03/082-83,"Fikkal Rural Municipality,",Maintenance Works of ward no.1 office Building,1877813.81,Works,Sealed Quotation,In-Progress
IDO-SOLU-NCB-ROAD-06-2082/83,"Infrastructure Development Office, Solukhumbu",Upgradation of Road From Tamakhani (Solududhkunda na. pa.-5)Jasmane Banjyang Gumba Golu Likhupike Kaflechaur Hudai,5082213.83,Works,NCB,In-Progress
IDO-SOLU-NCB-ROAD-07-2082/83,"Infrastructure Development Office, Solukhumbu","Upgradation of Road from Solu dudhkunda Na.pa-04, phaplu to ward no 02 Beni hudai likhupikey jodne sadak , solukhumbu",5180100.23,Works,NCB,In-Progress
FRM/Sindhuli/Works/NCB/07/082-83,"Fikkal Rural Municipality,","Road Construction Works of Ward 2,3,4 and 6 of Phikkal Rural Municipality",2599016.71,Works,NCB,In-Progress
IDO-SOLU/NCB/FSP-TB-01/082-83,"Infrastructure Development Office, Solukhumbu","The Procurement of Steel Parts Fabrication and transportation up to roadheads” For “Thulu Balburo Trail Bridge, Pekarnasa Trail Bridge, Chyamedu Khola Trail Bridge, Thondo Trail Bridge, Ghatte Khola T",8582984.95,Goods,NCB,In-Progress
CDRM/OKH/WORKS/NCB/04/2082/083,"Champadevi Rural Municipality, Okhaldhunga",Gaupalika kendra chipling ghorakhori bilandu sadak istarunnati yojana,5044747.47,Works,NCB,Completed
FRM/Sindhuli/Works/NCB/05/082-83,"Fikkal Rural Municipality,","Construction and Maintenance of Mini Trauma Center and Bandre Cold Store, phikkal Ward No.-03 & 04",3728867.82,Works,NCB,In-Progress
IDO-SOLU-NCB-ROAD-08-2082/83,"Infrastructure Development Office, Solukhumbu","Upgrading of Road Upto chhiring kharka Gumba Motorway Via Dovan Danda Likhupikey-02,solukhumbu",1663030.17,Works,NCB,In-Progress
IDO-SOLU-NCB-BUILDING-09-2082/83,"Infrastructure Development Office, Solukhumbu","construction of first floor for aadharbhut health post Building likhupikey-04,solukhumbu",1519944.11,Works,NCB,In-Progress
IDO-SOLU-NCB-BUILDING-10-2082/83,"Infrastructure Development Office, Solukhumbu",Construction of Dagyur Tashi Dekid Chholing Gumba Hall Solududhkunda-04 Solukhumbu,1303728.99,Works,NCB,In-Progress
IDO-SOLU-NCB-BUILDING-11-2082-83,"Infrastructure Development Office, Solukhumbu",Construction Of Likhupikey ga.pa-05 sangaa chholing Gumba Bhakanjeko Kitchen Ghar Tatha Ghera Bara,1901382.10,Works,NCB,In-Progress
IDO-SOLU-NCB-BUILDING-12-2082/83,"Infrastructure Development Office, Solukhumbu","Upgradation of Shrijanshil Yuwa samaj Thulung Dudhkoshi-02,Solukhumbu Khel Maidan",910779.90,Works,NCB,In-Progress
IDO-SOLU-NCB-BUILDING-13-2082/83,"Infrastructure Development Office, Solukhumbu","Construction of Solu Rampali Sutar Karki Sewa Samaj Solududhkunda-11,Solukhumbu",1596627.00,Works,NCB,In-Progress
IDO-SOLU-NCB-BUILDING-14R-2082/83,"Infrastructure Development Office, Solukhumbu","Construction Of Kofu Saamudayik Bhawan Mapye Dudhkoshi-05, Kofu,Solukhumbu",2060148.79,Works,NCB,In-Progress
IDOKAVRE/NCB/W/65/078/079,Infrastructure Development Office Kavrepalanchok,"Upgrading Works on Narayantar Khahare Chunitar Tindhare Jane Road and Narayantar Khahare Chunitar Tindhare Jane Road, Roshi Rural Municipality - 01",51008842.74,Works,NCB,In-Progress
IDO-SOLU-NCB-BUILDING-15-2082/83,"Infrastructure Development Office, Solukhumbu","Construction Of Sutar Karki Guthi Samaj Lammane Solududhkunda-11,Solukhumbu",1407002.03,Works,NCB,In-Progress
IDO-SOLU-NCB-BUILDING-16-2082/83,"Infrastructure Development Office, Solukhumbu","Himchuli yuwa Ekata club ko Krishi Upaj Sankalan Bhawan Nirman Mahakulung-01,solukhumbu",1857157.54,Works,NCB,In-Progress
IDO-SOLU-NCB-BUILDING-17-2082/83,"Infrastructure Development Office, Solukhumbu","Shramik Bahuudeshiye Sabhahall Nirman Sotang-05, solukhumbu",1922067.00,Works,NCB,In-Progress
IDOKAVRE/NCB/W/68/077/078,Infrastructure Development Office Kavrepalanchok,Construction of Khanikhola and Parbati Khola Motorable Bridges (Tinkhutte Mahabharat Gaunpalika Kavrepalanchok),51008842.74,Works,NCB,In-Progress
IDO-SOLU-NCB-BUILDING-18-2082/83,"Infrastructure Development Office, Solukhumbu","Construction and Maintanance of Changesthan Temple Solududhkunda-08,solukhumbu",840375.88,Works,NCB,In-Progress
IDO-SOLU-NCB-BUILDING-19-2082/83,"Infrastructure Development Office, Solukhumbu","Lokhim Krishi Upaj Sankalan Tatha Bhandaran Bhawan Nirman Thulung Dudhkoshi-09,solukhumbu",1700311.73,Works,NCB,In-Progress
IDOKAVRE/NCB/W/110/078/079,Infrastructure Development Office Kavrepalanchok,"Construction of Baunne road Bridge Roshikhola, Panauti-9, Kavrepalanchok",43460340.41,Works,NCB,In-Progress
IDO-SOLU-NCB-BUILDING-20-2082/83,"Infrastructure Development Office, Solukhumbu","Solukhumbu Jilla Timu khepte sthit sahid yagye Bahadur Thapa Park Purwadhar Nirman Soluduhkunda-11,solukhumbu",2327069.55,Works,NCB,In-Progress
IDOKAVRE/W/NCB/51/080/081,Infrastructure Development Office Kavrepalanchok,"Construction of Andheri Khola Bridge, Roshi - 3, Roshi Rural municipality.",44282935.01,Works,NCB,In-Progress
IDO-SOLU-NCB-ROAD-21-2082/83,"Infrastructure Development Office, Solukhumbu","Batase-jukey-Gaaikharka-cherem Sadak Nirman Sotang-02ra Mahakulung-01,solukhumbu",3567204.40,Works,NCB,In-Progress
IDO-SOLU-NCB-ROAD-22-2082/83,"Infrastructure Development Office, Solukhumbu","Upgrading of Nele-Sotang- Mahakulung Road,Solukhumbu",180260973.04,Works,NCB,In-Progress
IDO-SOLU-SQ-ROAD-24-2082/83,"Infrastructure Development Office, Solukhumbu","Maintenance of Road from Jorboudha(Garma) to Nele bazar, Solukhumbu",1518516.74,Works,Sealed Quotation,In-Progress
13/Works/NCB/KM/082/083,"kalika Municipality Office , Chitwan",Construction of Janahit School Building at Kalika 3,2518941.78,Works,NCB,Completed
12/Works/NCB/KM/082/083,"kalika Municipality Office , Chitwan",Construction of Pipariya School Building Kalika 2,2976143.92,Works,NCB,In-Progress
Mahalaxmi/W/NCB/08/2082/83,"Mahalaxmi Municipality, Office of Municipal Executive",Sitapakha Chowk Bata Uttar- Purbha Dhala Nirman,1879504.26,Works,NCB,In-Progress
CDRM/OKH/WORKS/NCB/03/2082/083,"Champadevi Rural Municipality, Okhaldhunga",Ward NO 2 THUTEPIPPAL BADAHARE RAJAIYA SIRAULA DAMASEE HUDAI NAWALPURGHAT SADAK NIRMAN,4534328.46,Works,NCB,In-Progress
CDRM/OKH/WORKS/NCB/05/2082/083,"Champadevi Rural Municipality, Okhaldhunga",bahundanda bilandu mishrabhanjyang girijachowk jaukhuriya silung falatebhanjyang sadak istaarunnati yojana,9497837.66,Works,NCB,In-Progress
Mahalaxmi/W/NCB/27/2081/82,"Mahalaxmi Municipality, Office of Municipal Executive",Construction of Jagadishwar Paati ( Falcha) at Ward no. 4,2062940.17,Works,NCB,In-Progress
PoAHS/G/NCB-39/2082-83,Pokhara Academy of Health Sciences,Procurement of Medical Books,3423862.00,Goods,NCB,In-Progress
Mahalaxmi/W/NCB/24/2081/82,"Mahalaxmi Municipality, Office of Municipal Executive",Construction of Road from Lakhuri Bhanjyang to Manmohan park,9980836.14,Works,NCB,In-Progress
Re-CHPP-2081/82-CW-08,Chilime Hydropower Company Limited,"Maintenance of Shiv Temple &amp; Flat Stone Flooring Wok in temple area at Syafrubensi, Rasuwa",679745.62,Works,Sealed Quotation,Completed
140/081/082,Krishi Samagri Company Limited,"Supply And Delivery Of 30,000(±2%) MT Chemical Fertilizer (UREA) 46-0-0",1997897400.00,Goods,ICB,Completed
PoAHS/G/NCB-40/2082-83,Pokhara Academy of Health Sciences,Procurement of Consumables for Plasma Sterilizer Machine,11000550.00,Goods,NCB,In-Progress
PoAHS/G/NCB-42/2082-83,Pokhara Academy of Health Sciences,Procurement of Supply and Installation of PACS System,4932450.00,Goods,NCB,In-Progress
PoAHS/G/NCB-43/2082-83,Pokhara Academy of Health Sciences,Procurement of Portable X-Ray Machine,2936870.00,Goods,NCB,In-Progress
PoAHS/G/NCB-44/2082-83,Pokhara Academy of Health Sciences,Procurement of Portable Colour Doppler USG Machine,1717600.00,Goods,NCB,In-Progress
139/081/082,Krishi Samagri Company Limited,"Supply And Delivery Of 25,000(±2%) MT Chemical Fertilizer (DAP 18-46-0)",2620531680.00,Goods,ICB,Completed
14/Works/NCB/KM/082/083,"kalika Municipality Office , Chitwan",Thang Khola River Training Management Works,21166958.21,Works,NCB,In-Progress
15/Works/NCB/KM/082/083,"kalika Municipality Office , Chitwan",Samipur towards east Canal Lining Works Kalika 2,2815654.67,Works,NCB,In-Progress
PoAHS/G/NCB-47/2082-83,Pokhara Academy of Health Sciences,Procurement of Furnitures Related Items,2300041.00,Goods,NCB,In-Progress
CDRM/OKH/WORKS/NCB/06/2082/083,"Champadevi Rural Municipality, Okhaldhunga",construction of gyan prakash ma vi 06 ghorakhori 2-c-4 class room building & reating wall,6918530.58,Works,NCB,In-Progress
CDRM/OKH/WORKS/NCB/07/2082/083,"Champadevi Rural Municipality, Okhaldhunga",construction of gyan prakash mabi 3-c-9,10303130.53,Works,NCB,In-Progress
PoAHS /WORKS/ NCB/2082-83/01,Pokhara Academy of Health Sciences,Procurement of Renovation of HDU/CCCU Works,9990517.01,Works,NCB,Completed
16/Works/SQ/KM/082/083,"kalika Municipality Office , Chitwan",Maintenance of Ward 5 Building of Kalika Municipality,1296946.15,Works,Sealed Quotation,Completed
15-MM/KPIL/BDG/Works/082/083,Maharajganj Municipality,Ward no. 11 Sowastha Karyalaye ko Boundary wall Gate Nirman,2299747.26,Works,NCB,In-Progress
CDRM/OKH/WORKS/NCB/08/2082/083,"Champadevi Rural Municipality, Okhaldhunga",RUDRAKSHOWER MAHADEV TATHA BHIMENSTHAN SANKRASHAN CHAMPADEVI 10,3060220.78,Works,NCB,In-Progress
17/Works/NCB/KM/082/083,"kalika Municipality Office , Chitwan",Different Canal Construction in Ward No. 6 and 7,4092977.54,Works,NCB,In-Progress
18/Works/NCB/KM/082/083,"kalika Municipality Office , Chitwan",Kalika Mandir Compound Wall Construction kalika 8,3020003.93,Works,NCB,In-Progress
19/Works/NCB/KM/082/083,"kalika Municipality Office , Chitwan",Lahurey Chowk Prakash Medical Road Upgrading Works Kalika 2 and 7,2274683.86,Works,NCB,In-Progress
20/Works/NCB/KM/082/083,"kalika Municipality Office , Chitwan",Different Road Construction in Ward No. 1 and 4,3653358.82,Works,NCB,In-Progress
SRM/NCB/W/26/2082/083,Sailung Rural Municipality,Okhre Boldung Bhurunga Jomsa Khola Dadakharka Sadak,1065137.62,Works,NCB,In-Progress
21/Works/NCB/KM/082/083,"kalika Municipality Office , Chitwan",Kalika 11 no Woda Dekhi Majhabang Hudai Rapti 1 Thakuri Bhanjhyang Sammko Krishi Sadak Kalika Na Pa,1919951.83,Works,NCB,In-Progress
SRM/NCB/W/27/2082/083,Sailung Rural Municipality,Sabha HAll Marmat Tatha Byabasthapan,1438479.87,Works,NCB,In-Progress
CDRM/OKH/WORKS/NCB/09/2082/083,"Champadevi Rural Municipality, Okhaldhunga",Bogati turning dekhi matadan kendra pokhare sadak nirman yojana,1138482.99,Works,NCB,In-Progress
30/NCB/TM/W/2082-83,"Tokha Municipality, Office of the Municipal Executive","Milan Tol Sadak Istaronnati, ward-8",1971494.07,Works,NCB,In-Progress
SRM/NCB/W/28/2082/083,Sailung Rural Municipality,Okharbot wada Karyalaya Sadak,915818.57,Works,NCB,In-Progress
CDRM/OKH/WORKS/NCB/10/2082/083,"Champadevi Rural Municipality, Okhaldhunga",PALAPU KRISHI BIG MART,1594057.25,Works,NCB,In-Progress
22/Works/NCB/KM/082/083,"kalika Municipality Office , Chitwan","Madan Asrit Dekhi Pakshim Kabita Neupane Ko Gharchowk Bato Kalopatrey, Kalika -4",6339769.60,Works,NCB,In-Progress
MMSI/WORKS/SQ/2082-83/18,Melamchi Municipality Office,Upgrading works of Ward Office Majhi Gaun Road,1310441.07,Works,Sealed Quotation,In-Progress
MMSI/WORKS/SQ/2082-83/14,Melamchi Municipality Office,COnstruction Works of Katunche ManeDada Mane,1319437.08,Works,Sealed Quotation,In-Progress
138/081/082,Krishi Samagri Company Limited,"Supply And Delivery Of 25,000(±2%) MT Chemical Fertilizer (DAP 18-46-0)",2593225250.00,Goods,ICB,In-Progress
24/Works/NCB/KM/082/083,"kalika Municipality Office , Chitwan","DTH Deep Tubewell Construction At Different ward 3,4 and 7 OF Kalika Municipality (first Phase)",3918697.00,Works,NCB,In-Progress
MMSI/WORKS/SQ/2081-82/14,Melamchi Municipality Office,Construction Works of Area Police Office Building,1489482.22,Works,Sealed Quotation,In-Progress
25/Works/NCB/KM/082/083,"kalika Municipality Office , Chitwan","DTH Deep Tubewell Construction At Different ward 1,5 and 6 OF Kalika Municipality (Second Phase)",3593867.20,Works,NCB,In-Progress
CDRM/OKH/NCB/ABC.WORKS/11/2082/83,"Champadevi Rural Municipality, Okhaldhunga",Construction of Administration Building,83013433.88,Works,NCB,In-Progress
PoAHS /WORKS/ NCB/2082-83/02,Pokhara Academy of Health Sciences,Procurement of Construction and Maintenance Works,6050945.23,Works,NCB,In-Progress
PoAHS/SQ/ WORKS/2081-82/01,Pokhara Academy of Health Sciences,"Procurement of Construction works-Septic Tank, Toilet of Forensic, Placenta Pit and Tea Room",1142874.70,Works,Sealed Quotation,Completed
26/Works/NCB/KM/082/083,"kalika Municipality Office , Chitwan","Different Roads Maintainance Work In Kalika Municipality ward no - 1, 5, 6",3807871.00,Works,NCB,In-Progress
PoAHS/ NCB /WORKS/2082-83/04,Pokhara Academy of Health Sciences,Procurement of Construction of ART Block and road Construction,7358554.20,Works,NCB,In-Progress
27/Works/NCB/KM/082/083,"kalika Municipality Office , Chitwan",Kalika Nagarpalika Budathoki Ghol Park Nirman,3216326.79,Works,NCB,In-Progress
PoAHS/G/NCB-37/2082-83,Pokhara Academy of Health Sciences,Procurement of Ration Materials Supply,4802774.55,Goods,NCB,In-Progress
MMSI/WORKS/NCB/2082-83/16,Melamchi Municipality Office,Upgrading Works of Prathisthan Taar Sadak,2580101.07,Works,NCB,In-Progress
CDRM/OKH/WORKS/NCB/13/2082/083,"Champadevi Rural Municipality, Okhaldhunga",TASI CHOILING GUMBA WADA 6,909300.01,Works,NCB,In-Progress
MMSI/WORKS/NCB/2082-83/13,Melamchi Municipality Office,Upgrading works of Sindhukhola Giranchaur Mahabhir Road,30000000.00,Works,NCB,In-Progress
MMSI/WORKS/NCB/2082-83/27,Melamchi Municipality Office,"Construction Works Of Gumba, Melamchi -03",2186937.92,Works,NCB,In-Progress
CDRM/OKH/WORKS/NCB/14/2082/083,"Champadevi Rural Municipality, Okhaldhunga",RATMATE MAKUWA KHOLA KALIKA RA FALATE SADAK MARMAT,1729710.20,Works,NCB,In-Progress
MMSI/WORKS/NCB/2082-83/03,Melamchi Municipality Office,Upgrading works of Sotikhola Haibung Road,7484773.79,Works,NCB,In-Progress
MMSI/WORKS/NCB/2082-83/01,Melamchi Municipality Office,Upgrading Works of Melamchi Municipality 15 Bed Hospital Road,16154198.11,Works,NCB,In-Progress
136/081/082,Krishi Samagri Company Limited,"Supply And Delivery Of 10,000(±2%) MT Chemical Fertilizer (POTASH) 0-0-60",535827600.00,Goods,ICB,Completed
MMSI/WORKS/NCB/2082-83/23,Melamchi Municipality Office,Upgrading Works of Melamchi Daduwa Amphechaur Bhatmase Road,5041175.13,Works,NCB,In-Progress
CDRM/OKH/GOODS/SQ/15./2082/083,"Champadevi Rural Municipality, Okhaldhunga",MASALANDA TATHA KARYALAYA SAMAGRI KHARID BISAYAGAT SAKHA SAMET,997383.20,Goods,Sealed Quotation,Completed
MMSI/WORKS/NCB/2082-83/09,Melamchi Municipality Office,Upgrading works of Dhakal khahare Krishna Mandir Daduwa Road,3824286.82,Works,NCB,In-Progress
CDRM/OKH/GOODS/SQ/16/2082/083,"Champadevi Rural Municipality, Okhaldhunga",Aadharbhut tatha aakasmik swastha sewa ko lagi aausadi kharid,740457.36,Goods,Sealed Quotation,Completed
MMSI/WORKS/NCB/2082-83/18,Melamchi Municipality Office,Upgrading Works of Patigaun 15 No. Dumping Rayamajhitol Sadak,6239824.97,Works,NCB,In-Progress
MMSI/WORKS/NCB/2082-83/20,Melamchi Municipality Office,Neupane Sinchai Kulo Marmat,1909870.31,Works,NCB,In-Progress
MMSI/WORKS/NCB/2082-83/21,Melamchi Municipality Office,Upgrading Works of Sindhukhola Suyalchaap Nibugaun Sadak,1843232.69,Works,NCB,In-Progress
CDRM/OKH/NCB/WORKS/05/2082/083,"Champadevi Rural Municipality, Okhaldhunga","Sinchai pokhari nirman champadevi wad no .4 fediguth, wada no 9 ra wada no 10 raniban",3616448.08,Works,NCB,In-Progress
MMSI/WORKS/NCB/2082-83/19,Melamchi Municipality Office,Infrastructure Development Works of Dhaule Tourism Area,4568828.09,Works,NCB,In-Progress
MMSI/WORKS/NCB/2082-83/31,Melamchi Municipality Office,Construction works of Thakle Bahusaanskritik Bhawan Nirman Melamchi 12,9121234.49,Works,NCB,In-Progress
135/081/082,Krishi Samagri Company Limited,"Supply And Delivery Of 25,000(±2%) MT Chemical Fertilizer (DAP 18-46-0)",2564693000.00,Goods,ICB,Completed
AITC/NCB/Works/2082-083/01,"Agriculture Information And Training Center,Lalitpur",Maintenance works within Agriculture Information Training Center,2808707.75,Works,NCB,In-Progress
MMSI/WORKS/NCB/2081-82/36,Melamchi Municipality Office,Infrastructure Development Works of Melamchi Bazar,23567295.13,Works,NCB,In-Progress
AITC/SQ/2082-083/07,"Agriculture Information And Training Center,Lalitpur",Printing of Agriculture Diary,1078020.00,Goods,Sealed Quotation,In-Progress
11CRP/33701119-4/081/82-39(Re),"Gorkha Road Project, Gorkha","Upgrading or Benighat-Aarughat-Larkebhanjyang Road (Ch 50+000Km, Arkhet Bazar to Ch 60+500 Km, Kamidanda",264656687.29,Works,NCB,In-Progress
PoAHS/G/NCB-41/2082 -83 (Package F),Pokhara Academy of Health Sciences,Procurement of Lab Reagent and chemical IV (Package F),203965.00,Goods,NCB,In-Progress
PoAHS/G/NCB-41/2082 -83 (Package N),Pokhara Academy of Health Sciences,Procurement of Lab Reagent and chemical IV (Package N),1212180.40,Goods,NCB,In-Progress
GRP/33701119-4/082/83-12,"Gorkha Road Project, Gorkha","Upgrading of Benighat Aarughat Larke sadak (Ch10+000 to Ch 52+000), Gorkha.",12189485.51,Works,NCB,In-Progress
UDBOP-NCB-082/83-25,"Urban Development and Building Office, Palpa","Settle Development Work at Chanaute-Paruwa-Shiwalaya(Musikot-07), Dhabalungrung- Bharjuwa-Deurali-Dalunga-Nisti(Musikot-2), Gandaki-Dobata-Ranatole (Gulmidarwar-05), Gulmi",1693257.81,Works,NCB,In-Progress
11CRP/33701122-4/079/80-19(Re),"Gorkha Road Project, Gorkha",Construction of Steel Truss Cum Prestress Concrete Trushuli Bridge at Buttar Makaisingh Gorkha.,223348921.45,Works,NCB,In-Progress
11CRP/33701176-4/078/79-15,"Gorkha Road Project, Gorkha",Upgrading of Road with Bituminous Asphalt and Structural works (Takukot- Hudikhola) and Earthworks and Structural works (Pokhari to Barpak) on Ghyampesal-Takukot-Hudikhola-Swara-Saurpani-Ranchowk-Pokh,292044055.34,Works,NCB,In-Progress
11CRP/33701169-4/080/81-45,"Gorkha Road Project, Gorkha","Upgrading of Ramshahaghat Manakaman Jumlichautara Tinmane Sadak, Gorkha (CH:0+000 to0+920 and 1+600 to 3+800)",69107673.04,Works,NCB,In-Progress
11CRP/33701169-4/080/81-48,"Gorkha Road Project, Gorkha","Upgrading of Dhawa Koyabhanjyang Bhimsen Thapa 4 ra 2 Jodne Sadak, Gorkha",64297167.48,Works,NCB,In-Progress
134/081/082,Krishi Samagri Company Limited,"Supply And Delivery Of 25,000(±2%) MT Chemical Fertilizer (DAP 18-46-0)",2559348000.00,Goods,ICB,Completed
137/081/082,Krishi Samagri Company Limited,"Supply And Delivery Of 30,000(±2%) MT Chemical Fertilizer (UREA) 46-0-0",1905568182.00,Goods,ICB,Completed
11CRP/33701169-4/080/81-46,"Gorkha Road Project, Gorkha","Upgrading of Satdobato Jogidi Baghdanda Panthini Gaikhur Sadak, Gokrha.",58392576.09,Works,NCB,In-Progress
MMSI/WORKS/NCB/2082-83/34,Melamchi Municipality Office,"Construction of Dhaule Gumba, ward no 04",2549848.00,Works,NCB,In-Progress
11CRP/33701169-4/080/81-47,"Gorkha Road Project, Gorkha",Upgrading of Gorkha Bimalnagar Mauwatar Thatipokhari Kerabari Dudhpokari Sadak(Bhandarthok Hudai Bayapani jodne Sadak and Thatipokhari Magargau Panitanki hudai Dumredada jodne Sadak),70286752.98,Works,NCB,In-Progress
21/NCB/TM/W/2082-83,"Tokha Municipality, Office of the Municipal Executive","Wada bhari sadak kalopatre (Pot Hole Repair), Srijanshil tole sadak storonati and Guras tole Sadak Overley Ward -8",2476553.59,Works,NCB,In-Progress
MMSI/WORKS/NCB/2082-83/33,Melamchi Municipality Office,"Okhreni Chorten Construction, ward no 04",2436641.81,Works,NCB,In-Progress
MMSI/WORKS/SQ/2082-83/06,Melamchi Municipality Office,Upgrading works of Bhemrang Bhirkuna Road,1522723.02,Works,Sealed Quotation,In-Progress
MMSI/WORKS/SQ/2082-83/28,Melamchi Municipality Office,Upgrading works of Okhrenichaur Chankal Chaur Batase Road,1183027.64,Works,Sealed Quotation,In-Progress
133/081/082,Krishi Samagri Company Limited,"Supply And Delivery Of 25,000(±2%) MT Chemical Fertilizer (DAP 18-46-0)",2557830000.00,Goods,ICB,Completed
MMSI/WORKS/SQ/2082-83/27,Melamchi Municipality Office,Construction works of Chipling Gumba and Chihaan ghat,1324185.52,Works,Sealed Quotation,In-Progress
MMSI/WORKS/SQ/2082-83/30,Melamchi Municipality Office,"Upgrading of Ramchung Chyuning watipang Road, ward 04",842178.77,Works,Sealed Quotation,In-Progress
MMSI/WORKS/SQ/2082-83/11,Melamchi Municipality Office,Construction works of Okhreni Foot Trail,1212590.92,Works,Sealed Quotation,Completed
MMSI/WORKS/SQ/2082-83/13,Melamchi Municipality Office,Gramid Sadak Sarsafai Tatha Shitaruaniti Karya,1409729.09,Works,Sealed Quotation,Completed
03/NCB/TM/W/2082-83,"Tokha Municipality, Office of the Municipal Executive","Bhandari Tole Jane Bato,Nawajyoti Marga,Jyoti Nagar Lagayat Mul Tatha Sahayak Sadakharu Kalopatre,Ward-10",3934017.71,Works,NCB,In-Progress
132/081/082,Krishi Samagri Company Limited,"Supply And Delivery Of 30,000(±2%) MT Chemical Fertilizer (UREA) 46-0-0",1950219000.00,Goods,ICB,Completed
PoAHS/G/NCB-28/2082-83 (Package A.1),Pokhara Academy of Health Sciences,Procurement of Cathlab related medicinal Items (Package A.1)),2945994.75,Goods,NCB,In-Progress
04/NCB/TM/W/2082-83,"Tokha Municipality, Office of the Municipal Executive",Ward No. 6 ko Bibhinna Sadak overlay Tatha Starunnati,4305280.13,Works,NCB,In-Progress
PoAHS/G/NCB-28/2082-83 (Package A.2),Pokhara Academy of Health Sciences,Procurement of Cathlab related medicinal Items (Package A.2)),12820324.60,Goods,NCB,In-Progress
PoAHS/G/NCB-28/2082-83 (Package B.1),Pokhara Academy of Health Sciences,Procurement of Cathlab related medicinal Items (Package B.1),621500.00,Goods,NCB,In-Progress
PoAHS/G/NCB-28/2082-83 (Package B.2),Pokhara Academy of Health Sciences,Procurement of Cathlab related medicinal Items (Package B.2)),5474047.70,Goods,NCB,In-Progress
PoAHS/G/NCB-28/2082-83 (Package B.3),Pokhara Academy of Health Sciences,Procurement of Cathlab related medicinal Items (Package B.3)),12300050.00,Goods,NCB,In-Progress
131/081/082,Krishi Samagri Company Limited,"Supply And Delivery Of 30,000(±2%) MT Chemical Fertilizer (UREA) 46-0-0",1837153500.00,Goods,ICB,Completed
PoAHS/G/NCB-35/2082-83 (A),Pokhara Academy of Health Sciences,ICU Related Medical Equipment (A),12359052.95,Goods,NCB,In-Progress
GRP/33701169-4/082/83-02,"Gorkha Road Project, Gorkha","Upgradation of road along Dalleswara-Chaturmala-Bhachhek Sadak, Ajirkot Gorkha",28490699.25,Works,NCB,In-Progress
PoAHS/G/NCB-35/2082-83 (B),Pokhara Academy of Health Sciences,Procurement of ICU Related Medical Equipment (B),2522160.00,Goods,NCB,In-Progress
GRP/337011694/082/83-03,"Gorkha Road Project, Gorkha",Upgradation of Road along Gairhi Chautara Hatiya Mailung Jalasaya Sadak Shadhid Lakhan Gorkha,27544384.75,Works,NCB,In-Progress
PoAHS/G/NCB-35/2082-83 (C),Pokhara Academy of Health Sciences,Procurement of ICU Related Medical Equipment (C),870100.00,Goods,NCB,In-Progress
130/080/081,Krishi Samagri Company Limited,"Supply And Delivery Of 25,000(±2%) MT Chemical Fertilizer (DAP 18-46-0)",2128272300.00,Goods,ICB,In-Progress
GRP/337011694/082/83-04,"Gorkha Road Project, Gorkha","Upgradation of road along Dewalighat-Ratmate-Mulabari-Tilaram Bhanjayang Kamaltar-Bhotekate-Opri-Luitel Bhanjyang Sadak, Grokha.",23242997.99,Works,NCB,In-Progress
129/080/081,Krishi Samagri Company Limited,"Supply And Delivery Of 25,000(±2%) MT Chemical Fertilizer (DAP 18-46-0)",2020700000.00,Goods,ICB,Completed
GRP/337011694/082/83-06,"Gorkha Road Project, Gorkha","Upgradation of road along Taku-Hudiphant-Swara-Saurparni-Ranchok-Pokhari Hudai Barpak, Gorkha.",23035019.23,Works,NCB,In-Progress
128/080/081,Krishi Samagri Company Limited,"Supply And Delivery Of 30,000(±2%) MT Chemical Fertilizer (UREA) 46-0-0",1643206944.00,Goods,ICB,In-Progress
GRP/337011694/082/83-07,"Gorkha Road Project, Gorkha","Upgradation of road along Dhodeni Saurpari Bhandargaun Sadak, Gorkha.",18339940.95,Works,NCB,In-Progress
GRP/337011694/082/83-08,"Gorkha Road Project, Gorkha",Upgradation of Road along Ghyampesal-Deurali-Taku-Hudiphant-Swara-Saurpani-Ranchok-Pokhari-Hudai Barpar Gorkha.,24890264.36,Works,NCB,In-Progress
23-2082/083/NRM/GOODS/SQ,Narainapur Rural Municipality,"Supply, Delivery, Installation and Testing of 100 KVA 11/0.4 KV Distribution Transformer at Narainapur New Administrative Office Building, Narainapur–4, Banke",1156905.30,Goods,Sealed Quotation,Completed
126/080/081,Krishi Samagri Company Limited,"Supply And Delivery Of 30,000(±2%) MT Chemical Fertilizer (UREA) 46-0-0",1720531206.00,Goods,ICB,Completed
127/080/081,Krishi Samagri Company Limited,"Supply And Delivery Of 30,000(±2%) MT Chemical Fertilizer (UREA) 46-0-0",1717188660.00,Goods,ICB,Completed
PoAHS/G/NCB-26/2082-83 (1),Pokhara Academy of Health Sciences,Procurement of Dialysis Related Medicinal Items (1),573475.00,Goods,NCB,In-Progress
PoAHS/G/NCB-26/2082-83 (2),Pokhara Academy of Health Sciences,Procurement of Dialysis Related Medicinal Items (2),10726129.50,Goods,NCB,In-Progress
PoAHS/G/NCB-26/2082-83 (3),Pokhara Academy of Health Sciences,Procurement of Dialysis Related Medicinal Items,5729100.00,Goods,NCB,In-Progress
PoAHS/G/NCB-33/2082-83 (1),Pokhara Academy of Health Sciences,Procurement of ENT related medical Equipment (1),2986703.00,Goods,NCB,Completed
PoAHS/G/NCB-33/2082-83 (2),Pokhara Academy of Health Sciences,Procurement of ENT related medical Equipment (2),1353740.00,Goods,NCB,Completed
MRM/NCB/WORKS/SB/2082/083-03,"Mangsebung Rural Municipality,Ilam",Construction of Basic School Building-3 in Mangsebung Rural Municipality,1966724.75,Works,NCB,Completed
PoAHS/G/NCB-25/2082-83  (Package B.1),Pokhara Academy of Health Sciences,Procurement of Lab Reagent and chemical III (Package B.1),770400.00,Goods,NCB,In-Progress
PoAHS/G/NCB-25/2082-83 (Package B.2),Pokhara Academy of Health Sciences,Procurement of Lab Reagents and Chemicals III (Package B.2),695260.75,Goods,NCB,In-Progress
PoAHS/G/NCB-25/2082-83  (Package D),Pokhara Academy of Health Sciences,Procurement of Lab Reagent and chemical III (Package D),1056533.05,Goods,NCB,In-Progress
18/SQ/TM/W/2082-83,"Tokha Municipality, Office of the Municipal Executive","Badhi Prakop Nyunikaranko Lagi Retaining Wall ko Uchai Badhaune Karya, ward-9",1026966.11,Works,Sealed Quotation,In-Progress
PoAHS/G/NCB-25/2082-83 (Package G),Pokhara Academy of Health Sciences,Procurement of Lab Reagents and Chemicals III (Package G),1067285.00,Goods,NCB,In-Progress
PoAHS/G/NCB-25/2082-83 (Package H),Pokhara Academy of Health Sciences,Procurement of Lab Reagents and Chemicals III,2823870.00,Goods,NCB,In-Progress
PoAHS/G/NCB-25/2082-83 (Package I),Pokhara Academy of Health Sciences,Procurement of Lab Reagents and Chemicals III (Package I),2074680.00,Goods,NCB,In-Progress
PoAHS/G/NCB-25/2082-83 (Package K),Pokhara Academy of Health Sciences,Procurement of Lab Reagents and Chemicals III (Package K),3388870.00,Goods,NCB,In-Progress
PoAHS/G/NCB-25/2082-83 (Package L),Pokhara Academy of Health Sciences,Procurement of Lab Reagents and Chemicals III (Package L),418665.00,Goods,NCB,In-Progress
PoAHS/G/NCB-25/2082-83 (Package M),Pokhara Academy of Health Sciences,Procurement of Lab Reagents and Chemicals III (Package M),5457222.00,Goods,NCB,In-Progress
PoAHS/G/NCB-25/2082-83 (Package P),Pokhara Academy of Health Sciences,Procurement of Lab Reagents and Chemicals III (Package P),2791100.00,Goods,NCB,In-Progress
PoAHS/G/NCB-25/2082-83 (Package Q),Pokhara Academy of Health Sciences,Procurement of Lab Reagents and Chemicals III (Package Q),1452050.00,Goods,NCB,In-Progress
MMSI/WORKS/NCB/2082-83/02,Melamchi Municipality Office,Construction Works of Bahunepati Thakle,28023143.49,Works,NCB,In-Progress
WSWRIDDO/Myagdi/SSISP/W/NCB/04/082/83,"Water supply, water resource and Irrigation Development Division, Myagdi","Construction of RCC Canal and Canal related structures of Samtung Sota ISP, Beni-04, Myagdi",3691661.62,Works,NCB,In-Progress
125/080/081,Krishi Samagri Company Limited,"Supply And Delivery Of 10,000(±2%) MT Chemical Fertilizer (POTASH) 0-0-60",578999520.00,Goods,ICB,Completed
PoAHS/G/NCB-16/2082-83 (1),Pokhara Academy of Health Sciences,rocurement of Surgical Item: Sutures (1),837194.40,Goods,NCB,In-Progress
RIDO/RUP/134/NCB/082-83/88,"Road Infrastructure Development office, Rupandehi",Upgrading of (i) Mokshyadham Marga Banatti Danda Ti.Na.Pa 13 & (ii )Devinagardekhi Siyariko Amuwa Jane Pitch Ti.Na.Pa. 14 (iii) Patwari Tol Sadak Staronnati Tilottama 14 (iv) Tikulijunj Chowk Dekhi Pa,4293834.52,Works,NCB,In-Progress
PoAHS/G/NCB-16/2082-83 (2),Pokhara Academy of Health Sciences,Procurement of Surgical Item: Sutures (2),2127903.00,Goods,NCB,In-Progress
WSWRIDDO/Myagdi/SKSISP/W/SQ/09/082/83,"Water supply, water resource and Irrigation Development Division, Myagdi","Construction of RCC Canal and Canal related structures of Simkuna Kaskari Satbise ISP, Mangala-03, Myagdi",1499568.50,Works,Sealed Quotation,In-Progress
WSWRIDDO/Myagdi/SBRT/W/NCB/03/082/83,"Water supply, water resource and Irrigation Development Division, Myagdi",Construction of revetment wall and other river training structures for myagdikhola training works at Mangala-2 Sima Bagar,2680652.20,Works,NCB,In-Progress
RIDO/RUP/134/NCB/082-83/89RE,"Road Infrastructure Development office, Rupandehi",Upgrading of Rambhadevi Tol Ghumti Sadak Nala Sahit Kalopatre Tilottama Na.Pa.03 Rupandehi,2334809.79,Works,NCB,In-Progress
31/NCB/TM/W/2081-82,"Tokha Municipality, Office of the Municipal Executive","Radhakrishna Tatha Panchakumari Mandirko Istaronnati,Ward-8",8289090.68,Works,NCB,In-Progress
RIDO/RUP/134/NCB/082-83/90,"Road Infrastructure Development office, Rupandehi","Upgrading of Bogadi BOP Purnikot Dekhi Marchwar E Pra. Ka Mukhya Sadak Hudai Majhgawa BOP Sadak, Rupandehi",1721257.56,Works,NCB,In-Progress
PoAHS/G/NCB-16/2082-83 (3),Pokhara Academy of Health Sciences,Procurement of Surgical Item: Sutures (3),52884.00,Goods,NCB,In-Progress
PoAHS/G/NCB-16/2082-83 (4),Pokhara Academy of Health Sciences,Procurement of Surgical Item: Sutures (4),79701.16,Goods,NCB,In-Progress
124/080/081,Krishi Samagri Company Limited,"Supply And Delivery Of 25,000(±2%) MT Chemical Fertilizer (DAP 18-46-0)",2423560500.00,Goods,ICB,Completed
RIDO/RUP/134/NCB/082-83/91,"Road Infrastructure Development office, Rupandehi","Upgrading of (i) Kanchhi Bazar Kerwani Hattifarsatikkar Madhuri Materiya Sadak (ii)Devdaha-2 Ko Shanti Chauk Jodane Kumbhi Chauk Jodane Batto, Rupandehi.",2073644.65,Works,NCB,In-Progress
WSWRIDDO/Myagdi/GBS/G/SQ/01/082/83,"Water supply, water resource and Irrigation Development Division, Myagdi",Supply and delivery of Heavy coated Machine made Gabion box (1.5mx1.0mx0.8m),1499568.50,Goods,Sealed Quotation,In-Progress
PoAHS/G/NCB-17/2082-83 (1),Pokhara Academy of Health Sciences,Procurement of Surgical Item : IV Canula (1),5048840.00,Goods,NCB,In-Progress
PoAHS/G/NCB-17/2082-83 (2),Pokhara Academy of Health Sciences,Procurement of Surgical Item : IV Canula (2),2542500.00,Goods,NCB,In-Progress
PoAHS/G/NCB-17/2082-83 (3),Pokhara Academy of Health Sciences,Procurement of Surgical Item : IV Canula (3),3953418.00,Goods,NCB,In-Progress
123/080/081,Krishi Samagri Company Limited,"Supply And Delivery Of 30,000(±2%) MT Chemical Fertilizer (UREA) 46-0-0",1801634436.00,Goods,ICB,Completed
122/080/081,Krishi Samagri Company Limited,"Supply And Delivery Of 30,000(±2%) MT Chemical Fertilizer (UREA) 46-0-0",1796555085.00,Goods,ICB,Completed
NRM/GOODS/SQ/SUBMERSIBLEPUMP/15-2082/083,Narainapur Rural Municipality,Supply and Delivery of Submersible Pump with all Necessary Accessories in Narainapur Rural Municipality (Ward No. 1 & 4),1645353.45,Goods,Sealed Quotation,Completed
121/080/081,Krishi Samagri Company Limited,"Supply And Delivery Of 30,000(±2%) MT Chemical Fertilizer (UREA) 46-0-0",2093613750.00,Goods,ICB,Completed
RIDO/RUP/134/NCB/082-83/92,"Road Infrastructure Development office, Rupandehi","Upgrading of (i) Maiti Nepal Agaadi Psachim Jaane Sadak Starunnati Si.Na.Pa.-09, Rupandehi (ii) Kantipur Chaul Krishana Path Sadak Starunnati Si.Na.Pa.-09, Rupandehi (iii) Si.Na.Pa.-09, Janswastha Pa",1908184.27,Works,NCB,Completed
NRM/GOODS/SQ/HANDPUMP/16-2082/083,Narainapur Rural Municipality,"Supply and Delivery of Hand Pump with all Necessary Accessories in Narainapur Rural Municipality (Ward No. 1, 4 & 5)",1790197.42,Goods,Sealed Quotation,Completed
RIDO/RUP/134/NCB/082-83/93,"Road Infrastructure Development office, Rupandehi","Upgrading of (i) Everest Path Sadak Starunati Si.Na.Pa.-03, Rupandehi. (ii) Buddha Santi Chauk Dekhi Samudayik Bhawan Samm Sadak Si.Na.Pa.-03, Rupandehi (iii) Pushpa Lal Path Batto Thatha Nalla Nirman",2571866.62,Works,NCB,In-Progress
RIDO/RUP/134/NCB/082-83/94,"Road Infrastructure Development office, Rupandehi","Upgrading of (i)Si.Na.Pa.-10 maa Raheko Wada Karyalaiya Dekhi Pascchim Gayeko Batto Dallan Garne,Rupandehi.(ii)Sisawa Gaau Dekhi Dakchhin Durgawaliya Pul Saam Sadak Starunnati Si.Na.Pa.-11, Rupandehi",1641430.97,Works,NCB,In-Progress
24-2082/083/NRM/WORKS/SQ,Narainapur Rural Municipality,"Construction of Gangapur Health Post Laboratory Room, Narainapur-6, Banke.",1315606.47,Works,Sealed Quotation,Completed
RIDO/RUP/134/NCB/082-83/95,"Road Infrastructure Development office, Rupandehi","Upgrading of (i)Siddhartha Pet Plant maa Jaane Sadak Starunnati Omsatiya-03, Rupandehi. (ii)BrijLal Yadav Ko Ghar Dekhi Ram Kumar Pasi Ko Ghar Jaane Sadak Omsatiya-02, Rupandehi (iii)Laxmi Narayan Pat",1516596.95,Works,NCB,In-Progress
PoAHS/G/NCB-06/2082-83 (Package B)(1),Pokhara Academy of Health Sciences,Procurement of Lab Reagent and Chemical I (Package B)(1),1874206.36,Goods,NCB,In-Progress
PoAHS/G/NCB-06/2082-83 (Package B) (2),Pokhara Academy of Health Sciences,Procurement of Lab Reagent and Chemical I (Package B) (2),6838443.60,Goods,NCB,In-Progress
27-2082/083/NRM/WORKS/SQ,Narainapur Rural Municipality,"Construction of Boundary Wall in Mahteniya Kavrastan, Narainapur-1, Banke.",743388.55,Works,Sealed Quotation,Completed
PoAHS/G/NCB-06/2082-83 (Package B) (3),Pokhara Academy of Health Sciences,Procurement of Lab Reagent and Chemical I (Package B) (3),3996581.74,Goods,NCB,In-Progress
120/080/081,Krishi Samagri Company Limited,"Supply And Delivery Of 20,000(±2%) MT Chemical Fertilizer (DAP 18-46-0)",1914503640.00,Goods,ICB,Completed
PoAHS/G/NCB-06/2081-82 (Package C),Pokhara Academy of Health Sciences,Procurement of Lab Reagent and chemical I (Package C),3563878.75,Goods,NCB,In-Progress
WSWRIDDO/Myagdi/BISP/W/NCB/02/080/81,"Water supply, water resource and Irrigation Development Division, Myagdi","Construction of Pipeline and RCC canal and canal related structures of Baduk ISP, Raghuganga-01 Myagdi",12482488.63,Works,NCB,In-Progress
PoAHS/G/NCB-06/2081-82 (Package E),Pokhara Academy of Health Sciences,Procurement of Lab Reagent and chemical I (Package E),1987557.00,Goods,NCB,In-Progress
PoAHS/G/NCB-06/2081-82 (Package N),Pokhara Academy of Health Sciences,Procurement of Lab Reagent and chemical I (Package N),3713971.00,Goods,NCB,In-Progress
PoAHS/G/NCB-06/2081-82 (Package O),Pokhara Academy of Health Sciences,Procurement of Lab Reagent and chemical I (Package O),2987720.00,Goods,NCB,In-Progress
(PoAHS/G/NCB-02/2082-83) (2),Pokhara Academy of Health Sciences,Procurement of X-Ray Film (2),8000400.00,Goods,NCB,In-Progress
30-2082/083/NRM/WORKS/SQ,Narainapur Rural Municipality,"Construction of PCC Road from Hulaki Road to Lilamali Giri House, Narainapur-6, Banke.",501327.30,Works,Sealed Quotation,Completed
MMSI/WORKS/NCB/2082-83/14,Melamchi Municipality Office,Construction of Incomplete Hostel Building at Kyoulethana aabhi,5376580.92,Works,NCB,In-Progress
WSWRIDDO/Myagdi/G/NCB-02/082/83,"Water supply, water resource and Irrigation Development Division, Myagdi","Supply and Delivery of GI Pipes, Fittings, Tools, Pump and its Accessories for Myagdi District",1668803.21,Goods,NCB,Completed
WSWRIDDO/Myagdi/LPWSP/W/NCB-06/082/83,"Water supply, water resource and Irrigation Development Division, Myagdi","Construction of Reservoir Tank, Distribution chamber and Transmission pipeline work for Lahareni Paudwar water supply projec, annapurna-5 Myagdi",2392986.18,Works,NCB,Completed
RIDO/RUP/134/SQ/082-83/96,"Road Infrastructure Development office, Rupandehi","Upgrading of Batwaliya Dekhi Kekarahawa Jaane Batto Nirman Omsatiya-06, Rupandehi",1075844.50,Works,NCB,In-Progress
117/080/081,Krishi Samagri Company Limited,"Supply And Delivery Of 30,000(±2%) MT Chemical Fertilizer (UREA) 46-0-0",1495950900.00,Goods,ICB,Completed
RIDO/RUP/134/SQ/082-83/97RE,"Road Infrastructure Development office, Rupandehi","Upgrading of Tarkullah Baghella Pul Dekhi Talwapur Jaane Sadak Samm Rohani, Rupandehi",1452526.04,Works,NCB,Completed
116/079/080,Krishi Samagri Company Limited,"Supply And Delivery Of 25,000(±2%) MT Chemical Fertilizer (DAP 18-46-0)",2055900000.00,Goods,ICB,Completed
115/079/080,Krishi Samagri Company Limited,"Supply And Delivery Of 30,000(±2%) MT Chemical Fertilizer (UREA) 46-0-0",1824752880.00,Goods,ICB,Completed
25-2082/083/NRM/WORKS/SQ,Narainapur Rural Municipality,"Construction of RCC Frame Structure Madarsha Building in Mardarsha Asgar Ali Kadariya Nasrul Ullum, Narainapur-6, Banke.",546868.56,Works,Sealed Quotation,Completed
26-2082/083/NRM/WORKS/SQ,Narainapur Rural Municipality,"Construction of Ashram Truss Roof in Barshikuti Dharmi Ashram, Narainapur-4, Banke.",579644.32,Works,Sealed Quotation,Completed
BM/W/NCB/082/083/05,Besisahar Municipality,Construction of Ward Office Building Ward no 10,4717063.42,Works,NCB,In-Progress
BM/W/NCB/082/083/06,Besisahar Municipality,Dhurpure Duithok Bimda Bakhrejagat Nalma Road Upgrading Work,5177598.47,Works,NCB,Completed
BM/W/NCB/082/083/07,Besisahar Municipality,"Construction/Upgrading of Roads Under Package( Ranikuwa-Tari-Bagar-Kagatibote Road, Besishahar Buspark Karpureshwor Park to Bahunbesi Link Road and Ranikuwa Gairi Deubuje Road)",4715098.69,Works,NCB,Completed
BM/W/NCB/082/083/08,Besisahar Municipality,Ritthebagar Bhakunde Tinpiple Tilahar Road Upgrading Work,3622125.51,Works,NCB,Completed
BM/W/NCB/082/083/09,Besisahar Municipality,Bhalam Khola Charchare Malebagar Drain Construction & Irrigation Project,1723924.40,Works,NCB,Completed
BM/W/NCB/082/083/11,Besisahar Municipality,Chandi Gausahar Purankot Road Upgarding Work,15742989.51,Works,NCB,In-Progress
BM/W/NCB/082/083/12,Besisahar Municipality,Construction/Finishing Work of Ward Office Building Ward no 03,3488052.11,Works,NCB,In-Progress
BM/W/NCB/082/083/13,Besisahar Municipality,Construction/Upgrading of Two Buildings In One Package (Srijana Ama Samuha Bhawan & Krisi Upaj Sankalan Kendra),2031210.57,Works,NCB,In-Progress
BM/W/NCB/082/083/14,Besisahar Municipality,"Construction of Basic Health Service Center Building , Ward No 01",3614803.99,Works,NCB,In-Progress
WSWRIDDO/Myagdi/G/NCB-01/082/83,"Water supply, water resource and Irrigation Development Division, Myagdi",Supply and delivery of PE 100 HDPE pipes for different water supply project of Myagdi District,2850743.66,Goods,NCB,Completed
22-2082/083/NRM/WORKS/SQ,Narainapur Rural Municipality,"Upgrading of Narainapur Administrative Office Field, Narainapur -4, Banke",1008637.00,Works,Sealed Quotation,Completed
NRM/GOODS/MEDICINE/SQ/17-2082/083,Narainapur Rural Municipality,Supply & Delivery of Essential Medicine and Surgical Items.,1631260.43,Goods,Sealed Quotation,Completed
RIDO/RUP/134/SQ/082-83/98,"Road Infrastructure Development office, Rupandehi","Upgrading of (i) Medical Pachhadi Sukla ko Ghar Dekhi Dakchhin Sadak Starunnati Si.Na.Pa.-01, Rupandehi. (ii)Medical Ko BMC Dekhi Bimal ko Khajuriya Jaane Sadak Starunnati Si.Na.Pa.-03, Rupandehi",795125.38,Works,Sealed Quotation,Completed
RIDO/RUP/134/SQ/082-83/99,"Road Infrastructure Development office, Rupandehi",Upgrading of Bethari Nibihawa Harharwa Hudai Pachbirwa Chhok Samma Sadak Kalopatre,1143075.88,Works,Sealed Quotation,In-Progress
RIDO/RUP/134/SQ/082-83/100,"Road Infrastructure Development office, Rupandehi","Upgrading of Kamal Tole Mata Tole Hudai Lumbini Road Niskane Kalo Patre Gaidahawa-8, Rupandehi",996631.50,Works,Sealed Quotation,Completed
RIDO/RUP/134/SQ/082-83/101,"Road Infrastructure Development office, Rupandehi","Upgrading of Sukauli Aama Prahari Chaukidekhi Bhabhai Banjarhi Aadwaliya Kalidah Mandir Lumbini Jane Sadak, Lu Sa Na Pa",1193502.36,Works,Sealed Quotation,Completed
RIDO/RUP/134/SQ/082-83/102,"Road Infrastructure Development office, Rupandehi",Upgrading of Birendra Ma.Vi.dekhi Durga mandir jane bato starunnati Siyari 5,544999.18,Works,Sealed Quotation,In-Progress
NRM/WORKS/NCB/BUILDING/20-2082/083,Narainapur Rural Municipality,"Construction of RCC One Storey Framed Structure Madarsha Building at Madarsha Fatijtul Ubra, Laxmanpur, Narainapur – 2, Banke.",1642768.70,Works,NCB,Completed
RIDO/RUP/134/SQ/082-83/103,"Road Infrastructure Development office, Rupandehi",Upgrading of Butwal 2 Maninukunda tole antargat Khalikath hotel dekhi Balaram Poudel ko ghar samma sadak nirman,776333.48,Works,Sealed Quotation,Completed
RIDO/RUP/134/SQ/082-83/104,"Road Infrastructure Development office, Rupandehi","Upgrading of Ramwapur Dekhi Semrahawa Jane Sadak Mayadevi, Rupandehi",1321225.80,Works,Sealed Quotation,In-Progress
RIDO/RUP/134/SQ/082-83/105RE,"Road Infrastructure Development office, Rupandehi","Upgrading of Pragyan Tole Jane Batoma Parne Kullo Dekhi Sunil Pandey ko Ghar Dekhi Gyan Prasad Poudel ko Ghar Samm Sadak, Rupandehi",761758.17,Works,Sealed Quotation,In-Progress
RIDO/RUP/134/NCB/082-83/106,"Road Infrastructure Development office, Rupandehi","Upgrading of (i) Aadarsnagar path Bato Starunnati Si.Na.Pa.-06, Rupandehi. (ii) Gallamandi samayamai path Jodane Bato Starunnati Si.Na.Pa.-06, Rupandehi (iii) Amarnath Path Dekhi Uttar Sahu Teli Kalya",2455627.46,Works,NCB,In-Progress
RIDO/RUP/134/NCB/082-83/107,"Road Infrastructure Development office, Rupandehi","Upgrading of (i) Buspark Pacchadi Anpurna path Dekhi Buddha path Jodne Sadak Si.Na.Pa.-01, Rupandehi. (ii) Krishana path Sadak Starunnati Si.Na.Pa.-08, Rupandehi. (iii) Gajendranath path Sadak Starunn",1567774.31,Works,NCB,In-Progress
RIDO/RUP/134/NCB/082-83/108,"Road Infrastructure Development office, Rupandehi","(i) Periodic Maintenance of Kalika Path (Tinkune to Horizonchowk) & (ii) Sadak Surakshya Karyakram, Rupandehi",9974400.46,Works,NCB,In-Progress
RIDO/RUP/134/NCB/082-83/109,"Road Infrastructure Development office, Rupandehi","(i) Bharat ko Boader Jodne Benipur Dekhi Taluli Jarksuwa Madhuri Badariya Kancchi Bazar Hudai Bharuhi Charenge Janne Batto Starunnati,Rupandehi & (ii)Pahilo Khand Bharat ko Boader Benipur Duboliya Dar",7960619.24,Works,NCB,In-Progress
RIDO/RUP/134/NCB/082-83/110,"Road Infrastructure Development office, Rupandehi","(i) Kotihawa Gaaun Dekhi Uchmmi Khola Samma Kalopatere Ti.Na.Pa 15 (ii) Bhalbari Danda Dekhi Jhuma Danda Jane Sadak Ti.Na.Pa 07, Rupandehi",2398619.54,Works,NCB,In-Progress
RIDO/RUP/134/NCB/082-83/111,"Road Infrastructure Development office, Rupandehi",Upgrading Of (i) Ekata Path Kalopatre Tatha Nabadurga Path Nali Marmat Ti.Na.Pa 03 Rupandehi (ii) Tilottama Ward no 03 Pragati Path Subha Bihani Tol Sadak Staronnati (iii) Shuva Bihani Tolma Nala Sahi,4104198.65,Works,NCB,In-Progress
RIDO/RUP/134/NCB/082-83/112,"Road Infrastructure Development office, Rupandehi","Upgrading of Dudhrakshya chowk Dakshin Sundarnagar jani sadak, Sainamaina 5,6, Rupandehi",2686305.83,Works,NCB,In-Progress
RIDO/RUP/134/NCB/082-83/113,"Road Infrastructure Development office, Rupandehi","Upgrading of Ramnagar Bayarkatti Jodne Apuro Sadak, Sainamaina-07, Rupandehi",5399801.38,Works,NCB,In-Progress
RIDO/RUP/134/NCB/082-83/114,"Road Infrastructure Development office, Rupandehi","Upgrading of (i) Lumbini Road Dekhi Sangam Path Jodne Apuro Sadak kalopatre, Sainamaina-7, Rupandehi & (ii) Sahid Narayan Pokharel Ramapur Campus Gate Dekhi Dakshin Santaunnapur Ghola samma dohoro dra",3640629.11,Works,NCB,In-Progress
MMSI/WORKS/NCB/2082-83/32,Melamchi Municipality Office,"Construction works of RCC building of Janata Secondary school, Melamchi-09",4284060.55,Works,NCB,In-Progress
MMSI/WORKS/NCB/2082-83/30,Melamchi Municipality Office,"Upgrading works of Chamkhu Gufadada Mulkharkha Road, Melamchi-09",2780542.74,Works,NCB,In-Progress
MMSI/WORKS/NCB/2082-83/17,Melamchi Municipality Office,"Construction works of Jalpadevi mandir, melamchi municipality ward no 2",6348989.24,Works,NCB,In-Progress
MMSI/WORKS/SQ/2082-83/12,Melamchi Municipality Office,Upgrading Works of Dadatol Dual Sapkota Tol Sadak,1165954.28,Works,Sealed Quotation,In-Progress
MMSI/WORKS/NCB/2082-83/26,Melamchi Municipality Office,Construction of Drinking water Supply Project at Melamchi Municipality,6920824.88,Works,NCB,In-Progress
MMSI/WORKS/NCB/2082-83/25,Melamchi Municipality Office,Infrastructure Development works at Melamchi 1 and 2 Chaukidanda Patalgufa Tapachuli Okhreni khola,3563594.27,Works,NCB,In-Progress
MMSI/WORKS/NCB/2082-83/11,Melamchi Municipality Office,Upgrading works of Dhimal Kanle Yeklebesi Jarke Krishi sadak,1714551.13,Works,NCB,In-Progress
PQPMC/WORKS/NCB/01-2082/83RE,Plant Qurantine and Pesticide Management Center,"Construction of Store House in Fumigation Chamber, Kirtipur",2417132.55,Works,NCB,In-Progress
WSWRIDDO/Myagdi/YKWSP/W/SQ-07/082/83,"Water supply, water resource and Irrigation Development Division, Myagdi","Construction of intake, reservoir tank and other water supply related works for yangkurung water supply project, Mangala 3 Myagdi",1928012.97,Works,Sealed Quotation,In-Progress
WSWRIDDO/Myagdi/DWSP/W/SQ-06/082/83,"Water supply, water resource and Irrigation Development Division, Myagdi","Construction of distribution chamber, interruption chamber, transmission pipeline and other water supply related works for darbang water supply project, Maliks 6 Myagdi",1929422.92,Works,Sealed Quotation,In-Progress
GMO/W/NCB/R/5/082-083,"Gauradaha Municipality, Office of the Municipal Executive,Gauradaha,Jhapa,Koshi Province, Nepal","CONSTRUCTION OF BLACK TOP ROAD ALONG CHANDAN CHOWK SAMABESHI MARGA SADAK AND ALONG ROAD TO WARD NO .04 OFFICE,GAURADAHA 4,8 JHAPA,NEPAL",6326056.27,Works,NCB,In-Progress
GMO/W/NCB/R/6/082-083,"Gauradaha Municipality, Office of the Municipal Executive,Gauradaha,Jhapa,Koshi Province, Nepal","CONSTRUCTION OF BLACK TOP ROAD ALONG WARD NO 01 KADDU DAADA-GURUNG CHOWK AND ALONG WARD NO 02 HIMAL CHOWK-WARD OFFICE SAJHEDARI SADAK,GAURADAHA-1,2,JHAPA NEPAL",7643472.73,Works,NCB,In-Progress
GMO/W/NCB/R/7/082-083,"Gauradaha Municipality, Office of the Municipal Executive,Gauradaha,Jhapa,Koshi Province, Nepal","CONSTRUCTION OF BLACK TOP ROAD ALONG JHAPA DISTRICT GAURADAHA WARD NO 05-CHANDU RAJPATI CHOWK CHIURAMIL ROAD UPGRADATION WORKS, ALONG JHAPA DISTRICT GAURADAHA WARD NO 9,7,6 BAIGUNDHURA GWALDUBBA ROAD",11767441.04,Works,NCB,In-Progress
GMO/W/NCB/B/3/082-083,"Gauradaha Municipality, Office of the Municipal Executive,Gauradaha,Jhapa,Koshi Province, Nepal","CONSTRUCTION OF JESTHA NAGARIK SAMUDAYIK BHAWAN (NIRMAN ADHURO KARYA PURA),GAURADAHA-05, JHAPA, NEPAL",2849953.80,Works,NCB,In-Progress
GMO/W/NCB/B/4/082-083,"Gauradaha Municipality, Office of the Municipal Executive,Gauradaha,Jhapa,Koshi Province, Nepal","CONSTRUCTION OF DHOBINIYA JESTHA NAGARIK BHAWAN NIRMAN ,GAURADAHA-03,JHAPA NEPAL",4397988.01,Works,NCB,In-Progress
GMO/W/NCB/R/8/082-083,"Gauradaha Municipality, Office of the Municipal Executive,Gauradaha,Jhapa,Koshi Province, Nepal","CONSTRUCTION OF SINHAPUR SADAK INTERLOCK AND OTHERS GAURADAHA-03,JHAPA,NEPAL",2637552.98,Works,NCB,In-Progress
GMO/W/NCB/B/1/082-083,"Gauradaha Municipality, Office of the Municipal Executive,Gauradaha,Jhapa,Koshi Province, Nepal","CONSTRUCTION OF SHREE JANATA SECONDARY SCHOOL ,GAURADAHA MUNICIPALITY-01,JHAPA,KOSHI PROVINCE,NEPAL",74676607.72,Works,NCB,In-Progress
GMO/W/NCB/B/5/082-083,"Gauradaha Municipality, Office of the Municipal Executive,Gauradaha,Jhapa,Koshi Province, Nepal","CONSTRUCTION OF SHREE AMAR MADHYAMIK BIDYALAYA,GAURADAHA-02,JHAPA, NEPAL",6952257.40,Works,NCB,In-Progress
GMO/W/NCB/B/6/082-083,"Gauradaha Municipality, Office of the Municipal Executive,Gauradaha,Jhapa,Koshi Province, Nepal","CONSTRUCTION OF SHREE AMAR MADHYAMIK BIDYALAYA,GAURADAHA-09,JHAPA, NEPAL",7096798.28,Works,NCB,In-Progress
GMO/W/NCB/B/7/082-083,"Gauradaha Municipality, Office of the Municipal Executive,Gauradaha,Jhapa,Koshi Province, Nepal","CONSTRUCTION OF EKIKRIT KRISHI BHAWAN,GAURADAHA-05,JHAPA, NEPAL",3448712.87,Works,NCB,In-Progress
