source_file,total_records,federal_count,provincial_count,local_count,unknown_count,output_files
/home/suchita/Desktop/Arranged data/contract_records.csv,2650,34,548,1039,1519,/home/suchita/Desktop/Final Arranged Data/Federal/contract_records_federal.csv | /home/suchita/Desktop/Final Arranged Data/Local/contract_records_local.csv | /home/suchita/Desktop/Final Arranged Data/Provincial/Koshi/contract_records_koshi.csv | /home/suchita/Desktop/Final Arranged Data/Provincial/Gandaki/contract_records_gandaki.csv | /home/suchita/Desktop/Final Arranged Data/Provincial/Lumbini/contract_records_lumbini.csv | /home/suchita/Desktop/Final Arranged Data/Unknown/contract_records_unknown.csv
/home/suchita/Desktop/Arranged data/extracted_tables/page_100_table_1.csv,7,2,0,0,5,/home/suchita/Desktop/Final Arranged Data/Federal/page_100_table_1_federal.csv | /home/suchita/Desktop/Final Arranged Data/Unknown/page_100_table_1_unknown.csv
/home/suchita/Desktop/Arranged data/extracted_tables/page_101_table_1.csv,10,2,0,0,8,/home/suchita/Desktop/Final Arranged Data/Federal/page_101_table_1_federal.csv | /home/suchita/Desktop/Final Arranged Data/Unknown/page_101_table_1_unknown.csv
/home/suchita/Desktop/Arranged data/extracted_tables/page_102_table_1.csv,8,2,0,0,6,/home/suchita/Desktop/Final Arranged Data/Federal/page_102_table_1_federal.csv | /home/suchita/Desktop/Final Arranged Data/Unknown/page_102_table_1_unknown.csv
/home/suchita/Desktop/Arranged data/extracted_tables/page_103_table_1.csv,10,3,0,0,7,/home/suchita/Desktop/Final Arranged Data/Federal/page_103_table_1_federal.csv | /home/suchita/Desktop/Final Arranged Data/Unknown/page_103_table_1_unknown.csv
/home/suchita/Desktop/Arranged data/extracted_tables/page_104_table_1.csv,12,4,0,0,8,/home/suchita/Desktop/Final Arranged Data/Federal/page_104_table_1_federal.csv | /home/suchita/Desktop/Final Arranged Data/Unknown/page_104_table_1_unknown.csv
/home/suchita/Desktop/Arranged data/extracted_tables/page_105_table_1.csv,18,5,0,0,13,/home/suchita/Desktop/Final Arranged Data/Federal/page_105_table_1_federal.csv | /home/suchita/Desktop/Final Arranged Data/Unknown/page_105_table_1_unknown.csv
/home/suchita/Desktop/Arranged data/extracted_tables/page_106_table_1.csv,6,1,0,0,5,/home/suchita/Desktop/Final Arranged Data/Federal/page_106_table_1_federal.csv | /home/suchita/Desktop/Final Arranged Data/Unknown/page_106_table_1_unknown.csv
/home/suchita/Desktop/Arranged data/extracted_tables/page_107_table_1.csv,9,2,0,0,7,/home/suchita/Desktop/Final Arranged Data/Federal/page_107_table_1_federal.csv | /home/suchita/Desktop/Final Arranged Data/Unknown/page_107_table_1_unknown.csv
/home/suchita/Desktop/Arranged data/extracted_tables/page_108_table_1.csv,6,1,0,0,5,/home/suchita/Desktop/Final Arranged Data/Federal/page_108_table_1_federal.csv | /home/suchita/Desktop/Final Arranged Data/Unknown/page_108_table_1_unknown.csv
/home/suchita/Desktop/Arranged data/extracted_tables/page_109_table_1.csv,10,2,0,0,8,/home/suchita/Desktop/Final Arranged Data/Federal/page_109_table_1_federal.csv | /home/suchita/Desktop/Final Arranged Data/Unknown/page_109_table_1_unknown.csv
/home/suchita/Desktop/Arranged data/extracted_tables/page_110_table_1.csv,12,3,0,0,9,/home/suchita/Desktop/Final Arranged Data/Federal/page_110_table_1_federal.csv | /home/suchita/Desktop/Final Arranged Data/Unknown/page_110_table_1_unknown.csv
/home/suchita/Desktop/Arranged data/extracted_tables/page_111_table_1.csv,10,3,0,0,7,/home/suchita/Desktop/Final Arranged Data/Federal/page_111_table_1_federal.csv | /home/suchita/Desktop/Final Arranged Data/Unknown/page_111_table_1_unknown.csv
/home/suchita/Desktop/Arranged data/extracted_tables/page_112_table_1.csv,10,3,0,0,7,/home/suchita/Desktop/Final Arranged Data/Federal/page_112_table_1_federal.csv | /home/suchita/Desktop/Final Arranged Data/Unknown/page_112_table_1_unknown.csv
/home/suchita/Desktop/Arranged data/extracted_tables/page_113_table_1.csv,8,2,0,0,6,/home/suchita/Desktop/Final Arranged Data/Federal/page_113_table_1_federal.csv | /home/suchita/Desktop/Final Arranged Data/Unknown/page_113_table_1_unknown.csv
/home/suchita/Desktop/Arranged data/extracted_tables/page_114_table_1.csv,11,3,0,0,8,/home/suchita/Desktop/Final Arranged Data/Federal/page_114_table_1_federal.csv | /home/suchita/Desktop/Final Arranged Data/Unknown/page_114_table_1_unknown.csv
/home/suchita/Desktop/Arranged data/extracted_tables/page_115_table_1.csv,10,3,0,0,7,/home/suchita/Desktop/Final Arranged Data/Federal/page_115_table_1_federal.csv | /home/suchita/Desktop/Final Arranged Data/Unknown/page_115_table_1_unknown.csv
/home/suchita/Desktop/Arranged data/extracted_tables/page_116_table_1.csv,10,3,0,0,7,/home/suchita/Desktop/Final Arranged Data/Federal/page_116_table_1_federal.csv | /home/suchita/Desktop/Final Arranged Data/Unknown/page_116_table_1_unknown.csv
/home/suchita/Desktop/Arranged data/extracted_tables/page_117_table_1.csv,7,2,0,0,5,/home/suchita/Desktop/Final Arranged Data/Federal/page_117_table_1_federal.csv | /home/suchita/Desktop/Final Arranged Data/Unknown/page_117_table_1_unknown.csv
/home/suchita/Desktop/Arranged data/extracted_tables/page_118_table_1.csv,8,2,0,0,6,/home/suchita/Desktop/Final Arranged Data/Federal/page_118_table_1_federal.csv | /home/suchita/Desktop/Final Arranged Data/Unknown/page_118_table_1_unknown.csv
/home/suchita/Desktop/Arranged data/extracted_tables/page_119_table_1.csv,10,3,0,0,7,/home/suchita/Desktop/Final Arranged Data/Federal/page_119_table_1_federal.csv | /home/suchita/Desktop/Final Arranged Data/Unknown/page_119_table_1_unknown.csv
/home/suchita/Desktop/Arranged data/extracted_tables/page_120_table_1.csv,7,2,0,0,5,/home/suchita/Desktop/Final Arranged Data/Federal/page_120_table_1_federal.csv | /home/suchita/Desktop/Final Arranged Data/Unknown/page_120_table_1_unknown.csv
/home/suchita/Desktop/Arranged data/extracted_tables/page_121_table_1.csv,8,2,0,0,6,/home/suchita/Desktop/Final Arranged Data/Federal/page_121_table_1_federal.csv | /home/suchita/Desktop/Final Arranged Data/Unknown/page_121_table_1_unknown.csv
/home/suchita/Desktop/Arranged data/extracted_tables/page_122_table_1.csv,9,2,0,0,7,/home/suchita/Desktop/Final Arranged Data/Federal/page_122_table_1_federal.csv | /home/suchita/Desktop/Final Arranged Data/Unknown/page_122_table_1_unknown.csv
/home/suchita/Desktop/Arranged data/extracted_tables/page_123_table_1.csv,10,3,0,0,7,/home/suchita/Desktop/Final Arranged Data/Federal/page_123_table_1_federal.csv | /home/suchita/Desktop/Final Arranged Data/Unknown/page_123_table_1_unknown.csv
/home/suchita/Desktop/Arranged data/extracted_tables/page_124_table_1.csv,8,2,0,0,6,/home/suchita/Desktop/Final Arranged Data/Federal/page_124_table_1_federal.csv | /home/suchita/Desktop/Final Arranged Data/Unknown/page_124_table_1_unknown.csv
/home/suchita/Desktop/Arranged data/extracted_tables/page_125_table_1.csv,10,3,0,0,7,/home/suchita/Desktop/Final Arranged Data/Federal/page_125_table_1_federal.csv | /home/suchita/Desktop/Final Arranged Data/Unknown/page_125_table_1_unknown.csv
/home/suchita/Desktop/Arranged data/extracted_tables/page_126_table_1.csv,10,3,0,0,7,/home/suchita/Desktop/Final Arranged Data/Federal/page_126_table_1_federal.csv | /home/suchita/Desktop/Final Arranged Data/Unknown/page_126_table_1_unknown.csv
/home/suchita/Desktop/Arranged data/extracted_tables/page_127_table_1.csv,15,5,0,0,10,/home/suchita/Desktop/Final Arranged Data/Federal/page_127_table_1_federal.csv | /home/suchita/Desktop/Final Arranged Data/Unknown/page_127_table_1_unknown.csv
/home/suchita/Desktop/Arranged data/extracted_tables/page_128_table_1.csv,12,3,0,0,9,/home/suchita/Desktop/Final Arranged Data/Federal/page_128_table_1_federal.csv | /home/suchita/Desktop/Final Arranged Data/Unknown/page_128_table_1_unknown.csv
/home/suchita/Desktop/Arranged data/extracted_tables/page_129_table_1.csv,5,1,0,0,4,/home/suchita/Desktop/Final Arranged Data/Federal/page_129_table_1_federal.csv | /home/suchita/Desktop/Final Arranged Data/Unknown/page_129_table_1_unknown.csv
/home/suchita/Desktop/Arranged data/extracted_tables/page_130_table_1.csv,7,2,0,0,5,/home/suchita/Desktop/Final Arranged Data/Federal/page_130_table_1_federal.csv | /home/suchita/Desktop/Final Arranged Data/Unknown/page_130_table_1_unknown.csv
/home/suchita/Desktop/Arranged data/extracted_tables/page_131_table_1.csv,20,6,0,0,14,/home/suchita/Desktop/Final Arranged Data/Federal/page_131_table_1_federal.csv | /home/suchita/Desktop/Final Arranged Data/Unknown/page_131_table_1_unknown.csv
/home/suchita/Desktop/Arranged data/extracted_tables/page_132_table_1.csv,7,2,0,0,5,/home/suchita/Desktop/Final Arranged Data/Federal/page_132_table_1_federal.csv | /home/suchita/Desktop/Final Arranged Data/Unknown/page_132_table_1_unknown.csv
/home/suchita/Desktop/Arranged data/extracted_tables/page_133_table_1.csv,11,3,0,0,8,/home/suchita/Desktop/Final Arranged Data/Federal/page_133_table_1_federal.csv | /home/suchita/Desktop/Final Arranged Data/Unknown/page_133_table_1_unknown.csv
/home/suchita/Desktop/Arranged data/extracted_tables/page_134_table_1.csv,15,3,0,0,12,/home/suchita/Desktop/Final Arranged Data/Federal/page_134_table_1_federal.csv | /home/suchita/Desktop/Final Arranged Data/Unknown/page_134_table_1_unknown.csv
/home/suchita/Desktop/Arranged data/extracted_tables/page_135_table_1.csv,10,3,0,0,7,/home/suchita/Desktop/Final Arranged Data/Federal/page_135_table_1_federal.csv | /home/suchita/Desktop/Final Arranged Data/Unknown/page_135_table_1_unknown.csv
/home/suchita/Desktop/Arranged data/extracted_tables/page_136_table_1.csv,10,3,0,0,7,/home/suchita/Desktop/Final Arranged Data/Federal/page_136_table_1_federal.csv | /home/suchita/Desktop/Final Arranged Data/Unknown/page_136_table_1_unknown.csv
/home/suchita/Desktop/Arranged data/extracted_tables/page_137_table_1.csv,14,4,0,0,10,/home/suchita/Desktop/Final Arranged Data/Federal/page_137_table_1_federal.csv | /home/suchita/Desktop/Final Arranged Data/Unknown/page_137_table_1_unknown.csv
/home/suchita/Desktop/Arranged data/extracted_tables/page_138_table_1.csv,5,1,0,0,4,/home/suchita/Desktop/Final Arranged Data/Federal/page_138_table_1_federal.csv | /home/suchita/Desktop/Final Arranged Data/Unknown/page_138_table_1_unknown.csv
/home/suchita/Desktop/Arranged data/extracted_tables/page_139_table_1.csv,9,2,0,0,7,/home/suchita/Desktop/Final Arranged Data/Federal/page_139_table_1_federal.csv | /home/suchita/Desktop/Final Arranged Data/Unknown/page_139_table_1_unknown.csv
/home/suchita/Desktop/Arranged data/extracted_tables/page_13_table_1.csv,27,1,0,0,26,/home/suchita/Desktop/Final Arranged Data/Federal/page_13_table_1_federal.csv | /home/suchita/Desktop/Final Arranged Data/Unknown/page_13_table_1_unknown.csv
/home/suchita/Desktop/Arranged data/extracted_tables/page_140_table_1.csv,10,3,0,0,7,/home/suchita/Desktop/Final Arranged Data/Federal/page_140_table_1_federal.csv | /home/suchita/Desktop/Final Arranged Data/Unknown/page_140_table_1_unknown.csv
/home/suchita/Desktop/Arranged data/extracted_tables/page_141_table_1.csv,9,2,0,0,7,/home/suchita/Desktop/Final Arranged Data/Federal/page_141_table_1_federal.csv | /home/suchita/Desktop/Final Arranged Data/Unknown/page_141_table_1_unknown.csv
/home/suchita/Desktop/Arranged data/extracted_tables/page_142_table_1.csv,11,3,0,0,8,/home/suchita/Desktop/Final Arranged Data/Federal/page_142_table_1_federal.csv | /home/suchita/Desktop/Final Arranged Data/Unknown/page_142_table_1_unknown.csv
/home/suchita/Desktop/Arranged data/extracted_tables/page_143_table_1.csv,9,2,0,0,7,/home/suchita/Desktop/Final Arranged Data/Federal/page_143_table_1_federal.csv | /home/suchita/Desktop/Final Arranged Data/Unknown/page_143_table_1_unknown.csv
/home/suchita/Desktop/Arranged data/extracted_tables/page_144_table_1.csv,8,2,0,0,6,/home/suchita/Desktop/Final Arranged Data/Federal/page_144_table_1_federal.csv | /home/suchita/Desktop/Final Arranged Data/Unknown/page_144_table_1_unknown.csv
/home/suchita/Desktop/Arranged data/extracted_tables/page_145_table_1.csv,10,3,0,0,7,/home/suchita/Desktop/Final Arranged Data/Federal/page_145_table_1_federal.csv | /home/suchita/Desktop/Final Arranged Data/Unknown/page_145_table_1_unknown.csv
/home/suchita/Desktop/Arranged data/extracted_tables/page_146_table_1.csv,10,3,0,0,7,/home/suchita/Desktop/Final Arranged Data/Federal/page_146_table_1_federal.csv | /home/suchita/Desktop/Final Arranged Data/Unknown/page_146_table_1_unknown.csv
/home/suchita/Desktop/Arranged data/extracted_tables/page_147_table_1.csv,10,3,0,0,7,/home/suchita/Desktop/Final Arranged Data/Federal/page_147_table_1_federal.csv | /home/suchita/Desktop/Final Arranged Data/Unknown/page_147_table_1_unknown.csv
/home/suchita/Desktop/Arranged data/extracted_tables/page_148_table_1.csv,10,3,0,0,7,/home/suchita/Desktop/Final Arranged Data/Federal/page_148_table_1_federal.csv | /home/suchita/Desktop/Final Arranged Data/Unknown/page_148_table_1_unknown.csv
/home/suchita/Desktop/Arranged data/extracted_tables/page_149_table_1.csv,13,4,0,0,9,/home/suchita/Desktop/Final Arranged Data/Federal/page_149_table_1_federal.csv | /home/suchita/Desktop/Final Arranged Data/Unknown/page_149_table_1_unknown.csv
/home/suchita/Desktop/Arranged data/extracted_tables/page_150_table_1.csv,10,3,0,0,7,/home/suchita/Desktop/Final Arranged Data/Federal/page_150_table_1_federal.csv | /home/suchita/Desktop/Final Arranged Data/Unknown/page_150_table_1_unknown.csv
/home/suchita/Desktop/Arranged data/extracted_tables/page_151_table_1.csv,10,3,0,0,7,/home/suchita/Desktop/Final Arranged Data/Federal/page_151_table_1_federal.csv | /home/suchita/Desktop/Final Arranged Data/Unknown/page_151_table_1_unknown.csv
/home/suchita/Desktop/Arranged data/extracted_tables/page_152_table_1.csv,13,4,0,0,9,/home/suchita/Desktop/Final Arranged Data/Federal/page_152_table_1_federal.csv | /home/suchita/Desktop/Final Arranged Data/Unknown/page_152_table_1_unknown.csv
/home/suchita/Desktop/Arranged data/extracted_tables/page_153_table_1.csv,9,2,0,0,7,/home/suchita/Desktop/Final Arranged Data/Federal/page_153_table_1_federal.csv | /home/suchita/Desktop/Final Arranged Data/Unknown/page_153_table_1_unknown.csv
/home/suchita/Desktop/Arranged data/extracted_tables/page_154_table_1.csv,10,3,0,0,7,/home/suchita/Desktop/Final Arranged Data/Federal/page_154_table_1_federal.csv | /home/suchita/Desktop/Final Arranged Data/Unknown/page_154_table_1_unknown.csv
/home/suchita/Desktop/Arranged data/extracted_tables/page_155_table_1.csv,10,3,0,0,7,/home/suchita/Desktop/Final Arranged Data/Federal/page_155_table_1_federal.csv | /home/suchita/Desktop/Final Arranged Data/Unknown/page_155_table_1_unknown.csv
/home/suchita/Desktop/Arranged data/extracted_tables/page_156_table_1.csv,15,5,0,0,10,/home/suchita/Desktop/Final Arranged Data/Federal/page_156_table_1_federal.csv | /home/suchita/Desktop/Final Arranged Data/Unknown/page_156_table_1_unknown.csv
/home/suchita/Desktop/Arranged data/extracted_tables/page_157_table_1.csv,10,3,0,0,7,/home/suchita/Desktop/Final Arranged Data/Federal/page_157_table_1_federal.csv | /home/suchita/Desktop/Final Arranged Data/Unknown/page_157_table_1_unknown.csv
/home/suchita/Desktop/Arranged data/extracted_tables/page_158_table_1.csv,10,3,0,0,7,/home/suchita/Desktop/Final Arranged Data/Federal/page_158_table_1_federal.csv | /home/suchita/Desktop/Final Arranged Data/Unknown/page_158_table_1_unknown.csv
/home/suchita/Desktop/Arranged data/extracted_tables/page_159_table_1.csv,15,5,0,0,10,/home/suchita/Desktop/Final Arranged Data/Federal/page_159_table_1_federal.csv | /home/suchita/Desktop/Final Arranged Data/Unknown/page_159_table_1_unknown.csv
/home/suchita/Desktop/Arranged data/extracted_tables/page_160_table_1.csv,10,3,0,0,7,/home/suchita/Desktop/Final Arranged Data/Federal/page_160_table_1_federal.csv | /home/suchita/Desktop/Final Arranged Data/Unknown/page_160_table_1_unknown.csv
/home/suchita/Desktop/Arranged data/extracted_tables/page_161_table_1.csv,7,2,0,0,5,/home/suchita/Desktop/Final Arranged Data/Federal/page_161_table_1_federal.csv | /home/suchita/Desktop/Final Arranged Data/Unknown/page_161_table_1_unknown.csv
/home/suchita/Desktop/Arranged data/extracted_tables/page_162_table_1.csv,8,2,0,0,6,/home/suchita/Desktop/Final Arranged Data/Federal/page_162_table_1_federal.csv | /home/suchita/Desktop/Final Arranged Data/Unknown/page_162_table_1_unknown.csv
/home/suchita/Desktop/Arranged data/extracted_tables/page_163_table_1.csv,10,3,0,0,7,/home/suchita/Desktop/Final Arranged Data/Federal/page_163_table_1_federal.csv | /home/suchita/Desktop/Final Arranged Data/Unknown/page_163_table_1_unknown.csv
/home/suchita/Desktop/Arranged data/extracted_tables/page_164_table_1.csv,13,4,0,0,9,/home/suchita/Desktop/Final Arranged Data/Federal/page_164_table_1_federal.csv | /home/suchita/Desktop/Final Arranged Data/Unknown/page_164_table_1_unknown.csv
/home/suchita/Desktop/Arranged data/extracted_tables/page_165_table_1.csv,10,3,0,0,7,/home/suchita/Desktop/Final Arranged Data/Federal/page_165_table_1_federal.csv | /home/suchita/Desktop/Final Arranged Data/Unknown/page_165_table_1_unknown.csv
/home/suchita/Desktop/Arranged data/extracted_tables/page_166_table_1.csv,10,3,0,0,7,/home/suchita/Desktop/Final Arranged Data/Federal/page_166_table_1_federal.csv | /home/suchita/Desktop/Final Arranged Data/Unknown/page_166_table_1_unknown.csv
/home/suchita/Desktop/Arranged data/extracted_tables/page_167_table_1.csv,12,4,0,0,8,/home/suchita/Desktop/Final Arranged Data/Federal/page_167_table_1_federal.csv | /home/suchita/Desktop/Final Arranged Data/Unknown/page_167_table_1_unknown.csv
/home/suchita/Desktop/Arranged data/extracted_tables/page_168_table_1.csv,9,2,0,0,7,/home/suchita/Desktop/Final Arranged Data/Federal/page_168_table_1_federal.csv | /home/suchita/Desktop/Final Arranged Data/Unknown/page_168_table_1_unknown.csv
/home/suchita/Desktop/Arranged data/extracted_tables/page_169_table_1.csv,8,2,0,0,6,/home/suchita/Desktop/Final Arranged Data/Federal/page_169_table_1_federal.csv | /home/suchita/Desktop/Final Arranged Data/Unknown/page_169_table_1_unknown.csv
/home/suchita/Desktop/Arranged data/extracted_tables/page_170_table_1.csv,10,3,0,0,7,/home/suchita/Desktop/Final Arranged Data/Federal/page_170_table_1_federal.csv | /home/suchita/Desktop/Final Arranged Data/Unknown/page_170_table_1_unknown.csv
/home/suchita/Desktop/Arranged data/extracted_tables/page_171_table_1.csv,11,3,0,0,8,/home/suchita/Desktop/Final Arranged Data/Federal/page_171_table_1_federal.csv | /home/suchita/Desktop/Final Arranged Data/Unknown/page_171_table_1_unknown.csv
/home/suchita/Desktop/Arranged data/extracted_tables/page_172_table_1.csv,9,2,0,0,7,/home/suchita/Desktop/Final Arranged Data/Federal/page_172_table_1_federal.csv | /home/suchita/Desktop/Final Arranged Data/Unknown/page_172_table_1_unknown.csv
/home/suchita/Desktop/Arranged data/extracted_tables/page_173_table_1.csv,11,3,0,0,8,/home/suchita/Desktop/Final Arranged Data/Federal/page_173_table_1_federal.csv | /home/suchita/Desktop/Final Arranged Data/Unknown/page_173_table_1_unknown.csv
/home/suchita/Desktop/Arranged data/extracted_tables/page_174_table_1.csv,7,2,0,0,5,/home/suchita/Desktop/Final Arranged Data/Federal/page_174_table_1_federal.csv | /home/suchita/Desktop/Final Arranged Data/Unknown/page_174_table_1_unknown.csv
/home/suchita/Desktop/Arranged data/extracted_tables/page_175_table_1.csv,10,3,0,0,7,/home/suchita/Desktop/Final Arranged Data/Federal/page_175_table_1_federal.csv | /home/suchita/Desktop/Final Arranged Data/Unknown/page_175_table_1_unknown.csv
/home/suchita/Desktop/Arranged data/extracted_tables/page_176_table_1.csv,9,2,0,0,7,/home/suchita/Desktop/Final Arranged Data/Federal/page_176_table_1_federal.csv | /home/suchita/Desktop/Final Arranged Data/Unknown/page_176_table_1_unknown.csv
/home/suchita/Desktop/Arranged data/extracted_tables/page_177_table_1.csv,5,1,0,0,4,/home/suchita/Desktop/Final Arranged Data/Federal/page_177_table_1_federal.csv | /home/suchita/Desktop/Final Arranged Data/Unknown/page_177_table_1_unknown.csv
/home/suchita/Desktop/Arranged data/extracted_tables/page_178_table_1.csv,12,3,0,0,9,/home/suchita/Desktop/Final Arranged Data/Federal/page_178_table_1_federal.csv | /home/suchita/Desktop/Final Arranged Data/Unknown/page_178_table_1_unknown.csv
/home/suchita/Desktop/Arranged data/extracted_tables/page_179_table_1.csv,10,3,0,0,7,/home/suchita/Desktop/Final Arranged Data/Federal/page_179_table_1_federal.csv | /home/suchita/Desktop/Final Arranged Data/Unknown/page_179_table_1_unknown.csv
/home/suchita/Desktop/Arranged data/extracted_tables/page_17_table_1.csv,14,4,0,0,10,/home/suchita/Desktop/Final Arranged Data/Federal/page_17_table_1_federal.csv | /home/suchita/Desktop/Final Arranged Data/Unknown/page_17_table_1_unknown.csv
/home/suchita/Desktop/Arranged data/extracted_tables/page_180_table_1.csv,7,2,0,0,5,/home/suchita/Desktop/Final Arranged Data/Federal/page_180_table_1_federal.csv | /home/suchita/Desktop/Final Arranged Data/Unknown/page_180_table_1_unknown.csv
/home/suchita/Desktop/Arranged data/extracted_tables/page_181_table_1.csv,12,3,0,0,9,/home/suchita/Desktop/Final Arranged Data/Federal/page_181_table_1_federal.csv | /home/suchita/Desktop/Final Arranged Data/Unknown/page_181_table_1_unknown.csv
/home/suchita/Desktop/Arranged data/extracted_tables/page_182_table_1.csv,10,3,0,0,7,/home/suchita/Desktop/Final Arranged Data/Federal/page_182_table_1_federal.csv | /home/suchita/Desktop/Final Arranged Data/Unknown/page_182_table_1_unknown.csv
/home/suchita/Desktop/Arranged data/extracted_tables/page_183_table_1.csv,10,3,0,0,7,/home/suchita/Desktop/Final Arranged Data/Federal/page_183_table_1_federal.csv | /home/suchita/Desktop/Final Arranged Data/Unknown/page_183_table_1_unknown.csv
/home/suchita/Desktop/Arranged data/extracted_tables/page_184_table_1.csv,12,3,0,0,9,/home/suchita/Desktop/Final Arranged Data/Federal/page_184_table_1_federal.csv | /home/suchita/Desktop/Final Arranged Data/Unknown/page_184_table_1_unknown.csv
/home/suchita/Desktop/Arranged data/extracted_tables/page_185_table_1.csv,8,2,0,0,6,/home/suchita/Desktop/Final Arranged Data/Federal/page_185_table_1_federal.csv | /home/suchita/Desktop/Final Arranged Data/Unknown/page_185_table_1_unknown.csv
/home/suchita/Desktop/Arranged data/extracted_tables/page_186_table_1.csv,12,3,0,0,9,/home/suchita/Desktop/Final Arranged Data/Federal/page_186_table_1_federal.csv | /home/suchita/Desktop/Final Arranged Data/Unknown/page_186_table_1_unknown.csv
/home/suchita/Desktop/Arranged data/extracted_tables/page_187_table_1.csv,7,2,0,0,5,/home/suchita/Desktop/Final Arranged Data/Federal/page_187_table_1_federal.csv | /home/suchita/Desktop/Final Arranged Data/Unknown/page_187_table_1_unknown.csv
/home/suchita/Desktop/Arranged data/extracted_tables/page_188_table_1.csv,12,3,0,0,9,/home/suchita/Desktop/Final Arranged Data/Federal/page_188_table_1_federal.csv | /home/suchita/Desktop/Final Arranged Data/Unknown/page_188_table_1_unknown.csv
/home/suchita/Desktop/Arranged data/extracted_tables/page_189_table_1.csv,7,2,0,0,5,/home/suchita/Desktop/Final Arranged Data/Federal/page_189_table_1_federal.csv | /home/suchita/Desktop/Final Arranged Data/Unknown/page_189_table_1_unknown.csv
/home/suchita/Desktop/Arranged data/extracted_tables/page_18_table_1.csv,13,3,0,0,10,/home/suchita/Desktop/Final Arranged Data/Federal/page_18_table_1_federal.csv | /home/suchita/Desktop/Final Arranged Data/Unknown/page_18_table_1_unknown.csv
/home/suchita/Desktop/Arranged data/extracted_tables/page_190_table_1.csv,12,3,0,0,9,/home/suchita/Desktop/Final Arranged Data/Federal/page_190_table_1_federal.csv | /home/suchita/Desktop/Final Arranged Data/Unknown/page_190_table_1_unknown.csv
/home/suchita/Desktop/Arranged data/extracted_tables/page_191_table_1.csv,8,2,0,0,6,/home/suchita/Desktop/Final Arranged Data/Federal/page_191_table_1_federal.csv | /home/suchita/Desktop/Final Arranged Data/Unknown/page_191_table_1_unknown.csv
/home/suchita/Desktop/Arranged data/extracted_tables/page_192_table_1.csv,6,1,0,0,5,/home/suchita/Desktop/Final Arranged Data/Federal/page_192_table_1_federal.csv | /home/suchita/Desktop/Final Arranged Data/Unknown/page_192_table_1_unknown.csv
/home/suchita/Desktop/Arranged data/extracted_tables/page_193_table_1.csv,10,3,0,0,7,/home/suchita/Desktop/Final Arranged Data/Federal/page_193_table_1_federal.csv | /home/suchita/Desktop/Final Arranged Data/Unknown/page_193_table_1_unknown.csv
/home/suchita/Desktop/Arranged data/extracted_tables/page_194_table_1.csv,10,3,0,0,7,/home/suchita/Desktop/Final Arranged Data/Federal/page_194_table_1_federal.csv | /home/suchita/Desktop/Final Arranged Data/Unknown/page_194_table_1_unknown.csv
/home/suchita/Desktop/Arranged data/extracted_tables/page_195_table_1.csv,10,3,0,0,7,/home/suchita/Desktop/Final Arranged Data/Federal/page_195_table_1_federal.csv | /home/suchita/Desktop/Final Arranged Data/Unknown/page_195_table_1_unknown.csv
/home/suchita/Desktop/Arranged data/extracted_tables/page_196_table_1.csv,7,2,0,0,5,/home/suchita/Desktop/Final Arranged Data/Federal/page_196_table_1_federal.csv | /home/suchita/Desktop/Final Arranged Data/Unknown/page_196_table_1_unknown.csv
/home/suchita/Desktop/Arranged data/extracted_tables/page_197_table_1.csv,16,5,0,0,11,/home/suchita/Desktop/Final Arranged Data/Federal/page_197_table_1_federal.csv | /home/suchita/Desktop/Final Arranged Data/Unknown/page_197_table_1_unknown.csv
/home/suchita/Desktop/Arranged data/extracted_tables/page_198_table_1.csv,7,2,0,0,5,/home/suchita/Desktop/Final Arranged Data/Federal/page_198_table_1_federal.csv | /home/suchita/Desktop/Final Arranged Data/Unknown/page_198_table_1_unknown.csv
/home/suchita/Desktop/Arranged data/extracted_tables/page_199_table_1.csv,8,2,0,0,6,/home/suchita/Desktop/Final Arranged Data/Federal/page_199_table_1_federal.csv | /home/suchita/Desktop/Final Arranged Data/Unknown/page_199_table_1_unknown.csv
/home/suchita/Desktop/Arranged data/extracted_tables/page_19_table_1.csv,11,3,0,0,8,/home/suchita/Desktop/Final Arranged Data/Federal/page_19_table_1_federal.csv | /home/suchita/Desktop/Final Arranged Data/Unknown/page_19_table_1_unknown.csv
/home/suchita/Desktop/Arranged data/extracted_tables/page_200_table_1.csv,10,3,0,0,7,/home/suchita/Desktop/Final Arranged Data/Federal/page_200_table_1_federal.csv | /home/suchita/Desktop/Final Arranged Data/Unknown/page_200_table_1_unknown.csv
/home/suchita/Desktop/Arranged data/extracted_tables/page_201_table_1.csv,10,3,0,0,7,/home/suchita/Desktop/Final Arranged Data/Federal/page_201_table_1_federal.csv | /home/suchita/Desktop/Final Arranged Data/Unknown/page_201_table_1_unknown.csv
/home/suchita/Desktop/Arranged data/extracted_tables/page_202_table_1.csv,10,3,0,0,7,/home/suchita/Desktop/Final Arranged Data/Federal/page_202_table_1_federal.csv | /home/suchita/Desktop/Final Arranged Data/Unknown/page_202_table_1_unknown.csv
/home/suchita/Desktop/Arranged data/extracted_tables/page_203_table_1.csv,8,2,0,0,6,/home/suchita/Desktop/Final Arranged Data/Federal/page_203_table_1_federal.csv | /home/suchita/Desktop/Final Arranged Data/Unknown/page_203_table_1_unknown.csv
/home/suchita/Desktop/Arranged data/extracted_tables/page_204_table_1.csv,10,3,0,0,7,/home/suchita/Desktop/Final Arranged Data/Federal/page_204_table_1_federal.csv | /home/suchita/Desktop/Final Arranged Data/Unknown/page_204_table_1_unknown.csv
/home/suchita/Desktop/Arranged data/extracted_tables/page_205_table_1.csv,5,1,0,0,4,/home/suchita/Desktop/Final Arranged Data/Federal/page_205_table_1_federal.csv | /home/suchita/Desktop/Final Arranged Data/Unknown/page_205_table_1_unknown.csv
/home/suchita/Desktop/Arranged data/extracted_tables/page_206_table_1.csv,13,3,0,0,10,/home/suchita/Desktop/Final Arranged Data/Federal/page_206_table_1_federal.csv | /home/suchita/Desktop/Final Arranged Data/Unknown/page_206_table_1_unknown.csv
/home/suchita/Desktop/Arranged data/extracted_tables/page_207_table_1.csv,6,1,0,0,5,/home/suchita/Desktop/Final Arranged Data/Federal/page_207_table_1_federal.csv | /home/suchita/Desktop/Final Arranged Data/Unknown/page_207_table_1_unknown.csv
/home/suchita/Desktop/Arranged data/extracted_tables/page_208_table_1.csv,10,2,0,0,8,/home/suchita/Desktop/Final Arranged Data/Federal/page_208_table_1_federal.csv | /home/suchita/Desktop/Final Arranged Data/Unknown/page_208_table_1_unknown.csv
/home/suchita/Desktop/Arranged data/extracted_tables/page_209_table_1.csv,7,2,0,0,5,/home/suchita/Desktop/Final Arranged Data/Federal/page_209_table_1_federal.csv | /home/suchita/Desktop/Final Arranged Data/Unknown/page_209_table_1_unknown.csv
/home/suchita/Desktop/Arranged data/extracted_tables/page_20_table_1.csv,14,5,0,0,9,/home/suchita/Desktop/Final Arranged Data/Federal/page_20_table_1_federal.csv | /home/suchita/Desktop/Final Arranged Data/Unknown/page_20_table_1_unknown.csv
/home/suchita/Desktop/Arranged data/extracted_tables/page_210_table_1.csv,11,1,0,0,10,/home/suchita/Desktop/Final Arranged Data/Federal/page_210_table_1_federal.csv | /home/suchita/Desktop/Final Arranged Data/Unknown/page_210_table_1_unknown.csv
/home/suchita/Desktop/Arranged data/extracted_tables/page_211_table_1.csv,9,2,0,0,7,/home/suchita/Desktop/Final Arranged Data/Federal/page_211_table_1_federal.csv | /home/suchita/Desktop/Final Arranged Data/Unknown/page_211_table_1_unknown.csv
/home/suchita/Desktop/Arranged data/extracted_tables/page_212_table_1.csv,10,3,0,0,7,/home/suchita/Desktop/Final Arranged Data/Federal/page_212_table_1_federal.csv | /home/suchita/Desktop/Final Arranged Data/Unknown/page_212_table_1_unknown.csv
/home/suchita/Desktop/Arranged data/extracted_tables/page_213_table_1.csv,10,1,0,0,9,/home/suchita/Desktop/Final Arranged Data/Federal/page_213_table_1_federal.csv | /home/suchita/Desktop/Final Arranged Data/Unknown/page_213_table_1_unknown.csv
/home/suchita/Desktop/Arranged data/extracted_tables/page_214_table_1.csv,10,1,0,0,9,/home/suchita/Desktop/Final Arranged Data/Federal/page_214_table_1_federal.csv | /home/suchita/Desktop/Final Arranged Data/Unknown/page_214_table_1_unknown.csv
/home/suchita/Desktop/Arranged data/extracted_tables/page_215_table_1.csv,10,3,0,0,7,/home/suchita/Desktop/Final Arranged Data/Federal/page_215_table_1_federal.csv | /home/suchita/Desktop/Final Arranged Data/Unknown/page_215_table_1_unknown.csv
/home/suchita/Desktop/Arranged data/extracted_tables/page_216_table_1.csv,7,2,0,0,5,/home/suchita/Desktop/Final Arranged Data/Federal/page_216_table_1_federal.csv | /home/suchita/Desktop/Final Arranged Data/Unknown/page_216_table_1_unknown.csv
/home/suchita/Desktop/Arranged data/extracted_tables/page_217_table_1.csv,8,2,0,0,6,/home/suchita/Desktop/Final Arranged Data/Federal/page_217_table_1_federal.csv | /home/suchita/Desktop/Final Arranged Data/Unknown/page_217_table_1_unknown.csv
/home/suchita/Desktop/Arranged data/extracted_tables/page_218_table_1.csv,10,3,0,0,7,/home/suchita/Desktop/Final Arranged Data/Federal/page_218_table_1_federal.csv | /home/suchita/Desktop/Final Arranged Data/Unknown/page_218_table_1_unknown.csv
/home/suchita/Desktop/Arranged data/extracted_tables/page_219_table_1.csv,10,3,0,0,7,/home/suchita/Desktop/Final Arranged Data/Federal/page_219_table_1_federal.csv | /home/suchita/Desktop/Final Arranged Data/Unknown/page_219_table_1_unknown.csv
/home/suchita/Desktop/Arranged data/extracted_tables/page_21_table_1.csv,14,4,0,0,10,/home/suchita/Desktop/Final Arranged Data/Federal/page_21_table_1_federal.csv | /home/suchita/Desktop/Final Arranged Data/Unknown/page_21_table_1_unknown.csv
/home/suchita/Desktop/Arranged data/extracted_tables/page_220_table_1.csv,7,2,0,0,5,/home/suchita/Desktop/Final Arranged Data/Federal/page_220_table_1_federal.csv | /home/suchita/Desktop/Final Arranged Data/Unknown/page_220_table_1_unknown.csv
/home/suchita/Desktop/Arranged data/extracted_tables/page_221_table_1.csv,8,2,0,0,6,/home/suchita/Desktop/Final Arranged Data/Federal/page_221_table_1_federal.csv | /home/suchita/Desktop/Final Arranged Data/Unknown/page_221_table_1_unknown.csv
/home/suchita/Desktop/Arranged data/extracted_tables/page_222_table_1.csv,9,2,0,0,7,/home/suchita/Desktop/Final Arranged Data/Federal/page_222_table_1_federal.csv | /home/suchita/Desktop/Final Arranged Data/Unknown/page_222_table_1_unknown.csv
/home/suchita/Desktop/Arranged data/extracted_tables/page_223_table_1.csv,10,3,0,0,7,/home/suchita/Desktop/Final Arranged Data/Federal/page_223_table_1_federal.csv | /home/suchita/Desktop/Final Arranged Data/Unknown/page_223_table_1_unknown.csv
/home/suchita/Desktop/Arranged data/extracted_tables/page_224_table_1.csv,7,2,0,0,5,/home/suchita/Desktop/Final Arranged Data/Federal/page_224_table_1_federal.csv | /home/suchita/Desktop/Final Arranged Data/Unknown/page_224_table_1_unknown.csv
/home/suchita/Desktop/Arranged data/extracted_tables/page_225_table_1.csv,8,1,0,0,7,/home/suchita/Desktop/Final Arranged Data/Federal/page_225_table_1_federal.csv | /home/suchita/Desktop/Final Arranged Data/Unknown/page_225_table_1_unknown.csv
/home/suchita/Desktop/Arranged data/extracted_tables/page_226_table_1.csv,10,3,0,0,7,/home/suchita/Desktop/Final Arranged Data/Federal/page_226_table_1_federal.csv | /home/suchita/Desktop/Final Arranged Data/Unknown/page_226_table_1_unknown.csv
/home/suchita/Desktop/Arranged data/extracted_tables/page_227_table_1.csv,10,2,0,0,8,/home/suchita/Desktop/Final Arranged Data/Federal/page_227_table_1_federal.csv | /home/suchita/Desktop/Final Arranged Data/Unknown/page_227_table_1_unknown.csv
/home/suchita/Desktop/Arranged data/extracted_tables/page_22_table_1.csv,14,4,0,0,10,/home/suchita/Desktop/Final Arranged Data/Federal/page_22_table_1_federal.csv | /home/suchita/Desktop/Final Arranged Data/Unknown/page_22_table_1_unknown.csv
/home/suchita/Desktop/Arranged data/extracted_tables/page_23_table_1.csv,14,4,0,0,10,/home/suchita/Desktop/Final Arranged Data/Federal/page_23_table_1_federal.csv | /home/suchita/Desktop/Final Arranged Data/Unknown/page_23_table_1_unknown.csv
/home/suchita/Desktop/Arranged data/extracted_tables/page_24_table_1.csv,15,4,0,0,11,/home/suchita/Desktop/Final Arranged Data/Federal/page_24_table_1_federal.csv | /home/suchita/Desktop/Final Arranged Data/Unknown/page_24_table_1_unknown.csv
/home/suchita/Desktop/Arranged data/extracted_tables/page_25_table_1.csv,21,6,0,0,15,/home/suchita/Desktop/Final Arranged Data/Federal/page_25_table_1_federal.csv | /home/suchita/Desktop/Final Arranged Data/Unknown/page_25_table_1_unknown.csv
/home/suchita/Desktop/Arranged data/extracted_tables/page_26_table_1.csv,36,10,0,0,26,/home/suchita/Desktop/Final Arranged Data/Federal/page_26_table_1_federal.csv | /home/suchita/Desktop/Final Arranged Data/Unknown/page_26_table_1_unknown.csv
/home/suchita/Desktop/Arranged data/extracted_tables/page_27_table_1.csv,32,9,0,0,23,/home/suchita/Desktop/Final Arranged Data/Federal/page_27_table_1_federal.csv | /home/suchita/Desktop/Final Arranged Data/Unknown/page_27_table_1_unknown.csv
/home/suchita/Desktop/Arranged data/extracted_tables/page_28_table_1.csv,37,11,0,0,26,/home/suchita/Desktop/Final Arranged Data/Federal/page_28_table_1_federal.csv | /home/suchita/Desktop/Final Arranged Data/Unknown/page_28_table_1_unknown.csv
/home/suchita/Desktop/Arranged data/extracted_tables/page_29_table_1.csv,8,2,0,0,6,/home/suchita/Desktop/Final Arranged Data/Federal/page_29_table_1_federal.csv | /home/suchita/Desktop/Final Arranged Data/Unknown/page_29_table_1_unknown.csv
/home/suchita/Desktop/Arranged data/extracted_tables/page_35_table_1.csv,5,1,0,0,4,/home/suchita/Desktop/Final Arranged Data/Federal/page_35_table_1_federal.csv | /home/suchita/Desktop/Final Arranged Data/Unknown/page_35_table_1_unknown.csv
/home/suchita/Desktop/Arranged data/extracted_tables/page_36_table_1.csv,5,0,0,0,5,/home/suchita/Desktop/Final Arranged Data/Unknown/page_36_table_1_unknown.csv
/home/suchita/Desktop/Arranged data/extracted_tables/page_37_table_1.csv,5,0,0,0,5,/home/suchita/Desktop/Final Arranged Data/Unknown/page_37_table_1_unknown.csv
/home/suchita/Desktop/Arranged data/extracted_tables/page_38_table_1.csv,5,1,0,0,4,/home/suchita/Desktop/Final Arranged Data/Federal/page_38_table_1_federal.csv | /home/suchita/Desktop/Final Arranged Data/Unknown/page_38_table_1_unknown.csv
/home/suchita/Desktop/Arranged data/extracted_tables/page_39_table_1.csv,5,0,0,0,5,/home/suchita/Desktop/Final Arranged Data/Unknown/page_39_table_1_unknown.csv
/home/suchita/Desktop/Arranged data/extracted_tables/page_3_table_1.csv,2,1,0,0,1,/home/suchita/Desktop/Final Arranged Data/Federal/page_3_table_1_federal.csv | /home/suchita/Desktop/Final Arranged Data/Unknown/page_3_table_1_unknown.csv
/home/suchita/Desktop/Arranged data/extracted_tables/page_3_table_2.csv,2,1,0,0,1,/home/suchita/Desktop/Final Arranged Data/Federal/page_3_table_2_federal.csv | /home/suchita/Desktop/Final Arranged Data/Unknown/page_3_table_2_unknown.csv
/home/suchita/Desktop/Arranged data/extracted_tables/page_43_table_1.csv,8,2,0,0,6,/home/suchita/Desktop/Final Arranged Data/Federal/page_43_table_1_federal.csv | /home/suchita/Desktop/Final Arranged Data/Unknown/page_43_table_1_unknown.csv
/home/suchita/Desktop/Arranged data/extracted_tables/page_44_table_1.csv,10,3,0,0,7,/home/suchita/Desktop/Final Arranged Data/Federal/page_44_table_1_federal.csv | /home/suchita/Desktop/Final Arranged Data/Unknown/page_44_table_1_unknown.csv
/home/suchita/Desktop/Arranged data/extracted_tables/page_45_table_1.csv,9,2,0,0,7,/home/suchita/Desktop/Final Arranged Data/Federal/page_45_table_1_federal.csv | /home/suchita/Desktop/Final Arranged Data/Unknown/page_45_table_1_unknown.csv
/home/suchita/Desktop/Arranged data/extracted_tables/page_46_table_1.csv,12,4,0,0,8,/home/suchita/Desktop/Final Arranged Data/Federal/page_46_table_1_federal.csv | /home/suchita/Desktop/Final Arranged Data/Unknown/page_46_table_1_unknown.csv
/home/suchita/Desktop/Arranged data/extracted_tables/page_47_table_1.csv,12,3,0,0,9,/home/suchita/Desktop/Final Arranged Data/Federal/page_47_table_1_federal.csv | /home/suchita/Desktop/Final Arranged Data/Unknown/page_47_table_1_unknown.csv
/home/suchita/Desktop/Arranged data/extracted_tables/page_48_table_1.csv,10,3,0,0,7,/home/suchita/Desktop/Final Arranged Data/Federal/page_48_table_1_federal.csv | /home/suchita/Desktop/Final Arranged Data/Unknown/page_48_table_1_unknown.csv
/home/suchita/Desktop/Arranged data/extracted_tables/page_49_table_1.csv,10,3,0,0,7,/home/suchita/Desktop/Final Arranged Data/Federal/page_49_table_1_federal.csv | /home/suchita/Desktop/Final Arranged Data/Unknown/page_49_table_1_unknown.csv
/home/suchita/Desktop/Arranged data/extracted_tables/page_4_table_1.csv,3,2,0,0,1,/home/suchita/Desktop/Final Arranged Data/Federal/page_4_table_1_federal.csv | /home/suchita/Desktop/Final Arranged Data/Unknown/page_4_table_1_unknown.csv
/home/suchita/Desktop/Arranged data/extracted_tables/page_4_table_2.csv,2,0,0,0,2,/home/suchita/Desktop/Final Arranged Data/Unknown/page_4_table_2_unknown.csv
/home/suchita/Desktop/Arranged data/extracted_tables/page_50_table_1.csv,10,4,0,0,6,/home/suchita/Desktop/Final Arranged Data/Federal/page_50_table_1_federal.csv | /home/suchita/Desktop/Final Arranged Data/Unknown/page_50_table_1_unknown.csv
/home/suchita/Desktop/Arranged data/extracted_tables/page_51_table_1.csv,10,4,0,0,6,/home/suchita/Desktop/Final Arranged Data/Federal/page_51_table_1_federal.csv | /home/suchita/Desktop/Final Arranged Data/Unknown/page_51_table_1_unknown.csv
/home/suchita/Desktop/Arranged data/extracted_tables/page_52_table_1.csv,8,2,0,0,6,/home/suchita/Desktop/Final Arranged Data/Federal/page_52_table_1_federal.csv | /home/suchita/Desktop/Final Arranged Data/Unknown/page_52_table_1_unknown.csv
/home/suchita/Desktop/Arranged data/extracted_tables/page_53_table_1.csv,10,3,0,0,7,/home/suchita/Desktop/Final Arranged Data/Federal/page_53_table_1_federal.csv | /home/suchita/Desktop/Final Arranged Data/Unknown/page_53_table_1_unknown.csv
/home/suchita/Desktop/Arranged data/extracted_tables/page_54_table_1.csv,10,3,0,0,7,/home/suchita/Desktop/Final Arranged Data/Federal/page_54_table_1_federal.csv | /home/suchita/Desktop/Final Arranged Data/Unknown/page_54_table_1_unknown.csv
/home/suchita/Desktop/Arranged data/extracted_tables/page_55_table_1.csv,10,3,0,0,7,/home/suchita/Desktop/Final Arranged Data/Federal/page_55_table_1_federal.csv | /home/suchita/Desktop/Final Arranged Data/Unknown/page_55_table_1_unknown.csv
/home/suchita/Desktop/Arranged data/extracted_tables/page_56_table_1.csv,10,3,0,0,7,/home/suchita/Desktop/Final Arranged Data/Federal/page_56_table_1_federal.csv | /home/suchita/Desktop/Final Arranged Data/Unknown/page_56_table_1_unknown.csv
/home/suchita/Desktop/Arranged data/extracted_tables/page_57_table_1.csv,10,3,0,0,7,/home/suchita/Desktop/Final Arranged Data/Federal/page_57_table_1_federal.csv | /home/suchita/Desktop/Final Arranged Data/Unknown/page_57_table_1_unknown.csv
/home/suchita/Desktop/Arranged data/extracted_tables/page_58_table_1.csv,9,2,0,0,7,/home/suchita/Desktop/Final Arranged Data/Federal/page_58_table_1_federal.csv | /home/suchita/Desktop/Final Arranged Data/Unknown/page_58_table_1_unknown.csv
/home/suchita/Desktop/Arranged data/extracted_tables/page_59_table_1.csv,7,2,0,0,5,/home/suchita/Desktop/Final Arranged Data/Federal/page_59_table_1_federal.csv | /home/suchita/Desktop/Final Arranged Data/Unknown/page_59_table_1_unknown.csv
/home/suchita/Desktop/Arranged data/extracted_tables/page_5_table_1.csv,8,0,0,0,8,/home/suchita/Desktop/Final Arranged Data/Unknown/page_5_table_1_unknown.csv
/home/suchita/Desktop/Arranged data/extracted_tables/page_60_table_1.csv,13,3,0,0,10,/home/suchita/Desktop/Final Arranged Data/Federal/page_60_table_1_federal.csv | /home/suchita/Desktop/Final Arranged Data/Unknown/page_60_table_1_unknown.csv
/home/suchita/Desktop/Arranged data/extracted_tables/page_61_table_1.csv,10,3,0,0,7,/home/suchita/Desktop/Final Arranged Data/Federal/page_61_table_1_federal.csv | /home/suchita/Desktop/Final Arranged Data/Unknown/page_61_table_1_unknown.csv
/home/suchita/Desktop/Arranged data/extracted_tables/page_62_table_1.csv,5,1,0,0,4,/home/suchita/Desktop/Final Arranged Data/Federal/page_62_table_1_federal.csv | /home/suchita/Desktop/Final Arranged Data/Unknown/page_62_table_1_unknown.csv
/home/suchita/Desktop/Arranged data/extracted_tables/page_63_table_1.csv,10,3,0,0,7,/home/suchita/Desktop/Final Arranged Data/Federal/page_63_table_1_federal.csv | /home/suchita/Desktop/Final Arranged Data/Unknown/page_63_table_1_unknown.csv
/home/suchita/Desktop/Arranged data/extracted_tables/page_64_table_1.csv,11,3,0,0,8,/home/suchita/Desktop/Final Arranged Data/Federal/page_64_table_1_federal.csv | /home/suchita/Desktop/Final Arranged Data/Unknown/page_64_table_1_unknown.csv
/home/suchita/Desktop/Arranged data/extracted_tables/page_65_table_1.csv,8,2,0,0,6,/home/suchita/Desktop/Final Arranged Data/Federal/page_65_table_1_federal.csv | /home/suchita/Desktop/Final Arranged Data/Unknown/page_65_table_1_unknown.csv
/home/suchita/Desktop/Arranged data/extracted_tables/page_66_table_1.csv,10,3,0,0,7,/home/suchita/Desktop/Final Arranged Data/Federal/page_66_table_1_federal.csv | /home/suchita/Desktop/Final Arranged Data/Unknown/page_66_table_1_unknown.csv
/home/suchita/Desktop/Arranged data/extracted_tables/page_67_table_1.csv,10,3,0,0,7,/home/suchita/Desktop/Final Arranged Data/Federal/page_67_table_1_federal.csv | /home/suchita/Desktop/Final Arranged Data/Unknown/page_67_table_1_unknown.csv
/home/suchita/Desktop/Arranged data/extracted_tables/page_68_table_1.csv,10,3,0,0,7,/home/suchita/Desktop/Final Arranged Data/Federal/page_68_table_1_federal.csv | /home/suchita/Desktop/Final Arranged Data/Unknown/page_68_table_1_unknown.csv
/home/suchita/Desktop/Arranged data/extracted_tables/page_69_table_1.csv,10,3,0,0,7,/home/suchita/Desktop/Final Arranged Data/Federal/page_69_table_1_federal.csv | /home/suchita/Desktop/Final Arranged Data/Unknown/page_69_table_1_unknown.csv
/home/suchita/Desktop/Arranged data/extracted_tables/page_70_table_1.csv,11,3,0,0,8,/home/suchita/Desktop/Final Arranged Data/Federal/page_70_table_1_federal.csv | /home/suchita/Desktop/Final Arranged Data/Unknown/page_70_table_1_unknown.csv
/home/suchita/Desktop/Arranged data/extracted_tables/page_71_table_1.csv,9,2,0,0,7,/home/suchita/Desktop/Final Arranged Data/Federal/page_71_table_1_federal.csv | /home/suchita/Desktop/Final Arranged Data/Unknown/page_71_table_1_unknown.csv
/home/suchita/Desktop/Arranged data/extracted_tables/page_72_table_1.csv,8,2,0,0,6,/home/suchita/Desktop/Final Arranged Data/Federal/page_72_table_1_federal.csv | /home/suchita/Desktop/Final Arranged Data/Unknown/page_72_table_1_unknown.csv
/home/suchita/Desktop/Arranged data/extracted_tables/page_73_table_1.csv,8,2,0,0,6,/home/suchita/Desktop/Final Arranged Data/Federal/page_73_table_1_federal.csv | /home/suchita/Desktop/Final Arranged Data/Unknown/page_73_table_1_unknown.csv
/home/suchita/Desktop/Arranged data/extracted_tables/page_74_table_1.csv,10,3,0,0,7,/home/suchita/Desktop/Final Arranged Data/Federal/page_74_table_1_federal.csv | /home/suchita/Desktop/Final Arranged Data/Unknown/page_74_table_1_unknown.csv
/home/suchita/Desktop/Arranged data/extracted_tables/page_75_table_1.csv,10,3,0,0,7,/home/suchita/Desktop/Final Arranged Data/Federal/page_75_table_1_federal.csv | /home/suchita/Desktop/Final Arranged Data/Unknown/page_75_table_1_unknown.csv
/home/suchita/Desktop/Arranged data/extracted_tables/page_76_table_1.csv,10,3,0,0,7,/home/suchita/Desktop/Final Arranged Data/Federal/page_76_table_1_federal.csv | /home/suchita/Desktop/Final Arranged Data/Unknown/page_76_table_1_unknown.csv
/home/suchita/Desktop/Arranged data/extracted_tables/page_77_table_1.csv,10,3,0,0,7,/home/suchita/Desktop/Final Arranged Data/Federal/page_77_table_1_federal.csv | /home/suchita/Desktop/Final Arranged Data/Unknown/page_77_table_1_unknown.csv
/home/suchita/Desktop/Arranged data/extracted_tables/page_78_table_1.csv,10,3,0,0,7,/home/suchita/Desktop/Final Arranged Data/Federal/page_78_table_1_federal.csv | /home/suchita/Desktop/Final Arranged Data/Unknown/page_78_table_1_unknown.csv
/home/suchita/Desktop/Arranged data/extracted_tables/page_79_table_1.csv,10,3,0,0,7,/home/suchita/Desktop/Final Arranged Data/Federal/page_79_table_1_federal.csv | /home/suchita/Desktop/Final Arranged Data/Unknown/page_79_table_1_unknown.csv
/home/suchita/Desktop/Arranged data/extracted_tables/page_7_table_1.csv,10,2,0,0,8,/home/suchita/Desktop/Final Arranged Data/Federal/page_7_table_1_federal.csv | /home/suchita/Desktop/Final Arranged Data/Unknown/page_7_table_1_unknown.csv
/home/suchita/Desktop/Arranged data/extracted_tables/page_80_table_1.csv,11,3,0,0,8,/home/suchita/Desktop/Final Arranged Data/Federal/page_80_table_1_federal.csv | /home/suchita/Desktop/Final Arranged Data/Unknown/page_80_table_1_unknown.csv
/home/suchita/Desktop/Arranged data/extracted_tables/page_81_table_1.csv,10,3,0,0,7,/home/suchita/Desktop/Final Arranged Data/Federal/page_81_table_1_federal.csv | /home/suchita/Desktop/Final Arranged Data/Unknown/page_81_table_1_unknown.csv
/home/suchita/Desktop/Arranged data/extracted_tables/page_82_table_1.csv,11,3,0,0,8,/home/suchita/Desktop/Final Arranged Data/Federal/page_82_table_1_federal.csv | /home/suchita/Desktop/Final Arranged Data/Unknown/page_82_table_1_unknown.csv
/home/suchita/Desktop/Arranged data/extracted_tables/page_83_table_1.csv,10,2,0,0,8,/home/suchita/Desktop/Final Arranged Data/Federal/page_83_table_1_federal.csv | /home/suchita/Desktop/Final Arranged Data/Unknown/page_83_table_1_unknown.csv
/home/suchita/Desktop/Arranged data/extracted_tables/page_84_table_1.csv,10,1,0,0,9,/home/suchita/Desktop/Final Arranged Data/Federal/page_84_table_1_federal.csv | /home/suchita/Desktop/Final Arranged Data/Unknown/page_84_table_1_unknown.csv
/home/suchita/Desktop/Arranged data/extracted_tables/page_85_table_1.csv,10,3,0,0,7,/home/suchita/Desktop/Final Arranged Data/Federal/page_85_table_1_federal.csv | /home/suchita/Desktop/Final Arranged Data/Unknown/page_85_table_1_unknown.csv
/home/suchita/Desktop/Arranged data/extracted_tables/page_86_table_1.csv,10,3,0,0,7,/home/suchita/Desktop/Final Arranged Data/Federal/page_86_table_1_federal.csv | /home/suchita/Desktop/Final Arranged Data/Unknown/page_86_table_1_unknown.csv
/home/suchita/Desktop/Arranged data/extracted_tables/page_87_table_1.csv,10,3,0,0,7,/home/suchita/Desktop/Final Arranged Data/Federal/page_87_table_1_federal.csv | /home/suchita/Desktop/Final Arranged Data/Unknown/page_87_table_1_unknown.csv
/home/suchita/Desktop/Arranged data/extracted_tables/page_88_table_1.csv,9,2,0,0,7,/home/suchita/Desktop/Final Arranged Data/Federal/page_88_table_1_federal.csv | /home/suchita/Desktop/Final Arranged Data/Unknown/page_88_table_1_unknown.csv
/home/suchita/Desktop/Arranged data/extracted_tables/page_89_table_1.csv,10,3,0,0,7,/home/suchita/Desktop/Final Arranged Data/Federal/page_89_table_1_federal.csv | /home/suchita/Desktop/Final Arranged Data/Unknown/page_89_table_1_unknown.csv
/home/suchita/Desktop/Arranged data/extracted_tables/page_90_table_1.csv,10,3,0,0,7,/home/suchita/Desktop/Final Arranged Data/Federal/page_90_table_1_federal.csv | /home/suchita/Desktop/Final Arranged Data/Unknown/page_90_table_1_unknown.csv
/home/suchita/Desktop/Arranged data/extracted_tables/page_91_table_1.csv,10,3,0,0,7,/home/suchita/Desktop/Final Arranged Data/Federal/page_91_table_1_federal.csv | /home/suchita/Desktop/Final Arranged Data/Unknown/page_91_table_1_unknown.csv
/home/suchita/Desktop/Arranged data/extracted_tables/page_92_table_1.csv,10,3,0,0,7,/home/suchita/Desktop/Final Arranged Data/Federal/page_92_table_1_federal.csv | /home/suchita/Desktop/Final Arranged Data/Unknown/page_92_table_1_unknown.csv
/home/suchita/Desktop/Arranged data/extracted_tables/page_93_table_1.csv,10,3,0,0,7,/home/suchita/Desktop/Final Arranged Data/Federal/page_93_table_1_federal.csv | /home/suchita/Desktop/Final Arranged Data/Unknown/page_93_table_1_unknown.csv
/home/suchita/Desktop/Arranged data/extracted_tables/page_94_table_1.csv,10,3,0,0,7,/home/suchita/Desktop/Final Arranged Data/Federal/page_94_table_1_federal.csv | /home/suchita/Desktop/Final Arranged Data/Unknown/page_94_table_1_unknown.csv
/home/suchita/Desktop/Arranged data/extracted_tables/page_95_table_1.csv,6,1,0,0,5,/home/suchita/Desktop/Final Arranged Data/Federal/page_95_table_1_federal.csv | /home/suchita/Desktop/Final Arranged Data/Unknown/page_95_table_1_unknown.csv
/home/suchita/Desktop/Arranged data/extracted_tables/page_96_table_1.csv,8,2,0,0,6,/home/suchita/Desktop/Final Arranged Data/Federal/page_96_table_1_federal.csv | /home/suchita/Desktop/Final Arranged Data/Unknown/page_96_table_1_unknown.csv
/home/suchita/Desktop/Arranged data/extracted_tables/page_97_table_1.csv,10,3,0,0,7,/home/suchita/Desktop/Final Arranged Data/Federal/page_97_table_1_federal.csv | /home/suchita/Desktop/Final Arranged Data/Unknown/page_97_table_1_unknown.csv
/home/suchita/Desktop/Arranged data/extracted_tables/page_98_table_1.csv,12,4,0,0,8,/home/suchita/Desktop/Final Arranged Data/Federal/page_98_table_1_federal.csv | /home/suchita/Desktop/Final Arranged Data/Unknown/page_98_table_1_unknown.csv
/home/suchita/Desktop/Arranged data/extracted_tables/page_99_table_1.csv,12,3,0,0,9,/home/suchita/Desktop/Final Arranged Data/Federal/page_99_table_1_federal.csv | /home/suchita/Desktop/Final Arranged Data/Unknown/page_99_table_1_unknown.csv
/home/suchita/Desktop/Arranged data/processing_report.csv,413,220,2,129,62,/home/suchita/Desktop/Final Arranged Data/Federal/processing_report_federal.csv | /home/suchita/Desktop/Final Arranged Data/Local/processing_report_local.csv | /home/suchita/Desktop/Final Arranged Data/Provincial/Koshi/processing_report_koshi.csv | /home/suchita/Desktop/Final Arranged Data/Provincial/Gandaki/processing_report_gandaki.csv | /home/suchita/Desktop/Final Arranged Data/Unknown/processing_report_unknown.csv
/home/suchita/Desktop/Arranged data/tables/source-book_kzajtb9_page100_table1.csv,16,0,0,6,10,/home/suchita/Desktop/Final Arranged Data/Local/source-book_kzajtb9_page100_table1_local.csv | /home/suchita/Desktop/Final Arranged Data/Unknown/source-book_kzajtb9_page100_table1_unknown.csv
/home/suchita/Desktop/Arranged data/tables/source-book_kzajtb9_page101_table1.csv,17,0,0,7,10,/home/suchita/Desktop/Final Arranged Data/Local/source-book_kzajtb9_page101_table1_local.csv | /home/suchita/Desktop/Final Arranged Data/Unknown/source-book_kzajtb9_page101_table1_unknown.csv
/home/suchita/Desktop/Arranged data/tables/source-book_kzajtb9_page102_table1.csv,15,0,0,6,9,/home/suchita/Desktop/Final Arranged Data/Local/source-book_kzajtb9_page102_table1_local.csv | /home/suchita/Desktop/Final Arranged Data/Unknown/source-book_kzajtb9_page102_table1_unknown.csv
/home/suchita/Desktop/Arranged data/tables/source-book_kzajtb9_page103_table1.csv,16,0,0,6,10,/home/suchita/Desktop/Final Arranged Data/Local/source-book_kzajtb9_page103_table1_local.csv | /home/suchita/Desktop/Final Arranged Data/Unknown/source-book_kzajtb9_page103_table1_unknown.csv
/home/suchita/Desktop/Arranged data/tables/source-book_kzajtb9_page104_table1.csv,16,0,0,6,10,/home/suchita/Desktop/Final Arranged Data/Local/source-book_kzajtb9_page104_table1_local.csv | /home/suchita/Desktop/Final Arranged Data/Unknown/source-book_kzajtb9_page104_table1_unknown.csv
/home/suchita/Desktop/Arranged data/tables/source-book_kzajtb9_page105_table1.csv,16,0,0,6,10,/home/suchita/Desktop/Final Arranged Data/Local/source-book_kzajtb9_page105_table1_local.csv | /home/suchita/Desktop/Final Arranged Data/Unknown/source-book_kzajtb9_page105_table1_unknown.csv
/home/suchita/Desktop/Arranged data/tables/source-book_kzajtb9_page106_table1.csv,17,0,0,7,10,/home/suchita/Desktop/Final Arranged Data/Local/source-book_kzajtb9_page106_table1_local.csv | /home/suchita/Desktop/Final Arranged Data/Unknown/source-book_kzajtb9_page106_table1_unknown.csv
/home/suchita/Desktop/Arranged data/tables/source-book_kzajtb9_page107_table1.csv,16,0,0,6,10,/home/suchita/Desktop/Final Arranged Data/Local/source-book_kzajtb9_page107_table1_local.csv | /home/suchita/Desktop/Final Arranged Data/Unknown/source-book_kzajtb9_page107_table1_unknown.csv
/home/suchita/Desktop/Arranged data/tables/source-book_kzajtb9_page108_table1.csv,16,0,0,6,10,/home/suchita/Desktop/Final Arranged Data/Local/source-book_kzajtb9_page108_table1_local.csv | /home/suchita/Desktop/Final Arranged Data/Unknown/source-book_kzajtb9_page108_table1_unknown.csv
/home/suchita/Desktop/Arranged data/tables/source-book_kzajtb9_page109_table1.csv,17,0,0,7,10,/home/suchita/Desktop/Final Arranged Data/Local/source-book_kzajtb9_page109_table1_local.csv | /home/suchita/Desktop/Final Arranged Data/Unknown/source-book_kzajtb9_page109_table1_unknown.csv
/home/suchita/Desktop/Arranged data/tables/source-book_kzajtb9_page10_table1.csv,12,3,0,0,9,/home/suchita/Desktop/Final Arranged Data/Federal/source-book_kzajtb9_page10_table1_federal.csv | /home/suchita/Desktop/Final Arranged Data/Unknown/source-book_kzajtb9_page10_table1_unknown.csv
/home/suchita/Desktop/Arranged data/tables/source-book_kzajtb9_page10_table2.csv,1,0,0,0,1,/home/suchita/Desktop/Final Arranged Data/Unknown/source-book_kzajtb9_page10_table2_unknown.csv
/home/suchita/Desktop/Arranged data/tables/source-book_kzajtb9_page10_table3.csv,1,0,0,0,1,/home/suchita/Desktop/Final Arranged Data/Unknown/source-book_kzajtb9_page10_table3_unknown.csv
/home/suchita/Desktop/Arranged data/tables/source-book_kzajtb9_page10_table4.csv,1,0,0,0,1,/home/suchita/Desktop/Final Arranged Data/Unknown/source-book_kzajtb9_page10_table4_unknown.csv
/home/suchita/Desktop/Arranged data/tables/source-book_kzajtb9_page10_table5.csv,1,0,0,0,1,/home/suchita/Desktop/Final Arranged Data/Unknown/source-book_kzajtb9_page10_table5_unknown.csv
/home/suchita/Desktop/Arranged data/tables/source-book_kzajtb9_page110_table1.csv,16,0,0,6,10,/home/suchita/Desktop/Final Arranged Data/Local/source-book_kzajtb9_page110_table1_local.csv | /home/suchita/Desktop/Final Arranged Data/Unknown/source-book_kzajtb9_page110_table1_unknown.csv
/home/suchita/Desktop/Arranged data/tables/source-book_kzajtb9_page111_table1.csv,16,0,0,6,10,/home/suchita/Desktop/Final Arranged Data/Local/source-book_kzajtb9_page111_table1_local.csv | /home/suchita/Desktop/Final Arranged Data/Unknown/source-book_kzajtb9_page111_table1_unknown.csv
/home/suchita/Desktop/Arranged data/tables/source-book_kzajtb9_page112_table1.csv,16,0,0,6,10,/home/suchita/Desktop/Final Arranged Data/Local/source-book_kzajtb9_page112_table1_local.csv | /home/suchita/Desktop/Final Arranged Data/Unknown/source-book_kzajtb9_page112_table1_unknown.csv
/home/suchita/Desktop/Arranged data/tables/source-book_kzajtb9_page113_table1.csv,12,0,0,4,8,/home/suchita/Desktop/Final Arranged Data/Local/source-book_kzajtb9_page113_table1_local.csv | /home/suchita/Desktop/Final Arranged Data/Unknown/source-book_kzajtb9_page113_table1_unknown.csv
/home/suchita/Desktop/Arranged data/tables/source-book_kzajtb9_page114_table1.csv,13,0,0,5,8,/home/suchita/Desktop/Final Arranged Data/Local/source-book_kzajtb9_page114_table1_local.csv | /home/suchita/Desktop/Final Arranged Data/Unknown/source-book_kzajtb9_page114_table1_unknown.csv
/home/suchita/Desktop/Arranged data/tables/source-book_kzajtb9_page115_table1.csv,14,0,0,5,9,/home/suchita/Desktop/Final Arranged Data/Local/source-book_kzajtb9_page115_table1_local.csv | /home/suchita/Desktop/Final Arranged Data/Unknown/source-book_kzajtb9_page115_table1_unknown.csv
/home/suchita/Desktop/Arranged data/tables/source-book_kzajtb9_page116_table1.csv,15,0,0,6,9,/home/suchita/Desktop/Final Arranged Data/Local/source-book_kzajtb9_page116_table1_local.csv | /home/suchita/Desktop/Final Arranged Data/Unknown/source-book_kzajtb9_page116_table1_unknown.csv
/home/suchita/Desktop/Arranged data/tables/source-book_kzajtb9_page117_table1.csv,14,0,0,5,9,/home/suchita/Desktop/Final Arranged Data/Local/source-book_kzajtb9_page117_table1_local.csv | /home/suchita/Desktop/Final Arranged Data/Unknown/source-book_kzajtb9_page117_table1_unknown.csv
/home/suchita/Desktop/Arranged data/tables/source-book_kzajtb9_page118_table1.csv,15,0,0,6,9,/home/suchita/Desktop/Final Arranged Data/Local/source-book_kzajtb9_page118_table1_local.csv | /home/suchita/Desktop/Final Arranged Data/Unknown/source-book_kzajtb9_page118_table1_unknown.csv
/home/suchita/Desktop/Arranged data/tables/source-book_kzajtb9_page119_table1.csv,16,0,0,6,10,/home/suchita/Desktop/Final Arranged Data/Local/source-book_kzajtb9_page119_table1_local.csv | /home/suchita/Desktop/Final Arranged Data/Unknown/source-book_kzajtb9_page119_table1_unknown.csv
/home/suchita/Desktop/Arranged data/tables/source-book_kzajtb9_page11_table1.csv,17,0,0,0,17,/home/suchita/Desktop/Final Arranged Data/Unknown/source-book_kzajtb9_page11_table1_unknown.csv
/home/suchita/Desktop/Arranged data/tables/source-book_kzajtb9_page11_table2.csv,1,0,0,0,1,/home/suchita/Desktop/Final Arranged Data/Unknown/source-book_kzajtb9_page11_table2_unknown.csv
/home/suchita/Desktop/Arranged data/tables/source-book_kzajtb9_page11_table3.csv,1,0,0,0,1,/home/suchita/Desktop/Final Arranged Data/Unknown/source-book_kzajtb9_page11_table3_unknown.csv
/home/suchita/Desktop/Arranged data/tables/source-book_kzajtb9_page120_table1.csv,14,0,0,5,9,/home/suchita/Desktop/Final Arranged Data/Local/source-book_kzajtb9_page120_table1_local.csv | /home/suchita/Desktop/Final Arranged Data/Unknown/source-book_kzajtb9_page120_table1_unknown.csv
/home/suchita/Desktop/Arranged data/tables/source-book_kzajtb9_page121_table1.csv,17,0,0,7,10,/home/suchita/Desktop/Final Arranged Data/Local/source-book_kzajtb9_page121_table1_local.csv | /home/suchita/Desktop/Final Arranged Data/Unknown/source-book_kzajtb9_page121_table1_unknown.csv
/home/suchita/Desktop/Arranged data/tables/source-book_kzajtb9_page122_table1.csv,14,0,0,5,9,/home/suchita/Desktop/Final Arranged Data/Local/source-book_kzajtb9_page122_table1_local.csv | /home/suchita/Desktop/Final Arranged Data/Unknown/source-book_kzajtb9_page122_table1_unknown.csv
/home/suchita/Desktop/Arranged data/tables/source-book_kzajtb9_page123_table1.csv,16,0,0,6,10,/home/suchita/Desktop/Final Arranged Data/Local/source-book_kzajtb9_page123_table1_local.csv | /home/suchita/Desktop/Final Arranged Data/Unknown/source-book_kzajtb9_page123_table1_unknown.csv
/home/suchita/Desktop/Arranged data/tables/source-book_kzajtb9_page124_table1.csv,16,0,0,6,10,/home/suchita/Desktop/Final Arranged Data/Local/source-book_kzajtb9_page124_table1_local.csv | /home/suchita/Desktop/Final Arranged Data/Unknown/source-book_kzajtb9_page124_table1_unknown.csv
/home/suchita/Desktop/Arranged data/tables/source-book_kzajtb9_page125_table1.csv,16,0,0,6,10,/home/suchita/Desktop/Final Arranged Data/Local/source-book_kzajtb9_page125_table1_local.csv | /home/suchita/Desktop/Final Arranged Data/Unknown/source-book_kzajtb9_page125_table1_unknown.csv
/home/suchita/Desktop/Arranged data/tables/source-book_kzajtb9_page126_table1.csv,14,0,0,5,9,/home/suchita/Desktop/Final Arranged Data/Local/source-book_kzajtb9_page126_table1_local.csv | /home/suchita/Desktop/Final Arranged Data/Unknown/source-book_kzajtb9_page126_table1_unknown.csv
/home/suchita/Desktop/Arranged data/tables/source-book_kzajtb9_page127_table1.csv,16,0,0,6,10,/home/suchita/Desktop/Final Arranged Data/Local/source-book_kzajtb9_page127_table1_local.csv | /home/suchita/Desktop/Final Arranged Data/Unknown/source-book_kzajtb9_page127_table1_unknown.csv
/home/suchita/Desktop/Arranged data/tables/source-book_kzajtb9_page128_table1.csv,16,0,0,6,10,/home/suchita/Desktop/Final Arranged Data/Local/source-book_kzajtb9_page128_table1_local.csv | /home/suchita/Desktop/Final Arranged Data/Unknown/source-book_kzajtb9_page128_table1_unknown.csv
/home/suchita/Desktop/Arranged data/tables/source-book_kzajtb9_page129_table1.csv,15,0,0,6,9,/home/suchita/Desktop/Final Arranged Data/Local/source-book_kzajtb9_page129_table1_local.csv | /home/suchita/Desktop/Final Arranged Data/Unknown/source-book_kzajtb9_page129_table1_unknown.csv
/home/suchita/Desktop/Arranged data/tables/source-book_kzajtb9_page12_table1.csv,17,1,0,0,16,/home/suchita/Desktop/Final Arranged Data/Federal/source-book_kzajtb9_page12_table1_federal.csv | /home/suchita/Desktop/Final Arranged Data/Unknown/source-book_kzajtb9_page12_table1_unknown.csv
/home/suchita/Desktop/Arranged data/tables/source-book_kzajtb9_page12_table2.csv,1,0,0,0,1,/home/suchita/Desktop/Final Arranged Data/Unknown/source-book_kzajtb9_page12_table2_unknown.csv
/home/suchita/Desktop/Arranged data/tables/source-book_kzajtb9_page12_table3.csv,1,0,0,0,1,/home/suchita/Desktop/Final Arranged Data/Unknown/source-book_kzajtb9_page12_table3_unknown.csv
/home/suchita/Desktop/Arranged data/tables/source-book_kzajtb9_page130_table1.csv,12,0,0,4,8,/home/suchita/Desktop/Final Arranged Data/Local/source-book_kzajtb9_page130_table1_local.csv | /home/suchita/Desktop/Final Arranged Data/Unknown/source-book_kzajtb9_page130_table1_unknown.csv
/home/suchita/Desktop/Arranged data/tables/source-book_kzajtb9_page131_table1.csv,15,0,0,6,9,/home/suchita/Desktop/Final Arranged Data/Local/source-book_kzajtb9_page131_table1_local.csv | /home/suchita/Desktop/Final Arranged Data/Unknown/source-book_kzajtb9_page131_table1_unknown.csv
/home/suchita/Desktop/Arranged data/tables/source-book_kzajtb9_page132_table1.csv,14,0,0,5,9,/home/suchita/Desktop/Final Arranged Data/Local/source-book_kzajtb9_page132_table1_local.csv | /home/suchita/Desktop/Final Arranged Data/Unknown/source-book_kzajtb9_page132_table1_unknown.csv
/home/suchita/Desktop/Arranged data/tables/source-book_kzajtb9_page133_table1.csv,16,0,0,6,10,/home/suchita/Desktop/Final Arranged Data/Local/source-book_kzajtb9_page133_table1_local.csv | /home/suchita/Desktop/Final Arranged Data/Unknown/source-book_kzajtb9_page133_table1_unknown.csv
/home/suchita/Desktop/Arranged data/tables/source-book_kzajtb9_page134_table1.csv,14,0,0,5,9,/home/suchita/Desktop/Final Arranged Data/Local/source-book_kzajtb9_page134_table1_local.csv | /home/suchita/Desktop/Final Arranged Data/Unknown/source-book_kzajtb9_page134_table1_unknown.csv
/home/suchita/Desktop/Arranged data/tables/source-book_kzajtb9_page135_table1.csv,14,0,0,5,9,/home/suchita/Desktop/Final Arranged Data/Local/source-book_kzajtb9_page135_table1_local.csv | /home/suchita/Desktop/Final Arranged Data/Unknown/source-book_kzajtb9_page135_table1_unknown.csv
/home/suchita/Desktop/Arranged data/tables/source-book_kzajtb9_page136_table1.csv,16,0,0,6,10,/home/suchita/Desktop/Final Arranged Data/Local/source-book_kzajtb9_page136_table1_local.csv | /home/suchita/Desktop/Final Arranged Data/Unknown/source-book_kzajtb9_page136_table1_unknown.csv
/home/suchita/Desktop/Arranged data/tables/source-book_kzajtb9_page137_table1.csv,14,0,0,5,9,/home/suchita/Desktop/Final Arranged Data/Local/source-book_kzajtb9_page137_table1_local.csv | /home/suchita/Desktop/Final Arranged Data/Unknown/source-book_kzajtb9_page137_table1_unknown.csv
/home/suchita/Desktop/Arranged data/tables/source-book_kzajtb9_page138_table1.csv,14,0,0,5,9,/home/suchita/Desktop/Final Arranged Data/Local/source-book_kzajtb9_page138_table1_local.csv | /home/suchita/Desktop/Final Arranged Data/Unknown/source-book_kzajtb9_page138_table1_unknown.csv
/home/suchita/Desktop/Arranged data/tables/source-book_kzajtb9_page139_table1.csv,14,0,0,5,9,/home/suchita/Desktop/Final Arranged Data/Local/source-book_kzajtb9_page139_table1_local.csv | /home/suchita/Desktop/Final Arranged Data/Unknown/source-book_kzajtb9_page139_table1_unknown.csv
/home/suchita/Desktop/Arranged data/tables/source-book_kzajtb9_page13_table1.csv,14,1,0,0,13,/home/suchita/Desktop/Final Arranged Data/Federal/source-book_kzajtb9_page13_table1_federal.csv | /home/suchita/Desktop/Final Arranged Data/Unknown/source-book_kzajtb9_page13_table1_unknown.csv
/home/suchita/Desktop/Arranged data/tables/source-book_kzajtb9_page13_table2.csv,1,0,0,0,1,/home/suchita/Desktop/Final Arranged Data/Unknown/source-book_kzajtb9_page13_table2_unknown.csv
/home/suchita/Desktop/Arranged data/tables/source-book_kzajtb9_page13_table3.csv,1,0,0,0,1,/home/suchita/Desktop/Final Arranged Data/Unknown/source-book_kzajtb9_page13_table3_unknown.csv
/home/suchita/Desktop/Arranged data/tables/source-book_kzajtb9_page13_table4.csv,1,0,0,0,1,/home/suchita/Desktop/Final Arranged Data/Unknown/source-book_kzajtb9_page13_table4_unknown.csv
/home/suchita/Desktop/Arranged data/tables/source-book_kzajtb9_page13_table5.csv,1,0,0,0,1,/home/suchita/Desktop/Final Arranged Data/Unknown/source-book_kzajtb9_page13_table5_unknown.csv
/home/suchita/Desktop/Arranged data/tables/source-book_kzajtb9_page140_table1.csv,16,0,0,6,10,/home/suchita/Desktop/Final Arranged Data/Local/source-book_kzajtb9_page140_table1_local.csv | /home/suchita/Desktop/Final Arranged Data/Unknown/source-book_kzajtb9_page140_table1_unknown.csv
/home/suchita/Desktop/Arranged data/tables/source-book_kzajtb9_page141_table1.csv,16,0,0,6,10,/home/suchita/Desktop/Final Arranged Data/Local/source-book_kzajtb9_page141_table1_local.csv | /home/suchita/Desktop/Final Arranged Data/Unknown/source-book_kzajtb9_page141_table1_unknown.csv
/home/suchita/Desktop/Arranged data/tables/source-book_kzajtb9_page142_table1.csv,16,0,0,6,10,/home/suchita/Desktop/Final Arranged Data/Local/source-book_kzajtb9_page142_table1_local.csv | /home/suchita/Desktop/Final Arranged Data/Unknown/source-book_kzajtb9_page142_table1_unknown.csv
/home/suchita/Desktop/Arranged data/tables/source-book_kzajtb9_page143_table1.csv,14,0,0,5,9,/home/suchita/Desktop/Final Arranged Data/Local/source-book_kzajtb9_page143_table1_local.csv | /home/suchita/Desktop/Final Arranged Data/Unknown/source-book_kzajtb9_page143_table1_unknown.csv
/home/suchita/Desktop/Arranged data/tables/source-book_kzajtb9_page144_table1.csv,16,0,0,6,10,/home/suchita/Desktop/Final Arranged Data/Local/source-book_kzajtb9_page144_table1_local.csv | /home/suchita/Desktop/Final Arranged Data/Unknown/source-book_kzajtb9_page144_table1_unknown.csv
/home/suchita/Desktop/Arranged data/tables/source-book_kzajtb9_page145_table1.csv,14,0,0,5,9,/home/suchita/Desktop/Final Arranged Data/Local/source-book_kzajtb9_page145_table1_local.csv | /home/suchita/Desktop/Final Arranged Data/Unknown/source-book_kzajtb9_page145_table1_unknown.csv
/home/suchita/Desktop/Arranged data/tables/source-book_kzajtb9_page146_table1.csv,16,0,0,6,10,/home/suchita/Desktop/Final Arranged Data/Local/source-book_kzajtb9_page146_table1_local.csv | /home/suchita/Desktop/Final Arranged Data/Unknown/source-book_kzajtb9_page146_table1_unknown.csv
/home/suchita/Desktop/Arranged data/tables/source-book_kzajtb9_page147_table1.csv,14,0,0,5,9,/home/suchita/Desktop/Final Arranged Data/Local/source-book_kzajtb9_page147_table1_local.csv | /home/suchita/Desktop/Final Arranged Data/Unknown/source-book_kzajtb9_page147_table1_unknown.csv
/home/suchita/Desktop/Arranged data/tables/source-book_kzajtb9_page148_table1.csv,16,0,0,6,10,/home/suchita/Desktop/Final Arranged Data/Local/source-book_kzajtb9_page148_table1_local.csv | /home/suchita/Desktop/Final Arranged Data/Unknown/source-book_kzajtb9_page148_table1_unknown.csv
/home/suchita/Desktop/Arranged data/tables/source-book_kzajtb9_page149_table1.csv,16,0,0,6,10,/home/suchita/Desktop/Final Arranged Data/Local/source-book_kzajtb9_page149_table1_local.csv | /home/suchita/Desktop/Final Arranged Data/Unknown/source-book_kzajtb9_page149_table1_unknown.csv
/home/suchita/Desktop/Arranged data/tables/source-book_kzajtb9_page14_table1.csv,14,2,0,0,12,/home/suchita/Desktop/Final Arranged Data/Federal/source-book_kzajtb9_page14_table1_federal.csv | /home/suchita/Desktop/Final Arranged Data/Unknown/source-book_kzajtb9_page14_table1_unknown.csv
/home/suchita/Desktop/Arranged data/tables/source-book_kzajtb9_page14_table2.csv,1,0,0,0,1,/home/suchita/Desktop/Final Arranged Data/Unknown/source-book_kzajtb9_page14_table2_unknown.csv
/home/suchita/Desktop/Arranged data/tables/source-book_kzajtb9_page14_table3.csv,1,0,0,0,1,/home/suchita/Desktop/Final Arranged Data/Unknown/source-book_kzajtb9_page14_table3_unknown.csv
/home/suchita/Desktop/Arranged data/tables/source-book_kzajtb9_page14_table4.csv,1,0,0,0,1,/home/suchita/Desktop/Final Arranged Data/Unknown/source-book_kzajtb9_page14_table4_unknown.csv
/home/suchita/Desktop/Arranged data/tables/source-book_kzajtb9_page14_table5.csv,1,0,0,0,1,/home/suchita/Desktop/Final Arranged Data/Unknown/source-book_kzajtb9_page14_table5_unknown.csv
/home/suchita/Desktop/Arranged data/tables/source-book_kzajtb9_page150_table1.csv,16,0,0,6,10,/home/suchita/Desktop/Final Arranged Data/Local/source-book_kzajtb9_page150_table1_local.csv | /home/suchita/Desktop/Final Arranged Data/Unknown/source-book_kzajtb9_page150_table1_unknown.csv
/home/suchita/Desktop/Arranged data/tables/source-book_kzajtb9_page151_table1.csv,16,0,0,6,10,/home/suchita/Desktop/Final Arranged Data/Local/source-book_kzajtb9_page151_table1_local.csv | /home/suchita/Desktop/Final Arranged Data/Unknown/source-book_kzajtb9_page151_table1_unknown.csv
/home/suchita/Desktop/Arranged data/tables/source-book_kzajtb9_page152_table1.csv,14,0,0,5,9,/home/suchita/Desktop/Final Arranged Data/Local/source-book_kzajtb9_page152_table1_local.csv | /home/suchita/Desktop/Final Arranged Data/Unknown/source-book_kzajtb9_page152_table1_unknown.csv
/home/suchita/Desktop/Arranged data/tables/source-book_kzajtb9_page153_table1.csv,15,0,0,6,9,/home/suchita/Desktop/Final Arranged Data/Local/source-book_kzajtb9_page153_table1_local.csv | /home/suchita/Desktop/Final Arranged Data/Unknown/source-book_kzajtb9_page153_table1_unknown.csv
/home/suchita/Desktop/Arranged data/tables/source-book_kzajtb9_page154_table1.csv,16,0,0,6,10,/home/suchita/Desktop/Final Arranged Data/Local/source-book_kzajtb9_page154_table1_local.csv | /home/suchita/Desktop/Final Arranged Data/Unknown/source-book_kzajtb9_page154_table1_unknown.csv
/home/suchita/Desktop/Arranged data/tables/source-book_kzajtb9_page155_table1.csv,17,0,0,7,10,/home/suchita/Desktop/Final Arranged Data/Local/source-book_kzajtb9_page155_table1_local.csv | /home/suchita/Desktop/Final Arranged Data/Unknown/source-book_kzajtb9_page155_table1_unknown.csv
/home/suchita/Desktop/Arranged data/tables/source-book_kzajtb9_page156_table1.csv,16,0,0,6,10,/home/suchita/Desktop/Final Arranged Data/Local/source-book_kzajtb9_page156_table1_local.csv | /home/suchita/Desktop/Final Arranged Data/Unknown/source-book_kzajtb9_page156_table1_unknown.csv
/home/suchita/Desktop/Arranged data/tables/source-book_kzajtb9_page157_table1.csv,16,0,0,6,10,/home/suchita/Desktop/Final Arranged Data/Local/source-book_kzajtb9_page157_table1_local.csv | /home/suchita/Desktop/Final Arranged Data/Unknown/source-book_kzajtb9_page157_table1_unknown.csv
/home/suchita/Desktop/Arranged data/tables/source-book_kzajtb9_page158_table1.csv,16,0,0,6,10,/home/suchita/Desktop/Final Arranged Data/Local/source-book_kzajtb9_page158_table1_local.csv | /home/suchita/Desktop/Final Arranged Data/Unknown/source-book_kzajtb9_page158_table1_unknown.csv
/home/suchita/Desktop/Arranged data/tables/source-book_kzajtb9_page159_table1.csv,16,0,0,6,10,/home/suchita/Desktop/Final Arranged Data/Local/source-book_kzajtb9_page159_table1_local.csv | /home/suchita/Desktop/Final Arranged Data/Unknown/source-book_kzajtb9_page159_table1_unknown.csv
/home/suchita/Desktop/Arranged data/tables/source-book_kzajtb9_page15_table1.csv,15,3,0,0,12,/home/suchita/Desktop/Final Arranged Data/Federal/source-book_kzajtb9_page15_table1_federal.csv | /home/suchita/Desktop/Final Arranged Data/Unknown/source-book_kzajtb9_page15_table1_unknown.csv
/home/suchita/Desktop/Arranged data/tables/source-book_kzajtb9_page15_table2.csv,1,0,0,0,1,/home/suchita/Desktop/Final Arranged Data/Unknown/source-book_kzajtb9_page15_table2_unknown.csv
/home/suchita/Desktop/Arranged data/tables/source-book_kzajtb9_page15_table3.csv,1,0,0,0,1,/home/suchita/Desktop/Final Arranged Data/Unknown/source-book_kzajtb9_page15_table3_unknown.csv
/home/suchita/Desktop/Arranged data/tables/source-book_kzajtb9_page15_table4.csv,1,0,0,0,1,/home/suchita/Desktop/Final Arranged Data/Unknown/source-book_kzajtb9_page15_table4_unknown.csv
/home/suchita/Desktop/Arranged data/tables/source-book_kzajtb9_page160_table1.csv,16,0,0,7,9,/home/suchita/Desktop/Final Arranged Data/Local/source-book_kzajtb9_page160_table1_local.csv | /home/suchita/Desktop/Final Arranged Data/Unknown/source-book_kzajtb9_page160_table1_unknown.csv
/home/suchita/Desktop/Arranged data/tables/source-book_kzajtb9_page161_table1.csv,5,0,0,1,4,/home/suchita/Desktop/Final Arranged Data/Local/source-book_kzajtb9_page161_table1_local.csv | /home/suchita/Desktop/Final Arranged Data/Unknown/source-book_kzajtb9_page161_table1_unknown.csv
/home/suchita/Desktop/Arranged data/tables/source-book_kzajtb9_page16_table1.csv,15,2,0,0,13,/home/suchita/Desktop/Final Arranged Data/Federal/source-book_kzajtb9_page16_table1_federal.csv | /home/suchita/Desktop/Final Arranged Data/Unknown/source-book_kzajtb9_page16_table1_unknown.csv
/home/suchita/Desktop/Arranged data/tables/source-book_kzajtb9_page16_table2.csv,1,0,0,0,1,/home/suchita/Desktop/Final Arranged Data/Unknown/source-book_kzajtb9_page16_table2_unknown.csv
/home/suchita/Desktop/Arranged data/tables/source-book_kzajtb9_page16_table3.csv,1,0,0,0,1,/home/suchita/Desktop/Final Arranged Data/Unknown/source-book_kzajtb9_page16_table3_unknown.csv
/home/suchita/Desktop/Arranged data/tables/source-book_kzajtb9_page16_table4.csv,1,0,0,0,1,/home/suchita/Desktop/Final Arranged Data/Unknown/source-book_kzajtb9_page16_table4_unknown.csv
/home/suchita/Desktop/Arranged data/tables/source-book_kzajtb9_page17_table1.csv,16,2,0,0,14,/home/suchita/Desktop/Final Arranged Data/Federal/source-book_kzajtb9_page17_table1_federal.csv | /home/suchita/Desktop/Final Arranged Data/Unknown/source-book_kzajtb9_page17_table1_unknown.csv
/home/suchita/Desktop/Arranged data/tables/source-book_kzajtb9_page17_table2.csv,1,0,0,0,1,/home/suchita/Desktop/Final Arranged Data/Unknown/source-book_kzajtb9_page17_table2_unknown.csv
/home/suchita/Desktop/Arranged data/tables/source-book_kzajtb9_page17_table3.csv,1,0,0,0,1,/home/suchita/Desktop/Final Arranged Data/Unknown/source-book_kzajtb9_page17_table3_unknown.csv
/home/suchita/Desktop/Arranged data/tables/source-book_kzajtb9_page17_table4.csv,1,0,0,0,1,/home/suchita/Desktop/Final Arranged Data/Unknown/source-book_kzajtb9_page17_table4_unknown.csv
/home/suchita/Desktop/Arranged data/tables/source-book_kzajtb9_page18_table1.csv,21,0,0,0,21,/home/suchita/Desktop/Final Arranged Data/Unknown/source-book_kzajtb9_page18_table1_unknown.csv
/home/suchita/Desktop/Arranged data/tables/source-book_kzajtb9_page19_table1.csv,19,0,0,0,19,/home/suchita/Desktop/Final Arranged Data/Unknown/source-book_kzajtb9_page19_table1_unknown.csv
/home/suchita/Desktop/Arranged data/tables/source-book_kzajtb9_page19_table2.csv,1,0,0,0,1,/home/suchita/Desktop/Final Arranged Data/Unknown/source-book_kzajtb9_page19_table2_unknown.csv
/home/suchita/Desktop/Arranged data/tables/source-book_kzajtb9_page20_table1.csv,16,4,0,0,12,/home/suchita/Desktop/Final Arranged Data/Federal/source-book_kzajtb9_page20_table1_federal.csv | /home/suchita/Desktop/Final Arranged Data/Unknown/source-book_kzajtb9_page20_table1_unknown.csv
/home/suchita/Desktop/Arranged data/tables/source-book_kzajtb9_page20_table2.csv,1,0,0,0,1,/home/suchita/Desktop/Final Arranged Data/Unknown/source-book_kzajtb9_page20_table2_unknown.csv
/home/suchita/Desktop/Arranged data/tables/source-book_kzajtb9_page20_table3.csv,1,0,0,0,1,/home/suchita/Desktop/Final Arranged Data/Unknown/source-book_kzajtb9_page20_table3_unknown.csv
/home/suchita/Desktop/Arranged data/tables/source-book_kzajtb9_page21_table1.csv,14,0,0,0,14,/home/suchita/Desktop/Final Arranged Data/Unknown/source-book_kzajtb9_page21_table1_unknown.csv
/home/suchita/Desktop/Arranged data/tables/source-book_kzajtb9_page21_table2.csv,1,0,0,0,1,/home/suchita/Desktop/Final Arranged Data/Unknown/source-book_kzajtb9_page21_table2_unknown.csv
/home/suchita/Desktop/Arranged data/tables/source-book_kzajtb9_page21_table3.csv,1,0,0,0,1,/home/suchita/Desktop/Final Arranged Data/Unknown/source-book_kzajtb9_page21_table3_unknown.csv
/home/suchita/Desktop/Arranged data/tables/source-book_kzajtb9_page21_table4.csv,1,0,0,0,1,/home/suchita/Desktop/Final Arranged Data/Unknown/source-book_kzajtb9_page21_table4_unknown.csv
/home/suchita/Desktop/Arranged data/tables/source-book_kzajtb9_page21_table5.csv,1,0,0,0,1,/home/suchita/Desktop/Final Arranged Data/Unknown/source-book_kzajtb9_page21_table5_unknown.csv
/home/suchita/Desktop/Arranged data/tables/source-book_kzajtb9_page22_table1.csv,14,3,0,0,11,/home/suchita/Desktop/Final Arranged Data/Federal/source-book_kzajtb9_page22_table1_federal.csv | /home/suchita/Desktop/Final Arranged Data/Unknown/source-book_kzajtb9_page22_table1_unknown.csv
/home/suchita/Desktop/Arranged data/tables/source-book_kzajtb9_page22_table2.csv,1,0,0,0,1,/home/suchita/Desktop/Final Arranged Data/Unknown/source-book_kzajtb9_page22_table2_unknown.csv
/home/suchita/Desktop/Arranged data/tables/source-book_kzajtb9_page22_table3.csv,1,0,0,0,1,/home/suchita/Desktop/Final Arranged Data/Unknown/source-book_kzajtb9_page22_table3_unknown.csv
/home/suchita/Desktop/Arranged data/tables/source-book_kzajtb9_page22_table4.csv,1,0,0,0,1,/home/suchita/Desktop/Final Arranged Data/Unknown/source-book_kzajtb9_page22_table4_unknown.csv
/home/suchita/Desktop/Arranged data/tables/source-book_kzajtb9_page23_table1.csv,17,2,0,0,15,/home/suchita/Desktop/Final Arranged Data/Federal/source-book_kzajtb9_page23_table1_federal.csv | /home/suchita/Desktop/Final Arranged Data/Unknown/source-book_kzajtb9_page23_table1_unknown.csv
/home/suchita/Desktop/Arranged data/tables/source-book_kzajtb9_page23_table2.csv,1,0,0,0,1,/home/suchita/Desktop/Final Arranged Data/Unknown/source-book_kzajtb9_page23_table2_unknown.csv
/home/suchita/Desktop/Arranged data/tables/source-book_kzajtb9_page23_table3.csv,1,0,0,0,1,/home/suchita/Desktop/Final Arranged Data/Unknown/source-book_kzajtb9_page23_table3_unknown.csv
/home/suchita/Desktop/Arranged data/tables/source-book_kzajtb9_page24_table1.csv,16,1,0,1,14,/home/suchita/Desktop/Final Arranged Data/Federal/source-book_kzajtb9_page24_table1_federal.csv | /home/suchita/Desktop/Final Arranged Data/Local/source-book_kzajtb9_page24_table1_local.csv | /home/suchita/Desktop/Final Arranged Data/Unknown/source-book_kzajtb9_page24_table1_unknown.csv
/home/suchita/Desktop/Arranged data/tables/source-book_kzajtb9_page24_table2.csv,1,0,0,0,1,/home/suchita/Desktop/Final Arranged Data/Unknown/source-book_kzajtb9_page24_table2_unknown.csv
/home/suchita/Desktop/Arranged data/tables/source-book_kzajtb9_page25_table1.csv,14,1,0,0,13,/home/suchita/Desktop/Final Arranged Data/Federal/source-book_kzajtb9_page25_table1_federal.csv | /home/suchita/Desktop/Final Arranged Data/Unknown/source-book_kzajtb9_page25_table1_unknown.csv
/home/suchita/Desktop/Arranged data/tables/source-book_kzajtb9_page25_table2.csv,1,0,0,0,1,/home/suchita/Desktop/Final Arranged Data/Unknown/source-book_kzajtb9_page25_table2_unknown.csv
/home/suchita/Desktop/Arranged data/tables/source-book_kzajtb9_page25_table3.csv,1,0,0,0,1,/home/suchita/Desktop/Final Arranged Data/Unknown/source-book_kzajtb9_page25_table3_unknown.csv
/home/suchita/Desktop/Arranged data/tables/source-book_kzajtb9_page26_table1.csv,17,4,0,0,13,/home/suchita/Desktop/Final Arranged Data/Federal/source-book_kzajtb9_page26_table1_federal.csv | /home/suchita/Desktop/Final Arranged Data/Unknown/source-book_kzajtb9_page26_table1_unknown.csv
/home/suchita/Desktop/Arranged data/tables/source-book_kzajtb9_page26_table2.csv,1,0,0,0,1,/home/suchita/Desktop/Final Arranged Data/Unknown/source-book_kzajtb9_page26_table2_unknown.csv
/home/suchita/Desktop/Arranged data/tables/source-book_kzajtb9_page27_table1.csv,16,0,0,0,16,/home/suchita/Desktop/Final Arranged Data/Unknown/source-book_kzajtb9_page27_table1_unknown.csv
/home/suchita/Desktop/Arranged data/tables/source-book_kzajtb9_page27_table2.csv,1,0,0,0,1,/home/suchita/Desktop/Final Arranged Data/Unknown/source-book_kzajtb9_page27_table2_unknown.csv
/home/suchita/Desktop/Arranged data/tables/source-book_kzajtb9_page28_table1.csv,20,0,0,0,20,/home/suchita/Desktop/Final Arranged Data/Unknown/source-book_kzajtb9_page28_table1_unknown.csv
/home/suchita/Desktop/Arranged data/tables/source-book_kzajtb9_page29_table1.csv,20,1,0,0,19,/home/suchita/Desktop/Final Arranged Data/Federal/source-book_kzajtb9_page29_table1_federal.csv | /home/suchita/Desktop/Final Arranged Data/Unknown/source-book_kzajtb9_page29_table1_unknown.csv
/home/suchita/Desktop/Arranged data/tables/source-book_kzajtb9_page30_table1.csv,11,0,4,0,9,/home/suchita/Desktop/Final Arranged Data/Provincial/Koshi/source-book_kzajtb9_page30_table1_koshi.csv | /home/suchita/Desktop/Final Arranged Data/Provincial/Madhesh/source-book_kzajtb9_page30_table1_madhesh.csv | /home/suchita/Desktop/Final Arranged Data/Unknown/source-book_kzajtb9_page30_table1_unknown.csv
/home/suchita/Desktop/Arranged data/tables/source-book_kzajtb9_page31_table1.csv,9,0,3,0,6,/home/suchita/Desktop/Final Arranged Data/Provincial/Gandaki/source-book_kzajtb9_page31_table1_gandaki.csv | /home/suchita/Desktop/Final Arranged Data/Provincial/Lumbini/source-book_kzajtb9_page31_table1_lumbini.csv | /home/suchita/Desktop/Final Arranged Data/Provincial/Karnali/source-book_kzajtb9_page31_table1_karnali.csv | /home/suchita/Desktop/Final Arranged Data/Unknown/source-book_kzajtb9_page31_table1_unknown.csv
/home/suchita/Desktop/Arranged data/tables/source-book_kzajtb9_page32_table1.csv,9,0,1,3,5,/home/suchita/Desktop/Final Arranged Data/Local/source-book_kzajtb9_page32_table1_local.csv | /home/suchita/Desktop/Final Arranged Data/Provincial/Sudurpashchim/source-book_kzajtb9_page32_table1_sudurpashchim.csv | /home/suchita/Desktop/Final Arranged Data/Unknown/source-book_kzajtb9_page32_table1_unknown.csv
/home/suchita/Desktop/Arranged data/tables/source-book_kzajtb9_page33_table1.csv,14,0,0,5,9,/home/suchita/Desktop/Final Arranged Data/Local/source-book_kzajtb9_page33_table1_local.csv | /home/suchita/Desktop/Final Arranged Data/Unknown/source-book_kzajtb9_page33_table1_unknown.csv
/home/suchita/Desktop/Arranged data/tables/source-book_kzajtb9_page34_table1.csv,16,0,0,6,10,/home/suchita/Desktop/Final Arranged Data/Local/source-book_kzajtb9_page34_table1_local.csv | /home/suchita/Desktop/Final Arranged Data/Unknown/source-book_kzajtb9_page34_table1_unknown.csv
/home/suchita/Desktop/Arranged data/tables/source-book_kzajtb9_page35_table1.csv,14,0,0,5,9,/home/suchita/Desktop/Final Arranged Data/Local/source-book_kzajtb9_page35_table1_local.csv | /home/suchita/Desktop/Final Arranged Data/Unknown/source-book_kzajtb9_page35_table1_unknown.csv
/home/suchita/Desktop/Arranged data/tables/source-book_kzajtb9_page36_table1.csv,16,0,0,6,10,/home/suchita/Desktop/Final Arranged Data/Local/source-book_kzajtb9_page36_table1_local.csv | /home/suchita/Desktop/Final Arranged Data/Unknown/source-book_kzajtb9_page36_table1_unknown.csv
/home/suchita/Desktop/Arranged data/tables/source-book_kzajtb9_page37_table1.csv,14,0,0,5,9,/home/suchita/Desktop/Final Arranged Data/Local/source-book_kzajtb9_page37_table1_local.csv | /home/suchita/Desktop/Final Arranged Data/Unknown/source-book_kzajtb9_page37_table1_unknown.csv
/home/suchita/Desktop/Arranged data/tables/source-book_kzajtb9_page38_table1.csv,14,0,0,5,9,/home/suchita/Desktop/Final Arranged Data/Local/source-book_kzajtb9_page38_table1_local.csv | /home/suchita/Desktop/Final Arranged Data/Unknown/source-book_kzajtb9_page38_table1_unknown.csv
/home/suchita/Desktop/Arranged data/tables/source-book_kzajtb9_page39_table1.csv,16,0,0,6,10,/home/suchita/Desktop/Final Arranged Data/Local/source-book_kzajtb9_page39_table1_local.csv | /home/suchita/Desktop/Final Arranged Data/Unknown/source-book_kzajtb9_page39_table1_unknown.csv
/home/suchita/Desktop/Arranged data/tables/source-book_kzajtb9_page3_table1.csv,24,18,1,1,4,/home/suchita/Desktop/Final Arranged Data/Federal/source-book_kzajtb9_page3_table1_federal.csv | /home/suchita/Desktop/Final Arranged Data/Local/source-book_kzajtb9_page3_table1_local.csv | /home/suchita/Desktop/Final Arranged Data/Provincial/Madhesh/source-book_kzajtb9_page3_table1_madhesh.csv | /home/suchita/Desktop/Final Arranged Data/Unknown/source-book_kzajtb9_page3_table1_unknown.csv
/home/suchita/Desktop/Arranged data/tables/source-book_kzajtb9_page40_table1.csv,16,0,0,6,10,/home/suchita/Desktop/Final Arranged Data/Local/source-book_kzajtb9_page40_table1_local.csv | /home/suchita/Desktop/Final Arranged Data/Unknown/source-book_kzajtb9_page40_table1_unknown.csv
/home/suchita/Desktop/Arranged data/tables/source-book_kzajtb9_page41_table1.csv,14,0,0,5,9,/home/suchita/Desktop/Final Arranged Data/Local/source-book_kzajtb9_page41_table1_local.csv | /home/suchita/Desktop/Final Arranged Data/Unknown/source-book_kzajtb9_page41_table1_unknown.csv
/home/suchita/Desktop/Arranged data/tables/source-book_kzajtb9_page42_table1.csv,17,0,0,7,10,/home/suchita/Desktop/Final Arranged Data/Local/source-book_kzajtb9_page42_table1_local.csv | /home/suchita/Desktop/Final Arranged Data/Unknown/source-book_kzajtb9_page42_table1_unknown.csv
/home/suchita/Desktop/Arranged data/tables/source-book_kzajtb9_page43_table1.csv,14,0,0,5,9,/home/suchita/Desktop/Final Arranged Data/Local/source-book_kzajtb9_page43_table1_local.csv | /home/suchita/Desktop/Final Arranged Data/Unknown/source-book_kzajtb9_page43_table1_unknown.csv
/home/suchita/Desktop/Arranged data/tables/source-book_kzajtb9_page44_table1.csv,16,0,0,6,10,/home/suchita/Desktop/Final Arranged Data/Local/source-book_kzajtb9_page44_table1_local.csv | /home/suchita/Desktop/Final Arranged Data/Unknown/source-book_kzajtb9_page44_table1_unknown.csv
/home/suchita/Desktop/Arranged data/tables/source-book_kzajtb9_page45_table1.csv,16,0,0,6,10,/home/suchita/Desktop/Final Arranged Data/Local/source-book_kzajtb9_page45_table1_local.csv | /home/suchita/Desktop/Final Arranged Data/Unknown/source-book_kzajtb9_page45_table1_unknown.csv
/home/suchita/Desktop/Arranged data/tables/source-book_kzajtb9_page46_table1.csv,15,0,0,6,9,/home/suchita/Desktop/Final Arranged Data/Local/source-book_kzajtb9_page46_table1_local.csv | /home/suchita/Desktop/Final Arranged Data/Unknown/source-book_kzajtb9_page46_table1_unknown.csv
/home/suchita/Desktop/Arranged data/tables/source-book_kzajtb9_page47_table1.csv,14,0,0,5,9,/home/suchita/Desktop/Final Arranged Data/Local/source-book_kzajtb9_page47_table1_local.csv | /home/suchita/Desktop/Final Arranged Data/Unknown/source-book_kzajtb9_page47_table1_unknown.csv
/home/suchita/Desktop/Arranged data/tables/source-book_kzajtb9_page48_table1.csv,16,0,0,6,10,/home/suchita/Desktop/Final Arranged Data/Local/source-book_kzajtb9_page48_table1_local.csv | /home/suchita/Desktop/Final Arranged Data/Unknown/source-book_kzajtb9_page48_table1_unknown.csv
/home/suchita/Desktop/Arranged data/tables/source-book_kzajtb9_page49_table1.csv,14,0,0,5,9,/home/suchita/Desktop/Final Arranged Data/Local/source-book_kzajtb9_page49_table1_local.csv | /home/suchita/Desktop/Final Arranged Data/Unknown/source-book_kzajtb9_page49_table1_unknown.csv
/home/suchita/Desktop/Arranged data/tables/source-book_kzajtb9_page50_table1.csv,17,0,0,7,10,/home/suchita/Desktop/Final Arranged Data/Local/source-book_kzajtb9_page50_table1_local.csv | /home/suchita/Desktop/Final Arranged Data/Unknown/source-book_kzajtb9_page50_table1_unknown.csv
/home/suchita/Desktop/Arranged data/tables/source-book_kzajtb9_page51_table1.csv,15,0,0,6,9,/home/suchita/Desktop/Final Arranged Data/Local/source-book_kzajtb9_page51_table1_local.csv | /home/suchita/Desktop/Final Arranged Data/Unknown/source-book_kzajtb9_page51_table1_unknown.csv
/home/suchita/Desktop/Arranged data/tables/source-book_kzajtb9_page52_table1.csv,15,0,0,6,9,/home/suchita/Desktop/Final Arranged Data/Local/source-book_kzajtb9_page52_table1_local.csv | /home/suchita/Desktop/Final Arranged Data/Unknown/source-book_kzajtb9_page52_table1_unknown.csv
/home/suchita/Desktop/Arranged data/tables/source-book_kzajtb9_page53_table1.csv,14,0,0,5,9,/home/suchita/Desktop/Final Arranged Data/Local/source-book_kzajtb9_page53_table1_local.csv | /home/suchita/Desktop/Final Arranged Data/Unknown/source-book_kzajtb9_page53_table1_unknown.csv
/home/suchita/Desktop/Arranged data/tables/source-book_kzajtb9_page54_table1.csv,15,0,0,6,9,/home/suchita/Desktop/Final Arranged Data/Local/source-book_kzajtb9_page54_table1_local.csv | /home/suchita/Desktop/Final Arranged Data/Unknown/source-book_kzajtb9_page54_table1_unknown.csv
/home/suchita/Desktop/Arranged data/tables/source-book_kzajtb9_page55_table1.csv,16,0,0,6,10,/home/suchita/Desktop/Final Arranged Data/Local/source-book_kzajtb9_page55_table1_local.csv | /home/suchita/Desktop/Final Arranged Data/Unknown/source-book_kzajtb9_page55_table1_unknown.csv
/home/suchita/Desktop/Arranged data/tables/source-book_kzajtb9_page56_table1.csv,14,0,0,5,9,/home/suchita/Desktop/Final Arranged Data/Local/source-book_kzajtb9_page56_table1_local.csv | /home/suchita/Desktop/Final Arranged Data/Unknown/source-book_kzajtb9_page56_table1_unknown.csv
/home/suchita/Desktop/Arranged data/tables/source-book_kzajtb9_page57_table1.csv,16,0,0,6,10,/home/suchita/Desktop/Final Arranged Data/Local/source-book_kzajtb9_page57_table1_local.csv | /home/suchita/Desktop/Final Arranged Data/Unknown/source-book_kzajtb9_page57_table1_unknown.csv
/home/suchita/Desktop/Arranged data/tables/source-book_kzajtb9_page58_table1.csv,14,0,0,5,9,/home/suchita/Desktop/Final Arranged Data/Local/source-book_kzajtb9_page58_table1_local.csv | /home/suchita/Desktop/Final Arranged Data/Unknown/source-book_kzajtb9_page58_table1_unknown.csv
/home/suchita/Desktop/Arranged data/tables/source-book_kzajtb9_page59_table1.csv,15,0,0,6,9,/home/suchita/Desktop/Final Arranged Data/Local/source-book_kzajtb9_page59_table1_local.csv | /home/suchita/Desktop/Final Arranged Data/Unknown/source-book_kzajtb9_page59_table1_unknown.csv
/home/suchita/Desktop/Arranged data/tables/source-book_kzajtb9_page5_table1.csv,4,3,0,0,1,/home/suchita/Desktop/Final Arranged Data/Federal/source-book_kzajtb9_page5_table1_federal.csv | /home/suchita/Desktop/Final Arranged Data/Unknown/source-book_kzajtb9_page5_table1_unknown.csv
/home/suchita/Desktop/Arranged data/tables/source-book_kzajtb9_page60_table1.csv,15,0,0,6,9,/home/suchita/Desktop/Final Arranged Data/Local/source-book_kzajtb9_page60_table1_local.csv | /home/suchita/Desktop/Final Arranged Data/Unknown/source-book_kzajtb9_page60_table1_unknown.csv
/home/suchita/Desktop/Arranged data/tables/source-book_kzajtb9_page61_table1.csv,17,0,0,7,10,/home/suchita/Desktop/Final Arranged Data/Local/source-book_kzajtb9_page61_table1_local.csv | /home/suchita/Desktop/Final Arranged Data/Unknown/source-book_kzajtb9_page61_table1_unknown.csv
/home/suchita/Desktop/Arranged data/tables/source-book_kzajtb9_page62_table1.csv,14,0,0,5,9,/home/suchita/Desktop/Final Arranged Data/Local/source-book_kzajtb9_page62_table1_local.csv | /home/suchita/Desktop/Final Arranged Data/Unknown/source-book_kzajtb9_page62_table1_unknown.csv
/home/suchita/Desktop/Arranged data/tables/source-book_kzajtb9_page63_table1.csv,16,0,0,7,9,/home/suchita/Desktop/Final Arranged Data/Local/source-book_kzajtb9_page63_table1_local.csv | /home/suchita/Desktop/Final Arranged Data/Unknown/source-book_kzajtb9_page63_table1_unknown.csv
/home/suchita/Desktop/Arranged data/tables/source-book_kzajtb9_page64_table1.csv,16,0,0,6,10,/home/suchita/Desktop/Final Arranged Data/Local/source-book_kzajtb9_page64_table1_local.csv | /home/suchita/Desktop/Final Arranged Data/Unknown/source-book_kzajtb9_page64_table1_unknown.csv
/home/suchita/Desktop/Arranged data/tables/source-book_kzajtb9_page65_table1.csv,15,0,0,6,9,/home/suchita/Desktop/Final Arranged Data/Local/source-book_kzajtb9_page65_table1_local.csv | /home/suchita/Desktop/Final Arranged Data/Unknown/source-book_kzajtb9_page65_table1_unknown.csv
/home/suchita/Desktop/Arranged data/tables/source-book_kzajtb9_page66_table1.csv,16,0,0,6,10,/home/suchita/Desktop/Final Arranged Data/Local/source-book_kzajtb9_page66_table1_local.csv | /home/suchita/Desktop/Final Arranged Data/Unknown/source-book_kzajtb9_page66_table1_unknown.csv
/home/suchita/Desktop/Arranged data/tables/source-book_kzajtb9_page67_table1.csv,16,0,0,6,10,/home/suchita/Desktop/Final Arranged Data/Local/source-book_kzajtb9_page67_table1_local.csv | /home/suchita/Desktop/Final Arranged Data/Unknown/source-book_kzajtb9_page67_table1_unknown.csv
/home/suchita/Desktop/Arranged data/tables/source-book_kzajtb9_page68_table1.csv,16,0,0,6,10,/home/suchita/Desktop/Final Arranged Data/Local/source-book_kzajtb9_page68_table1_local.csv | /home/suchita/Desktop/Final Arranged Data/Unknown/source-book_kzajtb9_page68_table1_unknown.csv
/home/suchita/Desktop/Arranged data/tables/source-book_kzajtb9_page69_table1.csv,16,0,0,6,10,/home/suchita/Desktop/Final Arranged Data/Local/source-book_kzajtb9_page69_table1_local.csv | /home/suchita/Desktop/Final Arranged Data/Unknown/source-book_kzajtb9_page69_table1_unknown.csv
/home/suchita/Desktop/Arranged data/tables/source-book_kzajtb9_page70_table1.csv,16,0,0,6,10,/home/suchita/Desktop/Final Arranged Data/Local/source-book_kzajtb9_page70_table1_local.csv | /home/suchita/Desktop/Final Arranged Data/Unknown/source-book_kzajtb9_page70_table1_unknown.csv
/home/suchita/Desktop/Arranged data/tables/source-book_kzajtb9_page71_table1.csv,16,0,0,6,10,/home/suchita/Desktop/Final Arranged Data/Local/source-book_kzajtb9_page71_table1_local.csv | /home/suchita/Desktop/Final Arranged Data/Unknown/source-book_kzajtb9_page71_table1_unknown.csv
/home/suchita/Desktop/Arranged data/tables/source-book_kzajtb9_page72_table1.csv,16,0,0,6,10,/home/suchita/Desktop/Final Arranged Data/Local/source-book_kzajtb9_page72_table1_local.csv | /home/suchita/Desktop/Final Arranged Data/Unknown/source-book_kzajtb9_page72_table1_unknown.csv
/home/suchita/Desktop/Arranged data/tables/source-book_kzajtb9_page73_table1.csv,14,0,0,5,9,/home/suchita/Desktop/Final Arranged Data/Local/source-book_kzajtb9_page73_table1_local.csv | /home/suchita/Desktop/Final Arranged Data/Unknown/source-book_kzajtb9_page73_table1_unknown.csv
/home/suchita/Desktop/Arranged data/tables/source-book_kzajtb9_page74_table1.csv,16,0,0,7,9,/home/suchita/Desktop/Final Arranged Data/Local/source-book_kzajtb9_page74_table1_local.csv | /home/suchita/Desktop/Final Arranged Data/Unknown/source-book_kzajtb9_page74_table1_unknown.csv
/home/suchita/Desktop/Arranged data/tables/source-book_kzajtb9_page75_table1.csv,15,0,0,6,9,/home/suchita/Desktop/Final Arranged Data/Local/source-book_kzajtb9_page75_table1_local.csv | /home/suchita/Desktop/Final Arranged Data/Unknown/source-book_kzajtb9_page75_table1_unknown.csv
/home/suchita/Desktop/Arranged data/tables/source-book_kzajtb9_page76_table1.csv,16,0,0,6,10,/home/suchita/Desktop/Final Arranged Data/Local/source-book_kzajtb9_page76_table1_local.csv | /home/suchita/Desktop/Final Arranged Data/Unknown/source-book_kzajtb9_page76_table1_unknown.csv
/home/suchita/Desktop/Arranged data/tables/source-book_kzajtb9_page77_table1.csv,15,0,0,6,9,/home/suchita/Desktop/Final Arranged Data/Local/source-book_kzajtb9_page77_table1_local.csv | /home/suchita/Desktop/Final Arranged Data/Unknown/source-book_kzajtb9_page77_table1_unknown.csv
/home/suchita/Desktop/Arranged data/tables/source-book_kzajtb9_page78_table1.csv,16,0,0,6,10,/home/suchita/Desktop/Final Arranged Data/Local/source-book_kzajtb9_page78_table1_local.csv | /home/suchita/Desktop/Final Arranged Data/Unknown/source-book_kzajtb9_page78_table1_unknown.csv
/home/suchita/Desktop/Arranged data/tables/source-book_kzajtb9_page79_table1.csv,16,0,0,6,10,/home/suchita/Desktop/Final Arranged Data/Local/source-book_kzajtb9_page79_table1_local.csv | /home/suchita/Desktop/Final Arranged Data/Unknown/source-book_kzajtb9_page79_table1_unknown.csv
/home/suchita/Desktop/Arranged data/tables/source-book_kzajtb9_page7_table1.csv,4,0,0,0,4,/home/suchita/Desktop/Final Arranged Data/Unknown/source-book_kzajtb9_page7_table1_unknown.csv
/home/suchita/Desktop/Arranged data/tables/source-book_kzajtb9_page80_table1.csv,16,0,0,6,10,/home/suchita/Desktop/Final Arranged Data/Local/source-book_kzajtb9_page80_table1_local.csv | /home/suchita/Desktop/Final Arranged Data/Unknown/source-book_kzajtb9_page80_table1_unknown.csv
/home/suchita/Desktop/Arranged data/tables/source-book_kzajtb9_page81_table1.csv,16,0,0,6,10,/home/suchita/Desktop/Final Arranged Data/Local/source-book_kzajtb9_page81_table1_local.csv | /home/suchita/Desktop/Final Arranged Data/Unknown/source-book_kzajtb9_page81_table1_unknown.csv
/home/suchita/Desktop/Arranged data/tables/source-book_kzajtb9_page82_table1.csv,16,0,0,6,10,/home/suchita/Desktop/Final Arranged Data/Local/source-book_kzajtb9_page82_table1_local.csv | /home/suchita/Desktop/Final Arranged Data/Unknown/source-book_kzajtb9_page82_table1_unknown.csv
/home/suchita/Desktop/Arranged data/tables/source-book_kzajtb9_page83_table1.csv,16,0,0,6,10,/home/suchita/Desktop/Final Arranged Data/Local/source-book_kzajtb9_page83_table1_local.csv | /home/suchita/Desktop/Final Arranged Data/Unknown/source-book_kzajtb9_page83_table1_unknown.csv
/home/suchita/Desktop/Arranged data/tables/source-book_kzajtb9_page84_table1.csv,16,0,0,6,10,/home/suchita/Desktop/Final Arranged Data/Local/source-book_kzajtb9_page84_table1_local.csv | /home/suchita/Desktop/Final Arranged Data/Unknown/source-book_kzajtb9_page84_table1_unknown.csv
/home/suchita/Desktop/Arranged data/tables/source-book_kzajtb9_page85_table1.csv,15,0,0,6,9,/home/suchita/Desktop/Final Arranged Data/Local/source-book_kzajtb9_page85_table1_local.csv | /home/suchita/Desktop/Final Arranged Data/Unknown/source-book_kzajtb9_page85_table1_unknown.csv
/home/suchita/Desktop/Arranged data/tables/source-book_kzajtb9_page86_table1.csv,16,0,0,7,9,/home/suchita/Desktop/Final Arranged Data/Local/source-book_kzajtb9_page86_table1_local.csv | /home/suchita/Desktop/Final Arranged Data/Unknown/source-book_kzajtb9_page86_table1_unknown.csv
/home/suchita/Desktop/Arranged data/tables/source-book_kzajtb9_page87_table1.csv,16,0,0,6,10,/home/suchita/Desktop/Final Arranged Data/Local/source-book_kzajtb9_page87_table1_local.csv | /home/suchita/Desktop/Final Arranged Data/Unknown/source-book_kzajtb9_page87_table1_unknown.csv
/home/suchita/Desktop/Arranged data/tables/source-book_kzajtb9_page88_table1.csv,16,0,0,6,10,/home/suchita/Desktop/Final Arranged Data/Local/source-book_kzajtb9_page88_table1_local.csv | /home/suchita/Desktop/Final Arranged Data/Unknown/source-book_kzajtb9_page88_table1_unknown.csv
/home/suchita/Desktop/Arranged data/tables/source-book_kzajtb9_page89_table1.csv,17,0,0,7,10,/home/suchita/Desktop/Final Arranged Data/Local/source-book_kzajtb9_page89_table1_local.csv | /home/suchita/Desktop/Final Arranged Data/Unknown/source-book_kzajtb9_page89_table1_unknown.csv
/home/suchita/Desktop/Arranged data/tables/source-book_kzajtb9_page8_table1.csv,3,0,0,0,3,/home/suchita/Desktop/Final Arranged Data/Unknown/source-book_kzajtb9_page8_table1_unknown.csv
/home/suchita/Desktop/Arranged data/tables/source-book_kzajtb9_page90_table1.csv,16,0,0,6,10,/home/suchita/Desktop/Final Arranged Data/Local/source-book_kzajtb9_page90_table1_local.csv | /home/suchita/Desktop/Final Arranged Data/Unknown/source-book_kzajtb9_page90_table1_unknown.csv
/home/suchita/Desktop/Arranged data/tables/source-book_kzajtb9_page91_table1.csv,16,0,0,6,10,/home/suchita/Desktop/Final Arranged Data/Local/source-book_kzajtb9_page91_table1_local.csv | /home/suchita/Desktop/Final Arranged Data/Unknown/source-book_kzajtb9_page91_table1_unknown.csv
/home/suchita/Desktop/Arranged data/tables/source-book_kzajtb9_page92_table1.csv,17,0,0,7,10,/home/suchita/Desktop/Final Arranged Data/Local/source-book_kzajtb9_page92_table1_local.csv | /home/suchita/Desktop/Final Arranged Data/Unknown/source-book_kzajtb9_page92_table1_unknown.csv
/home/suchita/Desktop/Arranged data/tables/source-book_kzajtb9_page93_table1.csv,16,0,0,6,10,/home/suchita/Desktop/Final Arranged Data/Local/source-book_kzajtb9_page93_table1_local.csv | /home/suchita/Desktop/Final Arranged Data/Unknown/source-book_kzajtb9_page93_table1_unknown.csv
/home/suchita/Desktop/Arranged data/tables/source-book_kzajtb9_page94_table1.csv,16,0,0,6,10,/home/suchita/Desktop/Final Arranged Data/Local/source-book_kzajtb9_page94_table1_local.csv | /home/suchita/Desktop/Final Arranged Data/Unknown/source-book_kzajtb9_page94_table1_unknown.csv
/home/suchita/Desktop/Arranged data/tables/source-book_kzajtb9_page95_table1.csv,17,0,0,7,10,/home/suchita/Desktop/Final Arranged Data/Local/source-book_kzajtb9_page95_table1_local.csv | /home/suchita/Desktop/Final Arranged Data/Unknown/source-book_kzajtb9_page95_table1_unknown.csv
/home/suchita/Desktop/Arranged data/tables/source-book_kzajtb9_page96_table1.csv,16,0,0,6,10,/home/suchita/Desktop/Final Arranged Data/Local/source-book_kzajtb9_page96_table1_local.csv | /home/suchita/Desktop/Final Arranged Data/Unknown/source-book_kzajtb9_page96_table1_unknown.csv
/home/suchita/Desktop/Arranged data/tables/source-book_kzajtb9_page97_table1.csv,16,0,0,6,10,/home/suchita/Desktop/Final Arranged Data/Local/source-book_kzajtb9_page97_table1_local.csv | /home/suchita/Desktop/Final Arranged Data/Unknown/source-book_kzajtb9_page97_table1_unknown.csv
/home/suchita/Desktop/Arranged data/tables/source-book_kzajtb9_page98_table1.csv,16,0,0,6,10,/home/suchita/Desktop/Final Arranged Data/Local/source-book_kzajtb9_page98_table1_local.csv | /home/suchita/Desktop/Final Arranged Data/Unknown/source-book_kzajtb9_page98_table1_unknown.csv
/home/suchita/Desktop/Arranged data/tables/source-book_kzajtb9_page99_table1.csv,16,0,0,6,10,/home/suchita/Desktop/Final Arranged Data/Local/source-book_kzajtb9_page99_table1_local.csv | /home/suchita/Desktop/Final Arranged Data/Unknown/source-book_kzajtb9_page99_table1_unknown.csv
/home/suchita/Desktop/Arranged data/tables/source-book_kzajtb9_page9_table1.csv,16,3,0,0,13,/home/suchita/Desktop/Final Arranged Data/Federal/source-book_kzajtb9_page9_table1_federal.csv | /home/suchita/Desktop/Final Arranged Data/Unknown/source-book_kzajtb9_page9_table1_unknown.csv
/home/suchita/Desktop/Arranged data/tables/source-book_kzajtb9_page9_table2.csv,1,0,0,0,1,/home/suchita/Desktop/Final Arranged Data/Unknown/source-book_kzajtb9_page9_table2_unknown.csv
/home/suchita/Desktop/Arranged data/tables/source-book_kzajtb9_page9_table3.csv,1,0,0,0,1,/home/suchita/Desktop/Final Arranged Data/Unknown/source-book_kzajtb9_page9_table3_unknown.csv
/home/suchita/Desktop/Arranged data/tables/source-book_kzajtb9_page9_table4.csv,1,0,0,0,1,/home/suchita/Desktop/Final Arranged Data/Unknown/source-book_kzajtb9_page9_table4_unknown.csv
