contract_id,pe_name,contract_name,contract_amount,procurement_category,procurement_method,status
LAL-14-2077/078,LALJHADI RURAL MUNICIPALITY,Construction of Shankarpur Hospital Building,60502650.12,Works,NCB,In-Progress
30-BMC/2078/079/W/NCB/88,Bharatpur Metropolitian City Office,"Road Construction at different wards of Bharatpur Metropolitan City (Ward 11,12,15,16,23)",35000000.0,Works,NCB,Completed
PUN/MUN/078/079-28,Punarbas Municipality Office,"Ansubarmabasti plot no -19 to kalika mandir, Plot no 24 to mahendrabasti , 6no plot to 19 no plot Road maintinance , Ward no 1",1206388.0,Works,Sealed Quotation,Completed
PUN/MUN/078/079-29,Punarbas Municipality Office,Rastriya Adharbhut School to Khet jane sadak ward no 7,1405946.0,Works,Sealed Quotation,In-Progress
PUN/MUN/078/079-30,Punarbas Municipality Office,Sitabasti Khagaun kirtipur - masanghat Road Maintinance ward no 9,1373797.05,Works,Sealed Quotation,In-Progress
PUN/MUN/078/079-31,Punarbas Municipality Office,Medical Tol Road maintinance Ward no 10,1218127.57,Works,Sealed Quotation,Completed
TB/PUN/MUN/078/079-26,Punarbas Municipality Office,Procurement of Fabricated Steel Parts for Kursha Nala-09 and Lamaiya Nala-10 Trail Bridge,3070984.0,Works,NCB,In-Progress
23/KRM/BUILDING/2078/079,Kamal Rural Municipality,"Construction of ward office building, ward no. 2",8982741.58,Works,NCB,In-Progress
22/KRM/BRIDGE/2078/079,Kamal Rural Municipality,Construction of superstructure & protection works in gosline dhyangri khola bridge,7498188.2,Works,NCB,In-Progress
45/KRM/ROAD/2078/079,Kamal Rural Municipality,"Construction Of Asphalt Concreting work and Road Lighting System in Kerkha Bazaar, Ward No. 3",4306695.06,Works,NCB,In-Progress
UDB-RUP/34701012/NCB/078-79/3,"Urban Development and Building Office, Rupandehi","Construction of Infrastructure (Road Upgrading Works) at Unnatitole, Omsatiya Rural Municipality, Rupandehi.",1850689.14,Works,NCB,Completed
UDBO/ILAM/W/NCB/14/075-76,"Urban Development and Building Office, Ilam","Construction of road and drain in ilam municipality, ilam",17366554.4,Works,NCB,Completed
UDB-RUP/33704014/NCB/077-78/10,"Urban Development and Building Office, Rupandehi","Construction of Road, Footpath and paving Interlock Block Works at Devdaha Municipality, Rupandehi",6682408.91,Works,NCB,In-Progress
UDB-RUP/33704014/NCB/077-78/15,"Urban Development and Building Office, Rupandehi","Construction of Road, Footpath and paving Interlock Block Works at Sitganga Municipality, Arghakhachi",8940572.07,Works,NCB,In-Progress
18-BMC/2078/079/W/NCB/43,Bharatpur Metropolitian City Office,"""Construction of Blacktopped Road from Padam Pokhari Shivalaya Chowk to Aas Bahadur's House Chowk Towards North, BMC-22""",4196236.95,Works,NCB,Completed
18-BMC/2078/079/W/NCB/44,Bharatpur Metropolitian City Office,"""Construction of Blacktopped Road from Hari Prasad Sapkota's House to Ward no 17 Territory in East, BMC-19""",2165894.26,Works,NCB,Completed
30-BHR/2078/079/W/NCB/88,Bharatpur Metropolitian City Office,Road Construction at Different wards of bharatpur metropolitan city (ward 11 12 15 16 23),34868629.64,Works,NCB,In-Progress
30-BHR/2078/079/W/NCB/89,Bharatpur Metropolitian City Office,"Kerunga River Beautification RCC wall Construction at Kerunga Ghol,Ward no 9",28314300.11,Works,NCB,Completed
29-BHR/2078/079/W/NCB/93,Bharatpur Metropolitian City Office,Blacktopped Road And Drain Construction at Bharatpur Ward No. 2,3257155.51,Works,NCB,In-Progress
23-BMC/2078/079/W/NCB/57,Bharatpur Metropolitian City Office,"Maintenance Of Different Roads of Ward no. 7, BMC",3121579.77,Works,NCB,In-Progress
23-BMC/2078/079/W/NCB/61,Bharatpur Metropolitian City Office,ward 22 chowk dekhi paschim kurmiya chowk samma kalopatre kaam,6787779.64,Works,NCB,In-Progress
37-BMC/2078/079/W/NCB/103,Bharatpur Metropolitian City Office,"Construction of ward office Building, Bharatur",13051750.44,Works,NCB,In-Progress
5-BMC/2078/079/W/NCB/7,Bharatpur Metropolitian City Office,Blacktopped Road Construction on Bharatpur ward no. 15.(Ghumaune chowk Yelauli chowk-Suryanagar School-Suryaratna Chowk Road Sectio,41846863.96,Works,NCB,In-Progress
6-BMC/2078/079/W/NCB/8,Bharatpur Metropolitian City Office,"Blacktopped Road Maintenance and Rigid Pavement Works at Different Ward of Bharatpur Metropolitan city.""",63782797.13,Works,NCB,In-Progress
8-BMC/2078/079/W/NCB/10,Bharatpur Metropolitian City Office,"Gravel Road Maintenance and Filling Works at Different ward of Bharatpur Metropolitan City.""",16253920.0,Works,NCB,In-Progress
24-BMC/2078/079/W/NCB/64,Bharatpur Metropolitian City Office,"Blacktopped Road Construction At Ward no 2, (sichaai)",3535572.25,Works,NCB,Completed
8-BMC/2078/079/G/NCB/11,Bharatpur Metropolitian City Office,Supply and Delivery of NP3 Hume Pipe at Bharatpur Metropolitan City,3012693.0,Goods,NCB,Completed
25-BMC/2078/079/W/NCB/68,Bharatpur Metropolitian City Office,"Construction Of RCC Box Culvert , Ward no 1 Devghat",2347724.61,Works,NCB,Completed
9-BMC/2078/079/W/NCB/13,Bharatpur Metropolitian City Office,Blacktopped Road Construction at Bharatpur Ward No. 22,6309690.18,Works,NCB,In-Progress
9-BMC/2078/079/W/NCB/14,Bharatpur Metropolitian City Office,"Construction Of Additional Storey On Existing Ward Office Building , Ward No.22",7151887.8,Works,NCB,In-Progress
9-BMC/2078/079/G/NCB/15,Bharatpur Metropolitian City Office,"Supply and Delivery of Furniture and Fixtures at Bharatpur Metropolitan City.""",10010670.0,Goods,NCB,Completed
11-BMC/2078/079/G/SQ/17,Bharatpur Metropolitian City Office,Supply and Delivery of Concrete Ring as per Specification at Bharatpur Metropolitan City.,1630092.8,Goods,Sealed Quotation,Completed
RE-11-BMC/2078/079/G/SQ/18,Bharatpur Metropolitian City Office,Supply and Delivery of Ladies Bicycle as per Specification at Bharatpur Metropolitan City Office.,1457355.35,Goods,Sealed Quotation,Completed
11-BMC/2078/079/W/SQ/19,Bharatpur Metropolitian City Office,Construction of Costumer Waiting House at Bharatpur Metropolitan City Office Premises.,1205440.5,Works,Sealed Quotation,Completed
12-BMC/2078/079/W/SQ/21,Bharatpur Metropolitian City Office,"Construction of Blacktopped road in Namuna Marga (Toyanath Bhattarai House to Adhikari House), Ward no-11",1872410.0,Works,Sealed Quotation,Completed
13-BMC/2078/079/W/NCB/22,Bharatpur Metropolitian City Office,"Blacktopped Road Construction from Ankur Jabara-Suk Nepali to Aas BK house, Ward no 22",3165259.2,Works,NCB,In-Progress
14-BMC/2078/079/W/SQ/24,Bharatpur Metropolitian City Office,"Mosaic Tiles work in Sarada Ma. Vi., Ward no 19",1099351.35,Works,Sealed Quotation,Completed
15-BMC/2078/079/W/NCB/26,Bharatpur Metropolitian City Office,Blacktopped Road Construction in Ward no 6 (East of Gitanagar Healthpost and South of Khageri Nahar),5349537.79,Works,NCB,Completed
15-BMC/2078/079/W/NCB/28,Bharatpur Metropolitian City Office,Blacktopped Road Construction in Ward no 7 (Ujwol tole 22 no. Marga and Saptagandaki tole Khadananda Marga),5034206.5,Works,NCB,Completed
16-BMC/2078/079/W/NCB/29,Bharatpur Metropolitian City Office,"Additional Storey Construction in Sashinagar Ma.Vi., Ward No-18",3123211.07,Works,NCB,Completed
45-BMC/2078/079/W/NCB/133,Bharatpur Metropolitian City Office,Blacktopped Road Construction from Amulya Chowk to Ward no 23 territory,6489677.9,Works,NCB,In-Progress
26-BMC/2078/079/W/NCB/73,Bharatpur Metropolitian City Office,"Truss and Different construction works in Ward office building, BMC 23",2732144.55,Works,NCB,Completed
17-BMC/2078/079/W/SQ/38,Bharatpur Metropolitian City Office,Culvert Construction at Torikhet narayani Lift nahar ward no-5,1208974.22,Works,Sealed Quotation,Completed
RE-26-BHR/2078/079/W/SQ/076,Bharatpur Metropolitian City Office,Canal lining work at Bikash pokhari taal ward nm 21,469330.17,Works,NCB,Completed
27-BMC/2078/079/W/NCB/78,Bharatpur Metropolitian City Office,"""Blacktopped Road Construction (from Tham Prasad Tiwari's Chok to Nim Chok ward no. 24 & 25 Connecting upto yamu Bhandari's Ghar Chok)""",4702829.05,Works,NCB,Completed
17-BMC/2078/079/W/NCB/39,Bharatpur Metropolitian City Office,Construction of Additional Works on Commercial Building in BMC Ward no-21,6737827.2,Works,NCB,In-Progress
27-BMC/2078/079/W/NCB/79,Bharatpur Metropolitian City Office,"""Construction of Conference hall on the first floor of existing ward office Building,BMC 24""",3291020.12,Works,NCB,In-Progress
28-BHR/2078/079/W/NCB/81,Bharatpur Metropolitian City Office,Blacktopped road construction at Laxmipur marga & om shanti Marga Bmc ward no 04,2347596.6,Works,NCB,In-Progress
32-BMC/2078/079/G/NCB/92,Bharatpur Metropolitian City Office,Supply and Delivery of Machine and Equipment for Material Testing Laboratory at Bharatpur Metropolitan City,1597288.9,Goods,NCB,Completed
NCB/PTNMUN/W-10/2077/078,"Patan Municipality, Patan, Baitadi","Construction of Municipality Office Building Phase II, Patan,baitadi.",26858495.17,Works,NCB,In-Progress
19-BMC/2078/079/W/NCB/47,Bharatpur Metropolitian City Office,"""Blacktopped Road Construction on Road from Amarjyoti School to South Territory of Ward no 13, BMC-6""",2155640.24,Works,NCB,Completed
21/KRM/BUILDING/2078/079,Kamal Rural Municipality,"Construction Of Basic Health Post Building, Ward No. 4",2117625.48,Works,NCB,In-Progress
24//KRM/ROAD/2078/079,Kamal Rural Municipality,Construction Of Black Top Road On Chiseni Marga Ward No. 5,3885832.71,Works,NCB,In-Progress
28/KRM/GABION/2078/079,Kamal Rural Municipality,"Construction Works For Protection Of Bridge On Dhyangri River, Ward No. 2",3448174.45,Works,NCB,In-Progress
26-BMC/2078/079/W/NCB/74,Bharatpur Metropolitian City Office,Blacktopped Road Construction at Naharko dil dekhi shristichowk ward no 5,4962645.0,Works,NCB,Completed
26-BMC/2078/079/W/NCB/75,Bharatpur Metropolitian City Office,"Multi Cell RCC Box Culvert Construction, Ward no 29",3514192.0,Works,NCB,In-Progress
27-BMC/2078/079/W/NCB/77,Bharatpur Metropolitian City Office,"""Additional Storey Construction works On Existing Ward Office Building, BMC 17""",4213885.0,Works,NCB,In-Progress
42/KRM/COMMUNITY/2078/079,Kamal Rural Municipality,"Construction Of Toilet and Internal Finishing work in Gauri shankhar siwalaya building, Ward No 5",1843123.79,Works,Sealed Quotation,In-Progress
BMO/Work/Bajura/NCB/05/078/79,"Badimalika Municipality, Bajura",Sarashowati Schoold Building Block B,1341316.33,Works,NCB,In-Progress
BTR/NCB/WORKS/C/10/076/077,Badhaiyatal Rural Municipality,Construction of Asphalt Concrete Road From Gabisa To Mankhola,70117998.17,Works,NCB,Completed
BMO/WORK/BAJURA/NCB/012/077-078,"Badimalika Municipality, Bajura",BMO/WORK/BAJURA/NCB/012/077-078,88726219.68,Works,NCB,In-Progress
03/NCB/GOODS/BRM/2078-79,Bijaynagar Rural Municipality,Procurement and Supply of Coloured CGI and GI Plain Sheets.,4362308.5,Goods,NCB,Completed
32/KRM/TOILET/2078/079,Kamal Rural Municipality,Construction Of Toilet In Jyoti School Ward No. 4,646041.27,Works,Sealed Quotation,In-Progress
BTRM/NCB/WORKS/C/01/2078/079,Badhaiyatal Rural Municipality,Construction of Earthen Dam & Clearance of Lake,38138552.53,Works,NCB,In-Progress
33/KRM/MASONARY/2078/079,Kamal Rural Municipality,Construction Of Protection Work in Chulachuli Danfe Agricultural Raod,998694.78,Works,Sealed Quotation,In-Progress
BTRM/NCB/WORKS/C/02/2078/79,Badhaiyatal Rural Municipality,Construction Of Asphalt Concrete Road From Mainapokhar To Jagatiya,52183458.1,Works,NCB,In-Progress
BTRM/NCB/WORKS/C/03/2078/079,Badhaiyatal Rural Municipality,Construction Of Asphalt Concrete Road From Pachasa To Bogatiya,52693099.17,Works,NCB,In-Progress
UDBO/ILAM/W/NCB/10/075-76,"Urban Development and Building Office, Ilam","Rabi Bazaar Dhal Nikaas Tatha Bazaar Kalo patre, Rabi, Miklajung Rural Municipality, paanchthar",60890289.7,Works,NCB,Completed
BTRM/NCB/WORKS/C/04/2078/079,Badhaiyatal Rural Municipality,Construction Of Asphalt Concrete Road From Ward No: 2 Office To Mankhola ( Phase 2; Extended From Shiva Chowk Towards Madan Chowk ),33200493.41,Works,NCB,In-Progress
W/GRM/NCB/03/2078-079,Geruwa Rural Municipality,Construction of blacktop road and other structure work at ekpriya ma vi- bhairampur road,3704140.02,Works,NCB,In-Progress
BTRM/NCB/WORKS/C/05/2078/079,Badhaiyatal Rural Municipality,Construction Of Asphalt Concrete Road From Madan Chowk To Shiva Chowk,3217653.24,Works,NCB,Completed
39/KRM/TOILET/2078/079,Kamal Rural Municipality,"Construction Of Siddhadevi School Building, Ward No 5",1145194.4,Works,Sealed Quotation,In-Progress
BTRM/NCB/GOODS/06/2078/079,Badhaiyatal Rural Municipality,PROCUREMENT OF FABRICATED STEEL PARTS FOR THE SITAPUR-PURAINA SUSPENSION BRIDGE,2895069.04,Goods,NCB,In-Progress
W/GRM/NCB/01/2078-079,Geruwa Rural Municipality,Construction of blacktop road and other structure work at janaknagar towards kanpur chowk road,14413296.28,Works,NCB,In-Progress
40/KRM/TOILET/2078/079,Kamal Rural Municipality,"Construction Of Toilet In Saraswati Ma Vi, Ward No. 7",1426290.84,Works,Sealed Quotation,In-Progress
16/NCB/WORKS/BRM/2078-79,Bijaynagar Rural Municipality,Mahadev-Dalpur-Nayabasti-Naurangiya-Jawavbairath kalopatre sadak (Phase II),3585064.68,Works,NCB,In-Progress
BTRM/NCB/WORKS/C/12/075/076,Badhaiyatal Rural Municipality,"Construction of Basic Health Service Center Building, Ward No 01",2949835.15,Works,NCB,In-Progress
BTRM/NCB/WORKS/C/03/2077/078,Badhaiyatal Rural Municipality,Construction Of Badhaiyatal rural Municipality Building,47509858.82,Works,NCB,In-Progress
17/NCB/WORKS/BRM/2078-79,Bijaynagar Rural Municipality,Tripalnagar-Jawabairath Sadak Staronnati Tatha Kalopatre (Phase II),6478205.18,Works,NCB,In-Progress
BTRM/NCB/WORKS/02/077/078,Badhaiyatal Rural Municipality,Construction of Asphalt Road Between Saulibazar To Mayurbasti Road,4184413.95,Works,NCB,In-Progress
BTRM/NCB/WORKS/01/077/078,Badhaiyatal Rural Municipality,Construction of Multipurpose Seminar Hall Badhaiyatal Rural Municipality Building,7026050.01,Works,NCB,In-Progress
05/RM/NCB/W/2078/079,"Rajapur Municipality Office, Rajapur",Rajapur ward No 5 pahadipur dekhi ward no 10 lalpur Samma Blacktop Construction works.,45540956.91,Works,NCB,In-Progress
BTRM/NCB/WORKS/C/03/075/076,Badhaiyatal Rural Municipality,Construction of Asphalt Road from Simara To Futaha Road,43052684.75,Works,NCB,Completed
18/SQ/WORKS/BRM/2078-79,Bijaynagar Rural Municipality,Premnagar Gaun Bitra Sadak Kalopatre tatha staronnati (Phase II),1386114.69,Works,Sealed Quotation,Completed
19/NCB/WORKS/BRM/2078-79,Bijaynagar Rural Municipality,Mahadaiya-Mainari Sadak Kalopatre (Phase II),3684480.7,Works,NCB,In-Progress
20/NCB/WORKS/BRM/2078-79,Bijaynagar Rural Municipality,Ganeshpur-Dodhari- Khuruhuriya- Premnagar sadak kalopatre Phase (II),2898553.95,Works,NCB,In-Progress
21/NCB/WORKS/BRM/2078-79,Bijaynagar Rural Municipality,Construction of Municipality Level Health and Disaster Shelter Building Phase (II).,2558917.49,Works,NCB,Completed
21/NCB/GOODS/BRM/2078-79,Bijaynagar Rural Municipality,Purchase and Supply of Ladies Bicycle,3601797.03,Goods,NCB,Completed
NCB/PTNMUN/W-09/2077/78,"Patan Municipality, Patan, Baitadi",Conatruction of 15 Bed Basic Hospital Building,162505476.4,Works,NCB,In-Progress
BTRM/NCB/WORKS/C/14/075/076,Badhaiyatal Rural Municipality,"Construction of Basic Health Service Building, Ward no-05",2602694.18,Works,NCB,In-Progress
NCB/PTNMUN/W-06/2077/078,"Patan Municipality, Patan, Baitadi",Construction of Sigas Ma.Bi School Building Gaurishankhar Pokhari Ptn Mun Ward No.03,4409207.1,Works,NCB,In-Progress
NCB/PTNMUN/W-07/2077/78,"Patan Municipality, Patan, Baitadi",CONSTRUCTION OF CIVIL WORK OF SURNAYA JOLABAJ TOLI lIFT PROJECT Stage 1,3255490.3,Works,NCB,In-Progress
BTRM/NCB/WORKS/C/15/075/076,Badhaiyatal Rural Municipality,"Construction of Basic Health Service Building, Ward no-05",2654534.37,Works,NCB,In-Progress
METRO/BHR/W/NCB/27/077/078,Bharatpur Metropolitian City Office,Blacktopped Road Maintenance and Reconstruction Works at Different Ward of Bharatpur Metropolitan City-Package 1,18266129.91,Works,NCB,Completed
NBC/PTNMUN/GP-02/2077/078,"Patan Municipality, Patan, Baitadi","Supplying and fittinf of Electtromechanical Part Of Surnaya JOlabaj Toli Lift Irrigation Project Ward No.04,Baiatdi",5855370.0,Goods,NCB,In-Progress
Metro/Bhr/W/NCB/58/076/077,Bharatpur Metropolitian City Office,Construction of PCC With Meshjali at Ward No.3,1836649.46,Works,NCB,In-Progress
METRO/BHR/W/NCB/39/077/078,Bharatpur Metropolitian City Office,Blacktopped Road Construction from Munal Chowk to Boarder of ward 6 at Bharatpur 5.,17487743.42,Works,NCB,In-Progress
Metro/Bhr/W/NCB/63/076/077,Bharatpur Metropolitian City Office,Blacktopped Road Construction Work At Ward No. 13,30721894.72,Works,NCB,In-Progress
BTRM/NCB/WORKS/C/06/075/076,Badhaiyatal Rural Municipality,Construction of asphalt road between pachasa kanthapur,37955346.67,Works,NCB,Completed
Metro/Bhr/W/NCB/88/076/077,Bharatpur Metropolitian City Office,"Construction of Public Toilet at Different ward (1, 12, 10) of BMC.",7268206.78,Works,NCB,Completed
02/S-02/PMO/NCB/2077/78,"Patan Municipality, Patan, Baitadi","Conatruction of Gujar Ma.Bi School Building Ward No.03,Baitadi",4269136.0,Works,NCB,In-Progress
BMO/WORK/BAJURA/NCB/01/078-79,"Badimalika Municipality, Bajura",Saraswati School Bulding Construction A,2675298.31,Works,NCB,In-Progress
METRO/BHR/W/NCB/55/077/078,Bharatpur Metropolitian City Office,Blacktopped Road Construction From West of Ward Office Chowk Up to Shanta Bagaicha Chowk at Bharatpur-15,7222329.34,Works,NCB,In-Progress
METRO/BHR/W/NCB/57/077/078,Bharatpur Metropolitian City Office,Blacktopped Road Construction From Ward Office through Amar Ma. Vi. Upto Ram Mandir at Bharatpur-22.,15148795.08,Works,NCB,In-Progress
GGM/WOKRKS/NCB/24/2077/078,"Gauriganga Municipality, Chaumala Kailali",CONSTRUCTION OF 15 BED PRIMARY HOSPITAL,101749818.4,Works,NCB,In-Progress
GGM/WOKRKS/NCB/15/2077/078,"Gauriganga Municipality, Chaumala Kailali",ANDAIYA MUL SADAK KALOPATRE,2462132.76,Works,NCB,Completed
METRO/BHR/W/NCB/60/077/078,Bharatpur Metropolitian City Office,Blacktopped Road Construction From Bhawana Chowk Towards North 6 no. Sakha on Boarder of Bharatpur Ward 14 and 15.,7819613.95,Works,NCB,In-Progress
NCB/PTNMUN/W-02/2078/79,"Patan Municipality, Patan, Baitadi","Construction of Udayadeb Ma.Bi. School Building Patan Municipality Ward No.07,Baitadi",7303936.01,Works,NCB,In-Progress
METRO/BHR/W/NCB/64/077/078,Bharatpur Metropolitian City Office,Blacktopped with Drain Construction in Town School Road at Bharatpur ward no. 22.,6491006.14,Works,NCB,Completed
NCB/PTNMUN/W-08/2078/79,"Patan Municipality, Patan, Baitadi","Construction of Udayadev Ma.Bi. School Building Part II ,Kimtoli Baitadi",2652588.38,Works,NCB,In-Progress
GGM/WOKRKS/NCB/21/2077/078,"Gauriganga Municipality, Chaumala Kailali",CONSTRUCTION OF SANKARPUR UTTAR DAKSHIN SADAK KALOPATRE,1477247.78,Works,NCB,Completed
NCB/PTNMUN/W-03/2078/79,"Patan Municipality, Patan, Baitadi","Construction of Basic Health Centre Building (Type 2) Ward No.07,Kimtoli",1595973.73,Works,NCB,In-Progress
GGM/WOKRKS/NCB/20/2077/078,"Gauriganga Municipality, Chaumala Kailali",CONTRUCTION OF DODA PUL DEKHI MASURIYA GAU,1230649.07,Works,NCB,Completed
NCB/PTNMUN/W-04/2078/79,"Patan Municipality, Patan, Baitadi","Upgrading Rehabitation and Construction of Dehimandu Basantpur Patan Road Ward No.05,Basantpur,Baitadi",5131846.13,Works,NCB,In-Progress
NCB/PTNMUN/W-07/2078/79,"Patan Municipality, Patan, Baitadi","Upgrading Rehabitation and Construction Of Dehimandu Basantpur Patan Road Part II,Ward No.05,Basantpur,Baitadi",5130522.29,Works,NCB,In-Progress
GGM/WOKRKS/NCB/22/2078/79,"Gauriganga Municipality, Chaumala Kailali",CONSTRUCTION OF MALIKA MABI KO BHAWAN MAA TALA THAP NIRMAN KARYA,3608754.25,Works,NCB,Completed
NCB/PTNMUN/W-01/2078/79,"Patan Municipality, Patan, Baitadi","Construction of Ward Office BUilding Ward No.05,Basantpur ,Baitadi",7125217.34,Works,NCB,In-Progress
BTRM/NCB/WORKS/C/04/075/076,Badhaiyatal Rural Municipality,Construction Of asphalt road between Bholagoudi to danfe,77394048.46,Works,NCB,Completed
06/RM/NCB/W/2078/079,"Rajapur Municipality Office, Rajapur",Ward No 4 Renisha Boarding School dekhi Shantipur chowk hudai Bhimmapur Barpipal Samma Road Construction works,9413100.68,Works,NCB,In-Progress
07/RM/NCB/W/2078/079,"Rajapur Municipality Office, Rajapur",Ward no 2 ko chainpur dekhi Geruwa Rajapur simana Samma Black road construction works,9299696.7,Works,NCB,In-Progress
METRO/BHR/W/NCB/65/077/078,Bharatpur Metropolitian City Office,Blacktopped Road Construction at Bharatpur ward no. 20,5323114.49,Works,NCB,In-Progress
GGM/WORKS/NCB/23/2078/79,"Gauriganga Municipality, Chaumala Kailali",CONSTRUCTION OF SCHOOL BUILDING OF JANAJRITI AAVI,3133197.24,Works,NCB,Completed
BTRM/NCB/WORKS/C/01/075/076,Badhaiyatal Rural Municipality,Construction of Asphalt Road between Bholagoudi to Badhaityatal,31161430.3,Works,NCB,Completed
08/RM/NCB/W/2078/079,"Rajapur Municipality Office, Rajapur",Ward No 2 Jotpur simana dekhi ward No 5 Pahadipur hudai ward No 8 khalla tole hulaki sadak Samma Blacktop road construction works.,9757001.47,Works,NCB,In-Progress
METRO/BHR/W/NCB/67/077/078,Bharatpur Metropolitian City Office,Blacktopped Road Construction From East of Guman Singh B.K Chowk upto boarder of ward 5 at Bharatpur 15.,8173632.81,Works,NCB,In-Progress
METRO/BHR/W/NCB/68/077/078,Bharatpur Metropolitian City Office,"Blacktopped Road Construction at Bharatpur Ward no. 6,14 and 21.",10564807.1,Works,NCB,In-Progress
GGM/WORKS/NCB/24/2078/79,"Gauriganga Municipality, Chaumala Kailali",CONSTRUCTION OF SWASTHYA EKAI KO LAGI BIRTHING CENTRE,2081764.93,Works,NCB,Completed
METRO/BHR/W/NCB/75/077/078,Bharatpur Metropolitian City Office,Blacktopped Road Construction at Bharatpur ward no. 6 and 5,11592660.71,Works,NCB,In-Progress
METRO/BHR/W/NCB/ 81/077/078,Bharatpur Metropolitian City Office,Culvert Construction works at Bharatpur Ward No. 27 and 28.,4746495.33,Works,NCB,Completed
METRO/BHR/W/NCB/83/077/078,Bharatpur Metropolitian City Office,Blacktopped Road Construction from South of Triveni Chowk Up to Canal at Ward No. 5,4594039.43,Works,NCB,In-Progress
METRO/BHR/W/NCB/94/077/078,Bharatpur Metropolitian City Office,"Construction Of Additional Storey On Existing Ward Office Building , Ward No.6",2334339.07,Works,NCB,In-Progress
GGM/WORKS/NCB/17/2078/79,"Gauriganga Municipality, Chaumala Kailali",KHAPTAD BAHUMUKHI CAMPUS VAWAN NIRMAN,4848551.4,Works,NCB,Completed
GGM/WORKS/NCB/25/2078/79,"Gauriganga Municipality, Chaumala Kailali",CONSTRUCTION OF SAFE HOUSE GAURIGANGA 4 RAJIPUR,2657855.34,Works,NCB,Completed
METRO/BHR/W/NCB/131/077/078,Bharatpur Metropolitian City Office,Construction of Blacktopped road and drain in Kachpache Chowk at ward no. 4,2375798.2,Works,NCB,In-Progress
GGM/WOKRKS/NCB/11/2078/79,"Gauriganga Municipality, Chaumala Kailali",AMAI KO GHAR DEKHI AITHA CHOWK SAMMA SADAK KALOPATRE,3248375.96,Works,NCB,Completed
GGM/WOKRKS/NCB/12/2078/79,"Gauriganga Municipality, Chaumala Kailali",MANGALPUR CHOWK DEKHI CHANAURA SADAK KALOPATRE,1308244.16,Works,NCB,In-Progress
13/RM/NCB/W/2078/079,"Rajapur Municipality Office, Rajapur",Ward No 1 ward office jane sadak Black top,11162368.36,Works,NCB,In-Progress
METRO/BHR/W/NCB/139/077/078,Bharatpur Metropolitian City Office,Road Construction Towards Concrete Factory Near Jagannath Chowk at Bharatpur-4.,2276215.5,Works,NCB,In-Progress
METRO/BHR/W/NCB/140/077/078,Bharatpur Metropolitian City Office,Road Construction towards west of Chaurali Chowk at Bharatpur-8,1999306.34,Works,NCB,In-Progress
14/RM/NCB/W/2078/079,"Rajapur Municipality Office, Rajapur",Ward No 3 ward office jane sadak Black top,7841899.19,Works,NCB,In-Progress
METRO/BHR/W/NCB/148/077/078,Bharatpur Metropolitian City Office,Blacktopped Road Construction of Section Shantichowk-Chhaari Chowk and Bhetghat Chowk-Suryadya chowk at Bharatpur Ward no. 16,2989230.81,Works,NCB,In-Progress
GGM/WOKRKS/NCB/03/2078/79,"Gauriganga Municipality, Chaumala Kailali",JHIL KO BICH TOL BAATA PASCHIM JANE SADAK KALOPATRE,1160415.07,Works,NCB,Completed
15/RM/NCB/W/2078/079,"Rajapur Municipality Office, Rajapur",Dhobinpur dekhi phattepur hudai Puraina samma RCC wall and road upgrading works,11212030.21,Works,NCB,In-Progress
GGM/WORKS/SQ/01/2078/79,"Gauriganga Municipality, Chaumala Kailali",KUCHAINI LAXMI CHOWK DEKHI GHAATGADDI HUDAI BETAINE SADAK KALOPATRE,1524701.93,Works,Sealed Quotation,Completed
37-BMC/2078/079/G/NCB/100,Bharatpur Metropolitian City Office,Procurement of Ayurvedic Medicines for Bharatpur Metropolitan City,4330700.0,Goods,NCB,Completed
GGM/WORKS/SQ/03/2078/79,"Gauriganga Municipality, Chaumala Kailali",SANKARPUR DAKSHIN HUDAI JHOPU SAMMA SADAK KALOPATRESANKARPUR DAKSHIN HUDAI JHOPU SAMMA SADAK KALOPATRESANKARPUR DAKSHIN HUDAI JHOPU SAMMA SADAK KALOPATRE,1073659.33,Works,Sealed Quotation,Completed
W/GRM/NCB/10/2078-079,Geruwa Rural Municipality,Construction of Boundary wall with mesh wire at the bank of Geruwa-Karnali River,9885599.0,Works,NCB,In-Progress
W/GRM/NCB/04/2078-079,Geruwa Rural Municipality,Construction of Blacktop road and other structures at shantibazar-khutena road,3567965.79,Works,NCB,In-Progress
METRO/BHR/W/NCB/142/077/078,Bharatpur Metropolitian City Office,Blacktopped Road Construction at Different Ward of Bharatpur Metropolitan City-Package 2.,63280000.0,Works,NCB,In-Progress
BM/NCB/W/Park/077-078,"Beni Municipality Office of Municipal Executive,Beni ,Myagdi","Construction Of Rawan Park, Beni Mun-5,Pulashram",17677563.91,Works,NCB,In-Progress
W/GRM/NCB/02/2078-079,Geruwa Rural Municipality,Construction of Blacktop road and other structure at patabhar Baluwatar-Shantibazar road,15192846.85,Works,NCB,In-Progress
BM/NCB/Ws/01/078-79,"Beni Municipality Office of Municipal Executive,Beni ,Myagdi","JAMUNAKHARKA WATER SUPPLY PROJECT (EK GHAR EK DHARAA FOTE,RAWADA,SALLERI AREA)",3438211.4,Works,NCB,Completed
W/GRM/NCB/09/2078-079,Geruwa Rural Municipality,Pashupati ma vi school ma prabidhik bhawan nirman,4059903.68,Works,NCB,In-Progress
BM/NCB/Ws/03/078-79,"Beni Municipality Office of Municipal Executive,Beni ,Myagdi",KHABARA WATER SUPPLY PROJECT,6211165.59,Works,NCB,Completed
W/GRM/NCB/13/2077-078,Geruwa Rural Municipality,Boundary work with mesh wire at the bank of geruwa river,11766526.0,Works,NCB,In-Progress
BM/NCB/Ws/04/078-79,"Beni Municipality Office of Municipal Executive,Beni ,Myagdi",GAUSHWARA TAMANE WATER SUPPLY PROJECT,3742771.43,Works,NCB,Completed
W/GRM/NCB/11/2078-079,Geruwa Rural Municipality,Construction of Ek-priya ma vi school building and boundary wall (phase-2),8886765.82,Works,NCB,In-Progress
BM/NCB/Ws/02/078-79,"Beni Municipality Office of Municipal Executive,Beni ,Myagdi","JAMUNAKHARKA WATER SUPPLY PROJECT (EK GHAR EK DHARAA JAMUNAKHARKA,JAMRENI AREA)",7814100.42,Works,NCB,Completed
W/GRM/NCB/12/2078-079,Geruwa Rural Municipality,Construction of safe shelter house,3669232.61,Works,NCB,In-Progress
W/GRM/SQW/03/2078-079,Geruwa Rural Municipality,Construction of two room school building of ekpriya ma vi at patabhar,1331047.92,Works,Sealed Quotation,In-Progress
W/GRM/SQW/09/2078-079,Geruwa Rural Municipality,Construction of culvert at khallagaun chihanghat,670643.03,Works,Sealed Quotation,In-Progress
W/GRM/SQW/12/2078-079,Geruwa Rural Municipality,Baluwatar khel maidan nirman,1470201.65,Works,Sealed Quotation,In-Progress
17/RM/NCB/W/2078/079,"Rajapur Municipality Office, Rajapur",Bhansar chowk dekhi ram mandir Samma bato kalo patre,24905979.85,Works,NCB,In-Progress
W/GRM/NCB/05/2078-079,Geruwa Rural Municipality,Construction of Blacktop road and other structure at govindapur gola school road,4013145.1,Works,NCB,In-Progress
W/GRM/NCB/10/2077-078,Geruwa Rural Municipality,Construction of seed storage and processing building,2269080.84,Works,NCB,Completed
W/GRM/SQW/13/2077-078,Geruwa Rural Municipality,Coverd Hall Nirman,1458076.01,Works,Sealed Quotation,Completed
W/GRM/SQW/01/2078-079,Geruwa Rural Municipality,Loharpur sankatti kulo ma culvert nirman,540351.15,Works,Sealed Quotation,Completed
18/RM/NCB/W/2078/079,"Rajapur Municipality Office, Rajapur",Tediya Dalai kulo Bandhma Culvert nirman yojana,2710398.39,Works,NCB,In-Progress
W/GRM/NCB/07/2078-079,Geruwa Rural Municipality,Construction of gravel road and other structure,3881923.81,Works,NCB,Completed
19/RM/NCB/W/2078/079,"Rajapur Municipality Office, Rajapur",Ward No 9 Katarniya jane sadak kalopatre,4846524.57,Works,NCB,In-Progress
HRM/BUILDING/NCB/11/2077/078,"Himali Rural Municipality, Bajura",10 Bed Hospital Construction Work,65455222.0,Works,NCB,In-Progress
W/GRM/NCB/04/2077-078,Geruwa Rural Municipality,Construction of 10 BEDDED HOSPITAL IN MANAU,52470943.11,Works,NCB,In-Progress
20/RM/NCB/W/2078/079,"Rajapur Municipality Office, Rajapur",Ward No 2 Balabazar dekhi tharu saskritik sangralaya jane bato starunnati,4016335.27,Works,NCB,In-Progress
W/GRM/NCB/01/2077-078,Geruwa Rural Municipality,Construction of Blacktop road sichai road-janaknagar-kanpur,18641467.39,Works,NCB,Completed
W/GRM/NCB/14/2077-078,Geruwa Rural Municipality,Construction of Sahid smriti park at okhariya,35405599.27,Works,NCB,In-Progress
Goods/GRM/NCB/02/2078-079,Geruwa Rural Municipality,Procurment of ICT Equipment from mukhyamantri shaikshiksudar karyakaram,5109057.7,Goods,NCB,Completed
Goods/GRM/SQG/05/2078-079,Geruwa Rural Municipality,Supply and delivery of sanitary pads,998655.01,Goods,Sealed Quotation,Completed
Goods/GRM/NCB/01/2078-079,Geruwa Rural Municipality,Procurment of supply and delivary of medical and sergical equipment,817401.0,Goods,NCB,Completed
08/077/078/NCB,Butwal Sub-Metropolitan City,"Construction of Batauli Museum, Butwal-01, Rupandehi",68925256.07,Works,NCB,In-Progress
50/076/077/NCB,Butwal Sub-Metropolitan City,"Design, Supply and Installation of Modern & Well Managed Slaughter House based on Continuous Powered System",221335996.13,Goods,NCB,In-Progress
18/077/078/NCB,Butwal Sub-Metropolitan City,"Improvement of Physical Infrastructures, Butwal-12",9297999.2,Works,NCB,In-Progress
27/077/78/NCB,Butwal Sub-Metropolitan City,"Reconstruction of Road and Drain with Footpath, Butwal 8,Tribhuwanpath , Rupandehi",18190955.71,Works,NCB,In-Progress
W/GRM/SQW/04/2078-079,Geruwa Rural Municipality,Construction of culvert at jhabai dekhi budhikulo jane bato,1358157.68,Works,Sealed Quotation,Completed
W/GRM/SQW/06/2078-079,Geruwa Rural Municipality,Road gravelling work from kishan pra bi towards bhakari bazar,1055130.76,Works,Sealed Quotation,Completed
25/RM/SQ/W/2078/079,"Rajapur Municipality Office, Rajapur",Dhobinpur Chowk dekhi katarniya Jane Batoko Dubai Tarfa Nala Nirman yojana,1403593.73,Works,Sealed Quotation,In-Progress
W/GRM/SQW/07/2078-079,Geruwa Rural Municipality,Road gravelling work from ultanpur madan tharu ko ghar dekhi bhairampur sadakma,480428.54,Works,Sealed Quotation,Completed
W/GRM/SQW/10/2078-079,Geruwa Rural Municipality,Construction of Boundary wall of Kalika PRA. VI,431620.89,Works,Sealed Quotation,Completed
W/GRM/SQW/11/2078-079,Geruwa Rural Municipality,Bhatera dekhi bankhet jane bato gravel and khopclinic dekhi ramu chauraha samma bato gravel,681772.2,Works,Sealed Quotation,Completed
NSMC/NCB/W01/078-079,"Nepalgunj Sub Metropolitan Office, Banke",Construction of commercial building and fire fighting garage in the premisses of nagar bhawan,45403688.7,Works,NCB,In-Progress
Goods/GRM/SQG/03/2078-079,Geruwa Rural Municipality,Procurment of supply abd delivery of Furniture and fixtures,1113250.0,Goods,Sealed Quotation,Completed
Goods/GRM/SQG/04/2078-079,Geruwa Rural Municipality,Supply and delivery of ICT Equipment,1671496.0,Goods,Sealed Quotation,Completed
27/RM/NCB/W/2078/079,"Rajapur Municipality Office, Rajapur",Ward No 4 Renisha Boarding School dekhi Shantipur chowk hudai Bhimmapur Barpipal Samma Road Construction works PHASE -2,7108988.67,Works,NCB,In-Progress
Goods/GRM/SQG/06/2078-079,Geruwa Rural Municipality,Purches and supply of different size humpipe at GRM,483961.48,Goods,Sealed Quotation,Completed
28/RM/NCB/W/2078/079,"Rajapur Municipality Office, Rajapur","Ward no-6, manpur tapara Iswarigunj sadak starunnati",7449313.1,Works,NCB,In-Progress
NSMC/NCB/W04/078/079,"Nepalgunj Sub Metropolitan Office, Banke","bageswori children park with restaurent, shutter and parking construction work",18277923.9,Works,NCB,In-Progress
01/NTDC-01/077/078,"Nepalgunj Sub Metropolitan Office, Banke",Earthwork and pavement construction work of water park land pooling project,21415501.43,Works,NCB,In-Progress
34/077/78/NCB,Butwal Sub-Metropolitan City,"Construction of Shree Naharpur Secondary School Butwal-11, Naharpur, Rupandehi",32925118.53,Works,NCB,In-Progress
47/077/78/NCB,Butwal Sub-Metropolitan City,"Construction of Black Top Road ,Drain with Foot Path, Butwal 6, Jyotipath , Rupandehi",34626838.96,Works,NCB,In-Progress
01/NTDC/078/079,"Nepalgunj Sub Metropolitan Office, Banke",drain construction work at water park land pooling project site,68348665.72,Works,NCB,In-Progress
W/GRM/SQW/05/2078-079,Geruwa Rural Municipality,Construction of culvert at sukhar bisaunipur and road upgrading work from subba kulo culvert towards bhagatpur jane bato,1274250.72,Works,Sealed Quotation,Completed
W/GRM/SQW/08/2078-079,Geruwa Rural Municipality,Construction of Box Culvert at patabhar sanjeev tharu ko ghar najik,622759.14,Works,Sealed Quotation,Completed
W/GRM/SQW/13/2078-079,Geruwa Rural Municipality,Banjariya school dekhi uttar tarfa bindra niskane sadak gravel maintaintance,1498818.04,Works,Sealed Quotation,Completed
IFB/03/2077879/Works/FWSSMP/Lamjung,"Water Supply and Sewerage Management Office, Lamjung","Construction of Manakaman Brihat Water Supply Project, Sahid Lakhana Municipality-2,3, Gorkha",107192964.31,Works,NCB,In-Progress
IFB/04/2077/078/Works/FWSSMP/Lamjung,"Water Supply and Sewerage Management Office, Lamjung","Construction of Borlang Brihat Water Supply Project, Bhimsen Thapa Rural Municipality-8, Gorkha",85909495.56,Works,NCB,In-Progress
RIDO/RUK/TBM/SQ/05/078-79 (Re-notice2nd),"Road Infrastructure Development Office, Rukum (East )",Trail Bridge major maintenance work at Naigadh Sisne rural municipality ward No -02,931343.03,Works,Sealed Quotation,Completed
02/076/77/W/NBC/GOR,"Infrastructure Development Office, Gorkha","Construction of Water Treatment Plant,Dharche Rural Municipality-04,Larpak",7547901.44,Works,NCB,In-Progress
29/RM/NCB/W/2078/079,"Rajapur Municipality Office, Rajapur",Ostajpur chowk hudai ward karyalaya jane bato tatha kafle tole hudai puraina samma sadak starunnati,6371712.0,Works,NCB,In-Progress
30/RM/NCB/W/2078/079,"Rajapur Municipality Office, Rajapur",Dhobinpur dekhi phattepur hudai puraina samma R.C.C wall nirman sahit sadak Starikaran PHASE -2,6047022.0,Works,NCB,In-Progress
31/RM/NCB/ W/2078/079,"Rajapur Municipality Office, Rajapur",Ward no7 Ward karyalaya bata ganesh mandir sadak murkatta samma kalopatre,11089714.73,Works,NCB,In-Progress
32/RM/NCB/ W/2078/079,"Rajapur Municipality Office, Rajapur",Ward No 2 Jotpur dekhi ward No 5 Pahadipur hudai ward No 8 khalla tole hulaki road Samma road construction works PHASE 2,7058140.1,Works,NCB,In-Progress
33/RM/NCB/ W/2078/079,"Rajapur Municipality Office, Rajapur",Ward no. 10 karmohini shanti chowk sadak kalo patre,6787831.98,Works,NCB,In-Progress
34/RM/NCB/ W/2078/079,"Rajapur Municipality Office, Rajapur",Ward no 2 ko chainpur dekhi Geruwa Rajapur simana Samma Black top road construction works KRAMAGAT PHASE -2,10526914.74,Works,NCB,In-Progress
DDC/Gorkha/Bridge/NCB/072/073/39,"Infrastructure Development Office, Gorkha",Construction of Motorable Bridge Over Daraudi River Connecting Between Gorkha Municipality 11 and Mirkot 05 Gorkha,40665763.7,Works,NCB,In-Progress
FWSSMP/WRAM/CWSP/04//078-79,"Federal Water Supply and Sewerage Management Project, Ramechhap","Construction of entire Work of Bhiman Bethan Chauki Water Supply Project Kamalamai Municipality 8,9,10 Sindhuli with 1-Year Operation and Maintenance",295026831.75,Works,NCB,In-Progress
FWSSMP/WRAM/CWSP/06/078-79,"Federal Water Supply and Sewerage Management Project, Ramechhap","Construction of entire work of Marin Water Supply Project, Marin Rural Municipality 6,7 Sindhuli with 1-Year Operation and Maintenance",108882254.73,Works,NCB,In-Progress
DROLTP/33701122-4/077/78-13,208 Road Division Lalitpur,"Construction of Hunumante River Bridge, Along Madhyapur Thimi Ward no. 16 Connecting Hunuman Mandir and Imadole",54262712.86,Works,NCB,In-Progress
DROLTP/33701169-4/078/79-14,208 Road Division Lalitpur,Road Imporovement Works on Mhalaxmi Na.pa Ward no.4 Imadole Tempo park - Om Etta Bhatta to Chaubaato road .,8678075.0,Works,NCB,In-Progress
BM/SQ/G/03/078-79(RE),"Beni Municipality Office of Municipal Executive,Beni ,Myagdi",Procurement Of Steel Parts of Chinakhet Steel Truss Bridge,1449714.74,Goods,Sealed Quotation,Completed
BM/SQ/G/04/078-79(RE),"Beni Municipality Office of Municipal Executive,Beni ,Myagdi",Procurement Of Steel Parts of Bhakimli thulo khola Steel Truss Bridge,1641697.9,Goods,Sealed Quotation,Completed
NSMC/NCB/W02/078-079,"Nepalgunj Sub Metropolitan Office, Banke",Store room construction work,2450061.4,Works,NCB,In-Progress
NSMC/NCB/W10/078-079,"Nepalgunj Sub Metropolitan Office, Banke",Fultekra talau gherbar nirman karya,10805971.09,Works,NCB,In-Progress
NSMC/NCB/W07/078-079,"Nepalgunj Sub Metropolitan Office, Banke",Road construction work at different places of NSMC (package 2),11674027.66,Works,NCB,In-Progress
NSMC/NCB/W05/078-079,"Nepalgunj Sub Metropolitan Office, Banke",Road construction work at different places of NSMC (package 1),75234916.92,Works,NCB,In-Progress
NSMC/NCB/W08/078-079,"Nepalgunj Sub Metropolitan Office, Banke",Road construction work at different places of NSMC (package 3),8670677.51,Works,NCB,In-Progress
NSMC/NCB/W09/078-079,"Nepalgunj Sub Metropolitan Office, Banke",Deep boring marmat sambhar karya,2696805.5,Works,NCB,In-Progress
BDP/CONSTRUCTION/WORKS/NCB/03-078/79,"Bhadrapur Municipality, Jhapa",Construction of Administrative building at Ward-3,12432482.54,Works,NCB,Completed
BDP/CONSTRUCTION/WORKS/NCB/04-078/79,"Bhadrapur Municipality, Jhapa",Construction of 18 Nos of Mayor Santhal Aawas at Bhadrapur-3,7898560.97,Works,NCB,Completed
BDP/CONSTRUCTION/WORKS/NCB/02-078/79,"Bhadrapur Municipality, Jhapa","Construction of Municipality Building and Nagarprahari staff quarter building, Bhadrapur-6",47935339.42,Works,NCB,In-Progress
BDP/CONSTRUCTION/WORKS/NCB-002/077-78,"Bhadrapur Municipality, Jhapa",Construction of 8 roomed 2 storey classroom building at Himali School,8927905.92,Works,NCB,Completed
BDP/CONSTRUCTION/WORKS/NCB-003/077-78,"Bhadrapur Municipality, Jhapa","Construction of Science Park, Bhadrapur-9",0.0,Works,NCB,In-Progress
04/Bhadrapur/Mun/NCB/Works,"Bhadrapur Municipality, Jhapa",Construction work at Kamaldhap Simsar Chhetra,43803579.39,Works,NCB,In-Progress
BDP/ROAD/WORKS/NCB-003/77-78,"Bhadrapur Municipality, Jhapa",Blacktopped road Maintenance,2160158.14,Works,NCB,Completed
BDP/ROAD/WORKS/NCB-002/077-78,"Bhadrapur Municipality, Jhapa",Blacktopped road maintenance at ward-8,3729631.56,Works,NCB,Completed
BDP/ROAD/WORKS/NCB-001/077-78,"Bhadrapur Municipality, Jhapa","Blacktopped road maintenance at ward-1/2,9,10",2561582.88,Works,NCB,Completed
025/Bhadrapur/Mun/NCB/Works,"Bhadrapur Municipality, Jhapa",Construction of RCC drain from Janta chowk to Mechi Bhansar road ward-5/6,13981834.09,Works,NCB,Completed
016/Bhadrapur/Mun/NCB/Works,"Bhadrapur Municipality, Jhapa",Construction of Sagarmatha school building at ward-02,3697700.49,Works,NCB,Completed
019/Bhadrapur/Mun/NCB/Works,"Bhadrapur Municipality, Jhapa",Construction of Compound wall at Science park,2565360.84,Works,NCB,Completed
007/Bhadrapur/Mun/NCB/Works,"Bhadrapur Municipality, Jhapa",Construction of Compound wall at Science park-09,7386390.87,Works,NCB,Completed
09/Bhadrapur/Mun/NCB/Works,"Bhadrapur Municipality, Jhapa",Construction work of subsurface drain,7767721.1,Works,NCB,In-Progress
05/078/79/BSMC/Works/NCB,Butwal Sub-Metropolitan City,Construction of Black Top Road With Side Drain,20423682.83,Works,NCB,In-Progress
10/078/79/BSMC/Works/NCB,Butwal Sub-Metropolitan City,"Construction of Road with Side Drain and Culvert, Butwal-11, Devipath (Devsiddha Chowk to Simana Sadak)",18058875.95,Works,NCB,In-Progress
24-145-078-79-NCBW-KMC,Kathmandu Metropolitan City Office,"Road and Sewer Works at Shubhakamana Tole, Alkapuri Marg, Ekal Galli and Namuna Marga at KMC - 16",6233101.95,Works,NCB,In-Progress
RIDO-ARG-W-NCB-69-2077/078,"Road Infrastructure Development Office, Arghakhanchi","Upgrading of Panini Rural Municipality Access Road : Ghumti Tingire (Adguri Durgaphat Section, Chainage 3+000 to 14+700)",142280822.22,Works,NCB,In-Progress
17/078/79/BSMC/Works/NCB,Butwal Sub-Metropolitan City,"Construction of Black Top Road, Butwal-14, Belbhariya School to Mountain Truss",4749276.64,Works,NCB,In-Progress
22/078/79/BSMC/Works/NCB,Butwal Sub-Metropolitan City,"Construction of Black Top Road, Belbhariya Chowk to Krishi Bazar Karshaghat Bridge Second Package",7531078.75,Works,NCB,In-Progress
15/078/79/BSMC/Works/NCB,Butwal Sub-Metropolitan City,"Construction of Kulla Manch with Boundary Wall, Butwal-11, Devinagar",53239513.84,Works,NCB,In-Progress
22/RM/NCB/W/2078/079,"Rajapur Municipality Office, Rajapur",Construction of Community Building,2370775.9,Works,NCB,In-Progress
13/078/79/BSMC/Works/NCB,Butwal Sub-Metropolitan City,"Construction of Road with Side Drain and Footpath, Butwal-11, Rangasala Path",67014610.16,Works,NCB,In-Progress
19/078/79/BSMC/Works/NCB,Butwal Sub-Metropolitan City,"Construction of Black Top Road with Side Drain, Butwal 14, 15, 16 Imili Chowk to Binayakpur",25518202.39,Works,NCB,In-Progress
21/078/79/BSMC/Works/NCB,Butwal Sub-Metropolitan City,"Construction of Lumbini Sports Complex Covered Hall Phase-2, Butwal-06, Chandari",4503441.96,Works,NCB,In-Progress
35/RM/NCB/ W/2078/079,"Rajapur Municipality Office, Rajapur",Ward No 5 pahadipur dekhi ward no 10 Lalpur samma Blacktop road construction works Phase-2,38852744.04,Works,NCB,In-Progress
BM/BHADRAPUR/JHAPA/01/072-73,"Bhadrapur Municipality, Jhapa",Construction of office building (Single storey RCC frame structure) of Bhadrapur Municipality,34431196.44,Works,NCB,In-Progress
36-BMC/2078/079/W/NCB/99,Bharatpur Metropolitian City Office,Construction of Administrative Building of Bharatpur Metropolitan City,533241138.06,Works,NCB,In-Progress
KM/NCB/RD/078/079-06,"Kapilvastu Municipality, Office of Municipal Executive",Construction of Dangari Basantpur Road,2306994.21,Works,NCB,In-Progress
KM-NCB/RD/078/079-16,"Kapilvastu Municipality, Office of Municipal Executive",PCC Dhalan tatha Nali Nirman,1956395.71,Works,NCB,In-Progress
28-169-078-79-SQW-KMC,Kathmandu Metropolitan City Office,"Truss and Steel Crossing Works at Ratna Rajya Higher Secondary School, KMC - 10",4082967.4,Works,Sealed Quotation,In-Progress
24-148-078-79-NCBW-KMC,Kathmandu Metropolitan City Office,Sewerage Construction and Road Maintenance Works at New Plaza of KMC - 29,7276444.45,Works,NCB,In-Progress
20-90-078-79-NCBW-KMC,Kathmandu Metropolitan City Office,"Sewer and Road Construction at Yeti Tole, Kotdevi and Himali Marg, KMC - 32",9078514.65,Works,NCB,In-Progress
20-93-078-79-NCBW-KMC,Kathmandu Metropolitan City Office,"Black Topping Works at Ekta Marg and Surrounding Area Roads, KMC - 16",6063075.6,Works,NCB,In-Progress
21-105-078-79-NCBW-KMC,Kathmandu Metropolitan City Office,"Sewer and Road Construction Work at Milap, Paropakar, Rudra Marg, Milan Chowk, Bhrikuti Chowk, KMC - 6",13107008.67,Works,NCB,In-Progress
20-88-078-79-NCBW-KMC,Kathmandu Metropolitan City Office,"Road Construction Work at Araniko Marg, Sahitya Marg and Sinamangal, KMC - 09",3515568.0,Works,NCB,In-Progress
21-104-078-79-NCBW-KMC,Kathmandu Metropolitan City Office,"Stone, RCC and Block Paving Work at Ganeshsthan and Pannahiti, KMC - 7",4510912.3,Works,NCB,In-Progress
21-103-078-79-NCBW-KMC,Kathmandu Metropolitan City Office,"Road Construction Works at Dirghayu Hospital, Adarsha Basti Marg, Gangahiti Madhya and Anurag Marg, KMC - 7",6393635.8,Works,NCB,In-Progress
27/078/79/BSMC/Works/NCB,Butwal Sub-Metropolitan City,"Construction of Black Topped Road (Phase-II), Rangashala Marga, Butwal-11",23248186.19,Works,NCB,In-Progress
28/078/79/BSMC/Works/NCB,Butwal Sub-Metropolitan City,"Construction of Tick Drain and Footpath, Butwal-11, Devipath, Devshiddha Chowk to Simana Sadak",10885695.59,Works,NCB,In-Progress
25/078/79/BSMC/Works/NCB,Butwal Sub-Metropolitan City,"Construction of Ward Office Building, Butwal-08, Rupandehi",25329403.06,Works,NCB,In-Progress
34/089/79/BSMC/Works/NCB,Butwal Sub-Metropolitan City,"Construction of Association Building, Butwal, Rupandehi",5445097.44,Works,NCB,In-Progress
24/078/79/BSMC/Works/NCB,Butwal Sub-Metropolitan City,"RCC Bedbar Construction at Tinau River, Butwal, Rupandehi",6529519.12,Works,NCB,In-Progress
38/078/79/BSMC/Works/NCB,Butwal Sub-Metropolitan City,"Road Maintenance Work, Butwal-05, Shantipath, Rupandehi",5227975.26,Works,NCB,In-Progress
39/077/078/NCB,Butwal Sub-Metropolitan City,"Construction of Boundary Wall, Butwal-10, Ramnagar",41076483.45,Works,NCB,In-Progress
imoilam/ncb/work/06-078/079,"Ilam Municipality, Office of the Municipal Executive, Ilam, Koshi Province, Nepal","Waste Management Center Construction, Ilam Municipality-09",28657873.24,Works,NCB,Completed
imoilam/ncb/work/002-078/079,"Ilam Municipality, Office of the Municipal Executive, Ilam, Koshi Province, Nepal","Milgolai Binapani Road Construction, Ilam Municipality-03",30818415.47,Works,NCB,Completed
imoilam/ncb/work/01-078/079,"Ilam Municipality, Office of the Municipal Executive, Ilam, Koshi Province, Nepal","Ribs Sumbek Road Construction (Blacktop), Ilam Municipality-05 & 02",7901863.71,Works,NCB,Completed
imoilam/ncb/work/05-078/079,"Ilam Municipality, Office of the Municipal Executive, Ilam, Koshi Province, Nepal",Kiratchowk to Ruluk Road Improvement,1976958.11,Works,NCB,In-Progress
Nagarjun/NCB/W/20/2078-79,Nagarjun Municipality,Aadharbhut Swasthya Sewa Kendra Bhawan Ward No. 1,2891505.17,Works,NCB,In-Progress
BRM/NCB/WORKS/21/2078-079,Bandipur Rural Municipality,Construction of Bangaesimal Water Supply Project,5806276.12,Works,NCB,Completed
BRM/NCB/WORKS/SQ/19/2078-079,Bandipur Rural Municipality,Construction of First Floor of Bandipur Hospital.,1942733.28,Works,Sealed Quotation,Completed
28-172-078-79-NCBW-KMC,Kathmandu Metropolitan City Office,"Sewer Upgrade and Road Construction Works at Koteshwor Aishwarya Marga, KMC -32",9260724.5,Works,NCB,In-Progress
KM/NCB/BDG/078/079/25,"Kapilvastu Municipality, Office of Municipal Executive",Samudayik Bhawan Nirman Dharmapaniya Ward no.7,1567034.65,Works,NCB,In-Progress
21-107-078-079-NCBW-KMC,Kathmandu Metropolitan City Office,"SATTAL CONSTRUCTION WORK AT GAGANESHWOR PREMISES,KOTESHWOR MAHADEVSTHAN,KMC-32",13125878.6,Works,NCB,In-Progress
20-92-078-79-NCBW-KMC,Kathmandu Metropolitan City Office,"ROAD BLACKTOP WORKS AT NAGESWAR MARGA AND KHAIBA MARGA,KMC-06",18276710.56,Works,NCB,In-Progress
23-131-078-079-SQW-KMC,Kathmandu Metropolitan City Office,"Retaining Wall Construction and Protection Works at Pipali Bihar, KMC-7 (Re-Notice)",2797233.6,Works,Sealed Quotation,In-Progress
19-76-078-79-NCBW-KMC,Kathmandu Metropolitan City Office,"R.C.C ROAD CONSTRUCTION WORKS AT BIJAY MARG,KMC-13",4116961.35,Works,NCB,In-Progress
KM/NCB/RD/078/079/27,"Kapilvastu Municipality, Office of Municipal Executive",Baludyan tatha bajar saundirakaran wrad no1,2779762.99,Works,NCB,In-Progress
KM/NCB/LI/078/079-30,"Kapilvastu Municipality, Office of Municipal Executive",Construction of Lift Irrigation at KMNP-12 Piparahawa,11084631.65,Works,NCB,In-Progress
KM/NCB/DWT/078/079-31,"Kapilvastu Municipality, Office of Municipal Executive",Construction of Deep Tube well at KMNP-12 Bithuwa,4018094.0,Works,NCB,In-Progress
Nagarjun/NCB/W/21/2078-79,Nagarjun Municipality,Aadharbhut Swasthya Sewa Kendra Bhawan Ward No. 7,3894836.96,Works,NCB,In-Progress
21-111-078-79-NCBW-KMC,Kathmandu Metropolitan City Office,"ROAD UPGRADING WORKS AT SINAMANGAL LAND-POOLING AREA,KMC-32(RE-NOTICE)",30572100.0,Works,NCB,In-Progress
27-162-078-79-SQW-KMC,Kathmandu Metropolitan City Office,"SEWER UPGRADE AND ROAD CONSTRUCTION WORKS AT NAREPHANT RAJA MANDEV MARGA,OM NAMOH MARGA AND BHAGAWAN KRIPA MARGA,KMC-32(RE-NOTICE)",3539292.5,Works,Sealed Quotation,In-Progress
18-71-078-79-NCBW-KMC,Kathmandu Metropolitan City Office,"CONSTRUCTION OF ROAD AT JANA JAGRITI MARGA,KMC-16",16938433.8,Works,NCB,In-Progress
KM/NCB/RD/078/079-34,"Kapilvastu Municipality, Office of Municipal Executive",Hulaki sadak dekhi paschim dohani swasthya chauki samma ra kacharihawa gaun ko purwa jane bato ramnaresh paswan ko ghar samma pcc purba dohani chowk dekhi bagaiha jane bato samma sadak kalopatre,2741073.95,Works,NCB,In-Progress
KM/NCB/RD/078/079-35,"Kapilvastu Municipality, Office of Municipal Executive",Sadak nirman jamohara khanda jamohari derwa bishwanbharpur sano sadwa khanda chaubis hajar naryan gywaliko ghar jane bato,3533424.56,Works,NCB,In-Progress
13-44-078-079-NCBW-KMC,Kathmandu Metropolitan City Office,"ROAD MAINTENANCE AND UPGRADING WORKS AT MAALIKA MARG,KMC-14",4105336.3,Works,NCB,In-Progress
KM/NCB/BDG/078/079-42,"Kapilvastu Municipality, Office of Municipal Executive","Bansraj barai ko ghar dekhi unish darjiko ghar samma ,satram murao ko ghar dekhi makbulmiyako ghari samma,prahalad muroko ghar dekhi makbulmiyako ghar sammko sadak pcc dhalan ra ghirao pasiko ghar dek",1660491.84,Works,NCB,In-Progress
KM/NCB/BDG/078/079-43,"Kapilvastu Municipality, Office of Municipal Executive",Shree Ram Janki Adharbhut Vidhyalaya KMNP-02 Semarahawa,2327692.26,Works,NCB,In-Progress
19-77-078-79-NCBW-KMC,Kathmandu Metropolitan City Office,"CONSTRUCTION OF PARK AT BAKOT HILL,CHABAHIL,KMC-07",3612302.9,Works,NCB,In-Progress
19-75-078-079-NCBW-KMC,Kathmandu Metropolitan City Office,"ROAD MAINTENANCE AND UPGRADING WORKS AT JAGATSUNDAR MARG,KUSUMBIYALACHI,KMC-25",4706496.5,Works,NCB,In-Progress
14-55-077-78-NCBW-KMC,Kathmandu Metropolitan City Office,"ROAD CONSTRUCTION WORK AT JODAL ANNAPURNA CHOWK TO BANASTHALI ROAD,KMC-15",4495655.4,Works,NCB,In-Progress
KM/RD/077/078-53,"Kapilvastu Municipality, Office of Municipal Executive",Upgrading of Piparahawa Bithuwa Sauraha Road,41682495.1,Works,NCB,In-Progress
13-52-078-79-NCBW-KMC,Kathmandu Metropolitan City Office,"SEWER AND ROAD CONSTRUCTION WORK AT KUMARIGAL BIJAYA MARG,KMC-13",4101848.5,Works,NCB,In-Progress
KM/RD/077/078-54,"Kapilvastu Municipality, Office of Municipal Executive",Upgrading of Reshoin Shanti Bihar Tilaurakot Paschim Gate Aurahiya Road,27107906.11,Works,NCB,In-Progress
13-50-078-079-NCBW-KMC,Kathmandu Metropolitan City Office,"SEWER AND ROAD CONSTRUCTION WORKS AT NAAYAPACHO MARG,KMC-21",6043056.5,Works,NCB,In-Progress
15-60-078-79-NCBW-KMC,Kathmandu Metropolitan City Office,"ROAD UPGRADING WORK AT FULBARI DHUNGEDHARA,SANTI TOLE AND SAIRAM MARGA, KMC-32",6505555.8,Works,NCB,In-Progress
19-78-078-79-NCBW-KMC,Kathmandu Metropolitan City Office,"ROAD AND SEWERAGE CONSTRUCTION WORK AT GHATTEKULO CHOWK- DHAMALA DAIRY- PATHIBHARA MARG- CHANDAN MARG, KMC-29",11376851.85,Works,NCB,In-Progress
KM/GATE/077/078-84,"Kapilvastu Municipality, Office of Municipal Executive","CONSTRUCTION OF GATE AT JUNCTION OF JEETPUR TAULIHAWA ROAD AND GORUSINGHE TAULIHAWA ROAD (VIKCHU CHOWK), KAPILVASTU",8288056.55,Works,NCB,In-Progress
17-66-078-079-NCBW-KMC,Kathmandu Metropolitan City Office,"ROAD UPGRADING WORKS AT DALLU AWASH,KMC-15",12842004.5,Works,NCB,In-Progress
21-115-078-79-SQW-KMC,Kathmandu Metropolitan City Office,"SEWER AND BLOCK PAVING WORKS AT SHREE NAGAR TOLE,MHEPI MARG,KMC-16(RE-NOTICE)",2911971.16,Works,Sealed Quotation,In-Progress
21-110-078-79-SQW-KMC,Kathmandu Metropolitan City Office,RCC ROAD CONSTRUCTION AND BLOCK PAVING WORKS AT DORA CANAL MARGA KO SAKHA BATO KHARIBOT BANASTHALI AND UTTAR MARGA MHEPI AT KMC-16,2479217.0,Works,Sealed Quotation,In-Progress
15-62-078-079-NCBW-KMC,Kathmandu Metropolitan City Office,"SEWER AND ROAD MAINTENANCE WORK AT SAHAMATIMAGA,KMC-2",3886930.7,Works,NCB,In-Progress
21-109-078-79-SQW-KMC,Kathmandu Metropolitan City Office,"BLOCK PAVING WORKS AT NEPAL CHILDREN'S ORGANIZATION(BALMANDIR SCHOOL),KMC-1",1984335.0,Works,Sealed Quotation,In-Progress
19-74-078-79-NCBW-KMC,Kathmandu Metropolitan City Office,"R.C.C ROAD CONSTRUCTION WORKS AT KULESWOR MAHADEV TEMPLE TO NAYA POOL, KULESWOR, KMC-14",6324363.5,Works,NCB,In-Progress
27-164-078-79-SQW-KMC,Kathmandu Metropolitan City Office,ROAD CONSTRUCTION WORKS AT JANAHIT MARGA KMC-16 (RE-NOTICE),3660124.5,Works,Sealed Quotation,In-Progress
27-160-078-79SQW-KMC,Kathmandu Metropolitan City Office,MAINTENANCE AND UPGRADING OF PANCHA KUMARI COVERED HALL AT KMC-09 (RE-NOTICE),1529079.1,Works,Sealed Quotation,In-Progress
19-79-078-79-SQW-KMC,Kathmandu Metropolitan City Office,ROAD CONSTRUCTION WORKS AT PRAYAG MARG NEAR KHUMBILA HOTEL AT KMC-09 (RE-NOTICE),3698565.0,Works,Sealed Quotation,In-Progress
14-57-077-078-NCBW-KMC,Kathmandu Metropolitan City Office,"ROAD UPGRADING WORK AT KSITIZ MARG,MINBHAWAN MARG AND ANNAPURNA GALLI,KMC-31",8187221.2,Works,NCB,In-Progress
12-42-078-079-079-NCBG-KMC,Kathmandu Metropolitan City Office,"ROAD CONSTRUCTION WORK AT CHALCHA MARG BAHITI TO SANTI NAGAR, KMC-15",8046249.0,Works,NCB,In-Progress
21-113-078-79-SQW-KMC,Kathmandu Metropolitan City Office,"ROAD CONSTRUCTION WORK AT BAJRESWORI MARG, KMC-9 (RE-NOTICE)",3511970.0,Works,Sealed Quotation,In-Progress
15-59-078-079-NCBW-KMC,Kathmandu Metropolitan City Office,"ROAD MAINTENANCE AND UPGRADING WORKS AT NURSERY MARGA,KMC-2",3001023.0,Works,NCB,In-Progress
20-89-078-79-NCBW-KMC,Kathmandu Metropolitan City Office,"ROAD CONSTRUCTION WORKS AT SATYA,BASAHA,SAMMELAN AND HARIYALI BASTI MARG,KMC-16",6371013.6,Works,NCB,In-Progress
24-142-078-79-NCBG-KMC,Kathmandu Metropolitan City Office,SUPPLY AND DELIVERY OF PESTICIDES AT KMC,5259870.0,Goods,NCB,In-Progress
21-101-078-79-NCBG-KMC,Kathmandu Metropolitan City Office,SUPPLY AND DELIVERY OF ELECTRIC STOVES AT KMC,8536500.0,Goods,NCB,In-Progress
21-112-078-79-SQW-KMC,Kathmandu Metropolitan City Office,"BUIDING MAINTENANCE AND REPAIR WORK AT BUDDHANAGAR AADHARBHUT SCHOOL,KMC-10 (RE-NOTICE)",1494444.4,Works,Sealed Quotation,In-Progress
19-81-078-79-SQW-KMC,Kathmandu Metropolitan City Office,"RANIBARI PORPA AJIMA PARK CONSTRUCTION WORKS, KMC-03",1461979.5,Works,Sealed Quotation,In-Progress
27-163-078-79-SQW-KMC,Kathmandu Metropolitan City Office,ROAD MAINTENANCE AND UPGRADING WORKS AT CHANDRAMUKHI MARGA KMC-4 (RE-NOTICE),2660848.0,Works,Sealed Quotation,In-Progress
21-100-078-79-NCBG-KMC,Kathmandu Metropolitan City Office,SUPPLY AND DELIVERY OF PCR AND ANTIGEN TEST RELATED MATERIALS AT KMC,1469500.0,Goods,NCB,In-Progress
21-99-078-79-NCBG-KMC,Kathmandu Metropolitan City Office,SUPPLY AND DELIVERY OF DRINKING WATER AT KMC,1972500.0,Goods,NCB,In-Progress
20-91-078-79-SQG-KMC,Kathmandu Metropolitan City Office,SUPPLYING AND DELIVERY OF MISCELLANEOUS GOODS AT KMC,391209.0,Goods,Sealed Quotation,In-Progress
26-158-078-079-NCBG-KMC,Kathmandu Metropolitan City Office,SUPPLY AND DELIVERY OF MEDICINE AND MEDICAL GOODS AT KMC,11168040.0,Goods,NCB,In-Progress
25-154-078-79-SQG-KMC,Kathmandu Metropolitan City Office,SUPPLY AND DELIVERY OF LEAF SPRING AND OTHER MAINTENANCE WORKS FOR HEAVY VEHICLES AT KMC (RE-nOTICE),1758700.0,Goods,Sealed Quotation,In-Progress
23-118-078-79-SQW-KMC,Kathmandu Metropolitan City Office,CONSTRUCTION OF KAMPUKOT PATI AT KMC-24,1699527.5,Works,Sealed Quotation,In-Progress
23-126-078-79-SQW-KMC,Kathmandu Metropolitan City Office,RECONSTRUCTION OF MARU FALCHA AT KMC-19,2121232.4,Works,Sealed Quotation,In-Progress
20-94-078-79-NCBW-KMC,Kathmandu Metropolitan City Office,"RECONSTRUCTION OF DHALASIKWO BAHA,KWA PA DYO CHHEN,KMC-27",6341587.8,Works,NCB,In-Progress
20-95-078-79-NCBW-KMC,Kathmandu Metropolitan City Office,"RECONSTRUCTION OF CHA BAHA: (KARNAKETU MAHAVIHAR) DYO CHHEN,KMC-25",7077584.2,Works,NCB,In-Progress
24-144-078-79-NCBW-KMC,Kathmandu Metropolitan City Office,"RECONSTRUCTION OF RATNAKETU MAHAVIHAR, KWA PA DYO CHHEN, KMC-25",9143309.42,Works,NCB,In-Progress
18-70-078-79-NCBW-KMC,Kathmandu Metropolitan City Office,"SEWER CONSTRUCTION WORKS AT JODAL,KMC-15",13383420.0,Works,NCB,In-Progress
29-175-078-79-NCBW-KMC,Kathmandu Metropolitan City Office,BLACKTOP PAVEMENT WORKS AT JANASAHAYOG MARGA AND EKTA MARGA AT KMC-31,15446544.6,Works,NCB,In-Progress
24-140-078-79-NCBW-KMC,Kathmandu Metropolitan City Office,CONSTRUCTION OF FOOTPATH FROM GAUSALA TO OLD BANESHWOR AT KMC-9,19193549.68,Works,NCB,In-Progress
24-138-078-79-NCBW-KMC,Kathmandu Metropolitan City Office,ROAD CONSTRUCTION WORKS AT VARIOUS PLACES OF KMC-26,18780328.5,Works,NCB,In-Progress
24-141-078-79-NCBW-KMC,Kathmandu Metropolitan City Office,BALAJU BAISDHARA PARK DEVELOPMENT AND SWIMMING POOL RECONSTRUCTION WORKS,59779221.6,Works,NCB,In-Progress
30-193-078-79-SQW-KMC,Kathmandu Metropolitan City Office,"BRICK PAVING WORKS AT ALKA MARG,GAAI BACHHA CHOWK KMC-13 (RE-NOTICE)",3280846.5,Works,Sealed Quotation,In-Progress
24-149-078-79-NCBW-KMC,Kathmandu Metropolitan City Office,"REHABILITATION OF BALMANDIR BUILDING AT SIPHAL,KMC",7549561.0,Works,NCB,In-Progress
RDSPR/337011694/078/79/030,DRO Shivapur,"Black Top and Drain Works on Buddhabhumi Nagarpalika 10 Bich Gauri Chock To Maharajgang Nagarpalika 1 Road, Kapilvastu",5370587.82,Works,NCB,In-Progress
43/NCB/TM/W/2078-79,"Tokha Municipality, Office of the Municipal Executive","Shivapuri Khanepani Nirman, ward-02",3927264.45,Works,NCB,In-Progress
44/NCB/TM/W/2078-79,"Tokha Municipality, Office of the Municipal Executive","Chandesori Ma.Bi. Bhawan Nirman, ward-02",1973602.2,Works,NCB,In-Progress
29-174-078-79-SQG-KMC,Kathmandu Metropolitan City Office,SUPPLY AND DELIVERY OF DESKTOP COMPUTER AND PRINTER AT KMC,1051200.0,Goods,Sealed Quotation,In-Progress
45/NCB/TM/W/2078-79,"Tokha Municipality, Office of the Municipal Executive","Construction of Hall and Fininshing works at Tilingtar Ma.Bi. Block B, ward-07",7700686.65,Works,NCB,In-Progress
50/NCB/TM/W/2078-79,"Tokha Municipality, Office of the Municipal Executive",Villi-Panchetar-Iko-Bakhundol Road upgrade ward 02 & 03 (Phase 02),5888756.0,Works,NCB,Completed
53/NCB/TM/W/2078-79,"Tokha Municipality, Office of the Municipal Executive",Samudayak Bhawan Mahadevtarko istarunati tatha talla thap ward-11,2168850.9,Works,NCB,Completed
23-122-078-79-NCBG-KMC,Kathmandu Metropolitan City Office,SUPPLY AND DELIVERY OF DIFFERENT AUTOMOTIVE BATTERIES AT KMC,2736000.0,Goods,NCB,In-Progress
23-121-078-79-NCBG-KMC,Kathmandu Metropolitan City Office,SUPPLY AND DELIVERY OF MISCELLANEOUS GOODS FOR SANITATION WORKERS AT KMC,2585500.0,Goods,NCB,In-Progress
RRM/NCB/W/01/2078/079,"Rapti Rural Minicipality, Dang",Construction of ward no 4 office building,9982279.06,Works,NCB,In-Progress
RDSPR/33701169/079/80/006,DRO Shivapur,Roadway Improvement Works along Mayadevi Gaupalika Wada no. 3 Bichauwapur dekhi Dumariya–Rajawapur–Duwaripur-Baluhawa-Ganeshpur-Gaura Hudai Tulsidihawa Samma Sadak and Haribanshapur–Winiha–Sohasa Sada,7099081.57,Works,NCB,In-Progress
RDSPR/33701169/079/80/007,DRO Shivapur,Roadway Improvement Works along Krishnanagar Na.Pa. Wada No. 11 Finda Dekhi Bijayanagar Ga.Pa. Wada No. 4 Tripalnagar Samma Bato 10 km Road and Bijayanagar Gaupalika 6 dekhi Shivraj Nagarpalika Sadak,7666449.7,Works,NCB,In-Progress
NCB/SM/R/P/31/2078/079,Sandhikharka Municipality,Aluwakhola-Hatari-Sandhikhar Bazar-Chutrabeshi bazar-Kura Behore PallabariDubar-Gachhe-Phudbangbazar-Dhorpatan Road to Chutrabashi Jodne Trust bridge Right Site Aboutment Sadad marmat,7484724.22,Works,NCB,Completed
Nagarjun/NCB/W/22/2078-79,Nagarjun Municipality,Ward No. 3 Office Building Construction Works,19043988.07,Works,NCB,In-Progress
Nagarjun/NCB/W/23/2078-79,Nagarjun Municipality,Ichangunarayan Mandir Punarnirman Works,25045373.58,Works,NCB,In-Progress
LIDPO/Htd/NCB/Works/TB-01/079/80,"Local Infrastructure Development Project Office (LIDPO), Hetauda","Fabrication, supply, Transportation, Construction and Erection of various trail bridges",88326450.0,Works,NCB,Completed
BDP/CONSTRUCTION/WORKS/ROAD/1-1-079/80,"Bhadrapur Municipality, Jhapa",Construction of Road with drain at Gayetri Mandir to Garment chowk,12503189.26,Works,NCB,Completed
IDO/CHT/W/NCB/04/079-80,Infrastructure Development Office Chitwan,Construction/ Upgrading of roads under Package- 4 (Roads construction work at six different places of Khairahani Municipality),11641161.84,Works,NCB,In-Progress
IDO/CHT/W/NCB/09/079-80,Infrastructure Development Office Chitwan,Construction/ Upgrading of roads under Package- 9 (Roads construction work at four different places of Manahari Rural Municipality),4742841.45,Works,NCB,In-Progress
7/RDCNP/33701176/2078/079-44,"Road Division, Chandranigahpur","Road Improvement at ParsaGa.Pa. Border ward no. 5,6hudainBrahampuriGa.Pa. Ward no. 6,7MohanganjHudainChaulikhaBazzarhudainBishnuGa.Pa. ward no. 6 PhenharahudainKaudena Ga.pa. ward no. 2,1 SukchainaSun",141249607.21,Works,NCB,In-Progress
10/RDCNP/33701176/2078/79-57,"Road Division, Chandranigahpur","Road Improvement at Parsa Ga.Pa. Border ward no.5,6 hudain Brahampuri Ga.Pa. Ward no. 6,7 Mohanganj Hudain Chaulikha Bazzar hudain Bishnu Ga.Pa.ward no.6 Phenhara hudain Kaudena Ga.pa. ward no. 2,1 Su",16269660.9,Works,NCB,In-Progress
01/NCB/TM/W/2079-080,"Tokha Municipality, Office of the Municipal Executive","Shanti tol-Lomas chowk-Adhyan school-Milan nagar parne chetra ma bato kalopatray, ward-10",2244470.8,Works,NCB,Completed
02/NCB/TM/W/2079-080,"Tokha Municipality, Office of the Municipal Executive","Ring road-Pragati nagar-Singapur colony-Karya Binayak-Bich Binayak tol ma sadak Paaki, ward-10",6121174.2,Works,NCB,Completed
03/NCB/TM/W/2079-080,"Tokha Municipality, Office of the Municipal Executive","Triyog-San-Dip Margh antargat Sadak Kalopatrey tatha Overlay, ward-06",3136088.5,Works,NCB,Completed
04/NCB/TM/W/2079-080,"Tokha Municipality, Office of the Municipal Executive","Fluorescent school agadi bataa Baburam Koirala ko ghar samma Sadak Kalopatray, ward-11",2904947.5,Works,NCB,In-Progress
03/Works/NCB/MDM/079/80,Mandandeupur Municipality,Kolachaur Rampur Chandeni Sadak Nirman,24374169.4,Works,NCB,In-Progress
02/Works/NCB/MDM/079/080,Mandandeupur Municipality,Higuwapati Fedi Baikalpik Sadak Nirman,19395877.36,Works,NCB,In-Progress
BRM/NCB/WORKS/2079-080,Bandipur Rural Municipality,Upgrading of Bandipur-Khahare-Seratar Road,15521385.46,Works,NCB,In-Progress
BRM/NCB/WORKS/05/2079-080,Bandipur Rural Municipality,Upgrading of Bandipur-Bahunbhanjyang-Dharampani Road,14233954.78,Works,NCB,In-Progress
BRM/NCB/WORKS/04/2079-080,Bandipur Rural Municipality,Construction of Jestha Nagarik Diwa Sewa Kendra,3498755.64,Works,NCB,Completed
RRM/PAL/W/NCB-03/079-80,Rainadevi Chhahara Rural Municipality,Upgrading of Pelawas-Balgha-Arghakhanchi Road,7102822.97,Works,NCB,Completed
CRM/ARG/NCB/W/01/079/80,Chhatradev Rural Municipality,Nagarik Aarogya Kyendra Building Construction Works,5979364.43,Works,NCB,Completed
CRM/ARG/NCB/W/02/079/80,Chhatradev Rural Municipality,"Gairipipal-Dharampani-Garve Motorable Road Upgrading works, Chhatradev-4, Kerunga",5556432.87,Works,NCB,Completed
05/NCB/TM/W/2079-080,"Tokha Municipality, Office of the Municipal Executive","Tokiyo bazar-Jagaran tol-Lomas chowk-Shantipath-Swetsadan jane bato pakki, ward-09",3437573.4,Works,NCB,Completed
06/NCB/TM/W/2079-080,"Tokha Municipality, Office of the Municipal Executive","Baniyatar Pool dekhi Ganesthan samma sadak Kalopatray, ward-11",9806930.0,Works,NCB,Completed
07/NCB/TM/W/2079-080,"Tokha Municipality, Office of the Municipal Executive","Greenland chowk warapara Kalopatray, ward-08",6226599.5,Works,NCB,In-Progress
08/NCB/TM/W/2079-080,"Tokha Municipality, Office of the Municipal Executive","Labu dekhi Faidol hudai Bhalung samma ra Laghu hudai Malung Road Upgrade, ward-02 & 01",6182959.5,Works,NCB,Completed
13/NCB/TM/W/2079-080,"Tokha Municipality, Office of the Municipal Executive",Ward-10 ka Bibhina Sadak haru Overlay,3528535.9,Works,NCB,In-Progress
09/NCB/TM/W/2079-080,"Tokha Municipality, Office of the Municipal Executive","Malung dekhi Niure khola jane sadak kalopatray, ward-01",5824310.5,Works,NCB,In-Progress
14/NCB/TM/W/2079-080,"Tokha Municipality, Office of the Municipal Executive",Construction of Lift on Tilingatar School Block B Ward-07,4292325.2,Works,NCB,In-Progress
17/NCB/TM/W/2079-080,"Tokha Municipality, Office of the Municipal Executive","Bhuwaneswori Tole ra Sakriya Tole ma Sadak Kalopatray, ward-08",3253154.3,Works,NCB,Completed
18/NCB/TM/W/2079-080,"Tokha Municipality, Office of the Municipal Executive","Baluwapati-Dhaneswor -Dhamaltar-Bhatkepati Sadak Upgrade, ward-03",8959830.9,Works,NCB,In-Progress
NCB/SM/R/P/03/2079/080,Sandhikharka Municipality,Niraj Shrestha,14070033.33,Works,NCB,Completed
NCB/SM/R/P/04/2079/080,Sandhikharka Municipality,Shahidin Miya,13822137.56,Works,NCB,Completed
MRM/GOODS(Livestock)/NCB/01/2079-080,Marin Rural Municipality,????? ????? ??????? ???? ???? ??? ??????? ?????,6000000.0,Goods,NCB,In-Progress
01/BMA/W/UPG/2079/080,Bhumikasthan Municipality,Samnekhola Gerumata Siudeni Chhedapokhari Motorable Road Upgrading Works.,7154765.73,Works,NCB,Completed
02/BMA/W/UPG/2079/080,Bhumikasthan Municipality,Nachnechour Jhakrisala Motorable Road Upgrading Works.,6647587.69,Works,NCB,Completed
IDOKAILALI/W/NCB/079/080-07,"Infrastructure Development Office , Kailali",Upgrading of 6 Different Nos. of Road in Tikapur Municipality 01 and 02 Kailali,5843900.94,Works,NCB,In-Progress
IDOKAILALI/W/NCB/079/080-08,"Infrastructure Development Office , Kailali",Upgrading of 7 Different Nos. of Road in Tikapur Municipality 01 and 02 Kailali,8270986.64,Works,NCB,In-Progress
IDOKAILALI/W/NCB/079/080-13,"Infrastructure Development Office , Kailali",Construction & Upgrading of 6 Different Road of Godawari Municipality ward No 4 & 8 Kailali,9305321.28,Works,NCB,Completed
IDOKAILALI/W/NCB/079/080-14,"Infrastructure Development Office , Kailali",Construction & Upgrading of 6 Different Road of Godawari Municipality ward No 9 Kailali,9835393.93,Works,NCB,In-Progress
IDOKAILALI/W/NCB/079/080-16,"Infrastructure Development Office , Kailali","Construction & Upgrading of 5 Different Road of Dhangadhi Sub Metropolitan city ward no -5, Kailali",9863085.28,Works,NCB,In-Progress
CRM/ARG/NCB/W/03/079/80,Chhatradev Rural Municipality,Ratapokhara Khel Maidan Parapet Construction Works,7053611.34,Works,NCB,Completed
CRM/ARG/NCB/W/04/079/80,Chhatradev Rural Municipality,Chhatradev Janta Aawas Housing Construction Works,7264818.12,Works,NCB,Completed
IDOKAILALI/W/NCB/079/080-17,"Infrastructure Development Office , Kailali","Construction & Upgrading of 8 Different Road of Dhangadhi Sub Metropolitan City ward No 7,12,14,17&19 Kailali",14103643.87,Works,NCB,In-Progress
IDOKAILALI/W/NCB/079/080-15,"Infrastructure Development Office , Kailali",Construction & Upgrading of 9 Different Road of Dhangadhi Sub Metropolitan City ward No 1 Kailali,14488562.53,Works,NCB,In-Progress
IDOKAILALI/W/NCB/079/080-12,"Infrastructure Development Office , Kailali","Construction & Upgrading of 4 Different Road of Godawari Municipality ward No 5, 10 & 11 Kailali",8000000.0,Works,NCB,In-Progress
03/BMA/W/UPG/2079/080,Bhumikasthan Municipality,Milanchowk Kuchurepani Ward Office Thulakharka Choutara Motorable Road Upgrading Works.,6813835.11,Works,NCB,Completed
Nagarjun/NCB/W/10/2079-80,Nagarjun Municipality,Padma Samaj Bato Ward-5 Road Upgrading Works,4206175.55,Works,NCB,In-Progress
SPRM/NCB/WORKS/2079/080,She-Phokshundo Rural Municipality,WATER SUPPLY AND SANITATION CONSTRUCTION,4000000.0,Works,Force Account,Completed
Nagarjun/NCB/W/11/2079-80,Nagarjun Municipality,Sankata Bhairab tole Bato Starronnati,3038959.26,Works,NCB,In-Progress
Nagarjun/NCB/W/07/2079-80,Nagarjun Municipality,"Chhagdol Sallaghari, Shiva Thapa ko ghar jane bato and Tamang Basti Road Upgrading Works",5677458.02,Works,NCB,In-Progress
Nagarjun/NCB/W/09/2079-80,Nagarjun Municipality,Aadeshwor Bajrayogini and Gumba Marga Road Upgrading Works,3530431.58,Works,NCB,In-Progress
Nagarjun/NCB/W/08/2079-80,Nagarjun Municipality,Ward-1 Bhitri Bato and Ward-2 devnagar Road Upgrading Works,5408797.91,Works,NCB,In-Progress
Nagarjun/NCB/W/04/2079-80,Nagarjun Municipality,Lasunpure Road U[grading Works,13557125.78,Works,NCB,In-Progress
Nagarjun/NCB/W/02/2079-80,Nagarjun Municipality,Bhimsensthan Thaple Road Upgrading Works,20295178.8,Works,NCB,In-Progress
Nagarjun/NCB/W/01/2079-80,Nagarjun Municipality,Khadkagaun Kanpur Pakhure Road Upgrading Works,27447532.87,Works,NCB,In-Progress
LIDPO/Htd/NCB/Works/MB-03/079/80,"Local Infrastructure Development Project Office (LIDPO), Hetauda","Construction of Narayan Kunwar Khageri Nagar Amarbasti Ra Kesharbagh ko simana Jodne Sadak Pul, Bharatpur Mahanagarpalika-6 Chitwan amd Ghyang Khola Pul, Naya Pul Pawati,Dandakharka, Dolakha",72641856.59,Works,NCB,In-Progress
LIDPO/Htd/NCB/Works/TB-05/079/80,"Local Infrastructure Development Project Office (LIDPO), Hetauda","Fabrication, supply, Transportation, Construction and Erection of various suspension trail bridges through construction turnkey packages",92059970.0,Works,NCB,In-Progress
LIDPO/Htd/NCB/Works/TB-04/079/80,"Local Infrastructure Development Project Office (LIDPO), Hetauda","Fabrication, supply, Transportation, Construction and Erection of various suspension trail bridges through construction turnkey packages",73559610.0,Works,NCB,Completed
LIDPO/Htd/NCB/Works/MB-02/079/80,"Local Infrastructure Development Project Office (LIDPO), Hetauda","Construction of Dawadi chowk guruko ghol sadak pul, Bharatpur Mahanagarpalika-06, Chitwan",66168103.3,Works,NCB,In-Progress
RRM/PAL/W/NCB-04/079/80,Rainadevi Chhahara Rural Municipality,Construction of Rainadevi Temple,7592104.28,Works,NCB,Completed
10/NCB/TM/W/2079-080,"Tokha Municipality, Office of the Municipal Executive","Labu hudai Malung Sadak Kalopatray, ward-02",20868539.3,Works,NCB,In-Progress
15/NCB/TM/W/2079-080,"Tokha Municipality, Office of the Municipal Executive",Tokha Nagarpalika ward-08 ra ward 11 jodne Baniyatar Pool Nirman Karya,33804376.5,Works,NCB,In-Progress
19/NCB/TM/W/2079-080,"Tokha Municipality, Office of the Municipal Executive","Faidol Iko Chakhu Sadak Upgrade, ward-03",20602097.0,Works,NCB,In-Progress
20/NCB/TM/W/2079-080,"Tokha Municipality, Office of the Municipal Executive","Laxmi Chowk dekhi Futung Mul Sadak Slab Dhalan, ward-03",2998229.24,Works,NCB,In-Progress
21/NCB/TM/W/2079-080,"Tokha Municipality, Office of the Municipal Executive","Sai Baba Chowk dekhi Hattigauda jane Bishnumati Pool saamma Khanepani Pipeline sahit Sadak Upgrade, ward-03",5397748.0,Works,NCB,In-Progress
23/NCB/TM/G/2079-080,"Tokha Municipality, Office of the Municipal Executive","Ward bhitraka mul tatha sayak batoharu ma CC Camera tatha sadak batti jadan karya, ward-10",2096840.0,Goods,NCB,Completed
27/NCB/TM/W/2079-080,"Tokha Municipality, Office of the Municipal Executive","Construction of Compound wall,Retaining wall and Interlock Block of Tokha Municipality",4781330.85,Works,NCB,In-Progress
28/NCB/TM/W/2079-080,"Tokha Municipality, Office of the Municipal Executive",Ward -09 ko Bibhinna Sadak Overlay,2158535.0,Works,NCB,In-Progress
04/BMA/W/UPG/2079/080,Bhumikasthan Municipality,Dharapani Phalamkhilli Ansurkot Road Upgrading works.,7511692.85,Works,NCB,In-Progress
05/BMA/W/BT/2078/079,Bhumikasthan Municipality,Nuwakot Khilji Ansurkot Motorable Road Upgrading Works.,66972009.17,Works,NCB,In-Progress
05/BMA/W/BT/2079/080,Bhumikasthan Municipality,Udayathati Chautara Pauwa Motorable Road Upgrading works.,6929914.24,Works,NCB,In-Progress
06/BMA/W/UPG/2079/080,Bhumikasthan Municipality,Belbot Dadagaun Durbang Motorable Road Upgrading works.,6923688.28,Works,NCB,In-Progress
07/BMA/W/UPG/2079/080,Bhumikasthan Municipality,Baraneta Jalam Jhimruk Motorable Road Upgrading Works.,7520484.99,Works,NCB,Completed
RDCNP/33701138/2079/80-07,"Road Division, Chandranigahpur","Road Improvement Works along Rautahat Chandrapur Ward no.8 Santpur- Sindureghari-Malintole-Chetnagar Samm Pakki Sadak(CH 0+000 to 20+000 ), Rautahat ( total length of working section :7.55 KM)",131884677.52,Works,NCB,In-Progress
09/BMA/W/UPG/2079/080,Bhumikasthan Municipality,Bhujelpani Sandeva Thuldeva Motorable Road Upgrading works.,6922004.24,Works,NCB,Completed
5/NCB/WORKS/BM/078/79,BHIMAD MUNICIPALITY,Construction of basic health service center building,3502996.58,Works,NCB,Completed
5/NCB/WORKS/BM/079/80,BHIMAD MUNICIPALITY,Bhimad Bhagar Simle sadak kalopatre Yojana,8464820.69,Works,NCB,Completed
NCB/SM/R/P/03/2079/80,Sandhikharka Municipality,Mathurabesi Pauwa Protection and Approach Road Construction,14070033.33,Works,NCB,In-Progress
NCB/SM/R/P/04/2079/80,Sandhikharka Municipality,Sahid Sarala Marga Rural Road Upgrading,13822137.56,Works,NCB,In-Progress
NCB/SM/B/P/7/2079/080,Sandhikharka Municipality,Construction of Supa deaurali Dharma Shala Building,15657857.29,Works,NCB,In-Progress
NCB/SM/B/P/8/2079/080,Sandhikharka Municipality,NCB/SM/B/P/8/2079/080 -Gangasarobar Tal Upgrading works,11896614.48,Works,NCB,In-Progress
NCB/SM/B/P/5/2079/080,Sandhikharka Municipality,"NCB/SM/B/P/5/2079/080-Construction of Health Post Building (ward No.7,8 & 11)",57639604.4,Works,NCB,In-Progress
NCB/SM/B/P/06/2079/80,Sandhikharka Municipality,Construction of Argha Bhagawati Primary School Building,30914638.41,Works,NCB,In-Progress
NCB/SM/R/P/09/2079/080,Sandhikharka Municipality,NCB/SM/R/P/09/2079/080 Dhorpatan-Behore-kura-Pallabari-Duwara-Gachhe Road Upgrading,77681802.2,Works,NCB,In-Progress
NCB/SM/B/P/10/2079/080,Sandhikharka Municipality,NCB/SM/B/P/10/2079/080 Construction of Mathura nandaram Adharvut School Building,4384104.1,Works,NCB,Completed
NCB/SM/B/P/11/2079/080,Sandhikharka Municipality,NCB/SM/B/P/11/2079/080 Construction of Bhagawati Secondary school Building,4232259.0,Works,NCB,Completed
NCB/SM/B/P/12/2079/080,Sandhikharka Municipality,NCB/SM/B/P/12/2079/080-Construction of Parbati Adharvut School Buildin,2370065.22,Works,NCB,Completed
NCB/SM/B/P/13/2079/080,Sandhikharka Municipality,NCB/SM/B/P/13/2079/080 -Construction of Janata Adharvut school Building,2223262.34,Works,NCB,Completed
NCB/SM/B/P/14/2079/080,Sandhikharka Municipality,NCB/SM/B/P/14/2079/080-Construction of Parkritik Sampadako Rupama Raheko Rock Garden Samrakshana,14027711.99,Works,NCB,In-Progress
NCB/SM/W/P/15/2079/080,Sandhikharka Municipality,NCB/SM/W/P/15/2079/080-Historical Khanchi Durbar Reconstruction & Approach Road Construction,15305432.63,Works,NCB,In-Progress
NCB/SM/B/P/16/2079/080,Sandhikharka Municipality,NCB/SM/B/P/16/2079/080 -,14794240.35,Works,NCB,In-Progress
NCB/SM/B/P/17/2079/080,Sandhikharka Municipality,NCB/SM/B/P/17/2079/080-Rithe Khola Majha Hatiya- Jare Khola Rural Road Upgrading,13607544.05,Works,NCB,In-Progress
NCB/SM/B/P/18/2079/080,Sandhikharka Municipality,NCB/SM/B/P/18/2079/080-Construction of Janata Krishna Ma. Vi. School Hostel Building,4596297.26,Works,NCB,Completed
NCB/SM/R/P/19/2079/080,Sandhikharka Municipality,"NCB/SM/R/P/19/2079/080 -Sandhikharka Ward no 1, 2 Bazar areas and Ward no 7, Phudbang bazar Black top Area Road Maintenance",8008579.8,Works,NCB,Completed
UDB-RUP/34701014/ NCB/ 079-80/71,"Urban Development and Building Office, Rupandehi","Construction of Infrastructures at Mahalawar-Majdiya Road at Lumbini Sanskritic Municipality, Rupandehi",27435942.62,Works,NCB,In-Progress
BRM/NCB/WORKS/07/2079/080,Bandipur Rural Municipality,Construction of Athithi Griha Bhaban,3294444.92,Works,NCB,In-Progress
BRM/NCB/WORKS/03/2080-081,Bandipur Rural Municipality,Upgrading of Bandipur-Khahare-Seratar-Sukhaura Road,10849873.03,Works,NCB,In-Progress
BRM/NCB/WORKS/02/2080/081,Bandipur Rural Municipality,Upgrading of Bandipur-Dharampani Road,9434209.68,Works,NCB,In-Progress
01,Naugad Rural Municipality,Construction of Ward Office Building Naugad 1 Darchula,6011064.4,Works,NCB,Completed
RRM/PAL/NCB/W/11-079/80,Rainadevi Chhahara Rural Municipality,Construction of Rainadevi Chhahara 15 Bed Primary Hospital,221748124.93,Works,NCB,In-Progress
RRM/PAL/NCB/W/01-080/81,Rainadevi Chhahara Rural Municipality,Upgrading of Dhajabanne-Pelawas-Taalpokhara-Arghakhanchi Road,5950681.32,Works,NCB,Completed
RIDOKAP/10134/NCB/080-81/17,"Road Infrastructure Development Office, Kapilvastu","Purena Bar ko rukhdekhi Fachkaiya, Kailhawa Mormi road in Buddhbhoomi Municipality Ward No. 1, 2 and 3 road upgradation,Kapilvastu.",1997652.46,Works,NCB,In-Progress
IDO/MYAGDI/NCB/W/01/080-081,"Infrastructure Development Office, Myagdi","Upgrading Of Pakher Baranja Bukeni Dhapung Tarakhola Road, Mangala Rural Municipality - 3 & 4",12801399.66,Works,NCB,In-Progress
IDO/MYAGDI/NCB/W/02/080-081,"Infrastructure Development Office, Myagdi","Upgrading Of Mahabhir - Dosalle Kaphaldanda - Nagi Road, Annapurna Rural Municipality -7 & 8, Myagdi",7258732.93,Works,NCB,In-Progress
IDO/MYAGDI/NCB/W/09/080-081,"Infrastructure Development Office, Myagdi","Bima Marang Malkbang Kuine Thadakhani Pakhapani Road, Dhawalagiri Rural Municipality - 5 &6",6967392.32,Works,NCB,In-Progress
01-BMC/2080/081/W/NCB/01,Bharatpur Metropolitian City Office,"Construction of Blacktopped Road of Pandey Chowk to Healthpost upto Police post to Ward office Boundary, BMC-21,",16168316.09,Works,NCB,Completed
03-BMC/2080/81/G/NCB/06,Bharatpur Metropolitian City Office,Supply and Delivery of Furniture and Fixtures at Bharatpur Metropolitan City.,6212500.0,Goods,NCB,Completed
02/NCB/TM/W/2080-081,"Tokha Municipality, Office of the Municipal Executive",Ward-10 ko Mul ra sahayak sadak haru Overlay.,2294452.5,Works,NCB,In-Progress
03/NCB/TM/W/2080-081,"Tokha Municipality, Office of the Municipal Executive",Ward-09 ko bibhina Sadak haru Kalopatray,4613812.3,Works,NCB,In-Progress
04/NCB/TM/W/2080-081,"Tokha Municipality, Office of the Municipal Executive","Sidhesor Mandir dekhi utar tarfa Manmaiju Pool samma Plum wall Nirman, ward-09",3616500.0,Works,NCB,In-Progress
05/NCB/TM/W/2080-081,"Tokha Municipality, Office of the Municipal Executive",Tarkesor-11 ra Tokha-9 Bich Jodne Bishnumati Pool Nirman,26835559.65,Works,NCB,In-Progress
06/NCB/TM/W/2080-081,"Tokha Municipality, Office of the Municipal Executive",Jalupa Chowk-Baniyatar-Tamang Basti-Shree Swosthani Tol ra Melmilap Tol ma Sadak Kalopatray-ward-08,10368128.95,Works,NCB,In-Progress
8-BMC/2079/080/W/NCB/15,Bharatpur Metropolitian City Office,Compound Wall Construction Works At BMC Ward No.2 Office,24388735.42,Works,NCB,Completed
15-BMC/2079/080/W/NCB/31,Bharatpur Metropolitian City Office,"Blacktopped Road Construction works and other Physical Construction works (from Kerunga River to Khem B.K's House and to Boundary of Ward no 21 ) ,BMC-23",6028595.4,Works,NCB,Completed
16-BMC/2079/080/W/NCB/32,Bharatpur Metropolitian City Office,Blacktopped Road Maintenance works of Different ward of Bharatpur Metropolitan city -Package 1,29234357.66,Works,NCB,Completed
22-BMC/079/080/G/NCB/47,Bharatpur Metropolitian City Office,""" Procurement and Supply of Medicines For Basic and Emergency Health Services , Bharatpur Metropolitan City""",7824273.5,Works,NCB,Completed
22-BMC/079/080/W/NCB/48,Bharatpur Metropolitian City Office,Procurement of supply of Ayurvedic Medicine for Bharatpur Metropolitan City,2704700.0,Works,NCB,Completed
22-BMC/2079/080/W/NCB/49,Bharatpur Metropolitian City Office,Blacktopped Road Maintenance works of Different Ward in Bharatpur Metropolitan City-Package-2,18197851.19,Works,NCB,Completed
22-BMC/079/080/W/NCB/50,Bharatpur Metropolitian City Office,Blacktopped Road Maintenance Work in Bharatpur Metropolitan City-Package 3,25864704.12,Works,NCB,Completed
RE/23-BMC/079/080/W/NCB/52,Bharatpur Metropolitian City Office,Blacktopped Works Construction on Different Road at ward no.6,9376389.94,Works,NCB,Completed
23-BMC/078/079/W/NCB/53,Bharatpur Metropolitian City Office,""" Blacktopped works from East of Hulaki Sadak (Ward 14), Barauji Chowk Tharu Village to Jungle Simana Passing through Prithivi Chowk (Ward 13), Koirala chowk (ward 13) and Ward 6 simana Jamarkattel ch",29822748.09,Works,NCB,In-Progress
RE/24-BMC/2079/080/W/NCB/56,Bharatpur Metropolitian City Office,Blacktopped Road Construction Works at ward 5 and 9.,3132023.75,Works,NCB,Completed
GAU/NCB/05-2079/080,Gaushala Municipality,LT Line Extension Work(Irrigation),4872616.5,Works,NCB,In-Progress
GAU/NCB/1-2079/080,Gaushala Municipality,Construction of Primary Hospital Building at Gaushala Municipality-4,122606833.05,Works,NCB,In-Progress
RE/24-BMC/2079/080/W/SQ/61,Bharatpur Metropolitian City Office,""" Fencing works at setidevi samudayik ban's Maingate to West Ward 16.""",998738.77,Works,Sealed Quotation,Completed
26-BMC/2079/080/W/NCB/64,Bharatpur Metropolitian City Office,Blacktopped Road Construction from Bhawana Chowk Towards North 6 no. Sakha On Boarder Of Bharatpur 14 and 15,11274187.89,Works,NCB,Completed
27-BMC/2079/080/W/NCB/68,Bharatpur Metropolitian City Office,Blacktopped Road Construction Works Package (Naya Patihani Jane Bato Hudai Aasaram Mahatoko Ghar Dekhi Purba Tarfako Sadak ra Ward No. 28 ko Simana Sajhapur Jane Bato Samma and Dhebauliko Purna Bahadu,7835945.65,Works,NCB,Completed
29-BMC/2079/080/W/SQ/73,Bharatpur Metropolitian City Office,""" Blacktopped Road Construction Works from Khayarghari Chautari to ward 27 Simana .""",1912437.24,Works,NCB,Completed
30-BMC/2079/080/W/NCB/77,Bharatpur Metropolitian City Office,"Blacktopped Road Construction from Ward Office towards Koilaha, BMC-26",10124135.33,Works,NCB,Completed
MM/RCH/WORKS/NCB/23/080/081,Manthali Municipality,Construction of 4 no. ward office building project,11594609.92,Works,NCB,Completed
MM/RCH/WORKS/NCB/24/080/081,Manthali Municipality,Construction of 5 no. ward office building project,11546539.86,Works,NCB,Completed
RRM/PAL/NCB/W/04-081/82,Rainadevi Chhahara Rural Municipality,Construction of Meeting Hall at Rural Municipality Building,2641295.53,Works,NCB,Completed
MM/RCH/WORKS/NCB/01/081/082,Manthali Municipality,Thulimadhau-Archale-Thanti Kathajor Road Construction,8785587.37,Works,NCB,Completed
MM/RCH/WORKS/NCB/04/081/082,Manthali Municipality,Vadaure Sisnepani Ward Office Jane Bato Estarunnati,1707382.57,Works,NCB,Completed
MM/RCH/WORKS/NCB/05/081/082,Manthali Municipality,Gairi Gaun Hudai Chisapani Gadi Jane Padmarga Yojana.,2771841.56,Works,NCB,Completed
MM/RCH/WORKS/NCB/02/081/082,Manthali Municipality,Sanwadanda-Pashupati-Sikral-Saunepani Road,11892071.0,Works,NCB,Completed
BMP/NCB/GOODS/2081-82/E/01,Bhimeshwor Municipality,Supply and Delivery of Goods Related to Office Stationery and Printing Works,1398715.13,Goods,NCB,Completed
BMP/NCB/GOODS/2080-81/E/08,Bhimeshwor Municipality,Supply and Installation of CCTV Camera at Market Area and Ward Offices,2765426.4,Goods,NCB,Completed
BMP/NCB/WORKS/2081-82/E/01,Bhimeshwor Municipality,Patikhola - Uakhubari - Kaule Sadak - 6 and 7,23479236.6,Works,NCB,Completed
MARMA/NCB/WORKS/05/2080/081,"Marma Rural Municipality, Latinath, Darchula","Construction of Sheri Health Post Building, Marma-6, Darchula",4426452.01,Works,NCB,Completed
Marma/NCB/04/076-077,"Marma Rural Municipality, Latinath, Darchula",Shree Salledhar Secondary School Building Construction,47829039.57,Works,NCB,Completed
Marma/NCB/05/076-077,"Marma Rural Municipality, Latinath, Darchula",Construction and Upgrading of Latinath-Sarsi-Bajani-Duni Road,19105983.94,Works,NCB,Completed
01/BMA/W/SC/081/082,Bhumikasthan Municipality,Tallo Choutara Beththala Adhuro Sidi Nirman,429388.56,Works,NCB,Completed
02/BMA/W/RM/081/082,Bhumikasthan Municipality,Choutara Bahulahakhola Motorable Road Construction,572275.52,Works,Sealed Quotation,Completed
03/BMA/W/RM/081/082,Bhumikasthan Municipality,Baddanda Kattike Satighat Motorable Road Construction,659664.34,Works,Sealed Quotation,Completed
RRM/PAL/W/NCB/01/081-82,Rainadevi Chhahara Rural Municipality,Upgrading of Dhajabanne -Pelawas-Ward Office-Taalpokhra-Arghakhanchi Road(Ch 0+000 to 3+800),57469744.43,Works,NCB,In-Progress
RRM/PAL/W/NCB-03/2082-83,Rainadevi Chhahara Rural Municipality,Upgrading of Sundaredhunga-Juthapauwa-Saljhandi Road (Nepane Juthapauwa Section Ch 4+100 to 6+500),42507115.67,Works,NCB,In-Progress
RRM/PAL/W/NCB-02/2082-83,Rainadevi Chhahara Rural Municipality,Upgrading of Chhahara - Dhajabanne -Tansingal - Saatmure Road (Dhajabanne -Tansingal section Ch 1+520 to 5+720 ),87931394.6,Works,NCB,In-Progress
RRM/PAL/W/NCB-04/2082-83,Rainadevi Chhahara Rural Municipality,Upgrading of Tansingal-Somadi-Sapaudi-Magran-Manbhag Road,4642338.42,Works,NCB,In-Progress
RRM/PAL/W/NCB-06/2082-83,Rainadevi Chhahara Rural Municipality,Rainadevi Chhahara Office Landscaping Works,3881876.36,Works,NCB,In-Progress
RRM/PAL/G/NCB-05/2082-83,Rainadevi Chhahara Rural Municipality,"Purchase, Supply and Delivery of Mini Tiller, Combined Mill, Chaff Cutter and Brush Cutter",9765500.0,Goods,NCB,In-Progress
RRM/PAL/W/NCB-07/2082-83,Rainadevi Chhahara Rural Municipality,Upgrading of Different Roads at Mujhung - Package I,2184721.97,Works,NCB,Completed
RRM/PAL/W/NCB-08/2082-83,Rainadevi Chhahara Rural Municipality,Construction of Concrete Pavement at Different Roads of Rainadevi Chhahara Rural Municipality Ward 07 and 08.,2523408.44,Works,NCB,Completed
RRM/PAL/W/NCB-09/2082-83,Rainadevi Chhahara Rural Municipality,Upgrading of Different Roads at Mujhung - Package II,2200681.74,Works,NCB,In-Progress
RRM/PAL/W/NCB-10/2082-83,Rainadevi Chhahara Rural Municipality,"Upgrading of Different Roads at Somadi, Chhahara, Mujhung and Juthapauwa",3518255.25,Works,NCB,In-Progress
RRM/PAL/W/SQ-12/2082-83,Rainadevi Chhahara Rural Municipality,Upgrading of Hyude Padhera Thulo Chaupari Road,968120.36,Works,Sealed Quotation,Completed
RRM/PAL/W/NCB-13/2082-83,Rainadevi Chhahara Rural Municipality,Upgrading of Different Roads at Baldhengadhi,2919049.41,Works,NCB,In-Progress
RRM/PAL/W/NCB-15/2082-83,Rainadevi Chhahara Rural Municipality,Upgrading of Different Roads at Siddheshwor,2814449.3,Works,NCB,In-Progress
RRM/PAL/G/NCB-01/2082-83,Rainadevi Chhahara Rural Municipality,Purchase Supply and Delivery of Medical Items,1134725.88,Goods,NCB,Completed
PUDBC/DKT/347010114/082/083-13,"Saghan Sahari tatha Bhawan Nirman Aayojana, Dhankuta","Repair and Retrofitting Work of Samudayek Bhawan in Dhankuta-5, Dhankuta Municipality,Dhankuta",9714515.05,Works,NCB,In-Progress
KRM/Works/NCB-01/2082-083,Khotehang Rural Municipality,ward no 8 Simpani Dekhi Ward no 6 Merla hudai Khotehang ga.pa.Kendra ward no 7 Khotangbazar,9089800.02,Works,NCB,Completed
KRM/Works/NCB-02/2082-083,Khotehang Rural Municipality,"Palika kendra Khotangbazar bat Airport hudai Roksim, Tuwa Khola Diprung Chuichchuma jodne sadak",6948612.02,Works,NCB,Completed
LIDPOITH/NCB/W/2082-083/11,"Local Infrastructure Developmemt Project Office, Itahari","Construction and Upgrading of Basbari- Daangi- Yangshila- okhare Sadak staronati, Kerabari-6, Morang,",23663947.08,Works,NCB,In-Progress
KRM/Works/NCB-03/2082-083,Khotehang Rural Municipality,ward no 8 Simpani Bata Bare Dhanmudha Palika Kendra Khotang Bazar hudai Jantedhunga Gaupalika Jodne sadak,3922059.72,Works,NCB,Completed
LIDPOITH/NCB/W/2082-083/13,"Local Infrastructure Developmemt Project Office, Itahari","Construction and Upgrading of Deurali chmaita bindule mangalbare Sadak, Deumai na. pa.-1, Ilam",21795951.93,Works,NCB,In-Progress
LIDPOITH/NCB/W/2082-083/05,"Local Infrastructure Developmemt Project Office, Itahari","Construction and Upgrading of Mechi Lokmarga Bangadangi Pathariya Gherabari Rajgadh Sadak Kalopatre, Jhapa",22500905.76,Works,NCB,In-Progress
LIDPOITH/NCB/W/2082-083/20,"Local Infrastructure Developmemt Project Office, Itahari","Construction and Upgrading of Maijogmai Ga. Pa. ko kendra Nayabajar hudai ward no. 5 soyang Dudhang Sadak, Ilam",25605964.06,Works,NCB,In-Progress
LIDPOITH/NCB/W/2082-083/06,"Local Infrastructure Developmemt Project Office, Itahari","Construction and Upgrading of Nim Basti Farsadini Hudai Brika Chandra Basti Hudai Sahid Chandramani Bhattarai Pratithan Samma Pugne Sahid Chandramani Bhattarai Marga, Kachankawal Gaa.paa.-7, Jhapa",24154181.98,Works,NCB,In-Progress
LIDPOITH/NCB/W/2082-083/15,"Local Infrastructure Developmemt Project Office, Itahari","Construction and Upgrading of Maijogmai ward no. 4 Bajradebi Sukrabare Gupti sadak, Ilam",21323359.83,Works,NCB,In-Progress
LIDPOITH/NCB/W/2082-083/04,"Local Infrastructure Developmemt Project Office, Itahari","Construction and Upgrading of Jhapa Jilla Bahradashi Gaaupalika Ward no. 4 Dahal GaaubataNawaSrijana Hudai Paschim Madrasha Chowk, Newar Gau Hudai Manglubasti Samma ko 2.5 K.M. sadak Nirman",22505329.28,Works,NCB,In-Progress
KRM/Works/NCB-05/2082-083,Khotehang Rural Municipality,Water Tank Nirman Jhamtebar,643590.32,Works,NCB,Completed
CRM/ARG/NCB/W/01/082/83,Chhatradev Rural Municipality,Neta-Bhuskata-Deurali motorable Road Pitch works,18754888.7,Works,NCB,In-Progress
LIDPOITH/NCB/W/2082-083/07,"Local Infrastructure Developmemt Project Office, Itahari","Construction and Upgrading of Paarijat Chowk Dekhi Purba Ghodamara Samma Jodne Sadak Nirman, Bhadrapur-09, Jhapa",24551290.45,Works,NCB,In-Progress
KRM/Works/NCB-06/2082-083,Khotehang Rural Municipality,Valitar Dekhi Sawa Nagi Jane sadak starunnti,813053.88,Works,NCB,Completed
CRM/ARG/NCB/W/02/082/83,Chhatradev Rural Municipality,Ward No 8 Neta (Simalka Rukha)-Chekmi Motorable Road Upgrading Works,5215127.36,Works,NCB,Completed
01/082/83/BMSC/IDD/Works/NCB,Butwal Sub-Metropolitan City,Construction of Ward Office Building at Ward 19,27356358.0,Works,NCB,In-Progress
LIDPOITH/NCB/W/2082-083/26,"Local Infrastructure Developmemt Project Office, Itahari","Construction and Upgrading of Nim Basti Farsadini Hudai Brika Chandra Basti Hudai Sahid Chandramani Bhattarai Pratisthan Samma Pugne Sahid Chandramani Bhattarai Marga, Kachankawal Gaa.paa.-7, Jhapa",22664794.52,Works,NCB,In-Progress
imoilam/ncb/work/15-2082/83,"Ilam Municipality, Office of the Municipal Executive, Ilam, Koshi Province, Nepal",Construction of Aaridaha Water Supply Project,7768708.25,Works,NCB,In-Progress
LIDPOITH/NCB/W/2082-083/27,"Local Infrastructure Developmemt Project Office, Itahari","Construction and Upgrading of Dhaulabasti Hudai Sahid Chadramani Bhattarai Pratisthan Samma Jane Sadak Staronnati, Kachankawal Gaa.Paa. -07, Jhapa",23434160.67,Works,NCB,In-Progress
imoilam/ncb/work/3-2082/83,"Ilam Municipality, Office of the Municipal Executive, Ilam, Koshi Province, Nepal","Upgradation and Improvement of Tudhikhel, Bhanjyang Purano Sanischare Road",2748119.73,Works,NCB,In-Progress
LIDPOITH/NCB/W/2080-081/67,"Local Infrastructure Developmemt Project Office, Itahari","Construction/ Upgrading of Chuhan Dada mungsari Thoklung Jyamire Aushisidada Sadak, Tehrathum",26014919.06,Works,NCB,Completed
LIDPOITH/NCB/W/DB/2081-082/04,"Local Infrastructure Developmemt Project Office, Itahari","Design and Build of Bhadrapur 9 baata Mechinagar 15 jodne Naya Pul Nirman, Jhapa",239921500.0,Works,NCB,In-Progress
Godawarimun/lalitpur/W/NCB/02/082/83,"Godawari Municipality, Office of the Municipal Executive,","Upgrading of Thecho Bugmati Road, Godawari Municipality-12, Thecho, Lalitpur",25419153.0,Works,NCB,In-Progress
DDM/NCB/W/01/2082-83,Dharmadevi Municipality,Mude-Madamsing Road Way Construction,12624283.05,Works,NCB,In-Progress
FUDBC/Morang/NCB/Works/21-2082-083,"Federal Urban Development and Building Construction Office, Morang","Improvement of Road from Budhikhola chhathghat Nursery Chowk to Kalimandir upto Biratnagar highway, Duhabi Municipality-06, Sunsari.",23227310.02,Works,NCB,In-Progress
PUDBC/DKT/NCB/WORKS/33/081/082,"Saghan Sahari tatha Bhawan Nirman Aayojana, Dhankuta","Construction of Hariraj Khewa Smriti Pratisthan Building in Dhankuta Municipality, Ward No. 06, Dhankuta",7425886.05,Works,NCB,Completed
17/CSB/NCB/ 2082/083/BHM,Bheemdatta Municipality Office,"Construction of School Building of Maheshwor Secondary School Bheemdatt-10, Shukasal Kanchanpur",23900000.0,Works,NCB,In-Progress
BM/NCB/Works/GCKBR/02/082/83,"Bidur Municipality,Nuwakot","Nayapul Gauribesi Chharghare Katheri Bhattagaun Hudai Bhaduwaar Tarkeshwor Wada No.6 Sadak, Bidur 12.",11743500.0,Works,NCB,Completed
PUDBC/DKT/NCB/WORKS/57/080/081,"Saghan Sahari tatha Bhawan Nirman Aayojana, Dhankuta","Construction of Infrastructures for Care Women Nepal Birthing Centre in Ward No.4, Pakhribas Municipality, Dhankuta",5233705.28,Works,NCB,In-Progress
NRA/CLPIU/2075-076/NCB-44,"Saghan Sahari tatha Bhawan Nirman Aayojana, Dhankuta","Construction of Khoku Primary Hospital Building(RCC Framed Structure, PHB-3) Sahidbhumi Gaupalika-04, Dhankuta",84196916.72,Works,NCB,In-Progress
KMU/SIN/NCB/01/082/083,"Kamalamai Municpality, Office of the Municipal Executive","Eakpakhe Chhatiwan Sikre Tinpatan Road Upgrading Work, Kamalamai Municipality-7, 11 & 12, Sindhuli",11719644.01,Works,NCB,In-Progress
NCB/SM/W/01/2081-082,"Safebagar Municipality Office, Achham",Khaptad Swasthya Chauki Bhawan Nirman-12,6241614.59,Works,NCB,Completed
KMU/SIN/NCB/02/082/083,"Kamalamai Municpality, Office of the Municipal Executive","Dandatole Dobhan Ruhcani Road Upgrading Work, Kamalamai Municipality-10, Sindhuli",2699050.16,Works,NCB,In-Progress
KMU/SIN/NCB/03/082/083,"Kamalamai Municpality, Office of the Municipal Executive","B.P. Highway-Majhidanda to Swargadwari Road Construction Work, Kamalamai Municipality-7, Sindhuli",1392405.92,Works,NCB,Completed
KRM/SQ/WORKS/2082/2083/03,"Kaligandaki Rural Municipality,Gulmi","Harmichaur Swasthya Chowki Nirman ,Gulmi",1335161.3,Works,Sealed Quotation,Completed
KMU/SIN/NCB/04/082/083,"Kamalamai Municpality, Office of the Municipal Executive",Majhitar Dandatole Panitanki Road Upgrading Work,1504252.0,Works,NCB,In-Progress
KMU/SIN/NCB/05/082/083,"Kamalamai Municpality, Office of the Municipal Executive","Sano Bhaluwahi Chorkhola Road Upgrading Work, Kamalamai Municipality-9, Sindhuli",1447247.37,Works,NCB,Completed
KMU/SIN/NCB/06/082/083,"Kamalamai Municpality, Office of the Municipal Executive","Mathillo Ranibas Urban Road Construction Work, Kamalamai Municipality-13, Sindhuli",3715612.83,Works,NCB,In-Progress
PUDBC/DKT/NCB/WORKS/08/079/080),"Saghan Sahari tatha Bhawan Nirman Aayojana, Dhankuta","Construction of Integrated Urban Infrastructure Development Works under Urban Development Programmee at Mahalaxmi Municipality, Dhankuta.",348657330.62,Works,NCB,In-Progress
KMU/SIN/NCB/07/082/083,"Kamalamai Municpality, Office of the Municipal Executive","Kudule Temple to Highway Road Upgrading Work, Kamalamai Municipality-4, Sindhuli",3675594.65,Works,NCB,In-Progress
KMU/SIN/NCB/08/082/083,"Kamalamai Municpality, Office of the Municipal Executive","Moktanchok to Shree Bambeshwor Aa. Bi. Road Upgrading Work, Kamalamai Municipality-2, Sindhuli",2161614.37,Works,NCB,In-Progress
KRM/SQ/WORKS/2082/2083/01,"Kaligandaki Rural Municipality,Gulmi",Samudayik Swasthya Ekai Starunati Kaligandaki 02,1108644.99,Works,Sealed Quotation,Completed
KMU/SIN/NCB/09/082/083,"Kamalamai Municpality, Office of the Municipal Executive","Chandradevi Aa. Bi. Building & Compound wall Work, Kamalamai Municipality-11, Sindhuli",6055152.29,Works,NCB,In-Progress
KRM/SQ/WORKS/2082/2083/02,"Kaligandaki Rural Municipality,Gulmi",Samudayik Swasthya Ekai Thalung Bebasthapan Tatha RAng Rogan Kaligandaki 06,907372.6,Works,Sealed Quotation,Completed
KMU/SIN/NCB/10/082/083,"Kamalamai Municpality, Office of the Municipal Executive","Infrastructure Upgrading Work, Kamalamai Municipality-9, Sindhuli",3904493.74,Works,NCB,Completed
LIDPOITH/NCB/W/2080-081/65,"Local Infrastructure Developmemt Project Office, Itahari",Construction/Upgrading of Terhathum Jilla ko Sidhuwa Nasibote-Jalpadevi Pra.vi. Saraswati maa.vi.- Hamarjung Charkune- Panchakanya- Mudke aahal- Nabin Sikchya Sadan-Okhre- Raamnuyami- Machindra Ma.vi.,95351622.09,Works,NCB,In-Progress
KMU/SIN/NCB/11/082/083,"Kamalamai Municpality, Office of the Municipal Executive","Kamalamaisir &Kamalamaisthan Infrastructure Development Work, Kamalamai Municipality-5 & 8, Sindhuli",4904557.34,Works,NCB,In-Progress
KMU/SIN/NCB/12/082/083,"Kamalamai Municpality, Office of the Municipal Executive","Dharabhanjyang Satpare Water Supply Scheme, Kamalamai Municipality-4, Sindhuli",5269355.56,Works,NCB,In-Progress
KMU/SIN/NCB/13/082/083,"Kamalamai Municpality, Office of the Municipal Executive","Dhura Gwang Corridor Road Upgrading Work, Kamalamai Municipality-6 & 4, Sindhuli",12095837.15,Works,NCB,In-Progress
LIDPOITH/NCB/W/DB/2081-082/02,"Local Infrastructure Developmemt Project Office, Itahari","Design and Build of Ghailadubba Champapur Jodne Biring Khola Pakki Pul Nirman , Kankai-9,Jhapa",301037600.0,Works,NCB,In-Progress
KMU/SIN/NCB/14/082/083,"Kamalamai Municpality, Office of the Municipal Executive","Chiyabari Keware Kerabari Road Upgrading Work, Kamalamai Municipality-2 & 4, Sindhuli",13771439.46,Works,NCB,In-Progress
LIDPOITH/NCB/W/2080-081/69,"Local Infrastructure Developmemt Project Office, Itahari","Upgrading of Terathum Jilla ko Ewa Thapachowk Moula Daada ,Khurpa thok , Fuguwa Nidhuraadin Sadak Staronnati, Atthrai 3 ra 4 Tehrathum-Taplejung",34479296.14,Works,NCB,In-Progress
KMU/SIN/NCB/16/082/083,"Kamalamai Municpality, Office of the Municipal Executive","Dube Besitole Road Upgrading Work, Kamalamai Municipality-2, Sindhuli",2857171.0,Works,NCB,In-Progress
KMU/SIN/NCB/17/082/083,"Kamalamai Municpality, Office of the Municipal Executive","Kamala S.S. Conference Hall Management Work, Kamalamai Municipality-4, Sindhuli",2382854.47,Works,NCB,In-Progress
KRM/SQ/GOODS/2082/2083/07,"Kaligandaki Rural Municipality,Gulmi",Procurement of Materials and Transportation up to Road Head Site KRM-02 Arbeni,877433.11,Goods,Sealed Quotation,Completed
KMU/SIN/NCB/18/082/083,"Kamalamai Municpality, Office of the Municipal Executive","Khambechauri Playground Infrastructure Development Work, Kamalamai Municipality-6, Sindhuli",3038946.88,Works,NCB,In-Progress
Godawarimun/lalitpur/W/NCB/03/082/83,"Godawari Municipality, Office of the Municipal Executive,","Upgrading of Thaiba Jharuwarashi Road, Godawari-13, Lalitpur",18752761.14,Works,NCB,In-Progress
SQ/KRM/GOODS/2082/2083/08,"Kaligandaki Rural Municipality,Gulmi",Procurement of Materials and Transportation up to Road Head Site (Lega -06 Kaligandaki)Gulmi,995431.73,Goods,Sealed Quotation,Completed
LIDPOITH/NCB/W/2082-083/38,"Local Infrastructure Developmemt Project Office, Itahari","Construction/Upgrading of Arjundhara Na.Pa.6 Sike Marga Drain Sahit Kalo patre, Jhapa.",23041667.46,Works,NCB,In-Progress
KMU/SIN/Goods/NCB/19/082/083,"Kamalamai Municpality, Office of the Municipal Executive","Procurement, Supply & Installation of Tower Light with Road Surveillance System",4450115.15,Goods,NCB,In-Progress
Godawarimun/lalitpur/W/NCB/04/082/83,"Godawari Municipality, Office of the Municipal Executive,","Upgrading of Dhapakhel Jharuwarashi Dandagaun Neupane Gaun Road, Godawari Municipality-10, 13, Lalitpur",28350673.78,Works,NCB,Completed
Godawarimun/lalitpur/W/NCB/08/082/83,"Godawari Municipality, Office of the Municipal Executive,","Upgrading of Road from Mahila Aawas Griha to Ward Office, Godawari-13, Lalitpur",2345305.48,Works,NCB,In-Progress
Godawarimun/lalitpur/W/NCB/13/082/83,"Godawari Municipality, Office of the Municipal Executive,","Upgrading of Jhyalungtar to Muldol Road, Godawari-10, Lalitpur",6798778.37,Works,NCB,In-Progress
Godawarimun/lalitpur/W/NCB/14/082/83,"Godawari Municipality, Office of the Municipal Executive,","Upgrading of Panchawati Dhusuphat Road, Godawari-13, Lalitpur",2620882.85,Works,NCB,In-Progress
Godawarimun/lalitpur/W/NCB/16/082/83,"Godawari Municipality, Office of the Municipal Executive,","Upgrading of Salyan Khasimara Road, Godawari-10, Lalitpur",2900629.73,Works,NCB,In-Progress
Godawarimun/lalitpur/W/NCB/18/082/83,"Godawari Municipality, Office of the Municipal Executive,","Upgrading of Lele Vardev Thuladurlung Faparbari to Chandrapur Road, Godawari-05, Lalitpur",5136546.32,Works,NCB,In-Progress
Godawarimun/lalitpur/W/NCB/19/082/83,"Godawari Municipality, Office of the Municipal Executive,","Culvert Construction Work at Lele Pahadi Road Godawari-5, Lalitpur.",2527368.34,Works,NCB,In-Progress
KRM/SQ/GOODS/2082/2083/05,"Kaligandaki Rural Municipality,Gulmi",Procurement of Materials and Transportation up to Road Head Site (Harmichaur Chha Saya And Budo Kulo-01 Kaligandaki)Gulmi,1504619.95,Goods,Sealed Quotation,Completed
KRM/NCB/GOODS/2082/2083/03,"Kaligandaki Rural Municipality,Gulmi",Procurement of Materials and Transportation up to Road Head Site (Bagar kalse Bhutiya Chalse-05 Kaligandaki)Gulmi,1966200.0,Goods,Sealed Quotation,Completed
Godawarimun/lalitpur/W/NCB/20/082/83,"Godawari Municipality, Office of the Municipal Executive,","Upgrading of Basnet gau & swastyechauki neupane gau Road, Godawari-10, Lalitpur",2054748.4,Works,NCB,In-Progress
Godawarimun/lalitpur/W/NCB/21/082/83,"Godawari Municipality, Office of the Municipal Executive,","Upgrading of Lapse Kotdada Road, Godawari-6, Lalitpur",3548463.7,Works,NCB,In-Progress
KRM/NCB/GOODS/2082/2083/03,"Kaligandaki Rural Municipality,Gulmi",Procurement of Materials and Transportation up to Road Head Site KRM-05 Arbeni,1966200.0,Goods,NCB,Completed
Godawarimun/lalitpur/W/NCB/22/082/83,"Godawari Municipality, Office of the Municipal Executive,","Infrastructure Improvement Works at Wakha Tole and Deubu Marg, Godawari Municipality-11, Lalitpur",5507819.79,Works,NCB,In-Progress
KRM/SQ/GOODS/2082/2083/06,"Kaligandaki Rural Municipality,Gulmi",Procurement of Materials and Transportation up to Road Head Site ( -04 Kaligandaki)Gulmi,1736504.92,Goods,Sealed Quotation,Completed
NCB/ORM/WORKS/01/2082-83,Omsatiya Rural Municipality,Construction of road from rural municipality office through ward number 3 office towards thutipipal chowk,12492509.0,Works,NCB,In-Progress
KRM/SQ/GOODS/2082/2083/12,"Kaligandaki Rural Municipality,Gulmi",Procurement of Materials and Transportation up to Road Head Site (Harmichaur Chha Saya And Budo Kulo-01 Kaligandaki)Gulmi,1212900.98,Goods,Sealed Quotation,Completed
KRM/NCB/GOODS/2082/2083/10,"Kaligandaki Rural Municipality,Gulmi",Procurement of Materials and Transportation up to Road Head Site ( -06 Kaligandaki)Gulmi,2063416.72,Goods,NCB,Completed
Mahalaxmi/W/NCB/03/2082/83,"Mahalaxmi Municipality, Office of Municipal Executive",Road upgrading works from changathali chadani party palace to Khulla hiti- Sirutar Jodne sadak ward no. 7 & 8,12558841.9,Works,NCB,In-Progress
PUDBC/DKT/347010114/082/083-01,"Saghan Sahari tatha Bhawan Nirman Aayojana, Dhankuta","Construction and Upgradation of Road from Gopal Bhagat Smriti Hospital Khandbari-Khorende-Mahadevsthan to Chewa (Third Phase), Khandbari Municipality.",21359501.03,Works,NCB,In-Progress
KRM/SQ/WORKS/2082/2083/09,"Kaligandaki Rural Municipality,Gulmi",Procurement of Materials and Transportation up to Road Head Site KRM-03 Arbeni,1624192.11,Goods,Sealed Quotation,Completed
KRM/SQ/WORKS/2082/2083/12,"Kaligandaki Rural Municipality,Gulmi",Procurement of Materials and Transportation up to Road Head Site KRM-02 Arbeni,1212900.98,Goods,Sealed Quotation,Completed
FRM/Sindhuli/Works/NCB/09/082-83,"Fikkal Rural Municipality,",Saubhagya Chowk Dekhi Gaupalika Karyalaya Hudai Gaikhura Samma Dhalan Karya,1996418.91,Works,NCB,In-Progress
FRM/Sindhuli/Works/NCB/01/082-83,"Fikkal Rural Municipality,",Upgrading of Sokhu Saluke Bhalubhanjyang Sadak Ward No. 6,9838216.83,Works,NCB,Completed
FRM/Sindhuli/Works/NCB/04/082-83,"Fikkal Rural Municipality,","Upgrading ofJitukhola Solpa Bhanjyang Devitar Jangajanga Silunge Sadak, Phikkal-5",1799999.88,Works,NCB,Completed
FRM/Sindhuli/Works/NCB/03/082-83,"Fikkal Rural Municipality,","Construction of Pathivera Aarubot Silunge Ratnawati Water Supply Project, Ward No. 6",4830641.2,Works,NCB,In-Progress
IDO/TPJ/WORKS/BRIDGE/NCB-02/082/83,"Infrastructure Development Office, Taplejung, Koshi Province","Construction of Sobuwakhola RCC Bridge, Athrai Triveni Rural Municipality 3 & 4, Taplejung.",40087149.43,Works,NCB,In-Progress
GGM/WORKS/NCB/01/2082/083,"Gauriganga Municipality, Chaumala Kailali",Dhabai Udashi Ringroad Kalopatre,2836071.0,Works,NCB,Completed
Godawarimun/lalitpur/W/NCB/23/082/83,"Godawari Municipality, Office of the Municipal Executive,","Blacktopping of Road from the Boundary of Ward No. 3 up to Ghattekulo Bridge, Godawari-4, Lalitpur",5741381.37,Works,NCB,In-Progress
Godawarimun/lalitpur/W/NCB/25/082/83,"Godawari Municipality, Office of the Municipal Executive,","Upgrading of Taukhel Road from Godawari party Palace to Aasha Nepal, Godawari",2590732.3,Works,NCB,In-Progress
Godawarimun/lalitpur/W/NCB/27/082/83,"Godawari Municipality, Office of the Municipal Executive,","Upgrading of Godamchaur Main Road, Godawari-01, Lalitpu",5472525.0,Works,NCB,In-Progress
Godawarimun/lalitpur/W/NCB/30/082/83,"Godawari Municipality, Office of the Municipal Executive,","Repair/Maintenance of Pako Road, Godawari-12, Lalitpur",3647105.73,Works,NCB,In-Progress
Godawarimun/lalitpur/W/NCB/32/082/83,"Godawari Municipality, Office of the Municipal Executive,","Upgrading of Lele Manakamana Road, Godawari-05, Lalitpur",5160769.3,Works,NCB,In-Progress
Godawarimun/Lalitpur/W/NCB/22/081/82,"Godawari Municipality, Office of the Municipal Executive,","Upgrading of Lele Tahakhel Road, Godawari-05, 10 Lalitpur",8569649.93,Works,NCB,In-Progress
PUDBC/DKT/NCB/WORKS/39/081/082,"Saghan Sahari tatha Bhawan Nirman Aayojana, Dhankuta","Construction of Tourism Infrastructure and Community Building Works in Manakamna Dham, Khandbari Municipality-9, Sankhuwasabha.",85411091.03,Works,NCB,In-Progress
PUDBC/DKT/347011144/082/083-04,"Saghan Sahari tatha Bhawan Nirman Aayojana, Dhankuta","Construction of Champe Sabha Hall in Arun Rural Municipality-2, Bhojpur",21113778.41,Works,NCB,In-Progress
NCB/ORM.WORKS/02/2082-83,Omsatiya Rural Municipality,Construction of Basantapur Dasarath Janata Secondary School Building,7038103.0,Works,NCB,In-Progress
BM/NCB/Works/SKNN/07/082/83,"Bidur Municipality,Nuwakot","Samari Khola Nadi Niyantran, Bidur 13",1456756.0,Works,NCB,In-Progress
BM/NCB/Works/SHCN/09/082/83,"Bidur Municipality,Nuwakot","SIMCHAURBATA HAWAGHAR JANE TRISHULI CORRIDOR NIRMAN, BIDUR 4",1593733.0,Works,NCB,In-Progress
BM/NCB/Works/HKPN/08/082/83,"Bidur Municipality,Nuwakot",HAWAGHAR KHOLSI PAHIRO NIYANTRAN,3649967.0,Works,NCB,In-Progress
KRM/NCB/Works/Dolakha/05/2082/083,"Kalinchok Rural Municipality, Sunkhani",Upgrading of Sadhikhola Gujarpa woda no 7 to 6 Jane Sadak,2713582.35,Works,NCB,In-Progress
NCB/ORM.WORKS/03/2082-83,Omsatiya Rural Municipality,Construction Of Road From Thulo Balapur To Sano Balapur.,8663716.69,Works,NCB,In-Progress
BM/NCB/Works/BPSS/06/082/83,"Bidur Municipality,Nuwakot",Bhitri Taar Pallo Taar Sadak Staronnati Kaarya,1549936.0,Works,NCB,In-Progress
KRM/NCB/Works/Dolakha/08/2082/083,"Kalinchok Rural Municipality, Sunkhani","Upgrading of Dhamire Niware pokhare sadak (Section1) , Gumukhola sayuli sadak (section2) ,Alxidhunga campus sadak (Scction3)",2464800.49,Works,NCB,In-Progress
LIDPOITH/NCB/W/2082-083/22,"Local Infrastructure Developmemt Project Office, Itahari","Construction and Upgrading of Deumai Dobhan Nadrung Deurali Hulak Sadak, Mangsebung, Ilam,",24679800.51,Works,NCB,In-Progress
KRM/NCB/Works/Dolakha/06/2082/083,"Kalinchok Rural Municipality, Sunkhani",Upgrading Khuredese Odare Sadak Nirman,1444736.17,Works,NCB,In-Progress
01/Works/NCB/Kmun/082/83,"Khairahani Municiapality Office, Chitwan","Construction of River Training Work of Ward Number 8 magani gau, Udhyogh Sangh to ladari river",46106570.0,Works,NCB,In-Progress
NCB/ORM.WORKS/04/2082-83,Omsatiya Rural Municipality,"Construction and Upgradation of Roads at Ward 1 ,2 and 3 .",2692614.23,Works,NCB,In-Progress
KRM/NCB/Works/Dolakha/10/2082/083,"Kalinchok Rural Municipality, Sunkhani",Soti padekhola Sunkhani sinchai,5873057.29,Works,NCB,In-Progress
NCB/ORM.WORKS/05/2082-83,Omsatiya Rural Municipality,Construction Of Balcktopped road at Ward 4 and 5,2692614.23,Works,NCB,In-Progress
LIDPOITH/NCB/W/MB/2081-082/09,"Local Infrastructure Developmemt Project Office, Itahari","Construction of Ilam Na. Pa.-9 bhanjyang sadak ra Ilam Na.Pa. -11 soyak sadak ko Puwa Kholama sadak Pul, Ilam",92250240.8,Works,NCB,In-Progress
LIDPOITH/NCB/W/MB/2081-082/06,"Local Infrastructure Developmemt Project Office, Itahari","Construction of Mechinagar 13 ma Bange Pul Naya Nirman,Jhapa",74968837.4,Works,NCB,In-Progress
BM/NCB/Works/RDNS/11/082/83,"Bidur Municipality,Nuwakot","RIMAL DADA HUDAI NURSERY JODNE SADAK STARONNATI KARYA , BIDUR 1",1689225.0,Works,NCB,In-Progress
KRM/NCBGoods/Dolakha/01/2082/083,"Kalinchok Rural Municipality, Sunkhani","Extraction ,Collection and Sales of River Bed Materials (Dhunga,Baluwa & Gravel ) singati chapleti Area",2499810.86,Goods,NCB,In-Progress
BM/NCB/Works/GKKA/05/082/83,"Bidur Municipality,Nuwakot",GADDIYA KHOLA KHANEPANI AAYOJANA,8898225.0,Works,NCB,In-Progress
KRM/SQB/Goods/Dolakha/01/2082/083,"Kalinchok Rural Municipality, Sunkhani","Extraction ,Collection and Sales of River Bed Materials (Dhunga,Baluwa & Gravel ) Beniswara Area",2222145.0,Goods,Sealed Quotation,In-Progress
KRM/NCB/GOODS/2082/2083-04,"Kaligandaki Rural Municipality,Gulmi",Procurement of Materials and Transportation Up to Road Head Site(Kaligandaki-07 Sera Tuni Khola ),1914522.96,Goods,NCB,Completed
02/082/83/BSMC/IDD/NCB,Butwal Sub-Metropolitan City,Construction of Nayagaun School,33815165.0,Works,NCB,In-Progress
PUDBC/DKT/347011144/082/083-06,"Saghan Sahari tatha Bhawan Nirman Aayojana, Dhankuta","Construction of Annapurna Bagdhan Ranadip Rai Ma.bi. Building in Temkemaiyung Rural Municipality, Bhojpur",21759817.61,Works,NCB,In-Progress
LIDPO1/NCB/W/TB/01/2079-80,"Local Infrastructure Developmemt Project Office, Itahari",Construction of Kishne Khola Thena Basti Dantakali Suspension Trail Bridge,45858845.57,Works,NCB,Completed
KRM/SQB/Works/Dolakha/08/2082/083,"Kalinchok Rural Municipality, Sunkhani",Improvement of Babre Health Centre ward no 02,1126271.45,Works,Sealed Quotation,In-Progress
03/082-83/BSMC/IDD/Works/NCB,Butwal Sub-Metropolitan City,Siraangaun Top Majhuwa to Buddhanagar Sadak Nirmaan,14481740.0,Works,NCB,In-Progress
KRM/NCB/WORKS/2082/2083/02,"Kaligandaki Rural Municipality,Gulmi",Ghaumaune Koreng Chapchaur Bareng Sadak Istarunnati Kaligandaki-06,1345094.81,Works,NCB,Completed
PUDBC/DKT/NCB/WORKS/69/080/081,"Saghan Sahari tatha Bhawan Nirman Aayojana, Dhankuta","Construction of Integrated Urban Infrastructure Development Works in Dharmadevi Municipality, Sankhuwasabha",91129590.25,Works,NCB,In-Progress
PUDBC/DKT/347011144/082/083-05,"Saghan Sahari tatha Bhawan Nirman Aayojana, Dhankuta","Construction of Tribhuvan Dharmodaya Ma.bi. Building in Temkemaiyung Rural Municipality, Bhojpur",21436546.64,Works,NCB,In-Progress
BM/NCB/Works/KGSA/10/082/83,"Bidur Municipality,Nuwakot",KERAGHARI SINCHAI AAYOJANA,1755197.0,Works,NCB,In-Progress
KRM/SQ/WORKS/2082/2083/04,"Kaligandaki Rural Municipality,Gulmi","Construction of Ghaumaune Koreng Chapchaur Bareng Sadak Istarunnati Kaligandaki RN-06,07",852173.28,Works,Sealed Quotation,In-Progress
KRM/NCB/Works/Dolakha/01/2082/083,"Kalinchok Rural Municipality, Sunkhani",Upgrading of Singati Sanskritgram sdak ward no 03,10282537.35,Works,NCB,In-Progress
LIDPOITH/NCB/W/2082-083/12,"Local Infrastructure Developmemt Project Office, Itahari","Construction and Upgrading of Yuwa chok daleli dohamana sadak, Kanepokhari Gaupalika-3, Morang",23873700.89,Works,NCB,In-Progress
KRM/NCB/WORKS/2082/2083/05,"Kaligandaki Rural Municipality,Gulmi","Construction of Khadgakot Ward Office Building at Kaligandaki Rural Municipality-06,Khadgakot",12669865.02,Works,NCB,In-Progress
BM/NCB/Works/AWKS/03/082/83,"Bidur Municipality,Nuwakot","Ajingare bata Woda Karyalaya Jane Sadak Staronnati, Bidur 13, Nuwakot",21338377.69,Works,NCB,In-Progress
LIDPOITH/NCB/W/2082-083/14,"Local Infrastructure Developmemt Project Office, Itahari","Construction and Upgrading of Phagu Gaun Todke Jharana Sadak Nirman, Sandakpur Ga. Pa.-4, Mabu, Ilam",22635646.95,Works,NCB,In-Progress
KRM/NCB/Works/Dolakha/07/2082/083,"Kalinchok Rural Municipality, Sunkhani",Upgrading of Yabalkhola Ward Karyalaya Sadak Ward 01,3482548.27,Works,NCB,In-Progress
KRM/NCB/WORKS/09/2081/82,Kanepokhari Rural Municipality,a) Constructon of Asphalt concrete work along Bihari tol to Bohora tol road. b) Approach road construction work at both side of Sitadhap Culvert & construction of drain at west side of dans khola trus,14438223.71,Works,NCB,In-Progress
BM/NCB/Works/TMMS/04/082/83,"Bidur Municipality,Nuwakot",Thulo Gau Maj Gau Hudai Mankamana Niskene Sadak Bidur-5,14389394.0,Works,NCB,In-Progress
LIDPOITH/NCB/W/2082-083/21,"Local Infrastructure Developmemt Project Office, Itahari","Construction and Upgrading of Sandakpur Ga. Pa. ward No. 5 kaaryalay hudai jamuna ghumti danda dekhi dhuwa khola sadak, Ilam",24016747.6,Works,NCB,In-Progress
MKRM/NCB/WORKS/SBMSS/01/2082-83,"Mugum Karmarong Rural Municipality,Pulu Mugu","Construction of academic building first floor of Shree Buddha Namuna Ma.Vi., Mangri ,mugum karmarong Rural Municipality ward -08",5984834.92,Works,NCB,In-Progress
PUDBC/DKT/NCB/WORKS/02/079/080,"Saghan Sahari tatha Bhawan Nirman Aayojana, Dhankuta","Construction of Integrated Urban Infrastructure Development Works in Bhojpur Municipality, Bhojpur",160456290.67,Works,NCB,In-Progress
KRM/NCB/WORKS/2082/2083/03,"Kaligandaki Rural Municipality,Gulmi","Construction of Pakkipul (2 Culvers) at Purano Bazr of Kalignadaki Rural Municipality-05,Phoksing",4132113.42,Works,NCB,In-Progress
BM/NCB/Works/CGSS/01/082/83,"Bidur Municipality,Nuwakot","Chanaute Chaulane Gahate Saungaun Sadak ,Bidur -7",12550095.0,Works,NCB,In-Progress
LIDPOITH/NCB/W/2082-083/23,"Local Infrastructure Developmemt Project Office, Itahari","Construction and Upgrading of Rong Ga. Pa. ward no. 6 Rambhyang hudai dhanidada Salakpur Sadak staronati, Ilam",22917468.0,Works,NCB,In-Progress
LIDPOITH/NCB/W/2082-083/24,"Local Infrastructure Developmemt Project Office, Itahari","Construction and Upgrading of Toribari Daregauda chuli Sadak Khanda, Ilam",23474266.57,Works,NCB,In-Progress
KRM/NCB/WORKS/2082/2083/04,"Kaligandaki Rural Municipality,Gulmi","Construction of Phoksing Ward office Building at Kaligandaki Rural Municipality -05,Phoksing",13742873.06,Works,NCB,In-Progress
KRM/NCB/WORKS/05/081/82,Kanepokhari Rural Municipality,"Construction of Bituminous Road (Asphalt Concrete) along Ramailo Domana Road Section, Pipal Chowk Rate Khola Culvert, Halesi hotel west chauki road, Sukrabare sadhan chowk road section & Gate Kanepokh",26658719.29,Works,NCB,In-Progress
BM/SQ/Works/ILDN/21(Re)/082/83,"Bidur Municipality,Nuwakot","Inarpati Laxminarayan Dharmashala Nirman, Bidur 6",1253680.0,Works,Sealed Quotation,In-Progress
LIDPOITH/NCB/W/2082-083/39,"Local Infrastructure Developmemt Project Office, Itahari","Construction and Upgrading of Chalisbighe, Ghaletole hudai Ashok Phuyal ghar purba Ramailo jane Sadak Kalopatre, Kanepokhari Gaupalika-7,5 & 6, Morang",25094890.25,Works,NCB,In-Progress
KRM/NCB/WORKS/011/2081/82,Kanepokhari Rural Municipality,"Construction of Rural Municipal Executive Administrative Building of Kanepokhari Rural Municipality Kanepokhari, ward no - 05",109770278.73,Works,NCB,In-Progress
PUDBC/DKT/NCB/WORKS/70/080/081,"Saghan Sahari tatha Bhawan Nirman Aayojana, Dhankuta",Integrated Urban Infrastructure Development Works in Shadananda Municipality Bhojpur,98906055.5,Works,NCB,In-Progress
KRM/NCB/WORKS/03/2082/83,Kanepokhari Rural Municipality,Construction of Asphalt pavement on Nursary Dada east Jyamire khola Culvert- Mantri Chowk north Hanuman Chowk east-Shivalaya-Sivalaya mandir Poudel chowk & Mantri chowk north -deurali chowk (upto pitc,25664596.33,Works,NCB,In-Progress
NCB/KRM/2082/2083/01,"Kaligandaki Rural Municipality,Gulmi",Upgrading of Purtighat Bhangakharka Damar Sireni Sadak Kaligandaki-04,10227505.28,Works,NCB,In-Progress
11/RUPA/NCB/WORKS/2081/2082,Rupa Rural Municipality,Construction of Administrative Building of Rupa Rural Municipality,77954209.22,Works,NCB,In-Progress
LIDPOITH/NCB/W/2082-083/03,"Local Infrastructure Developmemt Project Office, Itahari","Construction and Upgrading of Jhapa Gaaupalika 5 Pantapara Chowk-Meche Gaau Hudai 18 Number Junge Pillar Samma Kalopatre Sadak Nirman, Jhapa",22011099.01,Works,NCB,In-Progress
MKRM/NCB/WORKS/RR/02/2082-083,"Mugum Karmarong Rural Municipality,Pulu Mugu","Dhungedhara to Maha Rural Road Upgrading work, Mugum Karmarong Rural Municipality- 7, Maha",3439480.29,Works,NCB,In-Progress
KRM/NCB/WORKS/04/2082/83,Kanepokhari Rural Municipality,"Asphalt road construction work of roads at Kanepokhari ward no 3 to 7 (Construction of Asphalt Road at Bhansabari-Sundarbasti-Bayarban Nursery, Deurali chowk north upto jalakanya chowk, Milan Chowk No",19662791.94,Works,NCB,In-Progress
MKRM/NCB/WORKS/03/2082-083,"Mugum Karmarong Rural Municipality,Pulu Mugu","Baral to Yaklang khaksa foot trail Construction work, Mugum Karmarong Rural Municipality ward-1&4, Mugu",2916730.9,Works,NCB,In-Progress
KRM/NCB/WORKS/05/2082/83,Kanepokhari Rural Municipality,"Construction of Roads at ward no 1 - 7 (PART 1), (Construction of Asphalt Road Putali chowk-Jhulunge Pull Gadda Tole road ward no 1, Dhabi tol- Mahinawari road, ward no 2, Milan Chowk Mangalbare road",52027504.68,Works,NCB,In-Progress
PLRIP/SUPA/W/UG/01/2081-082,"Provincial Project Management Unit, Dhangadi","Construction and Upgrading of Sahajpur - Nigali Road (Chainage 0+000-14+835), Chure Rural Municipality, Kailali",363099235.33,Works,NCB,In-Progress
04/082/83/BSMC/IDD/WORKS/NCB,Butwal Sub-Metropolitan City,Swasthya Kendra Bhawan Nirman Butwal 19,3550877.0,Works,NCB,In-Progress
MM/RCH/WORKS/NCB/08/082/083,Manthali Municipality,Upgrading of Majhgaun Road via Community Building,1925765.9,Works,NCB,Completed
KRM/NCB/WORKS/08/2082/83,Kanepokhari Rural Municipality,"Construction of ward no. 02 & 03 Healthpost Boundary wall & Gate, Kanepokhari Rural Municipaliti-02 & 03",3902980.86,Works,NCB,In-Progress
KRM/NCB/WORKS/09/2082/83,Kanepokhari Rural Municipality,"construction of COMPOUND WALL WORK AT SINGADEVI MA. VI., Kanepokhari ward no - 5, Morang",2987015.84,Works,NCB,In-Progress
KRM/NCB/WORKS/10/2082/83,Kanepokhari Rural Municipality,"Construction of 4 roomed school building at Bal Ma.Vi., Kanepokhari Rural Municipality ward no. 03., Morang",10974329.75,Works,NCB,In-Progress
KRM/NCB/WORKS/11/2082/83,Kanepokhari Rural Municipality,"Construction of Kochini Khola Multicell Culvert., Kanepokhari ward no. 01, Dipo, Hoklabari.,",4793356.75,Works,NCB,In-Progress
KRM/NCB/WORKS/12/2082/83,Kanepokhari Rural Municipality,"Road improvement with drain along Triveni chowk south sauni majhi house culvert, Kanepokhari 04, Morang",3182388.7,Works,NCB,In-Progress
PLRIP/SUPA/W/UG/02/2081-082,"Provincial Project Management Unit, Dhangadi","""Construction and Upgrading of Chandev Bazar-Laljhadi Road (Chainage 0+000- 13+600), Laljhadi Rural Municipality, Kanchanpur""",294643723.3,Works,NCB,In-Progress
MM/RCH/WORKS/NCB/19/081/082,Manthali Municipality,Construction of 9 no. ward office building project,12496570.42,Works,NCB,In-Progress
MM/RCH/WORKS/NCB/15/2081/082,Manthali Municipality,Bal Tamrakaushika basic school building (RCC-2 storey-4 room) construction Project,6035853.65,Works,NCB,Completed
MM/RCH/WORKS/NCB/01/082/083,Manthali Municipality,Sanwadanda-Pashupati-Sikral-Saunepani Road,10599561.78,Works,NCB,In-Progress
MM/RCH/WORKS/NCB/02/082/083,Manthali Municipality,Debitar Phulasi Road,10599393.75,Works,NCB,In-Progress
MM/RCH/WORKS/NCB/03/082/083,Manthali Municipality,"Construction of additional structure in Cold store (Compound wall, guard house, Toilet etc.)",2117833.98,Works,NCB,Completed
MKRM/NCB/GOODS/DWS/04/2082-083,"Mugum Karmarong Rural Municipality,Pulu Mugu","Procurement of Non-Local Construction Materials, Tools and PPE of water Supply Project and Sewerage Project Delivery to roadhead Mugum Karmarong RM-9, Chhai",4489578.99,Goods,NCB,In-Progress
MKRM/NCB/WORKS/SB/07/2082-83,"Mugum Karmarong Rural Municipality,Pulu Mugu","Construction of School Building of Shree Aananda Aadharbhut School, Mugum Karmaorng Rural Municipality word -9 Chemath, Mugu",4805631.43,Works,NCB,In-Progress
MKRM/NCB/GOODS/MEDICINE/O5/2082-83,"Mugum Karmarong Rural Municipality,Pulu Mugu",Procurement and delivery of Medicine and pharmaceutical Products,1092998.51,Goods,NCB,In-Progress
MKRM/NCB/WORKS/SB/08/2082-83,"Mugum Karmarong Rural Municipality,Pulu Mugu","School Building Construction Work for Shree Nepal National Secondary Residential school, Mugum Karmarong RM-3, takha, Mugu",4993745.92,Works,NCB,In-Progress
MM/RCH/WORKS/NCB/04/082/083,Manthali Municipality,Manthali Dalitbasti-Thado Gairo Mathillo Tekanpur Road,1692799.42,Works,NCB,Completed
MM/RCH/WORKS/NCB/05/082/083,Manthali Municipality,kathjorkhola Brihat kulo Nirman yojana,2357451.57,Works,NCB,Completed
IRM/NCB/W-02/PROTECTION/2082/083,"Indrasarowar Rural Municipality, Makawanpur",Sukaura Khola (Khanikhet Area) Protection,3807313.23,Works,NCB,In-Progress
IRM/NCB/W-01/ROADS/2082/083,"Indrasarowar Rural Municipality, Makawanpur",Construction and Improvement of Dewaltar Mauwatar Road Project,4690287.61,Works,NCB,In-Progress
IRM/NCB/W-03/PROTECTION/2082/083,"Indrasarowar Rural Municipality, Makawanpur",Jyamire Batsaladevi Sanutar Daudare Simlephant Kunyutar Protection Work,5058044.8,Works,NCB,Completed
IRM/NCB/W-06/Re-01/ROADS/2082/083,"Indrasarowar Rural Municipality, Makawanpur",Construction and Improvement of Salledanda Road Project Indrasarowar 3,2334630.85,Works,NCB,In-Progress
IRM/NCB/W-05/PROTECTION/2082/083,"Indrasarowar Rural Municipality, Makawanpur",Construction of Mahalaxmi Khola Protection Work Indrasarowar 4,1953714.4,Works,NCB,In-Progress
IRM/NCB/W-08/BUILDING/2082/83,"Indrasarowar Rural Municipality, Makawanpur",Construction of Kalika Ma.Vi. Hostel Building (Ground Floor),5262364.12,Works,NCB,In-Progress
IRM/NCB/W-04/ROADS/2082/083,"Indrasarowar Rural Municipality, Makawanpur",Construction and Improvement of Chaukitol Mahachuni Road Project upto Thaha 9,11325312.68,Works,NCB,In-Progress
IRM/NCB/W-10/FOOTTRAIL/2082/083,"Indrasarowar Rural Municipality, Makawanpur",Construction of Foottrail From Bosidol to Jaleshwor Temple Up to Bhaleshwor,1124423.89,Works,NCB,In-Progress
IRM/NCB/W-11/ROADS/2082/083,"Indrasarowar Rural Municipality, Makawanpur",Construction and improvement of gaupalika bypass road,2923731.29,Works,NCB,In-Progress
GGM/WOKRKS/NCB/02/2082/083,"Gauriganga Municipality, Chaumala Kailali",Bar Pipal Chowk Dekhi Bharat Bista Ko Ghar Samma Sadak Kalopatre,6979602.0,Works,NCB,In-Progress
GGM/WOKRKS/NCB/03/2082/083,"Gauriganga Municipality, Chaumala Kailali",Supariaam Pipal Chowk Dekhi Jayanpur Hudai Masurkhet Aavi Jodne Sadak Kalopatre,9372075.89,Works,NCB,In-Progress
GGM/WOKRKS/NCB/06/2082/083,"Gauriganga Municipality, Chaumala Kailali","Chamaripur Pipal Chautara Dekhi Masuriya Swasthya Kendra Jane sadak kalopatre, Gauriganga 8, kailali",6889351.25,Works,NCB,In-Progress
GGM/WORKS/NCB/07/2082/083,"Gauriganga Municipality, Chaumala Kailali",Wada no tin kaa Chaar Bibhinna Sthaan maa sadak kalopatre,4524696.0,Works,NCB,In-Progress
GGM/WOKRKS/NCB/08/2082/083,"Gauriganga Municipality, Chaumala Kailali",Mahadev Maavi Dakshin Adhuro Sadak Kalopatre ward 9,2212148.0,Works,NCB,Completed
GGM/WORKS/NCB/09/2082/083,"Gauriganga Municipality, Chaumala Kailali","Rajipur Khurkhuriya hudai Masurkhet School dekhi Kailari Ga Pa Jodne Sadak Kalopatre, Gauriganga-04, Kailali",5569333.0,Works,NCB,In-Progress
GGM/WORKS/NCB/10/2082/083,"Gauriganga Municipality, Chaumala Kailali","Gabion Protection Works at Five Different Places of Ward no 7 Gauriganga Municipality, Kailali",3052194.95,Works,NCB,Completed
GGM/WORKS/NCB/11/2082/083,"Gauriganga Municipality, Chaumala Kailali","Purano bazar Paschim tatbandhan nirman ra rajmarga pul dekhi tallo bazar tatbandhan nirman at ward no 2, Gauriganga Municipality, Kailali",1928984.0,Works,NCB,Completed
GGM/WOKRKS/NCB/12/2082/083,"Gauriganga Municipality, Chaumala Kailali","Road Gravelling and Maintenance works at Seven Different Places of Ward no 11 Gauriganga Municipality, Kailali",1545038.25,Works,NCB,Completed
GGM/WOKRKS/NCB/13/2082/083,"Gauriganga Municipality, Chaumala Kailali","Shree Janajriti Maavi ko Pakki Parkhal Gherbaar Nirman, Gauriganga 3 Kailali",2935425.0,Works,NCB,In-Progress
GGM/WOKRKS/NCB/16/2082/083,"Gauriganga Municipality, Chaumala Kailali","Road Gravelling and Maintenance works at four different places of ward 10 Gauriganga Municipality (Betal tole, Jawalpur, sundarpur and Bhagatpur)",1775834.0,Works,NCB,Completed
GGM/WOKRKS/SQ/01/2082/083,"Gauriganga Municipality, Chaumala Kailali","Wada Karyalaya Bhawan maa thap tala Nirman Gauriganga-01, Kailali",1220555.24,Works,Sealed Quotation,Completed
GGM/WORKS/SQ/02/2082/83,"Gauriganga Municipality, Chaumala Kailali",Bato Gravelling,756047.0,Works,Sealed Quotation,Completed
GGM/WORKS/SQ/03/2082/083,"Gauriganga Municipality, Chaumala Kailali","Betal Aa.Bi. ko Adhuro Bhawan Nirman Gauriganga-02, Kailali",1129996.0,Works,Sealed Quotation,Completed
GGM/WORKS/SQ/05/2082/083,"Gauriganga Municipality, Chaumala Kailali","Mahadev Mavi Adhuro Bhawan Nirman Gauriganga-09,",1782851.0,Works,Sealed Quotation,In-Progress
MKRM/WORKS/FOOTTRIAL/NCB/06/082/083,"Mugum Karmarong Rural Municipality,Pulu Mugu",Construction of Tiyarbagar Paralok Hudai Chhyanath Dham Samma Pryatakiya Padmarga Nirman,20570393.71,Works,NCB,In-Progress
GGM/WORKS/SQ/06/2082/083,"Gauriganga Municipality, Chaumala Kailali","kohalpur tatbandhan nirman, wada kaa bibhinna sthaan maa tatbandhan tatha wall nirman, andaiya sthit janajagriti aaviko pachadi tatbandhan nirman",1362317.0,Works,Sealed Quotation,Completed
GGM/WORKS/SQ/08/2082/083,"Gauriganga Municipality, Chaumala Kailali",Siddha baba Aavi dekhi Laligurans Samudayak Ban Jane Bato Gravel tatha Staronnati ra Khurkhuriya Santi Tole maa Gravel,790062.0,Works,Sealed Quotation,Completed
GGM/WORKS/SQ/12/2082/083,"Gauriganga Municipality, Chaumala Kailali",Nagar karypalikako karyalaya Pachhadi Tatbandhan Nirman Tatha Bharan,1559014.0,Works,Sealed Quotation,Completed
05/NCB/AM/BW/2082-083,"Aathabis Municipality, Rakamkarnali Dailekh",Construction of boundary wall and field of Ward No. 6 Ward Office,5619410.48,Works,NCB,In-Progress
GGM/WORKS/NCB/04/2082/083,"Gauriganga Municipality, Chaumala Kailali",Kailali Jilla Gauriganga Nagarpalika Janata aavi hudai khurkhuria supari sadak starronati karya ra Chepkatla Sivir Sadak Kalopatre,3609442.82,Works,NCB,In-Progress
1-MM/KPIL/RD/Works/082/083,Maharajganj Municipality,"Chamershat, Palta, Nanmohara, Udhayepur Siswa Takiwa Sadak Stharunnati",47001391.99,Works,NCB,In-Progress
GGM/WORKS/NCB/03/2081/082,"Gauriganga Municipality, Chaumala Kailali",Salghari Sivir Dekhi purwi jirayat hudai baluwataar samma sadak kaloapatre,3808307.0,Works,NCB,In-Progress
EDD/SKT/W/NCB/26/082-083,"Education development Directorate, Surkhet",Construction of Incomplete R.C.C. Building of Nagarik Karnali Athiti Sewa Griha Birendranagar Municipality Ward -6 Ram Mandir Surkhet,15278693.77,Works,NCB,In-Progress
DDM/NCB/W/03/2082-83,Dharmadevi Municipality,Prashasanik Bhawan Agadi Gabion Nirman,3410629.17,Works,NCB,In-Progress
GGM/WORKS/NCB/05/2082/083,"Gauriganga Municipality, Chaumala Kailali",Bijaya Nagar Tole Raju Rokaya ko Ghar Dekhi Karan Khadka ko ghar ra Bina Tole Manbahadur Bohara ko Ghar Dekhi Bina School Hudai Jaane Sadak Kalopatre,3351160.0,Works,NCB,In-Progress
GGM/WORKS/NCB/ 14/2082/083,"Gauriganga Municipality, Chaumala Kailali","Chaumala Bazar Chowk Dekhi Purano Bazar ward no.2 Jodne Sadak starronati tatha naali nirman Gauriganga-01, kailali",3319713.0,Works,NCB,In-Progress
GGM/WOKRKS/NCB/17/2082/083,"Gauriganga Municipality, Chaumala Kailali",Construction of four (4) Room building at Amar Secondary School,4812852.0,Works,NCB,In-Progress
CRM/ARG/NCB/W/03/082/83,Chhatradev Rural Municipality,"Chhatragunj-Madelchaur-Dhikura Motorable Road Upgrading works, Chhatradev-05 & 07",10018188.29,Works,NCB,In-Progress
2-MM/KPIL/RD/Works/082/083,Maharajganj Municipality,Hulaki Surhaniya Jeetpur Hulaki Sadak Stharunnati,27372422.46,Works,NCB,In-Progress
GGM/WORKS/NCB/18/2082/083,"Gauriganga Municipality, Chaumala Kailali","Construction of four (4) Room building at Kalika Basic level School, Gauriganga-11, Sivpur Kailali",4984334.0,Works,NCB,In-Progress
CRM/ARG/NCB/W/04/082/83,Chhatradev Rural Municipality,Pati Jhirbas Pang Khola Khorati Khola Resunga Municpality Motorable Road Upgrading Works.,2450022.0,Works,NCB,Completed
CRM/ARG/NCB/W/05/082/83,Chhatradev Rural Municipality,"Sheri khola Mathura Gajyang Khola River Training and Embankmen Construction Works, Chhatradev-3, 4, 5 & 6",6801803.3,Works,NCB,In-Progress
CRM/ARG/NCB/W/06/082/83,Chhatradev Rural Municipality,"Arghatosh Bazzar Development Works-Infrastructure Development, Chhatradev-07 & 08",1852073.4,Works,NCB,Completed
04/NCB/AM/IR/2082-083,"Aathabis Municipality, Rakamkarnali Dailekh","Sirubadi Bujed Kalapokhar Sichai Kulo, 03",4760714.8,Works,NCB,In-Progress
9-MM/KPIL/RD/Works/082/083,Maharajganj Municipality,Alga Hardauna Sadak Stharunnati Yojana,5912940.11,Works,NCB,In-Progress
FRM/Sindhuli/Works/NCB/02/082-83,"Fikkal Rural Municipality,","Upgrading of Panchakanya Solpa Bhanjyang Bajhagaun Phikal Paryatan Marga, Phikkal-5",10319369.22,Works,NCB,In-Progress
02/NCB/AM/RD/2082-083,"Aathabis Municipality, Rakamkarnali Dailekh","Mod Madasain Hudai Chhepadi Sadak Stronnati, 07-09",4652574.87,Works,NCB,In-Progress
8-MM/KPIL/RD/Works/082/083,Maharajganj Municipality,Ward Karyalayeko Phul Dhekhi Udhayepur Khadaicha PCC Samma Sadak Stharunnati,4801422.57,Works,NCB,In-Progress
7-MM/KPIL/RD/Works/082/083,Maharajganj Municipality,Bhadra Ma. Vi. Padariya Dhekhi Gaun Hudai Kalimai Mandir Agadi PCC Samma Sadak Stharuunati Yojana,3216313.98,Works,NCB,In-Progress
04/NCB/AM/HP/2082-083,"Aathabis Municipality, Rakamkarnali Dailekh",Swasthya Chauki Bhawan Nirman Aathabis-02,2970268.47,Works,NCB,In-Progress
39/SQ/WORKS/BRM/2082-83,Bijaynagar Rural Municipality,Jagdishpur Pathardeiya Sadak Staronnati,1525385.0,Works,Sealed Quotation,In-Progress
22/SQ/WORKS/BRM/2082-83,Bijaynagar Rural Municipality,"Madhunagar Sasdak Istarunnati, Geduwajoot Kamalkishor ko Ghar Dekhi RamdasArakh Ko Ghar Saama Sadak Istarunnati Ra Lalpur gaun Bhitra Sadak IstarunnatiWard No 7(Ram naresh lohar ko Ghar Dekhi Lal ji K",1500000.0,Works,Sealed Quotation,In-Progress
GGM/WORKS/NCB/19/2082/083,"Gauriganga Municipality, Chaumala Kailali","Shrisha oil Store ko Dakshin Jane Sadak Kalopatre, Gauriganga04, Kailali",2071786.0,Works,NCB,In-Progress
GGM/WORKS/NCB/20/2082/083,"Gauriganga Municipality, Chaumala Kailali",Nagarpalika ko Bibhinna Sthan(11 woda) maa Sadak Marmat Tatha Starronnati Karya,4334022.16,Works,NCB,In-Progress
GGM/WORKS/SQ/04/2082/83,"Gauriganga Municipality, Chaumala Kailali","Krishi Mul Sadak Kalopatre Nirman, ward no 11",1167679.62,Works,Sealed Quotation,In-Progress
GGM/WORKS/SQ/07/2082/083,"Gauriganga Municipality, Chaumala Kailali",Krishna Poudel ko khet najik Chanaura kulo maa Culvert nirman ra Dogana Chaudhary ko ghar najik Chanaura Kulo maa Culvert Nirman,1201092.5,Works,Sealed Quotation,In-Progress
GGM/WORKS/SQ/09/2082/083,"Gauriganga Municipality, Chaumala Kailali",Gidhaniya ma Mohan Chaudhary ko Ghar Dekhi Mathi Rajmarga Jodne Sadak Kalopatre ward no 8,868924.62,Works,Sealed Quotation,In-Progress
GGM/WORKS/SQ/10/2082/083,"Gauriganga Municipality, Chaumala Kailali",Aambari sadakko adhuro naali nirman ra suseli boarding agaadi bato marmat,960083.01,Works,Sealed Quotation,In-Progress
03/SQ/AM/G/2082-083,"Aathabis Municipality, Rakamkarnali Dailekh",Aadharbhbut Tatha Aakasmik Swasthya Sewa Ko Lagi Aausadi Kharid,866731.02,Goods,Sealed Quotation,Completed
01/SQ/AM/G/2082-083,"Aathabis Municipality, Rakamkarnali Dailekh",Aadharbhut Tatha Aakasmik Swasthyta Sewa Ko Lagi Aausadi Kharid,1301958.99,Goods,Sealed Quotation,Completed
02/SQ/AM/G/2082-083,"Aathabis Municipality, Rakamkarnali Dailekh",Supply and Delivery of Stationary Item for Aathabis Municipality ( Furniture and Office Supplies),833693.66,Goods,Sealed Quotation,Completed
GGM/WORKS/SQ/11/2082/083,"Gauriganga Municipality, Chaumala Kailali",Mohanyal Bidhya Mavi ko Pachadi Pakki Naali Nirman ra Mohanyal Mavi ko purwa patti pahal Chand ko ghar jane batomaa Check dam Nirman Karya,1077047.64,Works,Sealed Quotation,In-Progress
OIRM/GUL/NCB/GOODS/082/83-01,"Office of Ishma Rural Municipality, Gulmi",Ek Ghar Ek Dhara Isma Gaupalika,1839001.55,Goods,NCB,Completed
NCB/ORM.WORKS/06/2082-83,Omsatiya Rural Municipality,"Construction of Health Post,Omsatiya-03",2089936.69,Works,NCB,Completed
NCB/ORM.WORKS/07/2082-83,Omsatiya Rural Municipality,"Construction of Toilet and school building at omsatiya primary school and community building at piprahiya ,Omsatiya 05",2236089.85,Works,NCB,Completed
03/NCB/AM/RT/2082-083,"Aathabis Municipality, Rakamkarnali Dailekh",Sidure Aam Dekhi Dipendra Pra. Vi. Samma Tatbandan Nirman Aathabis- 04,4757715.0,Works,NCB,Completed
OIRM/GUL/NCB/WORKS/082/83-02,"Office of Ishma Rural Municipality, Gulmi",Gaupalika Dekhi Maidan Sadak Khanda Staronnati (2.3 Km),19907006.94,Works,NCB,Completed
NCB/ORM.WORKS/08/2082-83,Omsatiya Rural Municipality,Construction of main adminstrative office building of omsatiya rural municipality,62127930.3,Works,NCB,In-Progress
OIRM/GUL/NCB/WORKS/082/83-03,"Office of Ishma Rural Municipality, Gulmi","Darindhunga Sirara Arje Pauwa Mo. Ba. Staronnati, Isma Gaupalika 5, Gulmi",2404388.8,Works,NCB,Completed
NCB/ORM.WORKS/09/2082-83,Omsatiya Rural Municipality,"construction of khop kendra , kriputri bhawan, pratikshyalaya swochcha khanepaani kaa lagi dhara jadan and Fantak nirman for gonaiya irrigation project omsatiya 4",2213466.6,Works,NCB,In-Progress
6-MM/KPIL/RD/Works/082/083,Maharajganj Municipality,Santinagar Dhekhi Sivbhari Culvert Samma Sadak Stharunnati Yojana,17134568.75,Works,NCB,In-Progress
01/SQ/AM/W/2082-083,"Aathabis Municipality, Rakamkarnali Dailekh",Nagarpalika Ko Karyalaya Ma Sauchalaya Ra Khanepani Nirman.,1784856.79,Works,Sealed Quotation,Completed
OIRM/GUL/SQ/GOODS/082/83-04,"Office of Ishma Rural Municipality, Gulmi",Procurement and Supply of Medical Items For Isma Rural Municipality,706233.29,Goods,Sealed Quotation,Completed
GGM/WORK/SQ/14/2082/083,"Gauriganga Municipality, Chaumala Kailali",Judhiya Taal Sanrakshan Tatha Paryatan Prawardan ward no 4,1490492.0,Works,NCB,In-Progress
NCB/ORM.WORKS/10/2082-83,Omsatiya Rural Municipality,Construction of Road from prasauni village to dasarath janata ma.vi. omsatiya 04 rupandehi.,2780079.11,Works,NCB,In-Progress
GGM/WORKS/SQ/15/2082/083,"Gauriganga Municipality, Chaumala Kailali",jamunaghari tole dekhi srinagar jane baato maa culvert nirman,1113118.41,Works,Sealed Quotation,In-Progress
SRM/NCB/W/01/2082/083,Sailung Rural Municipality,Bhaise Paiti Adherikhola Sadak,1273737.44,Works,NCB,Completed
GGM/WORKS/SQ/16/2082/083,"Gauriganga Municipality, Chaumala Kailali",Mahendra Rajmarga Dekhi Jamunaghari Tole Sadak Staronnati ward no 4,584605.0,Works,Sealed Quotation,In-Progress
SQ/ORM/WORKS/01/2082-83,Omsatiya Rural Municipality,Construction of Pathkhauli Health Post Omsatiya-05,1260326.03,Works,Sealed Quotation,In-Progress
5-MM/KPIL/MED/GOODS/082/083,Maharajganj Municipality,Adharbhut Tatha Akasmik Swasthe Sewa ko laagi Aushadhi Kharid,2896319.88,Goods,NCB,Completed
SRM/NCB/W/03/03/2082/083,Sailung Rural Municipality,Padekhani Paiti Bhalushwara Sadak,887906.3,Works,NCB,Completed
SQ/ORM/WORKS/02/2082-83,Omsatiya Rural Municipality,Construction of community hall omsatiya 5,1176475.73,Works,NCB,Completed
10-MM/KPIL/RD/Works/082/083,Maharajganj Municipality,Chohatta Gaunko Daschin Dhekhi Dudura Sammako Sadak Stharunnati,1938821.84,Works,NCB,Completed
SQ/ORM.WORKS/03/2082-83,Omsatiya Rural Municipality,"Construction Birthing ceneter Building at Basantapur PHC, Omsatiya 4",1245039.22,Works,Sealed Quotation,Completed
SRM/NCB/W/05/2082/083,Sailung Rural Municipality,Bhaise Jhor Managaun Sadak,1855436.54,Works,NCB,In-Progress
SQ/ORM/WORKS/04/2082-83,Omsatiya Rural Municipality,Construction of Asarfi Jame Masjid Omsatiya 4 at main Road Danda Pul balapur,778041.1,Works,Sealed Quotation,In-Progress
SRM/NCB/W/06/2082/083,Sailung Rural Municipality,Sarpakhola Kuwa Sadak,901177.25,Works,NCB,Completed
SQ/ORM/WORKS/05/2082-83,Omsatiya Rural Municipality,"Construction of PCC from Gunbahadur house to kamal kunwar house at Thulobalapur ,Omsatiya 4",1204561.98,Works,Sealed Quotation,Completed
SRM/NCB/W/08/2082/083,Sailung Rural Municipality,Botle Samudayik Bhawan,735464.22,Works,NCB,Completed
SRM/NCB/W/09/2082/083,Sailung Rural Municipality,Wada Karyalaya Bhautik Byabasthapan,1847576.84,Works,NCB,In-Progress
SQ/ORM/WORKS/06/2082-83,Omsatiya Rural Municipality,Construction Event Stage and PCC Road at Ward 4,1582958.39,Works,Sealed Quotation,In-Progress
SRM/NCB/W/10/2082/083,Sailung Rural Municipality,Dahal gaun Laptantole Sadak,693310.36,Works,NCB,Completed
SQ/ORM/WORKS/07/2082-83,Omsatiya Rural Municipality,"Construction of Gate ,Waiting Shed at Satiyamai temple and PCC with drain at different Village at ward No 5",1158446.54,Works,Sealed Quotation,In-Progress
SRM/NCB/W/11/2082/083,Sailung Rural Municipality,Krishi Upaj Sankalan Kendra Bhawan Nirman,1048570.24,Works,NCB,In-Progress
FUDBC/Morang/Works/NCB/57-2082-083,"Federal Urban Development and Building Construction Office, Morang","""Construction of School Building at Suryakund Basic School, Barahkshetra Municipality -01, Suryakund, Sunsari""",25227472.89,Works,NCB,In-Progress
SQ/ORM/WORKS/08/2082-83,Omsatiya Rural Municipality,Construction of PCC Road at Shrijanshil Tole Omsatiya 02,916397.13,Works,Sealed Quotation,In-Progress
SRM/NCB/W/12/2082/083,Sailung Rural Municipality,Hulake Sadak Lambai Gaun Pasne Sadak,3567709.6,Works,NCB,In-Progress
SRM/NCB/W/13/2082/083,Sailung Rural Municipality,Sharada Mabi Bhautik Byabasthapan,841196.57,Works,NCB,Completed
OIRM/GUL/NCB/ADV/082/83-05,"Office of Ishma Rural Municipality, Gulmi",F/Y 2082/2083 Ko Lagi Isma Gaupalika ko Suchana Prakasan (Rastriya Star Ko Dainik Patrika),1015.0,Goods,NCB,Completed
FRM/Sindhuli/Works/NCB/10/082-83,"Fikkal Rural Municipality,","Construction of Jhagare Lift Sichai Karmagat, Phikkal-5",11952339.06,Works,NCB,In-Progress
GGM/WORKS/NCB/C2/2081/082,"Gauriganga Municipality, Chaumala Kailali","Blacktopping works at different ward 2,4,10 within Gauriganga Municipality",5354947.97,Works,NCB,Completed
OIRM/GUL/NCB/WORKS/082/83-06,"Office of Ishma Rural Municipality, Gulmi","Saichik Sudhar ra Purvadharko Nimti Isma Gaupalika ka Vidhyalaya Gherabar, Parkhal Nirman ra Digital Board",7287537.95,Works,NCB,Completed
FRM/Sindhuli/Goods/SQ/05/082-83,"Fikkal Rural Municipality,",Procurement of Steel Parts Fabrication and supply up to site of Siurebangtar Trail Bridge,1263623.87,Goods,Sealed Quotation,In-Progress
GGM/WORKS/NCB/04/2081/083,"Gauriganga Municipality, Chaumala Kailali",Rajipur Buddhi Bhusal ko ghar dekhi khurkhuriya hudai gadariya samma Sadak Kalopatre,13045452.0,Works,NCB,Completed
GGM/WORKS/NCB/01/2081/082,"Gauriganga Municipality, Chaumala Kailali",Samaj Sewa samiti chowk dekhi amar khatri ko ghar samma sadak kaloaptre,7922718.0,Works,NCB,Completed
GGM/WORKS/NCB/02/2081/082,"Gauriganga Municipality, Chaumala Kailali",Rajipur Khurkhuriya Masurkhrt school dekhi Kailari Gaapa Jodne sadak kalopatre,5182692.0,Works,NCB,Completed
FRM/Sindhuli/Works/NCB/06/082-83,"Fikkal Rural Municipality,",Upgrading of Lumti-Chanaute-Mahadevdada Road,19744138.5,Works,NCB,In-Progress
GGM/WORKS/NCB/04/2081/082,"Gauriganga Municipality, Chaumala Kailali",Chamaripur Pipal Chautara Dekhi Masuriya swasthya kendra jane sadak kalopatre,5368083.0,Works,NCB,Completed
FRM/Sindhuli/Goods/SQ/03/082-83,"Fikkal Rural Municipality,",Supply and Delivery of Sanitary Pads.,586323.1,Goods,Sealed Quotation,Completed
GGM/WORKS/NCB/C1/2081/082,"Gauriganga Municipality, Chaumala Kailali","Road Blacktopping works at ward 3,6 within Gauriganga Municipality",5176128.0,Works,NCB,Completed
FRM/Sindhuli/Goods/SQ/04/082-83,"Fikkal Rural Municipality,",Supply and Delivery of Gravity Water Filter and Dustbin.,1097376.9,Goods,Sealed Quotation,Completed
GGM/WORKS/NCB/07/2081/082,"Gauriganga Municipality, Chaumala Kailali",Supply Delivery and Installation of 16 m height highmast light set at different site of Gauriganga Municipality,2639538.89,Works,NCB,In-Progress
FRM/Sindhuli/Goods/NCB/01/082-83,"Fikkal Rural Municipality,",Supply and Delivery of HDPE Pipes.,1426276.96,Goods,NCB,Completed
GGM/WORKS/NCB/08/2081/082,"Gauriganga Municipality, Chaumala Kailali",Kedareshwor Aavi two storey four room school building construction works,9386585.0,Works,NCB,In-Progress
GGM/WORKS/NCB/09/2081/082,"Gauriganga Municipality, Chaumala Kailali",Kaalika Mavi two storey four room school building construction works,7058967.0,Works,NCB,In-Progress
FRM/Sindhuli/Goods/SQ/01/082-83,"Fikkal Rural Municipality,",Supply and Delivery of Medicines and Surgical Items.,943573.73,Goods,Sealed Quotation,Completed
FUDBC/Morang/Works/NCB/25-2082-084,"Federal Urban Development and Building Construction Office, Morang","Construction and Upgradation of Road works from Inaruwa municipality 2 Radhakrishna mandir chowk east-south way inaruwa-10 Jalpapur to Gautampur, Sunsari",22743114.5,Works,NCB,In-Progress
GGM/WORKS/NCB/10/2081/082,"Gauriganga Municipality, Chaumala Kailali",Janajagriti Aavi two storey four room school building construction works,8195927.0,Works,NCB,In-Progress
GGM/WORKS/NCB/11/2081/082,"Gauriganga Municipality, Chaumala Kailali",Saraswati Maavi two storey four room school building construction works,8262568.8,Works,NCB,In-Progress
CRM/ARG/NCB/G/07/082/83,Chhatradev Rural Municipality,Supply and Delivery of Hybrid Maize Seed (CP 808),2097018.0,Goods,NCB,Completed
GGM/WORKS/NCB/12/2081/082,"Gauriganga Municipality, Chaumala Kailali",Maalika Maavi Chaumala Maa Chaar Kothe Vawan Nirman Kaarya,4675843.44,Works,NCB,In-Progress
GGM/WORKS/NCB/13/2081/82,"Gauriganga Municipality, Chaumala Kailali",Khaptad Bahumukhi Campus Maa Savahall Nirman Kaarya,3936604.88,Works,NCB,In-Progress
GGM/WORKS/SQ/26/2081/082,"Gauriganga Municipality, Chaumala Kailali",Furniture Construction works for the municipal assembly hall and the executive hall decorations,1237814.87,Works,Sealed Quotation,In-Progress
FRM/Sindhuli/Goods/SQ/02/082-83,"Fikkal Rural Municipality,","Supply and Delivery of Desktop, Laptop, Printer and Tab for Phikkal Rural Municipality and School.",1248085.0,Goods,Sealed Quotation,Completed
CRM/ARG/NCB/W/07/082/83,Chhatradev Rural Municipality,Ward No 7 Baigaun Madelchaur Motorable Road Upgrading works,2856234.45,Works,NCB,In-Progress
FUDBC/Morang/Works/NCB/28-2082-087,"Federal Urban Development and Building Construction Office, Morang","Construction and Upgradation of Road works in Inaruwa Municipality-7 Brachhuwa Nahar, Chanbela Bhansari Mai to Khanar, Sunsari",22003418.76,Works,NCB,In-Progress
FUDBC/Morang/Works/NCB/29-2082-088,"Federal Urban Development and Building Construction Office, Morang",Construction and Upgradation of Road and drain work in Biratnagar Metropolitan city-18 from Kalabanjar tole to Satsang,24780868.36,Works,NCB,In-Progress
GGM/GOODS/NCB/04/2081/082,"Gauriganga Municipality, Chaumala Kailali",Procurement of Fabricated Steel Part for Kandra Bhagwanpur Suspension Bridge,1662473.54,Goods,NCB,Completed
BM/SQ/Works/TNT/14(Re)/082/83,"Bidur Municipality,Nuwakot",Om Construction,542130.48,Works,Sealed Quotation,In-Progress
GGM/WORKS/SQ/05/2081/082,"Gauriganga Municipality, Chaumala Kailali",Culvert Construction work at Badhaipur Sivir,696604.0,Works,Sealed Quotation,Completed
BM/SQ/Works/RFPN/15(Re)/082/83,"Bidur Municipality,Nuwakot",Riverside Fun Park Nirman Bidur 10,776104.71,Works,Sealed Quotation,In-Progress
FUDBC/Morang/Works/NCB/30-2082-089,"Federal Urban Development and Building Construction Office, Morang","Constructiona and Upgradation of different road section in Biratnagar Metropolitan city-14, Morang",21982204.71,Works,NCB,In-Progress
BM/SQ/Works/PKY/10(Re)/082/83,"Bidur Municipality,Nuwakot","Pipaltar Khanepani Yojana, Bidur 9",733651.46,Works,Sealed Quotation,In-Progress
BM/SQ/Works/SMBS/09(Re)/082/83,"Bidur Municipality,Nuwakot","School dekhi Manmohan Bisramsthal Sadak, Bidur 10",699674.0,Works,Sealed Quotation,In-Progress
FUDBC/Morang/Works/NCB/31-2082-090,"Federal Urban Development and Building Construction Office, Morang",Construction and Upgradation of Drain and Road work from East-West of Kabitole at Biratnagar Metropolitan city-14,22171718.59,Works,NCB,In-Progress
BM/SQ/Works/ACIST/02(Re)/082/83,"Bidur Municipality,Nuwakot","Aamako Maya Chaatrabaas istrunnati shivalaya tole,Bidur-2",755513.0,Works,Sealed Quotation,In-Progress
IDOKAVRE/W/NCB/49/080/081,Infrastructure Development Office Kavrepalanchok,"Upgrading works of Kathmandu Kattike Churithumka Sipaghat Chautara Balefi Road ( Kavre Section), Mandandeupur Municipality, Chainage: 2+000 to 14+571",245083610.0,Works,NCB,In-Progress
IDOKAVRE/W/NCB/51/081/82,Infrastructure Development Office Kavrepalanchok,"Upgrading Works on Janamukti Marga (Pingthali Bhumichuli Section), Roshi Rural Municipality.",33418644.75,Works,NCB,In-Progress
27/NCB/TM/W/2082-83,"Tokha Municipality, Office of the Municipal Executive","Gairigaun Bhitri Sadak Istarunnati Ra Pani Factory Dekhi Sundarbasti samma Sadak Istarunnati, ward no-8",3179007.44,Works,NCB,In-Progress
SRM/NCB/W/15/2082/083,Sailung Rural Municipality,Bagkhor Porsab 2 no wada karyalaya sadak,9669985.74,Works,NCB,In-Progress
SRM/NCB/W/16/2082/083,Sailung Rural Municipality,Juge Dudhpokhari Kallabari Dase Khola Sadak,10362840.21,Works,NCB,In-Progress
SRM/NCB/W/17/2082/083,Sailung Rural Municipality,Deurali Kanle Sichai Yojana,1719768.71,Works,NCB,In-Progress
SRM/NCB/W/18/2082/083,Sailung Rural Municipality,Okharbot Katakuti Sichai Aayojana,11142214.03,Works,NCB,In-Progress
SRM/NCB/W/19/2082/083,Sailung Rural Municipality,Deurali Bagkhor Hudai 2 no wada karyalaya jane sadak Staronnati,3084944.98,Works,NCB,In-Progress
SRM/NCB/W/20/2082/083,Sailung Rural Municipality,Bhwangparne Dursa Sanrakshan Tatha Nirman,776362.26,Works,NCB,In-Progress
SRM/NCB/W/21/2082/083,Sailung Rural Municipality,Phasku Khanepani Aayojana,4202502.61,Works,NCB,In-Progress
SRM/NCB/W/22/2082/083,Sailung Rural Municipality,Khusmane Bi Ka Tole Botle BHurunga Gochet Khanepani Aayojana,6129995.58,Works,NCB,In-Progress
SRM/NCB/W/24/2082/083,Sailung Rural Municipality,Shailung Aadharbhut Swsthya Sewa Kendra(Proposed Shailung Hospital),9815417.27,Works,NCB,In-Progress
SRM/NCB/W/25/2082/083,Sailung Rural Municipality,Dharman Chhoiling Gumba,1453846.27,Works,NCB,In-Progress
GGM/GOODS/SQ/05/2081/082,"Gauriganga Municipality, Chaumala Kailali",Procurement of Humepipe of Different Sizes at Gauriganga Municipality,557090.0,Goods,Sealed Quotation,Completed
BM/SQ/Works/NTSP/16(Re)/082/83,"Bidur Municipality,Nuwakot","Nepal Tibet Sandhi Park Nirman Yojana, Bidur 10",1157494.0,Works,Sealed Quotation,In-Progress
BM/SQ/Works/BNSB/11(Re)/082/83,"Bidur Municipality,Nuwakot","Bandre bata Nuwakot jane Sidhi Bato Nirman Karya, Bidur 1",1446560.0,Works,Sealed Quotation,In-Progress
BM/SQ/Works/PANSS/06(Re)/082/83,"Bidur Municipality,Nuwakot","Pusuntar Aamchaur Nibuwachaur Jane Sadak Staronnati Karya, Bidur 3",494355.09,Works,Sealed Quotation,In-Progress
BM/SQ/Works/BSSK/03(Re)/082/83,"Bidur Municipality,Nuwakot","Bhairamkot Sahari Swasthya Kendra Sudhridikaran, Bidur 8",720533.0,Works,Sealed Quotation,In-Progress
GGM/WORKS/NCB/13/2078/79,"Gauriganga Municipality, Chaumala Kailali","Ward Karyalaya Jane Sadak Kalopatre Gauriganga-04, Kailali",2031069.33,Works,NCB,In-Progress
BM/SQ/Works/RMBS/08(Re)/082/83,"Bidur Municipality,Nuwakot","Radhakrishna Mandir Bhitra Bhawan Staronnati Karya, Bidur 9",844736.44,Works,Sealed Quotation,In-Progress
PRM/NCB/ROAD/13/082-083,"Panchakanya Rural Municipality, Nuwakot",Upgrading work of Kalchhe Thanti Kahakala Road,2294224.08,Works,NCB,Completed
BM/SQ/Works/KKSS/13(Re)/082/83,"Bidur Municipality,Nuwakot","Keurini Khinchet Sadak Staronnati, Bidur 8",776172.0,Works,Sealed Quotation,Completed
PRM/ROAD/02/082-083,"Panchakanya Rural Municipality, Nuwakot",Blacktopping work Of Ghalebhanjyang Dekhi Gaunpalika Office samma Road,8758832.74,Works,NCB,In-Progress
11-MM/KPIL/RD/Works/082/083,Maharajganj Municipality,Shivbhari Culvert ko Dachin Dhekhi Bharat Simana Samma Sadak Stharunnati,23089556.16,Works,NCB,In-Progress
PRM /DWS/03/082-083,"Panchakanya Rural Municipality, Nuwakot","Sahid smarak paryatakiya park tatha khelmaidan ra aaspaska bastiharuma brihat khanepani yojana , panchakanya-4",4612377.3,Works,NCB,In-Progress
PRM/GOODS/04/082-083,"Panchakanya Rural Municipality, Nuwakot",Supply and delivery of Veterinary Medicines for panchakanya rural municipality,469090.0,Goods,NCB,Completed
PRM/GOODS/05/082-083,"Panchakanya Rural Municipality, Nuwakot",Procurement of supply and delivery of Medicines for Basic and Emergency Health Services,697350.7,Goods,NCB,Completed
PRM/ROAD/06/082-083,"Panchakanya Rural Municipality, Nuwakot","Upgrading work of Budhisera -Phurkesalla - Newarpani-Soramane Hudai Gaupalika Karyalaya jodne Sadak, Ward no 5",11572051.92,Works,NCB,In-Progress
PRM/DW/07/082-083,"Panchakanya Rural Municipality, Nuwakot","Sahid smarak paryatakiya park tatha khelmaidanko lagi khanepani bybasthapan, Ward no 4",2471394.93,Works,NCB,Completed
PRM/DW/08/082-083,"Panchakanya Rural Municipality, Nuwakot","Purano gaunpalikako karyalaya, ilaka prahari karyalaya, Panchakanya dush shaiyako aspatal, Purano prahari chauki tolema khanepani, Ward no 3",3147267.22,Works,NCB,In-Progress
BM/NCB/Works/BCPS/13/082/83,"Bidur Municipality,Nuwakot","Building Construction of Prithvi Secondary School, Bidur 4",4423312.95,Works,NCB,In-Progress
BM/W/NCB/082/083/02,Besisahar Municipality,Bhotephant-Khasurbesi-Khasur Road Upgrading Works,6252970.04,Works,NCB,Completed
PRM/ROAD/09/082-083,"Panchakanya Rural Municipality, Nuwakot","Upgrading work Of Todkebhanjyang Mangala Ma.Vi Satbise Road, Ward no 4",10665070.93,Works,NCB,In-Progress
BM/W/NCB/082/083/01,Besisahar Municipality,CONSTRUCTION OF ROADS UNDER PACKAGE (Besishahar Municipality ward 8 to 10 Road & Bhachok Khola to Khanche Road),5516450.48,Works,NCB,In-Progress
BM/NCB/Works/RPP/15/082/83,"Bidur Municipality,Nuwakot","Road Package (9 Roads) Rigid Pavement at Bidur 5, Nuwakot",4400214.0,Works,NCB,In-Progress
BM/SQ/Works/SSKS/01/082/83,"Bidur Municipality,Nuwakot","Sahari Swasthya Kendra Sudridhikran, Bidur 4, Nuwakot",988882.0,Works,Sealed Quotation,In-Progress
BM/SQ/Works/TKNS/07(Re)/082/83,"Bidur Municipality,Nuwakot","Tarkari Sankalan Kendra Hudai Nuwakot Jodne Bato Staronnati Karya, Bidur 2",572098.9,Works,Sealed Quotation,In-Progress
BIP/NCB/P115/078/79,"Babai Irrigation Project, Baidi, Bardiya","Construction of different canal associated structures in Majhara, Budhan and S-5 canal system, Barbardiya Nagarpalika ward no.1, 2, 3, 4 and 8",52100145.0,Works,NCB,In-Progress
BM/SQ/Works/CKMS/12(Re)/082/83,"Bidur Municipality,Nuwakot","Chinne dekhi Khanigaaun Niskane Motarbaato Staronnati, Bidur-10.",610072.0,Works,Sealed Quotation,In-Progress
BM/SQ/Works/KKSS/04/082/83,"Bidur Municipality,Nuwakot",Kutiko Chautaaro dekhi Krishna Mandir jodne Sadak Staronnati,987612.0,Works,Sealed Quotation,Completed
BM/NCB/Works/BSPS/12/082/83,"Bidur Municipality,Nuwakot",Nuwakot Jilla Bidur 8 Hattigauda Shree Bhairum Madhyamik Bidhyalaya Parisarma Purwadhar Staronnati Karya,1693595.0,Works,NCB,In-Progress
01-01-082-83-NCBW-HRM,Helambu Rural Municipality,"Construction of compound infrastructure at Helambu Bodhisattva Model School, Helambu-06",2291027.07,Works,NCB,Completed
MMSI/WORKS/NCB/2082-83/15,Melamchi Municipality Office,Construction of Integrated Tourism Infrastructure at Bhotechaur,12441926.84,Works,NCB,In-Progress
JRM/WORK/NCB/01/2082/83,Jantedhunga Rural Municipality,Gaunpalika Jane Bato Dhalan,5913734.27,Works,NCB,Completed
JRM/WORKS/NCB/01/2082/83,Jantedhunga Rural Municipality,Gaunpalika Jane Bato Dhalan,5913734.27,Works,NCB,In-Progress
JRM/WORK/NCB/02/2082/83,Jantedhunga Rural Municipality,Chisapani Bajar Dhalan,10442033.05,Works,NCB,In-Progress
JRM/WORK/NCB/04/2082/83,Jantedhunga Rural Municipality,Jantedhunga Gaunpalika Khanepani Aayojana-04,11133352.49,Works,NCB,In-Progress
JRM/WORK/NCB/05/2082/83,Jantedhunga Rural Municipality,Pakki Bhawan Mathi Truss Chhana Sahit(Shiksha Niketan ra Shiksha Jyoti Ma. Bi.) Ward No.-1,1364613.69,Works,NCB,In-Progress
JRM/WORK/NCB/03/2082/83,Jantedhunga Rural Municipality,Gaunpalika Prashaskiya Bhawanma Truss Sahit Hall Nirman,2176465.08,Works,NCB,In-Progress
JRM/WORK/NCB/06/2082/83,Jantedhunga Rural Municipality,Gaunpalika Sauchalaya Nirman Ra Porano Bhawan Marmat Sahit Kosheli Ghar Sampanna,2702670.03,Works,NCB,In-Progress
JRM/GOOD/NCB/01/2082/83,Jantedhunga Rural Municipality,Phusko Chhano Visthapan Karyakram,7760936.27,Goods,NCB,Completed
PRM/NCB/G/10/082-083,"Panchakanya Rural Municipality, Nuwakot",Supply and Delivery of HDPE Pipe (PE-100) -(Confirming to NS 40:2079) for Panchakanya Rural Municipality,1849424.8,Goods,NCB,Completed
PRM/NCB/BLDG/11/082-83,"Panchakanya Rural Municipality, Nuwakot",Construction Work of 1 & 5 Ward Office Building,5690906.15,Works,NCB,In-Progress
PRM/NCB/ROAD/12/082-083,"Panchakanya Rural Municipality, Nuwakot",Upgrading work of Salghari Kankeshwori Road,1826256.95,Works,NCB,In-Progress
PRM/NCB/BLDG/14/082-083-Re,"Panchakanya Rural Municipality, Nuwakot","Bhadrutar Swasthya Chauki Sudhridikaran, Panchakanya-05, Re",894554.04,Works,NCB,In-Progress
PRM/NCB/DW/15/082-083,"Panchakanya Rural Municipality, Nuwakot","Bangesingh Muhan Dadathok Thatibhanjyang Khanepani Aayojana, Panchakanya-02",2287859.43,Works,NCB,In-Progress
IDO/TPJ/WORKS/ROAD/SQ-02/082/83,"Infrastructure Development Office, Taplejung, Koshi Province","Improvement of Lapsibote-Malbanse-Devithan Road, Aathrai Tribeni Rural Municipality-04, Taplejung",462582.26,Works,Sealed Quotation,Completed
IDO/TPJ/WORKS/ROAD/SQ-03/082/83,"Infrastructure Development Office, Taplejung, Koshi Province","Improvement of Adhere-Aarubore-Chauki Danda Road, Aathrai Tribeni Rural Municipality-02, Phulbari, Taplejung",594042.0,Works,Sealed Quotation,Completed
IDO/TPJ/WORKS/ROAD/SQ-04/082/83,"Infrastructure Development Office, Taplejung, Koshi Province","Improvement of Sirise-Satighat Road, Aathrai Tribeni Rural Municipality-05, Taplejung",553273.63,Works,Sealed Quotation,Completed
IDO/TPJ/WORKS/ROAD/SQ-05/082/83,"Infrastructure Development Office, Taplejung, Koshi Province","Improvement of Thupejung Danda-Juketar-Nagi Danda Road, Aathrai Tribeni Rural Municipality-03, Taplejung",647188.16,Works,Sealed Quotation,Completed
IDO/TPJ/WORKS/ROAD/SQ-06/082/83,"Infrastructure Development Office, Taplejung, Koshi Province","Improvement of Sabik Hangpang -02-Khopi Ram Bahadur Gharmuni Dobato Bagdwar-Transfer-Lovek-Thuli Taar-Deurali Road, Aathrai Tribeni Rural Municipality, Taplejung",603204.04,Works,Sealed Quotation,Completed
IDO/TPJ/WORKS/BUILDING/SQ-07/082/83,"Infrastructure Development Office, Taplejung, Koshi Province","Change Aadarsh Shaikshik Pratisthan Bhawan Nirman, Aathrai Tribeni Rural Municipality-05, Taplejung",580415.33,Works,Sealed Quotation,Completed
IDO/TPJ/WORKS/ROAD/SQ-08/082/83,"Infrastructure Development Office, Taplejung, Koshi Province","Improvement of Sinam Panchami-Sinam Bahumukhi Campus Road, Sirijangha Rural Municipality-04, Taplejung",504207.0,Works,Sealed Quotation,Completed
GMO/W/NCB/R/1/082-083,"Gauradaha Municipality, Office of the Municipal Executive,Gauradaha,Jhapa,Koshi Province, Nepal","CONSTRUCTION OF BLACKTOP ROAD ALONG ARJUNDEV RAI-PIPAL CHOWK-SITAPURI-GAURADAHA REDCROSS ,GAURADAHA-01,JHAPA,NEPAL",18253042.6,Works,NCB,In-Progress
GMO/W/NCB/R/2/082-083,"Gauradaha Municipality, Office of the Municipal Executive,Gauradaha,Jhapa,Koshi Province, Nepal","CONSTRUCTION OF BLACKTOP ROAD AND OTHER STRUCTURES ALONG HIMAL CHOWK-HANSKHORA-MADAL DADA-DALHU ,GAURADAHA-02,JHAPA,NEPAL",18953752.77,Works,NCB,In-Progress
GMO/W/NCB/R/3/082-083,"Gauradaha Municipality, Office of the Municipal Executive,Gauradaha,Jhapa,Koshi Province, Nepal","CONSTRUCTION OF BLACKTOP ROAD ALONG DHIMDHIME LAXMI SUBEDI-EAST AND JAY BAHADUR ADHIKARI'S HOUSE-GANGARAM BHANDARI'S HOUSE ,GAURADAHA-03,JHAPA,NEPAL",24293584.73,Works,NCB,In-Progress
GMO/W/NCB/R/4/082-083,"Gauradaha Municipality, Office of the Municipal Executive,Gauradaha,Jhapa,Koshi Province, Nepal","CONSTRUCTION OF BLACKTOP ROAD ALONG BAIRATI ROAD W-8,JHOLUNGE PUL ROAD W-7, NO.19 NAHAR ROAD W-9 ,GAURADAHA-7,8, 9,JHAPA,NEPAL",28131056.7,Works,NCB,In-Progress
GMO/W/NCB/B/2/082-083,"Gauradaha Municipality, Office of the Municipal Executive,Gauradaha,Jhapa,Koshi Province, Nepal","“ CONSTRUCTION OF NAMUNA EKIKRIT AWASH BASTI BIKASH FOR LOPONMUKH,BIPANNA, SIMANTAKRIT TATHA DALIT SAMUDAYA ,GAURADAHA WARD NO 1 TO 9 ,JHAPA NEPAL.”",25872920.0,Works,NCB,In-Progress
BM/W/NCB/082/083/03,Besisahar Municipality,BIPI SMRITI BHAWAN Construction/Finishing Works,4711202.6,Works,NCB,In-Progress
BM/W/NCB/082/083/04,Besisahar Municipality,Construction/Upgrading of Roads Under Package (Ranikuwa Gausahar Nalma to Laxmibazar Road),5289484.9,Works,NCB,Completed
imoilam/ncb/work/7-2082/83,"Ilam Municipality, Office of the Municipal Executive, Ilam, Koshi Province, Nepal","Upgradation and Improvement of Satkhalde Sahid Marga Ward no 04, Ilam",2097865.35,Works,NCB,Completed
imoilam/ncb/work/08-2082/83,"Ilam Municipality, Office of the Municipal Executive, Ilam, Koshi Province, Nepal","Upgrading of Bhandari Golai-Dokantol to Ward Office Road Ilam Municipality, Ward No 12",1903166.71,Works,NCB,Completed
FRM/Sindhuli/Works/SQ/01/082-83,"Fikkal Rural Municipality,",Maintenance Works of ward no.4 office Building,911507.07,Works,Sealed Quotation,In-Progress
IDOKAVRE/W/NCB/38/081/82,Infrastructure Development Office Kavrepalanchok,"Upgrading Works on Panauti Khopasi Road Section, Panauti Municipality",66623653.96,Works,NCB,Completed
Mahalaxmi/W/NCB/02/2082/83,"Mahalaxmi Municipality, Office of Municipal Executive",Blacktop works of Rajkulo Sadak Ward no. 4,13296931.8,Works,NCB,In-Progress
Mahalaxmi/W/NCB/07/2082/83,"Mahalaxmi Municipality, Office of Municipal Executive","Road Uprading works from lubhu-balakunj to Nyaticha sadak, ward no.8",7001029.89,Works,NCB,In-Progress
02/Works/NCB/KM/082/083,"kalika Municipality Office , Chitwan",Ward no 4 ra 5 ko Simana sadak Bi. Pi. Chowk Dekhi Uttar Padampur Samudayik Ban sadak Kalopatre Woda No 4 Ra 5,19699277.39,Works,NCB,Completed
IDOKAVRE/W/NCB/48/081/82,Infrastructure Development Office Kavrepalanchok,"Upgrading Works on B.P Rajmarg, Charuwa Bhedabari Road, Namobuddha Municipality - 3, Kavre",41883646.93,Works,NCB,In-Progress
03/Works/NCB/KM/082/083,"kalika Municipality Office , Chitwan","Construction of Samipur School Building, Kalika 1",4900736.18,Works,NCB,Completed
IDOKAVRE/W/NCB/52/081/82,Infrastructure Development Office Kavrepalanchok,"Upgrading Works on Namobuddha Dapcha Nepane Gahate Falamesaaghu Shikhar Ambote Sanakot Tara Khasne Lek Gokule Road, Namobuddha Municipality",32986068.78,Works,NCB,In-Progress
BM/W/NCB/082/083/10,Besisahar Municipality,"Besishahr Universal Chowk to British Welfare Road Upgrading Work, Ward No. 7",1681953.0,Works,NCB,Completed
04/Works/NCB/KM/082/085,"kalika Municipality Office , Chitwan",Kholesimal Kamlachowk ClubChowk towards Shaktikhor Road Upgrading Works,14798676.2,Works,NCB,In-Progress
05/Works/NCB/KM/082/085,"kalika Municipality Office , Chitwan",Different Road Construction in Ward No. 5,8244050.16,Works,NCB,In-Progress
IDOKAVRE/W/NCB/49/081/82,Infrastructure Development Office Kavrepalanchok,"Upgrading Works on Sunkoshipul Mainajung Khatrigaun Tekanpur Ward Office Bhanjyangbeshi Road, Temal Rural Municipality",20866241.23,Works,NCB,Completed
JRM/W/SQ/1/2082/083,Janaki Rural Municipality,"Road Maintenance work (Gravelling) at all wards of Janaki Rural Municipality, Kailali",962250.5,Works,Sealed Quotation,In-Progress
IDOKAVRE/W/NCB/50/081/82,Infrastructure Development Office Kavrepalanchok,"Upgrading Works on Potakhola Lurpungdada Dhonkarpa Road, Roshil Rural Municipality - 5, Kavre.",61750751.03,Works,NCB,In-Progress
JRM/GOODS/SQ/01/2082/083,Janaki Rural Municipality,Procurement of Medicine for basic and emergency Health Services,345653.3,Goods,Sealed Quotation,In-Progress
06/Works/NCB/KM/082/085,"kalika Municipality Office , Chitwan",Different Road Upgrading Works at Kalika Municipality Ward no 8 and 9,5442908.8,Works,NCB,In-Progress
NCB/JRM/W/04/2082/083,Janaki Rural Municipality,"Supply, Delivery and Installation of Smart Street Lighting System work at Durgauli bazar",1424942.22,Works,NCB,In-Progress
Mahalaxmi/W/SQ/14/2082/83,"Mahalaxmi Municipality, Office of Municipal Executive",Changathali Swastha Chowki Sudrrhikarana Mahalaxmi-7,1111366.54,Works,Sealed Quotation,Completed
NCB/JRM/GOODS/04/2082/083,Janaki Rural Municipality,"Supply, Delivery, Installation and Commissioning of Smart Boards in Community Schools of Janaki Rural Municipality, Kailali",1988800.0,Goods,NCB,In-Progress
07/TRM/NCB/Goods/2082-083,Tamankhola Rural Municipality,Procurement of Technology-friendly Teaching and Learning Items.,4443160.0,Goods,NCB,Completed
07/Works/NCB/KM/082/083,"kalika Municipality Office , Chitwan",Different Road Construction in Ward No. 2,5577388.24,Works,NCB,In-Progress
Mahalaxmi/W/NCB/13/2082/83,"Mahalaxmi Municipality, Office of Municipal Executive",Upgrading roadworks of lalitpur district mahalaxmi na. pa. ward no. 10 from bosedole gopal ghar muni towards kancha ko ghar saahu tole samma ko road,1875628.49,Works,NCB,In-Progress
MMSI/WORKS/NCB/2082-83/04,Melamchi Municipality Office,Upgrading Works Of Falame Shikharpur Road,3705307.39,Works,NCB,In-Progress
08/Works/NCB/KM/082/083,"kalika Municipality Office , Chitwan",Different Road Construction in Ward No. 3,6191788.08,Works,NCB,In-Progress
IDOKAVRE/W/NCB/53/082/83,Infrastructure Development Office Kavrepalanchok,"Upgrading Works on Panauti Khopasi Kamidanda Taaldhunga Road (Syaurethali-Aahaldanda-Chitre Section), Khanikhola Rural Municipality",149134486.0,Works,NCB,In-Progress
Mahalaxmi/W/NCB/10/2082/83,"Mahalaxmi Municipality, Office of Municipal Executive",Upgrading and blacktop works from jyagata to lalitghumit road,17848266.48,Works,NCB,In-Progress
01/Works/NCB/KM/082/083,"kalika Municipality Office , Chitwan","Chapagaudi Dhekhi Bungkhola Hudai Serbas Sadak Strounnati, Kalika-08",20390233.77,Works,NCB,In-Progress
09/Works/NCB/KM/082/083,"kalika Municipality Office , Chitwan",PREFAB BUILDING CONSTRUCTION AT WARD 6,2142036.96,Works,NCB,Completed
10/Works/NCB/KM/082/083,"kalika Municipality Office , Chitwan",PREFAB BUILDING CONSTRUCTION AT WARD 4,1938990.79,Works,NCB,Completed
FRM/Sindhuli/Works/SQ/02/082-83,"Fikkal Rural Municipality,",Construction of Arubot Road of phikkal-01,1395295.11,Works,Sealed Quotation,Completed
11/Works/NCB/KM/082/083,"kalika Municipality Office , Chitwan",Electrification and Interior decoration in nagar sabha haal at mahila sanjal,1899240.6,Works,Sealed Quotation,Completed
FRM/Sindhuli/Works/NCB/08/082-83,"Fikkal Rural Municipality,","Construction Works of Kallaghari Bahundada Bhujeltole Drinking Water Supply Project, Phikkal-1",2344711.89,Works,NCB,In-Progress
FRM/Sindhuli/Works/SQ/03/082-83,"Fikkal Rural Municipality,",Maintenance Works of ward no.1 office Building,1877813.81,Works,Sealed Quotation,In-Progress
FRM/Sindhuli/Works/NCB/07/082-83,"Fikkal Rural Municipality,","Road Construction Works of Ward 2,3,4 and 6 of Phikkal Rural Municipality",2599016.71,Works,NCB,In-Progress
CDRM/OKH/WORKS/NCB/04/2082/083,"Champadevi Rural Municipality, Okhaldhunga",Gaupalika kendra chipling ghorakhori bilandu sadak istarunnati yojana,5044747.47,Works,NCB,Completed
FRM/Sindhuli/Works/NCB/05/082-83,"Fikkal Rural Municipality,","Construction and Maintenance of Mini Trauma Center and Bandre Cold Store, phikkal Ward No.-03 & 04",3728867.82,Works,NCB,In-Progress
IDOKAVRE/NCB/W/65/078/079,Infrastructure Development Office Kavrepalanchok,"Upgrading Works on Narayantar Khahare Chunitar Tindhare Jane Road and Narayantar Khahare Chunitar Tindhare Jane Road, Roshi Rural Municipality - 01",51008842.74,Works,NCB,In-Progress
IDOKAVRE/W/NCB/51/080/081,Infrastructure Development Office Kavrepalanchok,"Construction of Andheri Khola Bridge, Roshi - 3, Roshi Rural municipality.",44282935.01,Works,NCB,In-Progress
13/Works/NCB/KM/082/083,"kalika Municipality Office , Chitwan",Construction of Janahit School Building at Kalika 3,2518941.78,Works,NCB,Completed
12/Works/NCB/KM/082/083,"kalika Municipality Office , Chitwan",Construction of Pipariya School Building Kalika 2,2976143.92,Works,NCB,In-Progress
Mahalaxmi/W/NCB/08/2082/83,"Mahalaxmi Municipality, Office of Municipal Executive",Sitapakha Chowk Bata Uttar- Purbha Dhala Nirman,1879504.26,Works,NCB,In-Progress
CDRM/OKH/WORKS/NCB/03/2082/083,"Champadevi Rural Municipality, Okhaldhunga",Ward NO 2 THUTEPIPPAL BADAHARE RAJAIYA SIRAULA DAMASEE HUDAI NAWALPURGHAT SADAK NIRMAN,4534328.46,Works,NCB,In-Progress
CDRM/OKH/WORKS/NCB/05/2082/083,"Champadevi Rural Municipality, Okhaldhunga",bahundanda bilandu mishrabhanjyang girijachowk jaukhuriya silung falatebhanjyang sadak istaarunnati yojana,9497837.66,Works,NCB,In-Progress
Mahalaxmi/W/NCB/27/2081/82,"Mahalaxmi Municipality, Office of Municipal Executive",Construction of Jagadishwar Paati ( Falcha) at Ward no. 4,2062940.17,Works,NCB,In-Progress
Mahalaxmi/W/NCB/24/2081/82,"Mahalaxmi Municipality, Office of Municipal Executive",Construction of Road from Lakhuri Bhanjyang to Manmohan park,9980836.14,Works,NCB,In-Progress
14/Works/NCB/KM/082/083,"kalika Municipality Office , Chitwan",Thang Khola River Training Management Works,21166958.21,Works,NCB,In-Progress
15/Works/NCB/KM/082/083,"kalika Municipality Office , Chitwan",Samipur towards east Canal Lining Works Kalika 2,2815654.67,Works,NCB,In-Progress
CDRM/OKH/WORKS/NCB/06/2082/083,"Champadevi Rural Municipality, Okhaldhunga",construction of gyan prakash ma vi 06 ghorakhori 2-c-4 class room building & reating wall,6918530.58,Works,NCB,In-Progress
CDRM/OKH/WORKS/NCB/07/2082/083,"Champadevi Rural Municipality, Okhaldhunga",construction of gyan prakash mabi 3-c-9,10303130.53,Works,NCB,In-Progress
16/Works/SQ/KM/082/083,"kalika Municipality Office , Chitwan",Maintenance of Ward 5 Building of Kalika Municipality,1296946.15,Works,Sealed Quotation,Completed
15-MM/KPIL/BDG/Works/082/083,Maharajganj Municipality,Ward no. 11 Sowastha Karyalaye ko Boundary wall Gate Nirman,2299747.26,Works,NCB,In-Progress
CDRM/OKH/WORKS/NCB/08/2082/083,"Champadevi Rural Municipality, Okhaldhunga",RUDRAKSHOWER MAHADEV TATHA BHIMENSTHAN SANKRASHAN CHAMPADEVI 10,3060220.78,Works,NCB,In-Progress
17/Works/NCB/KM/082/083,"kalika Municipality Office , Chitwan",Different Canal Construction in Ward No. 6 and 7,4092977.54,Works,NCB,In-Progress
18/Works/NCB/KM/082/083,"kalika Municipality Office , Chitwan",Kalika Mandir Compound Wall Construction kalika 8,3020003.93,Works,NCB,In-Progress
19/Works/NCB/KM/082/083,"kalika Municipality Office , Chitwan",Lahurey Chowk Prakash Medical Road Upgrading Works Kalika 2 and 7,2274683.86,Works,NCB,In-Progress
20/Works/NCB/KM/082/083,"kalika Municipality Office , Chitwan",Different Road Construction in Ward No. 1 and 4,3653358.82,Works,NCB,In-Progress
SRM/NCB/W/26/2082/083,Sailung Rural Municipality,Okhre Boldung Bhurunga Jomsa Khola Dadakharka Sadak,1065137.62,Works,NCB,In-Progress
21/Works/NCB/KM/082/083,"kalika Municipality Office , Chitwan",Kalika 11 no Woda Dekhi Majhabang Hudai Rapti 1 Thakuri Bhanjhyang Sammko Krishi Sadak Kalika Na Pa,1919951.83,Works,NCB,In-Progress
SRM/NCB/W/27/2082/083,Sailung Rural Municipality,Sabha HAll Marmat Tatha Byabasthapan,1438479.87,Works,NCB,In-Progress
CDRM/OKH/WORKS/NCB/09/2082/083,"Champadevi Rural Municipality, Okhaldhunga",Bogati turning dekhi matadan kendra pokhare sadak nirman yojana,1138482.99,Works,NCB,In-Progress
30/NCB/TM/W/2082-83,"Tokha Municipality, Office of the Municipal Executive","Milan Tol Sadak Istaronnati, ward-8",1971494.07,Works,NCB,In-Progress
SRM/NCB/W/28/2082/083,Sailung Rural Municipality,Okharbot wada Karyalaya Sadak,915818.57,Works,NCB,In-Progress
CDRM/OKH/WORKS/NCB/10/2082/083,"Champadevi Rural Municipality, Okhaldhunga",PALAPU KRISHI BIG MART,1594057.25,Works,NCB,In-Progress
22/Works/NCB/KM/082/083,"kalika Municipality Office , Chitwan","Madan Asrit Dekhi Pakshim Kabita Neupane Ko Gharchowk Bato Kalopatrey, Kalika -4",6339769.6,Works,NCB,In-Progress
MMSI/WORKS/SQ/2082-83/18,Melamchi Municipality Office,Upgrading works of Ward Office Majhi Gaun Road,1310441.07,Works,Sealed Quotation,In-Progress
MMSI/WORKS/SQ/2082-83/14,Melamchi Municipality Office,COnstruction Works of Katunche ManeDada Mane,1319437.08,Works,Sealed Quotation,In-Progress
24/Works/NCB/KM/082/083,"kalika Municipality Office , Chitwan","DTH Deep Tubewell Construction At Different ward 3,4 and 7 OF Kalika Municipality (first Phase)",3918697.0,Works,NCB,In-Progress
MMSI/WORKS/SQ/2081-82/14,Melamchi Municipality Office,Construction Works of Area Police Office Building,1489482.22,Works,Sealed Quotation,In-Progress
25/Works/NCB/KM/082/083,"kalika Municipality Office , Chitwan","DTH Deep Tubewell Construction At Different ward 1,5 and 6 OF Kalika Municipality (Second Phase)",3593867.2,Works,NCB,In-Progress
CDRM/OKH/NCB/ABC.WORKS/11/2082/83,"Champadevi Rural Municipality, Okhaldhunga",Construction of Administration Building,83013433.88,Works,NCB,In-Progress
26/Works/NCB/KM/082/083,"kalika Municipality Office , Chitwan","Different Roads Maintainance Work In Kalika Municipality ward no - 1, 5, 6",3807871.0,Works,NCB,In-Progress
27/Works/NCB/KM/082/083,"kalika Municipality Office , Chitwan",Kalika Nagarpalika Budathoki Ghol Park Nirman,3216326.79,Works,NCB,In-Progress
MMSI/WORKS/NCB/2082-83/16,Melamchi Municipality Office,Upgrading Works of Prathisthan Taar Sadak,2580101.07,Works,NCB,In-Progress
CDRM/OKH/WORKS/NCB/13/2082/083,"Champadevi Rural Municipality, Okhaldhunga",TASI CHOILING GUMBA WADA 6,909300.01,Works,NCB,In-Progress
MMSI/WORKS/NCB/2082-83/13,Melamchi Municipality Office,Upgrading works of Sindhukhola Giranchaur Mahabhir Road,30000000.0,Works,NCB,In-Progress
MMSI/WORKS/NCB/2082-83/27,Melamchi Municipality Office,"Construction Works Of Gumba, Melamchi -03",2186937.92,Works,NCB,In-Progress
CDRM/OKH/WORKS/NCB/14/2082/083,"Champadevi Rural Municipality, Okhaldhunga",RATMATE MAKUWA KHOLA KALIKA RA FALATE SADAK MARMAT,1729710.2,Works,NCB,In-Progress
MMSI/WORKS/NCB/2082-83/03,Melamchi Municipality Office,Upgrading works of Sotikhola Haibung Road,7484773.79,Works,NCB,In-Progress
MMSI/WORKS/NCB/2082-83/01,Melamchi Municipality Office,Upgrading Works of Melamchi Municipality 15 Bed Hospital Road,16154198.11,Works,NCB,In-Progress
MMSI/WORKS/NCB/2082-83/23,Melamchi Municipality Office,Upgrading Works of Melamchi Daduwa Amphechaur Bhatmase Road,5041175.13,Works,NCB,In-Progress
CDRM/OKH/GOODS/SQ/15./2082/083,"Champadevi Rural Municipality, Okhaldhunga",MASALANDA TATHA KARYALAYA SAMAGRI KHARID BISAYAGAT SAKHA SAMET,997383.2,Goods,Sealed Quotation,Completed
MMSI/WORKS/NCB/2082-83/09,Melamchi Municipality Office,Upgrading works of Dhakal khahare Krishna Mandir Daduwa Road,3824286.82,Works,NCB,In-Progress
CDRM/OKH/GOODS/SQ/16/2082/083,"Champadevi Rural Municipality, Okhaldhunga",Aadharbhut tatha aakasmik swastha sewa ko lagi aausadi kharid,740457.36,Goods,Sealed Quotation,Completed
MMSI/WORKS/NCB/2082-83/18,Melamchi Municipality Office,Upgrading Works of Patigaun 15 No. Dumping Rayamajhitol Sadak,6239824.97,Works,NCB,In-Progress
MMSI/WORKS/NCB/2082-83/20,Melamchi Municipality Office,Neupane Sinchai Kulo Marmat,1909870.31,Works,NCB,In-Progress
MMSI/WORKS/NCB/2082-83/21,Melamchi Municipality Office,Upgrading Works of Sindhukhola Suyalchaap Nibugaun Sadak,1843232.69,Works,NCB,In-Progress
CDRM/OKH/NCB/WORKS/05/2082/083,"Champadevi Rural Municipality, Okhaldhunga","Sinchai pokhari nirman champadevi wad no .4 fediguth, wada no 9 ra wada no 10 raniban",3616448.08,Works,NCB,In-Progress
MMSI/WORKS/NCB/2082-83/19,Melamchi Municipality Office,Infrastructure Development Works of Dhaule Tourism Area,4568828.09,Works,NCB,In-Progress
MMSI/WORKS/NCB/2082-83/31,Melamchi Municipality Office,Construction works of Thakle Bahusaanskritik Bhawan Nirman Melamchi 12,9121234.49,Works,NCB,In-Progress
MMSI/WORKS/NCB/2081-82/36,Melamchi Municipality Office,Infrastructure Development Works of Melamchi Bazar,23567295.13,Works,NCB,In-Progress
MMSI/WORKS/NCB/2082-83/34,Melamchi Municipality Office,"Construction of Dhaule Gumba, ward no 04",2549848.0,Works,NCB,In-Progress
21/NCB/TM/W/2082-83,"Tokha Municipality, Office of the Municipal Executive","Wada bhari sadak kalopatre (Pot Hole Repair), Srijanshil tole sadak storonati and Guras tole Sadak Overley Ward -8",2476553.59,Works,NCB,In-Progress
MMSI/WORKS/NCB/2082-83/33,Melamchi Municipality Office,"Okhreni Chorten Construction, ward no 04",2436641.81,Works,NCB,In-Progress
MMSI/WORKS/SQ/2082-83/06,Melamchi Municipality Office,Upgrading works of Bhemrang Bhirkuna Road,1522723.02,Works,Sealed Quotation,In-Progress
MMSI/WORKS/SQ/2082-83/28,Melamchi Municipality Office,Upgrading works of Okhrenichaur Chankal Chaur Batase Road,1183027.64,Works,Sealed Quotation,In-Progress
MMSI/WORKS/SQ/2082-83/27,Melamchi Municipality Office,Construction works of Chipling Gumba and Chihaan ghat,1324185.52,Works,Sealed Quotation,In-Progress
MMSI/WORKS/SQ/2082-83/30,Melamchi Municipality Office,"Upgrading of Ramchung Chyuning watipang Road, ward 04",842178.77,Works,Sealed Quotation,In-Progress
MMSI/WORKS/SQ/2082-83/11,Melamchi Municipality Office,Construction works of Okhreni Foot Trail,1212590.92,Works,Sealed Quotation,Completed
MMSI/WORKS/SQ/2082-83/13,Melamchi Municipality Office,Gramid Sadak Sarsafai Tatha Shitaruaniti Karya,1409729.09,Works,Sealed Quotation,Completed
03/NCB/TM/W/2082-83,"Tokha Municipality, Office of the Municipal Executive","Bhandari Tole Jane Bato,Nawajyoti Marga,Jyoti Nagar Lagayat Mul Tatha Sahayak Sadakharu Kalopatre,Ward-10",3934017.71,Works,NCB,In-Progress
04/NCB/TM/W/2082-83,"Tokha Municipality, Office of the Municipal Executive",Ward No. 6 ko Bibhinna Sadak overlay Tatha Starunnati,4305280.13,Works,NCB,In-Progress
23-2082/083/NRM/GOODS/SQ,Narainapur Rural Municipality,"Supply, Delivery, Installation and Testing of 100 KVA 11/0.4 KV Distribution Transformer at Narainapur New Administrative Office Building, Narainapur–4, Banke",1156905.3,Goods,Sealed Quotation,Completed
MRM/NCB/WORKS/SB/2082/083-03,"Mangsebung Rural Municipality,Ilam",Construction of Basic School Building-3 in Mangsebung Rural Municipality,1966724.75,Works,NCB,Completed
18/SQ/TM/W/2082-83,"Tokha Municipality, Office of the Municipal Executive","Badhi Prakop Nyunikaranko Lagi Retaining Wall ko Uchai Badhaune Karya, ward-9",1026966.11,Works,Sealed Quotation,In-Progress
MMSI/WORKS/NCB/2082-83/02,Melamchi Municipality Office,Construction Works of Bahunepati Thakle,28023143.49,Works,NCB,In-Progress
31/NCB/TM/W/2081-82,"Tokha Municipality, Office of the Municipal Executive","Radhakrishna Tatha Panchakumari Mandirko Istaronnati,Ward-8",8289090.68,Works,NCB,In-Progress
NRM/GOODS/SQ/SUBMERSIBLEPUMP/15-2082/083,Narainapur Rural Municipality,Supply and Delivery of Submersible Pump with all Necessary Accessories in Narainapur Rural Municipality (Ward No. 1 & 4),1645353.45,Goods,Sealed Quotation,Completed
NRM/GOODS/SQ/HANDPUMP/16-2082/083,Narainapur Rural Municipality,"Supply and Delivery of Hand Pump with all Necessary Accessories in Narainapur Rural Municipality (Ward No. 1, 4 & 5)",1790197.42,Goods,Sealed Quotation,Completed
24-2082/083/NRM/WORKS/SQ,Narainapur Rural Municipality,"Construction of Gangapur Health Post Laboratory Room, Narainapur-6, Banke.",1315606.47,Works,Sealed Quotation,Completed
27-2082/083/NRM/WORKS/SQ,Narainapur Rural Municipality,"Construction of Boundary Wall in Mahteniya Kavrastan, Narainapur-1, Banke.",743388.55,Works,Sealed Quotation,Completed
30-2082/083/NRM/WORKS/SQ,Narainapur Rural Municipality,"Construction of PCC Road from Hulaki Road to Lilamali Giri House, Narainapur-6, Banke.",501327.3,Works,Sealed Quotation,Completed
MMSI/WORKS/NCB/2082-83/14,Melamchi Municipality Office,Construction of Incomplete Hostel Building at Kyoulethana aabhi,5376580.92,Works,NCB,In-Progress
25-2082/083/NRM/WORKS/SQ,Narainapur Rural Municipality,"Construction of RCC Frame Structure Madarsha Building in Mardarsha Asgar Ali Kadariya Nasrul Ullum, Narainapur-6, Banke.",546868.56,Works,Sealed Quotation,Completed
26-2082/083/NRM/WORKS/SQ,Narainapur Rural Municipality,"Construction of Ashram Truss Roof in Barshikuti Dharmi Ashram, Narainapur-4, Banke.",579644.32,Works,Sealed Quotation,Completed
BM/W/NCB/082/083/05,Besisahar Municipality,Construction of Ward Office Building Ward no 10,4717063.42,Works,NCB,In-Progress
BM/W/NCB/082/083/06,Besisahar Municipality,Dhurpure Duithok Bimda Bakhrejagat Nalma Road Upgrading Work,5177598.47,Works,NCB,Completed
BM/W/NCB/082/083/07,Besisahar Municipality,"Construction/Upgrading of Roads Under Package( Ranikuwa-Tari-Bagar-Kagatibote Road, Besishahar Buspark Karpureshwor Park to Bahunbesi Link Road and Ranikuwa Gairi Deubuje Road)",4715098.69,Works,NCB,Completed
BM/W/NCB/082/083/08,Besisahar Municipality,Ritthebagar Bhakunde Tinpiple Tilahar Road Upgrading Work,3622125.51,Works,NCB,Completed
BM/W/NCB/082/083/09,Besisahar Municipality,Bhalam Khola Charchare Malebagar Drain Construction & Irrigation Project,1723924.4,Works,NCB,Completed
BM/W/NCB/082/083/11,Besisahar Municipality,Chandi Gausahar Purankot Road Upgarding Work,15742989.51,Works,NCB,In-Progress
BM/W/NCB/082/083/12,Besisahar Municipality,Construction/Finishing Work of Ward Office Building Ward no 03,3488052.11,Works,NCB,In-Progress
BM/W/NCB/082/083/13,Besisahar Municipality,Construction/Upgrading of Two Buildings In One Package (Srijana Ama Samuha Bhawan & Krisi Upaj Sankalan Kendra),2031210.57,Works,NCB,In-Progress
BM/W/NCB/082/083/14,Besisahar Municipality,"Construction of Basic Health Service Center Building , Ward No 01",3614803.99,Works,NCB,In-Progress
22-2082/083/NRM/WORKS/SQ,Narainapur Rural Municipality,"Upgrading of Narainapur Administrative Office Field, Narainapur -4, Banke",1008637.0,Works,Sealed Quotation,Completed
NRM/GOODS/MEDICINE/SQ/17-2082/083,Narainapur Rural Municipality,Supply & Delivery of Essential Medicine and Surgical Items.,1631260.43,Goods,Sealed Quotation,Completed
NRM/WORKS/NCB/BUILDING/20-2082/083,Narainapur Rural Municipality,"Construction of RCC One Storey Framed Structure Madarsha Building at Madarsha Fatijtul Ubra, Laxmanpur, Narainapur – 2, Banke.",1642768.7,Works,NCB,Completed
MMSI/WORKS/NCB/2082-83/32,Melamchi Municipality Office,"Construction works of RCC building of Janata Secondary school, Melamchi-09",4284060.55,Works,NCB,In-Progress
MMSI/WORKS/NCB/2082-83/30,Melamchi Municipality Office,"Upgrading works of Chamkhu Gufadada Mulkharkha Road, Melamchi-09",2780542.74,Works,NCB,In-Progress
MMSI/WORKS/NCB/2082-83/17,Melamchi Municipality Office,"Construction works of Jalpadevi mandir, melamchi municipality ward no 2",6348989.24,Works,NCB,In-Progress
MMSI/WORKS/SQ/2082-83/12,Melamchi Municipality Office,Upgrading Works of Dadatol Dual Sapkota Tol Sadak,1165954.28,Works,Sealed Quotation,In-Progress
MMSI/WORKS/NCB/2082-83/26,Melamchi Municipality Office,Construction of Drinking water Supply Project at Melamchi Municipality,6920824.88,Works,NCB,In-Progress
MMSI/WORKS/NCB/2082-83/25,Melamchi Municipality Office,Infrastructure Development works at Melamchi 1 and 2 Chaukidanda Patalgufa Tapachuli Okhreni khola,3563594.27,Works,NCB,In-Progress
MMSI/WORKS/NCB/2082-83/11,Melamchi Municipality Office,Upgrading works of Dhimal Kanle Yeklebesi Jarke Krishi sadak,1714551.13,Works,NCB,In-Progress
GMO/W/NCB/R/5/082-083,"Gauradaha Municipality, Office of the Municipal Executive,Gauradaha,Jhapa,Koshi Province, Nepal","CONSTRUCTION OF BLACK TOP ROAD ALONG CHANDAN CHOWK SAMABESHI MARGA SADAK AND ALONG ROAD TO WARD NO .04 OFFICE,GAURADAHA 4,8 JHAPA,NEPAL",6326056.27,Works,NCB,In-Progress
GMO/W/NCB/R/6/082-083,"Gauradaha Municipality, Office of the Municipal Executive,Gauradaha,Jhapa,Koshi Province, Nepal","CONSTRUCTION OF BLACK TOP ROAD ALONG WARD NO 01 KADDU DAADA-GURUNG CHOWK AND ALONG WARD NO 02 HIMAL CHOWK-WARD OFFICE SAJHEDARI SADAK,GAURADAHA-1,2,JHAPA NEPAL",7643472.73,Works,NCB,In-Progress
GMO/W/NCB/R/7/082-083,"Gauradaha Municipality, Office of the Municipal Executive,Gauradaha,Jhapa,Koshi Province, Nepal","CONSTRUCTION OF BLACK TOP ROAD ALONG JHAPA DISTRICT GAURADAHA WARD NO 05-CHANDU RAJPATI CHOWK CHIURAMIL ROAD UPGRADATION WORKS, ALONG JHAPA DISTRICT GAURADAHA WARD NO 9,7,6 BAIGUNDHURA GWALDUBBA ROAD",11767441.04,Works,NCB,In-Progress
GMO/W/NCB/B/3/082-083,"Gauradaha Municipality, Office of the Municipal Executive,Gauradaha,Jhapa,Koshi Province, Nepal","CONSTRUCTION OF JESTHA NAGARIK SAMUDAYIK BHAWAN (NIRMAN ADHURO KARYA PURA),GAURADAHA-05, JHAPA, NEPAL",2849953.8,Works,NCB,In-Progress
GMO/W/NCB/B/4/082-083,"Gauradaha Municipality, Office of the Municipal Executive,Gauradaha,Jhapa,Koshi Province, Nepal","CONSTRUCTION OF DHOBINIYA JESTHA NAGARIK BHAWAN NIRMAN ,GAURADAHA-03,JHAPA NEPAL",4397988.01,Works,NCB,In-Progress
GMO/W/NCB/R/8/082-083,"Gauradaha Municipality, Office of the Municipal Executive,Gauradaha,Jhapa,Koshi Province, Nepal","CONSTRUCTION OF SINHAPUR SADAK INTERLOCK AND OTHERS GAURADAHA-03,JHAPA,NEPAL",2637552.98,Works,NCB,In-Progress
GMO/W/NCB/B/1/082-083,"Gauradaha Municipality, Office of the Municipal Executive,Gauradaha,Jhapa,Koshi Province, Nepal","CONSTRUCTION OF SHREE JANATA SECONDARY SCHOOL ,GAURADAHA MUNICIPALITY-01,JHAPA,KOSHI PROVINCE,NEPAL",74676607.72,Works,NCB,In-Progress
GMO/W/NCB/B/5/082-083,"Gauradaha Municipality, Office of the Municipal Executive,Gauradaha,Jhapa,Koshi Province, Nepal","CONSTRUCTION OF SHREE AMAR MADHYAMIK BIDYALAYA,GAURADAHA-02,JHAPA, NEPAL",6952257.4,Works,NCB,In-Progress
GMO/W/NCB/B/6/082-083,"Gauradaha Municipality, Office of the Municipal Executive,Gauradaha,Jhapa,Koshi Province, Nepal","CONSTRUCTION OF SHREE AMAR MADHYAMIK BIDYALAYA,GAURADAHA-09,JHAPA, NEPAL",7096798.28,Works,NCB,In-Progress
GMO/W/NCB/B/7/082-083,"Gauradaha Municipality, Office of the Municipal Executive,Gauradaha,Jhapa,Koshi Province, Nepal","CONSTRUCTION OF EKIKRIT KRISHI BHAWAN,GAURADAHA-05,JHAPA, NEPAL",3448712.87,Works,NCB,In-Progress
