{"type":"FeatureCollection","features":[{"type":"Feature","properties":{"STATE_CODE":4,"DISTRICT":"GORKHA","GaPa_NaPa":"Aarughat","Type_GN":"Gaunpalika","Province":"Gandaki","provinceId":"4","provinceCode":"4","provinceName":"Gandaki","districtId":"401","districtName":"Gorkha","municipalityId":"40105","municipalityCode":"40105","municipalityName":"Aarughat Rural Municipality","municipalityNameNe":"आरुघाट गाउँपालिका","municipalityType":"rural_municipality"},"geometry":{"type":"Polygon","coordinates":[[[84.97449658000005,28.18833170700003],[84.96949914200007,28.19137233300006],[84.96577683000004,28.192515395000044],[84.95716483000007,28.198153082000033],[84.95284189200004,28.199099208000064],[84.95060451800003,28.198805707000076],[84.94451858000008,28.196289395000065],[84.94056720500004,28.195251708000058],[84.93984170500005,28.191721332000043],[84.93632076700004,28.18774077000006],[84.93456639300007,28.186802958000044],[84.93180476800006,28.18401739500007],[84.93118089300003,28.182403958000066],[84.92853351700006,28.180653145000065],[84.92790626800007,28.179305957000054],[84.92543151800004,28.17755614500004],[84.92225889300005,28.176372770000057],[84.91915795600005,28.17618608300006],[84.91043333000005,28.171605707000026],[84.90902820600007,28.17043958200003],[84.90730689300005,28.170266020000042],[84.90375233000003,28.171753770000066],[84.90079395500004,28.170721895000042],[84.89752195500006,28.17052902000006],[84.89465339200007,28.169268583000076],[84.88995570500003,28.16932620800003],[84.88403126800006,28.170747645000063],[84.87885658000005,28.16540002000005],[84.87482333000008,28.161829458000057],[84.87324683000008,28.160812958000065],[84.87125801800005,28.156119270000033],[84.86689589200006,28.156753895000065],[84.86516151700005,28.157383020000054],[84.85963376800004,28.158155583000053],[84.85671364300003,28.157582707000074],[84.85397508000005,28.15647627000004],[84.84959139300008,28.155847020000067],[84.84727039200004,28.158038582000074],[84.84238726800004,28.161344645000042],[84.83895783000008,28.160345895000034],[84.83654339300006,28.160468957000035],[84.83492951700003,28.159183770000027],[84.82813558000004,28.158568458000047],[84.82692239300007,28.15656327000005],[84.82686120500006,28.155146770000044],[84.82532720500006,28.15420839500007],[84.82084745500003,28.154309770000054],[84.81849264200008,28.153554520000057],[84.81365370500004,28.15445420700007],[84.81190833000005,28.153325207000023],[84.80880864300008,28.153287145000036],[84.80196070500006,28.155770895000046],[84.79992314200007,28.154101895000053],[84.79837289200003,28.154119957000034],[84.79582289200005,28.15225314500003],[84.79324214200005,28.15206958300007],[84.78915420500005,28.14953239500005],[84.78710083000004,28.14877933300005],[84.78490089200005,28.14898377000003],[84.77969651800004,28.148652458000072],[84.77961839300008,28.145857458000023],[84.77832233000004,28.143698895000057],[84.77886351700005,28.139952770000036],[84.77773095500004,28.13829414500003],[84.78022789300007,28.135913145000075],[84.78159070500004,28.131945770000073],[84.78219476800007,28.127050895000025],[84.78189170500008,28.122298770000043],[84.78047595500004,28.11956327000007],[84.78127195500008,28.115973645000054],[84.78293951700005,28.11423133200003],[84.78154951800008,28.112490707000063],[84.78221295500003,28.11150327000007],[84.78108395500004,28.109612208000044],[84.78166820500007,28.108241645000078],[84.78027089200003,28.104508770000052],[84.77794214300008,28.104711457000064],[84.77447033000004,28.103862520000064],[84.77242989300004,28.10238270800005],[84.76725026700007,28.100746645000072],[84.76312826700007,28.100119833000065],[84.76172501700006,28.099146207000047],[84.75801733000003,28.094656520000058],[84.75787476700003,28.09300802000007],[84.75621720500004,28.091837145000056],[84.75526032900007,28.089987833000066],[84.75571839200006,28.08846008200004],[84.75560426700008,28.08524333300005],[84.75607333000005,28.083104082000034],[84.75388745500004,28.079939332000038],[84.75589620500006,28.078242895000074],[84.75474239200008,28.075316145000045],[84.75130420500005,28.072738082000058],[84.75059651700008,28.07138820700004],[84.74999958000006,28.06665789500005],[84.74747108000008,28.063707020000038],[84.74694920500008,28.062265833000026],[84.74689414200003,28.059175082000024],[84.74514258000005,28.055531770000073],[84.74394383000003,28.051998207000054],[84.74574101700006,28.049190708000026],[84.74848895500008,28.04770245800006],[84.75054933000007,28.044643019000034],[84.75221783000006,28.04512802000005],[84.75434576700007,28.043931832000055],[84.75960745500004,28.043009332000054],[84.76255045500005,28.044353582000042],[84.76561551800006,28.04362802000003],[84.76631789200007,28.042796082000052],[84.76989070500008,28.042577583000025],[84.77335526700006,28.043584707000036],[84.77516414200005,28.043416582000077],[84.77783864200006,28.045409457000062],[84.78056608000009,28.044335833000048],[84.78435183000005,28.044196957000054],[84.78561564200004,28.043217269000024],[84.78741233000005,28.04373945800006],[84.78971864300007,28.04212433300006],[84.79191201700007,28.04211620800004],[84.79421470500006,28.043407020000075],[84.79692064300008,28.043668832000037],[84.80251958000008,28.043356457000073],[84.80323026800005,28.044627082000034],[84.80761320500005,28.04502558200005],[84.81038683000008,28.04379764500004],[84.81071501700006,28.04211708200006],[84.81252695500007,28.03915520700008],[84.81431945500003,28.042736520000062],[84.81618233000006,28.044595832000027],[84.81989295500006,28.046631457000046],[84.82069176700008,28.04782695700004],[84.82067639300004,28.054101582000044],[84.82283801800008,28.056155395000076],[84.82344026800007,28.05884114500003],[84.82284108000005,28.061319832000038],[84.82311601800006,28.062931395000078],[84.82459901800007,28.06436420700004],[84.82658789300007,28.066493395000066],[84.82719064200006,28.069140770000047],[84.83044026700009,28.075837895000063],[84.83122970500006,28.080322957000078],[84.83370389200007,28.084294707000026],[84.83400245500007,28.089351270000066],[84.83921058000004,28.094278707000058],[84.83923545600004,28.097800457000062],[84.84004076800005,28.100988020000045],[84.83934351700003,28.10392758200004],[84.84000339200009,28.105581895000057],[84.84253076800007,28.10875208300007],[84.84465333000009,28.110501145000057],[84.84429258000006,28.11390345700005],[84.84657201800007,28.116497520000053],[84.85017233000008,28.117461208000066],[84.85179320500004,28.118324332000043],[84.85688895500004,28.122446207000053],[84.86123933000005,28.119858145000023],[84.86195808000008,28.120632020000073],[84.86521826800004,28.121362833000035],[84.86794533000005,28.120515270000055],[84.87156658000004,28.12025545800003],[84.87368214300005,28.117448833000026],[84.88046676700003,28.113475145000052],[84.88319545500008,28.11255289500008],[84.88630758000005,28.10929745800007],[84.88769258000008,28.106366707000063],[84.88758195500003,28.10529570700004],[84.89140626700004,28.103197520000037],[84.89465058000008,28.099753770000063],[84.89918020500005,28.104326770000057],[84.90228914200009,28.106393333000028],[84.90584320500005,28.10502070800004],[84.91119226800004,28.104473020000057],[84.91509495500009,28.102836207000053],[84.91850076800006,28.102533707000077],[84.92033983000005,28.10320495700006],[84.92348414300005,28.10565427000006],[84.92378733000004,28.108145395000065],[84.92270145500004,28.11395102000006],[84.92297295600008,28.11579252000007],[84.92757345500007,28.12128002000003],[84.92958551800007,28.124558145000037],[84.93102345500006,28.126105145000054],[84.93370551800007,28.125256582000077],[84.93764639300008,28.126411958000062],[84.94313933100005,28.124754332000066],[84.94468476800006,28.12236120800003],[84.94719945500003,28.123844207000047],[84.95062926700007,28.124686833000055],[84.95404045500004,28.123999832000038],[84.95552751700006,28.125164957000038],[84.95878351700009,28.126198083000077],[84.95937414300005,28.127008395000075],[84.95912758000009,28.131829270000026],[84.96069439200005,28.13356902000004],[84.96053033100003,28.135864707000053],[84.95923364200007,28.138948895000055],[84.95690489200007,28.141909457000054],[84.95640989300006,28.14328239500003],[84.95754658000004,28.145016208000072],[84.95938114300003,28.14614720800006],[84.96013395500006,28.147649020000074],[84.95937695500004,28.149249457000053],[84.95945539300004,28.155335958000023],[84.96313645500004,28.159741145000055],[84.96280301800005,28.161805645000072],[84.96357301700004,28.164990395000075],[84.96412158000004,28.168747520000068],[84.96575776700007,28.17197802000004],[84.96758995600004,28.17349027000006],[84.96760470500004,28.17555677000007],[84.96628839300007,28.177262582000026],[84.97018901800004,28.185070582000037],[84.97262620600003,28.186436333000074],[84.97449658000005,28.18833170700003]]]}},{"type":"Feature","properties":{"STATE_CODE":4,"DISTRICT":"GORKHA","GaPa_NaPa":"Ajirkot","Type_GN":"Gaunpalika","Province":"Gandaki","provinceId":"4","provinceCode":"4","provinceName":"Gandaki","districtId":"401","districtName":"Gorkha","municipalityId":"40102","municipalityCode":"40102","municipalityName":"Ajirkot Rural Municipality","municipalityNameNe":"अजिरकोट गाउँपालिका","municipalityType":"rural_municipality"},"geometry":{"type":"Polygon","coordinates":[[[84.73382408000003,28.35932395800006],[84.72565089300008,28.35721527000004],[84.72088489200007,28.35501602000005],[84.71829901800004,28.354418208000027],[84.71510558000006,28.355046395000045],[84.71132958000004,28.354102770000054],[84.70315570500009,28.359228270000074],[84.69938870500005,28.35956127000003],[84.69701257900005,28.360800770000026],[84.69513039200007,28.35858808200004],[84.69010664200005,28.354011082000056],[84.68990039200008,28.352089833000036],[84.68690939200008,28.34983070800007],[84.68497995500007,28.346943520000025],[84.68285976800007,28.342917833000058],[84.67899051700005,28.342240020000077],[84.67480489300004,28.342745895000064],[84.67171183000005,28.342203832000052],[84.67122451800003,28.340647270000034],[84.67166289200009,28.33543108300006],[84.66935426800006,28.332660583000063],[84.66901245400004,28.330403833000048],[84.66991501800004,28.327840895000065],[84.66831470500006,28.32668452000007],[84.66554495400004,28.321680333000074],[84.66150676700005,28.323843332000024],[84.66067258000004,28.322850145000075],[84.66069695500005,28.320397583000045],[84.66205751700005,28.31756170700004],[84.66212714200003,28.314806582000074],[84.65717070500006,28.31232620700007],[84.65710508000006,28.310878020000075],[84.65444176700004,28.307071145000066],[84.65468526700005,28.305091270000048],[84.65301351700003,28.301333707000026],[84.65304233000006,28.299276020000036],[84.65212814200004,28.29682333200003],[84.64861426700008,28.292226146000075],[84.64946108000004,28.290311145000032],[84.64859783000009,28.28331202100003],[84.64886383000004,28.281038770000066],[84.65058783000006,28.28057483300006],[84.65278851700003,28.275636770000062],[84.65243220500008,28.273005457000068],[84.65384389200005,28.267425958000047],[84.65365383000005,28.264265958000067],[84.65201320500006,28.260061457000063],[84.65200308000004,28.25840320800006],[84.65010895500006,28.25449770800003],[84.64855857900005,28.250001707000024],[84.64578176800006,28.247343458000046],[84.64275595500004,28.24510377000007],[84.64232064200007,28.24293764500004],[84.63834176800003,28.237532332000058],[84.63739695500004,28.23385008300005],[84.63586026700006,28.232259833000057],[84.63507045500006,28.229574082000056],[84.63618895500008,28.22293789500003],[84.63588814300005,28.221711895000055],[84.63878139200006,28.216800207000063],[84.63950495400007,28.214689520000036],[84.63986664200007,28.208805833000042],[84.64241607900004,28.205156895000073],[84.64219370500007,28.20311152000005],[84.64046764300008,28.200035395000043],[84.63884820500004,28.198276332000034],[84.63797733000007,28.195304458000066],[84.63510451700006,28.18882889500003],[84.63344414200003,28.188403395000023],[84.63214420500003,28.187010520000058],[84.62565895500006,28.183766520000063],[84.62481520500006,28.18011302000008],[84.62067708000006,28.178868333000025],[84.61777358000006,28.174662332000025],[84.61415489300003,28.172352395000075],[84.61533976800007,28.170955020000065],[84.61440232900009,28.167425958000024],[84.61244645500005,28.16666758200006],[84.61271120500004,28.165107332000048],[84.61157233000006,28.164173833000063],[84.61079826700006,28.16204295800003],[84.61180251700006,28.15988145800003],[84.60998545500007,28.158553832000052],[84.61239151700005,28.15589877000008],[84.61541158000006,28.15491508300005],[84.62143751800005,28.150722832000042],[84.62498164200008,28.149598833000027],[84.62786783000007,28.150145270000053],[84.63271651700006,28.147941208000077],[84.63503320500007,28.14753339500004],[84.63968514200008,28.145575895000036],[84.64149289300008,28.14745364500004],[84.64248195500005,28.149702958000034],[84.64355245500008,28.149605457000064],[84.64402058000007,28.145943645000045],[84.64337345500007,28.143717520000052],[84.64426914200004,28.141531520000058],[84.64582008000008,28.139852332000032],[84.64636470500005,28.135808832000066],[84.64616751800008,28.131371770000044],[84.64769945500007,28.129518895000047],[84.64846476800005,28.127484708000054],[84.64758026700008,28.12356077000004],[84.64740164200003,28.119561270000077],[84.64991614200005,28.117351770000027],[84.65468926700004,28.116329583000038],[84.65686633000007,28.11652220700006],[84.65832101700005,28.115630770000053],[84.66177451800007,28.115235145000042],[84.66402595500006,28.113250020000066],[84.66716945500008,28.11160577000004],[84.66861501800008,28.10865208200005],[84.66996926700006,28.110265457000025],[84.67035876700004,28.11448045800006],[84.67129795400007,28.115531770000075],[84.67360026800003,28.116111645000046],[84.67528114300006,28.11580102000005],[84.67592258000008,28.118658770000025],[84.67731139300008,28.119865770000047],[84.67708439200004,28.123124895000046],[84.67972264200006,28.125300395000068],[84.68291145500007,28.125368020000053],[84.68411676700003,28.127503208000064],[84.68625114200006,28.12913958200005],[84.68746508000004,28.13201920700004],[84.68898326700008,28.133396895000033],[84.68910020500005,28.136564083000053],[84.69032014200008,28.137859770000034],[84.69256845500007,28.137875520000023],[84.69635801700008,28.139173957000025],[84.69826501800009,28.141605457000026],[84.69871045500008,28.14561702000003],[84.70314220500006,28.150758833000054],[84.70373420500005,28.152445708000073],[84.70328758000005,28.15480352000003],[84.70354683000005,28.157173457000056],[84.70722333000003,28.163902895000035],[84.70862783000007,28.165698333000023],[84.70890670500006,28.168221582000058],[84.70805783000003,28.170385207000038],[84.70977045500007,28.17159245700003],[84.71208520500005,28.17519258200008],[84.71239108000003,28.178690395000046],[84.71462764200004,28.180553645000032],[84.71508995500005,28.18363320700007],[84.71684045500007,28.18512670800004],[84.71746745500008,28.188647583000034],[84.71946251700007,28.18957345700005],[84.72095214200004,28.191348020000078],[84.72147820500004,28.194506208000064],[84.72279976800007,28.19608983200004],[84.72199483000009,28.19823520800003],[84.72310583000007,28.203535957000042],[84.72327114300003,28.20651777000006],[84.72496251700005,28.207761020000078],[84.72597951700004,28.21258839500007],[84.72605308000004,28.21480358200006],[84.72771801800008,28.21645077000005],[84.72776170500003,28.217824583000038],[84.73091595500006,28.219987208000077],[84.73258645500005,28.222703770000066],[84.73532026800007,28.224439895000046],[84.73478370400005,28.22597927000004],[84.73515545400005,28.228276333000053],[84.73674526700006,28.23070445700006],[84.73683114300007,28.23208027000004],[84.73820870500003,28.234389958000065],[84.73695951700006,28.237697457000024],[84.73652758000009,28.240465895000057],[84.73401889200005,28.243110083000033],[84.73408445500007,28.24431677000007],[84.73647339200005,28.24629614500003],[84.73570620500004,28.248581270000045],[84.73750276700008,28.249999770000045],[84.73748708000005,28.25142802000005],[84.73614983000004,28.253447707000078],[84.73568495500007,28.255598083000052],[84.73645445500006,28.257360520000077],[84.73443583000005,28.259519270000055],[84.73195264200007,28.258413520000033],[84.72923032900007,28.259233582000036],[84.72990614200006,28.262025333000054],[84.72773683000008,28.264363020000076],[84.72731945500004,28.26613183300003],[84.72537914200007,28.26683483200003],[84.72319351800007,28.27046983200006],[84.72295658000007,28.27284233300003],[84.72374970400006,28.278004770000052],[84.72461583000006,28.279071833000046],[84.72418120500004,28.28207258300006],[84.72547501800005,28.28474833300004],[84.72684870500007,28.286038332000032],[84.72723239200008,28.288676020000025],[84.72901576700008,28.290791832000025],[84.72977776700003,28.29320183300007],[84.73260295500006,28.29806227000006],[84.73311376700008,28.30072183300007],[84.73303832900007,28.304390770000055],[84.73170120500004,28.30663370800005],[84.73126283000005,28.30898483200008],[84.73301976800008,28.31275445700004],[84.73386032900004,28.31552277000003],[84.73266089300006,28.319443583000066],[84.73383408000007,28.320980520000035],[84.73452045500005,28.327082020000034],[84.73616708000003,28.32939920700005],[84.73643501700008,28.33340014500004],[84.73822551700005,28.338356270000077],[84.73883201700005,28.343720395000048],[84.73822945500007,28.346205458000043],[84.73774520500007,28.351133270000048],[84.73661070500003,28.35535383200005],[84.73531633000005,28.35656108300003],[84.73382408000003,28.35932395800006]]]}},{"type":"Feature","properties":{"STATE_CODE":4,"DISTRICT":"GORKHA","GaPa_NaPa":"Bhimsen","Type_GN":"Gaunpalika","Province":"Gandaki","provinceId":"4","provinceCode":"4","provinceName":"Gandaki","districtId":"401","districtName":"Gorkha","municipalityId":"40106","municipalityCode":"40106","municipalityName":"Bhimsenthapa Rural Municipality","municipalityNameNe":"भिमसेनथापा गाउँपालिका","municipalityType":"rural_municipality"},"geometry":{"type":"Polygon","coordinates":[[[84.74394383000003,28.051998207000054],[84.74395964200005,28.050414270000033],[84.74499695500003,28.047229583000046],[84.74644064300008,28.044893270000046],[84.74432251700006,28.04410608200004],[84.74326033000006,28.04294077000003],[84.73731445500005,28.042284645000052],[84.73467514200007,28.043661645000043],[84.73291983000007,28.046486833000074],[84.72623220500003,28.048257395000064],[84.72525908000006,28.04962983200005],[84.72133601800004,28.051056145000075],[84.71602951700004,28.05223008200005],[84.71322970500006,28.051335394000034],[84.70787314200004,28.052743958000065],[84.70185358000003,28.052833458000066],[84.69922526700003,28.05436533200003],[84.69497026700003,28.05586702000005],[84.68920139300008,28.057107707000057],[84.68631670500008,28.060355395000045],[84.68433239300003,28.061712270000044],[84.68142351700004,28.06226602000004],[84.67841108000005,28.061843207000038],[84.67538064200005,28.059642520000068],[84.67279445500003,28.06014477000008],[84.66526276800005,28.060630520000075],[84.66079139300007,28.060148957000024],[84.65782983000008,28.058222770000043],[84.65467176800007,28.053996082000026],[84.65178345400005,28.052263458000027],[84.65019283000004,28.049881645000028],[84.65318051700007,28.04838733200006],[84.65595064200005,28.04616077000003],[84.65869514200006,28.044967582000027],[84.66200826700003,28.042368208000028],[84.66766433000004,28.040215458000034],[84.67167539300004,28.040832145000024],[84.67685545400008,28.039980958000058],[84.67964045500008,28.03992208300008],[84.68308501800004,28.03911302000006],[84.69314451700006,28.039279270000065],[84.70016839200008,28.04014614500005],[84.70025033000007,28.038464770000076],[84.70372989200007,28.03446470700004],[84.70541626800008,28.031308583000055],[84.70417951800005,28.027558270000043],[84.70396345500006,28.02503233300007],[84.70315620500008,28.02387002000006],[84.69989745500004,28.02647683200007],[84.69792101700006,28.024889458000075],[84.69969158000004,28.022653520000063],[84.69907095500008,28.021742895000045],[84.69608239300004,28.02297870700005],[84.69508689200006,28.01990164500006],[84.69507320500009,28.016979895000077],[84.69421470400005,28.01443914500004],[84.69337495500008,28.00767902000007],[84.69182639200005,28.007034833000034],[84.68925976800006,28.00421158200004],[84.68854826800003,28.002669582000067],[84.68951008000005,28.000002395000024],[84.68741345500007,27.997305332000053],[84.68805564200005,27.993753020000042],[84.68728533000007,27.99323114500004],[84.68817176800007,27.990415333000044],[84.68957808000005,27.988418333000027],[84.69206208000008,27.986821957000075],[84.69568233000007,27.985740957000075],[84.69648701700004,27.984182332000046],[84.69816714200005,27.98320814500005],[84.69852926800007,27.98102220800007],[84.70094676700006,27.979899832000058],[84.70185133000007,27.977600583000026],[84.70313676700005,27.97905833200008],[84.70542264300008,27.979804770000044],[84.70619795500005,27.976601394000056],[84.70758514200008,27.97817589500005],[84.70976726700007,27.97926570800007],[84.71169395500004,27.976661019000062],[84.71452320500003,27.977219457000047],[84.71421789300007,27.975050520000025],[84.71699989300004,27.97297158300006],[84.71942920500004,27.974263020000024],[84.72148845500004,27.96795720700004],[84.72395026700008,27.967644207000035],[84.72563801800004,27.968734082000026],[84.72666876800008,27.967817145000026],[84.72473595400004,27.966466770000068],[84.72629739200005,27.965682395000044],[84.72759583000004,27.963189145000058],[84.73019670500008,27.961753895000072],[84.72995239200003,27.96010133200008],[84.73144795500008,27.959353333000024],[84.73091789300008,27.956490708000047],[84.73170570500008,27.955277145000025],[84.73394089300007,27.955224644000054],[84.73479539200008,27.954396520000046],[84.73458014300007,27.95215495700006],[84.73585745500003,27.95147577000006],[84.73524770500006,27.948956520000024],[84.73564164200008,27.946526645000063],[84.73784208000006,27.944946770000058],[84.73945564300004,27.944870395000066],[84.74186658000008,27.940644957000075],[84.74199008000005,27.943471395000074],[84.74424295500006,27.948912645000064],[84.74774751700005,27.952873770000053],[84.74871170500006,27.95561664400003],[84.74802789200004,27.959638770000026],[84.74872414300006,27.960370520000026],[84.75668101700006,27.962150145000066],[84.76041608000008,27.964072083000076],[84.76170170500006,27.966296457000055],[84.76289220500007,27.966996082000037],[84.76609114300004,27.967359645000045],[84.77191189200005,27.967333895000024],[84.77442401800005,27.96991220700005],[84.77690389300005,27.971166207000067],[84.77734264300005,27.972896582000033],[84.77364426800006,27.975762519000057],[84.77381283000005,27.977128895000078],[84.77754701700007,27.97686189500007],[84.77946770500006,27.97763845700007],[84.77967033000004,27.979834895000067],[84.78101045500006,27.981345770000075],[84.78625058000006,27.98307352000006],[84.78705589200007,27.98651645800004],[84.78996876800005,27.98885983200006],[84.79036920500005,27.990703144000065],[84.79025358000007,27.995067395000035],[84.79175145500005,27.99732627000003],[84.79295126700003,27.998014270000056],[84.79629820500008,27.99771064400005],[84.79909283000006,27.997920083000054],[84.79975639200006,28.000000895000028],[84.79960251800009,28.002145332000055],[84.80371720500005,28.00028702000003],[84.80603945500008,28.000203457000055],[84.80945739200007,28.001399520000064],[84.81203001700004,28.001740832000053],[84.81351751700004,28.002720270000054],[84.81495583000003,28.006608270000072],[84.81547226800006,28.00910733300003],[84.81234376800006,28.013660894000054],[84.81170483000005,28.015837457000032],[84.81226745500004,28.01814220800003],[84.81459664300007,28.02028089500004],[84.81529657900006,28.02223964500007],[84.81456570500006,28.024870269000075],[84.81560339300006,28.027178957000046],[84.81561189200005,28.02932233200005],[84.81480545500006,28.031301333000044],[84.81165683000006,28.034438082000065],[84.81133170400005,28.03592683200003],[84.81252695500007,28.03915520700008],[84.81071501700006,28.04211708200006],[84.81038683000008,28.04379764500004],[84.80761320500005,28.04502558200005],[84.80323026800005,28.044627082000034],[84.80251958000008,28.043356457000073],[84.79692064300008,28.043668832000037],[84.79421470500006,28.043407020000075],[84.79191201700007,28.04211620800004],[84.78971864300007,28.04212433300006],[84.78741233000005,28.04373945800006],[84.78561564200004,28.043217269000024],[84.78435183000005,28.044196957000054],[84.78056608000009,28.044335833000048],[84.77783864200006,28.045409457000062],[84.77516414200005,28.043416582000077],[84.77335526700006,28.043584707000036],[84.76989070500008,28.042577583000025],[84.76631789200007,28.042796082000052],[84.76561551800006,28.04362802000003],[84.76255045500005,28.044353582000042],[84.75960745500004,28.043009332000054],[84.75434576700007,28.043931832000055],[84.75221783000006,28.04512802000005],[84.75054933000007,28.044643019000034],[84.74848895500008,28.04770245800006],[84.74574101700006,28.049190708000026],[84.74394383000003,28.051998207000054]]]}},{"type":"Feature","properties":{"STATE_CODE":4,"DISTRICT":"GORKHA","GaPa_NaPa":"Chum Nubri","Type_GN":"Gaunpalika","Province":"Gandaki","provinceId":"4","provinceCode":"4","provinceName":"Gandaki","districtId":"401","districtName":"Gorkha","municipalityId":"40101","municipalityCode":"40101","municipalityName":"Chumanubri Rural Municipality","municipalityNameNe":"चुमनुब्री गाउँपालिका","municipalityType":"rural_municipality"},"geometry":{"type":"Polygon","coordinates":[[[85.10174533100007,28.456713958000023],[85.10326476800003,28.458235770000044],[85.10654095600006,28.45990795800003],[85.10876676800007,28.46367308300006],[85.11486208100007,28.471212396000055],[85.11475026700003,28.474240833000067],[85.11522695500008,28.47860670800003],[85.11646601700005,28.480308833000038],[85.11892139200006,28.48112345800007],[85.12008095500005,28.484903833000033],[85.12139364300003,28.485705207000024],[85.12421808100004,28.48603152000004],[85.12673158100006,28.487671145000036],[85.13097814300005,28.487367396000025],[85.13153776800004,28.48615127100004],[85.13619420500004,28.485442458000023],[85.14357614300008,28.48625583300003],[85.14496239300007,28.485506520000058],[85.14785395500007,28.485658083000033],[85.15513576800004,28.49039483300004],[85.15646795500004,28.492375521000042],[85.15694945600006,28.494492020000052],[85.15892564200004,28.497141708000072],[85.15926051800005,28.498632271000076],[85.15862995500004,28.501227458000074],[85.15970758000003,28.503787832000057],[85.15909558000004,28.508835083000065],[85.16435658000006,28.514847333000034],[85.16531501800006,28.517052146000026],[85.16533495600004,28.518865771000037],[85.16834876800004,28.52116127000005],[85.16728108000007,28.526147021000043],[85.16837064300006,28.531942207000043],[85.17117933000003,28.533321270000044],[85.18054183000004,28.532439271000044],[85.18156520500008,28.53286127000007],[85.18771133000007,28.532945271000074],[85.18876170600004,28.53343689500008],[85.18925651800004,28.53535908300006],[85.18866526800008,28.540040833000035],[85.19102820500007,28.544443958000045],[85.19121476800007,28.546380145000057],[85.19027751800007,28.552495145000023],[85.19062070500007,28.553757708000035],[85.18705683100006,28.56012577100006],[85.18697733000005,28.561240895000026],[85.18912589300004,28.562336521000077],[85.19122570600007,28.56488308300004],[85.19380826800005,28.568878208000058],[85.19189551800008,28.570634333000044],[85.19145645600008,28.57192852000003],[85.18665745500005,28.574919083000054],[85.18361395600004,28.57911233300007],[85.18378051800005,28.58165327100005],[85.18480208000005,28.583072333000075],[85.18345945500005,28.587622958000054],[85.18069576800008,28.590419582000038],[85.17747839300006,28.59202670800005],[85.17631301800003,28.594856708000066],[85.17591283000007,28.597310083000025],[85.18085564300003,28.598834896000028],[85.18462639200004,28.60142570800008],[85.18545489300004,28.602532895000024],[85.19155033100003,28.60535802100003],[85.19196051800003,28.60908114500006],[85.19415164300005,28.61147564600003],[85.19546139200008,28.612113833000024],[85.19665345500005,28.61459833300006],[85.19712958100007,28.617693708000047],[85.19958426800008,28.62070170800007],[85.19964933000006,28.623557083000037],[85.20026914300007,28.62656995800006],[85.19510345500004,28.629888896000068],[85.19311983000006,28.630729770000073],[85.18854933000006,28.630909833000032],[85.18706339300007,28.632129771000052],[85.18897389300008,28.635851021000065],[85.19073876800007,28.640699208000058],[85.19007833000006,28.641609645000074],[85.18530708000003,28.64268464500003],[85.18342414300008,28.644327645000033],[85.17855364300004,28.644776208000053],[85.17332176800005,28.643497333000028],[85.16950395500004,28.643925146000072],[85.16579920500004,28.64266895800006],[85.16133833000004,28.64327577100005],[85.15928958100005,28.64301583300005],[85.15938739300003,28.644754270000078],[85.15781958000008,28.646371646000034],[85.15661351800009,28.648622083000078],[85.15448264300005,28.649858395000024],[85.15295695500004,28.651775333000046],[85.14738764200007,28.65638414500006],[85.14722964300006,28.65813827100004],[85.14791020500007,28.660859895000044],[85.14563370600007,28.662086083000077],[85.14205195500006,28.665540770000064],[85.13881776800008,28.665859083000043],[85.13668533000003,28.66765239600005],[85.13666014300009,28.671424458000047],[85.13483495600008,28.675516208000033],[85.13134833100008,28.678737521000073],[85.12748826800004,28.68025408300008],[85.12604020500004,28.681497833000037],[85.12362226800008,28.68248120800007],[85.11925820500005,28.684978645000058],[85.11762145500006,28.68642008300003],[85.11527001700006,28.68560252000003],[85.11264495500006,28.68323289600005],[85.11091945500004,28.683177083000032],[85.10412408000008,28.681667083000036],[85.09626683000005,28.677968083000053],[85.09415489300005,28.676295521000043],[85.09343351800004,28.674510145000056],[85.09104645500008,28.671510958000056],[85.08617533000006,28.67083045800007],[85.08266089300008,28.671415833000026],[85.07707383100006,28.675324833000047],[85.07497120500005,28.67759520800007],[85.07073189200008,28.679507958000045],[85.06672551800006,28.679679458000066],[85.06401408000005,28.680339270000047],[85.06082833000005,28.682302083000025],[85.05594414200004,28.680285145000028],[85.05681558000003,28.677262145000043],[85.05471745500006,28.67223883300005],[85.05460914200006,28.670556645000033],[85.05349945500006,28.669520770000076],[85.04621720500006,28.669171208000023],[85.04365751700004,28.668552521000038],[85.04326158000003,28.66441139500006],[85.04325583000008,28.66053345800003],[85.04257145500009,28.657870020000075],[85.03417470500005,28.656528896000054],[85.02848358000006,28.650537520000057],[85.02523595500008,28.648809270000072],[85.02146876800003,28.642347333000032],[85.01935401800006,28.639322270000036],[85.01507258000004,28.63813614600008],[85.01290245500007,28.636909333000062],[85.01114676800006,28.636958583000023],[85.01017689200006,28.634619583000074],[85.00719851800005,28.63001027100006],[85.00584126700005,28.629799270000035],[85.00511451800008,28.627402021000023],[85.00339201700007,28.625476958000036],[85.00266533000007,28.623068395000075],[85.00069870500005,28.62167745800008],[84.99633058000006,28.61757670800006],[84.99511801700004,28.61567933300006],[84.99337176700004,28.61506270800004],[84.99105814300003,28.612774020000074],[84.98806439300006,28.606091083000024],[84.98839795500004,28.604717020000066],[84.99020364300009,28.603099833000044],[84.99368170600007,28.601820083000064],[84.99503526700005,28.60086039500004],[84.99461014300005,28.598945895000043],[84.99291201800008,28.59764539500003],[84.98993001800005,28.594019270000047],[84.98562783000006,28.591271207000034],[84.98306351800005,28.59018439600004],[84.97750458000007,28.58983877000003],[84.97509283000005,28.58844389500007],[84.97407264300006,28.586608083000044],[84.97013133000007,28.586054270000034],[84.96699739300004,28.586658646000046],[84.95767664300007,28.582970833000047],[84.95520301700003,28.58140227000007],[84.95123176800007,28.580196208000075],[84.94920401800005,28.588198833000035],[84.94959045500008,28.590393521000067],[84.94756495500008,28.594542895000075],[84.94101926700006,28.595567582000058],[84.93837258000008,28.594236833000025],[84.93447370500007,28.59365914500006],[84.92953245500007,28.594227771000078],[84.92643345600004,28.594278270000075],[84.92267151700008,28.59510483300005],[84.92092683000004,28.594879896000066],[84.91994745500006,28.59293277000006],[84.91558670500007,28.58992114600005],[84.91260983000006,28.588486083000078],[84.90989751800004,28.58808245800003],[84.90757776800007,28.588668708000057],[84.90608383000006,28.590686583000036],[84.90322470500007,28.59315120800005],[84.90175164200008,28.590072458000066],[84.89869389200004,28.589397958000063],[84.89469608000007,28.58939502000004],[84.89234889300008,28.58840658200006],[84.88827483000006,28.582529271000055],[84.88172583000005,28.58236895700003],[84.87905264200003,28.58094920800005],[84.87620658100008,28.58064052000003],[84.87107895500003,28.582291145000056],[84.86748276700007,28.580270145000043],[84.86606220500005,28.578151770000034],[84.86420576700004,28.57741683300003],[84.85948708000006,28.572314395000035],[84.85910351700005,28.570640583000056],[84.81429683000005,28.59340064500003],[84.79911158000004,28.601195333000078],[84.78369214200006,28.60900552000004],[84.77923676700004,28.60998777100008],[84.77516683000005,28.610367583000027],[84.77282851800004,28.60998383200007],[84.76976245500003,28.61042770800003],[84.76600839300005,28.612598958000035],[84.76370145500005,28.612404395000056],[84.76130851800008,28.61339927100005],[84.75750883000006,28.613443020000034],[84.74907776700007,28.618189333000032],[84.74701495500005,28.618182583000078],[84.74488526700009,28.616942271000028],[84.73939620400006,28.61664520800008],[84.73505007900008,28.618369895000058],[84.73311614200009,28.620079145000034],[84.72737883000008,28.620504895000067],[84.72527739200007,28.62334977000006],[84.72492389200005,28.62577239500007],[84.72220151800008,28.628893520000076],[84.71803120500005,28.630822083000055],[84.71598201700004,28.632858833000057],[84.70921683000006,28.633907458000067],[84.70725070400005,28.633780083000033],[84.70299220400005,28.63435045800003],[84.69697264200005,28.636321833000068],[84.70028195500004,28.639429332000077],[84.70147233000006,28.64277114500004],[84.70311864300004,28.644583270000055],[84.70372708000008,28.64818533300007],[84.70093920500005,28.650482896000028],[84.69957970400003,28.653837896000027],[84.70154389300006,28.656505708000054],[84.70300695500003,28.65986414500003],[84.70332632900005,28.664018146000046],[84.70476745400003,28.66703152100007],[84.70722458000006,28.67057195800004],[84.70668464300007,28.67131252100006],[84.70326108000006,28.671675521000054],[84.69862758000005,28.671681458000023],[84.69525951800006,28.674651958000027],[84.69383320500003,28.676770958000077],[84.69039989300006,28.67871064600007],[84.68787007900005,28.67887920800007],[84.68443926700007,28.67827845800008],[84.67823308000004,28.678927833000046],[84.67264439300004,28.68183895800007],[84.67053133000007,28.68329108300003],[84.66988395500005,28.685579646000065],[84.67101533000005,28.688971708000054],[84.67077464200008,28.690949145000047],[84.66869233000006,28.694133771000054],[84.66649489200006,28.694625083000062],[84.66496658000005,28.69622995800006],[84.66369676800008,28.698656895000056],[84.66063008000003,28.700201520000064],[84.65788445400005,28.700214896000034],[84.65393845500006,28.701418458000035],[84.65281483000007,28.702299208000056],[84.65222795500006,28.705047708000052],[84.65223839200007,28.70983952000006],[84.65292845400006,28.71431670800007],[84.64991639200008,28.71858833300007],[84.64665201700006,28.719840333000036],[84.64609620500005,28.72446108300005],[84.64353614200007,28.726242083000045],[84.64208633000004,28.728051520000065],[84.63490183000005,28.73179433300004],[84.63159489300006,28.73256564500008],[84.62852045500006,28.736372396000036],[84.61994589200003,28.735726146000047],[84.61753514200007,28.736578708000025],[84.61431339300003,28.735339083000042],[84.61216957900007,28.735109583000053],[84.60795164300004,28.733325958000023],[84.60182101700008,28.734314520000055],[84.59958858000005,28.73559458300008],[84.59454833000007,28.736492208000072],[84.58898483000007,28.734474833000036],[84.58080389300005,28.734595958000057],[84.57385233000008,28.73507008300004],[84.57173051700005,28.738873771000044],[84.56952351800004,28.741389583000057],[84.56128358000007,28.745184833000053],[84.55942239300003,28.74685752000005],[84.55888495500005,28.752062271000057],[84.55687164200003,28.750782396000034],[84.55369395500009,28.75043445800003],[84.54653789300005,28.745554396000045],[84.54193214200006,28.74400945800005],[84.53851870500006,28.745072208000067],[84.53587008000005,28.74526995800005],[84.53355776700005,28.74450752000007],[84.53111414200004,28.742852146000075],[84.52706820500003,28.742094145000067],[84.52604270500007,28.743575958000065],[84.52305964200008,28.744977208000023],[84.51689114200008,28.748468520000074],[84.51331489200004,28.746284708000076],[84.51233539200007,28.745174020000036],[84.50444051700003,28.744154583000068],[84.50205739200004,28.74273983300003],[84.49961645400003,28.740567333000058],[84.49648283000005,28.735649270000067],[84.49404258000004,28.734629333000044],[84.49296507900004,28.732517208000047],[84.48927120400003,28.728214708000053],[84.48683270500004,28.723975333000055],[84.48642070500006,28.720121208000023],[84.48401933000008,28.718309083000065],[84.48603939200007,28.71762952000006],[84.49049195400005,28.714599333000024],[84.49208820500007,28.71293758300004],[84.49447507900004,28.707988020000073],[84.49883476800005,28.703313208000054],[84.50060345400004,28.701921458000072],[84.50315083000004,28.698692583000025],[84.50685170500003,28.697920708000026],[84.51157614200008,28.696492896000052],[84.51751733000003,28.69628527100008],[84.52154083000005,28.695062833000065],[84.52290114200008,28.691529083000034],[84.52247001700005,28.68959502100006],[84.52066189300007,28.68782189600006],[84.51738814200007,28.686007020000034],[84.51620670500006,28.683116958000028],[84.51600920400006,28.678598770000065],[84.51473351700008,28.67447045800003],[84.51576601700003,28.672036708000064],[84.52409583000008,28.663476708000076],[84.52450239300003,28.66228389500003],[84.52307989200006,28.655013520000068],[84.52065751800006,28.653181833000076],[84.52093114200005,28.651739146000068],[84.52266533000005,28.649302646000024],[84.52709889300007,28.648110020000047],[84.53066708000006,28.647523083000067],[84.53358195500005,28.646227896000028],[84.53446495500003,28.643839770000056],[84.53623295400007,28.641326208000066],[84.53599895500008,28.638446083000076],[84.53814957900005,28.63351695800003],[84.54106608000006,28.629139833000067],[84.54412001800006,28.627780708000046],[84.54481295500005,28.626029458000062],[84.54307345500007,28.62379158300007],[84.54302233000004,28.61894802000006],[84.54337995500003,28.613419021000027],[84.54276801700007,28.61213777000006],[84.54317826700003,28.60839095800003],[84.54387014200006,28.606452458000035],[84.54403758000007,28.603232270000035],[84.54359076700007,28.598250333000067],[84.54900608000008,28.588924333000023],[84.54994395500006,28.585439333000068],[84.55110320500006,28.58410352100003],[84.55041657900006,28.57851789500006],[84.55071270400003,28.57648845800003],[84.55231770400007,28.57327827000006],[84.55293864200007,28.56983514600006],[84.54969832900008,28.56217970800003],[84.55395708000003,28.55909408200006],[84.55206764300004,28.556586208000056],[84.55046383000007,28.555672208000033],[84.55003858000003,28.55436089500006],[84.55235726700005,28.552596208000068],[84.55539839200009,28.552155146000075],[84.55895026700006,28.552508270000033],[84.56159326800008,28.550006645000053],[84.56113170500004,28.545611333000068],[84.56141501700006,28.54290283200004],[84.56106382900003,28.539436583000054],[84.56249232900007,28.537790458000075],[84.56181758000008,28.534494833000053],[84.56218476700008,28.532683895000048],[84.56636095500005,28.52854908300003],[84.56747639300005,28.52574227100007],[84.56896445500007,28.523831896000047],[84.56955014300007,28.52194108200007],[84.56915764200005,28.517344707000063],[84.57044451700006,28.513794958000062],[84.57166495400008,28.51263014600005],[84.57272183000003,28.509904833000064],[84.56865895500005,28.506048083000053],[84.56874439200004,28.504003646000058],[84.56728457900005,28.50136333300003],[84.56753633000005,28.49864814500006],[84.56919626700005,28.49502458300003],[84.56687089200005,28.48679489600005],[84.56841220400008,28.484193833000063],[84.57030068100005,28.48265629100007],[84.57296533000005,28.481929895000064],[84.57897489200008,28.478693958000065],[84.58522645400006,28.47692545800004],[84.58850120500006,28.47217564500005],[84.58954264300007,28.470050395000044],[84.59148720500008,28.467914395000037],[84.59439926700009,28.46597495800006],[84.59543551700006,28.46226358200005],[84.59866239200005,28.457450583000025],[84.60120095400003,28.451618520000068],[84.60663095500007,28.449277332000065],[84.60969470500004,28.448891395000032],[84.61504958000006,28.44740758300003],[84.61669601700004,28.44760089500005],[84.62131301800008,28.44929458300004],[84.62450164200004,28.448546770000064],[84.62633164200008,28.446433332000026],[84.63253801700006,28.44482083200006],[84.63301851700004,28.44351908300007],[84.63657820500003,28.44169977000007],[84.64034833000005,28.438182832000052],[84.64282870400007,28.43427033300003],[84.64559095500005,28.426038082000048],[84.64759389300008,28.42290152100003],[84.64919495500004,28.418438020000053],[84.65147933000009,28.416500333000045],[84.65654601700004,28.41415895700004],[84.65880158000004,28.41193702000004],[84.66206120500004,28.40939883300007],[84.66386820500009,28.40596745700003],[84.66889395500004,28.40048077000006],[84.66974189200005,28.398177583000063],[84.67305345500006,28.392854707000026],[84.67850445500005,28.38601870800005],[84.67651089200007,28.383145270000057],[84.67688014200007,28.380228457000044],[84.67848595500004,28.376297020000038],[84.68039933000006,28.37460889500005],[84.68511751700004,28.372038083000064],[84.68861051700009,28.36809027000004],[84.69145914200004,28.365339145000064],[84.69415951700006,28.363919833000068],[84.69701257900005,28.360800770000026],[84.69938870500005,28.35956127000003],[84.70315570500009,28.359228270000074],[84.71132958000004,28.354102770000054],[84.71510558000006,28.355046395000045],[84.71829901800004,28.354418208000027],[84.72088489200007,28.35501602000005],[84.72565089300008,28.35721527000004],[84.73382408000003,28.35932395800006],[84.73924283000008,28.361237145000075],[84.74217114300006,28.36126189500004],[84.74690614300005,28.36038995800004],[84.74903570500004,28.361172458000055],[84.74945901800004,28.362977270000044],[84.74883270500004,28.364772083000048],[84.74904283000006,28.367002270000057],[84.75095564200006,28.370303770000078],[84.75212201800008,28.371842770000057],[84.75665220500008,28.375935146000074],[84.75801926700007,28.376252458000067],[84.76049389200006,28.37492558300005],[84.76575358000008,28.371399145000055],[84.77090820500007,28.36652620800004],[84.77679764200008,28.36866539600004],[84.77882351800008,28.36907577100004],[84.78538358000003,28.36846052100003],[84.78864420500008,28.36777164500006],[84.79557320500004,28.367553146000034],[84.79845283000003,28.366320270000074],[84.80385508000006,28.366033583000046],[84.80822176800007,28.36624914500004],[84.81388220500008,28.366951020000045],[84.81948958000004,28.36728514500004],[84.82228033000007,28.365747707000025],[84.82428558000004,28.36554383200007],[84.82561614200006,28.364267833000042],[84.82967620500006,28.36196227000005],[84.83554689300007,28.360214020000058],[84.83919270500007,28.35992539600005],[84.84251876700006,28.360906645000057],[84.85049239200004,28.358702520000065],[84.85582995500005,28.360115333000067],[84.85899039200007,28.360614333000058],[84.86350620500008,28.359110332000057],[84.86832058000005,28.35826527000006],[84.86968426800007,28.35729327000007],[84.87287558000008,28.357600020000064],[84.87461426800007,28.35679920800004],[84.87639895500007,28.354777582000054],[84.87920020500007,28.35503033300006],[84.88142995500004,28.35379308200004],[84.88365370500009,28.351220270000056],[84.88795408000004,28.35127127000004],[84.88929708000006,28.348467208000045],[84.89432595500006,28.344919333000064],[84.89439608000004,28.341649833000076],[84.89516445500004,28.340144457000065],[84.89861483000004,28.339320833000045],[84.90358808000008,28.34088758200005],[84.90387289300008,28.33740227000004],[84.90546451800003,28.335796645000073],[84.90529470500007,28.333433395000043],[84.90655158000004,28.331753270000036],[84.90899433000004,28.33032245700008],[84.91078489300008,28.330305958000054],[84.91011445600003,28.33242670800007],[84.91139270500008,28.33348527100003],[84.91085714300004,28.335415583000042],[84.91230395500008,28.342246395000075],[84.91689164300004,28.346321708000062],[84.91772408000008,28.34792470700006],[84.92219995500005,28.348966145000077],[84.92433745500006,28.34819589500006],[84.92890964200006,28.347467708000067],[84.93366926800007,28.348874583000054],[84.93810570500005,28.35295245800006],[84.94033933100008,28.353977146000034],[84.94363964200005,28.357092582000064],[84.94903533000007,28.358309520000034],[84.95102583000005,28.360077957000044],[84.95550664300004,28.360511333000034],[84.96137326700006,28.362665270000036],[84.96578895500005,28.363850082000056],[84.96895626800006,28.365048083000033],[84.97225933000004,28.364411020000034],[84.97427633000007,28.365109520000033],[84.97797676800008,28.36747895800005],[84.97917245600007,28.37005133300005],[84.98050958000005,28.371490083000026],[84.98542320500007,28.373225646000037],[84.98965701700007,28.37755145700004],[84.99245314300003,28.381000895000057],[84.99691189300006,28.383199583000078],[84.99886589200008,28.38624002000006],[85.00176520500008,28.388808708000056],[85.00352933100004,28.393476958000065],[85.00476214200006,28.39440645700006],[85.01143339200007,28.397432020000053],[85.01448045500007,28.401786083000047],[85.01360333000008,28.403588395000043],[85.00909076800008,28.407892583000034],[85.00629076800004,28.409905395000067],[85.00011151800004,28.412732645000062],[85.00203639300008,28.41776520800005],[85.00285951700005,28.424881458000073],[85.00444983000006,28.429652583000063],[85.00459358000006,28.433387457000038],[85.00326545500008,28.437958958000024],[85.00294076800003,28.44135220700008],[85.00133133000008,28.44344408300003],[85.00092101700005,28.449206770000046],[85.00125351800006,28.454289395000046],[85.00079558000004,28.455677958000024],[85.00103920500004,28.46154864600004],[85.00037933100003,28.465149583000027],[85.00075014300006,28.468738458000075],[85.00133395500006,28.47006520800005],[85.00439389200005,28.470800645000054],[85.00670508000007,28.471936395000057],[85.01041895500003,28.47135389500005],[85.01203651800006,28.469952145000036],[85.01422833100008,28.470075708000024],[85.01876439300008,28.469046895000076],[85.02068501800005,28.46811870700003],[85.02492314200003,28.467511646000048],[85.02765664300006,28.467946707000067],[85.03025508000007,28.467090083000073],[85.03542526800004,28.466579333000027],[85.03757314200004,28.46743377000007],[85.04211833000005,28.468087145000027],[85.04479289200003,28.46907052000006],[85.05526633000005,28.46840764500007],[85.05650539300007,28.467330895000032],[85.06017233000006,28.467654332000052],[85.06352064200007,28.467134146000035],[85.06500401800008,28.465669645000048],[85.06967095600004,28.465847333000056],[85.07273151800007,28.465040395000074],[85.07602251800006,28.465558083000076],[85.08167070600007,28.463945395000053],[85.08320745500004,28.463114270000062],[85.08622333000005,28.46325264500007],[85.09454814200006,28.46252714600007],[85.09622839300005,28.461451020000027],[85.09974514300006,28.457569396000054],[85.10174533100007,28.456713958000023]]]}},{"type":"Feature","properties":{"STATE_CODE":4,"DISTRICT":"GORKHA","GaPa_NaPa":"Dharche","Type_GN":"Gaunpalika","Province":"Gandaki","provinceId":"4","provinceCode":"4","provinceName":"Gandaki","districtId":"401","districtName":"Gorkha","municipalityId":"40104","municipalityCode":"40104","municipalityName":"Dharche Rural Municipality","municipalityNameNe":"धार्चे गाउँपालिका","municipalityType":"rural_municipality"},"geometry":{"type":"Polygon","coordinates":[[[85.10174533100007,28.456713958000023],[85.09974514300006,28.457569396000054],[85.09622839300005,28.461451020000027],[85.09454814200006,28.46252714600007],[85.08622333000005,28.46325264500007],[85.08320745500004,28.463114270000062],[85.08167070600007,28.463945395000053],[85.07602251800006,28.465558083000076],[85.07273151800007,28.465040395000074],[85.06967095600004,28.465847333000056],[85.06500401800008,28.465669645000048],[85.06352064200007,28.467134146000035],[85.06017233000006,28.467654332000052],[85.05650539300007,28.467330895000032],[85.05526633000005,28.46840764500007],[85.04479289200003,28.46907052000006],[85.04211833000005,28.468087145000027],[85.03757314200004,28.46743377000007],[85.03542526800004,28.466579333000027],[85.03025508000007,28.467090083000073],[85.02765664300006,28.467946707000067],[85.02492314200003,28.467511646000048],[85.02068501800005,28.46811870700003],[85.01876439300008,28.469046895000076],[85.01422833100008,28.470075708000024],[85.01203651800006,28.469952145000036],[85.01041895500003,28.47135389500005],[85.00670508000007,28.471936395000057],[85.00439389200005,28.470800645000054],[85.00133395500006,28.47006520800005],[85.00075014300006,28.468738458000075],[85.00037933100003,28.465149583000027],[85.00103920500004,28.46154864600004],[85.00079558000004,28.455677958000024],[85.00125351800006,28.454289395000046],[85.00092101700005,28.449206770000046],[85.00133133000008,28.44344408300003],[85.00294076800003,28.44135220700008],[85.00326545500008,28.437958958000024],[85.00459358000006,28.433387457000038],[85.00444983000006,28.429652583000063],[85.00285951700005,28.424881458000073],[85.00203639300008,28.41776520800005],[85.00011151800004,28.412732645000062],[85.00629076800004,28.409905395000067],[85.00909076800008,28.407892583000034],[85.01360333000008,28.403588395000043],[85.01448045500007,28.401786083000047],[85.01143339200007,28.397432020000053],[85.00476214200006,28.39440645700006],[85.00352933100004,28.393476958000065],[85.00176520500008,28.388808708000056],[84.99886589200008,28.38624002000006],[84.99691189300006,28.383199583000078],[84.99245314300003,28.381000895000057],[84.98965701700007,28.37755145700004],[84.98542320500007,28.373225646000037],[84.98050958000005,28.371490083000026],[84.97917245600007,28.37005133300005],[84.97797676800008,28.36747895800005],[84.97427633000007,28.365109520000033],[84.97225933000004,28.364411020000034],[84.96895626800006,28.365048083000033],[84.96578895500005,28.363850082000056],[84.96137326700006,28.362665270000036],[84.95550664300004,28.360511333000034],[84.95102583000005,28.360077957000044],[84.94903533000007,28.358309520000034],[84.94363964200005,28.357092582000064],[84.94033933100008,28.353977146000034],[84.93810570500005,28.35295245800006],[84.93366926800007,28.348874583000054],[84.92890964200006,28.347467708000067],[84.92433745500006,28.34819589500006],[84.92219995500005,28.348966145000077],[84.91772408000008,28.34792470700006],[84.91689164300004,28.346321708000062],[84.91230395500008,28.342246395000075],[84.91085714300004,28.335415583000042],[84.91139270500008,28.33348527100003],[84.91011445600003,28.33242670800007],[84.91078489300008,28.330305958000054],[84.90899433000004,28.33032245700008],[84.90655158000004,28.331753270000036],[84.90529470500007,28.333433395000043],[84.90546451800003,28.335796645000073],[84.90387289300008,28.33740227000004],[84.90358808000008,28.34088758200005],[84.89861483000004,28.339320833000045],[84.89516445500004,28.340144457000065],[84.89439608000004,28.341649833000076],[84.89432595500006,28.344919333000064],[84.88929708000006,28.348467208000045],[84.88795408000004,28.35127127000004],[84.88365370500009,28.351220270000056],[84.88142995500004,28.35379308200004],[84.87920020500007,28.35503033300006],[84.87639895500007,28.354777582000054],[84.87461426800007,28.35679920800004],[84.87287558000008,28.357600020000064],[84.86968426800007,28.35729327000007],[84.86832058000005,28.35826527000006],[84.86350620500008,28.359110332000057],[84.85899039200007,28.360614333000058],[84.85582995500005,28.360115333000067],[84.85049239200004,28.358702520000065],[84.84251876700006,28.360906645000057],[84.83919270500007,28.35992539600005],[84.83554689300007,28.360214020000058],[84.82967620500006,28.36196227000005],[84.82561614200006,28.364267833000042],[84.82428558000004,28.36554383200007],[84.82228033000007,28.365747707000025],[84.81948958000004,28.36728514500004],[84.81388220500008,28.366951020000045],[84.80822176800007,28.36624914500004],[84.80385508000006,28.366033583000046],[84.79845283000003,28.366320270000074],[84.79557320500004,28.367553146000034],[84.78864420500008,28.36777164500006],[84.78538358000003,28.36846052100003],[84.77882351800008,28.36907577100004],[84.77679764200008,28.36866539600004],[84.77090820500007,28.36652620800004],[84.76575358000008,28.371399145000055],[84.76049389200006,28.37492558300005],[84.75801926700007,28.376252458000067],[84.75665220500008,28.375935146000074],[84.75212201800008,28.371842770000057],[84.75095564200006,28.370303770000078],[84.75160357900006,28.36668814500007],[84.75291270500009,28.364061520000064],[84.75291101700003,28.361748958000078],[84.75186070500007,28.358296146000043],[84.75114470500006,28.354049520000046],[84.75173508000006,28.349694145000058],[84.75296151700007,28.34612039500007],[84.75212108000005,28.34104420700004],[84.75108326700007,28.336794833000056],[84.75284020500004,28.32982720800004],[84.75253258000004,28.327053832000047],[84.75297445500007,28.32408902000003],[84.75201608000003,28.31806814500004],[84.75215558000008,28.308456145000036],[84.75192614200006,28.307548207000025],[84.75486814300007,28.303123396000046],[84.75627839200007,28.302377832000047],[84.75542908000006,28.300245957000072],[84.75628045500008,28.29835058200007],[84.75632245500003,28.29572195700007],[84.75894476800005,28.287524270000063],[84.76280076700004,28.280935145000058],[84.76516520500007,28.279838957000038],[84.76509414200007,28.277838145000032],[84.76635139200005,28.276069020000023],[84.76729770500003,28.272884770000076],[84.76795108000005,28.268131895000067],[84.77018983000005,28.265287770000043],[84.76911401800004,28.261857708000036],[84.77149833000004,28.256158708000044],[84.77478139300007,28.252523520000068],[84.77334214200005,28.250189770000077],[84.77464495500004,28.245081207000055],[84.77391658000005,28.24231702000003],[84.77557845500007,28.238357020000024],[84.77527808000008,28.23574833300006],[84.77435951800004,28.23405464500007],[84.77466714300004,28.231149207000044],[84.77404714200009,28.229609457000038],[84.77575758000006,28.22534239500004],[84.77425608000004,28.222377270000038],[84.77512583000004,28.216795020000063],[84.77521283000004,28.21419320800004],[84.77608758000008,28.210833270000023],[84.77728345500003,28.208895208000058],[84.77880776800004,28.20791639500004],[84.78122539200007,28.207640895000054],[84.78284451700006,28.206126770000026],[84.78426176800008,28.203846645000056],[84.78691964300003,28.202040020000027],[84.78880376700005,28.20014752000003],[84.79209501800005,28.19394427000003],[84.79092045500005,28.192053645000044],[84.79043983000008,28.18730039500008],[84.79114895500004,28.186082458000044],[84.79068714300007,28.17765152000004],[84.79177376700005,28.17444820700007],[84.79145464200008,28.172951957000066],[84.79439739300005,28.16950095800007],[84.79560045400007,28.167102458000045],[84.80071626700004,28.16276102000006],[84.80140258000006,28.160473770000067],[84.80196070500006,28.155770895000046],[84.80880864300008,28.153287145000036],[84.81190833000005,28.153325207000023],[84.81365370500004,28.15445420700007],[84.81849264200008,28.153554520000057],[84.82084745500003,28.154309770000054],[84.82532720500006,28.15420839500007],[84.82686120500006,28.155146770000044],[84.82692239300007,28.15656327000005],[84.82813558000004,28.158568458000047],[84.83492951700003,28.159183770000027],[84.83654339300006,28.160468957000035],[84.83895783000008,28.160345895000034],[84.84238726800004,28.161344645000042],[84.84727039200004,28.158038582000074],[84.84959139300008,28.155847020000067],[84.85397508000005,28.15647627000004],[84.85671364300003,28.157582707000074],[84.85963376800004,28.158155583000053],[84.86516151700005,28.157383020000054],[84.86689589200006,28.156753895000065],[84.87125801800005,28.156119270000033],[84.87324683000008,28.160812958000065],[84.87482333000008,28.161829458000057],[84.87885658000005,28.16540002000005],[84.88403126800006,28.170747645000063],[84.88995570500003,28.16932620800003],[84.89465339200007,28.169268583000076],[84.89752195500006,28.17052902000006],[84.90079395500004,28.170721895000042],[84.90375233000003,28.171753770000066],[84.90730689300005,28.170266020000042],[84.90902820600007,28.17043958200003],[84.91043333000005,28.171605707000026],[84.91915795600005,28.17618608300006],[84.92225889300005,28.176372770000057],[84.92543151800004,28.17755614500004],[84.92790626800007,28.179305957000054],[84.92853351700006,28.180653145000065],[84.93118089300003,28.182403958000066],[84.93180476800006,28.18401739500007],[84.93456639300007,28.186802958000044],[84.93632076700004,28.18774077000006],[84.93984170500005,28.191721332000043],[84.94056720500004,28.195251708000058],[84.94451858000008,28.196289395000065],[84.95060451800003,28.198805707000076],[84.95284189200004,28.199099208000064],[84.95716483000007,28.198153082000033],[84.96577683000004,28.192515395000044],[84.96949914200007,28.19137233300006],[84.97449658000005,28.18833170700003],[84.97556633100004,28.18891745700006],[84.97571201800008,28.190870207000046],[84.97334589200005,28.193711708000023],[84.97284351800005,28.198906582000063],[84.96974426700007,28.20173970700006],[84.96989233000005,28.203539083000067],[84.96913758000005,28.205137207000064],[84.96637345600004,28.208662770000046],[84.96429370500005,28.212539958000036],[84.96624370500007,28.214969520000068],[84.96694601800004,28.217157520000058],[84.96946720500006,28.218793395000034],[84.97136201800004,28.22206714500004],[84.97358026800003,28.22377277000004],[84.97718333000006,28.225152645000037],[84.97927695500005,28.226516145000062],[84.98169751800003,28.229219645000057],[84.98477564300003,28.234303082000054],[84.98665958000004,28.235279958000035],[84.99181945500004,28.24268095800005],[84.99382170500007,28.244500645000073],[84.99633270600003,28.24376264500006],[84.99999945500008,28.240266020000035],[85.00109376700004,28.241503395000052],[85.00134826800007,28.24426752000005],[85.00490951800003,28.247873645000027],[85.00310214300004,28.25029195700006],[85.00299483000003,28.252165270000035],[85.00812583000004,28.25541464500003],[85.01192345500004,28.255591895000066],[85.01570920500006,28.257269395000037],[85.01945576800006,28.258024395000064],[85.02362464200007,28.26010939500003],[85.02916445600005,28.261317770000062],[85.03240164300007,28.270667270000047],[85.03345970600003,28.272698770000034],[85.03404870500003,28.27906095800006],[85.03566770500004,28.28156420700003],[85.03709201800007,28.28500514500007],[85.03731508000004,28.28718283300003],[85.03949483000008,28.289399770000045],[85.04021739200005,28.29168864500008],[85.03930676800007,28.29529402000003],[85.03619858000008,28.299403332000054],[85.03495176700005,28.30200508300004],[85.03546939300008,28.30365933300004],[85.03962226800007,28.308151145000068],[85.04232064300004,28.31023102000006],[85.04412070500007,28.312933521000048],[85.04487770600008,28.315192832000037],[85.04436089300003,28.317554396000048],[85.04571795500004,28.320492582000043],[85.04697933000006,28.32146208300003],[85.04888376700006,28.32566852100007],[85.05236908000006,28.32578383200007],[85.05522026800008,28.32681539500004],[85.05728995500004,28.328674145000036],[85.06828495500008,28.337368957000024],[85.06960008000004,28.339086832000078],[85.07339070600005,28.340485083000033],[85.07554683000006,28.34207214500003],[85.07963883000008,28.343874020000044],[85.08278051800005,28.345685520000075],[85.08641014200003,28.345444582000027],[85.09060051800003,28.346173708000038],[85.09337926800004,28.344838395000068],[85.09738839300007,28.344544520000056],[85.10535326700005,28.34536683300007],[85.10763989300006,28.346205458000043],[85.11019026800005,28.346405895000032],[85.11123683000005,28.349503895000055],[85.11525101800004,28.357013021000057],[85.11655001800005,28.361658770000076],[85.11683639300009,28.365807520000033],[85.11857564300004,28.36900127000007],[85.12046351700008,28.370373208000046],[85.12312589300006,28.37116345800007],[85.12411589300007,28.37251795700007],[85.12448545500007,28.374606208000046],[85.12376533100007,28.376342521000026],[85.12339545500004,28.379497208000032],[85.12434445500008,28.38294783300006],[85.12422945500003,28.385764271000028],[85.12480320600008,28.38689202000006],[85.12866526800008,28.39083064500005],[85.12887414300008,28.392243395000037],[85.12711714300008,28.396724833000064],[85.12224858100006,28.40055058300004],[85.11875258100008,28.40609077000005],[85.11815501800004,28.409809083000027],[85.11979870600004,28.41312083300005],[85.11971214200008,28.41562570700006],[85.11768301700005,28.422629207000057],[85.11641839200007,28.42536252000008],[85.11562708000008,28.428507146000072],[85.11573926800008,28.43007639500007],[85.11491358000006,28.433173832000023],[85.11550545500006,28.437773458000038],[85.11654283000007,28.44098189500005],[85.11653820500004,28.443030520000036],[85.11516964300006,28.44384258300005],[85.10983470600007,28.44492845700006],[85.10725951800003,28.446183458000064],[85.10415464200008,28.448604583000076],[85.10249195500006,28.451476333000073],[85.10162976800007,28.454921458000058],[85.10174533100007,28.456713958000023]]]}},{"type":"Feature","properties":{"STATE_CODE":4,"DISTRICT":"GORKHA","GaPa_NaPa":"Gandaki","Type_GN":"Gaunpalika","Province":"Gandaki","provinceId":"4","provinceCode":"4","provinceName":"Gandaki","districtId":"401","districtName":"Gorkha","municipalityId":"40111","municipalityCode":"40111","municipalityName":"Gandaki Rural Municipality","municipalityNameNe":"गण्डकी गाउँपालिका","municipalityType":"rural_municipality"},"geometry":{"type":"Polygon","coordinates":[[[84.73463889300007,27.926945208000063],[84.73261951700005,27.926983020000023],[84.72971845500007,27.927941582000074],[84.72514845500007,27.92788220700004],[84.72373770400003,27.927293958000064],[84.72185964300007,27.924794832000032],[84.72045933000004,27.921259832000032],[84.71838545500003,27.920627582000066],[84.71328464200008,27.91773445700005],[84.71282914200003,27.91965014500005],[84.71042976800004,27.919538457000044],[84.70843720400006,27.92171927000004],[84.70602801700005,27.920887770000036],[84.70480201800007,27.919560645000047],[84.70106970500007,27.917585082000073],[84.69832533000005,27.918821895000065],[84.69603264200003,27.917319520000035],[84.69299489300005,27.916576770000063],[84.68998058000005,27.917611708000038],[84.68773545500005,27.91647677000003],[84.68337408000008,27.91780708300007],[84.68208464300005,27.916457458000025],[84.67757114200003,27.91559976900004],[84.67523408000005,27.91375201900007],[84.67339401700008,27.909683895000057],[84.67158120500005,27.90940395800004],[84.66963008000005,27.90759033200004],[84.66880364200006,27.904746894000027],[84.66746408000006,27.902724957000032],[84.66563114300004,27.901201770000057],[84.66195601700008,27.896720395000045],[84.65919289200008,27.895892020000076],[84.65697126700007,27.895789832000048],[84.65384258000006,27.894563769000058],[84.64832439200006,27.89135195700004],[84.64743239200004,27.886665270000037],[84.64500764200005,27.88534770700005],[84.64340845500004,27.882453519000023],[84.64017064200004,27.879747458000054],[84.63977451700003,27.877262832000042],[84.64011876800004,27.875027457000044],[84.63847939200008,27.873013395000044],[84.63605201800004,27.871309833000055],[84.63499901800003,27.869367457000067],[84.63596995500006,27.86866802000003],[84.63589414200004,27.86307720700006],[84.63655545500006,27.861111144000063],[84.63813182900003,27.859858332000044],[84.64092289200005,27.859455082000068],[84.64407189200006,27.85959383200003],[84.64847895500003,27.860392208000064],[84.65187720500006,27.859094645000027],[84.65203626700008,27.858101082000076],[84.64904483000004,27.854899958000033],[84.64946864300003,27.853160582000044],[84.65129614300008,27.852466020000065],[84.65699901700003,27.852202082000076],[84.66088976800006,27.850870332000056],[84.66288070500008,27.84877814500004],[84.66374808000006,27.845414332000075],[84.66615164200005,27.840357582000024],[84.66544295500006,27.83590927000006],[84.66326239200004,27.830773082000064],[84.66345607900007,27.828500020000035],[84.66786158000008,27.82506945800003],[84.66986226700004,27.822083645000077],[84.66945758000008,27.81961489500003],[84.67019883000006,27.818302645000074],[84.67329957900006,27.816775832000076],[84.67903183000004,27.815628582000045],[84.68095595500006,27.813863707000053],[84.68722726800007,27.810102895000057],[84.68962758000004,27.810041394000052],[84.69525414200007,27.809218895000072],[84.69886589300006,27.808230394000077],[84.70930376800004,27.806543645000033],[84.71039058000008,27.804696895000063],[84.71013151800008,27.80232458200004],[84.71239595500003,27.80052589400003],[84.71599795500003,27.80024558200006],[84.71970383000007,27.80302183200007],[84.72139339200004,27.803243207000037],[84.72413064300008,27.800929644000064],[84.72944926800005,27.799796082000057],[84.73048426700007,27.798809145000064],[84.73168333000007,27.795892082000023],[84.73404201800008,27.795446395000056],[84.73892282900005,27.798576957000023],[84.73935383000008,27.80114233300003],[84.74074833000003,27.80369358200005],[84.74710501800007,27.804173770000034],[84.74975126700008,27.80541395700004],[84.75268914300005,27.804951208000034],[84.75602476700004,27.806228144000045],[84.75843595400005,27.80877133200005],[84.75886820500006,27.810528832000045],[84.75882470400006,27.813859395000065],[84.76229783000008,27.816699020000044],[84.76482064300006,27.817998270000032],[84.76682207900006,27.818321082000068],[84.77161608000006,27.814896395000062],[84.77072520500008,27.812180270000056],[84.77146251800008,27.810662144000048],[84.77470020500004,27.80864495700007],[84.77702539300003,27.808297957000036],[84.77844420500008,27.80922858200006],[84.78152864300006,27.812496332000023],[84.78456308000005,27.813632145000042],[84.78411670500003,27.815536707000035],[84.77960139300006,27.818292394000025],[84.77589770500003,27.82396083200007],[84.77529626800003,27.82923489500007],[84.77813833000005,27.835105645000056],[84.77735583000003,27.836434457000053],[84.77253758000006,27.839311207000037],[84.77211182900004,27.842632644000048],[84.76973970500006,27.843552895000073],[84.77023108000003,27.846264519000044],[84.77021851800004,27.851492332000078],[84.76752939300007,27.853549332000057],[84.76792620500004,27.857085020000056],[84.76727376700006,27.85907420700005],[84.76591214200005,27.85985564400005],[84.76152326700003,27.85915570700007],[84.75821145500004,27.861538520000067],[84.75641089300007,27.865124644000048],[84.75727120500005,27.869262519000074],[84.75471708000003,27.874878832000036],[84.74913320500008,27.87835695700005],[84.74809651800007,27.880298457000038],[84.74895745500004,27.882065019000038],[84.75064333000006,27.883592332000035],[84.75101601800003,27.88626627000008],[84.74561570500003,27.88827889500004],[84.74367920500003,27.88974689500003],[84.74030926800003,27.890223082000034],[84.73885558000006,27.891004769000062],[84.73789501800007,27.893157958000074],[84.73980301700004,27.896814207000034],[84.73859101700003,27.900196082000036],[84.73618408000004,27.903875458000073],[84.73540220500007,27.907223457000043],[84.73668570500007,27.910914645000048],[84.73727564300003,27.915211958000043],[84.73640839200004,27.916744145000052],[84.73549520500006,27.924720457000035],[84.73418658000008,27.925607395000043],[84.73463889300007,27.926945208000063]]]}},{"type":"Feature","properties":{"STATE_CODE":4,"DISTRICT":"GORKHA","GaPa_NaPa":"Gorkha","Type_GN":"Nagarpalika","Province":"Gandaki","provinceId":"4","provinceCode":"4","provinceName":"Gandaki","districtId":"401","districtName":"Gorkha","municipalityId":"40109","municipalityCode":"40109","municipalityName":"Gorkha Urban Municipality","municipalityNameNe":"गोरखा नगरपालिका","municipalityType":"municipality"},"geometry":{"type":"Polygon","coordinates":[[[84.68728533000007,27.99323114500004],[84.68805564200005,27.993753020000042],[84.68741345500007,27.997305332000053],[84.68951008000005,28.000002395000024],[84.68854826800003,28.002669582000067],[84.68925976800006,28.00421158200004],[84.69182639200005,28.007034833000034],[84.69337495500008,28.00767902000007],[84.69421470400005,28.01443914500004],[84.69507320500009,28.016979895000077],[84.69508689200006,28.01990164500006],[84.69608239300004,28.02297870700005],[84.69907095500008,28.021742895000045],[84.69969158000004,28.022653520000063],[84.69792101700006,28.024889458000075],[84.69989745500004,28.02647683200007],[84.70315620500008,28.02387002000006],[84.70396345500006,28.02503233300007],[84.70417951800005,28.027558270000043],[84.70541626800008,28.031308583000055],[84.70372989200007,28.03446470700004],[84.70025033000007,28.038464770000076],[84.70016839200008,28.04014614500005],[84.69314451700006,28.039279270000065],[84.68308501800004,28.03911302000006],[84.67964045500008,28.03992208300008],[84.67685545400008,28.039980958000058],[84.67167539300004,28.040832145000024],[84.66766433000004,28.040215458000034],[84.66200826700003,28.042368208000028],[84.65869514200006,28.044967582000027],[84.65595064200005,28.04616077000003],[84.65318051700007,28.04838733200006],[84.65019283000004,28.049881645000028],[84.64891451700004,28.04877083200006],[84.64620808000006,28.049237082000047],[84.63451570500007,28.044458645000077],[84.63338451700008,28.043462083000065],[84.62840039200006,28.040811270000063],[84.62616851700005,28.04021458300008],[84.62181420500008,28.040128270000025],[84.62084364300006,28.039399395000032],[84.61728851700008,28.038864895000074],[84.61550070400006,28.037298020000037],[84.61307539300003,28.036309333000077],[84.60920433000007,28.03552108300005],[84.60577858000005,28.035809207000057],[84.60379795500006,28.03507789500003],[84.60095432900005,28.03280245800005],[84.59899870500004,28.030256895000036],[84.59534526700008,28.028535457000032],[84.59269258000006,28.026356082000063],[84.59237220500006,28.025432395000053],[84.59203951700005,28.018299395000042],[84.59136307900008,28.01618364500007],[84.58875864300006,28.01381445800007],[84.58378689300008,28.01240964400006],[84.58163964300007,28.012265332000027],[84.57859007900004,28.009559394000064],[84.57398570500004,28.003779958000052],[84.57188414200004,28.000217020000036],[84.57185714200006,27.997994645000063],[84.56939207900007,27.997183582000048],[84.56819901800003,27.992538270000068],[84.56665689200008,27.990768957000057],[84.56756895400008,27.987633457000072],[84.56636495500004,27.98342589500004],[84.56307751700007,27.975785957000028],[84.55998414200008,27.97267133200006],[84.55846633000004,27.97170502000006],[84.55758520500007,27.969131895000032],[84.55662451800004,27.968138520000025],[84.55695401700007,27.96500089500006],[84.55388151700004,27.963754270000038],[84.55241076700008,27.962636520000046],[84.54890451700004,27.958902770000066],[84.54768539200006,27.958896395000068],[84.54585126700005,27.957006083000067],[84.54411557900005,27.95712352000004],[84.54291839200005,27.954653145000066],[84.54049420500007,27.954910833000042],[84.54133726700007,27.957849707000037],[84.54242470500003,27.959722707000026],[84.54019383000008,27.960812270000076],[84.53789026700008,27.95967733300006],[84.53175570400003,27.95864070700003],[84.53033451700009,27.956550082000035],[84.52617595500004,27.958533583000076],[84.52292389300004,27.958548207000035],[84.52235601700005,27.959877082000048],[84.51829170500008,27.95903277000008],[84.51432189200005,27.958686645000057],[84.51084839200007,27.95902220800008],[84.50676764200006,27.95802420700005],[84.50177614200004,27.957507770000063],[84.49978982900006,27.956325895000077],[84.49542589200007,27.955326332000027],[84.49332326800004,27.95368227000006],[84.49263701700005,27.951974395000036],[84.49297239300006,27.94930395700004],[84.48994839200003,27.94757283200005],[84.48712164200003,27.947163207000074],[84.48377433000007,27.94554370700007],[84.48215451800007,27.943119270000068],[84.47830089200005,27.940865082000073],[84.47904751800007,27.937890895000066],[84.47842189200009,27.936755895000033],[84.47534345500009,27.936525145000076],[84.47555170500004,27.935493270000052],[84.47793426700008,27.935063083000045],[84.48172501700003,27.93350202000005],[84.48403801700005,27.93201833200004],[84.48440001800003,27.92930483200007],[84.48589932900006,27.92782845800008],[84.49037395500005,27.92631439400003],[84.49667626700005,27.92660545700005],[84.50203801700007,27.925800770000023],[84.50870101700008,27.922816020000027],[84.51050045500006,27.92028902000004],[84.50915420500007,27.918696519000036],[84.50322208000006,27.917608208000047],[84.50236664300007,27.916081519000045],[84.50360301700005,27.915400082000076],[84.50787814200004,27.914567582000075],[84.51107270500006,27.913407332000077],[84.51345670500007,27.91450183200004],[84.51368614200004,27.916283520000036],[84.51529682900008,27.91753645700004],[84.51665776700008,27.91698989500003],[84.51783770400004,27.915254832000073],[84.51841083000005,27.913052708000066],[84.51988439200005,27.912316145000034],[84.52258970500003,27.914183145000038],[84.52521426700008,27.915091520000033],[84.52806958000008,27.914593208000042],[84.53414445500005,27.91278283300005],[84.53655570400008,27.913687270000025],[84.53751570500003,27.916091020000067],[84.53889070500009,27.917396583000027],[84.54108626700008,27.916790019000075],[84.54230883000008,27.91349333200003],[84.54184720500007,27.91159295800003],[84.53982170500007,27.909854520000067],[84.53980445500008,27.90893852000005],[84.54262383000008,27.90662820700004],[84.54755301700004,27.90467502000007],[84.54771776700005,27.907253395000055],[84.54880776700008,27.908079332000057],[84.55271720500008,27.909020457000054],[84.55364907900008,27.910948145000077],[84.55259457900007,27.911994770000035],[84.54901539200006,27.911460833000035],[84.54721795500006,27.912282520000076],[84.54842432900006,27.91513195700003],[84.55140907900005,27.916282082000066],[84.55415895500005,27.918288207000046],[84.55435314200008,27.921500395000066],[84.55494339300003,27.92266008200005],[84.55674464200007,27.923309395000047],[84.55809445500006,27.922383332000038],[84.55969176700006,27.923486957000023],[84.55987251700003,27.926394645000073],[84.55617695500007,27.928665958000067],[84.55654151800007,27.930277770000032],[84.55928345400008,27.931769332000044],[84.55966976700006,27.93500558200003],[84.56065733000008,27.938178520000065],[84.55988464200004,27.93909770700003],[84.56184057900003,27.940362332000063],[84.56322214200009,27.94392389500007],[84.57027545500006,27.945711207000045],[84.57153220500004,27.94673039500003],[84.57128376700007,27.948042332000057],[84.57423708000005,27.952856332000067],[84.57550720400008,27.95253964500006],[84.57888076700004,27.95438470700003],[84.57927976700006,27.95630314500005],[84.58373333000003,27.957750958000076],[84.58596264200008,27.956708083000024],[84.58991301800006,27.956971020000026],[84.59200020500003,27.958173645000045],[84.59396395500005,27.957486019000044],[84.59575276700008,27.957805457000063],[84.59841276700007,27.956656770000052],[84.59850358000006,27.953077832000076],[84.60011270400008,27.952041957000063],[84.60307001700005,27.952649519000033],[84.60397957900005,27.951370707000024],[84.60643514200007,27.95153139400003],[84.60695964300004,27.95024527000004],[84.60941983000004,27.950216332000025],[84.61040145400005,27.949453832000074],[84.61286714300007,27.95007014500004],[84.61343239200005,27.95139658200003],[84.61582889300007,27.951345270000047],[84.61804420400006,27.954261708000047],[84.62027070500005,27.95247608300008],[84.62326395500008,27.951675082000065],[84.62426845500005,27.95424495700007],[84.62679870500006,27.952696957000057],[84.62837914200009,27.95235352000003],[84.63022714200008,27.950930395000057],[84.63621751700003,27.952552208000043],[84.63718358000006,27.951651957000024],[84.64063101700003,27.950882395000065],[84.64283095500008,27.951539957000023],[84.64490570500004,27.94897389500005],[84.64688920500004,27.949661770000034],[84.65004289200004,27.948766957000032],[84.65263514200007,27.948844957000063],[84.65575458000006,27.952275520000057],[84.65516164300004,27.95391870700007],[84.65339345500007,27.95545908200006],[84.65272314300006,27.956928832000074],[84.65392601800005,27.960979957000063],[84.65238151700004,27.962341082000023],[84.65069876800004,27.964808395000034],[84.65078133000003,27.966710082000077],[84.65210114300004,27.96875245800004],[84.65212158000008,27.97331689500004],[84.65081620400008,27.97548914500004],[84.65093626700008,27.980145582000034],[84.65257733000004,27.983477082000036],[84.65382258000005,27.983444082000062],[84.66027595500003,27.98478508200003],[84.66443983000005,27.987842707000027],[84.66765458000003,27.993298520000053],[84.67220370400008,27.996615645000077],[84.67526470500007,27.997789707000038],[84.68064895500004,27.996693707000077],[84.68194389200005,27.996145770000055],[84.68382883000004,27.994031332000077],[84.68550283000008,27.99454645700007],[84.68728533000007,27.99323114500004]]]}},{"type":"Feature","properties":{"STATE_CODE":4,"DISTRICT":"GORKHA","GaPa_NaPa":"Palungtar","Type_GN":"Nagarpalika","Province":"Gandaki","provinceId":"4","provinceCode":"4","provinceName":"Gandaki","districtId":"401","districtName":"Gorkha","municipalityId":"40108","municipalityCode":"40108","municipalityName":"Palungtar Urban Municipality","municipalityNameNe":"पालुङ्गटार नगरपालिका","municipalityType":"municipality"},"geometry":{"type":"Polygon","coordinates":[[[84.51348726700007,28.087982957000065],[84.50708314200006,28.086727395000025],[84.50302564200007,28.086302395000075],[84.50000039200006,28.08501833200006],[84.49604045600006,28.08656920800007],[84.49310764200004,28.085320770000067],[84.48562476800004,28.086800520000054],[84.48454646700003,28.088316054000074],[84.48230339600008,28.089106892000075],[84.48006396500006,28.088575486000025],[84.48002758000007,28.087100020000037],[84.48172083100008,28.081284095000058],[84.48423851700005,28.079501832000062],[84.48722821300004,28.08002370500003],[84.48873956000006,28.079357235000032],[84.48994780100008,28.07651903200008],[84.48699538500006,28.077472655000065],[84.48611545500006,28.076406270000064],[84.48746032800005,28.07311184300005],[84.49025508500006,28.07135101700004],[84.48946957900006,28.06978795200007],[84.49025670600008,28.066524779000076],[84.48762669400008,28.06389879900007],[84.48943114800005,28.062432580000063],[84.48835115400004,28.060556895000047],[84.48427044900006,28.05542246600004],[84.48167692200008,28.057895476000056],[84.47977155000007,28.05798337400006],[84.47834109000007,28.05561021500006],[84.47401952600006,28.051225403000046],[84.46900940200004,28.051461466000035],[84.46824221600008,28.050207331000024],[84.47036623400004,28.04545054500005],[84.46652541900005,28.04386617700004],[84.46751589300004,28.041335770000046],[84.46724864300006,28.039671508000026],[84.46403652400005,28.038750523000033],[84.46391570400004,28.037261769000054],[84.46571083200007,28.035130259000027],[84.46561079700007,28.033600808000074],[84.46402314200003,28.03147395800005],[84.46414408000004,28.029582770000047],[84.46627226600003,28.027914906000035],[84.46323357900008,28.025553771000034],[84.46168663500004,28.023541832000035],[84.46334032000004,28.020930259000068],[84.46189404500007,28.019265442000062],[84.46141759200003,28.01724989400003],[84.46226801700004,28.012905895000074],[84.45867297900008,28.007076304000066],[84.45944228400003,28.003686994000077],[84.45840491300004,28.00305868600003],[84.45601894700008,28.003348654000035],[84.45468221500005,28.00256563800008],[84.45506515000005,28.000373461000038],[84.45238029200004,27.998477992000062],[84.44526632000003,27.992517428000042],[84.44411517000003,27.992146595000065],[84.44133864800006,27.993240833000073],[84.43996101600004,27.99218251800005],[84.44235475900007,27.989329592000047],[84.44177258000008,27.988065583000036],[84.43795758200008,27.98833058300005],[84.43481171900004,27.98669118400005],[84.43121832400004,27.986422710000056],[84.42993966200004,27.985895777000053],[84.42903400700004,27.982839710000064],[84.42598395800007,27.979800889000046],[84.42362124500005,27.978454372000044],[84.42263376700004,27.976814770000033],[84.42342570400007,27.973448145000077],[84.42098853300007,27.969419049000066],[84.42435344300003,27.964214613000024],[84.42465925200008,27.96199342700004],[84.42291839900008,27.958889518000035],[84.42306678000006,27.957512715000064],[84.42447845300006,27.955892832000075],[84.42565664200004,27.955009207000046],[84.42737133000008,27.952287270000056],[84.43009520500004,27.950798645000077],[84.43372908000003,27.950047145000042],[84.43840601700003,27.948346833000073],[84.44099564200008,27.948600270000043],[84.44692708000008,27.94614658200004],[84.44874001700003,27.94673858300007],[84.44967058000003,27.948890395000035],[84.45205170400004,27.950139395000065],[84.45698307900005,27.948613582000064],[84.45868133000005,27.946868333000054],[84.45907651700009,27.94342608200003],[84.46012226700003,27.942271770000048],[84.46220670500009,27.941741395000065],[84.46526151700004,27.943542957000034],[84.46749770500008,27.94286070700008],[84.46977201800007,27.941147208000075],[84.47255814200008,27.94089395700007],[84.47611270500005,27.939426395000055],[84.47534345500009,27.936525145000076],[84.47842189200009,27.936755895000033],[84.47904751800007,27.937890895000066],[84.47830089200005,27.940865082000073],[84.48215451800007,27.943119270000068],[84.48377433000007,27.94554370700007],[84.48712164200003,27.947163207000074],[84.48994839200003,27.94757283200005],[84.49297239300006,27.94930395700004],[84.49263701700005,27.951974395000036],[84.49332326800004,27.95368227000006],[84.49542589200007,27.955326332000027],[84.49978982900006,27.956325895000077],[84.50177614200004,27.957507770000063],[84.50676764200006,27.95802420700005],[84.51084839200007,27.95902220800008],[84.51432189200005,27.958686645000057],[84.51829170500008,27.95903277000008],[84.52235601700005,27.959877082000048],[84.52292389300004,27.958548207000035],[84.52617595500004,27.958533583000076],[84.53033451700009,27.956550082000035],[84.53175570400003,27.95864070700003],[84.53789026700008,27.95967733300006],[84.54019383000008,27.960812270000076],[84.54242470500003,27.959722707000026],[84.54133726700007,27.957849707000037],[84.54049420500007,27.954910833000042],[84.54291839200005,27.954653145000066],[84.54411557900005,27.95712352000004],[84.54585126700005,27.957006083000067],[84.54768539200006,27.958896395000068],[84.54890451700004,27.958902770000066],[84.55241076700008,27.962636520000046],[84.55388151700004,27.963754270000038],[84.55695401700007,27.96500089500006],[84.55662451800004,27.968138520000025],[84.55758520500007,27.969131895000032],[84.55846633000004,27.97170502000006],[84.55998414200008,27.97267133200006],[84.56307751700007,27.975785957000028],[84.56636495500004,27.98342589500004],[84.56756895400008,27.987633457000072],[84.56665689200008,27.990768957000057],[84.56819901800003,27.992538270000068],[84.56939207900007,27.997183582000048],[84.57185714200006,27.997994645000063],[84.57188414200004,28.000217020000036],[84.57398570500004,28.003779958000052],[84.57859007900004,28.009559394000064],[84.58163964300007,28.012265332000027],[84.58350257900008,28.013432957000077],[84.58665983000003,28.016864895000026],[84.58716107900005,28.02161452000007],[84.58783695500006,28.024569582000026],[84.58683282900006,28.026841457000046],[84.58532451700006,28.02782039500005],[84.58417695500003,28.029801770000063],[84.58212733000005,28.029201270000044],[84.57814651800004,28.03004839500005],[84.57709145500007,28.03258439500007],[84.57375489200007,28.035055458000045],[84.57239564300005,28.037574645000063],[84.57122733000006,28.038583458000062],[84.57089970500004,28.04119995800005],[84.56935876800009,28.045698645000073],[84.56732520500003,28.04686220800005],[84.56463095500004,28.04936658200006],[84.56501795500003,28.055050832000063],[84.56600183000006,28.059333708000054],[84.56474420400008,28.060455645000047],[84.56407995500007,28.062696707000043],[84.56301658000007,28.063037270000052],[84.56276589300006,28.06509608300007],[84.56137539200006,28.06636745700007],[84.56060445500003,28.07013633300005],[84.55862364200004,28.07483527000005],[84.55660851700009,28.076131770000075],[84.55014033000003,28.078100520000078],[84.54600708000004,28.078128270000036],[84.54331551700005,28.076487395000072],[84.54150164200007,28.07826570700007],[84.53876289200008,28.079262520000043],[84.53394857900008,28.07983633200007],[84.53311395600008,28.080451082000025],[84.52952314200007,28.08034314500003],[84.52699157900008,28.08082895800004],[84.52377995500007,28.080229770000074],[84.52309720500006,28.08239608300005],[84.52157151900008,28.08309239500005],[84.51795308100003,28.08321214500006],[84.51444651700007,28.084003770000038],[84.51348726700007,28.087982957000065]]]}},{"type":"Feature","properties":{"STATE_CODE":4,"DISTRICT":"GORKHA","GaPa_NaPa":"Sahid Lakhan","Type_GN":"Gaunpalika","Province":"Gandaki","provinceId":"4","provinceCode":"4","provinceName":"Gandaki","districtId":"401","districtName":"Gorkha","municipalityId":"40110","municipalityCode":"40110","municipalityName":"Shahid Lakhan Rural Municipality","municipalityNameNe":"शहीद लखन गाउँपालिका","municipalityType":"rural_municipality"},"geometry":{"type":"Polygon","coordinates":[[[84.68728533000007,27.99323114500004],[84.68550283000008,27.99454645700007],[84.68382883000004,27.994031332000077],[84.68194389200005,27.996145770000055],[84.68064895500004,27.996693707000077],[84.67526470500007,27.997789707000038],[84.67220370400008,27.996615645000077],[84.66765458000003,27.993298520000053],[84.66443983000005,27.987842707000027],[84.66027595500003,27.98478508200003],[84.65382258000005,27.983444082000062],[84.65257733000004,27.983477082000036],[84.65093626700008,27.980145582000034],[84.65081620400008,27.97548914500004],[84.65212158000008,27.97331689500004],[84.65210114300004,27.96875245800004],[84.65078133000003,27.966710082000077],[84.65069876800004,27.964808395000034],[84.65238151700004,27.962341082000023],[84.65392601800005,27.960979957000063],[84.65272314300006,27.956928832000074],[84.65339345500007,27.95545908200006],[84.65516164300004,27.95391870700007],[84.65575458000006,27.952275520000057],[84.65263514200007,27.948844957000063],[84.65004289200004,27.948766957000032],[84.64688920500004,27.949661770000034],[84.64490570500004,27.94897389500005],[84.64283095500008,27.951539957000023],[84.64063101700003,27.950882395000065],[84.63718358000006,27.951651957000024],[84.63621751700003,27.952552208000043],[84.63022714200008,27.950930395000057],[84.62837914200009,27.95235352000003],[84.62679870500006,27.952696957000057],[84.62426845500005,27.95424495700007],[84.62326395500008,27.951675082000065],[84.62027070500005,27.95247608300008],[84.61804420400006,27.954261708000047],[84.61582889300007,27.951345270000047],[84.61343239200005,27.95139658200003],[84.61286714300007,27.95007014500004],[84.61040145400005,27.949453832000074],[84.60941983000004,27.950216332000025],[84.60695964300004,27.95024527000004],[84.60643514200007,27.95153139400003],[84.60397957900005,27.951370707000024],[84.60307001700005,27.952649519000033],[84.60011270400008,27.952041957000063],[84.59850358000006,27.953077832000076],[84.59841276700007,27.956656770000052],[84.59575276700008,27.957805457000063],[84.59396395500005,27.957486019000044],[84.59200020500003,27.958173645000045],[84.58991301800006,27.956971020000026],[84.58596264200008,27.956708083000024],[84.58373333000003,27.957750958000076],[84.57927976700006,27.95630314500005],[84.57888076700004,27.95438470700003],[84.57550720400008,27.95253964500006],[84.57423708000005,27.952856332000067],[84.57128376700007,27.948042332000057],[84.57153220500004,27.94673039500003],[84.57027545500006,27.945711207000045],[84.56322214200009,27.94392389500007],[84.56184057900003,27.940362332000063],[84.55988464200004,27.93909770700003],[84.56065733000008,27.938178520000065],[84.55966976700006,27.93500558200003],[84.55928345400008,27.931769332000044],[84.55654151800007,27.930277770000032],[84.55617695500007,27.928665958000067],[84.55987251700003,27.926394645000073],[84.55969176700006,27.923486957000023],[84.55809445500006,27.922383332000038],[84.55674464200007,27.923309395000047],[84.55494339300003,27.92266008200005],[84.55435314200008,27.921500395000066],[84.55415895500005,27.918288207000046],[84.55140907900005,27.916282082000066],[84.54842432900006,27.91513195700003],[84.54721795500006,27.912282520000076],[84.54901539200006,27.911460833000035],[84.55259457900007,27.911994770000035],[84.55364907900008,27.910948145000077],[84.55271720500008,27.909020457000054],[84.54880776700008,27.908079332000057],[84.54771776700005,27.907253395000055],[84.54755301700004,27.90467502000007],[84.54711457900004,27.903480957000056],[84.54354270500005,27.901933645000042],[84.54246533000008,27.89673933200004],[84.54291232900005,27.894456395000077],[84.54277914200009,27.885196894000046],[84.54417458000006,27.88341339400006],[84.54685357900007,27.88160220700007],[84.54673514200005,27.879653207000047],[84.54361239300005,27.878133457000047],[84.54274145400007,27.876358895000067],[84.54660989200005,27.86974833200003],[84.54750051700006,27.86938377000007],[84.55029951700004,27.87055495800007],[84.55332132900008,27.870716644000026],[84.55457658000006,27.869653395000057],[84.55291751700008,27.866956832000028],[84.55101514200004,27.865958207000062],[84.54956589300008,27.864179207000063],[84.55024120500008,27.86241202000008],[84.55741083000004,27.859474833000036],[84.56054020500005,27.858891269000026],[84.56093920400008,27.857732144000067],[84.56684995500007,27.858166020000056],[84.56958145400006,27.858703082000034],[84.57558195500008,27.86120526900004],[84.57914820400003,27.864019833000043],[84.57952089200006,27.865942894000057],[84.57910183000007,27.870698770000047],[84.58019539200006,27.87221495700004],[84.58269232900005,27.874162957000067],[84.58655789300008,27.875856833000057],[84.58843907900007,27.877423770000064],[84.59212220400008,27.879508644000055],[84.59331839300006,27.87951927000006],[84.59554945500008,27.877609833000065],[84.59819783000006,27.87607083200004],[84.60384408000004,27.875879269000052],[84.60617964300008,27.874749894000047],[84.60705758000006,27.872020332000034],[84.61029501700006,27.871344957000076],[84.61523558000005,27.87246245700004],[84.61619201700006,27.87343745800007],[84.61639095400005,27.87571545700007],[84.62011470500005,27.879496145000076],[84.62203776800004,27.880302019000055],[84.62701876700004,27.879422083000065],[84.62953708000003,27.87698958200008],[84.62965583000005,27.874479957000062],[84.62893951700005,27.873228707000067],[84.63065545500007,27.870829207000043],[84.63499901800003,27.869367457000067],[84.63605201800004,27.871309833000055],[84.63847939200008,27.873013395000044],[84.64011876800004,27.875027457000044],[84.63977451700003,27.877262832000042],[84.64017064200004,27.879747458000054],[84.64340845500004,27.882453519000023],[84.64500764200005,27.88534770700005],[84.64743239200004,27.886665270000037],[84.64832439200006,27.89135195700004],[84.65384258000006,27.894563769000058],[84.65697126700007,27.895789832000048],[84.65919289200008,27.895892020000076],[84.66195601700008,27.896720395000045],[84.66563114300004,27.901201770000057],[84.66746408000006,27.902724957000032],[84.66880364200006,27.904746894000027],[84.66963008000005,27.90759033200004],[84.67158120500005,27.90940395800004],[84.67339401700008,27.909683895000057],[84.67523408000005,27.91375201900007],[84.67757114200003,27.91559976900004],[84.68208464300005,27.916457458000025],[84.68337408000008,27.91780708300007],[84.68773545500005,27.91647677000003],[84.68998058000005,27.917611708000038],[84.69299489300005,27.916576770000063],[84.69603264200003,27.917319520000035],[84.69832533000005,27.918821895000065],[84.70106970500007,27.917585082000073],[84.70480201800007,27.919560645000047],[84.70602801700005,27.920887770000036],[84.70843720400006,27.92171927000004],[84.71042976800004,27.919538457000044],[84.71282914200003,27.91965014500005],[84.71328464200008,27.91773445700005],[84.71838545500003,27.920627582000066],[84.72045933000004,27.921259832000032],[84.72185964300007,27.924794832000032],[84.72373770400003,27.927293958000064],[84.72514845500007,27.92788220700004],[84.72971845500007,27.927941582000074],[84.73261951700005,27.926983020000023],[84.73463889300007,27.926945208000063],[84.73861001700004,27.92831833300005],[84.73858908000005,27.93056795800004],[84.73638158000006,27.930967894000048],[84.73661608000003,27.93370352000005],[84.74011195500003,27.935106208000036],[84.74172614300005,27.936823582000045],[84.74186658000008,27.940644957000075],[84.73945564300004,27.944870395000066],[84.73784208000006,27.944946770000058],[84.73564164200008,27.946526645000063],[84.73524770500006,27.948956520000024],[84.73585745500003,27.95147577000006],[84.73458014300007,27.95215495700006],[84.73479539200008,27.954396520000046],[84.73394089300007,27.955224644000054],[84.73170570500008,27.955277145000025],[84.73091789300008,27.956490708000047],[84.73144795500008,27.959353333000024],[84.72995239200003,27.96010133200008],[84.73019670500008,27.961753895000072],[84.72759583000004,27.963189145000058],[84.72629739200005,27.965682395000044],[84.72473595400004,27.966466770000068],[84.72666876800008,27.967817145000026],[84.72563801800004,27.968734082000026],[84.72395026700008,27.967644207000035],[84.72148845500004,27.96795720700004],[84.71942920500004,27.974263020000024],[84.71699989300004,27.97297158300006],[84.71421789300007,27.975050520000025],[84.71452320500003,27.977219457000047],[84.71169395500004,27.976661019000062],[84.70976726700007,27.97926570800007],[84.70758514200008,27.97817589500005],[84.70619795500005,27.976601394000056],[84.70542264300008,27.979804770000044],[84.70313676700005,27.97905833200008],[84.70185133000007,27.977600583000026],[84.70094676700006,27.979899832000058],[84.69852926800007,27.98102220800007],[84.69816714200005,27.98320814500005],[84.69648701700004,27.984182332000046],[84.69568233000007,27.985740957000075],[84.69206208000008,27.986821957000075],[84.68957808000005,27.988418333000027],[84.68817176800007,27.990415333000044],[84.68728533000007,27.99323114500004]]]}},{"type":"Feature","properties":{"STATE_CODE":4,"DISTRICT":"GORKHA","GaPa_NaPa":"Siranchok","Type_GN":"Gaunpalika","Province":"Gandaki","provinceId":"4","provinceCode":"4","provinceName":"Gandaki","districtId":"401","districtName":"Gorkha","municipalityId":"40107","municipalityCode":"40107","municipalityName":"Siranchowk Rural Municipality","municipalityNameNe":"सिरानचोक गाउँपालिका","municipalityType":"rural_municipality"},"geometry":{"type":"Polygon","coordinates":[[[84.66861501800008,28.10865208200005],[84.66716945500008,28.11160577000004],[84.66402595500006,28.113250020000066],[84.66177451800007,28.115235145000042],[84.65832101700005,28.115630770000053],[84.65686633000007,28.11652220700006],[84.65468926700004,28.116329583000038],[84.64991614200005,28.117351770000027],[84.64740164200003,28.119561270000077],[84.64758026700008,28.12356077000004],[84.64846476800005,28.127484708000054],[84.64769945500007,28.129518895000047],[84.64616751800008,28.131371770000044],[84.64636470500005,28.135808832000066],[84.64582008000008,28.139852332000032],[84.64426914200004,28.141531520000058],[84.64337345500007,28.143717520000052],[84.64402058000007,28.145943645000045],[84.64355245500008,28.149605457000064],[84.64248195500005,28.149702958000034],[84.64149289300008,28.14745364500004],[84.63968514200008,28.145575895000036],[84.63503320500007,28.14753339500004],[84.63271651700006,28.147941208000077],[84.62786783000007,28.150145270000053],[84.62498164200008,28.149598833000027],[84.62143751800005,28.150722832000042],[84.61541158000006,28.15491508300005],[84.61239151700005,28.15589877000008],[84.60998545500007,28.158553832000052],[84.60852451800008,28.156489083000054],[84.60687289200007,28.155472082000074],[84.60412320400008,28.15476227000005],[84.60332151700004,28.151846207000062],[84.60134370500003,28.151092333000065],[84.59881333000004,28.15122520700004],[84.59721639200006,28.148450208000042],[84.59101676800003,28.14782277000006],[84.59021583000003,28.146014457000035],[84.58866489200005,28.14648820800005],[84.58761308000004,28.145459333000076],[84.58944926800007,28.143520083000055],[84.58498864200004,28.14043458200007],[84.58250882900006,28.140111270000034],[84.57827958000007,28.137981208000042],[84.57895920400006,28.136101145000055],[84.57709839200004,28.13464014500005],[84.57807795500008,28.132783645000075],[84.57682320500004,28.132209083000077],[84.57632264200004,28.130349770000066],[84.57267620400006,28.130272520000062],[84.57292401700005,28.128538707000075],[84.56979745500007,28.128222270000037],[84.56698420400005,28.12722089500005],[84.56516970500007,28.127860145000056],[84.56286289200006,28.127328145000035],[84.56119333000004,28.126001520000045],[84.56085776700007,28.124739395000063],[84.55836564200007,28.124402082000074],[84.55782808000004,28.120852958000057],[84.55467001700003,28.120425770000054],[84.55655770500005,28.11904858200006],[84.55615626700006,28.116096707000054],[84.55444733000007,28.114607770000077],[84.55238039200003,28.114509957000053],[84.55151876800005,28.111871395000037],[84.55312326800004,28.110624020000046],[84.55324182900006,28.109305895000034],[84.55167008000006,28.107495895000056],[84.54893376700005,28.106599895000045],[84.54815358000008,28.104175207000026],[84.54432351700007,28.10044508200008],[84.54129501800008,28.099198020000074],[84.53896733000005,28.100206770000057],[84.53189714300004,28.09900239500007],[84.52801482900009,28.09588795800005],[84.52178939200007,28.09435039500005],[84.52075382900006,28.09356239500005],[84.51943908000004,28.090131083000074],[84.51534783000005,28.08759914500007],[84.51348726700007,28.087982957000065],[84.51444651700007,28.084003770000038],[84.51795308100003,28.08321214500006],[84.52157151900008,28.08309239500005],[84.52309720500006,28.08239608300005],[84.52377995500007,28.080229770000074],[84.52699157900008,28.08082895800004],[84.52952314200007,28.08034314500003],[84.53311395600008,28.080451082000025],[84.53394857900008,28.07983633200007],[84.53876289200008,28.079262520000043],[84.54150164200007,28.07826570700007],[84.54331551700005,28.076487395000072],[84.54600708000004,28.078128270000036],[84.55014033000003,28.078100520000078],[84.55660851700009,28.076131770000075],[84.55862364200004,28.07483527000005],[84.56060445500003,28.07013633300005],[84.56137539200006,28.06636745700007],[84.56276589300006,28.06509608300007],[84.56301658000007,28.063037270000052],[84.56407995500007,28.062696707000043],[84.56474420400008,28.060455645000047],[84.56600183000006,28.059333708000054],[84.56501795500003,28.055050832000063],[84.56463095500004,28.04936658200006],[84.56732520500003,28.04686220800005],[84.56935876800009,28.045698645000073],[84.57089970500004,28.04119995800005],[84.57122733000006,28.038583458000062],[84.57239564300005,28.037574645000063],[84.57375489200007,28.035055458000045],[84.57709145500007,28.03258439500007],[84.57814651800004,28.03004839500005],[84.58212733000005,28.029201270000044],[84.58417695500003,28.029801770000063],[84.58532451700006,28.02782039500005],[84.58683282900006,28.026841457000046],[84.58783695500006,28.024569582000026],[84.58716107900005,28.02161452000007],[84.58665983000003,28.016864895000026],[84.58350257900008,28.013432957000077],[84.58163964300007,28.012265332000027],[84.58378689300008,28.01240964400006],[84.58875864300006,28.01381445800007],[84.59136307900008,28.01618364500007],[84.59203951700005,28.018299395000042],[84.59237220500006,28.025432395000053],[84.59269258000006,28.026356082000063],[84.59534526700008,28.028535457000032],[84.59899870500004,28.030256895000036],[84.60095432900005,28.03280245800005],[84.60379795500006,28.03507789500003],[84.60577858000005,28.035809207000057],[84.60920433000007,28.03552108300005],[84.61307539300003,28.036309333000077],[84.61550070400006,28.037298020000037],[84.61728851700008,28.038864895000074],[84.62084364300006,28.039399395000032],[84.62181420500008,28.040128270000025],[84.62616851700005,28.04021458300008],[84.62840039200006,28.040811270000063],[84.63338451700008,28.043462083000065],[84.63451570500007,28.044458645000077],[84.64620808000006,28.049237082000047],[84.64891451700004,28.04877083200006],[84.65019283000004,28.049881645000028],[84.65178345400005,28.052263458000027],[84.65377595400008,28.05811127000004],[84.65581614200005,28.05847383300005],[84.65681958000005,28.06015439500004],[84.65376033000007,28.060367583000072],[84.65321701700003,28.061581833000048],[84.65622826700007,28.064866082000037],[84.65894145500005,28.06732370700007],[84.65791733000003,28.068950895000057],[84.65976764200008,28.07005433300003],[84.66102708000005,28.072582020000027],[84.65929414200008,28.074368332000063],[84.66147951800008,28.07574539500007],[84.66034389200007,28.07838389500006],[84.66206770500008,28.079465395000057],[84.66152433000008,28.081500895000033],[84.66311914200008,28.082582958000046],[84.66225008000004,28.083999582000047],[84.66183345500008,28.086898645000076],[84.66226395500007,28.09019520700008],[84.66154320500004,28.093393520000063],[84.66415889200005,28.09919745700006],[84.66540482900007,28.100712145000045],[84.66476001800004,28.103434083000025],[84.66549070500008,28.105034707000073],[84.66861501800008,28.10865208200005]]]}},{"type":"Feature","properties":{"STATE_CODE":4,"DISTRICT":"GORKHA","GaPa_NaPa":"Sulikot","Type_GN":"Gaunpalika","Province":"Gandaki","provinceId":"4","provinceCode":"4","provinceName":"Gandaki","districtId":"401","districtName":"Gorkha","municipalityId":"40103","municipalityCode":"40103","municipalityName":"Barpak Sulikot Rural Municipality","municipalityNameNe":"बारपाक सुलिकोट गाउँपालिका","municipalityType":"rural_municipality"},"geometry":{"type":"Polygon","coordinates":[[[84.80196070500006,28.155770895000046],[84.80140258000006,28.160473770000067],[84.80071626700004,28.16276102000006],[84.79560045400007,28.167102458000045],[84.79439739300005,28.16950095800007],[84.79145464200008,28.172951957000066],[84.79177376700005,28.17444820700007],[84.79068714300007,28.17765152000004],[84.79114895500004,28.186082458000044],[84.79043983000008,28.18730039500008],[84.79092045500005,28.192053645000044],[84.79209501800005,28.19394427000003],[84.78880376700005,28.20014752000003],[84.78691964300003,28.202040020000027],[84.78426176800008,28.203846645000056],[84.78284451700006,28.206126770000026],[84.78122539200007,28.207640895000054],[84.77880776800004,28.20791639500004],[84.77728345500003,28.208895208000058],[84.77608758000008,28.210833270000023],[84.77521283000004,28.21419320800004],[84.77512583000004,28.216795020000063],[84.77425608000004,28.222377270000038],[84.77575758000006,28.22534239500004],[84.77404714200009,28.229609457000038],[84.77466714300004,28.231149207000044],[84.77435951800004,28.23405464500007],[84.77527808000008,28.23574833300006],[84.77557845500007,28.238357020000024],[84.77391658000005,28.24231702000003],[84.77464495500004,28.245081207000055],[84.77334214200005,28.250189770000077],[84.77478139300007,28.252523520000068],[84.77149833000004,28.256158708000044],[84.76911401800004,28.261857708000036],[84.77018983000005,28.265287770000043],[84.76795108000005,28.268131895000067],[84.76729770500003,28.272884770000076],[84.76635139200005,28.276069020000023],[84.76509414200007,28.277838145000032],[84.76516520500007,28.279838957000038],[84.76280076700004,28.280935145000058],[84.75894476800005,28.287524270000063],[84.75632245500003,28.29572195700007],[84.75628045500008,28.29835058200007],[84.75542908000006,28.300245957000072],[84.75627839200007,28.302377832000047],[84.75486814300007,28.303123396000046],[84.75192614200006,28.307548207000025],[84.75215558000008,28.308456145000036],[84.75201608000003,28.31806814500004],[84.75297445500007,28.32408902000003],[84.75253258000004,28.327053832000047],[84.75284020500004,28.32982720800004],[84.75108326700007,28.336794833000056],[84.75212108000005,28.34104420700004],[84.75296151700007,28.34612039500007],[84.75173508000006,28.349694145000058],[84.75114470500006,28.354049520000046],[84.75186070500007,28.358296146000043],[84.75291101700003,28.361748958000078],[84.75291270500009,28.364061520000064],[84.75160357900006,28.36668814500007],[84.75095564200006,28.370303770000078],[84.74904283000006,28.367002270000057],[84.74883270500004,28.364772083000048],[84.74945901800004,28.362977270000044],[84.74903570500004,28.361172458000055],[84.74690614300005,28.36038995800004],[84.74217114300006,28.36126189500004],[84.73924283000008,28.361237145000075],[84.73382408000003,28.35932395800006],[84.73531633000005,28.35656108300003],[84.73661070500003,28.35535383200005],[84.73774520500007,28.351133270000048],[84.73822945500007,28.346205458000043],[84.73883201700005,28.343720395000048],[84.73822551700005,28.338356270000077],[84.73643501700008,28.33340014500004],[84.73616708000003,28.32939920700005],[84.73452045500005,28.327082020000034],[84.73383408000007,28.320980520000035],[84.73266089300006,28.319443583000066],[84.73386032900004,28.31552277000003],[84.73301976800008,28.31275445700004],[84.73126283000005,28.30898483200008],[84.73170120500004,28.30663370800005],[84.73303832900007,28.304390770000055],[84.73311376700008,28.30072183300007],[84.73260295500006,28.29806227000006],[84.72977776700003,28.29320183300007],[84.72901576700008,28.290791832000025],[84.72723239200008,28.288676020000025],[84.72684870500007,28.286038332000032],[84.72547501800005,28.28474833300004],[84.72418120500004,28.28207258300006],[84.72461583000006,28.279071833000046],[84.72374970400006,28.278004770000052],[84.72295658000007,28.27284233300003],[84.72319351800007,28.27046983200006],[84.72537914200007,28.26683483200003],[84.72731945500004,28.26613183300003],[84.72773683000008,28.264363020000076],[84.72990614200006,28.262025333000054],[84.72923032900007,28.259233582000036],[84.73195264200007,28.258413520000033],[84.73443583000005,28.259519270000055],[84.73645445500006,28.257360520000077],[84.73568495500007,28.255598083000052],[84.73614983000004,28.253447707000078],[84.73748708000005,28.25142802000005],[84.73750276700008,28.249999770000045],[84.73570620500004,28.248581270000045],[84.73647339200005,28.24629614500003],[84.73408445500007,28.24431677000007],[84.73401889200005,28.243110083000033],[84.73652758000009,28.240465895000057],[84.73695951700006,28.237697457000024],[84.73820870500003,28.234389958000065],[84.73683114300007,28.23208027000004],[84.73674526700006,28.23070445700006],[84.73515545400005,28.228276333000053],[84.73478370400005,28.22597927000004],[84.73532026800007,28.224439895000046],[84.73258645500005,28.222703770000066],[84.73091595500006,28.219987208000077],[84.72776170500003,28.217824583000038],[84.72771801800008,28.21645077000005],[84.72605308000004,28.21480358200006],[84.72597951700004,28.21258839500007],[84.72496251700005,28.207761020000078],[84.72327114300003,28.20651777000006],[84.72310583000007,28.203535957000042],[84.72199483000009,28.19823520800003],[84.72279976800007,28.19608983200004],[84.72147820500004,28.194506208000064],[84.72095214200004,28.191348020000078],[84.71946251700007,28.18957345700005],[84.71746745500008,28.188647583000034],[84.71684045500007,28.18512670800004],[84.71508995500005,28.18363320700007],[84.71462764200004,28.180553645000032],[84.71239108000003,28.178690395000046],[84.71208520500005,28.17519258200008],[84.70977045500007,28.17159245700003],[84.70805783000003,28.170385207000038],[84.70890670500006,28.168221582000058],[84.70862783000007,28.165698333000023],[84.70722333000003,28.163902895000035],[84.70354683000005,28.157173457000056],[84.70328758000005,28.15480352000003],[84.70373420500005,28.152445708000073],[84.70314220500006,28.150758833000054],[84.69871045500008,28.14561702000003],[84.69826501800009,28.141605457000026],[84.69635801700008,28.139173957000025],[84.69256845500007,28.137875520000023],[84.69032014200008,28.137859770000034],[84.68910020500005,28.136564083000053],[84.68898326700008,28.133396895000033],[84.68746508000004,28.13201920700004],[84.68625114200006,28.12913958200005],[84.68411676700003,28.127503208000064],[84.68291145500007,28.125368020000053],[84.67972264200006,28.125300395000068],[84.67708439200004,28.123124895000046],[84.67731139300008,28.119865770000047],[84.67592258000008,28.118658770000025],[84.67528114300006,28.11580102000005],[84.67360026800003,28.116111645000046],[84.67129795400007,28.115531770000075],[84.67035876700004,28.11448045800006],[84.66996926700006,28.110265457000025],[84.66861501800008,28.10865208200005],[84.66549070500008,28.105034707000073],[84.66476001800004,28.103434083000025],[84.66540482900007,28.100712145000045],[84.66415889200005,28.09919745700006],[84.66154320500004,28.093393520000063],[84.66226395500007,28.09019520700008],[84.66183345500008,28.086898645000076],[84.66225008000004,28.083999582000047],[84.66311914200008,28.082582958000046],[84.66152433000008,28.081500895000033],[84.66206770500008,28.079465395000057],[84.66034389200007,28.07838389500006],[84.66147951800008,28.07574539500007],[84.65929414200008,28.074368332000063],[84.66102708000005,28.072582020000027],[84.65976764200008,28.07005433300003],[84.65791733000003,28.068950895000057],[84.65894145500005,28.06732370700007],[84.65622826700007,28.064866082000037],[84.65321701700003,28.061581833000048],[84.65376033000007,28.060367583000072],[84.65681958000005,28.06015439500004],[84.65581614200005,28.05847383300005],[84.65377595400008,28.05811127000004],[84.65178345400005,28.052263458000027],[84.65467176800007,28.053996082000026],[84.65782983000008,28.058222770000043],[84.66079139300007,28.060148957000024],[84.66526276800005,28.060630520000075],[84.67279445500003,28.06014477000008],[84.67538064200005,28.059642520000068],[84.67841108000005,28.061843207000038],[84.68142351700004,28.06226602000004],[84.68433239300003,28.061712270000044],[84.68631670500008,28.060355395000045],[84.68920139300008,28.057107707000057],[84.69497026700003,28.05586702000005],[84.69922526700003,28.05436533200003],[84.70185358000003,28.052833458000066],[84.70787314200004,28.052743958000065],[84.71322970500006,28.051335394000034],[84.71602951700004,28.05223008200005],[84.72133601800004,28.051056145000075],[84.72525908000006,28.04962983200005],[84.72623220500003,28.048257395000064],[84.73291983000007,28.046486833000074],[84.73467514200007,28.043661645000043],[84.73731445500005,28.042284645000052],[84.74326033000006,28.04294077000003],[84.74432251700006,28.04410608200004],[84.74644064300008,28.044893270000046],[84.74499695500003,28.047229583000046],[84.74395964200005,28.050414270000033],[84.74394383000003,28.051998207000054],[84.74514258000005,28.055531770000073],[84.74689414200003,28.059175082000024],[84.74694920500008,28.062265833000026],[84.74747108000008,28.063707020000038],[84.74999958000006,28.06665789500005],[84.75059651700008,28.07138820700004],[84.75130420500005,28.072738082000058],[84.75474239200008,28.075316145000045],[84.75589620500006,28.078242895000074],[84.75388745500004,28.079939332000038],[84.75607333000005,28.083104082000034],[84.75560426700008,28.08524333300005],[84.75571839200006,28.08846008200004],[84.75526032900007,28.089987833000066],[84.75621720500004,28.091837145000056],[84.75787476700003,28.09300802000007],[84.75801733000003,28.094656520000058],[84.76172501700006,28.099146207000047],[84.76312826700007,28.100119833000065],[84.76725026700007,28.100746645000072],[84.77242989300004,28.10238270800005],[84.77447033000004,28.103862520000064],[84.77794214300008,28.104711457000064],[84.78027089200003,28.104508770000052],[84.78166820500007,28.108241645000078],[84.78108395500004,28.109612208000044],[84.78221295500003,28.11150327000007],[84.78154951800008,28.112490707000063],[84.78293951700005,28.11423133200003],[84.78127195500008,28.115973645000054],[84.78047595500004,28.11956327000007],[84.78189170500008,28.122298770000043],[84.78219476800007,28.127050895000025],[84.78159070500004,28.131945770000073],[84.78022789300007,28.135913145000075],[84.77773095500004,28.13829414500003],[84.77886351700005,28.139952770000036],[84.77832233000004,28.143698895000057],[84.77961839300008,28.145857458000023],[84.77969651800004,28.148652458000072],[84.78490089200005,28.14898377000003],[84.78710083000004,28.14877933300005],[84.78915420500005,28.14953239500005],[84.79324214200005,28.15206958300007],[84.79582289200005,28.15225314500003],[84.79837289200003,28.154119957000034],[84.79992314200007,28.154101895000053],[84.80196070500006,28.155770895000046]]]}},{"type":"Feature","properties":{"STATE_CODE":4,"DISTRICT":"LAMJUNG","GaPa_NaPa":"Besishahar","Type_GN":"Nagarpalika","Province":"Gandaki","provinceId":"4","provinceCode":"4","provinceName":"Gandaki","districtId":"406","districtName":"Lamjung","municipalityId":"40605","municipalityCode":"40605","municipalityName":"Bensi Shahar Urban Municipality","municipalityNameNe":"बेंसीशहर नगरापालिका","municipalityType":"municipality"},"geometry":{"type":"Polygon","coordinates":[[[84.44684151800004,28.16426652000007],[84.44873101700006,28.166778332000035],[84.45325114200006,28.167986332000055],[84.45644739200003,28.173451707000027],[84.45833295400007,28.179571145000068],[84.46009995400004,28.18294064500003],[84.46078108000006,28.18604970800004],[84.45712776700003,28.19137545800004],[84.45684139200006,28.192757270000072],[84.45431351700006,28.197217270000067],[84.45461620500004,28.201647582000078],[84.45273039200003,28.204264333000026],[84.45203914200005,28.20779989500005],[84.45062976700007,28.209273395000025],[84.45151939200008,28.21035114500006],[84.44976964200004,28.212353708000023],[84.44931070400008,28.218490020000047],[84.45099989200008,28.21962383300007],[84.45174089200003,28.222119020000036],[84.45314995500007,28.223402770000064],[84.45274251700005,28.225714520000054],[84.45075464200005,28.22719214500006],[84.44713657900007,28.228440458000023],[84.44446851700008,28.228424333000078],[84.44296414200005,28.229334020000067],[84.43907083000005,28.229829332000065],[84.43796383000006,28.230433083000037],[84.43260683000005,28.227616270000055],[84.43399370400004,28.224714833000064],[84.43459151700006,28.222143020000033],[84.43606851700008,28.220123520000072],[84.43580433000005,28.21858108300006],[84.43666782900004,28.215758020000067],[84.43798283000007,28.214343645000042],[84.43794426700003,28.212538770000037],[84.43959989300004,28.209101645000032],[84.43846982900004,28.20822527000007],[84.43668651700006,28.21017377000004],[84.43431707900004,28.21098220700003],[84.42954682900006,28.210821270000054],[84.42630101800006,28.209843208000052],[84.42414458000007,28.21170452000007],[84.42095483000008,28.211698583000043],[84.41940151700004,28.210523333000026],[84.41747445500005,28.210653270000023],[84.41574376700004,28.20772095800004],[84.41266145400004,28.208136395000054],[84.41017770400003,28.207401583000035],[84.40790439200003,28.208229645000074],[84.40470226700006,28.21166864500003],[84.40700814200005,28.213184770000055],[84.40502901700006,28.219293895000078],[84.39853351700003,28.220914895000078],[84.39579114200006,28.22280008300004],[84.39504582900008,28.224316145000046],[84.39515651700003,28.228074770000035],[84.39807645500008,28.228722895000033],[84.40037270500005,28.23046927000007],[84.40475814200005,28.232209520000026],[84.40754208000004,28.232381770000075],[84.41072070400008,28.231810395000025],[84.41415814200008,28.233957083000064],[84.41623439200004,28.23768933300005],[84.42062920400008,28.241705583000055],[84.42491526700007,28.251450583000064],[84.43061870500009,28.25543758300006],[84.43199007900006,28.257267582000054],[84.43372245500007,28.261093207000044],[84.43409314300004,28.263738583000077],[84.43685239200005,28.265916083000036],[84.44019339200008,28.267604395000035],[84.44109933000004,28.26881527000006],[84.44100558000008,28.270656708000047],[84.43960845500004,28.275663270000052],[84.43837926700007,28.27860483300003],[84.43887033000004,28.281028708000065],[84.43811389200005,28.281638083000075],[84.43165633000007,28.28464139500005],[84.42817226700004,28.28568120700004],[84.42494207900006,28.286160583000026],[84.41971726700007,28.285989458000074],[84.41492651700008,28.285004582000056],[84.41008151800008,28.282153770000036],[84.40819182900003,28.27890370800003],[84.40426614200004,28.277236707000043],[84.40257701700006,28.277095020000047],[84.39764045500004,28.275135270000078],[84.39228657900009,28.275933645000066],[84.38746470400008,28.275658645000078],[84.38419007900006,28.272969395000075],[84.38157645400008,28.268859083000052],[84.38041451700008,28.266236020000065],[84.37825545500004,28.264470895000045],[84.37243614300007,28.259004145000063],[84.37096945500008,28.258963020000067],[84.36872683000007,28.257468707000044],[84.36702364200005,28.25905720700007],[84.36823658000003,28.261808770000073],[84.36698901700004,28.264379770000062],[84.36435570500004,28.267166520000046],[84.36317289200008,28.270463707000033],[84.35516251700005,28.26889195800004],[84.35264401700005,28.268738332000055],[84.35021758000005,28.26946195800008],[84.34595314300003,28.26905995800007],[84.34769232900004,28.26723927000006],[84.34948970500005,28.266835332000028],[84.35164226700005,28.264999958000033],[84.35469689200005,28.26411664500006],[84.35603114200006,28.262053208000054],[84.35418233000007,28.261306708000063],[84.35346801700007,28.25874777000007],[84.35025820500005,28.25441264500006],[84.35025376700008,28.25304077000004],[84.34832145500008,28.251443833000053],[84.34602745500007,28.25104127000003],[84.34394151700008,28.251755020000076],[84.34315514200006,28.258040708000067],[84.34137976700003,28.257891707000056],[84.33811714200004,28.255005020000056],[84.33671501700007,28.254629457000078],[84.33461014200003,28.25156158300007],[84.33040907900005,28.250791207000077],[84.32557095500005,28.251272020000044],[84.32510601700005,28.25257502000005],[84.32405889200004,28.25009108300003],[84.32411683000004,28.24481808300004],[84.32353770500004,28.24289033200006],[84.32573676700008,28.239807583000072],[84.33369614200006,28.239935020000075],[84.33510107900008,28.240482145000044],[84.33590414200006,28.23677308300006],[84.33774795400006,28.236310520000075],[84.33794039200006,28.23512327000003],[84.33671020400004,28.229963957000052],[84.33529976700004,28.229060395000033],[84.33272889200003,28.231627521000064],[84.32975201700003,28.232273270000064],[84.32674945500008,28.229943020000064],[84.32653958000003,28.22753152000007],[84.32453870400008,28.226367582000023],[84.32264658000008,28.22680520800003],[84.31476901700006,28.22600008300003],[84.30985989200008,28.224698083000078],[84.30802620500003,28.224652708000065],[84.29933901700008,28.218011395000076],[84.29590176700003,28.21701027000006],[84.29532170500005,28.21403552000004],[84.29197126700006,28.21375839500007],[84.29077770500004,28.212779458000057],[84.28840670400007,28.21268520800004],[84.28856232900006,28.21088439500005],[84.28522020400004,28.20986927000007],[84.28153595400005,28.203884208000034],[84.28108764200005,28.201430333000076],[84.28165370500005,28.20022883300004],[84.28425757900004,28.19935927000006],[84.28593451700004,28.196169895000025],[84.28494695400008,28.194233833000055],[84.28832126700007,28.192261520000045],[84.28901126700003,28.19077089500007],[84.29150645400006,28.19195245800006],[84.29221345400003,28.19369720800006],[84.29529301700006,28.195258770000066],[84.29794901700006,28.195566645000042],[84.30147057900007,28.196914957000047],[84.30207782900004,28.198235832000023],[84.30424401700003,28.198000832000048],[84.30572976700006,28.199010645000044],[84.31089407900004,28.199369020000063],[84.31316576700004,28.198217645000057],[84.32033758000006,28.199830145000078],[84.32207726700005,28.198382020000054],[84.32280664200005,28.195950270000026],[84.32222176700003,28.194128645000035],[84.31988633000003,28.194346083000028],[84.31820164200008,28.191559083000072],[84.31863539200003,28.190118520000055],[84.32103070500006,28.190365645000043],[84.32356864200005,28.189784332000045],[84.32491657900005,28.18768952000005],[84.32432739200004,28.182336770000063],[84.32672270400008,28.178258457000027],[84.32941770500008,28.178538582000044],[84.33066845500008,28.179304958000046],[84.33241970400007,28.182362520000027],[84.33614514200008,28.18334614500003],[84.34039808000006,28.18280770800004],[84.34679639200004,28.179896833000043],[84.35042907900004,28.17936414500008],[84.35418189200004,28.17723127000005],[84.35746083000004,28.177757520000057],[84.36301920500006,28.176856145000045],[84.36566089200005,28.176057207000042],[84.36698320500005,28.174957083000038],[84.36921139200007,28.17445470800004],[84.37204776700008,28.172899270000073],[84.37380651700005,28.173065958000052],[84.37377120500008,28.17096545800007],[84.37784964200006,28.169499020000046],[84.37916814200008,28.17045870800007],[84.38414770500003,28.172723707000046],[84.38541914300004,28.176494895000076],[84.38706439200007,28.177462708000064],[84.38892995500004,28.177206958000056],[84.39179664200003,28.175650958000062],[84.39404626700008,28.17650870700004],[84.39816157900003,28.174538333000044],[84.39826914200006,28.17092795800005],[84.40011439300008,28.167978145000063],[84.40209901700007,28.168112207000036],[84.40474976700006,28.169178395000074],[84.40843170500005,28.172226957000078],[84.41017558000004,28.171483957000078],[84.41069714200006,28.16736245800007],[84.41220789200008,28.165266270000075],[84.41248289200007,28.162618895000037],[84.41184232900008,28.16006452000005],[84.41382282900008,28.152208958000074],[84.41664651700006,28.151670083000056],[84.42043201800004,28.15391702000005],[84.42195064200007,28.15425764500003],[84.42243920400006,28.156309333000024],[84.42177532900007,28.158238208000057],[84.42398995500008,28.159443020000026],[84.42910883000008,28.164440520000028],[84.43409239200008,28.167037583000024],[84.43836057900006,28.17176895700004],[84.44025201800008,28.17213289500006],[84.44052576700005,28.170735395000065],[84.44376495500006,28.17005258200004],[84.44468664200008,28.169115457000032],[84.44441389300005,28.167196270000034],[84.44684151800004,28.16426652000007]]]}},{"type":"Feature","properties":{"STATE_CODE":4,"DISTRICT":"LAMJUNG","GaPa_NaPa":"Dordi","Type_GN":"Gaunpalika","Province":"Gandaki","provinceId":"4","provinceCode":"4","provinceName":"Gandaki","districtId":"406","districtName":"Lamjung","municipalityId":"40601","municipalityCode":"40601","municipalityName":"Dordi Rural Municipality","municipalityNameNe":"दोर्दी गाउँपालिका","municipalityType":"rural_municipality"},"geometry":{"type":"Polygon","coordinates":[[[84.69701257900005,28.360800770000026],[84.69415951700006,28.363919833000068],[84.69145914200004,28.365339145000064],[84.68861051700009,28.36809027000004],[84.68511751700004,28.372038083000064],[84.68039933000006,28.37460889500005],[84.67848595500004,28.376297020000038],[84.67688014200007,28.380228457000044],[84.67651089200007,28.383145270000057],[84.67850445500005,28.38601870800005],[84.67305345500006,28.392854707000026],[84.66974189200005,28.398177583000063],[84.66889395500004,28.40048077000006],[84.66386820500009,28.40596745700003],[84.66206120500004,28.40939883300007],[84.65880158000004,28.41193702000004],[84.65654601700004,28.41415895700004],[84.65147933000009,28.416500333000045],[84.64919495500004,28.418438020000053],[84.64759389300008,28.42290152100003],[84.64559095500005,28.426038082000048],[84.64282870400007,28.43427033300003],[84.64034833000005,28.438182832000052],[84.63657820500003,28.44169977000007],[84.63301851700004,28.44351908300007],[84.63253801700006,28.44482083200006],[84.62633164200008,28.446433332000026],[84.62450164200004,28.448546770000064],[84.62131301800008,28.44929458300004],[84.61669601700004,28.44760089500005],[84.61504958000006,28.44740758300003],[84.61706020500003,28.44019908300004],[84.61886183000007,28.436384770000075],[84.61226189200005,28.432328771000073],[84.60993883000003,28.430590645000052],[84.60853926700008,28.42865895700004],[84.60372714200008,28.42533670800003],[84.60038464300004,28.424712896000074],[84.59743814200004,28.423595582000075],[84.59077689200006,28.417052458000057],[84.58866945500006,28.416366708000055],[84.58542357900006,28.41385608300004],[84.58633239300008,28.40940070700003],[84.58554176800004,28.404844395000055],[84.58597901800005,28.403265458000078],[84.58383245500005,28.40199764500005],[84.58001089200008,28.39794614500005],[84.58166770500003,28.394245708000028],[84.57775670500007,28.39256345800004],[84.57672489200007,28.390961395000033],[84.57749858000005,28.387661895000065],[84.57642783000006,28.386515770000074],[84.57636283000005,28.384411020000073],[84.57751520500005,28.38260570700004],[84.57554551800007,28.378803333000064],[84.57481164200004,28.375183021000055],[84.57246039200004,28.37378739600007],[84.57083801800007,28.371061895000025],[84.57176470500008,28.36845889500006],[84.57019795500008,28.36574220800003],[84.57032614200006,28.363241833000075],[84.56549782900004,28.360651520000033],[84.56272426700008,28.358542145000058],[84.55993883000008,28.357919645000038],[84.55789595500005,28.35625170800006],[84.55505232900003,28.356064770000046],[84.55058151700007,28.352682833000074],[84.54935445500007,28.349912645000074],[84.54853220500007,28.34623833300003],[84.54715557900005,28.344242645000065],[84.54306745500008,28.34023839500003],[84.53918670500008,28.335326270000053],[84.53698945400004,28.333617958000048],[84.53513839200008,28.33101933300003],[84.53323989300003,28.32729727000003],[84.53163520400005,28.32676427000007],[84.53023758000006,28.324903833000064],[84.52864539300003,28.324688895000065],[84.52457576700004,28.32819945800003],[84.52119139200005,28.32885989500005],[84.51606476700005,28.328613208000036],[84.51297939200003,28.327300458000025],[84.51127433000005,28.325889957000072],[84.50742720500006,28.32549814500004],[84.50539801700006,28.32479052000008],[84.50313758000004,28.322641958000077],[84.50065170500005,28.32104464500003],[84.49697020500008,28.319487770000023],[84.49578626700008,28.31848133300008],[84.49257401700004,28.317055708000055],[84.49017614300004,28.316798145000064],[84.48720164200006,28.314915833000043],[84.48494670400004,28.31426502000005],[84.48009976700007,28.310979021000037],[84.47851376700004,28.310508582000068],[84.47615601700005,28.30850202000005],[84.47385064200006,28.307923395000046],[84.46964783000004,28.30502514500006],[84.46798782900004,28.30319877000005],[84.46217401700005,28.300998458000038],[84.45839951700003,28.298718832000077],[84.45649983000004,28.29531833200008],[84.45484489200004,28.293248083000037],[84.45177495500008,28.290796770000043],[84.45034139200004,28.288297145000058],[84.44667908000008,28.28661914500003],[84.44377957900008,28.28338414500007],[84.43887033000004,28.281028708000065],[84.43837926700007,28.27860483300003],[84.43960845500004,28.275663270000052],[84.44100558000008,28.270656708000047],[84.44109933000004,28.26881527000006],[84.44019339200008,28.267604395000035],[84.43685239200005,28.265916083000036],[84.43409314300004,28.263738583000077],[84.43372245500007,28.261093207000044],[84.43199007900006,28.257267582000054],[84.43061870500009,28.25543758300006],[84.42491526700007,28.251450583000064],[84.42062920400008,28.241705583000055],[84.41623439200004,28.23768933300005],[84.41415814200008,28.233957083000064],[84.41072070400008,28.231810395000025],[84.40754208000004,28.232381770000075],[84.40475814200005,28.232209520000026],[84.40037270500005,28.23046927000007],[84.39807645500008,28.228722895000033],[84.39515651700003,28.228074770000035],[84.39504582900008,28.224316145000046],[84.39579114200006,28.22280008300004],[84.39853351700003,28.220914895000078],[84.40502901700006,28.219293895000078],[84.40700814200005,28.213184770000055],[84.40470226700006,28.21166864500003],[84.40790439200003,28.208229645000074],[84.41017770400003,28.207401583000035],[84.41266145400004,28.208136395000054],[84.41574376700004,28.20772095800004],[84.41747445500005,28.210653270000023],[84.41940151700004,28.210523333000026],[84.42095483000008,28.211698583000043],[84.42414458000007,28.21170452000007],[84.42630101800006,28.209843208000052],[84.42954682900006,28.210821270000054],[84.43431707900004,28.21098220700003],[84.43668651700006,28.21017377000004],[84.43846982900004,28.20822527000007],[84.43959989300004,28.209101645000032],[84.43794426700003,28.212538770000037],[84.43798283000007,28.214343645000042],[84.43666782900004,28.215758020000067],[84.43580433000005,28.21858108300006],[84.43606851700008,28.220123520000072],[84.43459151700006,28.222143020000033],[84.43399370400004,28.224714833000064],[84.43260683000005,28.227616270000055],[84.43796383000006,28.230433083000037],[84.43907083000005,28.229829332000065],[84.44296414200005,28.229334020000067],[84.44446851700008,28.228424333000078],[84.44713657900007,28.228440458000023],[84.45075464200005,28.22719214500006],[84.45274251700005,28.225714520000054],[84.45314995500007,28.223402770000064],[84.45174089200003,28.222119020000036],[84.45099989200008,28.21962383300007],[84.44931070400008,28.218490020000047],[84.44976964200004,28.212353708000023],[84.45151939200008,28.21035114500006],[84.45062976700007,28.209273395000025],[84.45203914200005,28.20779989500005],[84.45273039200003,28.204264333000026],[84.45461620500004,28.201647582000078],[84.45431351700006,28.197217270000067],[84.45684139200006,28.192757270000072],[84.45712776700003,28.19137545800004],[84.46078108000006,28.18604970800004],[84.46009995400004,28.18294064500003],[84.45833295400007,28.179571145000068],[84.45644739200003,28.173451707000027],[84.45325114200006,28.167986332000055],[84.44873101700006,28.166778332000035],[84.44684151800004,28.16426652000007],[84.44627095500005,28.160827520000055],[84.44723326700006,28.15759339500005],[84.44709226700007,28.15643414500005],[84.44467257900004,28.15032302000003],[84.44564220500007,28.146854207000047],[84.44200314200003,28.139099895000072],[84.44252551700004,28.13723452000005],[84.44381133000007,28.137941082000054],[84.44829033100007,28.137080395000055],[84.45194158000004,28.137785895000036],[84.45687908100007,28.13584039500006],[84.45911633000009,28.135354583000037],[84.46012920400005,28.13606420700006],[84.46625245500007,28.137884645000042],[84.46812576800005,28.13741570700006],[84.47124720400006,28.138009708000027],[84.47375633100006,28.139467645000025],[84.47703214200004,28.139399832000038],[84.47834964300006,28.138725145000024],[84.48119051900005,28.140468270000042],[84.48291583000008,28.13992527000005],[84.48645520600007,28.140188083000055],[84.49043908100003,28.142588020000062],[84.49263270600005,28.14229814500004],[84.49550270500004,28.14284283300003],[84.49999995500008,28.145969457000035],[84.49942545400006,28.147095208000053],[84.49678383000008,28.14809983200007],[84.49374426700007,28.150728082000057],[84.49330208000003,28.153529707000075],[84.49371395500003,28.155633270000067],[84.49188257900005,28.15725539500005],[84.49020670500005,28.16030958300007],[84.49110576700008,28.162756708000074],[84.49350820500007,28.164198895000027],[84.49706245400006,28.16763583200003],[84.49658151700004,28.171139270000026],[84.49213189200003,28.173488332000034],[84.49020551700005,28.173874270000056],[84.48028639200004,28.17386883300003],[84.47821220400004,28.174532645000056],[84.47908239200007,28.176388770000074],[84.48276889200008,28.17923220700004],[84.48380464300004,28.180789895000032],[84.48267983000005,28.184496395000053],[84.48342464200005,28.187875895000047],[84.48151283000004,28.197697395000034],[84.48069301800007,28.199313458000063],[84.48832639200003,28.199250333000066],[84.48984983000008,28.198493582000026],[84.49336876700005,28.19817183200007],[84.49603345400004,28.19913914500006],[84.49817839200006,28.19704658200004],[84.50277401700004,28.19592645800003],[84.50538883000007,28.197114895000027],[84.50992445400004,28.196649083000068],[84.51174620400008,28.195604458000048],[84.51357057900003,28.19551864500005],[84.51463501700005,28.193757020000078],[84.51758401700005,28.192024395000033],[84.51894164200007,28.190609082000037],[84.51951314200005,28.188858332000052],[84.52399389200008,28.184527270000046],[84.52675845400006,28.18445802000008],[84.53119595500004,28.183208957000033],[84.53173289200004,28.182105832000047],[84.53382820500008,28.181240270000046],[84.53832326700007,28.18135127000005],[84.54120401800003,28.18187464500005],[84.54358951800003,28.181644083000037],[84.54794714200006,28.182633020000026],[84.55240582900007,28.184941270000024],[84.55478151800008,28.185265582000056],[84.56089464200005,28.187485645000038],[84.55718333000004,28.19161845800005],[84.55631451800008,28.194245958000067],[84.55576495400004,28.198041020000062],[84.55448895500007,28.200622707000036],[84.55527170500005,28.204360457000064],[84.55858089200007,28.210603582000033],[84.55936014200006,28.21582127000005],[84.55973420500004,28.220880457000078],[84.55822939200004,28.225412645000063],[84.55855620500006,28.229589832000045],[84.55840839200005,28.232764958000075],[84.56064301700007,28.236480895000057],[84.56548783000005,28.239788833000034],[84.56917614200006,28.241648457000053],[84.57059707900004,28.242813520000027],[84.57454057900009,28.244829895000066],[84.57751333000004,28.248246833000053],[84.57791964200004,28.250000458000045],[84.57748151800007,28.253930395000054],[84.58008651700004,28.256653895000056],[84.58300014200006,28.258590833000028],[84.58435851700006,28.261193207000076],[84.58405758000004,28.26243770800005],[84.58538001700003,28.263454082000067],[84.58621926700005,28.265934582000057],[84.58646633000006,28.26961339500008],[84.59122083000005,28.274398645000076],[84.59518045500005,28.276962583000056],[84.59563439300007,28.279990645000055],[84.59669170500007,28.282774708000034],[84.60078026700006,28.28598770800005],[84.60220389300008,28.287691645000052],[84.60508558000004,28.294129395000027],[84.60821545500005,28.296743958000036],[84.60915370400005,28.298440895000056],[84.61208489200004,28.300262083000064],[84.61487176800006,28.304236270000047],[84.61543989200004,28.308150457000067],[84.61760101800007,28.309336520000045],[84.61811258000006,28.311053395000044],[84.62151414300007,28.31291058200003],[84.62317239300006,28.314825332000055],[84.62519620400008,28.315483895000057],[84.62601833000008,28.316664583000033],[84.62863926700004,28.317943083000046],[84.62999639200007,28.320116333000044],[84.63342064200003,28.321075146000055],[84.63701414200006,28.32519627100004],[84.64060857900006,28.325675770000032],[84.64514408000008,28.32471808200006],[84.64693620500003,28.325483521000024],[84.65486726800003,28.325235832000033],[84.65605845500005,28.323118332000035],[84.66150676700005,28.323843332000024],[84.66554495400004,28.321680333000074],[84.66831470500006,28.32668452000007],[84.66991501800004,28.327840895000065],[84.66901245400004,28.330403833000048],[84.66935426800006,28.332660583000063],[84.67166289200009,28.33543108300006],[84.67122451800003,28.340647270000034],[84.67171183000005,28.342203832000052],[84.67480489300004,28.342745895000064],[84.67899051700005,28.342240020000077],[84.68285976800007,28.342917833000058],[84.68497995500007,28.346943520000025],[84.68690939200008,28.34983070800007],[84.68990039200008,28.352089833000036],[84.69010664200005,28.354011082000056],[84.69513039200007,28.35858808200004],[84.69701257900005,28.360800770000026]]]}},{"type":"Feature","properties":{"STATE_CODE":4,"DISTRICT":"LAMJUNG","GaPa_NaPa":"Dudhpokhari","Type_GN":"Gaunpalika","Province":"Gandaki","provinceId":"4","provinceCode":"4","provinceName":"Gandaki","districtId":"406","districtName":"Lamjung","municipalityId":"40608","municipalityCode":"40608","municipalityName":"Dudhapokhari Rural Municipality","municipalityNameNe":"दुधपोखरी गाउँपालिका","municipalityType":"rural_municipality"},"geometry":{"type":"Polygon","coordinates":[[[84.66150676700005,28.323843332000024],[84.65605845500005,28.323118332000035],[84.65486726800003,28.325235832000033],[84.64693620500003,28.325483521000024],[84.64514408000008,28.32471808200006],[84.64060857900006,28.325675770000032],[84.63701414200006,28.32519627100004],[84.63342064200003,28.321075146000055],[84.62999639200007,28.320116333000044],[84.62863926700004,28.317943083000046],[84.62601833000008,28.316664583000033],[84.62519620400008,28.315483895000057],[84.62317239300006,28.314825332000055],[84.62151414300007,28.31291058200003],[84.61811258000006,28.311053395000044],[84.61760101800007,28.309336520000045],[84.61543989200004,28.308150457000067],[84.61487176800006,28.304236270000047],[84.61208489200004,28.300262083000064],[84.60915370400005,28.298440895000056],[84.60821545500005,28.296743958000036],[84.60508558000004,28.294129395000027],[84.60220389300008,28.287691645000052],[84.60078026700006,28.28598770800005],[84.59669170500007,28.282774708000034],[84.59563439300007,28.279990645000055],[84.59518045500005,28.276962583000056],[84.59122083000005,28.274398645000076],[84.58646633000006,28.26961339500008],[84.58621926700005,28.265934582000057],[84.58538001700003,28.263454082000067],[84.58405758000004,28.26243770800005],[84.58435851700006,28.261193207000076],[84.58300014200006,28.258590833000028],[84.58008651700004,28.256653895000056],[84.57748151800007,28.253930395000054],[84.57791964200004,28.250000458000045],[84.57751333000004,28.248246833000053],[84.57454057900009,28.244829895000066],[84.57059707900004,28.242813520000027],[84.56917614200006,28.241648457000053],[84.56548783000005,28.239788833000034],[84.56064301700007,28.236480895000057],[84.55840839200005,28.232764958000075],[84.55855620500006,28.229589832000045],[84.55822939200004,28.225412645000063],[84.55973420500004,28.220880457000078],[84.55936014200006,28.21582127000005],[84.55858089200007,28.210603582000033],[84.55527170500005,28.204360457000064],[84.55448895500007,28.200622707000036],[84.55576495400004,28.198041020000062],[84.55631451800008,28.194245958000067],[84.55718333000004,28.19161845800005],[84.56089464200005,28.187485645000038],[84.55478151800008,28.185265582000056],[84.55240582900007,28.184941270000024],[84.54794714200006,28.182633020000026],[84.54358951800003,28.181644083000037],[84.54120401800003,28.18187464500005],[84.53832326700007,28.18135127000005],[84.53382820500008,28.181240270000046],[84.53173289200004,28.182105832000047],[84.53119595500004,28.183208957000033],[84.52675845400006,28.18445802000008],[84.52399389200008,28.184527270000046],[84.51951314200005,28.188858332000052],[84.51894164200007,28.190609082000037],[84.51758401700005,28.192024395000033],[84.51463501700005,28.193757020000078],[84.51357057900003,28.19551864500005],[84.51174620400008,28.195604458000048],[84.50992445400004,28.196649083000068],[84.50538883000007,28.197114895000027],[84.50277401700004,28.19592645800003],[84.49817839200006,28.19704658200004],[84.49603345400004,28.19913914500006],[84.49336876700005,28.19817183200007],[84.48984983000008,28.198493582000026],[84.48832639200003,28.199250333000066],[84.48069301800007,28.199313458000063],[84.48151283000004,28.197697395000034],[84.48342464200005,28.187875895000047],[84.48267983000005,28.184496395000053],[84.48380464300004,28.180789895000032],[84.48276889200008,28.17923220700004],[84.47908239200007,28.176388770000074],[84.47821220400004,28.174532645000056],[84.48028639200004,28.17386883300003],[84.49020551700005,28.173874270000056],[84.49213189200003,28.173488332000034],[84.49658151700004,28.171139270000026],[84.49706245400006,28.16763583200003],[84.49350820500007,28.164198895000027],[84.49110576700008,28.162756708000074],[84.49020670500005,28.16030958300007],[84.49188257900005,28.15725539500005],[84.49371395500003,28.155633270000067],[84.49330208000003,28.153529707000075],[84.49374426700007,28.150728082000057],[84.49678383000008,28.14809983200007],[84.49942545400006,28.147095208000053],[84.49999995500008,28.145969457000035],[84.50128064200004,28.147241895000036],[84.50614689300005,28.148370145000058],[84.50837132900006,28.15083702000004],[84.51101001700005,28.15298420700003],[84.51374639200003,28.154501457000038],[84.51596726700006,28.154975957000033],[84.51959370500003,28.15704252000006],[84.52284101700008,28.160980832000064],[84.52564914200008,28.15770983300007],[84.52808195500006,28.157208645000026],[84.53430895500009,28.158971457000064],[84.53961414200006,28.158472333000077],[84.54197489200004,28.157233270000063],[84.54326045400006,28.157329708000077],[84.54547076700004,28.153907270000047],[84.54738214200006,28.152676770000028],[84.54724095500006,28.151068645000066],[84.54840226700009,28.149789145000057],[84.54808526700003,28.147281458000066],[84.54918076700005,28.144948645000056],[84.55035714200005,28.144012020000048],[84.55002001700007,28.142553645000078],[84.55260007900006,28.139977895000072],[84.55280376700006,28.13713414500006],[84.55370776700005,28.134743395000044],[84.55497151800006,28.133750020000036],[84.55584445400007,28.13076595800004],[84.55499320400008,28.128195020000078],[84.55614832900005,28.12615070700008],[84.55452776800007,28.12356027000004],[84.55467001700003,28.120425770000054],[84.55782808000004,28.120852958000057],[84.55836564200007,28.124402082000074],[84.56085776700007,28.124739395000063],[84.56119333000004,28.126001520000045],[84.56286289200006,28.127328145000035],[84.56516970500007,28.127860145000056],[84.56698420400005,28.12722089500005],[84.56979745500007,28.128222270000037],[84.57292401700005,28.128538707000075],[84.57267620400006,28.130272520000062],[84.57632264200004,28.130349770000066],[84.57682320500004,28.132209083000077],[84.57807795500008,28.132783645000075],[84.57709839200004,28.13464014500005],[84.57895920400006,28.136101145000055],[84.57827958000007,28.137981208000042],[84.58250882900006,28.140111270000034],[84.58498864200004,28.14043458200007],[84.58944926800007,28.143520083000055],[84.58761308000004,28.145459333000076],[84.58866489200005,28.14648820800005],[84.59021583000003,28.146014457000035],[84.59101676800003,28.14782277000006],[84.59721639200006,28.148450208000042],[84.59881333000004,28.15122520700004],[84.60134370500003,28.151092333000065],[84.60332151700004,28.151846207000062],[84.60412320400008,28.15476227000005],[84.60687289200007,28.155472082000074],[84.60852451800008,28.156489083000054],[84.60998545500007,28.158553832000052],[84.61180251700006,28.15988145800003],[84.61079826700006,28.16204295800003],[84.61157233000006,28.164173833000063],[84.61271120500004,28.165107332000048],[84.61244645500005,28.16666758200006],[84.61440232900009,28.167425958000024],[84.61533976800007,28.170955020000065],[84.61415489300003,28.172352395000075],[84.61777358000006,28.174662332000025],[84.62067708000006,28.178868333000025],[84.62481520500006,28.18011302000008],[84.62565895500006,28.183766520000063],[84.63214420500003,28.187010520000058],[84.63344414200003,28.188403395000023],[84.63510451700006,28.18882889500003],[84.63797733000007,28.195304458000066],[84.63884820500004,28.198276332000034],[84.64046764300008,28.200035395000043],[84.64219370500007,28.20311152000005],[84.64241607900004,28.205156895000073],[84.63986664200007,28.208805833000042],[84.63950495400007,28.214689520000036],[84.63878139200006,28.216800207000063],[84.63588814300005,28.221711895000055],[84.63618895500008,28.22293789500003],[84.63507045500006,28.229574082000056],[84.63586026700006,28.232259833000057],[84.63739695500004,28.23385008300005],[84.63834176800003,28.237532332000058],[84.64232064200007,28.24293764500004],[84.64275595500004,28.24510377000007],[84.64578176800006,28.247343458000046],[84.64855857900005,28.250001707000024],[84.65010895500006,28.25449770800003],[84.65200308000004,28.25840320800006],[84.65201320500006,28.260061457000063],[84.65365383000005,28.264265958000067],[84.65384389200005,28.267425958000047],[84.65243220500008,28.273005457000068],[84.65278851700003,28.275636770000062],[84.65058783000006,28.28057483300006],[84.64886383000004,28.281038770000066],[84.64859783000009,28.28331202100003],[84.64946108000004,28.290311145000032],[84.64861426700008,28.292226146000075],[84.65212814200004,28.29682333200003],[84.65304233000006,28.299276020000036],[84.65301351700003,28.301333707000026],[84.65468526700005,28.305091270000048],[84.65444176700004,28.307071145000066],[84.65710508000006,28.310878020000075],[84.65717070500006,28.31232620700007],[84.66212714200003,28.314806582000074],[84.66205751700005,28.31756170700004],[84.66069695500005,28.320397583000045],[84.66067258000004,28.322850145000075],[84.66150676700005,28.323843332000024]]]}},{"type":"Feature","properties":{"STATE_CODE":4,"DISTRICT":"LAMJUNG","GaPa_NaPa":"Kwholasothar","Type_GN":"Gaunpalika","Province":"Gandaki","provinceId":"4","provinceCode":"4","provinceName":"Gandaki","districtId":"406","districtName":"Lamjung","municipalityId":"40603","municipalityCode":"40603","municipalityName":"Kwhola Sothar Rural Municipality","municipalityNameNe":"क्ब्होलासोथार गाउँपालिका","municipalityType":"rural_municipality"},"geometry":{"type":"Polygon","coordinates":[[[84.32510601700005,28.25257502000005],[84.32327558000009,28.253775146000066],[84.32204426700008,28.255935082000065],[84.31895995500008,28.257327645000032],[84.31784383000007,28.259290957000076],[84.31789851700006,28.264193645000034],[84.31884451700006,28.266068645000075],[84.31932664200008,28.270065645000045],[84.31984201800003,28.271120332000066],[84.32658232900008,28.270210957000074],[84.32880276800006,28.271029145000057],[84.33069851700003,28.277903895000065],[84.33039545500003,28.28169964500006],[84.33087564200008,28.28429314500005],[84.32559495500004,28.28305814500004],[84.32178789200003,28.28404189500003],[84.31773832900006,28.283205270000053],[84.31702901700004,28.28101833200003],[84.31507164300007,28.279549520000046],[84.30980889200004,28.279545770000027],[84.30604251700004,28.28028752000006],[84.30124314200003,28.28032752100006],[84.30016308000006,28.27965302000007],[84.29748389200006,28.279537083000037],[84.29521732900008,28.277202270000032],[84.29319858000008,28.276929083000027],[84.28999426700005,28.279338833000054],[84.28816701700003,28.27942164500007],[84.28608120500007,28.278381395000054],[84.28049364200007,28.27794170800007],[84.27956351700004,28.27677264500005],[84.27788270400004,28.278533708000055],[84.27826070500004,28.280547770000055],[84.27710326700003,28.284137583000074],[84.27513989200008,28.286849020000034],[84.27258464200008,28.287411457000076],[84.27063451700008,28.288866145000043],[84.27035007900008,28.290809333000027],[84.27562414200008,28.29401170700004],[84.27759795400004,28.294303270000057],[84.27912020400004,28.295671957000025],[84.28276208000005,28.300853833000076],[84.28749657900005,28.301922457000046],[84.29669176700008,28.30592564500006],[84.29846545400005,28.307704208000075],[84.29989314200003,28.308141083000066],[84.29992332900008,28.309600832000058],[84.29635451700005,28.31325245800008],[84.28852957900006,28.313679833000037],[84.28747389200004,28.315762332000077],[84.28875145500007,28.320087083000033],[84.28862951700006,28.32308139500003],[84.28704295400007,28.32619608300007],[84.28643526700006,28.330170645000067],[84.28568995400008,28.331352208000055],[84.28530676600008,28.33586777100004],[84.28431908000005,28.33726864500005],[84.28413832900003,28.339780270000063],[84.28100732900003,28.34345314500007],[84.28164739200008,28.345827645000043],[84.28050883000003,28.348582520000036],[84.28047539200008,28.350897520000046],[84.28315764200005,28.352963208000062],[84.27925164200008,28.354257333000078],[84.27629089200008,28.356194707000043],[84.27208070500006,28.358084833000078],[84.27120270500006,28.359095145000026],[84.27042620500004,28.363216583000053],[84.26556107900007,28.37064008300007],[84.26520051700004,28.372310457000026],[84.26282508000008,28.373718395000026],[84.26209370500004,28.375849708000032],[84.25626257900007,28.38095983200003],[84.25600870500006,28.38278564500007],[84.25253139200004,28.386620958000037],[84.25197445500004,28.387932832000047],[84.24999982900005,28.38964214500004],[84.24884451700007,28.393123395000032],[84.24916376700008,28.400902270000074],[84.24967645400005,28.402713082000048],[84.24981476700003,28.40837595800008],[84.24531989200005,28.411154770000053],[84.24066539200004,28.41454283300004],[84.23830014200007,28.417608708000046],[84.23787833000006,28.419134645000042],[84.23588282900005,28.41726545800003],[84.23363164200003,28.417318958000067],[84.23174232900004,28.415810520000036],[84.22920514200007,28.412213895000036],[84.22783270500008,28.407997145000024],[84.22683107900008,28.406200520000027],[84.22667989200005,28.402175708000073],[84.22550758000006,28.400929958000063],[84.22221401700006,28.39882127000004],[84.21845914200009,28.395855896000057],[84.21614476700006,28.391884082000047],[84.21452801700008,28.385700083000074],[84.21565464100007,28.384673958000064],[84.21592901700006,28.382230020000065],[84.21832707900006,28.380274583000073],[84.21937014200006,28.377912895000065],[84.21962251700006,28.373952770000074],[84.21911564200008,28.369220020000057],[84.21862882900007,28.368631957000048],[84.21981564200007,28.36306614500006],[84.21977120500009,28.360069895000038],[84.21752620400008,28.356296582000027],[84.21444207900004,28.354532583000037],[84.21294720400005,28.353158583000038],[84.21114307900007,28.348867770000027],[84.20969120400008,28.343378333000032],[84.20790732900008,28.341424895000046],[84.20660307900005,28.337451333000047],[84.20723982900006,28.332414458000073],[84.20715426700008,28.329725145000054],[84.20776983000007,28.328433645000075],[84.20698314200007,28.327130708000027],[84.20335926700005,28.32457983300003],[84.20279245400008,28.322689895000053],[84.20018707900005,28.320451020000064],[84.19893558000007,28.317294145000062],[84.19860101700004,28.311507333000066],[84.19760064200005,28.30996777000007],[84.19671345400008,28.30635452100006],[84.19778501700006,28.304890895000028],[84.19640051700009,28.30360008300005],[84.19505389200003,28.299985207000077],[84.19317320500005,28.297896396000056],[84.18996970500007,28.296838145000038],[84.18891801700005,28.291343333000043],[84.18969007900006,28.290083270000025],[84.19249057900004,28.28778245700005],[84.19594776700006,28.28346808300006],[84.19743383000008,28.279458832000046],[84.19880245500008,28.277581895000026],[84.20328658000005,28.275612333000026],[84.20439982900007,28.273988332000044],[84.20767245500008,28.273214082000038],[84.20784420400008,28.271927770000048],[84.21043845500003,28.268528020000076],[84.21032908000007,28.26717677000005],[84.21309326700003,28.26539452000003],[84.21372133000006,28.260066520000066],[84.21328214200008,28.25672339500005],[84.21514020400008,28.253900145000046],[84.21455689200008,28.250660958000026],[84.21556895400005,28.250113457000054],[84.21485120500006,28.247993707000035],[84.21628683000006,28.244070020000038],[84.21492939200004,28.24297114500007],[84.21430145500005,28.240632207000033],[84.21558957900004,28.23881620800006],[84.21472670400004,28.237508895000076],[84.21558557900005,28.236343333000036],[84.21401001700008,28.233462270000075],[84.21407108000005,28.231163020000054],[84.21340251600003,28.23014427000004],[84.21497007900007,28.22813820700003],[84.21374020400003,28.226064395000037],[84.21298239200007,28.223224895000044],[84.21330033000004,28.220234833000063],[84.21185733000004,28.219194645000073],[84.21125064200004,28.216546707000077],[84.21257851600006,28.212720270000034],[84.21007720500006,28.207739957000058],[84.21352064200005,28.20870039500005],[84.21688070400006,28.210892708000074],[84.21851657900004,28.210874270000033],[84.22419614200004,28.209161583000025],[84.22568026700003,28.20829727000006],[84.22705926700007,28.206359083000052],[84.22914826700008,28.204728833000047],[84.23392770500004,28.202638145000037],[84.23627351700009,28.20234983200004],[84.23915576700006,28.204497332000074],[84.24089770400008,28.20635795800007],[84.24606201700004,28.207643895000047],[84.25073270500008,28.208294270000067],[84.25372645400006,28.206476957000064],[84.25712508000004,28.205480083000054],[84.25904033000006,28.205408770000076],[84.26098389200007,28.208333770000024],[84.26278808000006,28.208932708000077],[84.26717182900006,28.214079833000028],[84.26793195400006,28.216036832000043],[84.27226764200003,28.213332020000053],[84.27392614200005,28.21116264500006],[84.27609357900008,28.209842895000065],[84.27571089200006,28.20686308200004],[84.27688939200004,28.206296645000066],[84.27950845400005,28.206550770000035],[84.28153595400005,28.203884208000034],[84.28522020400004,28.20986927000007],[84.28856232900006,28.21088439500005],[84.28840670400007,28.21268520800004],[84.29077770500004,28.212779458000057],[84.29197126700006,28.21375839500007],[84.29532170500005,28.21403552000004],[84.29590176700003,28.21701027000006],[84.29933901700008,28.218011395000076],[84.30802620500003,28.224652708000065],[84.30985989200008,28.224698083000078],[84.31476901700006,28.22600008300003],[84.32264658000008,28.22680520800003],[84.32453870400008,28.226367582000023],[84.32653958000003,28.22753152000007],[84.32674945500008,28.229943020000064],[84.32975201700003,28.232273270000064],[84.33272889200003,28.231627521000064],[84.33529976700004,28.229060395000033],[84.33671020400004,28.229963957000052],[84.33794039200006,28.23512327000003],[84.33774795400006,28.236310520000075],[84.33590414200006,28.23677308300006],[84.33510107900008,28.240482145000044],[84.33369614200006,28.239935020000075],[84.32573676700008,28.239807583000072],[84.32353770500004,28.24289033200006],[84.32411683000004,28.24481808300004],[84.32405889200004,28.25009108300003],[84.32510601700005,28.25257502000005]]]}},{"type":"Feature","properties":{"STATE_CODE":4,"DISTRICT":"LAMJUNG","GaPa_NaPa":"MadhyaNepal","Type_GN":"Nagarpalika","Province":"Gandaki","provinceId":"4","provinceCode":"4","provinceName":"Gandaki","districtId":"406","districtName":"Lamjung","municipalityId":"40604","municipalityCode":"40604","municipalityName":"Madhya Nepal Urban Municipality","municipalityNameNe":"मध्यनेपाल नगरपालिका","municipalityType":"municipality"},"geometry":{"type":"Polygon","coordinates":[[[84.28153595400005,28.203884208000034],[84.27950845400005,28.206550770000035],[84.27688939200004,28.206296645000066],[84.27571089200006,28.20686308200004],[84.27609357900008,28.209842895000065],[84.27392614200005,28.21116264500006],[84.27226764200003,28.213332020000053],[84.26793195400006,28.216036832000043],[84.26717182900006,28.214079833000028],[84.26278808000006,28.208932708000077],[84.26098389200007,28.208333770000024],[84.25904033000006,28.205408770000076],[84.25712508000004,28.205480083000054],[84.25372645400006,28.206476957000064],[84.25073270500008,28.208294270000067],[84.24606201700004,28.207643895000047],[84.24089770400008,28.20635795800007],[84.23915576700006,28.204497332000074],[84.23627351700009,28.20234983200004],[84.23392770500004,28.202638145000037],[84.22914826700008,28.204728833000047],[84.22705926700007,28.206359083000052],[84.22568026700003,28.20829727000006],[84.22419614200004,28.209161583000025],[84.21851657900004,28.210874270000033],[84.21688070400006,28.210892708000074],[84.21352064200005,28.20870039500005],[84.21007720500006,28.207739957000058],[84.20857251700005,28.205934957000068],[84.20704839200005,28.20281008300003],[84.20408164200006,28.201259957000048],[84.20290139200006,28.19886327000006],[84.19961089200007,28.198405583000067],[84.19625657900008,28.197372520000044],[84.19483651600007,28.198103333000063],[84.19292408000007,28.19635964500003],[84.19303358000008,28.194595082000035],[84.19572420400004,28.192768208000075],[84.19643945400009,28.188202707000073],[84.19863326700005,28.187931020000065],[84.20385776700004,28.189326770000037],[84.20790151700004,28.189246145000027],[84.21009882900006,28.186542082000074],[84.21134982900008,28.183453520000057],[84.21496551700005,28.182608582000057],[84.21701076700003,28.181535832000066],[84.21967864200008,28.18157439500004],[84.22088451700006,28.18069033200004],[84.21955195500004,28.17907920700003],[84.21867170400003,28.17683558300007],[84.21602776700007,28.173748645000046],[84.21546851700003,28.172158833000026],[84.21793920400006,28.168623833000026],[84.21985139200007,28.16719252000007],[84.22187270500007,28.16488108200008],[84.22101464200006,28.163461020000057],[84.22073939200004,28.158826958000077],[84.22151482900006,28.156761207000045],[84.22437482900006,28.15429720800006],[84.22265883000006,28.15103739500006],[84.22466064200006,28.14673358300007],[84.22907232900008,28.142958270000065],[84.23069133000007,28.140595457000074],[84.23028932900007,28.137439520000044],[84.22908770400005,28.136114832000032],[84.22336951700004,28.134353082000075],[84.22066445400003,28.131895832000055],[84.21989889200006,28.128144770000063],[84.22017164200008,28.12460420800005],[84.21951520400006,28.12362152000003],[84.22456539200004,28.119317270000067],[84.22620951700003,28.115413395000076],[84.22560526700005,28.111838145000036],[84.22882408000004,28.106981707000045],[84.23138695500006,28.10162545700007],[84.23059382900004,28.098589770000046],[84.22811026700003,28.095701270000063],[84.22788576700003,28.094981895000046],[84.23186714200006,28.090187333000074],[84.23275820500004,28.088085145000036],[84.23233051700004,28.081765895000046],[84.23396783000004,28.078708083000038],[84.23499458000003,28.07856414500003],[84.23865595400008,28.08034708200006],[84.24114420500007,28.080647395000028],[84.24243182900005,28.082775083000058],[84.24376701700004,28.08339320700003],[84.24697001700008,28.08250295700003],[84.24904439100004,28.086881020000078],[84.25043557900005,28.087742708000064],[84.25281307900008,28.086612333000062],[84.25341057900005,28.085063520000062],[84.25536070400005,28.084773270000028],[84.25960945400004,28.087608270000032],[84.26140995400004,28.087814707000064],[84.26321333000004,28.089433583000073],[84.26594189200006,28.093189583000026],[84.26943495400008,28.092760833000057],[84.27138139200008,28.09046683200006],[84.27537208000007,28.092424145000052],[84.28017464200008,28.092908582000064],[84.28301676700005,28.097762832000058],[84.28711576700005,28.098607208000033],[84.28960708000005,28.09987452000007],[84.29336176700008,28.10039677000003],[84.29398739200008,28.10169058200006],[84.29813270500006,28.103798020000056],[84.30238151700007,28.104643895000038],[84.30275114200003,28.10647295800004],[84.30818214200008,28.108214020000048],[84.31142076700007,28.107019895000064],[84.31316689200008,28.10825008300003],[84.31724601700006,28.112326894000034],[84.31842964200007,28.11287470700006],[84.31990251700006,28.115420895000057],[84.32271651700006,28.115199958000062],[84.32310976700006,28.11670170700006],[84.32537845500008,28.119376833000047],[84.32330214200005,28.12121389500004],[84.32291201700008,28.129265332000045],[84.32380382900004,28.130443271000047],[84.32340332900003,28.13437239500007],[84.32507058000004,28.138384707000057],[84.32740970400005,28.139800582000078],[84.32769314200004,28.141945645000078],[84.32613739200008,28.14371827000008],[84.32248901700007,28.14440152000003],[84.32053457900008,28.145687707000036],[84.32153939200003,28.148832895000055],[84.31926989200008,28.147784520000073],[84.31408020400005,28.147460332000037],[84.31059145400008,28.14528420700003],[84.31133976700005,28.15055995700004],[84.31290401700005,28.152050082000073],[84.31631045500006,28.153614895000032],[84.31559626700005,28.156175208000036],[84.31620364200006,28.15757039500005],[84.31576045400004,28.159457708000048],[84.31791976700003,28.161257770000077],[84.32231214200004,28.16608952000007],[84.32017358000007,28.16680983300006],[84.31846008000008,28.168329958000072],[84.31666251700005,28.17245639500004],[84.31895545400005,28.178254207000066],[84.31490407900003,28.17976402000005],[84.31189239200006,28.179597208000075],[84.30847714200007,28.180780457000026],[84.30509170400006,28.17902808300005],[84.30371258000008,28.178954520000048],[84.29836582900003,28.180383145000064],[84.29135208000008,28.179872583000076],[84.28797545400005,28.180342207000024],[84.28592814200005,28.180118707000076],[84.28255801700004,28.18066495800008],[84.28429257900007,28.184418083000025],[84.28773283000004,28.186732583000037],[84.28901126700003,28.19077089500007],[84.28832126700007,28.192261520000045],[84.28494695400008,28.194233833000055],[84.28593451700004,28.196169895000025],[84.28425757900004,28.19935927000006],[84.28165370500005,28.20022883300004],[84.28108764200005,28.201430333000076],[84.28153595400005,28.203884208000034]]]}},{"type":"Feature","properties":{"STATE_CODE":4,"DISTRICT":"LAMJUNG","GaPa_NaPa":"Marsyangdi","Type_GN":"Gaunpalika","Province":"Gandaki","provinceId":"4","provinceCode":"4","provinceName":"Gandaki","districtId":"406","districtName":"Lamjung","municipalityId":"40602","municipalityCode":"40602","municipalityName":"Marshyangdi Rural Municipality","municipalityNameNe":"मस्र्याङ्गदी गाउँपालिका","municipalityType":"rural_municipality"},"geometry":{"type":"Polygon","coordinates":[[[84.57030068100005,28.48265629100007],[84.56661614200004,28.47854527000004],[84.56377108000004,28.476300896000055],[84.55820782900008,28.47414889600003],[84.55426951800007,28.47190658200003],[84.55200520500006,28.471141895000073],[84.54107201700003,28.47045264600007],[84.53537145400009,28.47081133300003],[84.53415464200003,28.472819583000046],[84.53202901700007,28.472451146000026],[84.52689957900003,28.47059170700004],[84.52235214300003,28.46815008300007],[84.51447807900007,28.465716333000046],[84.51117645400006,28.464208146000033],[84.50897458000009,28.464525458000026],[84.50445701700005,28.463937645000044],[84.50260607900003,28.462893145000066],[84.50000008000006,28.462654582000027],[84.49297126700003,28.46143027000005],[84.48871508000008,28.467943395000077],[84.48852026700007,28.47040558300006],[84.48509133000005,28.471297770000035],[84.48176226700008,28.472841521000078],[84.47914133000006,28.475980082000035],[84.47835814200005,28.47812845800007],[84.47663370500004,28.47938220700007],[84.47439657900009,28.482627582000077],[84.47242801800007,28.483985895000046],[84.47252364200006,28.485526521000054],[84.47041245500003,28.489592708000032],[84.46761720500007,28.491452395000067],[84.46353964200006,28.50000589600006],[84.45974095500009,28.501895958000034],[84.45259114200007,28.50680002000007],[84.44396707900006,28.510095395000064],[84.43898520500005,28.50942120800005],[84.43463695400004,28.50998564500003],[84.43242058000004,28.507538020000027],[84.43062351700007,28.506875895000064],[84.42812120400004,28.504548707000026],[84.42511239200007,28.503123208000034],[84.42164107900004,28.495208083000023],[84.42092051700007,28.492708208000067],[84.41950433000005,28.49109045800003],[84.41890132900005,28.48811189500003],[84.41956657900005,28.483414707000065],[84.41924995500005,28.477612833000023],[84.41723895400008,28.47141227000003],[84.41562401700008,28.470289146000027],[84.41247445400006,28.467160396000054],[84.40990289200005,28.464104271000053],[84.40841339200006,28.46319495800003],[84.40653239200003,28.460705270000062],[84.40438651700003,28.459881395000025],[84.40026420400005,28.456425833000026],[84.39682526700005,28.456600583000068],[84.39263326700006,28.457677645000047],[84.38231576700008,28.459839145000046],[84.38089858000006,28.460492896000062],[84.37658095400008,28.46096970800005],[84.37440908000008,28.46031464500004],[84.37357039200003,28.45886845700005],[84.37580995400003,28.45629702000008],[84.37642339200005,28.453788708000047],[84.37252520500004,28.453677583000058],[84.37090776700006,28.45309089500006],[84.36813570400005,28.453782020000062],[84.36272351700006,28.45252408300007],[84.36086276700007,28.452621457000077],[84.35745939200007,28.453686395000034],[84.35264120400007,28.452900270000043],[84.34771039200007,28.453382333000036],[84.34513133000007,28.45202608200003],[84.34100145500008,28.452090646000045],[84.33995014200008,28.45284008300007],[84.33784101700007,28.452317395000023],[84.33014895400004,28.452740146000053],[84.32743908000003,28.450914646000058],[84.32348095500004,28.449710270000026],[84.31931757900009,28.44963208300004],[84.31398695500008,28.44915489600004],[84.30902414200006,28.447392895000064],[84.30537764200005,28.446825833000048],[84.30384720500007,28.447697895000033],[84.30019776700004,28.448572333000072],[84.29804757900007,28.448098771000048],[84.29319776700004,28.44509277000003],[84.29032776700006,28.444843958000035],[84.28861126700008,28.445646271000044],[84.28261901700006,28.44631995800006],[84.28094595400006,28.446907770000053],[84.27887645400006,28.45089427000005],[84.27700282900008,28.452448083000036],[84.27115258000003,28.456394645000046],[84.27037739200006,28.45453264500003],[84.26896614200007,28.453233520000026],[84.26821007900008,28.45131052000005],[84.26489514200006,28.450825145000067],[84.26115714200006,28.44932970700006],[84.25892426700005,28.44787420800003],[84.25673264200003,28.447339145000058],[84.25420051700007,28.44506064600006],[84.25078914200003,28.443645521000064],[84.24852739200009,28.441725146000067],[84.24749614200005,28.43940989500004],[84.24948351700004,28.436353583000027],[84.24962826700005,28.433857958000033],[84.24885451700004,28.43043670800006],[84.24804107900007,28.42884758300005],[84.24745814200008,28.424997270000063],[84.24652614200005,28.423322583000072],[84.24381158000006,28.42156314500005],[84.24040908000006,28.420558396000047],[84.23787833000006,28.419134645000042],[84.23830014200007,28.417608708000046],[84.24066539200004,28.41454283300004],[84.24531989200005,28.411154770000053],[84.24981476700003,28.40837595800008],[84.24967645400005,28.402713082000048],[84.24916376700008,28.400902270000074],[84.24884451700007,28.393123395000032],[84.24999982900005,28.38964214500004],[84.25197445500004,28.387932832000047],[84.25253139200004,28.386620958000037],[84.25600870500006,28.38278564500007],[84.25626257900007,28.38095983200003],[84.26209370500004,28.375849708000032],[84.26282508000008,28.373718395000026],[84.26520051700004,28.372310457000026],[84.26556107900007,28.37064008300007],[84.27042620500004,28.363216583000053],[84.27120270500006,28.359095145000026],[84.27208070500006,28.358084833000078],[84.27629089200008,28.356194707000043],[84.27925164200008,28.354257333000078],[84.28315764200005,28.352963208000062],[84.28047539200008,28.350897520000046],[84.28050883000003,28.348582520000036],[84.28164739200008,28.345827645000043],[84.28100732900003,28.34345314500007],[84.28413832900003,28.339780270000063],[84.28431908000005,28.33726864500005],[84.28530676600008,28.33586777100004],[84.28568995400008,28.331352208000055],[84.28643526700006,28.330170645000067],[84.28704295400007,28.32619608300007],[84.28862951700006,28.32308139500003],[84.28875145500007,28.320087083000033],[84.28747389200004,28.315762332000077],[84.28852957900006,28.313679833000037],[84.29635451700005,28.31325245800008],[84.29992332900008,28.309600832000058],[84.29989314200003,28.308141083000066],[84.29846545400005,28.307704208000075],[84.29669176700008,28.30592564500006],[84.28749657900005,28.301922457000046],[84.28276208000005,28.300853833000076],[84.27912020400004,28.295671957000025],[84.27759795400004,28.294303270000057],[84.27562414200008,28.29401170700004],[84.27035007900008,28.290809333000027],[84.27063451700008,28.288866145000043],[84.27258464200008,28.287411457000076],[84.27513989200008,28.286849020000034],[84.27710326700003,28.284137583000074],[84.27826070500004,28.280547770000055],[84.27788270400004,28.278533708000055],[84.27956351700004,28.27677264500005],[84.28049364200007,28.27794170800007],[84.28608120500007,28.278381395000054],[84.28816701700003,28.27942164500007],[84.28999426700005,28.279338833000054],[84.29319858000008,28.276929083000027],[84.29521732900008,28.277202270000032],[84.29748389200006,28.279537083000037],[84.30016308000006,28.27965302000007],[84.30124314200003,28.28032752100006],[84.30604251700004,28.28028752000006],[84.30980889200004,28.279545770000027],[84.31507164300007,28.279549520000046],[84.31702901700004,28.28101833200003],[84.31773832900006,28.283205270000053],[84.32178789200003,28.28404189500003],[84.32559495500004,28.28305814500004],[84.33087564200008,28.28429314500005],[84.33039545500003,28.28169964500006],[84.33069851700003,28.277903895000065],[84.32880276800006,28.271029145000057],[84.32658232900008,28.270210957000074],[84.31984201800003,28.271120332000066],[84.31932664200008,28.270065645000045],[84.31884451700006,28.266068645000075],[84.31789851700006,28.264193645000034],[84.31784383000007,28.259290957000076],[84.31895995500008,28.257327645000032],[84.32204426700008,28.255935082000065],[84.32327558000009,28.253775146000066],[84.32510601700005,28.25257502000005],[84.32557095500005,28.251272020000044],[84.33040907900005,28.250791207000077],[84.33461014200003,28.25156158300007],[84.33671501700007,28.254629457000078],[84.33811714200004,28.255005020000056],[84.34137976700003,28.257891707000056],[84.34315514200006,28.258040708000067],[84.34394151700008,28.251755020000076],[84.34602745500007,28.25104127000003],[84.34832145500008,28.251443833000053],[84.35025376700008,28.25304077000004],[84.35025820500005,28.25441264500006],[84.35346801700007,28.25874777000007],[84.35418233000007,28.261306708000063],[84.35603114200006,28.262053208000054],[84.35469689200005,28.26411664500006],[84.35164226700005,28.264999958000033],[84.34948970500005,28.266835332000028],[84.34769232900004,28.26723927000006],[84.34595314300003,28.26905995800007],[84.35021758000005,28.26946195800008],[84.35264401700005,28.268738332000055],[84.35516251700005,28.26889195800004],[84.36317289200008,28.270463707000033],[84.36435570500004,28.267166520000046],[84.36698901700004,28.264379770000062],[84.36823658000003,28.261808770000073],[84.36702364200005,28.25905720700007],[84.36872683000007,28.257468707000044],[84.37096945500008,28.258963020000067],[84.37243614300007,28.259004145000063],[84.37825545500004,28.264470895000045],[84.38041451700008,28.266236020000065],[84.38157645400008,28.268859083000052],[84.38419007900006,28.272969395000075],[84.38746470400008,28.275658645000078],[84.39228657900009,28.275933645000066],[84.39764045500004,28.275135270000078],[84.40257701700006,28.277095020000047],[84.40426614200004,28.277236707000043],[84.40819182900003,28.27890370800003],[84.41008151800008,28.282153770000036],[84.41492651700008,28.285004582000056],[84.41971726700007,28.285989458000074],[84.42494207900006,28.286160583000026],[84.42817226700004,28.28568120700004],[84.43165633000007,28.28464139500005],[84.43811389200005,28.281638083000075],[84.43887033000004,28.281028708000065],[84.44377957900008,28.28338414500007],[84.44667908000008,28.28661914500003],[84.45034139200004,28.288297145000058],[84.45177495500008,28.290796770000043],[84.45484489200004,28.293248083000037],[84.45649983000004,28.29531833200008],[84.45839951700003,28.298718832000077],[84.46217401700005,28.300998458000038],[84.46798782900004,28.30319877000005],[84.46964783000004,28.30502514500006],[84.47385064200006,28.307923395000046],[84.47615601700005,28.30850202000005],[84.47851376700004,28.310508582000068],[84.48009976700007,28.310979021000037],[84.48494670400004,28.31426502000005],[84.48720164200006,28.314915833000043],[84.49017614300004,28.316798145000064],[84.49257401700004,28.317055708000055],[84.49578626700008,28.31848133300008],[84.49697020500008,28.319487770000023],[84.50065170500005,28.32104464500003],[84.50313758000004,28.322641958000077],[84.50539801700006,28.32479052000008],[84.50742720500006,28.32549814500004],[84.51127433000005,28.325889957000072],[84.51297939200003,28.327300458000025],[84.51606476700005,28.328613208000036],[84.52119139200005,28.32885989500005],[84.52457576700004,28.32819945800003],[84.52864539300003,28.324688895000065],[84.53023758000006,28.324903833000064],[84.53163520400005,28.32676427000007],[84.53323989300003,28.32729727000003],[84.53513839200008,28.33101933300003],[84.53698945400004,28.333617958000048],[84.53918670500008,28.335326270000053],[84.54306745500008,28.34023839500003],[84.54715557900005,28.344242645000065],[84.54853220500007,28.34623833300003],[84.54935445500007,28.349912645000074],[84.55058151700007,28.352682833000074],[84.55505232900003,28.356064770000046],[84.55789595500005,28.35625170800006],[84.55993883000008,28.357919645000038],[84.56272426700008,28.358542145000058],[84.56549782900004,28.360651520000033],[84.57032614200006,28.363241833000075],[84.57019795500008,28.36574220800003],[84.57176470500008,28.36845889500006],[84.57083801800007,28.371061895000025],[84.57246039200004,28.37378739600007],[84.57481164200004,28.375183021000055],[84.57554551800007,28.378803333000064],[84.57751520500005,28.38260570700004],[84.57636283000005,28.384411020000073],[84.57642783000006,28.386515770000074],[84.57749858000005,28.387661895000065],[84.57672489200007,28.390961395000033],[84.57775670500007,28.39256345800004],[84.58166770500003,28.394245708000028],[84.58001089200008,28.39794614500005],[84.58383245500005,28.40199764500005],[84.58597901800005,28.403265458000078],[84.58554176800004,28.404844395000055],[84.58633239300008,28.40940070700003],[84.58542357900006,28.41385608300004],[84.58866945500006,28.416366708000055],[84.59077689200006,28.417052458000057],[84.59743814200004,28.423595582000075],[84.60038464300004,28.424712896000074],[84.60372714200008,28.42533670800003],[84.60853926700008,28.42865895700004],[84.60993883000003,28.430590645000052],[84.61226189200005,28.432328771000073],[84.61886183000007,28.436384770000075],[84.61706020500003,28.44019908300004],[84.61504958000006,28.44740758300003],[84.60969470500004,28.448891395000032],[84.60663095500007,28.449277332000065],[84.60120095400003,28.451618520000068],[84.59866239200005,28.457450583000025],[84.59543551700006,28.46226358200005],[84.59439926700009,28.46597495800006],[84.59148720500008,28.467914395000037],[84.58954264300007,28.470050395000044],[84.58850120500006,28.47217564500005],[84.58522645400006,28.47692545800004],[84.57897489200008,28.478693958000065],[84.57296533000005,28.481929895000064],[84.57030068100005,28.48265629100007]]]}},{"type":"Feature","properties":{"STATE_CODE":4,"DISTRICT":"LAMJUNG","GaPa_NaPa":"Rainas","Type_GN":"Nagarpalika","Province":"Gandaki","provinceId":"4","provinceCode":"4","provinceName":"Gandaki","districtId":"406","districtName":"Lamjung","municipalityId":"40607","municipalityCode":"40607","municipalityName":"Rainas Urban Municipality","municipalityNameNe":"राईनास नगरपालिका","municipalityType":"municipality"},"geometry":{"type":"Polygon","coordinates":[[[84.55467001700003,28.120425770000054],[84.55452776800007,28.12356027000004],[84.55614832900005,28.12615070700008],[84.55499320400008,28.128195020000078],[84.55584445400007,28.13076595800004],[84.55497151800006,28.133750020000036],[84.55370776700005,28.134743395000044],[84.55280376700006,28.13713414500006],[84.55260007900006,28.139977895000072],[84.55002001700007,28.142553645000078],[84.55035714200005,28.144012020000048],[84.54918076700005,28.144948645000056],[84.54808526700003,28.147281458000066],[84.54840226700009,28.149789145000057],[84.54724095500006,28.151068645000066],[84.54738214200006,28.152676770000028],[84.54547076700004,28.153907270000047],[84.54326045400006,28.157329708000077],[84.54197489200004,28.157233270000063],[84.53961414200006,28.158472333000077],[84.53430895500009,28.158971457000064],[84.52808195500006,28.157208645000026],[84.52564914200008,28.15770983300007],[84.52284101700008,28.160980832000064],[84.51959370500003,28.15704252000006],[84.51596726700006,28.154975957000033],[84.51374639200003,28.154501457000038],[84.51101001700005,28.15298420700003],[84.50837132900006,28.15083702000004],[84.50614689300005,28.148370145000058],[84.50128064200004,28.147241895000036],[84.49999995500008,28.145969457000035],[84.49550270500004,28.14284283300003],[84.49263270600005,28.14229814500004],[84.49043908100003,28.142588020000062],[84.48645520600007,28.140188083000055],[84.48291583000008,28.13992527000005],[84.48119051900005,28.140468270000042],[84.47834964300006,28.138725145000024],[84.47703214200004,28.139399832000038],[84.47375633100006,28.139467645000025],[84.47124720400006,28.138009708000027],[84.46812576800005,28.13741570700006],[84.46625245500007,28.137884645000042],[84.46012920400005,28.13606420700006],[84.45911633000009,28.135354583000037],[84.45687908100007,28.13584039500006],[84.45194158000004,28.137785895000036],[84.44829033100007,28.137080395000055],[84.44381133000007,28.137941082000054],[84.44252551700004,28.13723452000005],[84.44301489300005,28.135213520000036],[84.43941364200003,28.134403832000032],[84.44060201800005,28.13246414500003],[84.44008189200008,28.130529895000052],[84.43706364300004,28.128766145000043],[84.43789483000006,28.126141708000034],[84.43777439200005,28.120763083000043],[84.43616058000003,28.119917583000074],[84.43436333000005,28.11744139500007],[84.43555326700005,28.11355227000007],[84.43341740800008,28.11084021000005],[84.43591664200005,28.10806158300005],[84.43879997400006,28.10762366700004],[84.44021637500003,28.10534704300005],[84.44464782000006,28.104700984000033],[84.44580088500004,28.103855645000067],[84.44492814200004,28.100167208000073],[84.44529195500007,28.09908071700005],[84.44988214800009,28.097978210000065],[84.45110402500006,28.096884402000057],[84.45371605000008,28.096002603000045],[84.45461717200004,28.094885017000024],[84.45368062100005,28.09226630200004],[84.45891229100005,28.09117265100008],[84.46046655400005,28.08945491600008],[84.46260413100003,28.084048409000047],[84.46395814600004,28.082687804000045],[84.46759593200005,28.081727813000043],[84.46813088500005,28.08056625200004],[84.46777374300007,28.07667310000005],[84.47081677700004,28.075453320000065],[84.47182348200005,28.071943575000034],[84.46938633900004,28.07060491900006],[84.47039675900004,28.069261218000065],[84.47279514800005,28.069160471000032],[84.47605466800007,28.067772864000062],[84.47824364600007,28.065197586000068],[84.47814745200003,28.063435751000043],[84.47688433700006,28.06123573700006],[84.47977155000007,28.05798337400006],[84.48167692200008,28.057895476000056],[84.48427044900006,28.05542246600004],[84.48835115400004,28.060556895000047],[84.48943114800005,28.062432580000063],[84.48762669400008,28.06389879900007],[84.49025670600008,28.066524779000076],[84.48946957900006,28.06978795200007],[84.49025508500006,28.07135101700004],[84.48746032800005,28.07311184300005],[84.48611545500006,28.076406270000064],[84.48699538500006,28.077472655000065],[84.48994780100008,28.07651903200008],[84.48873956000006,28.079357235000032],[84.48722821300004,28.08002370500003],[84.48423851700005,28.079501832000062],[84.48172083100008,28.081284095000058],[84.48002758000007,28.087100020000037],[84.48006396500006,28.088575486000025],[84.48230339600008,28.089106892000075],[84.48454646700003,28.088316054000074],[84.48562476800004,28.086800520000054],[84.49310764200004,28.085320770000067],[84.49604045600006,28.08656920800007],[84.50000039200006,28.08501833200006],[84.50302564200007,28.086302395000075],[84.50708314200006,28.086727395000025],[84.51348726700007,28.087982957000065],[84.51534783000005,28.08759914500007],[84.51943908000004,28.090131083000074],[84.52075382900006,28.09356239500005],[84.52178939200007,28.09435039500005],[84.52801482900009,28.09588795800005],[84.53189714300004,28.09900239500007],[84.53896733000005,28.100206770000057],[84.54129501800008,28.099198020000074],[84.54432351700007,28.10044508200008],[84.54815358000008,28.104175207000026],[84.54893376700005,28.106599895000045],[84.55167008000006,28.107495895000056],[84.55324182900006,28.109305895000034],[84.55312326800004,28.110624020000046],[84.55151876800005,28.111871395000037],[84.55238039200003,28.114509957000053],[84.55444733000007,28.114607770000077],[84.55615626700006,28.116096707000054],[84.55655770500005,28.11904858200006],[84.55467001700003,28.120425770000054]]]}},{"type":"Feature","properties":{"STATE_CODE":4,"DISTRICT":"LAMJUNG","GaPa_NaPa":"Sundarbazar","Type_GN":"Nagarpalika","Province":"Gandaki","provinceId":"4","provinceCode":"4","provinceName":"Gandaki","districtId":"406","districtName":"Lamjung","municipalityId":"40606","municipalityCode":"40606","municipalityName":"Sundarbazar Urban Municipality","municipalityNameNe":"सुन्दरबजार नगरपालिका","municipalityType":"municipality"},"geometry":{"type":"Polygon","coordinates":[[[84.44684151800004,28.16426652000007],[84.44441389300005,28.167196270000034],[84.44468664200008,28.169115457000032],[84.44376495500006,28.17005258200004],[84.44052576700005,28.170735395000065],[84.44025201800008,28.17213289500006],[84.43836057900006,28.17176895700004],[84.43409239200008,28.167037583000024],[84.42910883000008,28.164440520000028],[84.42398995500008,28.159443020000026],[84.42177532900007,28.158238208000057],[84.42243920400006,28.156309333000024],[84.42195064200007,28.15425764500003],[84.42043201800004,28.15391702000005],[84.41664651700006,28.151670083000056],[84.41382282900008,28.152208958000074],[84.41184232900008,28.16006452000005],[84.41248289200007,28.162618895000037],[84.41220789200008,28.165266270000075],[84.41069714200006,28.16736245800007],[84.41017558000004,28.171483957000078],[84.40843170500005,28.172226957000078],[84.40474976700006,28.169178395000074],[84.40209901700007,28.168112207000036],[84.40011439300008,28.167978145000063],[84.39826914200006,28.17092795800005],[84.39816157900003,28.174538333000044],[84.39404626700008,28.17650870700004],[84.39179664200003,28.175650958000062],[84.38892995500004,28.177206958000056],[84.38706439200007,28.177462708000064],[84.38541914300004,28.176494895000076],[84.38414770500003,28.172723707000046],[84.37916814200008,28.17045870800007],[84.37784964200006,28.169499020000046],[84.37377120500008,28.17096545800007],[84.37380651700005,28.173065958000052],[84.37204776700008,28.172899270000073],[84.36921139200007,28.17445470800004],[84.36698320500005,28.174957083000038],[84.36566089200005,28.176057207000042],[84.36301920500006,28.176856145000045],[84.35746083000004,28.177757520000057],[84.35418189200004,28.17723127000005],[84.35042907900004,28.17936414500008],[84.34679639200004,28.179896833000043],[84.34039808000006,28.18280770800004],[84.33614514200008,28.18334614500003],[84.33241970400007,28.182362520000027],[84.33066845500008,28.179304958000046],[84.32941770500008,28.178538582000044],[84.32672270400008,28.178258457000027],[84.32432739200004,28.182336770000063],[84.32491657900005,28.18768952000005],[84.32356864200005,28.189784332000045],[84.32103070500006,28.190365645000043],[84.31863539200003,28.190118520000055],[84.31820164200008,28.191559083000072],[84.31988633000003,28.194346083000028],[84.32222176700003,28.194128645000035],[84.32280664200005,28.195950270000026],[84.32207726700005,28.198382020000054],[84.32033758000006,28.199830145000078],[84.31316576700004,28.198217645000057],[84.31089407900004,28.199369020000063],[84.30572976700006,28.199010645000044],[84.30424401700003,28.198000832000048],[84.30207782900004,28.198235832000023],[84.30147057900007,28.196914957000047],[84.29794901700006,28.195566645000042],[84.29529301700006,28.195258770000066],[84.29221345400003,28.19369720800006],[84.29150645400006,28.19195245800006],[84.28901126700003,28.19077089500007],[84.28773283000004,28.186732583000037],[84.28429257900007,28.184418083000025],[84.28255801700004,28.18066495800008],[84.28592814200005,28.180118707000076],[84.28797545400005,28.180342207000024],[84.29135208000008,28.179872583000076],[84.29836582900003,28.180383145000064],[84.30371258000008,28.178954520000048],[84.30509170400006,28.17902808300005],[84.30847714200007,28.180780457000026],[84.31189239200006,28.179597208000075],[84.31490407900003,28.17976402000005],[84.31895545400005,28.178254207000066],[84.31666251700005,28.17245639500004],[84.31846008000008,28.168329958000072],[84.32017358000007,28.16680983300006],[84.32231214200004,28.16608952000007],[84.31791976700003,28.161257770000077],[84.31576045400004,28.159457708000048],[84.31620364200006,28.15757039500005],[84.31559626700005,28.156175208000036],[84.31631045500006,28.153614895000032],[84.31290401700005,28.152050082000073],[84.31133976700005,28.15055995700004],[84.31059145400008,28.14528420700003],[84.31408020400005,28.147460332000037],[84.31926989200008,28.147784520000073],[84.32153939200003,28.148832895000055],[84.32053457900008,28.145687707000036],[84.32248901700007,28.14440152000003],[84.32613739200008,28.14371827000008],[84.32769314200004,28.141945645000078],[84.32740970400005,28.139800582000078],[84.32507058000004,28.138384707000057],[84.32340332900003,28.13437239500007],[84.32380382900004,28.130443271000047],[84.32291201700008,28.129265332000045],[84.32330214200005,28.12121389500004],[84.32537845500008,28.119376833000047],[84.32789789200007,28.120566707000023],[84.32900395400003,28.12275264500005],[84.33160933000005,28.12392189600007],[84.33684164200008,28.122760708000044],[84.34001758000005,28.122847645000036],[84.34280170700004,28.121771211000066],[84.34465787000005,28.124203367000064],[84.34695686400005,28.124824825000076],[84.35075968300004,28.126886429000024],[84.35426433000003,28.12743471600004],[84.36124208400008,28.128964334000045],[84.36915871900004,28.127363840000044],[84.37510388800007,28.12759589500007],[84.37980340000007,28.128253078000057],[84.38267913600004,28.126886781000053],[84.38601333600008,28.12706471000007],[84.39102345300006,28.126326257000073],[84.39378759100003,28.12721859100003],[84.39533194500007,28.129132008000056],[84.39781507800006,28.129551262000064],[84.40091045600008,28.127069337000023],[84.40424746100007,28.125949452000043],[84.40553113500005,28.125000268000065],[84.41319808300005,28.122096087000045],[84.41491582900005,28.121048520000045],[84.41848083300005,28.119911771000034],[84.42027663400006,28.118022272000076],[84.42213714600007,28.117244904000074],[84.42334470100008,28.11917933700005],[84.42451126700007,28.11877414500003],[84.42541977700006,28.116183333000038],[84.42793927600007,28.115701670000078],[84.42924582900008,28.111315895000075],[84.43198864500005,28.11151032300006],[84.43341740800008,28.11084021000005],[84.43555326700005,28.11355227000007],[84.43436333000005,28.11744139500007],[84.43616058000003,28.119917583000074],[84.43777439200005,28.120763083000043],[84.43789483000006,28.126141708000034],[84.43706364300004,28.128766145000043],[84.44008189200008,28.130529895000052],[84.44060201800005,28.13246414500003],[84.43941364200003,28.134403832000032],[84.44301489300005,28.135213520000036],[84.44252551700004,28.13723452000005],[84.44200314200003,28.139099895000072],[84.44564220500007,28.146854207000047],[84.44467257900004,28.15032302000003],[84.44709226700007,28.15643414500005],[84.44723326700006,28.15759339500005],[84.44627095500005,28.160827520000055],[84.44684151800004,28.16426652000007]]]}},{"type":"Feature","properties":{"STATE_CODE":4,"DISTRICT":"TANAHU","GaPa_NaPa":"Anbukhaireni","Type_GN":"Gaunpalika","Province":"Gandaki","provinceId":"4","provinceCode":"4","provinceName":"Gandaki","districtId":"407","districtName":"Tanahu","municipalityId":"40710","municipalityCode":"40710","municipalityName":"Aanbu Khaireni Rural Municipality","municipalityNameNe":"आँबुखैरेनी गाउँपालिका","municipalityType":"rural_municipality"},"geometry":{"type":"Polygon","coordinates":[[[84.47534345500009,27.936525145000076],[84.47611270500005,27.939426395000055],[84.47255814200008,27.94089395700007],[84.46977201800007,27.941147208000075],[84.46749770500008,27.94286070700008],[84.46526151700004,27.943542957000034],[84.46220670500009,27.941741395000065],[84.46012226700003,27.942271770000048],[84.45724864200008,27.939729457000055],[84.45616595400008,27.93769108200007],[84.45205120400004,27.936312520000058],[84.45014545500004,27.937636457000053],[84.44763876700006,27.937594957000044],[84.44465995500008,27.93622602000005],[84.44280270500008,27.934370519000026],[84.44113951700007,27.93521745700008],[84.43874145500007,27.935155145000067],[84.43829970500008,27.93334470700006],[84.44080820400006,27.931838520000042],[84.43720445400004,27.928242082000054],[84.43620689200003,27.926388270000075],[84.43594058000008,27.923024895000026],[84.43387420400006,27.919734895000033],[84.43276370500007,27.916938208000033],[84.43389901700004,27.91545676900006],[84.43427701700006,27.91294877000007],[84.43774726700008,27.91130414400004],[84.43911770500006,27.911320020000062],[84.44200789200005,27.91432533300008],[84.44490545500008,27.913824145000035],[84.44707270500004,27.91501977000007],[84.45046551700005,27.91586389500003],[84.45320301700008,27.917488520000063],[84.45465558000006,27.917680020000034],[84.45563664200006,27.91506389500006],[84.45735139200008,27.913440395000066],[84.45750789200008,27.911533270000064],[84.45535926700006,27.909035895000045],[84.45269745500008,27.90496289500004],[84.44835576700007,27.903065957000024],[84.44507676800004,27.897340894000024],[84.44320808000003,27.89328095700006],[84.44139076700003,27.89308145700005],[84.43843539200003,27.894548520000058],[84.43364139200008,27.89895002000003],[84.43034064200003,27.899217582000063],[84.43017051700008,27.897625145000063],[84.42833895500007,27.893980020000072],[84.42540189200008,27.889785457000073],[84.42345432900004,27.888248145000034],[84.41989482900004,27.88718952000005],[84.41892257900008,27.88482108200003],[84.41233158000006,27.879545207000035],[84.41108695500003,27.875079019000054],[84.40740364200008,27.87218608200004],[84.40632876700005,27.87043595700004],[84.40441483000006,27.86888926900008],[84.40624776700008,27.86437339500003],[84.40726945400007,27.865148832000045],[84.41441376700004,27.865477270000042],[84.41836626700007,27.863292457000057],[84.42113676700006,27.863087708000023],[84.42261076700004,27.861801582000055],[84.42545120400007,27.861138520000054],[84.43019889200008,27.862707770000043],[84.43251526700004,27.86498395700005],[84.43253476700005,27.86110295700007],[84.43336545400007,27.857706707000034],[84.43447426800003,27.856417144000034],[84.43963757900008,27.853422333000026],[84.44235145500005,27.852621769000052],[84.44513314200003,27.84947189500008],[84.44507633000006,27.848763519000045],[84.44201339300008,27.84812583200005],[84.44175908000005,27.84395683200006],[84.43901520500003,27.84370158200005],[84.43632751700005,27.84228408200005],[84.43760895500003,27.838985707000063],[84.43875714200004,27.834139895000078],[84.43981170400008,27.833804832000055],[84.44265333000004,27.834899144000076],[84.44985776700008,27.835345145000076],[84.45538132900003,27.83445608200003],[84.45934995500005,27.83248439500005],[84.46564476700007,27.83275664400003],[84.46874089300007,27.83173533300004],[84.46961476700005,27.830256645000077],[84.46696539300007,27.825802457000066],[84.46363170500007,27.825082707000035],[84.46203576700003,27.824169707000067],[84.46057864200003,27.822304020000047],[84.45683145400005,27.82009395700004],[84.46706632900003,27.818701332000046],[84.46825608000006,27.819590833000063],[84.46822614300004,27.822244457000068],[84.46754408000004,27.82388039500006],[84.47066889200005,27.824120208000068],[84.47648176700005,27.82339408300004],[84.48267332900008,27.821373394000034],[84.49071689200008,27.820650083000032],[84.49493664200008,27.819184144000076],[84.49858476700007,27.820671520000076],[84.50512026700005,27.819469957000024],[84.51017801700004,27.81666020800003],[84.51295770500008,27.815463082000065],[84.51484945500005,27.815259708000042],[84.51886120500006,27.815797519000057],[84.52016789200007,27.816537208000057],[84.52264726800007,27.821665645000053],[84.52232345500005,27.826658020000025],[84.52291264300004,27.831227082000055],[84.52718251700009,27.833180645000027],[84.53086001700007,27.833473457000025],[84.53439514200005,27.83280770700003],[84.54325989200004,27.833161145000076],[84.54524689200008,27.83204095700006],[84.54783714200005,27.831527582000035],[84.55209420500006,27.832623020000028],[84.55732676700006,27.835580333000053],[84.55890007900007,27.83822520700005],[84.56022739300005,27.84483320800007],[84.56036833000007,27.84731014500005],[84.55923276800007,27.850870832000055],[84.55913432900007,27.85345689500008],[84.56093920400008,27.857732144000067],[84.56054020500005,27.858891269000026],[84.55741083000004,27.859474833000036],[84.55024120500008,27.86241202000008],[84.54956589300008,27.864179207000063],[84.55101514200004,27.865958207000062],[84.55291751700008,27.866956832000028],[84.55457658000006,27.869653395000057],[84.55332132900008,27.870716644000026],[84.55029951700004,27.87055495800007],[84.54750051700006,27.86938377000007],[84.54660989200005,27.86974833200003],[84.54274145400007,27.876358895000067],[84.54361239300005,27.878133457000047],[84.54673514200005,27.879653207000047],[84.54685357900007,27.88160220700007],[84.54417458000006,27.88341339400006],[84.54277914200009,27.885196894000046],[84.54291232900005,27.894456395000077],[84.54246533000008,27.89673933200004],[84.54354270500005,27.901933645000042],[84.54711457900004,27.903480957000056],[84.54755301700004,27.90467502000007],[84.54262383000008,27.90662820700004],[84.53980445500008,27.90893852000005],[84.53982170500007,27.909854520000067],[84.54184720500007,27.91159295800003],[84.54230883000008,27.91349333200003],[84.54108626700008,27.916790019000075],[84.53889070500009,27.917396583000027],[84.53751570500003,27.916091020000067],[84.53655570400008,27.913687270000025],[84.53414445500005,27.91278283300005],[84.52806958000008,27.914593208000042],[84.52521426700008,27.915091520000033],[84.52258970500003,27.914183145000038],[84.51988439200005,27.912316145000034],[84.51841083000005,27.913052708000066],[84.51783770400004,27.915254832000073],[84.51665776700008,27.91698989500003],[84.51529682900008,27.91753645700004],[84.51368614200004,27.916283520000036],[84.51345670500007,27.91450183200004],[84.51107270500006,27.913407332000077],[84.50787814200004,27.914567582000075],[84.50360301700005,27.915400082000076],[84.50236664300007,27.916081519000045],[84.50322208000006,27.917608208000047],[84.50915420500007,27.918696519000036],[84.51050045500006,27.92028902000004],[84.50870101700008,27.922816020000027],[84.50203801700007,27.925800770000023],[84.49667626700005,27.92660545700005],[84.49037395500005,27.92631439400003],[84.48589932900006,27.92782845800008],[84.48440001800003,27.92930483200007],[84.48403801700005,27.93201833200004],[84.48172501700003,27.93350202000005],[84.47793426700008,27.935063083000045],[84.47555170500004,27.935493270000052],[84.47534345500009,27.936525145000076]]]}},{"type":"Feature","properties":{"STATE_CODE":4,"DISTRICT":"TANAHU","GaPa_NaPa":"Bandipur","Type_GN":"Gaunpalika","Province":"Gandaki","provinceId":"4","provinceCode":"4","provinceName":"Gandaki","districtId":"407","districtName":"Tanahu","municipalityId":"40709","municipalityCode":"40709","municipalityName":"Bandipur Rural Municipality","municipalityNameNe":"बन्दिपुर गाउँपालिका","municipalityType":"rural_municipality"},"geometry":{"type":"Polygon","coordinates":[[[84.42447845300006,27.955892832000075],[84.42286045100008,27.954293524000036],[84.41933807700008,27.952201453000043],[84.41771943000003,27.95816985500005],[84.41456598800005,27.96022363900005],[84.41371778400008,27.96304210900007],[84.41177802000004,27.96403171000003],[84.40924160600008,27.966516725000076],[84.40842701600008,27.97004355400003],[84.41093301100005,27.97173738600003],[84.41229600200006,27.974100200000066],[84.40701014200005,27.975465220000046],[84.40482314100007,27.97735571900006],[84.40406658300003,27.979634591000035],[84.40202365800008,27.98031974400004],[84.39902802000006,27.980098327000064],[84.39716275100005,27.981933609000066],[84.39766644200006,27.982739924000043],[84.39227914200006,27.983644395000056],[84.38440882200007,27.98394188700007],[84.38043296400008,27.984733638000023],[84.37915906200004,27.98369923100006],[84.37441481900004,27.986117489000037],[84.37165338600005,27.992327655000054],[84.37022596700007,27.993802643000038],[84.36800783600006,27.994311767000056],[84.36615845600005,27.99374133300006],[84.36635851700004,27.990863957000045],[84.36872849900004,27.987581417000058],[84.36739865100003,27.98501951800006],[84.36597632600007,27.98365596000008],[84.36820239200006,27.98012108300003],[84.37060239200008,27.978246395000042],[84.37079726700006,27.977259832000072],[84.36953064200009,27.97477452000004],[84.37000276700007,27.973832333000075],[84.36931001800008,27.970616645000064],[84.36653739300004,27.971989145000066],[84.36205558000006,27.973208082000042],[84.35813058000008,27.973545583000032],[84.35667520500004,27.972676207000063],[84.35423195500005,27.972815645000026],[84.35253214200003,27.97140752000007],[84.35369120400009,27.969509208000034],[84.35155995500008,27.968262395000067],[84.34732801700005,27.967165270000066],[84.34716164200006,27.965198145000045],[84.34567451700008,27.963870645000043],[84.34556932900006,27.961163269000053],[84.34485982900009,27.960424957000043],[84.34710464200003,27.957116020000058],[84.35043126700003,27.956766895000044],[84.35422051700004,27.950243082000043],[84.35587276700005,27.949266332000036],[84.35920539200004,27.949490082000068],[84.36123970500006,27.947815082000034],[84.35938845400005,27.94336583200004],[84.35988864200004,27.940571145000035],[84.35717632900008,27.93961702000007],[84.35653801700005,27.93866877000005],[84.35894820500005,27.93642870700006],[84.36044014200007,27.934112020000043],[84.36059308000006,27.93234039500004],[84.36178658000006,27.93081870700007],[84.36176682900003,27.929088145000037],[84.35956333000007,27.927489645000037],[84.36027857900007,27.92464251900003],[84.35865001700006,27.922297895000042],[84.35872164200003,27.92033239500006],[84.36016883000008,27.91893189500007],[84.35699670500009,27.917606645000035],[84.35525058000007,27.91403258200006],[84.35293489200006,27.911001457000054],[84.35176814200008,27.912315395000064],[84.35036258000008,27.91127202000007],[84.35162101700007,27.907263770000043],[84.35300976700006,27.90649077000006],[84.35142545500008,27.904926645000046],[84.34830489200004,27.90327389500004],[84.34693920500007,27.901542145000064],[84.34436589300003,27.90022639500006],[84.34632139200005,27.898163645000068],[84.34833039200004,27.897366644000044],[84.35170508000004,27.899099957000033],[84.35269514200007,27.897190832000035],[84.35535514200006,27.896845520000056],[84.35607764200006,27.89469333200003],[84.35804933000009,27.893027520000032],[84.35661332900008,27.891544332000024],[84.35782164200003,27.88963227000005],[84.35593270400005,27.886690333000047],[84.35382832900007,27.88461989500007],[84.35038389200008,27.882990582000048],[84.34943507900005,27.881709082000043],[84.34826957900003,27.87737751900005],[84.35121614200006,27.876079394000044],[84.35335389200003,27.87225614500005],[84.35705120500006,27.869782644000054],[84.36184320500007,27.86786127000005],[84.36484045500004,27.86743139500004],[84.36792695400004,27.867863207000028],[84.37084358000004,27.868922644000065],[84.37508445500004,27.869809270000076],[84.38415026700005,27.868999082000073],[84.38758801700004,27.864995644000032],[84.39003870500005,27.862836207000043],[84.39405107900006,27.86111214400006],[84.39729326700007,27.857260332000067],[84.40038539200003,27.855297332000077],[84.40110376800004,27.85251308200003],[84.40316076700003,27.85096145700004],[84.40715657900006,27.850575207000077],[84.41265364200007,27.848442395000063],[84.41432951700006,27.85017927000007],[84.41602958000004,27.84979283200005],[84.41774764200005,27.84779977000005],[84.41886726700005,27.845515207000062],[84.42174126700007,27.843780270000025],[84.42479939300006,27.842755519000036],[84.42594183000006,27.844238957000073],[84.42829114200003,27.845177145000036],[84.43438795500003,27.844961770000054],[84.43592195500008,27.844020519000026],[84.43632751700005,27.84228408200005],[84.43901520500003,27.84370158200005],[84.44175908000005,27.84395683200006],[84.44201339300008,27.84812583200005],[84.44507633000006,27.848763519000045],[84.44513314200003,27.84947189500008],[84.44235145500005,27.852621769000052],[84.43963757900008,27.853422333000026],[84.43447426800003,27.856417144000034],[84.43336545400007,27.857706707000034],[84.43253476700005,27.86110295700007],[84.43251526700004,27.86498395700005],[84.43019889200008,27.862707770000043],[84.42545120400007,27.861138520000054],[84.42261076700004,27.861801582000055],[84.42113676700006,27.863087708000023],[84.41836626700007,27.863292457000057],[84.41441376700004,27.865477270000042],[84.40726945400007,27.865148832000045],[84.40624776700008,27.86437339500003],[84.40441483000006,27.86888926900008],[84.40632876700005,27.87043595700004],[84.40740364200008,27.87218608200004],[84.41108695500003,27.875079019000054],[84.41233158000006,27.879545207000035],[84.41892257900008,27.88482108200003],[84.41989482900004,27.88718952000005],[84.42345432900004,27.888248145000034],[84.42540189200008,27.889785457000073],[84.42833895500007,27.893980020000072],[84.43017051700008,27.897625145000063],[84.43034064200003,27.899217582000063],[84.43364139200008,27.89895002000003],[84.43843539200003,27.894548520000058],[84.44139076700003,27.89308145700005],[84.44320808000003,27.89328095700006],[84.44507676800004,27.897340894000024],[84.44835576700007,27.903065957000024],[84.45269745500008,27.90496289500004],[84.45535926700006,27.909035895000045],[84.45750789200008,27.911533270000064],[84.45735139200008,27.913440395000066],[84.45563664200006,27.91506389500006],[84.45465558000006,27.917680020000034],[84.45320301700008,27.917488520000063],[84.45046551700005,27.91586389500003],[84.44707270500004,27.91501977000007],[84.44490545500008,27.913824145000035],[84.44200789200005,27.91432533300008],[84.43911770500006,27.911320020000062],[84.43774726700008,27.91130414400004],[84.43427701700006,27.91294877000007],[84.43389901700004,27.91545676900006],[84.43276370500007,27.916938208000033],[84.43387420400006,27.919734895000033],[84.43594058000008,27.923024895000026],[84.43620689200003,27.926388270000075],[84.43720445400004,27.928242082000054],[84.44080820400006,27.931838520000042],[84.43829970500008,27.93334470700006],[84.43874145500007,27.935155145000067],[84.44113951700007,27.93521745700008],[84.44280270500008,27.934370519000026],[84.44465995500008,27.93622602000005],[84.44763876700006,27.937594957000044],[84.45014545500004,27.937636457000053],[84.45205120400004,27.936312520000058],[84.45616595400008,27.93769108200007],[84.45724864200008,27.939729457000055],[84.46012226700003,27.942271770000048],[84.45907651700009,27.94342608200003],[84.45868133000005,27.946868333000054],[84.45698307900005,27.948613582000064],[84.45205170400004,27.950139395000065],[84.44967058000003,27.948890395000035],[84.44874001700003,27.94673858300007],[84.44692708000008,27.94614658200004],[84.44099564200008,27.948600270000043],[84.43840601700003,27.948346833000073],[84.43372908000003,27.950047145000042],[84.43009520500004,27.950798645000077],[84.42737133000008,27.952287270000056],[84.42565664200004,27.955009207000046],[84.42447845300006,27.955892832000075]]]}},{"type":"Feature","properties":{"STATE_CODE":4,"DISTRICT":"TANAHU","GaPa_NaPa":"Bhanu","Type_GN":"Nagarpalika","Province":"Gandaki","provinceId":"4","provinceCode":"4","provinceName":"Gandaki","districtId":"407","districtName":"Tanahu","municipalityId":"40701","municipalityCode":"40701","municipalityName":"Bhanu Urban Municipality","municipalityNameNe":"भानु नगरपालिका","municipalityType":"municipality"},"geometry":{"type":"Polygon","coordinates":[[[84.43341740800008,28.11084021000005],[84.43198864500005,28.11151032300006],[84.42924582900008,28.111315895000075],[84.42793927600007,28.115701670000078],[84.42541977700006,28.116183333000038],[84.42451126700007,28.11877414500003],[84.42334470100008,28.11917933700005],[84.42213714600007,28.117244904000074],[84.42027663400006,28.118022272000076],[84.41848083300005,28.119911771000034],[84.41491582900005,28.121048520000045],[84.41319808300005,28.122096087000045],[84.40553113500005,28.125000268000065],[84.40424746100007,28.125949452000043],[84.40091045600008,28.127069337000023],[84.39781507800006,28.129551262000064],[84.39533194500007,28.129132008000056],[84.39378759100003,28.12721859100003],[84.39102345300006,28.126326257000073],[84.38601333600008,28.12706471000007],[84.38267913600004,28.126886781000053],[84.37980340000007,28.128253078000057],[84.37510388800007,28.12759589500007],[84.36915871900004,28.127363840000044],[84.36124208400008,28.128964334000045],[84.35426433000003,28.12743471600004],[84.35075968300004,28.126886429000024],[84.34695686400005,28.124824825000076],[84.34465787000005,28.124203367000064],[84.34280170700004,28.121771211000066],[84.34566232000003,28.118772173000025],[84.34454065100005,28.117594951000058],[84.34635131200008,28.11479030600003],[84.34524909800007,28.113118917000065],[84.34651376800008,28.108314333000067],[84.34508320200007,28.105215489000045],[84.34496581000008,28.103121930000043],[84.34151620000006,28.099398636000046],[84.33514870100004,28.095592141000054],[84.33397876700008,28.097632458000078],[84.33504314300006,28.10052470100004],[84.33180452100004,28.101146275000076],[84.32984769200004,28.100715528000023],[84.32800939600008,28.09805749000003],[84.32986981200008,28.09151874500003],[84.32852608200005,28.088913656000045],[84.32420996300004,28.087536299000078],[84.31813732400008,28.086217024000064],[84.31903521100008,28.085280831000034],[84.31755206400004,28.08402749700008],[84.31608869900003,28.081052526000065],[84.31548379700007,28.077558886000077],[84.31314073200008,28.07361343200006],[84.31260039600005,28.070406172000048],[84.31444313800006,28.069427219000033],[84.31589795000008,28.066941946000043],[84.31550713100006,28.06377270300004],[84.31646908600004,28.061536714000056],[84.31760483100004,28.060884274000045],[84.32047302400008,28.057743581000068],[84.32752476100006,28.05636862800003],[84.33089158000007,28.05714133300006],[84.33286263400004,28.056028636000065],[84.33393458200004,28.056599138000024],[84.33787418300005,28.05607505200004],[84.33789300800004,28.054567778000035],[84.33984127200006,28.054353137000078],[84.34153095800008,28.052995146000058],[84.34579019500006,28.05186083600006],[84.34749569700006,28.047350648000076],[84.34879767600006,28.044924055000024],[84.34725433000006,28.043858458000045],[84.34662976400006,28.041624021000075],[84.34735744100004,28.04013751800005],[84.35093270100003,28.039616258000024],[84.35247489300008,28.039937208000026],[84.35345864800007,28.037856593000072],[84.35733433000007,28.03861370800007],[84.35921883000003,28.039581270000042],[84.36065230800006,28.036662359000047],[84.36690401700008,28.036153957000067],[84.36685982300008,28.03362020000003],[84.36422584200005,28.03171833700003],[84.36334740000007,28.029491404000055],[84.36152681800007,28.02762571200003],[84.35859314100009,28.02652553200005],[84.35426860600006,28.025618433000034],[84.35431108100005,28.024228394000033],[84.34951270700003,28.02301102200005],[84.34653553100009,28.023925590000033],[84.34499251300008,28.02346693000004],[84.34346783600006,28.020772156000078],[84.34310086400006,28.018306910000035],[84.34061432900006,28.01716008300008],[84.33718252500006,28.01371863600008],[84.33651720100005,28.012343892000047],[84.34146580900006,28.012020307000057],[84.34296394300009,28.010398778000024],[84.34484945500003,28.01108676800004],[84.34514442600005,28.006713239000078],[84.34696563900008,28.006388263000076],[84.35107376200006,28.00235927600005],[84.35270938500008,27.998742701000026],[84.34976330600006,27.994907668000053],[84.34878158800007,27.992198029000065],[84.35213830500004,27.991596064000078],[84.35300827800006,27.990219720000027],[84.35963684500007,27.988977352000063],[84.36190963200005,27.987152777000063],[84.36242576900008,27.985294452000062],[84.36597632600007,27.98365596000008],[84.36739865100003,27.98501951800006],[84.36872849900004,27.987581417000058],[84.36635851700004,27.990863957000045],[84.36615845600005,27.99374133300006],[84.36800783600006,27.994311767000056],[84.37022596700007,27.993802643000038],[84.37165338600005,27.992327655000054],[84.37441481900004,27.986117489000037],[84.37915906200004,27.98369923100006],[84.38043296400008,27.984733638000023],[84.38440882200007,27.98394188700007],[84.39227914200006,27.983644395000056],[84.39766644200006,27.982739924000043],[84.39716275100005,27.981933609000066],[84.39902802000006,27.980098327000064],[84.40202365800008,27.98031974400004],[84.40406658300003,27.979634591000035],[84.40482314100007,27.97735571900006],[84.40701014200005,27.975465220000046],[84.41229600200006,27.974100200000066],[84.41093301100005,27.97173738600003],[84.40842701600008,27.97004355400003],[84.40924160600008,27.966516725000076],[84.41177802000004,27.96403171000003],[84.41371778400008,27.96304210900007],[84.41456598800005,27.96022363900005],[84.41771943000003,27.95816985500005],[84.41933807700008,27.952201453000043],[84.42286045100008,27.954293524000036],[84.42447845300006,27.955892832000075],[84.42306678000006,27.957512715000064],[84.42291839900008,27.958889518000035],[84.42465925200008,27.96199342700004],[84.42435344300003,27.964214613000024],[84.42098853300007,27.969419049000066],[84.42342570400007,27.973448145000077],[84.42263376700004,27.976814770000033],[84.42362124500005,27.978454372000044],[84.42598395800007,27.979800889000046],[84.42903400700004,27.982839710000064],[84.42993966200004,27.985895777000053],[84.43121832400004,27.986422710000056],[84.43481171900004,27.98669118400005],[84.43795758200008,27.98833058300005],[84.44177258000008,27.988065583000036],[84.44235475900007,27.989329592000047],[84.43996101600004,27.99218251800005],[84.44133864800006,27.993240833000073],[84.44411517000003,27.992146595000065],[84.44526632000003,27.992517428000042],[84.45238029200004,27.998477992000062],[84.45506515000005,28.000373461000038],[84.45468221500005,28.00256563800008],[84.45601894700008,28.003348654000035],[84.45840491300004,28.00305868600003],[84.45944228400003,28.003686994000077],[84.45867297900008,28.007076304000066],[84.46226801700004,28.012905895000074],[84.46141759200003,28.01724989400003],[84.46189404500007,28.019265442000062],[84.46334032000004,28.020930259000068],[84.46168663500004,28.023541832000035],[84.46323357900008,28.025553771000034],[84.46627226600003,28.027914906000035],[84.46414408000004,28.029582770000047],[84.46402314200003,28.03147395800005],[84.46561079700007,28.033600808000074],[84.46571083200007,28.035130259000027],[84.46391570400004,28.037261769000054],[84.46403652400005,28.038750523000033],[84.46724864300006,28.039671508000026],[84.46751589300004,28.041335770000046],[84.46652541900005,28.04386617700004],[84.47036623400004,28.04545054500005],[84.46824221600008,28.050207331000024],[84.46900940200004,28.051461466000035],[84.47401952600006,28.051225403000046],[84.47834109000007,28.05561021500006],[84.47977155000007,28.05798337400006],[84.47688433700006,28.06123573700006],[84.47814745200003,28.063435751000043],[84.47824364600007,28.065197586000068],[84.47605466800007,28.067772864000062],[84.47279514800005,28.069160471000032],[84.47039675900004,28.069261218000065],[84.46938633900004,28.07060491900006],[84.47182348200005,28.071943575000034],[84.47081677700004,28.075453320000065],[84.46777374300007,28.07667310000005],[84.46813088500005,28.08056625200004],[84.46759593200005,28.081727813000043],[84.46395814600004,28.082687804000045],[84.46260413100003,28.084048409000047],[84.46046655400005,28.08945491600008],[84.45891229100005,28.09117265100008],[84.45368062100005,28.09226630200004],[84.45461717200004,28.094885017000024],[84.45371605000008,28.096002603000045],[84.45110402500006,28.096884402000057],[84.44988214800009,28.097978210000065],[84.44529195500007,28.09908071700005],[84.44492814200004,28.100167208000073],[84.44580088500004,28.103855645000067],[84.44464782000006,28.104700984000033],[84.44021637500003,28.10534704300005],[84.43879997400006,28.10762366700004],[84.43591664200005,28.10806158300005],[84.43341740800008,28.11084021000005]]]}},{"type":"Feature","properties":{"STATE_CODE":4,"DISTRICT":"TANAHU","GaPa_NaPa":"Bhimad","Type_GN":"Nagarpalika","Province":"Gandaki","provinceId":"4","provinceCode":"4","provinceName":"Gandaki","districtId":"407","districtName":"Tanahu","municipalityId":"40705","municipalityCode":"40705","municipalityName":"Bhimad Urban Municipality","municipalityNameNe":"भिमाद नगरपालिका","municipalityType":"municipality"},"geometry":{"type":"Polygon","coordinates":[[[84.08828626600007,28.00627202000004],[84.08613576700003,28.011117770000055],[84.08337857900005,28.013037395000026],[84.07758989100006,28.01308814500004],[84.07600076700004,28.01214589500006],[84.07428276700006,28.01230477000007],[84.06847551700008,28.017653082000038],[84.06683333000007,28.018310520000057],[84.06488251700006,28.020486582000046],[84.06116289200008,28.022315895000077],[84.05739607900006,28.02227689500006],[84.05241114200004,28.02327170700005],[84.05082208000005,28.022367520000046],[84.04654808000004,28.02195839500007],[84.04365926700007,28.01958339500004],[84.04311770400005,28.016458458000045],[84.04193907900003,28.01537127000006],[84.04053082900003,28.016308082000023],[84.03898707900004,28.01879052000004],[84.03765107900006,28.019307644000037],[84.03403532900006,28.019295019000026],[84.03207007900005,28.01796877000004],[84.02934851700007,28.017053270000076],[84.02680720400008,28.01344139500003],[84.02310651600004,28.013618020000024],[84.01991614200006,28.01286264500004],[84.01854364200005,28.01202120800008],[84.01709014200009,28.013127019000024],[84.00950764200007,28.01399195700003],[84.00753457900004,28.01327452000004],[84.00677464200004,28.008518082000023],[84.00455464200007,28.006246082000075],[84.00232601600004,28.005506082000068],[84.00000001600006,28.00635214500005],[83.99414776700007,28.005995582000025],[83.99367651600005,28.005253270000026],[83.99455476700007,28.001322708000032],[83.99336220500004,27.999535582000078],[83.99068507900006,27.997881520000078],[83.98233482900008,27.998011645000076],[83.98128545400004,27.996944145000043],[83.98199076700007,27.99389139500005],[83.98325326600008,27.99169614500005],[83.98091907900005,27.989696645000038],[83.98029689100008,27.98626239400005],[83.98098132900003,27.984450645000038],[83.98100207900006,27.981930270000078],[83.98243539200007,27.97973495800005],[83.98294807900004,27.97660545800005],[83.98128026700005,27.971614145000046],[83.97967607900006,27.970616583000037],[83.97967689200004,27.96809170800003],[83.97862958000007,27.966006707000076],[83.97711083000007,27.965449082000077],[83.97501539200005,27.962806520000072],[83.97332595400007,27.961831457000073],[83.97373282900008,27.96066270700004],[83.97200114200007,27.958577520000063],[83.97020395400006,27.959493207000037],[83.96909282900003,27.95794283300006],[83.96916132900003,27.954978019000066],[83.97040414200006,27.953297208000038],[83.97032145500003,27.951327395000078],[83.97233564100009,27.94869008200004],[83.97236232900008,27.94494227000007],[83.97186076700007,27.936566458000073],[83.97421470400008,27.935538020000024],[83.97500964200003,27.932726708000075],[83.97642445400004,27.929996707000043],[83.97548651700004,27.927719832000037],[83.97547145400006,27.922577519000072],[83.97833870500006,27.920766144000027],[83.97844801700006,27.918778270000075],[83.98024670400008,27.91654470700007],[83.98032714200008,27.91053820700006],[83.98003045500008,27.90964239500005],[83.97770457900003,27.908152769000026],[83.97704607900005,27.906625145000078],[83.97690514200008,27.903421019000064],[83.97637320400008,27.90258152000007],[83.97891464200006,27.903405520000035],[83.98336151700005,27.903182770000058],[83.98630808000007,27.904388019000066],[83.98414470500006,27.90602364500006],[83.98598039200004,27.906980582000074],[83.98821557900004,27.91055039500003],[83.99158751700008,27.912594957000067],[83.99642832900008,27.917999207000037],[83.99715220400003,27.92075427000003],[83.99894601600005,27.92278052000006],[84.00203139100006,27.92332433200005],[84.00635032900004,27.925819769000043],[84.01063207900006,27.923089270000048],[84.01147557900003,27.92354720700007],[84.01117139100006,27.927080770000032],[84.01215970400006,27.92773052000007],[84.01591651700005,27.92713445800007],[84.01725282900009,27.92503583200005],[84.01954664200008,27.923950207000075],[84.02188514200003,27.92531726900006],[84.02315576700005,27.924116645000026],[84.02631908000006,27.923317332000067],[84.02783132900004,27.921010957000078],[84.02944476700003,27.91978089500003],[84.03055439200006,27.922384520000037],[84.03160789200007,27.922998019000033],[84.03265476700005,27.92049320800004],[84.03506607900005,27.91898983200008],[84.03659989200008,27.919210582000062],[84.03749476600007,27.917639894000047],[84.04049920500006,27.917181020000044],[84.04241007900004,27.917807707000065],[84.04391632900007,27.916615833000037],[84.04662632900005,27.91699177000004],[84.04726439200005,27.918056583000066],[84.04930639200006,27.917733145000057],[84.05163570400003,27.91615289500004],[84.05291270400005,27.916463770000064],[84.05834957900004,27.916531519000046],[84.06015107900004,27.917291145000036],[84.06062576700003,27.918924583000035],[84.06011751700004,27.92316002000007],[84.05848351600008,27.923433707000072],[84.05679370400009,27.925140269000053],[84.05623101700007,27.927173520000053],[84.05704220400008,27.92906408300007],[84.05912720400005,27.930518457000062],[84.06353620400006,27.930622645000028],[84.06313170400006,27.934093145000077],[84.06535232900006,27.936197332000063],[84.06522101700006,27.938160458000027],[84.07021107900005,27.941966769000032],[84.07261007900007,27.940176208000025],[84.07293895400005,27.938007645000027],[84.07143651700005,27.93534820800005],[84.07331595500006,27.93377895800006],[84.07297507900006,27.931845457000065],[84.07504014100004,27.93058302000003],[84.07568007900005,27.928858770000033],[84.07555826700008,27.925803707000057],[84.07715795400009,27.92243627000005],[84.07933789200007,27.923581270000057],[84.08341289200007,27.922486770000035],[84.08581282900008,27.922358958000075],[84.08727570500008,27.92295820700008],[84.08928545400005,27.924904207000054],[84.09112739100004,27.927628707000054],[84.09144351700007,27.929693145000044],[84.09085039200005,27.93128652000007],[84.09098276600008,27.933901582000033],[84.09177157900007,27.934966020000047],[84.09125858000004,27.938657833000036],[84.09179651700003,27.940383582000038],[84.09552470500006,27.94022314500006],[84.09791695400008,27.942308582000067],[84.10139407900004,27.941913457000055],[84.10326870500006,27.942325020000055],[84.10408957900006,27.94481545700006],[84.10915864200007,27.947855332000074],[84.11186351700007,27.94658508300006],[84.11398514200005,27.946488583000075],[84.11417514200008,27.944719457000076],[84.11750339200006,27.945233332000043],[84.12074426700008,27.944867332000058],[84.12411095500005,27.94368645700007],[84.12523945500004,27.94257077000003],[84.12789989100008,27.946183020000035],[84.12970245400004,27.94783977000003],[84.13239495400006,27.945962207000036],[84.13738501700004,27.950433958000076],[84.14034570400008,27.952405208000073],[84.14237620500006,27.95295377000008],[84.14599939200008,27.952613770000028],[84.14945701600004,27.954090269000062],[84.15050964200003,27.956316145000073],[84.15191914200005,27.956842583000025],[84.15450582900007,27.960625895000078],[84.15776620400004,27.963377207000065],[84.15916551700008,27.965735770000038],[84.16038076700005,27.96667977000004],[84.16529058000003,27.966100832000052],[84.16549283000006,27.968050145000063],[84.16391089100006,27.970924395000054],[84.16046907900005,27.973119395000026],[84.15841070400006,27.973374458000023],[84.15764526700008,27.972432208000043],[84.15930514200005,27.970839520000027],[84.15820101700007,27.96922752000006],[84.15593426700008,27.968544145000067],[84.15354695400003,27.96659958300006],[84.15187232900007,27.967181332000052],[84.15109289200007,27.96845477000005],[84.15249939200004,27.969649083000036],[84.15340489200008,27.972157207000066],[84.14916389200005,27.975359145000027],[84.14581864100006,27.97577789500008],[84.14489258000003,27.97319308300007],[84.14278420400007,27.971191583000063],[84.13911214200004,27.969142082000076],[84.13661095500004,27.96832327000004],[84.13358914200006,27.968556395000064],[84.13120870400007,27.972579520000068],[84.12979951700004,27.971883645000048],[84.13012945500003,27.97043252000003],[84.12962101600004,27.96606689400005],[84.12737851700007,27.96502202000005],[84.12293807900005,27.966749895000078],[84.11846664200004,27.967557145000058],[84.11875714200005,27.970020832000046],[84.11760270500008,27.970937895000077],[84.11489682900003,27.970267707000062],[84.10887307900003,27.97156108200005],[84.10574757900008,27.973533332000045],[84.10343526700007,27.97250164500008],[84.10194976700006,27.972877332000053],[84.09886401600005,27.971965769000064],[84.09448757900003,27.97433577000004],[84.09453520400007,27.976111520000075],[84.09295964200004,27.97866227000003],[84.08947926700006,27.978183957000056],[84.08896495400006,27.98019927000007],[84.08672732900004,27.98067677000006],[84.08362307900006,27.980622270000026],[84.08496076600005,27.985134208000034],[84.08393051700006,27.986222395000027],[84.08661820400005,27.98772120700005],[84.08906020500007,27.99167733200005],[84.09093276700008,27.99325333200005],[84.09151445400005,27.996104958000046],[84.08839108000006,28.000001519000023],[84.08729433000008,28.002217958000074],[84.08828626600007,28.00627202000004]]]}},{"type":"Feature","properties":{"STATE_CODE":4,"DISTRICT":"TANAHU","GaPa_NaPa":"Byas","Type_GN":"Nagarpalika","Province":"Gandaki","provinceId":"4","provinceCode":"4","provinceName":"Gandaki","districtId":"407","districtName":"Tanahu","municipalityId":"40702","municipalityCode":"40702","municipalityName":"Byas Urban Municipality","municipalityNameNe":"ब्यास नगरपालिका","municipalityType":"municipality"},"geometry":{"type":"Polygon","coordinates":[[[84.34280170700004,28.121771211000066],[84.34001758000005,28.122847645000036],[84.33684164200008,28.122760708000044],[84.33160933000005,28.12392189600007],[84.32900395400003,28.12275264500005],[84.32789789200007,28.120566707000023],[84.32537845500008,28.119376833000047],[84.32310976700006,28.11670170700006],[84.32271651700006,28.115199958000062],[84.31990251700006,28.115420895000057],[84.31842964200007,28.11287470700006],[84.31724601700006,28.112326894000034],[84.31316689200008,28.10825008300003],[84.31142076700007,28.107019895000064],[84.30818214200008,28.108214020000048],[84.30275114200003,28.10647295800004],[84.30238151700007,28.104643895000038],[84.29813270500006,28.103798020000056],[84.29398739200008,28.10169058200006],[84.29336176700008,28.10039677000003],[84.28960708000005,28.09987452000007],[84.28711576700005,28.098607208000033],[84.28301676700005,28.097762832000058],[84.28017464200008,28.092908582000064],[84.27537208000007,28.092424145000052],[84.27138139200008,28.09046683200006],[84.26943495400008,28.092760833000057],[84.26594189200006,28.093189583000026],[84.26321333000004,28.089433583000073],[84.26140995400004,28.087814707000064],[84.25960945400004,28.087608270000032],[84.25536070400005,28.084773270000028],[84.25341057900005,28.085063520000062],[84.25281307900008,28.086612333000062],[84.25043557900005,28.087742708000064],[84.24904439100004,28.086881020000078],[84.24697001700008,28.08250295700003],[84.24376701700004,28.08339320700003],[84.24243182900005,28.082775083000058],[84.24114420500007,28.080647395000028],[84.23865595400008,28.08034708200006],[84.23499458000003,28.07856414500003],[84.23396783000004,28.078708083000038],[84.23233051700004,28.081765895000046],[84.23275820500004,28.088085145000036],[84.23186714200006,28.090187333000074],[84.22788576700003,28.094981895000046],[84.22811026700003,28.095701270000063],[84.22704689200003,28.097767582000074],[84.22489801700004,28.09881583200007],[84.22113545500008,28.099713207000036],[84.21946670400007,28.09837783200004],[84.21703551700006,28.097833457000036],[84.21388382900005,28.09462764500006],[84.20950382900008,28.09427564500004],[84.20792570400005,28.09503614500005],[84.20573151700006,28.094716833000064],[84.20507883000005,28.095715083000073],[84.20217964200003,28.095690082000033],[84.19957870400003,28.097128895000026],[84.19744676700003,28.096637833000045],[84.19684982900003,28.09529164500003],[84.19446614200007,28.09323051900003],[84.19385445400007,28.09040870700005],[84.18990345400005,28.086276145000056],[84.18798851700006,28.085719207000068],[84.18300989100004,28.08543489500005],[84.18379364200007,28.084587708000072],[84.18723420400005,28.083527083000035],[84.18776614200004,28.081094020000023],[84.18902426700004,28.078386957000077],[84.18917864200006,28.074711208000053],[84.18650701700005,28.073509958000045],[84.18644232900004,28.071407145000023],[84.18538976700006,28.069177083000056],[84.18528676700004,28.061390582000058],[84.18247401700006,28.060992707000025],[84.18031526700008,28.059576332000063],[84.17626282900005,28.055420895000054],[84.17609014200008,28.05324152000003],[84.18065457900008,28.051042394000035],[84.18069889200007,28.049169582000047],[84.18176145400008,28.04829945700004],[84.18050601700008,28.045097145000057],[84.18480570400004,28.04429945700008],[84.19215445400005,28.03979245800008],[84.19379308000003,28.040789708000034],[84.19969445400005,28.039350769000066],[84.20179120400007,28.036741520000078],[84.20172551700006,28.034415395000053],[84.20758064200004,28.03261514500008],[84.21009064200007,28.033148332000053],[84.21329007900005,28.02992133300006],[84.21427670500003,28.02798839500008],[84.21712982900004,28.02653758200006],[84.21780157900008,28.025218832000064],[84.22044632900008,28.02434139500008],[84.22056195500005,28.023061832000053],[84.21851332900007,28.021436020000067],[84.21896814100006,28.017658207000068],[84.22116920500008,28.017392895000057],[84.21958814200008,28.015441457000065],[84.21949470400006,28.01246770800003],[84.21816220500006,28.009674208000035],[84.22208276700007,28.00784258300007],[84.22475089100004,28.004855333000023],[84.22719758000005,28.00335533200007],[84.22884526700005,28.001060145000054],[84.23160539200006,27.99847427000003],[84.23470714100006,27.994919770000024],[84.23700695400004,27.993268644000068],[84.24226507900005,27.986652895000077],[84.24449332900008,27.98648651900004],[84.24555076600006,27.984794583000053],[84.24846595500009,27.98438095800003],[84.24796370500007,27.981753207000054],[84.24842470500005,27.979392208000036],[84.24769195500005,27.975754020000068],[84.24495326700008,27.975156582000068],[84.24363201700004,27.973782457000027],[84.24507120500004,27.972814207000056],[84.24475951700003,27.970813332000034],[84.24303389200008,27.968869145000042],[84.24153201700005,27.965090145000033],[84.24047389200007,27.955804770000043],[84.23961114200006,27.95377783200007],[84.24377801700007,27.951678833000074],[84.24923420500005,27.95172539500004],[84.25608182900004,27.95064789500003],[84.25891420500005,27.951856458000066],[84.25851970500008,27.954524270000036],[84.25924595400005,27.955360020000057],[84.26300745400005,27.956379582000068],[84.26396070400006,27.95754652000005],[84.26382370400006,27.96024314500005],[84.26441889200004,27.962020020000068],[84.26682626700006,27.96569327000003],[84.26902251700005,27.96765877000007],[84.27222282900004,27.96891602000005],[84.27415339200007,27.968785832000037],[84.27832907900006,27.965559894000023],[84.27942426700008,27.96301476900004],[84.27832183000004,27.958544895000045],[84.27850945400007,27.956369395000024],[84.28051333000008,27.951996957000063],[84.28039008000007,27.951020207000056],[84.27784189200008,27.949473019000038],[84.27533514200007,27.94720364400007],[84.27551376700006,27.943019957000047],[84.27600576700007,27.939896145000034],[84.27848832900008,27.93601245700006],[84.28397139200007,27.931199707000076],[84.28678739200006,27.926060645000064],[84.29056382900006,27.924155083000073],[84.29736607900008,27.919104333000064],[84.30042470400008,27.91776195700004],[84.30598945500003,27.91647258200004],[84.30855976700008,27.916550332000043],[84.31332095400006,27.91568220700003],[84.31466014300008,27.914544145000036],[84.31538633000008,27.911575395000057],[84.31640270400004,27.909722832000057],[84.31984732900008,27.90765714500003],[84.31960357900005,27.904875520000076],[84.32051414200004,27.902926145000038],[84.32413064200006,27.900446958000032],[84.32603064200003,27.898159019000047],[84.32562876700007,27.89310114500006],[84.32658564200005,27.887615894000078],[84.32799895500006,27.885929270000076],[84.33026164200004,27.88611564400003],[84.33314301700005,27.88226158300006],[84.33681383000004,27.880007583000065],[84.34177045400008,27.878697957000043],[84.34601714200005,27.87834895700007],[84.34826957900003,27.87737751900005],[84.34943507900005,27.881709082000043],[84.35038389200008,27.882990582000048],[84.35382832900007,27.88461989500007],[84.35593270400005,27.886690333000047],[84.35782164200003,27.88963227000005],[84.35661332900008,27.891544332000024],[84.35804933000009,27.893027520000032],[84.35607764200006,27.89469333200003],[84.35535514200006,27.896845520000056],[84.35269514200007,27.897190832000035],[84.35170508000004,27.899099957000033],[84.34833039200004,27.897366644000044],[84.34632139200005,27.898163645000068],[84.34436589300003,27.90022639500006],[84.34693920500007,27.901542145000064],[84.34830489200004,27.90327389500004],[84.35142545500008,27.904926645000046],[84.35300976700006,27.90649077000006],[84.35162101700007,27.907263770000043],[84.35036258000008,27.91127202000007],[84.35176814200008,27.912315395000064],[84.35293489200006,27.911001457000054],[84.35525058000007,27.91403258200006],[84.35699670500009,27.917606645000035],[84.36016883000008,27.91893189500007],[84.35872164200003,27.92033239500006],[84.35865001700006,27.922297895000042],[84.36027857900007,27.92464251900003],[84.35956333000007,27.927489645000037],[84.36176682900003,27.929088145000037],[84.36178658000006,27.93081870700007],[84.36059308000006,27.93234039500004],[84.36044014200007,27.934112020000043],[84.35894820500005,27.93642870700006],[84.35653801700005,27.93866877000005],[84.35717632900008,27.93961702000007],[84.35988864200004,27.940571145000035],[84.35938845400005,27.94336583200004],[84.36123970500006,27.947815082000034],[84.35920539200004,27.949490082000068],[84.35587276700005,27.949266332000036],[84.35422051700004,27.950243082000043],[84.35043126700003,27.956766895000044],[84.34710464200003,27.957116020000058],[84.34485982900009,27.960424957000043],[84.34556932900006,27.961163269000053],[84.34567451700008,27.963870645000043],[84.34716164200006,27.965198145000045],[84.34732801700005,27.967165270000066],[84.35155995500008,27.968262395000067],[84.35369120400009,27.969509208000034],[84.35253214200003,27.97140752000007],[84.35423195500005,27.972815645000026],[84.35667520500004,27.972676207000063],[84.35813058000008,27.973545583000032],[84.36205558000006,27.973208082000042],[84.36653739300004,27.971989145000066],[84.36931001800008,27.970616645000064],[84.37000276700007,27.973832333000075],[84.36953064200009,27.97477452000004],[84.37079726700006,27.977259832000072],[84.37060239200008,27.978246395000042],[84.36820239200006,27.98012108300003],[84.36597632600007,27.98365596000008],[84.36242576900008,27.985294452000062],[84.36190963200005,27.987152777000063],[84.35963684500007,27.988977352000063],[84.35300827800006,27.990219720000027],[84.35213830500004,27.991596064000078],[84.34878158800007,27.992198029000065],[84.34976330600006,27.994907668000053],[84.35270938500008,27.998742701000026],[84.35107376200006,28.00235927600005],[84.34696563900008,28.006388263000076],[84.34514442600005,28.006713239000078],[84.34484945500003,28.01108676800004],[84.34296394300009,28.010398778000024],[84.34146580900006,28.012020307000057],[84.33651720100005,28.012343892000047],[84.33718252500006,28.01371863600008],[84.34061432900006,28.01716008300008],[84.34310086400006,28.018306910000035],[84.34346783600006,28.020772156000078],[84.34499251300008,28.02346693000004],[84.34653553100009,28.023925590000033],[84.34951270700003,28.02301102200005],[84.35431108100005,28.024228394000033],[84.35426860600006,28.025618433000034],[84.35859314100009,28.02652553200005],[84.36152681800007,28.02762571200003],[84.36334740000007,28.029491404000055],[84.36422584200005,28.03171833700003],[84.36685982300008,28.03362020000003],[84.36690401700008,28.036153957000067],[84.36065230800006,28.036662359000047],[84.35921883000003,28.039581270000042],[84.35733433000007,28.03861370800007],[84.35345864800007,28.037856593000072],[84.35247489300008,28.039937208000026],[84.35093270100003,28.039616258000024],[84.34735744100004,28.04013751800005],[84.34662976400006,28.041624021000075],[84.34725433000006,28.043858458000045],[84.34879767600006,28.044924055000024],[84.34749569700006,28.047350648000076],[84.34579019500006,28.05186083600006],[84.34153095800008,28.052995146000058],[84.33984127200006,28.054353137000078],[84.33789300800004,28.054567778000035],[84.33787418300005,28.05607505200004],[84.33393458200004,28.056599138000024],[84.33286263400004,28.056028636000065],[84.33089158000007,28.05714133300006],[84.32752476100006,28.05636862800003],[84.32047302400008,28.057743581000068],[84.31760483100004,28.060884274000045],[84.31646908600004,28.061536714000056],[84.31550713100006,28.06377270300004],[84.31589795000008,28.066941946000043],[84.31444313800006,28.069427219000033],[84.31260039600005,28.070406172000048],[84.31314073200008,28.07361343200006],[84.31548379700007,28.077558886000077],[84.31608869900003,28.081052526000065],[84.31755206400004,28.08402749700008],[84.31903521100008,28.085280831000034],[84.31813732400008,28.086217024000064],[84.32420996300004,28.087536299000078],[84.32852608200005,28.088913656000045],[84.32986981200008,28.09151874500003],[84.32800939600008,28.09805749000003],[84.32984769200004,28.100715528000023],[84.33180452100004,28.101146275000076],[84.33504314300006,28.10052470100004],[84.33397876700008,28.097632458000078],[84.33514870100004,28.095592141000054],[84.34151620000006,28.099398636000046],[84.34496581000008,28.103121930000043],[84.34508320200007,28.105215489000045],[84.34651376800008,28.108314333000067],[84.34524909800007,28.113118917000065],[84.34635131200008,28.11479030600003],[84.34454065100005,28.117594951000058],[84.34566232000003,28.118772173000025],[84.34280170700004,28.121771211000066]]]}},{"type":"Feature","properties":{"STATE_CODE":4,"DISTRICT":"TANAHU","GaPa_NaPa":"Devghat","Type_GN":"Gaunpalika","Province":"Gandaki","provinceId":"4","provinceCode":"4","provinceName":"Gandaki","districtId":"407","districtName":"Tanahu","municipalityId":"40708","municipalityCode":"40708","municipalityName":"Devghat Rural Municipality","municipalityNameNe":"देवघाट गाउँपालिका","municipalityType":"rural_municipality"},"geometry":{"type":"Polygon","coordinates":[[[84.34826957900003,27.87737751900005],[84.34601714200005,27.87834895700007],[84.34177045400008,27.878697957000043],[84.33681383000004,27.880007583000065],[84.33599695400005,27.87697245800007],[84.33247032900005,27.87610783200006],[84.32946957900003,27.874248957000077],[84.32847526700004,27.87146470700003],[84.32849276700006,27.869901019000054],[84.31981401700006,27.865194270000075],[84.31661739200007,27.865221957000074],[84.31034876700005,27.863559707000036],[84.30842739200006,27.858414895000067],[84.30716126700008,27.857118082000056],[84.30672982900006,27.854711457000064],[84.30278470500008,27.85226970800005],[84.30192514200007,27.850150582000026],[84.29950095500004,27.847249644000044],[84.29947645400006,27.844097520000048],[84.29889639200007,27.84293445800006],[84.29872045400003,27.838501020000024],[84.29754095400006,27.837413707000053],[84.29458364200008,27.83646333200005],[84.29635932900004,27.83437914500007],[84.29706514200006,27.83164514500004],[84.29845689200005,27.828435769000066],[84.30113376700007,27.82465270700004],[84.30231095400006,27.822416332000046],[84.30503114200008,27.82037051900005],[84.30685182900004,27.820023520000063],[84.30785776700003,27.818304144000024],[84.30667970400003,27.816562582000074],[84.30303870400007,27.81508589500004],[84.30419458000006,27.810245645000066],[84.30333758000006,27.80825283200005],[84.30072507900007,27.807369520000066],[84.30012539200004,27.805685332000053],[84.30074589200007,27.80155245700007],[84.30183801700008,27.79868220700007],[84.30182082900006,27.795922645000076],[84.30222276700005,27.79215577000008],[84.30462170500005,27.79051464500003],[84.30725539200006,27.790041707000057],[84.31164745500007,27.78733545700004],[84.31415283000007,27.786612270000035],[84.31599520400005,27.785200019000058],[84.31829008000005,27.780183270000066],[84.32036814200006,27.774596082000073],[84.31966270400005,27.771296582000048],[84.31765270400007,27.766887645000054],[84.31763151700005,27.763740019000068],[84.31878708000005,27.761817144000076],[84.32340783000006,27.75972826900005],[84.32458426700003,27.758261083000036],[84.32651014200007,27.750388394000026],[84.32727170400005,27.748500207000063],[84.33058114200009,27.74767545700007],[84.33400551700004,27.748836082000025],[84.33623526700006,27.74871339500004],[84.34108864200005,27.74405102000003],[84.34354864200003,27.744805332000055],[84.34478745400008,27.75018833200005],[84.34794170400005,27.751069458000075],[84.35001114200008,27.749593082000047],[84.35353245400006,27.748652207000077],[84.35473026700004,27.749057520000065],[84.35713883000005,27.751481520000027],[84.36286982900003,27.753373269000065],[84.36425845500008,27.75619464400006],[84.36370170500004,27.757737269000074],[84.36421339200007,27.760193145000073],[84.36577439200005,27.761434520000023],[84.36667157900007,27.76366376900006],[84.36647701700008,27.766347207000024],[84.36833651700005,27.769948020000072],[84.36850639200009,27.771795457000053],[84.37030189200004,27.77478952000007],[84.37494770400008,27.777933707000045],[84.37855533000004,27.778842207000025],[84.38318726700004,27.778628644000037],[84.38493945400006,27.777482019000047],[84.38970776700006,27.776755644000048],[84.39425326700007,27.775307707000024],[84.40066270400007,27.77091633300006],[84.40198857900003,27.769630832000075],[84.40318064200005,27.767158895000023],[84.40630233000007,27.763101707000033],[84.40838182900006,27.761592832000076],[84.41458989200004,27.759317957000064],[84.41930351700006,27.75898333200007],[84.42088389200006,27.75751189400006],[84.42212526700007,27.754164083000035],[84.42154989200003,27.752460020000058],[84.41951170400006,27.751425957000038],[84.42040239200009,27.748548645000028],[84.42538226700003,27.747669207000058],[84.42624433000003,27.74549133200003],[84.42341608000004,27.743272957000045],[84.42417358000006,27.741093207000063],[84.42661514200006,27.74220258200006],[84.42970433000005,27.742222395000056],[84.43253801700007,27.74128614500006],[84.43519851700006,27.740979957000036],[84.43918614200004,27.74260552000004],[84.44075026700006,27.74384608200006],[84.44393857900008,27.748892520000027],[84.44998732900007,27.756982519000076],[84.45199426700003,27.758819457000072],[84.45577064300005,27.759414020000065],[84.45923770500008,27.759301019000077],[84.46243601700007,27.757273145000056],[84.46688764200007,27.752964207000048],[84.47076395400006,27.751644645000056],[84.47360420500007,27.752404394000052],[84.47412032900007,27.75385570700007],[84.47357370500004,27.75780627000006],[84.47269832900008,27.76068845700007],[84.46950633000006,27.766960832000052],[84.46214939200007,27.773944332000042],[84.45749164200004,27.776223019000042],[84.45405351700003,27.77748214500008],[84.45053701700004,27.778204395000046],[84.44515214200004,27.77787664400006],[84.44147108000004,27.778238207000072],[84.44017889200006,27.778968832000032],[84.43626070500005,27.78269083300006],[84.43340814200008,27.786650707000035],[84.43211776800007,27.790456832000075],[84.43202307900003,27.792652582000073],[84.43270864200008,27.795488957000032],[84.43310420500006,27.80054208200005],[84.43278576700004,27.80183820700006],[84.43434483000004,27.812124707000066],[84.43555914200005,27.81387639500008],[84.43747483000004,27.81503914500007],[84.44062307900003,27.815505207000058],[84.44324164300008,27.81724777000005],[84.44375958000006,27.818854957000042],[84.44589307900003,27.82173627000003],[84.44793857900004,27.822936707000054],[84.45342664200007,27.821438707000027],[84.45683145400005,27.82009395700004],[84.46057864200003,27.822304020000047],[84.46203576700003,27.824169707000067],[84.46363170500007,27.825082707000035],[84.46696539300007,27.825802457000066],[84.46961476700005,27.830256645000077],[84.46874089300007,27.83173533300004],[84.46564476700007,27.83275664400003],[84.45934995500005,27.83248439500005],[84.45538132900003,27.83445608200003],[84.44985776700008,27.835345145000076],[84.44265333000004,27.834899144000076],[84.43981170400008,27.833804832000055],[84.43875714200004,27.834139895000078],[84.43760895500003,27.838985707000063],[84.43632751700005,27.84228408200005],[84.43592195500008,27.844020519000026],[84.43438795500003,27.844961770000054],[84.42829114200003,27.845177145000036],[84.42594183000006,27.844238957000073],[84.42479939300006,27.842755519000036],[84.42174126700007,27.843780270000025],[84.41886726700005,27.845515207000062],[84.41774764200005,27.84779977000005],[84.41602958000004,27.84979283200005],[84.41432951700006,27.85017927000007],[84.41265364200007,27.848442395000063],[84.40715657900006,27.850575207000077],[84.40316076700003,27.85096145700004],[84.40110376800004,27.85251308200003],[84.40038539200003,27.855297332000077],[84.39729326700007,27.857260332000067],[84.39405107900006,27.86111214400006],[84.39003870500005,27.862836207000043],[84.38758801700004,27.864995644000032],[84.38415026700005,27.868999082000073],[84.37508445500004,27.869809270000076],[84.37084358000004,27.868922644000065],[84.36792695400004,27.867863207000028],[84.36484045500004,27.86743139500004],[84.36184320500007,27.86786127000005],[84.35705120500006,27.869782644000054],[84.35335389200003,27.87225614500005],[84.35121614200006,27.876079394000044],[84.34826957900003,27.87737751900005]]]}},{"type":"Feature","properties":{"STATE_CODE":4,"DISTRICT":"TANAHU","GaPa_NaPa":"Ghiring","Type_GN":"Gaunpalika","Province":"Gandaki","provinceId":"4","provinceCode":"4","provinceName":"Gandaki","districtId":"407","districtName":"Tanahu","municipalityId":"40706","municipalityCode":"40706","municipalityName":"Ghiring Rural Municipality","municipalityNameNe":"घिरिङ्ग गाउँपालिका","municipalityType":"rural_municipality"},"geometry":{"type":"Polygon","coordinates":[[[84.13239495400006,27.945962207000036],[84.12970245400004,27.94783977000003],[84.12789989100008,27.946183020000035],[84.12523945500004,27.94257077000003],[84.12411095500005,27.94368645700007],[84.12074426700008,27.944867332000058],[84.11750339200006,27.945233332000043],[84.11417514200008,27.944719457000076],[84.11398514200005,27.946488583000075],[84.11186351700007,27.94658508300006],[84.10915864200007,27.947855332000074],[84.10408957900006,27.94481545700006],[84.10326870500006,27.942325020000055],[84.10139407900004,27.941913457000055],[84.09791695400008,27.942308582000067],[84.09552470500006,27.94022314500006],[84.09179651700003,27.940383582000038],[84.09125858000004,27.938657833000036],[84.09177157900007,27.934966020000047],[84.09098276600008,27.933901582000033],[84.09085039200005,27.93128652000007],[84.09144351700007,27.929693145000044],[84.09112739100004,27.927628707000054],[84.08928545400005,27.924904207000054],[84.08727570500008,27.92295820700008],[84.08581282900008,27.922358958000075],[84.08341289200007,27.922486770000035],[84.07933789200007,27.923581270000057],[84.07715795400009,27.92243627000005],[84.07555826700008,27.925803707000057],[84.07568007900005,27.928858770000033],[84.07504014100004,27.93058302000003],[84.07297507900006,27.931845457000065],[84.07331595500006,27.93377895800006],[84.07143651700005,27.93534820800005],[84.07293895400005,27.938007645000027],[84.07261007900007,27.940176208000025],[84.07021107900005,27.941966769000032],[84.06522101700006,27.938160458000027],[84.06535232900006,27.936197332000063],[84.06313170400006,27.934093145000077],[84.06353620400006,27.930622645000028],[84.05912720400005,27.930518457000062],[84.05704220400008,27.92906408300007],[84.05623101700007,27.927173520000053],[84.05679370400009,27.925140269000053],[84.05848351600008,27.923433707000072],[84.06011751700004,27.92316002000007],[84.06062576700003,27.918924583000035],[84.06015107900004,27.917291145000036],[84.05834957900004,27.916531519000046],[84.05291270400005,27.916463770000064],[84.05163570400003,27.91615289500004],[84.04930639200006,27.917733145000057],[84.04726439200005,27.918056583000066],[84.04662632900005,27.91699177000004],[84.04391632900007,27.916615833000037],[84.04241007900004,27.917807707000065],[84.04049920500006,27.917181020000044],[84.03749476600007,27.917639894000047],[84.03659989200008,27.919210582000062],[84.03506607900005,27.91898983200008],[84.03265476700005,27.92049320800004],[84.03160789200007,27.922998019000033],[84.03055439200006,27.922384520000037],[84.02944476700003,27.91978089500003],[84.02783132900004,27.921010957000078],[84.02631908000006,27.923317332000067],[84.02315576700005,27.924116645000026],[84.02188514200003,27.92531726900006],[84.01954664200008,27.923950207000075],[84.01725282900009,27.92503583200005],[84.01591651700005,27.92713445800007],[84.01215970400006,27.92773052000007],[84.01117139100006,27.927080770000032],[84.01147557900003,27.92354720700007],[84.01063207900006,27.923089270000048],[84.00635032900004,27.925819769000043],[84.00203139100006,27.92332433200005],[83.99894601600005,27.92278052000006],[83.99715220400003,27.92075427000003],[83.99642832900008,27.917999207000037],[83.99158751700008,27.912594957000067],[83.98821557900004,27.91055039500003],[83.98598039200004,27.906980582000074],[83.98414470500006,27.90602364500006],[83.98630808000007,27.904388019000066],[83.98336151700005,27.903182770000058],[83.97891464200006,27.903405520000035],[83.97637320400008,27.90258152000007],[83.97261470500007,27.901296958000046],[83.97053901700008,27.902226144000053],[83.96654945400007,27.899828957000068],[83.96272626600006,27.899035957000024],[83.96164026600007,27.897638957000026],[83.95779301600004,27.89766489400006],[83.95608389200004,27.89720408200003],[83.95698857900004,27.89510589500003],[83.95427551700004,27.89429726900005],[83.95515789100006,27.89246533200003],[83.95343570400007,27.88929220700004],[83.95105464100004,27.89175089500003],[83.95070939200008,27.892779707000045],[83.94860932900008,27.894227582000042],[83.94567851700003,27.894641582000077],[83.94270933000007,27.893735583000023],[83.94239289200004,27.892438020000043],[83.94340214100004,27.89112295700005],[83.94278558000008,27.889994520000073],[83.93937233000008,27.887675708000074],[83.93864957900007,27.886337395000055],[83.93944751700008,27.884239269000034],[83.94128876600007,27.88344126900006],[83.94061164100003,27.88126358200003],[83.94282014200007,27.87926308300007],[83.94278139200009,27.87806045700006],[83.94433001700008,27.87580689500004],[83.94729657900007,27.871227520000048],[83.95085782900009,27.869211645000064],[83.95368676700008,27.869291582000074],[83.95667320400008,27.870560708000028],[83.96035557900007,27.872829395000053],[83.96439264100007,27.872106270000074],[83.96850520400005,27.87024120700005],[83.97056357900004,27.87009045700006],[83.97289557900007,27.87234733200006],[83.97519989100005,27.871246645000042],[83.97561114100006,27.868904583000074],[83.97764507900007,27.86703664500004],[83.98297595400004,27.865394707000064],[83.98683064200003,27.86554858200003],[83.99118951700007,27.866607207000072],[83.99635857900006,27.866050082000072],[83.99841020400004,27.864506770000048],[83.99990857900008,27.860591895000027],[83.99941764200008,27.858430207000026],[84.00000001600006,27.855885020000073],[84.00228558000003,27.854571770000064],[84.00479651600006,27.854984582000043],[84.00940795600008,27.854424771000026],[84.01807095500004,27.85126045800007],[84.02064995400008,27.850732083000025],[84.02304401700007,27.85089414600003],[84.02468182900003,27.852347020000025],[84.02372870500005,27.85446595700006],[84.02107751800008,27.856174458000055],[84.01796345500009,27.85690145700005],[84.01775332900007,27.85920302100004],[84.01944908000007,27.861129771000037],[84.02297932900007,27.86169108300004],[84.02488339300004,27.860943896000038],[84.02953495400004,27.856457207000062],[84.03062183000003,27.85623133300004],[84.03380589200003,27.856201269000053],[84.03585933000005,27.85750495700006],[84.03932564200005,27.857657458000062],[84.04227670400007,27.856528394000065],[84.04317845400004,27.855181020000032],[84.04132914100006,27.852627332000054],[84.04080876700004,27.851009644000044],[84.04192501700004,27.850043519000053],[84.04416164200006,27.849790145000043],[84.04502226700004,27.85059314500006],[84.04499370400003,27.854426769000042],[84.04751070500004,27.856009958000072],[84.04945595400005,27.85626645700006],[84.05133826700006,27.855701707000037],[84.05361295400007,27.852848707000078],[84.05348676700004,27.849256582000066],[84.05573620400008,27.84890139500004],[84.06176764200006,27.852308270000037],[84.06954195400004,27.85619239500005],[84.07152751700005,27.858815582000034],[84.07122726700004,27.86120302000006],[84.07170889200006,27.86288152000003],[84.07359064200006,27.86482783200006],[84.07542814200008,27.865478895000024],[84.07710570400008,27.864839457000073],[84.07849489200004,27.863071895000076],[84.08100607900008,27.863964020000026],[84.07947795400008,27.86799701900003],[84.08015057900008,27.86939339500003],[84.08542032900004,27.86936995700006],[84.09312926700005,27.867085958000075],[84.09884126700007,27.866240332000075],[84.10245326700004,27.866346020000037],[84.10362345400006,27.864684520000026],[84.10180076700004,27.86268208200005],[84.09813014100007,27.860094395000033],[84.09779364200006,27.85822408200005],[84.10180657900008,27.855360145000077],[84.10474351700003,27.85479826900007],[84.10748832900003,27.858016083000052],[84.10896520400007,27.86103170800004],[84.10996370500004,27.861725832000047],[84.11214014200004,27.860952457000053],[84.11383014200004,27.85819827000006],[84.11556082900006,27.852887519000035],[84.11603370400007,27.851722769000048],[84.11888926700004,27.85063727000005],[84.12189482900004,27.851451457000053],[84.12333376700008,27.853796833000047],[84.12327189200005,27.85515526900008],[84.12195632900006,27.85765427000007],[84.12192051700004,27.85912320700004],[84.12494351700008,27.86000276900006],[84.12880289200007,27.859024457000032],[84.13132457900008,27.856027832000052],[84.13258307900009,27.856699019000075],[84.13265139200007,27.85836420800007],[84.13774607900007,27.85681358200003],[84.14148151700005,27.85740095700004],[84.14148464200008,27.855864332000067],[84.14430432900008,27.85679783200004],[84.14409464200008,27.858325645000036],[84.14557170400008,27.860066020000033],[84.14436726700006,27.861660332000042],[84.14590439200003,27.862906520000024],[84.14444970400007,27.864212270000053],[84.14469370400008,27.86612539400005],[84.14726801700004,27.871470394000028],[84.14654232900006,27.873079957000073],[84.14441776700005,27.873910332000037],[84.14183389200008,27.87379564500003],[84.13920795500007,27.87281002000003],[84.13653539200004,27.869800395000027],[84.13259864200006,27.872606707000045],[84.12865545400007,27.872856395000042],[84.12714326700006,27.87065552000007],[84.12402201600008,27.868235020000043],[84.12285507900003,27.868254083000068],[84.12250445400008,27.871817269000076],[84.12342845400008,27.875444708000032],[84.12309401600004,27.877800707000063],[84.13041695400005,27.879912770000033],[84.12905351700005,27.881755270000042],[84.13067701700004,27.884768270000052],[84.12859645500004,27.88794495700006],[84.12942601700007,27.888544395000054],[84.12880720500004,27.893547394000052],[84.13040345400003,27.894646957000077],[84.13250132900004,27.894642770000075],[84.13150795500007,27.898326207000025],[84.13000008000006,27.899500958000033],[84.13194070400004,27.90041064500008],[84.13207501700003,27.902285582000047],[84.13302895400005,27.90343989400003],[84.13151989200009,27.904747832000055],[84.13049133000004,27.907492645000048],[84.12917045400008,27.909355395000034],[84.13018570400004,27.910834645000023],[84.12843701600008,27.91504445700008],[84.12742576700003,27.915688458000034],[84.12881445400006,27.920324020000066],[84.12769370500007,27.925598269000034],[84.13007451700008,27.927161957000067],[84.13123951700004,27.930554457000028],[84.13415520400008,27.93208370800005],[84.13552820400008,27.93392808300007],[84.13428582900008,27.93627364500003],[84.13507964200005,27.94048783200003],[84.13375007900004,27.943005020000044],[84.13360401700004,27.94484177000004],[84.13239495400006,27.945962207000036]]]}},{"type":"Feature","properties":{"STATE_CODE":4,"DISTRICT":"TANAHU","GaPa_NaPa":"Myagde","Type_GN":"Gaunpalika","Province":"Gandaki","provinceId":"4","provinceCode":"4","provinceName":"Gandaki","districtId":"407","districtName":"Tanahu","municipalityId":"40703","municipalityCode":"40703","municipalityName":"Myagde Rural Municipality","municipalityNameNe":"म्याग्दे गाउँपालिका","municipalityType":"rural_municipality"},"geometry":{"type":"Polygon","coordinates":[[[84.17609014200008,28.05324152000003],[84.17241570400006,28.05242933200003],[84.17146439200008,28.055803770000068],[84.16912501700006,28.057641082000032],[84.16838995400008,28.059119895000038],[84.16556051700007,28.058913520000033],[84.16422676700006,28.06020570800007],[84.15829864200003,28.061882395000055],[84.15611451600006,28.06161183300003],[84.15208989100006,28.06331089500003],[84.15083514200006,28.06188633200003],[84.15093914100004,28.05735089500007],[84.14916501700003,28.055051395000078],[84.14741789200008,28.05108658200004],[84.14716064200007,28.04871545800006],[84.14420751700004,28.043747895000024],[84.14415120500007,28.04229483200004],[84.14517708000005,28.040393894000033],[84.14441289200005,28.03902508300007],[84.14223364100008,28.037249332000044],[84.13666083000004,28.037579957000048],[84.13450120400006,28.039240520000078],[84.13035764200004,28.039388958000075],[84.12568120500003,28.041451020000068],[84.12375839200007,28.04050289500003],[84.12327314200007,28.037867895000034],[84.12199451600003,28.036400145000073],[84.12202932900004,28.034574770000063],[84.12102114200007,28.033528707000073],[84.11975764200008,28.029017082000053],[84.11839820400007,28.027319207000062],[84.11806614200003,28.02451483200008],[84.11650057900005,28.02349858200006],[84.11690364200007,28.021467520000044],[84.11600726700004,28.01905395700004],[84.11273001600006,28.020218707000026],[84.11065707900008,28.02334320800003],[84.10706570400004,28.020769208000047],[84.10535495400006,28.02064652000007],[84.10387557900003,28.021841332000065],[84.10226151600006,28.02112945700003],[84.10173345500004,28.019633895000027],[84.09998551700005,28.018100832000073],[84.09954720400003,28.015294270000027],[84.10049614200005,28.01382458200004],[84.09996082900005,28.01271270700005],[84.09745176700005,28.01179389400005],[84.09575789200005,28.009689895000065],[84.09335357900005,28.00999164500007],[84.09063076700005,28.00905483300005],[84.08828626600007,28.00627202000004],[84.08729433000008,28.002217958000074],[84.08839108000006,28.000001519000023],[84.09151445400005,27.996104958000046],[84.09093276700008,27.99325333200005],[84.08906020500007,27.99167733200005],[84.08661820400005,27.98772120700005],[84.08393051700006,27.986222395000027],[84.08496076600005,27.985134208000034],[84.08362307900006,27.980622270000026],[84.08672732900004,27.98067677000006],[84.08896495400006,27.98019927000007],[84.08947926700006,27.978183957000056],[84.09295964200004,27.97866227000003],[84.09453520400007,27.976111520000075],[84.09448757900003,27.97433577000004],[84.09886401600005,27.971965769000064],[84.10194976700006,27.972877332000053],[84.10343526700007,27.97250164500008],[84.10574757900008,27.973533332000045],[84.10887307900003,27.97156108200005],[84.11489682900003,27.970267707000062],[84.11760270500008,27.970937895000077],[84.11875714200005,27.970020832000046],[84.11846664200004,27.967557145000058],[84.12293807900005,27.966749895000078],[84.12737851700007,27.96502202000005],[84.12962101600004,27.96606689400005],[84.13012945500003,27.97043252000003],[84.12979951700004,27.971883645000048],[84.13120870400007,27.972579520000068],[84.13358914200006,27.968556395000064],[84.13661095500004,27.96832327000004],[84.13911214200004,27.969142082000076],[84.14278420400007,27.971191583000063],[84.14489258000003,27.97319308300007],[84.14581864100006,27.97577789500008],[84.14916389200005,27.975359145000027],[84.15340489200008,27.972157207000066],[84.15249939200004,27.969649083000036],[84.15109289200007,27.96845477000005],[84.15187232900007,27.967181332000052],[84.15354695400003,27.96659958300006],[84.15593426700008,27.968544145000067],[84.15820101700007,27.96922752000006],[84.15930514200005,27.970839520000027],[84.15764526700008,27.972432208000043],[84.15841070400006,27.973374458000023],[84.16046907900005,27.973119395000026],[84.16391089100006,27.970924395000054],[84.16549283000006,27.968050145000063],[84.16529058000003,27.966100832000052],[84.16542864200005,27.964534770000057],[84.16797426700003,27.96170220700003],[84.17255364200008,27.959034019000057],[84.17553333000006,27.958689519000075],[84.18050026700007,27.959251708000068],[84.18776620400007,27.958585457000027],[84.19147289200004,27.95852839500003],[84.19681289200008,27.957755957000074],[84.20084870400007,27.95672570800008],[84.20547776700005,27.956502270000044],[84.20961601600004,27.955780769000057],[84.21019870400005,27.952553270000067],[84.21288239200004,27.95123370700003],[84.21450108000005,27.952047957000048],[84.21617657900003,27.95407833200005],[84.22036326700004,27.955073582000068],[84.22572551700006,27.953422208000063],[84.22958101700004,27.952944270000046],[84.23446076700003,27.952854770000044],[84.23633907900006,27.953494645000035],[84.23961114200006,27.95377783200007],[84.24047389200007,27.955804770000043],[84.24153201700005,27.965090145000033],[84.24303389200008,27.968869145000042],[84.24475951700003,27.970813332000034],[84.24507120500004,27.972814207000056],[84.24363201700004,27.973782457000027],[84.24495326700008,27.975156582000068],[84.24769195500005,27.975754020000068],[84.24842470500005,27.979392208000036],[84.24796370500007,27.981753207000054],[84.24846595500009,27.98438095800003],[84.24555076600006,27.984794583000053],[84.24449332900008,27.98648651900004],[84.24226507900005,27.986652895000077],[84.23700695400004,27.993268644000068],[84.23470714100006,27.994919770000024],[84.23160539200006,27.99847427000003],[84.22884526700005,28.001060145000054],[84.22719758000005,28.00335533200007],[84.22475089100004,28.004855333000023],[84.22208276700007,28.00784258300007],[84.21816220500006,28.009674208000035],[84.21949470400006,28.01246770800003],[84.21958814200008,28.015441457000065],[84.22116920500008,28.017392895000057],[84.21896814100006,28.017658207000068],[84.21851332900007,28.021436020000067],[84.22056195500005,28.023061832000053],[84.22044632900008,28.02434139500008],[84.21780157900008,28.025218832000064],[84.21712982900004,28.02653758200006],[84.21427670500003,28.02798839500008],[84.21329007900005,28.02992133300006],[84.21009064200007,28.033148332000053],[84.20758064200004,28.03261514500008],[84.20172551700006,28.034415395000053],[84.20179120400007,28.036741520000078],[84.19969445400005,28.039350769000066],[84.19379308000003,28.040789708000034],[84.19215445400005,28.03979245800008],[84.18480570400004,28.04429945700008],[84.18050601700008,28.045097145000057],[84.18176145400008,28.04829945700004],[84.18069889200007,28.049169582000047],[84.18065457900008,28.051042394000035],[84.17609014200008,28.05324152000003]]]}},{"type":"Feature","properties":{"STATE_CODE":4,"DISTRICT":"TANAHU","GaPa_NaPa":"Rhishing","Type_GN":"Gaunpalika","Province":"Gandaki","provinceId":"4","provinceCode":"4","provinceName":"Gandaki","districtId":"407","districtName":"Tanahu","municipalityId":"40707","municipalityCode":"40707","municipalityName":"Rhishing Rural Municipality","municipalityNameNe":"ऋषिङ्ग गाउँपालिका","municipalityType":"rural_municipality"},"geometry":{"type":"Polygon","coordinates":[[[84.33681383000004,27.880007583000065],[84.33314301700005,27.88226158300006],[84.33026164200004,27.88611564400003],[84.32799895500006,27.885929270000076],[84.32658564200005,27.887615894000078],[84.32562876700007,27.89310114500006],[84.32603064200003,27.898159019000047],[84.32413064200006,27.900446958000032],[84.32051414200004,27.902926145000038],[84.31960357900005,27.904875520000076],[84.31984732900008,27.90765714500003],[84.31640270400004,27.909722832000057],[84.31538633000008,27.911575395000057],[84.31466014300008,27.914544145000036],[84.31332095400006,27.91568220700003],[84.30855976700008,27.916550332000043],[84.30598945500003,27.91647258200004],[84.30042470400008,27.91776195700004],[84.29736607900008,27.919104333000064],[84.29056382900006,27.924155083000073],[84.28678739200006,27.926060645000064],[84.28397139200007,27.931199707000076],[84.27848832900008,27.93601245700006],[84.27600576700007,27.939896145000034],[84.27551376700006,27.943019957000047],[84.27533514200007,27.94720364400007],[84.27784189200008,27.949473019000038],[84.28039008000007,27.951020207000056],[84.28051333000008,27.951996957000063],[84.27850945400007,27.956369395000024],[84.27832183000004,27.958544895000045],[84.27942426700008,27.96301476900004],[84.27832907900006,27.965559894000023],[84.27415339200007,27.968785832000037],[84.27222282900004,27.96891602000005],[84.26902251700005,27.96765877000007],[84.26682626700006,27.96569327000003],[84.26441889200004,27.962020020000068],[84.26382370400006,27.96024314500005],[84.26396070400006,27.95754652000005],[84.26300745400005,27.956379582000068],[84.25924595400005,27.955360020000057],[84.25851970500008,27.954524270000036],[84.25891420500005,27.951856458000066],[84.25608182900004,27.95064789500003],[84.24923420500005,27.95172539500004],[84.24377801700007,27.951678833000074],[84.23961114200006,27.95377783200007],[84.23633907900006,27.953494645000035],[84.23446076700003,27.952854770000044],[84.22958101700004,27.952944270000046],[84.22572551700006,27.953422208000063],[84.22036326700004,27.955073582000068],[84.21617657900003,27.95407833200005],[84.21450108000005,27.952047957000048],[84.21288239200004,27.95123370700003],[84.21019870400005,27.952553270000067],[84.20961601600004,27.955780769000057],[84.20547776700005,27.956502270000044],[84.20084870400007,27.95672570800008],[84.19681289200008,27.957755957000074],[84.19147289200004,27.95852839500003],[84.18776620400007,27.958585457000027],[84.18050026700007,27.959251708000068],[84.17553333000006,27.958689519000075],[84.17255364200008,27.959034019000057],[84.16797426700003,27.96170220700003],[84.16542864200005,27.964534770000057],[84.16529058000003,27.966100832000052],[84.16038076700005,27.96667977000004],[84.15916551700008,27.965735770000038],[84.15776620400004,27.963377207000065],[84.15450582900007,27.960625895000078],[84.15191914200005,27.956842583000025],[84.15050964200003,27.956316145000073],[84.14945701600004,27.954090269000062],[84.14599939200008,27.952613770000028],[84.14237620500006,27.95295377000008],[84.14034570400008,27.952405208000073],[84.13738501700004,27.950433958000076],[84.13239495400006,27.945962207000036],[84.13360401700004,27.94484177000004],[84.13375007900004,27.943005020000044],[84.13507964200005,27.94048783200003],[84.13428582900008,27.93627364500003],[84.13552820400008,27.93392808300007],[84.13415520400008,27.93208370800005],[84.13123951700004,27.930554457000028],[84.13007451700008,27.927161957000067],[84.12769370500007,27.925598269000034],[84.12881445400006,27.920324020000066],[84.12742576700003,27.915688458000034],[84.12843701600008,27.91504445700008],[84.13018570400004,27.910834645000023],[84.12917045400008,27.909355395000034],[84.13049133000004,27.907492645000048],[84.13151989200009,27.904747832000055],[84.13302895400005,27.90343989400003],[84.13207501700003,27.902285582000047],[84.13194070400004,27.90041064500008],[84.13000008000006,27.899500958000033],[84.13150795500007,27.898326207000025],[84.13250132900004,27.894642770000075],[84.13040345400003,27.894646957000077],[84.12880720500004,27.893547394000052],[84.12942601700007,27.888544395000054],[84.12859645500004,27.88794495700006],[84.13067701700004,27.884768270000052],[84.12905351700005,27.881755270000042],[84.13041695400005,27.879912770000033],[84.12309401600004,27.877800707000063],[84.12342845400008,27.875444708000032],[84.12250445400008,27.871817269000076],[84.12285507900003,27.868254083000068],[84.12402201600008,27.868235020000043],[84.12714326700006,27.87065552000007],[84.12865545400007,27.872856395000042],[84.13259864200006,27.872606707000045],[84.13653539200004,27.869800395000027],[84.13920795500007,27.87281002000003],[84.14183389200008,27.87379564500003],[84.14441776700005,27.873910332000037],[84.14654232900006,27.873079957000073],[84.14726801700004,27.871470394000028],[84.14469370400008,27.86612539400005],[84.14444970400007,27.864212270000053],[84.14590439200003,27.862906520000024],[84.14436726700006,27.861660332000042],[84.14557170400008,27.860066020000033],[84.14409464200008,27.858325645000036],[84.14430432900008,27.85679783200004],[84.14148464200008,27.855864332000067],[84.14148151700005,27.85740095700004],[84.13774607900007,27.85681358200003],[84.13265139200007,27.85836420800007],[84.13258307900009,27.856699019000075],[84.13132457900008,27.856027832000052],[84.13173751700003,27.854538207000076],[84.13051720400006,27.852077645000065],[84.12784382900008,27.850708207000025],[84.12509039200006,27.85025270700004],[84.12288589100007,27.84779745800006],[84.12599664200008,27.84579539500004],[84.12842314200003,27.84517495700004],[84.13128089200006,27.845591957000067],[84.13808095400003,27.848123832000056],[84.14530751700005,27.85014714500005],[84.14666007900007,27.85016377000005],[84.15183414200004,27.847292519000064],[84.15415851700004,27.847007895000047],[84.15664201700008,27.847907707000047],[84.15876489100003,27.84721251900004],[84.15813645400004,27.844719894000036],[84.15656226700008,27.842530769000064],[84.15712645400004,27.840359457000034],[84.15830714200007,27.839460019000057],[84.16214501700006,27.83988202000006],[84.16497633000006,27.841699582000047],[84.16452339200004,27.846458832000053],[84.16751132900004,27.84644858200005],[84.17155926700008,27.845457519000036],[84.17405676700008,27.84751226900005],[84.17500289200007,27.851784707000036],[84.17617620400006,27.852220957000043],[84.17940339200004,27.85110889400005],[84.18332439200003,27.85047645700007],[84.19144514200008,27.846622770000067],[84.19517732900005,27.846658207000075],[84.19928289200004,27.84869658200006],[84.20219976700008,27.851546708000058],[84.20577233000006,27.85199270700008],[84.20902114200004,27.849916458000052],[84.20985720400006,27.848207020000075],[84.20962964200004,27.84669333200003],[84.20814320400007,27.84401727000005],[84.20828508000005,27.841352207000057],[84.21133170500008,27.838615082000047],[84.21392183000006,27.840028145000076],[84.21237345400004,27.842882583000062],[84.21269751700004,27.84485645700005],[84.21411970500003,27.84580420700007],[84.21691108000005,27.846521894000034],[84.21968695500004,27.84628733200003],[84.22245739100003,27.844019770000045],[84.22580057900007,27.837504582000065],[84.22716239200008,27.836423770000067],[84.22856433000004,27.836757644000045],[84.23090576700008,27.84069795700003],[84.22939857900008,27.842819269000074],[84.22983001700004,27.845496895000053],[84.23308801700006,27.846360145000062],[84.23670695500005,27.844230707000065],[84.23953589200005,27.844796707000057],[84.24174489200004,27.846282082000073],[84.24606251700004,27.846145770000078],[84.24796089200004,27.845212770000046],[84.24866670500006,27.843582395000055],[84.25077445500006,27.840870895000023],[84.25357682900005,27.83861164500007],[84.25704339200007,27.837921520000066],[84.26063870500008,27.838016270000026],[84.26340032900004,27.838990332000037],[84.26797989200008,27.838548333000062],[84.26889945400006,27.837267145000055],[84.26784826700003,27.833785270000078],[84.26968864200006,27.832292519000077],[84.27157208000006,27.83253927000004],[84.27266470400008,27.835294457000032],[84.27467689200006,27.83624939400005],[84.28488651700007,27.837756332000026],[84.28805301700004,27.83697126900006],[84.29347070400007,27.837706707000052],[84.29458364200008,27.83646333200005],[84.29754095400006,27.837413707000053],[84.29872045400003,27.838501020000024],[84.29889639200007,27.84293445800006],[84.29947645400006,27.844097520000048],[84.29950095500004,27.847249644000044],[84.30192514200007,27.850150582000026],[84.30278470500008,27.85226970800005],[84.30672982900006,27.854711457000064],[84.30716126700008,27.857118082000056],[84.30842739200006,27.858414895000067],[84.31034876700005,27.863559707000036],[84.31661739200007,27.865221957000074],[84.31981401700006,27.865194270000075],[84.32849276700006,27.869901019000054],[84.32847526700004,27.87146470700003],[84.32946957900003,27.874248957000077],[84.33247032900005,27.87610783200006],[84.33599695400005,27.87697245800007],[84.33681383000004,27.880007583000065]]]}},{"type":"Feature","properties":{"STATE_CODE":4,"DISTRICT":"TANAHU","GaPa_NaPa":"Shuklagandaki","Type_GN":"Nagarpalika","Province":"Gandaki","provinceId":"4","provinceCode":"4","provinceName":"Gandaki","districtId":"407","districtName":"Tanahu","municipalityId":"40704","municipalityCode":"40704","municipalityName":"Shuklagandaki Urban Municipality","municipalityNameNe":"शुक्लागण्डकी नगरपालिका","municipalityType":"municipality"},"geometry":{"type":"Polygon","coordinates":[[[84.11870282900009,28.106983583000044],[84.11576126700004,28.10600683200005],[84.11297570500005,28.107166707000033],[84.10900576700004,28.10993389500004],[84.10784157900008,28.11033870700004],[84.10439982900004,28.10983595700003],[84.10273401700005,28.10821039500007],[84.10088108000008,28.107537145000038],[84.09848301700004,28.10484933200007],[84.09582433000008,28.103668895000055],[84.09331870500006,28.10103970800003],[84.09301801700008,28.099812520000057],[84.09124251700007,28.098356083000056],[84.09086758000007,28.09646102000005],[84.08961226700006,28.09464777000005],[84.08535895400007,28.092759645000058],[84.08104926600004,28.091383645000064],[84.07927739200005,28.087041270000043],[84.07725501700008,28.08401214500003],[84.07178164200008,28.077534895000042],[84.06956145500004,28.079356895000046],[84.06918482900005,28.08116670700008],[84.06510839200007,28.083686770000043],[84.06310614200004,28.086431395000034],[84.06104382900008,28.08781552000005],[84.05709020400008,28.08833158300007],[84.05446289200006,28.084454020000067],[84.05195557900004,28.083290645000034],[84.04927914100006,28.084264208000036],[84.04801607900004,28.086462333000043],[84.04480095500008,28.088710708000065],[84.04466732900005,28.090105208000068],[84.04003789200004,28.091094895000026],[84.04025082900006,28.092320020000045],[84.04357832900007,28.093262082000024],[84.04421907900007,28.094511957000066],[84.04196133000005,28.094882708000057],[84.04118514200007,28.096209645000044],[84.03740189200005,28.09653339500005],[84.03464482900006,28.099311645000057],[84.03257332900006,28.099880770000027],[84.03056495400006,28.099420957000063],[84.02996070500006,28.09624189500005],[84.02759208000003,28.09889133300004],[84.02803739200004,28.101400270000056],[84.03020039200004,28.102760395000075],[84.03019695500006,28.104060020000077],[84.02868932900003,28.10545927000004],[84.02266970500006,28.103747832000067],[84.02102276700003,28.104571708000037],[84.01844057900007,28.104883457000028],[84.01453333000006,28.10599852000007],[84.01635208000005,28.107460395000032],[84.01678901600008,28.11043195700006],[84.01345326700005,28.109739645000047],[84.01167670400008,28.110576895000065],[84.01122620400008,28.112812957000074],[84.00848876700007,28.115631332000078],[84.00689657900006,28.115800645000036],[84.00569308000007,28.11472889500004],[84.00000001600006,28.113068395000028],[83.99901289200005,28.11056833200007],[83.99513145400005,28.10876995700005],[83.99614951600006,28.10740720700005],[83.99610945400008,28.10434758300005],[83.99710314200007,28.102526770000054],[83.99436820400007,28.09930689500004],[83.99181639200003,28.098133457000074],[83.98987264100003,28.09841089500003],[83.98813639100007,28.097711270000048],[83.98423220400008,28.099163958000076],[83.98206382900008,28.09766320700004],[83.97821620400003,28.094239833000074],[83.97607895400006,28.09076920800004],[83.97198089100004,28.088358645000028],[83.96667764200004,28.088152145000038],[83.96395682900004,28.08719020700005],[83.96085489100005,28.082997145000036],[83.96082232900005,28.07997139500003],[83.96353401700009,28.07901995800006],[83.96775864200004,28.07676239400007],[83.97040857900004,28.076578020000056],[83.97089276700007,28.074565458000052],[83.96266970500005,28.07061939500005],[83.95881920400006,28.069830832000036],[83.95383489200003,28.06798802000003],[83.95186526600008,28.06668995800004],[83.94669926700004,28.067698895000035],[83.94172295400006,28.068245207000075],[83.94329264200007,28.06481395700007],[83.94300595400006,28.06219195700004],[83.94347064200008,28.060698457000058],[83.94687332900008,28.05634277000007],[83.94842357900006,28.053773395000064],[83.95007951700006,28.05089714500008],[83.95526989200005,28.051056895000045],[83.95652908000005,28.05078652000003],[83.96287139200007,28.044504458000063],[83.96362957900004,28.04267027000003],[83.96334489200007,28.040664270000036],[83.96568745400003,28.03859802000005],[83.96769270400006,28.038557957000023],[83.96948214200006,28.037351208000075],[83.97447545400007,28.03797270800004],[83.97671476600004,28.037605333000045],[83.98004333000006,28.03782927000003],[83.98258120400004,28.03734670800003],[83.98452645400005,28.03902345800003],[83.98770808000006,28.040296332000025],[83.98809608000005,28.041803583000046],[83.99071345400006,28.044452770000078],[83.99408839200004,28.045134395000048],[83.99772433000004,28.046770270000025],[83.99905964200008,28.045143520000067],[83.99834720400008,28.04365658200004],[83.99822482900004,28.039874957000052],[83.99870995400005,28.038672332000033],[83.99844232900006,28.035716457000035],[84.00000001600006,28.033730895000076],[84.00352082900008,28.034486707000042],[84.00499326700003,28.033534582000073],[84.00550839200008,28.03128483200004],[84.00741301600004,28.030086707000066],[84.01468951700008,28.02864427000003],[84.01656876700008,28.028842645000054],[84.01854526700004,28.030703895000045],[84.02165720400006,28.029065333000062],[84.02220639100005,28.02716083300004],[84.03022232900008,28.02413583300006],[84.03148232900008,28.02312239500003],[84.03156620500005,28.02090670800004],[84.03403532900006,28.019295019000026],[84.03765107900006,28.019307644000037],[84.03898707900004,28.01879052000004],[84.04053082900003,28.016308082000023],[84.04193907900003,28.01537127000006],[84.04311770400005,28.016458458000045],[84.04365926700007,28.01958339500004],[84.04654808000004,28.02195839500007],[84.05082208000005,28.022367520000046],[84.05241114200004,28.02327170700005],[84.05739607900006,28.02227689500006],[84.06116289200008,28.022315895000077],[84.06488251700006,28.020486582000046],[84.06683333000007,28.018310520000057],[84.06847551700008,28.017653082000038],[84.07428276700006,28.01230477000007],[84.07600076700004,28.01214589500006],[84.07758989100006,28.01308814500004],[84.08337857900005,28.013037395000026],[84.08613576700003,28.011117770000055],[84.08828626600007,28.00627202000004],[84.09063076700005,28.00905483300005],[84.09335357900005,28.00999164500007],[84.09575789200005,28.009689895000065],[84.09745176700005,28.01179389400005],[84.09996082900005,28.01271270700005],[84.10049614200005,28.01382458200004],[84.09954720400003,28.015294270000027],[84.09998551700005,28.018100832000073],[84.10173345500004,28.019633895000027],[84.10226151600006,28.02112945700003],[84.10387557900003,28.021841332000065],[84.10535495400006,28.02064652000007],[84.10706570400004,28.020769208000047],[84.11065707900008,28.02334320800003],[84.11273001600006,28.020218707000026],[84.11600726700004,28.01905395700004],[84.11690364200007,28.021467520000044],[84.11650057900005,28.02349858200006],[84.11806614200003,28.02451483200008],[84.11839820400007,28.027319207000062],[84.11975764200008,28.029017082000053],[84.12102114200007,28.033528707000073],[84.12202932900004,28.034574770000063],[84.12199451600003,28.036400145000073],[84.12327314200007,28.037867895000034],[84.12375839200007,28.04050289500003],[84.12568120500003,28.041451020000068],[84.13035764200004,28.039388958000075],[84.13450120400006,28.039240520000078],[84.13666083000004,28.037579957000048],[84.14223364100008,28.037249332000044],[84.14441289200005,28.03902508300007],[84.14517708000005,28.040393894000033],[84.14415120500007,28.04229483200004],[84.14420751700004,28.043747895000024],[84.14716064200007,28.04871545800006],[84.14741789200008,28.05108658200004],[84.14916501700003,28.055051395000078],[84.15093914100004,28.05735089500007],[84.15083514200006,28.06188633200003],[84.15208989100006,28.06331089500003],[84.15611451600006,28.06161183300003],[84.15829864200003,28.061882395000055],[84.16422676700006,28.06020570800007],[84.16556051700007,28.058913520000033],[84.16838995400008,28.059119895000038],[84.16912501700006,28.057641082000032],[84.17146439200008,28.055803770000068],[84.17241570400006,28.05242933200003],[84.17609014200008,28.05324152000003],[84.17626282900005,28.055420895000054],[84.18031526700008,28.059576332000063],[84.18247401700006,28.060992707000025],[84.18528676700004,28.061390582000058],[84.18538976700006,28.069177083000056],[84.18644232900004,28.071407145000023],[84.18650701700005,28.073509958000045],[84.18917864200006,28.074711208000053],[84.18902426700004,28.078386957000077],[84.18776614200004,28.081094020000023],[84.18723420400005,28.083527083000035],[84.18379364200007,28.084587708000072],[84.18300989100004,28.08543489500005],[84.18798851700006,28.085719207000068],[84.18990345400005,28.086276145000056],[84.19385445400007,28.09040870700005],[84.19446614200007,28.09323051900003],[84.19684982900003,28.09529164500003],[84.19340826700005,28.094482020000044],[84.19055001700008,28.095842083000036],[84.18600107900005,28.09563170800004],[84.18124108000006,28.09949189500003],[84.18119476700008,28.10107814500003],[84.17741089200007,28.10028664500004],[84.17234276700003,28.099717707000025],[84.16793645500007,28.100765583000054],[84.16704520400003,28.099701707000065],[84.16475076700004,28.09960970800006],[84.16054295500004,28.09701764500005],[84.15582501700004,28.100484270000038],[84.15302957900008,28.101525457000037],[84.15263957900004,28.103057832000047],[84.14987551700005,28.10310602000004],[84.14803732900003,28.105436583000028],[84.14566589200007,28.106088895000028],[84.14449845400009,28.105126707000068],[84.14123964100008,28.104369707000046],[84.13405182900004,28.10440852000005],[84.13014376700005,28.10516814500005],[84.12800426700005,28.105165645000056],[84.12535908000007,28.105991645000074],[84.12221432900003,28.10598545700003],[84.11870282900009,28.106983583000044]]]}},{"type":"Feature","properties":{"STATE_CODE":4,"DISTRICT":"SYANGJA","GaPa_NaPa":"Aandhikhola","Type_GN":"Gaunpalika","Province":"Gandaki","provinceId":"4","provinceCode":"4","provinceName":"Gandaki","districtId":"409","districtName":"Syangja","municipalityId":"40903","municipalityCode":"40903","municipalityName":"Aandhikhola Rural Municipality","municipalityNameNe":"आँधिखोला गाउँपालिका","municipalityType":"rural_municipality"},"geometry":{"type":"Polygon","coordinates":[[[83.81136251700008,28.219822020000038],[83.80884057900005,28.21926127000006],[83.80683982900007,28.221424458000058],[83.80566470400004,28.22114527000008],[83.80517526700004,28.21761802000003],[83.80277851700004,28.210872770000037],[83.80132695400005,28.20879039500005],[83.80021657900005,28.20849320800005],[83.79398001600003,28.20394427000008],[83.79065201700007,28.203106645000048],[83.78942620400005,28.202172958000062],[83.78874389100008,28.199096645000054],[83.78607714200007,28.19884195800006],[83.78574014200007,28.19701608200006],[83.78289620400005,28.19718083300006],[83.77929532900004,28.19944714500008],[83.77664270400004,28.198195145000057],[83.77327126700004,28.197894020000035],[83.76899620400008,28.193631520000054],[83.76622270400009,28.191878145000032],[83.76168001600007,28.190559458000052],[83.75830414100005,28.190079707000052],[83.75966776700005,28.18387277000005],[83.75958707800004,28.181796833000078],[83.76096901600005,28.17917970700006],[83.76352051600009,28.175443208000047],[83.76384614200003,28.17341083200006],[83.76809945400004,28.170460083000023],[83.76618795400003,28.167616145000068],[83.76478882900005,28.16656233200007],[83.76455101600004,28.165020895000055],[83.76245064200003,28.163514520000035],[83.76652139200007,28.157844707000038],[83.76647214100007,28.154879833000052],[83.76577182900007,28.15264039500005],[83.76369789100005,28.15075052000003],[83.76179151700006,28.147398895000038],[83.76150920400005,28.146010770000032],[83.75795889100004,28.14587364500005],[83.75569364200004,28.147388145000036],[83.74988170400007,28.148521582000058],[83.74721407900006,28.147972957000036],[83.74710439200004,28.145646458000044],[83.74293039200006,28.141816520000077],[83.74374170400006,28.139706145000048],[83.74384076700005,28.135511833000066],[83.74467132900008,28.13370608200006],[83.74844551700005,28.133988333000048],[83.75255289100005,28.133111333000045],[83.75498951600008,28.13154083200004],[83.75669276600007,28.13221627000007],[83.75999895400008,28.13072614500004],[83.75863470400003,28.126044145000037],[83.75863076600007,28.11913533200004],[83.76046601700006,28.116426457000046],[83.76287982900004,28.11546489500006],[83.76461364100004,28.115707083000075],[83.76674989100007,28.11464802000006],[83.77003720400006,28.114114270000073],[83.77147470400007,28.11234095800006],[83.77317107900006,28.11557483300004],[83.77472020400006,28.115123895000067],[83.77708557900007,28.116330332000075],[83.77827926600008,28.118599895000045],[83.78150607900005,28.119505333000063],[83.78523420400006,28.12146745800004],[83.78568932900004,28.122812957000065],[83.79020864100005,28.123244145000058],[83.79156976600007,28.12417577000008],[83.79342189100004,28.12371377000005],[83.79582939200003,28.12182208200005],[83.79814595400006,28.121766833000038],[83.80083545400004,28.124146707000023],[83.80533476700003,28.124437458000045],[83.80772195400004,28.12561864500003],[83.81142745400007,28.12579302000006],[83.81371314100005,28.123366083000064],[83.81516857900004,28.12357108200007],[83.81873195400004,28.123296082000024],[83.82440839200007,28.120686145000036],[83.82690295400005,28.118642832000035],[83.82977882900008,28.118456958000024],[83.83354176600005,28.119219645000044],[83.83878570400003,28.11888970800004],[83.84190064200004,28.120326083000066],[83.84458282900005,28.12030658200007],[83.84835289200004,28.12086814500003],[83.85284289200007,28.120288645000073],[83.85449364200008,28.122456458000045],[83.85684920400007,28.122892145000037],[83.85859601700008,28.12202527000005],[83.85956214100008,28.124036645000047],[83.85555726600006,28.127137207000033],[83.85298020400006,28.130873207000036],[83.85008258000005,28.131650707000063],[83.84704589200004,28.134618957000043],[83.84502214200006,28.135580145000063],[83.84371539100005,28.137128707000045],[83.84179657900006,28.138080958000046],[83.84283401700003,28.140194020000024],[83.84581026600006,28.140039520000073],[83.84867089100004,28.14045564500003],[83.85136126600008,28.139255895000076],[83.85340901600006,28.139592020000066],[83.85525201700005,28.14076052000007],[83.85570401700005,28.142044833000057],[83.85896976700008,28.145371770000054],[83.85878176700004,28.148018270000023],[83.85696582900005,28.149347583000065],[83.85459832900005,28.15306577000007],[83.85199176600008,28.152803520000077],[83.85019157900007,28.15438770700007],[83.84737489200006,28.15527133200004],[83.84584451600006,28.158789458000058],[83.84371045400007,28.159815957000035],[83.84127070400007,28.15984245800007],[83.84024176700007,28.161341708000066],[83.83941276700006,28.16515389500006],[83.83555576600008,28.16843902000005],[83.83132989200004,28.170539020000035],[83.83030851700005,28.17156658300007],[83.82970732900003,28.174724708000042],[83.82714820400008,28.176943958000038],[83.82607245400004,28.17725845700005],[83.82310276700008,28.176636458000075],[83.82055420400008,28.17505595700004],[83.81965507900009,28.171977207000054],[83.81781570500004,28.171749145000035],[83.81465070400003,28.172866270000043],[83.81171432900004,28.17297058200006],[83.81307082900008,28.178509458000065],[83.81127082900008,28.18156195800003],[83.81169701700009,28.183234458000072],[83.81128851600005,28.18633852000005],[83.81327939200008,28.187988395000048],[83.81300507900005,28.19377764500007],[83.81366083000006,28.198959020000075],[83.81579382900009,28.201204645000075],[83.81653295400008,28.203513833000045],[83.81684139200007,28.20748533300008],[83.81882414200004,28.209861645000046],[83.81485864100006,28.21478177000006],[83.81422282900007,28.217474895000066],[83.81136251700008,28.219822020000038]]]}},{"type":"Feature","properties":{"STATE_CODE":4,"DISTRICT":"SYANGJA","GaPa_NaPa":"Arjunchaupari","Type_GN":"Gaunpalika","Province":"Gandaki","provinceId":"4","provinceCode":"4","provinceName":"Gandaki","districtId":"409","districtName":"Syangja","municipalityId":"40904","municipalityCode":"40904","municipalityName":"Arjun Choupari Rural Municipality","municipalityNameNe":"अर्जुनचौपारी गाउँपालिका","municipalityType":"rural_municipality"},"geometry":{"type":"Polygon","coordinates":[[[83.74721407900006,28.147972957000036],[83.74269995400005,28.148889645000054],[83.73592695400004,28.147856895000075],[83.73283676700004,28.14786895700007],[83.72921476600004,28.14474814500005],[83.72800832900003,28.14277370800005],[83.72500951600006,28.13958183300008],[83.72351314200006,28.138920020000057],[83.72060276700006,28.135461957000075],[83.71401414100006,28.133345457000075],[83.71105639100006,28.13049858200003],[83.71002201600004,28.128409333000036],[83.71079051700008,28.126204270000073],[83.70843101700007,28.118839207000065],[83.71000370300004,28.116608770000028],[83.71251976600007,28.115779270000075],[83.71344607900005,28.11472070700006],[83.71721670400007,28.11328677000006],[83.71901532900006,28.111817083000062],[83.72115357900003,28.108759645000077],[83.72585382900007,28.10649477000004],[83.73119751700006,28.10290420700005],[83.73176720400005,28.100992020000035],[83.72859351600005,28.100818770000046],[83.72492551600004,28.097808333000046],[83.72246982900003,28.092821395000044],[83.71966320400008,28.09006977000007],[83.71384376700007,28.089182333000053],[83.71224676600008,28.089810708000073],[83.70567264100004,28.090121707000037],[83.70831264200007,28.08754833300003],[83.71142495400005,28.085167770000055],[83.71263489200004,28.082979394000063],[83.71426280100007,28.082980548000023],[83.71914607900004,28.085747895000054],[83.72228988800003,28.085386465000056],[83.72346410200004,28.083753010000066],[83.72865995400008,28.081367155000066],[83.73139553600004,28.08086036000003],[83.73386752000005,28.07812602200005],[83.73434426100005,28.075146322000023],[83.73721495000007,28.070138272000065],[83.73873895400004,28.066240020000066],[83.74208955300008,28.065921407000076],[83.74876495200004,28.060638207000068],[83.75017277600006,28.05903423600006],[83.75175664700004,28.060212654000054],[83.75192820000007,28.061526150000077],[83.75497594000007,28.06205058300003],[83.75565779800007,28.06352518500006],[83.75759912000007,28.063747491000072],[83.75764645400005,28.066175392000048],[83.75850670500006,28.06852120700006],[83.76307023000004,28.065117610000073],[83.76322938400006,28.06315261900005],[83.76586845200006,28.065214897000033],[83.76831521700007,28.06597720600007],[83.77308589200004,28.06456595700007],[83.77592911000005,28.064746596000077],[83.77896301100003,28.066540779000036],[83.78154033100003,28.068830581000043],[83.78192381800005,28.07040611000008],[83.78427002600006,28.07242472200005],[83.79028000800008,28.072634841000024],[83.79612016500005,28.072350329000074],[83.79908683800005,28.07364757600004],[83.79858170400007,28.07442977000005],[83.79851664200004,28.078955895000036],[83.79691482900006,28.08131814500007],[83.79343245400008,28.08816545800005],[83.79584714200007,28.09093308300004],[83.79802476700007,28.09199227000005],[83.80034126700008,28.092266395000024],[83.80113751700009,28.09388533300006],[83.80397339200005,28.095601957000042],[83.80564820400008,28.09565852000003],[83.80507770400004,28.09839464500004],[83.80657195400005,28.10092158300006],[83.80806282900005,28.101954770000077],[83.81091945400004,28.102003895000053],[83.81234714200008,28.101175520000027],[83.81758970400006,28.099273770000025],[83.82032614200006,28.101366707000068],[83.82050076600007,28.104203145000042],[83.81942957900003,28.10566833300004],[83.81624976600006,28.10615602000007],[83.81418507900008,28.10812752000004],[83.81337051700007,28.11267739500005],[83.81494657900004,28.116483707000043],[83.81468045400004,28.118626833000064],[83.81554264100004,28.12288570800007],[83.81516857900004,28.12357108200007],[83.81371314100005,28.123366083000064],[83.81142745400007,28.12579302000006],[83.80772195400004,28.12561864500003],[83.80533476700003,28.124437458000045],[83.80083545400004,28.124146707000023],[83.79814595400006,28.121766833000038],[83.79582939200003,28.12182208200005],[83.79342189100004,28.12371377000005],[83.79156976600007,28.12417577000008],[83.79020864100005,28.123244145000058],[83.78568932900004,28.122812957000065],[83.78523420400006,28.12146745800004],[83.78150607900005,28.119505333000063],[83.77827926600008,28.118599895000045],[83.77708557900007,28.116330332000075],[83.77472020400006,28.115123895000067],[83.77317107900006,28.11557483300004],[83.77147470400007,28.11234095800006],[83.77003720400006,28.114114270000073],[83.76674989100007,28.11464802000006],[83.76461364100004,28.115707083000075],[83.76287982900004,28.11546489500006],[83.76046601700006,28.116426457000046],[83.75863076600007,28.11913533200004],[83.75863470400003,28.126044145000037],[83.75999895400008,28.13072614500004],[83.75669276600007,28.13221627000007],[83.75498951600008,28.13154083200004],[83.75255289100005,28.133111333000045],[83.74844551700005,28.133988333000048],[83.74467132900008,28.13370608200006],[83.74384076700005,28.135511833000066],[83.74374170400006,28.139706145000048],[83.74293039200006,28.141816520000077],[83.74710439200004,28.145646458000044],[83.74721407900006,28.147972957000036]]]}},{"type":"Feature","properties":{"STATE_CODE":4,"DISTRICT":"SYANGJA","GaPa_NaPa":"Bhirkot","Type_GN":"Nagarpalika","Province":"Gandaki","provinceId":"4","provinceCode":"4","provinceName":"Gandaki","districtId":"409","districtName":"Syangja","municipalityId":"40905","municipalityCode":"40905","municipalityName":"Bhirkot Urban Municipality","municipalityNameNe":"भीरकोट नगरपालिका","municipalityType":"municipality"},"geometry":{"type":"Polygon","coordinates":[[[83.79908683800005,28.07364757600004],[83.79612016500005,28.072350329000074],[83.79028000800008,28.072634841000024],[83.78427002600006,28.07242472200005],[83.78192381800005,28.07040611000008],[83.78154033100003,28.068830581000043],[83.77896301100003,28.066540779000036],[83.77592911000005,28.064746596000077],[83.77308589200004,28.06456595700007],[83.76831521700007,28.06597720600007],[83.76586845200006,28.065214897000033],[83.76322938400006,28.06315261900005],[83.76307023000004,28.065117610000073],[83.75850670500006,28.06852120700006],[83.75764645400005,28.066175392000048],[83.75759912000007,28.063747491000072],[83.75565779800007,28.06352518500006],[83.75497594000007,28.06205058300003],[83.75192820000007,28.061526150000077],[83.75175664700004,28.060212654000054],[83.75017277600006,28.05903423600006],[83.74876495200004,28.060638207000068],[83.74208955300008,28.065921407000076],[83.73873895400004,28.066240020000066],[83.73721495000007,28.070138272000065],[83.73434426100005,28.075146322000023],[83.73386752000005,28.07812602200005],[83.73139553600004,28.08086036000003],[83.72865995400008,28.081367155000066],[83.72346410200004,28.083753010000066],[83.72228988800003,28.085386465000056],[83.71914607900004,28.085747895000054],[83.71426280100007,28.082980548000023],[83.71263489200004,28.082979394000063],[83.71085484000008,28.081093895000038],[83.71109655600003,28.078118312000072],[83.71046908700004,28.07587645900003],[83.71286513600006,28.073884645000078],[83.71353899100006,28.067760126000053],[83.71475145400007,28.063629082000034],[83.71244776600008,28.060927958000036],[83.71018420400009,28.059754395000027],[83.70796589100007,28.05526183300003],[83.70531814100008,28.054073894000055],[83.70427082900005,28.05244708300006],[83.70135357900006,28.051948895000066],[83.69802239100005,28.052598208000063],[83.69604689200008,28.052219270000023],[83.69572476700006,28.050542145000065],[83.69608501600004,28.048611519000076],[83.69727995300008,28.046612770000024],[83.70169620400003,28.041965332000075],[83.70297051600005,28.04109264500005],[83.70545451600003,28.041010020000044],[83.70692076600005,28.038495082000054],[83.71016051600003,28.036083145000077],[83.71241420400008,28.032058083000038],[83.70979457900006,28.032675332000053],[83.70918520400005,28.03184145800003],[83.70979776700005,28.02971952000007],[83.71110457900005,28.028372957000045],[83.71247626700006,28.028703020000023],[83.71453045400006,28.025746957000024],[83.71239932900005,28.022946957000045],[83.71367039100005,28.02213277000004],[83.71752576600005,28.022876332000067],[83.72062107900007,28.022713457000066],[83.72456082900004,28.020194270000047],[83.72817464100007,28.020445145000053],[83.72968345400005,28.019669708000038],[83.73072932900004,28.022934458000066],[83.73318857900006,28.024683332000052],[83.73637420400007,28.02450452000005],[83.74053332900007,28.021712270000023],[83.74958420400003,28.020075207000048],[83.75213395300005,28.019084770000063],[83.75331295400008,28.021372645000042],[83.75742714100005,28.018103644000064],[83.75809789200008,28.01505652000003],[83.76137495400008,28.017083957000068],[83.76275251700008,28.01647033200004],[83.76621495400008,28.012620145000028],[83.76677389100007,28.01119058200004],[83.77090226600006,28.00969933300007],[83.77226851700004,28.011026082000058],[83.77525582900006,28.01049845700004],[83.77602132900006,28.00901052000006],[83.77987757900007,28.005941332000077],[83.78058414100008,28.003340894000075],[83.78499389100006,28.00538764500004],[83.78734064200006,28.005616833000033],[83.78997214200007,28.002911082000026],[83.79206326600007,28.00188758200005],[83.79387026600006,27.998336583000025],[83.79644426700008,27.99950695800004],[83.80177914200004,27.999167270000044],[83.80349057900008,28.000929645000042],[83.80143795400005,28.003266583000027],[83.80103495400004,28.00676108300007],[83.79835576600004,28.010074020000047],[83.80479495400004,28.00986670800006],[83.80661375600005,28.00934353400004],[83.80786102400003,28.010301969000068],[83.81372344800008,28.00674726300008],[83.81530232900008,28.006697520000046],[83.81687433000008,28.009077770000033],[83.82155894600004,28.007818147000023],[83.82400708400007,28.010095707000062],[83.82846683900004,28.011741709000034],[83.83417420400008,28.010665645000074],[83.83695345400008,28.012361333000058],[83.83932215000004,28.012578397000027],[83.84356470400007,28.01143932800005],[83.84581070400003,28.01498433200004],[83.84788067900007,28.017091821000065],[83.85247564600007,28.01888613400007],[83.85711020400004,28.018038145000048],[83.85941470800003,28.018586527000025],[83.86160689100006,28.019534156000077],[83.86278833100005,28.02250477000007],[83.86227264200005,28.02432733200004],[83.86329732400003,28.026189841000075],[83.86611819800004,28.02653784100005],[83.86860433300006,28.027964014000077],[83.86994452500005,28.03027127300004],[83.86977868000008,28.031527899000025],[83.86825250800007,28.033676765000052],[83.86224858400004,28.031522824000035],[83.86060010400007,28.033741407000036],[83.85667932600006,28.036663860000033],[83.85343764900006,28.03419876600003],[83.85147948000008,28.033526523000035],[83.84946875300005,28.031802739000057],[83.84754155400003,28.03220224900008],[83.84616445400007,28.031133457000067],[83.84406368600008,28.03176060900006],[83.84303902700003,28.033605140000077],[83.84049488400007,28.033730826000067],[83.83505476300007,28.03491351400004],[83.83320563900008,28.035962719000054],[83.82978326000006,28.036786592000055],[83.82468726700006,28.034198958000047],[83.82293850700006,28.03619130100003],[83.82234831900007,28.04540545900005],[83.82474746000008,28.047254218000035],[83.82521657400008,28.049116321000042],[83.82256144900003,28.04881282200006],[83.81907076700008,28.050067296000066],[83.81696076700007,28.04906495700004],[83.81451564800005,28.050715584000045],[83.81395625200008,28.054151210000043],[83.81274259000008,28.056755640000063],[83.81232876600006,28.05889408300004],[83.80865642000003,28.063717577000034],[83.80963988600007,28.065530779000028],[83.80875382900007,28.06742027000007],[83.80620752000004,28.068276457000024],[83.80650670800009,28.06989015100004],[83.80246595400007,28.073129020000067],[83.79908683800005,28.07364757600004]]]}},{"type":"Feature","properties":{"STATE_CODE":4,"DISTRICT":"SYANGJA","GaPa_NaPa":"Biruwa","Type_GN":"Gaunpalika","Province":"Gandaki","provinceId":"4","provinceCode":"4","provinceName":"Gandaki","districtId":"409","districtName":"Syangja","municipalityId":"40906","municipalityCode":"40906","municipalityName":"Biruwa Rural Municipality","municipalityNameNe":"बिरुवा गाउँपालिका","municipalityType":"rural_municipality"},"geometry":{"type":"Polygon","coordinates":[[[83.94172295400006,28.068245207000075],[83.93614620500006,28.069174582000073],[83.93439557900007,28.069922833000078],[83.93285576700004,28.06961977000003],[83.92997364200005,28.070927020000056],[83.92757739200005,28.07024208300004],[83.92572089200007,28.071355707000066],[83.92341345500006,28.071875645000034],[83.92141232900008,28.07499958300008],[83.91518151700006,28.071588770000062],[83.91370045500008,28.069854957000075],[83.90828320400004,28.068405145000042],[83.90468845400005,28.06834633300008],[83.90214345400005,28.068892832000074],[83.90074682900007,28.066488770000035],[83.89975464100007,28.063182520000055],[83.89638514200004,28.063195895000035],[83.89462914100005,28.067339395000033],[83.89195232900005,28.06610758200003],[83.89090751600008,28.064574708000066],[83.88642670400003,28.062628395000047],[83.88333189200006,28.06445795700006],[83.87953426700005,28.062834520000024],[83.87659001700007,28.062188957000046],[83.87429601700006,28.06239670700006],[83.87371757900007,28.060785082000052],[83.87146414100005,28.05980377000003],[83.86785864100005,28.061027832000036],[83.86578795400004,28.060852083000043],[83.86414420400007,28.058979957000076],[83.85729432900007,28.059859707000044],[83.85599957900007,28.059158895000053],[83.85359957900005,28.059686645000056],[83.85056982900005,28.05758714500007],[83.85001707900005,28.05563264500006],[83.85295182900006,28.05507170800007],[83.85762989100004,28.05181620700006],[83.85464820400006,28.049299520000034],[83.85276907900004,28.04918245700003],[83.85045126600005,28.04999902000003],[83.84937139100003,28.049203582000075],[83.85044120400005,28.047379395000064],[83.84959864200005,28.044695645000047],[83.85200970400007,28.04328808200006],[83.85265001600004,28.04161227000003],[83.85527376700009,28.040112332000035],[83.85667932600006,28.036663860000033],[83.86060010400007,28.033741407000036],[83.86224858400004,28.031522824000035],[83.86825250800007,28.033676765000052],[83.86977868000008,28.031527899000025],[83.86994452500005,28.03027127300004],[83.86860433300006,28.027964014000077],[83.86611819800004,28.02653784100005],[83.86329732400003,28.026189841000075],[83.86227264200005,28.02432733200004],[83.86278833100005,28.02250477000007],[83.86160689100006,28.019534156000077],[83.85941470800003,28.018586527000025],[83.85908645500007,28.015835708000054],[83.86013464200005,28.01093370700005],[83.86074395500003,28.010162645000037],[83.86138307900006,28.00544302000003],[83.86211982900005,28.003090332000056],[83.86184201700007,28.001409082000066],[83.86373326600005,28.000000770000042],[83.86214976600007,27.99681320800005],[83.86319414200005,27.993630520000067],[83.86186195400006,27.988010832000043],[83.86133851600005,27.987114519000045],[83.86354814200007,27.98403902000007],[83.86585676600004,27.98150739500005],[83.86682633000004,27.979001457000038],[83.86655089100003,27.976697519000027],[83.86840570500004,27.976169019000054],[83.86806320400007,27.974584707000076],[83.86863245400008,27.972559082000032],[83.86518032900005,27.971253770000033],[83.86323176700006,27.969886770000073],[83.86262126700007,27.967065707000074],[83.86383426600008,27.963167894000037],[83.86644776700007,27.96184370700007],[83.86991539200005,27.961377707000054],[83.87508414100006,27.958925270000066],[83.87885414100003,27.958330707000073],[83.87977776700006,27.95730939500004],[83.87845382900008,27.956098832000066],[83.88100845400004,27.953749895000044],[83.87947189100004,27.952712895000047],[83.88103964100003,27.95108739500006],[83.87991701700008,27.948881957000026],[83.87771926600004,27.94805189500005],[83.87693345400004,27.94697720700003],[83.87662401600005,27.944524270000045],[83.87890995400005,27.94476089400007],[83.88214526700006,27.942967645000067],[83.88556632900008,27.942629832000023],[83.88694082900008,27.941198144000055],[83.88890632900006,27.941373458000044],[83.89008595400009,27.940399644000024],[83.89230770400007,27.94061577000008],[83.89442839200007,27.939931457000057],[83.89922357900008,27.939996019000034],[83.90519926700006,27.938935208000032],[83.90473157900004,27.937689394000074],[83.90265745500005,27.936844020000024],[83.90339551700004,27.932995144000074],[83.90444776700008,27.93179102000005],[83.90199207900008,27.930198520000033],[83.90381501700006,27.928708332000042],[83.90382270400005,27.917117270000062],[83.90481026600008,27.914518582000028],[83.90436564200007,27.911438332000046],[83.90757076700004,27.911311832000024],[83.90846401600004,27.91467902000005],[83.91254314200006,27.922021707000056],[83.91403714100005,27.923746520000066],[83.91398645400005,27.92677233200004],[83.91462489200006,27.92821002000005],[83.91514907900006,27.932423020000044],[83.91595464200003,27.935508020000043],[83.91849370400007,27.93648877000004],[83.91833908000007,27.938517207000075],[83.92055095400008,27.941411145000075],[83.92364332900007,27.942182333000062],[83.92501970500007,27.946474770000066],[83.92309501600005,27.948175019000075],[83.92114589200008,27.95098758200004],[83.92086370400006,27.95288276900004],[83.92539733000007,27.956757269000036],[83.91691808000007,27.961447958000065],[83.91593201700005,27.962652269000046],[83.91094120400004,27.963675770000066],[83.90890839200006,27.962945645000048],[83.90430282900007,27.963989457000025],[83.89922232900005,27.96732527000006],[83.90373614200007,27.97004739500005],[83.90336589100008,27.973734082000078],[83.90385676600005,27.974767832000055],[83.90689395400005,27.977084895000075],[83.90959039200004,27.97825558200003],[83.91480007900003,27.974481707000052],[83.91651745400003,27.971808957000064],[83.91908108000007,27.97165483200007],[83.92247232900007,27.97498264500007],[83.92462358000006,27.97907239500006],[83.93004701600006,27.980562207000048],[83.93355020400008,27.980602332000046],[83.93457482900004,27.981232333000037],[83.93414514200003,27.983488520000037],[83.93260489100004,27.984846082000047],[83.93170564200005,27.98700727000005],[83.93313733000008,27.98760139500007],[83.93516639200004,27.989745895000055],[83.93460920400008,27.99169514500005],[83.93693839100007,27.993248582000035],[83.94112876700007,27.992582582000068],[83.94014364100008,27.99495358200005],[83.93520439200006,27.996422520000067],[83.93567276700009,27.999062645000038],[83.93894264200009,28.00203133200006],[83.94033295500003,28.004892958000028],[83.94112920400005,28.010410083000068],[83.93774157900003,28.014465520000044],[83.93612101700006,28.015444082000045],[83.93048839200003,28.01564664500006],[83.92972095400006,28.016490144000045],[83.93143339100004,28.02097214500003],[83.93529932900003,28.023636520000025],[83.93679651600007,28.025065519000066],[83.93686332900006,28.026575020000053],[83.93855851700005,28.030944083000065],[83.93578445400004,28.032019083000023],[83.93923114200004,28.036612270000035],[83.93917089200005,28.03861820700007],[83.93742151600009,28.039711769000064],[83.93383326600008,28.039414520000037],[83.93321682900006,28.041056833000027],[83.93350414200006,28.044213582000054],[83.93418982900005,28.044884082000067],[83.93844270400007,28.045696083000053],[83.94049183000004,28.04538558200005],[83.94380864200008,28.047234958000047],[83.94801314100005,28.05250970800006],[83.94842357900006,28.053773395000064],[83.94687332900008,28.05634277000007],[83.94347064200008,28.060698457000058],[83.94300595400006,28.06219195700004],[83.94329264200007,28.06481395700007],[83.94172295400006,28.068245207000075]]]}},{"type":"Feature","properties":{"STATE_CODE":4,"DISTRICT":"SYANGJA","GaPa_NaPa":"Chapakot","Type_GN":"Nagarpalika","Province":"Gandaki","provinceId":"4","provinceCode":"4","provinceName":"Gandaki","districtId":"409","districtName":"Syangja","municipalityId":"40908","municipalityCode":"40908","municipalityName":"Chapakot Urban Municipality","municipalityNameNe":"चापाकोट नगरपालिका","municipalityType":"municipality"},"geometry":{"type":"Polygon","coordinates":[[[83.86323176700006,27.969886770000073],[83.86230508000006,27.970831270000076],[83.85678120400007,27.971669520000034],[83.85271889100005,27.973005520000072],[83.85085395400006,27.974851457000057],[83.85000901600006,27.97680002000004],[83.84821007900007,27.978901020000023],[83.84684870400008,27.976178333000064],[83.84289451600006,27.973053332000063],[83.84240557900006,27.97089339400003],[83.84267214200008,27.96713683200005],[83.84078582900008,27.96535433200006],[83.84069232900003,27.961949395000033],[83.84193651700008,27.960274394000066],[83.83938814200008,27.95861301900004],[83.84058995400005,27.95767801900007],[83.84636714200008,27.956159270000057],[83.84806251700007,27.95496527000006],[83.84512714200008,27.95273720700004],[83.84255464200004,27.95248383200004],[83.84154632900004,27.953403270000024],[83.83991314100007,27.95653545700003],[83.83706520400006,27.957127832000026],[83.83483839200005,27.95626095700004],[83.83273976700008,27.957454332000054],[83.82945589100007,27.957400645000064],[83.82550764200005,27.95827570700004],[83.82333314200008,27.95681077000006],[83.82347757900004,27.953931832000023],[83.82687451700008,27.94732270700007],[83.82957489100005,27.94638745800006],[83.82931582900005,27.943857707000063],[83.83155226600007,27.94094070700004],[83.83079864100006,27.93806289500003],[83.82944520500007,27.936102708000078],[83.82974795400008,27.93301633200008],[83.82938395400004,27.929401144000053],[83.83353057900007,27.927109208000047],[83.83668432900004,27.924574582000048],[83.84059226400007,27.923665327000037],[83.83833576100005,27.92064139300004],[83.83662750700006,27.919274269000027],[83.83477842600007,27.92074321900003],[83.83047339200004,27.921579634000068],[83.82463544500007,27.924203265000074],[83.82283937600005,27.92592935400006],[83.82127364200005,27.928910269000028],[83.82045758700008,27.931533388000048],[83.81830139400006,27.932191657000033],[83.81398889900004,27.931294644000047],[83.81097311200006,27.928045860000054],[83.81017970300007,27.92884577600006],[83.80626380500007,27.92737368400003],[83.80255345800003,27.930281399000023],[83.79971214400007,27.929792202000044],[83.79781407500008,27.93056559300004],[83.79676321200003,27.93191789100007],[83.79610076600005,27.935461645000032],[83.79612107900005,27.93837695700006],[83.79486915200005,27.938645845000053],[83.79134227900005,27.936621090000074],[83.78913314000005,27.93676890100005],[83.78888538900009,27.935640335000073],[83.78605330100004,27.935218537000026],[83.78308054600006,27.934002212000053],[83.78144857200004,27.93269319700005],[83.77921432900007,27.933025830000076],[83.77812089100007,27.931936507000046],[83.77561152900006,27.931390900000054],[83.77363696600008,27.93162908900007],[83.76997014000005,27.927464520000058],[83.76818101700007,27.927887958000042],[83.76636307900003,27.929875020000054],[83.76352332900007,27.92826814500006],[83.76173301600005,27.92879983200004],[83.75992176600005,27.930303958000025],[83.75969420400008,27.933241332000023],[83.75847557900005,27.935278957000037],[83.75436607900008,27.93861789500005],[83.75259776600006,27.93591614500008],[83.75234876700006,27.934379083000067],[83.75402082900007,27.932583770000065],[83.75391745400003,27.92941108200006],[83.75615564100008,27.92888933200004],[83.75829720400003,27.92637508300004],[83.76014901700006,27.92286958300008],[83.75827789100003,27.91962389500003],[83.75714014700003,27.912523321000037],[83.75729101600007,27.910948645000076],[83.75852145400006,27.909188520000043],[83.76431769500005,27.909776210000075],[83.76857715700004,27.906786959000044],[83.77142326200004,27.906353963000072],[83.77711507400005,27.903143451000062],[83.78055818100006,27.89975985700005],[83.78346694200008,27.896122645000048],[83.78690427300006,27.889780770000073],[83.78937632300006,27.886501519000035],[83.79124463500006,27.88477821300006],[83.79446665200004,27.883269020000057],[83.79807514500004,27.882841133000056],[83.80002670400006,27.881815020000033],[83.80618139800004,27.874718450000046],[83.80965882900006,27.873006145000033],[83.81259126600008,27.873603582000044],[83.81810976700007,27.873974332000046],[83.81999326200008,27.875154588000044],[83.82216620400004,27.87732127000004],[83.82324739100005,27.877516770000057],[83.82572364600009,27.876283390000026],[83.83005545400005,27.873235888000067],[83.83350176600004,27.87144851100004],[83.84139864200006,27.868506457000024],[83.84417245400005,27.868006394000076],[83.84756689100004,27.86830352000004],[83.84908650800008,27.87017577100005],[83.84942746400003,27.873328336000043],[83.84852709100005,27.875522833000048],[83.84623045400008,27.878081395000038],[83.84617500600007,27.88073026400008],[83.84801257500004,27.881661945000076],[83.85261494700006,27.88127657700005],[83.85392201700006,27.879427707000048],[83.85292795700008,27.87561333600007],[83.85380176700005,27.874244645000033],[83.85728664100003,27.873264520000077],[83.85981990000005,27.873242271000038],[83.86245226700004,27.874183645000073],[83.86325507900006,27.87717639500005],[83.86220402100008,27.879217396000058],[83.86233383600006,27.880986518000043],[83.86424408500005,27.882816088000027],[83.87216664200008,27.884479957000053],[83.87536857600008,27.885421458000053],[83.87961514200003,27.888175770000032],[83.88227595400008,27.88739508200007],[83.88231307900008,27.88357958200004],[83.88305995400003,27.88215189500005],[83.88630939200004,27.88235320700005],[83.89066214100006,27.88513658200003],[83.89444464200005,27.885929270000076],[83.90029820400008,27.883022957000037],[83.90959108000004,27.880887895000058],[83.91220007900006,27.880068332000064],[83.91509520400007,27.878237832000025],[83.91576757900003,27.87692745700008],[83.91259639200007,27.873949207000067],[83.91310970400008,27.87229108200006],[83.91589189200005,27.870918644000028],[83.92135101600007,27.871578457000055],[83.92268407900008,27.87124527000003],[83.92623695400005,27.868196583000042],[83.92780332900008,27.86809583200005],[83.93171420400006,27.870902582000042],[83.93427026700004,27.87228245700004],[83.93764057900006,27.87550614500003],[83.93877589100003,27.877390770000034],[83.94127845400004,27.87789052000005],[83.94310945400008,27.87716020700003],[83.94433001700008,27.87580689500004],[83.94278139200009,27.87806045700006],[83.94282014200007,27.87926308300007],[83.94061164100003,27.88126358200003],[83.94128876600007,27.88344126900006],[83.93944751700008,27.884239269000034],[83.93864957900007,27.886337395000055],[83.93937233000008,27.887675708000074],[83.94278558000008,27.889994520000073],[83.94340214100004,27.89112295700005],[83.94239289200004,27.892438020000043],[83.94270933000007,27.893735583000023],[83.94567851700003,27.894641582000077],[83.94860932900008,27.894227582000042],[83.95070939200008,27.892779707000045],[83.95105464100004,27.89175089500003],[83.95343570400007,27.88929220700004],[83.95515789100006,27.89246533200003],[83.95427551700004,27.89429726900005],[83.95698857900004,27.89510589500003],[83.95608389200004,27.89720408200003],[83.95779301600004,27.89766489400006],[83.96164026600007,27.897638957000026],[83.96272626600006,27.899035957000024],[83.96368182900005,27.901062457000023],[83.96247701700008,27.903693083000064],[83.96041707900008,27.906303207000065],[83.96047401600003,27.908634083000038],[83.95952876700005,27.91025389500004],[83.95978070400008,27.911725145000048],[83.95829957900008,27.91376452000003],[83.95645907900007,27.914122645000077],[83.95602970500005,27.91588026900007],[83.95649482900006,27.918407583000032],[83.95443982900008,27.92188845800007],[83.95034282900008,27.92173139500005],[83.94694839100003,27.92260783200004],[83.94313282900004,27.92106977000003],[83.94057239100005,27.921104770000056],[83.93831576600007,27.91907302000004],[83.93611876700004,27.91883958300008],[83.93329701700003,27.921114895000073],[83.93067020400008,27.92222152000005],[83.92921582900004,27.92363558200003],[83.92588932900009,27.922846332000063],[83.92416032900007,27.923131957000066],[83.92197964200005,27.924947144000043],[83.91987039100007,27.923718457000064],[83.91587676700004,27.924151583000025],[83.91403714100005,27.923746520000066],[83.91254314200006,27.922021707000056],[83.90846401600004,27.91467902000005],[83.90757076700004,27.911311832000024],[83.90436564200007,27.911438332000046],[83.90481026600008,27.914518582000028],[83.90382270400005,27.917117270000062],[83.90381501700006,27.928708332000042],[83.90199207900008,27.930198520000033],[83.90444776700008,27.93179102000005],[83.90339551700004,27.932995144000074],[83.90265745500005,27.936844020000024],[83.90473157900004,27.937689394000074],[83.90519926700006,27.938935208000032],[83.89922357900008,27.939996019000034],[83.89442839200007,27.939931457000057],[83.89230770400007,27.94061577000008],[83.89008595400009,27.940399644000024],[83.88890632900006,27.941373458000044],[83.88694082900008,27.941198144000055],[83.88556632900008,27.942629832000023],[83.88214526700006,27.942967645000067],[83.87890995400005,27.94476089400007],[83.87662401600005,27.944524270000045],[83.87693345400004,27.94697720700003],[83.87771926600004,27.94805189500005],[83.87991701700008,27.948881957000026],[83.88103964100003,27.95108739500006],[83.87947189100004,27.952712895000047],[83.88100845400004,27.953749895000044],[83.87845382900008,27.956098832000066],[83.87977776700006,27.95730939500004],[83.87885414100003,27.958330707000073],[83.87508414100006,27.958925270000066],[83.86991539200005,27.961377707000054],[83.86644776700007,27.96184370700007],[83.86383426600008,27.963167894000037],[83.86262126700007,27.967065707000074],[83.86323176700006,27.969886770000073]]]}},{"type":"Feature","properties":{"STATE_CODE":4,"DISTRICT":"SYANGJA","GaPa_NaPa":"Galyang","Type_GN":"Nagarpalika","Province":"Gandaki","provinceId":"4","provinceCode":"4","provinceName":"Gandaki","districtId":"409","districtName":"Syangja","municipalityId":"40910","municipalityCode":"40910","municipalityName":"Galyang Urban Municipality","municipalityNameNe":"गल्याङ नगरपालिका","municipalityType":"municipality"},"geometry":{"type":"Polygon","coordinates":[[[83.66582945400006,28.013712457000054],[83.66542951700006,28.014271020000024],[83.65779464200006,28.01161689500003],[83.65431470300007,28.012472270000046],[83.65037632900004,28.01260902000007],[83.64815632900007,28.013185457000077],[83.64460451600007,28.015189020000037],[83.64253570400007,28.015898895000078],[83.64025214100008,28.018095145000075],[83.63447595400004,28.016482395000025],[83.63143151700007,28.014333020000038],[83.62938789100008,28.011832020000043],[83.62904632900006,28.010231333000036],[83.62939314200008,28.005572958000073],[83.62787607900003,28.00572002000007],[83.62670076600006,28.007503833000044],[83.62493664100003,28.00843089500006],[83.62326776700007,28.008099207000043],[83.62044789100008,28.008912708000025],[83.61698732900004,28.011701020000032],[83.61569082900007,28.011298019000037],[83.61324720400006,28.012538895000034],[83.61190707900005,28.012153832000024],[83.60991714200009,28.01007908200006],[83.60882657900004,28.010021832000064],[83.60694764100003,28.011862208000025],[83.60729995400004,28.007287332000033],[83.60703145400004,28.00579289500007],[83.60513976700008,28.002078082000025],[83.60612832800007,27.99999827000005],[83.60534764200008,27.997094395000033],[83.60326220400003,27.994904269000074],[83.59862682900007,27.991179145000046],[83.59543014100007,27.98925639500004],[83.59253507900007,27.98852133200006],[83.58698307900005,27.98770152000003],[83.58601582900008,27.986888582000063],[83.58645226700008,27.983011270000077],[83.58743920400008,27.97965227000003],[83.58724289100007,27.978726582000036],[83.59060726600006,27.978524520000065],[83.59297632900007,27.979161082000076],[83.59627526600008,27.97553808200007],[83.59887501600008,27.975214020000067],[83.60167132900006,27.970747833000075],[83.60426026600004,27.96827102000003],[83.60727264100007,27.96819620800005],[83.60999332900008,27.96656583300006],[83.61031332900006,27.96265420700007],[83.60844689100009,27.960406082000077],[83.60916839200007,27.958343582000055],[83.61276957900003,27.95943008200004],[83.61375414100007,27.95858670800004],[83.61305126600007,27.955626645000052],[83.61373732900006,27.952241769000068],[83.61511870400005,27.95189364500004],[83.61698714100004,27.949883957000054],[83.61793001700005,27.94532645700008],[83.61918064200006,27.943849770000043],[83.62194551600004,27.941989145000036],[83.62215001700008,27.93881502000005],[83.62108976600007,27.935842707000063],[83.62176839100005,27.93494652000004],[83.62035626600004,27.931528770000057],[83.61891164100007,27.93043270800007],[83.62121176700003,27.928992771000026],[83.62179001800007,27.926726708000047],[83.62375983000004,27.925919771000054],[83.62671489100006,27.926117395000063],[83.62877545400005,27.924593208000033],[83.62371126700003,27.91912577000005],[83.62300201700003,27.917801583000028],[83.62442176700006,27.916230520000056],[83.62902345500004,27.91445820900003],[83.63453301700008,27.914590270000076],[83.63535051700006,27.912261582000042],[83.63350533000005,27.910027395000043],[83.63458801600007,27.905226457000026],[83.63453245400007,27.901814708000074],[83.63561332900008,27.89968526900003],[83.63811214200007,27.90029202100004],[83.64254876700005,27.902104207000036],[83.64375033000005,27.90206220700003],[83.64480795500003,27.899989083000037],[83.64680170500003,27.898351582000032],[83.64834557900008,27.900329833000058],[83.65121501600004,27.90219858300003],[83.65700926700003,27.902296645000035],[83.65972657900005,27.907495333000043],[83.66568414300008,27.916016395000042],[83.66789939300008,27.91960039500003],[83.67206176700006,27.924114082000074],[83.67549045400006,27.92655452100007],[83.67769620400009,27.927311084000053],[83.68124595400008,27.92634689600004],[83.68380145500004,27.924249832000044],[83.68420082900008,27.92275027100004],[83.68174620400004,27.92078383300003],[83.68164832900004,27.919693770000038],[83.68308270500006,27.91720152000005],[83.68552376700006,27.916157958000042],[83.68809032900003,27.91795520900007],[83.68910858000004,27.919656646000078],[83.68975870500003,27.922708707000027],[83.69224495400005,27.923549145000038],[83.69485389200008,27.921569332000047],[83.69778345500004,27.91808745800006],[83.70019739200006,27.916817895000065],[83.70279995300007,27.918204395000032],[83.70569864200007,27.918120396000063],[83.70845764300003,27.916885270000023],[83.71111307900009,27.916279332000045],[83.71316876600008,27.91642358200005],[83.71581814200005,27.917573083000036],[83.71935707900008,27.919906582000067],[83.72115601700006,27.920025332000023],[83.72250132900007,27.918701270000042],[83.72497251700008,27.913891145000036],[83.72939326800008,27.910786083000062],[83.73528751600008,27.908633645000066],[83.73647432900003,27.90761164500003],[83.73703308000006,27.90446945800005],[83.74479720500005,27.900005145000023],[83.74833770400005,27.89966645800007],[83.74955707900006,27.901218769000025],[83.74801226600005,27.903233207000028],[83.74492326700005,27.904060083000047],[83.74498845400007,27.906068395000034],[83.74678914200007,27.907766270000025],[83.75275970500007,27.90689489600004],[83.75714008000006,27.903459395000027],[83.75915864100006,27.90292370800006],[83.76026101600007,27.904478019000067],[83.75834401600008,27.907306394000045],[83.75852145400006,27.909188520000043],[83.75729101600007,27.910948645000076],[83.75714014700003,27.912523321000037],[83.75827789100003,27.91962389500003],[83.76014901700006,27.92286958300008],[83.75829720400003,27.92637508300004],[83.75615564100008,27.92888933200004],[83.75391745400003,27.92941108200006],[83.75402082900007,27.932583770000065],[83.75234876700006,27.934379083000067],[83.75259776600006,27.93591614500008],[83.75436607900008,27.93861789500005],[83.75847557900005,27.935278957000037],[83.75969420400008,27.933241332000023],[83.75992176600005,27.930303958000025],[83.76173301600005,27.92879983200004],[83.76352332900007,27.92826814500006],[83.76636307900003,27.929875020000054],[83.76818101700007,27.927887958000042],[83.76997014000005,27.927464520000058],[83.77363696600008,27.93162908900007],[83.77561152900006,27.931390900000054],[83.77812089100007,27.931936507000046],[83.77921432900007,27.933025830000076],[83.77874720400007,27.934383395000054],[83.77956533000008,27.936086019000072],[83.78005845400008,27.93992720700004],[83.78135345400005,27.94224426900007],[83.78154076600003,27.94386014500003],[83.77979739100005,27.947133645000065],[83.77924889200006,27.94960795700007],[83.77814995400007,27.95066895700006],[83.77306595400006,27.95291252000004],[83.76979801700008,27.95368558200005],[83.76837757900006,27.955583020000063],[83.76610032900004,27.954845895000062],[83.75987739200008,27.955809894000026],[83.75538195400009,27.955152145000056],[83.75336882900007,27.95577808200005],[83.75195489200007,27.954985832000034],[83.75012070400004,27.955476645000033],[83.74423739100007,27.958056145000057],[83.74207382900005,27.957668520000027],[83.73991145400004,27.953589457000078],[83.73718601600007,27.95282164500003],[83.73652314100008,27.95490527000004],[83.73455764100004,27.956286895000062],[83.72755720400005,27.958455082000057],[83.72626101600008,27.96016058300006],[83.72788664100005,27.964148520000037],[83.73196920400005,27.96680327000007],[83.73376476600004,27.968469707000054],[83.73717020400005,27.96970827000007],[83.73765532900006,27.97140595700006],[83.73655501700006,27.973820395000075],[83.73363489200005,27.973492145000023],[83.73329101700006,27.971354708000035],[83.73196657800008,27.970806082000024],[83.73021845400007,27.971772895000072],[83.72676995400008,27.972614457000077],[83.72539064100005,27.973952019000023],[83.72482651600006,27.97629070800008],[83.72216014100007,27.97782195800005],[83.72222339200005,27.975349082000037],[83.72445101700004,27.96938552000006],[83.72416570400009,27.96752570800004],[83.72525926600008,27.965871708000066],[83.72527570400007,27.95999164500006],[83.72180464100006,27.960496895000063],[83.71502182900008,27.960162645000025],[83.71229495400007,27.957289082000045],[83.70944451600008,27.952838082000028],[83.70782057900004,27.954098207000072],[83.70425357900007,27.953323457000067],[83.70371245400008,27.957458208000048],[83.70300970400007,27.95855327000004],[83.70010295400004,27.959648082000058],[83.69682776700006,27.960137270000075],[83.69546720400007,27.96149945700006],[83.69017357900003,27.963746145000073],[83.69060314100005,27.966515707000042],[83.69276895400003,27.96756295800003],[83.69354876600005,27.970969582000066],[83.69005339100005,27.97224108300003],[83.68643701600007,27.972677394000073],[83.68502057900008,27.976331707000043],[83.68600926600004,27.977216207000026],[83.69048532900007,27.976960082000062],[83.69193945400008,27.977647020000063],[83.69454876700007,27.980365019000033],[83.69448745400007,27.98171414500007],[83.69213232900006,27.98098008200003],[83.68857176700004,27.982032582000045],[83.68320020400006,27.981959395000047],[83.67760689200009,27.982950457000072],[83.67758570400008,27.984719332000054],[83.68022326700003,27.986016145000065],[83.68211620400007,27.988762020000024],[83.68294845400004,27.995465332000038],[83.68407526600004,27.997638520000066],[83.68367189100007,27.999323082000046],[83.68225276600003,27.999615395000035],[83.68122270400005,28.003548083000055],[83.67611626600007,28.002556895000055],[83.67406076600008,28.00247758200004],[83.67071401600003,28.000217770000063],[83.67008539200003,27.998891770000057],[83.66731376600006,27.997328207000066],[83.66620145400003,28.000464082000065],[83.66660526600003,28.003707457000075],[83.66792926700003,28.00686733200007],[83.66638157900007,28.00986445700005],[83.66582945400006,28.013712457000054]]]}},{"type":"Feature","properties":{"STATE_CODE":4,"DISTRICT":"SYANGJA","GaPa_NaPa":"Harinas","Type_GN":"Gaunpalika","Province":"Gandaki","provinceId":"4","provinceCode":"4","provinceName":"Gandaki","districtId":"409","districtName":"Syangja","municipalityId":"40907","municipalityCode":"40907","municipalityName":"Harinas Rural Municipality","municipalityNameNe":"हरिनास गाउँपालिका","municipalityType":"rural_municipality"},"geometry":{"type":"Polygon","coordinates":[[[84.03403532900006,28.019295019000026],[84.03156620500005,28.02090670800004],[84.03148232900008,28.02312239500003],[84.03022232900008,28.02413583300006],[84.02220639100005,28.02716083300004],[84.02165720400006,28.029065333000062],[84.01854526700004,28.030703895000045],[84.01656876700008,28.028842645000054],[84.01468951700008,28.02864427000003],[84.00741301600004,28.030086707000066],[84.00550839200008,28.03128483200004],[84.00499326700003,28.033534582000073],[84.00352082900008,28.034486707000042],[84.00000001600006,28.033730895000076],[83.99844232900006,28.035716457000035],[83.99870995400005,28.038672332000033],[83.99822482900004,28.039874957000052],[83.99834720400008,28.04365658200004],[83.99905964200008,28.045143520000067],[83.99772433000004,28.046770270000025],[83.99408839200004,28.045134395000048],[83.99071345400006,28.044452770000078],[83.98809608000005,28.041803583000046],[83.98770808000006,28.040296332000025],[83.98452645400005,28.03902345800003],[83.98258120400004,28.03734670800003],[83.98004333000006,28.03782927000003],[83.97671476600004,28.037605333000045],[83.97447545400007,28.03797270800004],[83.96948214200006,28.037351208000075],[83.96769270400006,28.038557957000023],[83.96568745400003,28.03859802000005],[83.96334489200007,28.040664270000036],[83.96362957900004,28.04267027000003],[83.96287139200007,28.044504458000063],[83.95652908000005,28.05078652000003],[83.95526989200005,28.051056895000045],[83.95007951700006,28.05089714500008],[83.94842357900006,28.053773395000064],[83.94801314100005,28.05250970800006],[83.94380864200008,28.047234958000047],[83.94049183000004,28.04538558200005],[83.93844270400007,28.045696083000053],[83.93418982900005,28.044884082000067],[83.93350414200006,28.044213582000054],[83.93321682900006,28.041056833000027],[83.93383326600008,28.039414520000037],[83.93742151600009,28.039711769000064],[83.93917089200005,28.03861820700007],[83.93923114200004,28.036612270000035],[83.93578445400004,28.032019083000023],[83.93855851700005,28.030944083000065],[83.93686332900006,28.026575020000053],[83.93679651600007,28.025065519000066],[83.93529932900003,28.023636520000025],[83.93143339100004,28.02097214500003],[83.92972095400006,28.016490144000045],[83.93048839200003,28.01564664500006],[83.93612101700006,28.015444082000045],[83.93774157900003,28.014465520000044],[83.94112920400005,28.010410083000068],[83.94033295500003,28.004892958000028],[83.93894264200009,28.00203133200006],[83.93567276700009,27.999062645000038],[83.93520439200006,27.996422520000067],[83.94014364100008,27.99495358200005],[83.94112876700007,27.992582582000068],[83.93693839100007,27.993248582000035],[83.93460920400008,27.99169514500005],[83.93516639200004,27.989745895000055],[83.93313733000008,27.98760139500007],[83.93170564200005,27.98700727000005],[83.93260489100004,27.984846082000047],[83.93414514200003,27.983488520000037],[83.93457482900004,27.981232333000037],[83.93355020400008,27.980602332000046],[83.93004701600006,27.980562207000048],[83.92462358000006,27.97907239500006],[83.92247232900007,27.97498264500007],[83.91908108000007,27.97165483200007],[83.91651745400003,27.971808957000064],[83.91480007900003,27.974481707000052],[83.90959039200004,27.97825558200003],[83.90689395400005,27.977084895000075],[83.90385676600005,27.974767832000055],[83.90336589100008,27.973734082000078],[83.90373614200007,27.97004739500005],[83.89922232900005,27.96732527000006],[83.90430282900007,27.963989457000025],[83.90890839200006,27.962945645000048],[83.91094120400004,27.963675770000066],[83.91593201700005,27.962652269000046],[83.91691808000007,27.961447958000065],[83.92539733000007,27.956757269000036],[83.92086370400006,27.95288276900004],[83.92114589200008,27.95098758200004],[83.92309501600005,27.948175019000075],[83.92501970500007,27.946474770000066],[83.92364332900007,27.942182333000062],[83.92055095400008,27.941411145000075],[83.91833908000007,27.938517207000075],[83.91849370400007,27.93648877000004],[83.91595464200003,27.935508020000043],[83.91514907900006,27.932423020000044],[83.91462489200006,27.92821002000005],[83.91398645400005,27.92677233200004],[83.91403714100005,27.923746520000066],[83.91587676700004,27.924151583000025],[83.91987039100007,27.923718457000064],[83.92197964200005,27.924947144000043],[83.92416032900007,27.923131957000066],[83.92588932900009,27.922846332000063],[83.92921582900004,27.92363558200003],[83.93067020400008,27.92222152000005],[83.93329701700003,27.921114895000073],[83.93611876700004,27.91883958300008],[83.93831576600007,27.91907302000004],[83.94057239100005,27.921104770000056],[83.94313282900004,27.92106977000003],[83.94694839100003,27.92260783200004],[83.95034282900008,27.92173139500005],[83.95443982900008,27.92188845800007],[83.95649482900006,27.918407583000032],[83.95602970500005,27.91588026900007],[83.95645907900007,27.914122645000077],[83.95829957900008,27.91376452000003],[83.95978070400008,27.911725145000048],[83.95952876700005,27.91025389500004],[83.96047401600003,27.908634083000038],[83.96041707900008,27.906303207000065],[83.96247701700008,27.903693083000064],[83.96368182900005,27.901062457000023],[83.96272626600006,27.899035957000024],[83.96654945400007,27.899828957000068],[83.97053901700008,27.902226144000053],[83.97261470500007,27.901296958000046],[83.97637320400008,27.90258152000007],[83.97690514200008,27.903421019000064],[83.97704607900005,27.906625145000078],[83.97770457900003,27.908152769000026],[83.98003045500008,27.90964239500005],[83.98032714200008,27.91053820700006],[83.98024670400008,27.91654470700007],[83.97844801700006,27.918778270000075],[83.97833870500006,27.920766144000027],[83.97547145400006,27.922577519000072],[83.97548651700004,27.927719832000037],[83.97642445400004,27.929996707000043],[83.97500964200003,27.932726708000075],[83.97421470400008,27.935538020000024],[83.97186076700007,27.936566458000073],[83.97236232900008,27.94494227000007],[83.97233564100009,27.94869008200004],[83.97032145500003,27.951327395000078],[83.97040414200006,27.953297208000038],[83.96916132900003,27.954978019000066],[83.96909282900003,27.95794283300006],[83.97020395400006,27.959493207000037],[83.97200114200007,27.958577520000063],[83.97373282900008,27.96066270700004],[83.97332595400007,27.961831457000073],[83.97501539200005,27.962806520000072],[83.97711083000007,27.965449082000077],[83.97862958000007,27.966006707000076],[83.97967689200004,27.96809170800003],[83.97967607900006,27.970616583000037],[83.98128026700005,27.971614145000046],[83.98294807900004,27.97660545800005],[83.98243539200007,27.97973495800005],[83.98100207900006,27.981930270000078],[83.98098132900003,27.984450645000038],[83.98029689100008,27.98626239400005],[83.98091907900005,27.989696645000038],[83.98325326600008,27.99169614500005],[83.98199076700007,27.99389139500005],[83.98128545400004,27.996944145000043],[83.98233482900008,27.998011645000076],[83.99068507900006,27.997881520000078],[83.99336220500004,27.999535582000078],[83.99455476700007,28.001322708000032],[83.99367651600005,28.005253270000026],[83.99414776700007,28.005995582000025],[84.00000001600006,28.00635214500005],[84.00232601600004,28.005506082000068],[84.00455464200007,28.006246082000075],[84.00677464200004,28.008518082000023],[84.00753457900004,28.01327452000004],[84.00950764200007,28.01399195700003],[84.01709014200009,28.013127019000024],[84.01854364200005,28.01202120800008],[84.01991614200006,28.01286264500004],[84.02310651600004,28.013618020000024],[84.02680720400008,28.01344139500003],[84.02934851700007,28.017053270000076],[84.03207007900005,28.01796877000004],[84.03403532900006,28.019295019000026]]]}},{"type":"Feature","properties":{"STATE_CODE":4,"DISTRICT":"SYANGJA","GaPa_NaPa":"Kaligandagi","Type_GN":"Gaunpalika","Province":"Gandaki","provinceId":"4","provinceCode":"4","provinceName":"Gandaki","districtId":"409","districtName":"Syangja","municipalityId":"40911","municipalityCode":"40911","municipalityName":"Kaligandaki Rural Municipality","municipalityNameNe":"कालीगण्डकी गाउँपालिका","municipalityType":"rural_municipality"},"geometry":{"type":"Polygon","coordinates":[[[83.55199457800006,27.976619457000027],[83.54992414200007,27.974153270000045],[83.54826476700003,27.971183019000023],[83.54698514200004,27.97072527000006],[83.54317032900008,27.97123389400008],[83.54180476600004,27.969850707000035],[83.53851989200007,27.968501770000046],[83.53642570400007,27.968359332000034],[83.53305070400006,27.964584332000072],[83.53133070400008,27.96468683300003],[83.52854851600006,27.966229645000055],[83.52475864100006,27.96376852000003],[83.52368520400006,27.963769332000027],[83.52111314200005,27.965337582000075],[83.51599595400006,27.96699383200007],[83.51388407800005,27.967121770000062],[83.51130195400003,27.968340082000054],[83.51058001600006,27.969919145000063],[83.50623032900006,27.973387457000058],[83.50368239100004,27.975966269000025],[83.50216014100005,27.97682045700003],[83.49512839100004,27.977974895000045],[83.49184101600008,27.979330083000036],[83.49000126600004,27.980925270000057],[83.48737076600008,27.981887957000026],[83.48489951600004,27.981495145000054],[83.48297101600008,27.980280770000036],[83.48029164100006,27.975128520000055],[83.47748020400007,27.974366520000046],[83.47590057900004,27.972465208000074],[83.46815114200007,27.963365082000053],[83.46610770400008,27.96006520700007],[83.46440107900008,27.954568895000023],[83.46213464100003,27.952531644000032],[83.45793851600007,27.949642895000068],[83.45190695400004,27.947913208000045],[83.44912276600007,27.94621664500005],[83.44611820400007,27.945207269000036],[83.44492676700008,27.942921332000026],[83.44739689100004,27.939966457000025],[83.44725414100003,27.93862564500006],[83.44271232800008,27.935265707000042],[83.44229820500004,27.932545145000063],[83.44479739200005,27.93194608300007],[83.45011051700004,27.928474583000025],[83.45234289200005,27.929367957000068],[83.45497614200008,27.932661333000055],[83.46250926600004,27.934223020000047],[83.46717595400008,27.93107777000006],[83.46953608000007,27.92848758200006],[83.47266314200004,27.927048770000056],[83.47560195400007,27.926374082000052],[83.47982814100004,27.92456020800006],[83.48315476800008,27.92369276900007],[83.48588814200008,27.922525146000055],[83.48822970400005,27.923542458000043],[83.49159220500007,27.928489520000028],[83.49466945500006,27.92896339600003],[83.49769183000006,27.927293520000035],[83.50000020400006,27.926789708000058],[83.50330545300005,27.926914458000056],[83.50794351700006,27.928372958000068],[83.51075170500008,27.930914520000044],[83.51144995400006,27.933340332000057],[83.50900426700008,27.933259458000066],[83.50569670400006,27.935289583000042],[83.50538233000003,27.937871957000027],[83.50808620400005,27.94013577000004],[83.51107639100007,27.940557021000075],[83.51622582900006,27.93873183200003],[83.51814314100005,27.93744339500006],[83.52132482900004,27.933323146000077],[83.52416933000006,27.930869020000046],[83.52506664100008,27.929089644000044],[83.52391689300003,27.925721457000066],[83.52610214300006,27.923946457000056],[83.52739032900007,27.92476995800007],[83.52970364100008,27.928090207000025],[83.53060883000006,27.929902895000055],[83.53264614200003,27.931949520000046],[83.53290320400004,27.93493783300005],[83.53202476700005,27.937809394000055],[83.53302932900004,27.93899295700004],[83.53753733000008,27.938010770000062],[83.53924601600005,27.935462333000032],[83.53835376600006,27.931084270000042],[83.53868732900008,27.92956239500006],[83.54051145400007,27.92760770800004],[83.54274320500008,27.927630958000066],[83.54724120500003,27.92907633200008],[83.55031432900006,27.927928896000026],[83.55481295500005,27.929378520000057],[83.56188889200007,27.934687833000055],[83.56662426700007,27.93408908300006],[83.56919270500003,27.936452770000074],[83.56964926600006,27.940188458000023],[83.57111051600003,27.942108645000076],[83.57304820400003,27.94285252000003],[83.57526914300007,27.94140402000005],[83.57843226800009,27.937047708000023],[83.57831482900008,27.934899332000043],[83.57562408000007,27.931851708000067],[83.57664989200003,27.930054333000044],[83.57831407900005,27.930524270000035],[83.58109408000007,27.93002277100004],[83.58724614100004,27.93042495800006],[83.59004239200004,27.931013207000035],[83.59498801600006,27.93100527100006],[83.59721020400008,27.92952708300004],[83.59900982900007,27.927548958000045],[83.60167101700006,27.923484020000046],[83.60521832900008,27.923410707000073],[83.61281620500006,27.924989208000056],[83.61558564200004,27.927307459000076],[83.61672432900008,27.92950152000003],[83.61891164100007,27.93043270800007],[83.62035626600004,27.931528770000057],[83.62176839100005,27.93494652000004],[83.62108976600007,27.935842707000063],[83.62215001700008,27.93881502000005],[83.62194551600004,27.941989145000036],[83.61918064200006,27.943849770000043],[83.61793001700005,27.94532645700008],[83.61698714100004,27.949883957000054],[83.61511870400005,27.95189364500004],[83.61373732900006,27.952241769000068],[83.61305126600007,27.955626645000052],[83.61375414100007,27.95858670800004],[83.61276957900003,27.95943008200004],[83.60916839200007,27.958343582000055],[83.60844689100009,27.960406082000077],[83.61031332900006,27.96265420700007],[83.60999332900008,27.96656583300006],[83.60727264100007,27.96819620800005],[83.60426026600004,27.96827102000003],[83.60167132900006,27.970747833000075],[83.59887501600008,27.975214020000067],[83.59627526600008,27.97553808200007],[83.59297632900007,27.979161082000076],[83.59060726600006,27.978524520000065],[83.58724289100007,27.978726582000036],[83.58212745400004,27.97953020700004],[83.58067707900005,27.97804789500003],[83.58110420400004,27.97605233200005],[83.57884189200007,27.97414333300003],[83.57485720400007,27.975708207000025],[83.57053170300009,27.975773770000046],[83.56247807900007,27.97369514500008],[83.55817176600004,27.97404014500006],[83.55635270400006,27.97628158300006],[83.55199457800006,27.976619457000027]]]}},{"type":"Feature","properties":{"STATE_CODE":4,"DISTRICT":"SYANGJA","GaPa_NaPa":"Phedikhola","Type_GN":"Gaunpalika","Province":"Gandaki","provinceId":"4","provinceCode":"4","provinceName":"Gandaki","districtId":"409","districtName":"Syangja","municipalityId":"40902","municipalityCode":"40902","municipalityName":"Phedikhola Rural Municipality","municipalityNameNe":"फेदीखोला गाउँपालिका","municipalityType":"rural_municipality"},"geometry":{"type":"Polygon","coordinates":[[[83.92543276700007,28.151414583000076],[83.92552114100005,28.15292864500003],[83.92456770400008,28.15517539500007],[83.92924807900005,28.160441895000076],[83.92733057900006,28.164220207000028],[83.92720401700007,28.16559645700005],[83.92563301600006,28.168314458000054],[83.92332857900004,28.168861520000064],[83.91863733000008,28.17157089500006],[83.91821076600007,28.172890582000036],[83.91503726600007,28.173087208000027],[83.91251476600007,28.17467620700006],[83.90970857900004,28.175624395000057],[83.90681564200008,28.177752395000027],[83.90481245400008,28.183924270000034],[83.90169095400006,28.18608583300005],[83.90084376700008,28.188962020000076],[83.89858389100004,28.190954958000077],[83.89521495400004,28.192184333000057],[83.89294257900008,28.19442308300006],[83.88730026700006,28.193349083000044],[83.88616632900005,28.192389208000066],[83.88213514200004,28.192618208000056],[83.88039757900003,28.192104520000044],[83.87808032900006,28.192944083000043],[83.87748707900005,28.194753083000023],[83.87599495400008,28.196689895000077],[83.87313220400006,28.197499582000034],[83.87027920400004,28.196328145000052],[83.86802007900008,28.197167583000066],[83.86487132900004,28.197275020000063],[83.86262632900008,28.195458770000073],[83.86014776700006,28.195113332000062],[83.85810939200007,28.19385214500005],[83.85624751700004,28.19538452000006],[83.85372814200008,28.196451333000027],[83.85073939100005,28.198986520000062],[83.84887733000005,28.19895283200003],[83.84909770400003,28.20162902000004],[83.84735989100005,28.20346820800006],[83.84480445400004,28.204020395000043],[83.84329001600008,28.208305645000053],[83.83988489200004,28.211848583000062],[83.83745520400004,28.21266927000005],[83.83520907900004,28.212495082000032],[83.83210370400008,28.21411358200004],[83.82992207900008,28.213619020000067],[83.82624864100006,28.21416270800006],[83.82256776600008,28.21205958300004],[83.82045395400007,28.211445395000055],[83.81882414200004,28.209861645000046],[83.81684139200007,28.20748533300008],[83.81653295400008,28.203513833000045],[83.81579382900009,28.201204645000075],[83.81366083000006,28.198959020000075],[83.81300507900005,28.19377764500007],[83.81327939200008,28.187988395000048],[83.81128851600005,28.18633852000005],[83.81169701700009,28.183234458000072],[83.81127082900008,28.18156195800003],[83.81307082900008,28.178509458000065],[83.81171432900004,28.17297058200006],[83.81465070400003,28.172866270000043],[83.81781570500004,28.171749145000035],[83.81965507900009,28.171977207000054],[83.82055420400008,28.17505595700004],[83.82310276700008,28.176636458000075],[83.82607245400004,28.17725845700005],[83.82714820400008,28.176943958000038],[83.82970732900003,28.174724708000042],[83.83030851700005,28.17156658300007],[83.83132989200004,28.170539020000035],[83.83555576600008,28.16843902000005],[83.83941276700006,28.16515389500006],[83.84024176700007,28.161341708000066],[83.84127070400007,28.15984245800007],[83.84371045400007,28.159815957000035],[83.84584451600006,28.158789458000058],[83.84737489200006,28.15527133200004],[83.85019157900007,28.15438770700007],[83.85199176600008,28.152803520000077],[83.85459832900005,28.15306577000007],[83.85696582900005,28.149347583000065],[83.85878176700004,28.148018270000023],[83.85896976700008,28.145371770000054],[83.85990064200007,28.143116458000065],[83.86187926700006,28.14083958300006],[83.86434389100003,28.140435895000053],[83.86746320400005,28.14061495800007],[83.87098432900007,28.139598458000023],[83.87343151700009,28.140417520000028],[83.87836207900006,28.138323582000055],[83.87994514200005,28.13710208300006],[83.88131645400006,28.13746420700005],[83.88856920400008,28.135566020000056],[83.89125114100005,28.137143082000023],[83.89259395400006,28.13673577000003],[83.89699339200007,28.138812707000056],[83.89888832900004,28.13836283300003],[83.90205214200006,28.139033020000056],[83.90577626700008,28.137860083000078],[83.90735107900008,28.138156708000054],[83.91229907900004,28.137070145000052],[83.91703258000007,28.135243270000046],[83.91928176700003,28.136532958000032],[83.92488689200007,28.13742970800007],[83.92724920400008,28.13630727000003],[83.92737770400004,28.13777845800007],[83.92532720400004,28.14073764500006],[83.92598057900005,28.141881957000066],[83.92447301600004,28.145906395000054],[83.92249895400005,28.14798789500003],[83.92400170500008,28.149143958000025],[83.92543276700007,28.151414583000076]]]}},{"type":"Feature","properties":{"STATE_CODE":4,"DISTRICT":"SYANGJA","GaPa_NaPa":"Putalibazar","Type_GN":"Nagarpalika","Province":"Gandaki","provinceId":"4","provinceCode":"4","provinceName":"Gandaki","districtId":"409","districtName":"Syangja","municipalityId":"40901","municipalityCode":"40901","municipalityName":"Putalibazar Urban Municipality","municipalityNameNe":"पुतलीबजार नगरपालिका","municipalityType":"municipality"},"geometry":{"type":"Polygon","coordinates":[[[84.00689657900006,28.115800645000036],[84.00583632900003,28.11735752000004],[84.00419770400003,28.117698270000062],[84.00105876700007,28.12127689500005],[84.00170364200005,28.123490332000074],[84.00106451600004,28.12676877000007],[84.00275176600007,28.128704707000054],[84.00462382900008,28.129760583000063],[84.00414414200003,28.13121370700003],[84.00247664200003,28.131513833000042],[84.00144007900008,28.132971395000027],[83.99727545400003,28.133368520000033],[83.99417195400008,28.13576239500003],[83.99259439200006,28.134717645000023],[83.99222770400007,28.137226645000055],[83.98909139200003,28.136574332000066],[83.98857764200005,28.138444770000035],[83.98610920400006,28.137896270000056],[83.98414182900007,28.140217833000065],[83.98185114200004,28.140413833000025],[83.98233757900005,28.142995145000043],[83.97845201700005,28.14294039500004],[83.97206126600008,28.141700582000055],[83.97060883000006,28.143299957000067],[83.96578445400007,28.140677020000055],[83.96349820500006,28.138930020000032],[83.96267432900004,28.140904082000077],[83.96000726700004,28.139156895000042],[83.95690964200008,28.139207957000053],[83.95450945400006,28.140804583000033],[83.95046189200008,28.14174633300007],[83.94753982900005,28.141230833000066],[83.94182164200004,28.140969020000057],[83.93919214100004,28.141477833000067],[83.93568095400008,28.143319645000076],[83.93214183000003,28.14399927000005],[83.92956339200003,28.14744564500006],[83.92649176600008,28.14863989500003],[83.92543276700007,28.151414583000076],[83.92400170500008,28.149143958000025],[83.92249895400005,28.14798789500003],[83.92447301600004,28.145906395000054],[83.92598057900005,28.141881957000066],[83.92532720400004,28.14073764500006],[83.92737770400004,28.13777845800007],[83.92724920400008,28.13630727000003],[83.92488689200007,28.13742970800007],[83.91928176700003,28.136532958000032],[83.91703258000007,28.135243270000046],[83.91229907900004,28.137070145000052],[83.90735107900008,28.138156708000054],[83.90577626700008,28.137860083000078],[83.90205214200006,28.139033020000056],[83.89888832900004,28.13836283300003],[83.89699339200007,28.138812707000056],[83.89259395400006,28.13673577000003],[83.89125114100005,28.137143082000023],[83.88856920400008,28.135566020000056],[83.88131645400006,28.13746420700005],[83.87994514200005,28.13710208300006],[83.87836207900006,28.138323582000055],[83.87343151700009,28.140417520000028],[83.87098432900007,28.139598458000023],[83.86746320400005,28.14061495800007],[83.86434389100003,28.140435895000053],[83.86187926700006,28.14083958300006],[83.85990064200007,28.143116458000065],[83.85896976700008,28.145371770000054],[83.85570401700005,28.142044833000057],[83.85525201700005,28.14076052000007],[83.85340901600006,28.139592020000066],[83.85136126600008,28.139255895000076],[83.84867089100004,28.14045564500003],[83.84581026600006,28.140039520000073],[83.84283401700003,28.140194020000024],[83.84179657900006,28.138080958000046],[83.84371539100005,28.137128707000045],[83.84502214200006,28.135580145000063],[83.84704589200004,28.134618957000043],[83.85008258000005,28.131650707000063],[83.85298020400006,28.130873207000036],[83.85555726600006,28.127137207000033],[83.85956214100008,28.124036645000047],[83.85859601700008,28.12202527000005],[83.85684920400007,28.122892145000037],[83.85449364200008,28.122456458000045],[83.85284289200007,28.120288645000073],[83.84835289200004,28.12086814500003],[83.84458282900005,28.12030658200007],[83.84190064200004,28.120326083000066],[83.83878570400003,28.11888970800004],[83.83354176600005,28.119219645000044],[83.82977882900008,28.118456958000024],[83.82690295400005,28.118642832000035],[83.82440839200007,28.120686145000036],[83.81873195400004,28.123296082000024],[83.81516857900004,28.12357108200007],[83.81554264100004,28.12288570800007],[83.81468045400004,28.118626833000064],[83.81494657900004,28.116483707000043],[83.81337051700007,28.11267739500005],[83.81418507900008,28.10812752000004],[83.81624976600006,28.10615602000007],[83.81942957900003,28.10566833300004],[83.82050076600007,28.104203145000042],[83.82032614200006,28.101366707000068],[83.81758970400006,28.099273770000025],[83.81234714200008,28.101175520000027],[83.81091945400004,28.102003895000053],[83.80806282900005,28.101954770000077],[83.80657195400005,28.10092158300006],[83.80507770400004,28.09839464500004],[83.80564820400008,28.09565852000003],[83.80397339200005,28.095601957000042],[83.80113751700009,28.09388533300006],[83.80034126700008,28.092266395000024],[83.79802476700007,28.09199227000005],[83.79584714200007,28.09093308300004],[83.79343245400008,28.08816545800005],[83.79691482900006,28.08131814500007],[83.79851664200004,28.078955895000036],[83.79858170400007,28.07442977000005],[83.79908683800005,28.07364757600004],[83.80246595400007,28.073129020000067],[83.80650670800009,28.06989015100004],[83.80620752000004,28.068276457000024],[83.80875382900007,28.06742027000007],[83.80963988600007,28.065530779000028],[83.80865642000003,28.063717577000034],[83.81232876600006,28.05889408300004],[83.81274259000008,28.056755640000063],[83.81395625200008,28.054151210000043],[83.81451564800005,28.050715584000045],[83.81696076700007,28.04906495700004],[83.81907076700008,28.050067296000066],[83.82256144900003,28.04881282200006],[83.82521657400008,28.049116321000042],[83.82474746000008,28.047254218000035],[83.82234831900007,28.04540545900005],[83.82293850700006,28.03619130100003],[83.82468726700006,28.034198958000047],[83.82978326000006,28.036786592000055],[83.83320563900008,28.035962719000054],[83.83505476300007,28.03491351400004],[83.84049488400007,28.033730826000067],[83.84303902700003,28.033605140000077],[83.84406368600008,28.03176060900006],[83.84616445400007,28.031133457000067],[83.84754155400003,28.03220224900008],[83.84946875300005,28.031802739000057],[83.85147948000008,28.033526523000035],[83.85343764900006,28.03419876600003],[83.85667932600006,28.036663860000033],[83.85527376700009,28.040112332000035],[83.85265001600004,28.04161227000003],[83.85200970400007,28.04328808200006],[83.84959864200005,28.044695645000047],[83.85044120400005,28.047379395000064],[83.84937139100003,28.049203582000075],[83.85045126600005,28.04999902000003],[83.85276907900004,28.04918245700003],[83.85464820400006,28.049299520000034],[83.85762989100004,28.05181620700006],[83.85295182900006,28.05507170800007],[83.85001707900005,28.05563264500006],[83.85056982900005,28.05758714500007],[83.85359957900005,28.059686645000056],[83.85599957900007,28.059158895000053],[83.85729432900007,28.059859707000044],[83.86414420400007,28.058979957000076],[83.86578795400004,28.060852083000043],[83.86785864100005,28.061027832000036],[83.87146414100005,28.05980377000003],[83.87371757900007,28.060785082000052],[83.87429601700006,28.06239670700006],[83.87659001700007,28.062188957000046],[83.87953426700005,28.062834520000024],[83.88333189200006,28.06445795700006],[83.88642670400003,28.062628395000047],[83.89090751600008,28.064574708000066],[83.89195232900005,28.06610758200003],[83.89462914100005,28.067339395000033],[83.89638514200004,28.063195895000035],[83.89975464100007,28.063182520000055],[83.90074682900007,28.066488770000035],[83.90214345400005,28.068892832000074],[83.90468845400005,28.06834633300008],[83.90828320400004,28.068405145000042],[83.91370045500008,28.069854957000075],[83.91518151700006,28.071588770000062],[83.92141232900008,28.07499958300008],[83.92341345500006,28.071875645000034],[83.92572089200007,28.071355707000066],[83.92757739200005,28.07024208300004],[83.92997364200005,28.070927020000056],[83.93285576700004,28.06961977000003],[83.93439557900007,28.069922833000078],[83.93614620500006,28.069174582000073],[83.94172295400006,28.068245207000075],[83.94669926700004,28.067698895000035],[83.95186526600008,28.06668995800004],[83.95383489200003,28.06798802000003],[83.95881920400006,28.069830832000036],[83.96266970500005,28.07061939500005],[83.97089276700007,28.074565458000052],[83.97040857900004,28.076578020000056],[83.96775864200004,28.07676239400007],[83.96353401700009,28.07901995800006],[83.96082232900005,28.07997139500003],[83.96085489100005,28.082997145000036],[83.96395682900004,28.08719020700005],[83.96667764200004,28.088152145000038],[83.97198089100004,28.088358645000028],[83.97607895400006,28.09076920800004],[83.97821620400003,28.094239833000074],[83.98206382900008,28.09766320700004],[83.98423220400008,28.099163958000076],[83.98813639100007,28.097711270000048],[83.98987264100003,28.09841089500003],[83.99181639200003,28.098133457000074],[83.99436820400007,28.09930689500004],[83.99710314200007,28.102526770000054],[83.99610945400008,28.10434758300005],[83.99614951600006,28.10740720700005],[83.99513145400005,28.10876995700005],[83.99901289200005,28.11056833200007],[84.00000001600006,28.113068395000028],[84.00569308000007,28.11472889500004],[84.00689657900006,28.115800645000036]]]}},{"type":"Feature","properties":{"STATE_CODE":4,"DISTRICT":"SYANGJA","GaPa_NaPa":"Waling","Type_GN":"Nagarpalika","Province":"Gandaki","provinceId":"4","provinceCode":"4","provinceName":"Gandaki","districtId":"409","districtName":"Syangja","municipalityId":"40909","municipalityCode":"40909","municipalityName":"Walling Urban Municipality","municipalityNameNe":"वालिङ्ग नगरपालिका","municipalityType":"municipality"},"geometry":{"type":"Polygon","coordinates":[[[83.85941470800003,28.018586527000025],[83.85711020400004,28.018038145000048],[83.85247564600007,28.01888613400007],[83.84788067900007,28.017091821000065],[83.84581070400003,28.01498433200004],[83.84356470400007,28.01143932800005],[83.83932215000004,28.012578397000027],[83.83695345400008,28.012361333000058],[83.83417420400008,28.010665645000074],[83.82846683900004,28.011741709000034],[83.82400708400007,28.010095707000062],[83.82155894600004,28.007818147000023],[83.81687433000008,28.009077770000033],[83.81530232900008,28.006697520000046],[83.81372344800008,28.00674726300008],[83.80786102400003,28.010301969000068],[83.80661375600005,28.00934353400004],[83.80479495400004,28.00986670800006],[83.79835576600004,28.010074020000047],[83.80103495400004,28.00676108300007],[83.80143795400005,28.003266583000027],[83.80349057900008,28.000929645000042],[83.80177914200004,27.999167270000044],[83.79644426700008,27.99950695800004],[83.79387026600006,27.998336583000025],[83.79206326600007,28.00188758200005],[83.78997214200007,28.002911082000026],[83.78734064200006,28.005616833000033],[83.78499389100006,28.00538764500004],[83.78058414100008,28.003340894000075],[83.77987757900007,28.005941332000077],[83.77602132900006,28.00901052000006],[83.77525582900006,28.01049845700004],[83.77226851700004,28.011026082000058],[83.77090226600006,28.00969933300007],[83.76677389100007,28.01119058200004],[83.76621495400008,28.012620145000028],[83.76275251700008,28.01647033200004],[83.76137495400008,28.017083957000068],[83.75809789200008,28.01505652000003],[83.75742714100005,28.018103644000064],[83.75331295400008,28.021372645000042],[83.75213395300005,28.019084770000063],[83.74958420400003,28.020075207000048],[83.74053332900007,28.021712270000023],[83.73637420400007,28.02450452000005],[83.73318857900006,28.024683332000052],[83.73072932900004,28.022934458000066],[83.72968345400005,28.019669708000038],[83.72817464100007,28.020445145000053],[83.72456082900004,28.020194270000047],[83.72062107900007,28.022713457000066],[83.71752576600005,28.022876332000067],[83.71367039100005,28.02213277000004],[83.71239932900005,28.022946957000045],[83.71453045400006,28.025746957000024],[83.71247626700006,28.028703020000023],[83.71110457900005,28.028372957000045],[83.70979776700005,28.02971952000007],[83.70918520400005,28.03184145800003],[83.70979457900006,28.032675332000053],[83.71241420400008,28.032058083000038],[83.71016051600003,28.036083145000077],[83.70692076600005,28.038495082000054],[83.70545451600003,28.041010020000044],[83.70297051600005,28.04109264500005],[83.70169620400003,28.041965332000075],[83.69727995300008,28.046612770000024],[83.69608501600004,28.048611519000076],[83.69572476700006,28.050542145000065],[83.69371182900005,28.047338145000026],[83.69602620300003,28.04576839500004],[83.69536576600007,28.042777270000045],[83.69599364100003,28.04164602000003],[83.69461457900007,28.039289583000027],[83.69322707900005,28.039685833000078],[83.69055076600006,28.038109458000065],[83.69225757900006,28.035854707000055],[83.69318095400007,28.032634707000057],[83.69628070300007,28.03382389500007],[83.69990926700007,28.03281202000005],[83.69539626600005,28.02665358200005],[83.69282726600005,28.02835589500006],[83.69114070400008,28.028794332000075],[83.68976070400004,28.024644083000055],[83.68765164100006,28.022141645000033],[83.68401576600007,28.02086289500005],[83.68107276600006,28.018428332000042],[83.67741726600008,28.01728033200004],[83.67443689200007,28.01700702000005],[83.67351076600005,28.01487489400006],[83.67237101700005,28.014486332000047],[83.66697632900008,28.014676395000038],[83.66582945400006,28.013712457000054],[83.66638157900007,28.00986445700005],[83.66792926700003,28.00686733200007],[83.66660526600003,28.003707457000075],[83.66620145400003,28.000464082000065],[83.66731376600006,27.997328207000066],[83.67008539200003,27.998891770000057],[83.67071401600003,28.000217770000063],[83.67406076600008,28.00247758200004],[83.67611626600007,28.002556895000055],[83.68122270400005,28.003548083000055],[83.68225276600003,27.999615395000035],[83.68367189100007,27.999323082000046],[83.68407526600004,27.997638520000066],[83.68294845400004,27.995465332000038],[83.68211620400007,27.988762020000024],[83.68022326700003,27.986016145000065],[83.67758570400008,27.984719332000054],[83.67760689200009,27.982950457000072],[83.68320020400006,27.981959395000047],[83.68857176700004,27.982032582000045],[83.69213232900006,27.98098008200003],[83.69448745400007,27.98171414500007],[83.69454876700007,27.980365019000033],[83.69193945400008,27.977647020000063],[83.69048532900007,27.976960082000062],[83.68600926600004,27.977216207000026],[83.68502057900008,27.976331707000043],[83.68643701600007,27.972677394000073],[83.69005339100005,27.97224108300003],[83.69354876600005,27.970969582000066],[83.69276895400003,27.96756295800003],[83.69060314100005,27.966515707000042],[83.69017357900003,27.963746145000073],[83.69546720400007,27.96149945700006],[83.69682776700006,27.960137270000075],[83.70010295400004,27.959648082000058],[83.70300970400007,27.95855327000004],[83.70371245400008,27.957458208000048],[83.70425357900007,27.953323457000067],[83.70782057900004,27.954098207000072],[83.70944451600008,27.952838082000028],[83.71229495400007,27.957289082000045],[83.71502182900008,27.960162645000025],[83.72180464100006,27.960496895000063],[83.72527570400007,27.95999164500006],[83.72525926600008,27.965871708000066],[83.72416570400009,27.96752570800004],[83.72445101700004,27.96938552000006],[83.72222339200005,27.975349082000037],[83.72216014100007,27.97782195800005],[83.72482651600006,27.97629070800008],[83.72539064100005,27.973952019000023],[83.72676995400008,27.972614457000077],[83.73021845400007,27.971772895000072],[83.73196657800008,27.970806082000024],[83.73329101700006,27.971354708000035],[83.73363489200005,27.973492145000023],[83.73655501700006,27.973820395000075],[83.73765532900006,27.97140595700006],[83.73717020400005,27.96970827000007],[83.73376476600004,27.968469707000054],[83.73196920400005,27.96680327000007],[83.72788664100005,27.964148520000037],[83.72626101600008,27.96016058300006],[83.72755720400005,27.958455082000057],[83.73455764100004,27.956286895000062],[83.73652314100008,27.95490527000004],[83.73718601600007,27.95282164500003],[83.73991145400004,27.953589457000078],[83.74207382900005,27.957668520000027],[83.74423739100007,27.958056145000057],[83.75012070400004,27.955476645000033],[83.75195489200007,27.954985832000034],[83.75336882900007,27.95577808200005],[83.75538195400009,27.955152145000056],[83.75987739200008,27.955809894000026],[83.76610032900004,27.954845895000062],[83.76837757900006,27.955583020000063],[83.76979801700008,27.95368558200005],[83.77306595400006,27.95291252000004],[83.77814995400007,27.95066895700006],[83.77924889200006,27.94960795700007],[83.77979739100005,27.947133645000065],[83.78154076600003,27.94386014500003],[83.78135345400005,27.94224426900007],[83.78005845400008,27.93992720700004],[83.77956533000008,27.936086019000072],[83.77874720400007,27.934383395000054],[83.77921432900007,27.933025830000076],[83.78144857200004,27.93269319700005],[83.78308054600006,27.934002212000053],[83.78605330100004,27.935218537000026],[83.78888538900009,27.935640335000073],[83.78913314000005,27.93676890100005],[83.79134227900005,27.936621090000074],[83.79486915200005,27.938645845000053],[83.79612107900005,27.93837695700006],[83.79610076600005,27.935461645000032],[83.79676321200003,27.93191789100007],[83.79781407500008,27.93056559300004],[83.79971214400007,27.929792202000044],[83.80255345800003,27.930281399000023],[83.80626380500007,27.92737368400003],[83.81017970300007,27.92884577600006],[83.81097311200006,27.928045860000054],[83.81398889900004,27.931294644000047],[83.81830139400006,27.932191657000033],[83.82045758700008,27.931533388000048],[83.82127364200005,27.928910269000028],[83.82283937600005,27.92592935400006],[83.82463544500007,27.924203265000074],[83.83047339200004,27.921579634000068],[83.83477842600007,27.92074321900003],[83.83662750700006,27.919274269000027],[83.83833576100005,27.92064139300004],[83.84059226400007,27.923665327000037],[83.83668432900004,27.924574582000048],[83.83353057900007,27.927109208000047],[83.82938395400004,27.929401144000053],[83.82974795400008,27.93301633200008],[83.82944520500007,27.936102708000078],[83.83079864100006,27.93806289500003],[83.83155226600007,27.94094070700004],[83.82931582900005,27.943857707000063],[83.82957489100005,27.94638745800006],[83.82687451700008,27.94732270700007],[83.82347757900004,27.953931832000023],[83.82333314200008,27.95681077000006],[83.82550764200005,27.95827570700004],[83.82945589100007,27.957400645000064],[83.83273976700008,27.957454332000054],[83.83483839200005,27.95626095700004],[83.83706520400006,27.957127832000026],[83.83991314100007,27.95653545700003],[83.84154632900004,27.953403270000024],[83.84255464200004,27.95248383200004],[83.84512714200008,27.95273720700004],[83.84806251700007,27.95496527000006],[83.84636714200008,27.956159270000057],[83.84058995400005,27.95767801900007],[83.83938814200008,27.95861301900004],[83.84193651700008,27.960274394000066],[83.84069232900003,27.961949395000033],[83.84078582900008,27.96535433200006],[83.84267214200008,27.96713683200005],[83.84240557900006,27.97089339400003],[83.84289451600006,27.973053332000063],[83.84684870400008,27.976178333000064],[83.84821007900007,27.978901020000023],[83.85000901600006,27.97680002000004],[83.85085395400006,27.974851457000057],[83.85271889100005,27.973005520000072],[83.85678120400007,27.971669520000034],[83.86230508000006,27.970831270000076],[83.86323176700006,27.969886770000073],[83.86518032900005,27.971253770000033],[83.86863245400008,27.972559082000032],[83.86806320400007,27.974584707000076],[83.86840570500004,27.976169019000054],[83.86655089100003,27.976697519000027],[83.86682633000004,27.979001457000038],[83.86585676600004,27.98150739500005],[83.86354814200007,27.98403902000007],[83.86133851600005,27.987114519000045],[83.86186195400006,27.988010832000043],[83.86319414200005,27.993630520000067],[83.86214976600007,27.99681320800005],[83.86373326600005,28.000000770000042],[83.86184201700007,28.001409082000066],[83.86211982900005,28.003090332000056],[83.86138307900006,28.00544302000003],[83.86074395500003,28.010162645000037],[83.86013464200005,28.01093370700005],[83.85908645500007,28.015835708000054],[83.85941470800003,28.018586527000025]]]}},{"type":"Feature","properties":{"STATE_CODE":4,"DISTRICT":"KASKI","GaPa_NaPa":"Annapurna","Type_GN":"Gaunpalika","Province":"Gandaki","provinceId":"4","provinceCode":"4","provinceName":"Gandaki","districtId":"405","districtName":"Kaski","municipalityId":"40503","municipalityCode":"40503","municipalityName":"Annapurna Rural Municipality","municipalityNameNe":"अन्नपूर्ण गाउँपालिका","municipalityType":"rural_municipality"},"geometry":{"type":"Polygon","coordinates":[[[83.94384232900006,28.600975083000037],[83.94110520400005,28.60097389500004],[83.93746232900008,28.60165589500008],[83.93403639200005,28.60387433300008],[83.93143370400009,28.604840958000068],[83.92709245400005,28.60541402000007],[83.92196645400008,28.605636770000046],[83.91628564200005,28.60500389500004],[83.91320182900006,28.605976645000055],[83.90621382900008,28.605911083000024],[83.90242789200005,28.606698020000067],[83.89633326700005,28.606799583000054],[83.89125282900005,28.60644364500007],[83.88960414100006,28.606667895000044],[83.88550820400008,28.609083145000056],[83.88107514200004,28.611055708000038],[83.87983170400008,28.61123283300003],[83.87631820400009,28.613237645000027],[83.87366332900007,28.613142708000055],[83.86450826700008,28.609824083000035],[83.85956833000006,28.60901814600004],[83.85675889200007,28.607289208000054],[83.85352326700007,28.604138396000053],[83.85060145400007,28.602903396000045],[83.84624676700008,28.602986521000048],[83.84327982900004,28.60085102000005],[83.83840695400005,28.599006520000046],[83.83191895400006,28.595291770000074],[83.82258089200008,28.595546083000045],[83.82107532900005,28.595043270000076],[83.81533258000007,28.591258708000055],[83.81135914200007,28.58959727000007],[83.80805470400009,28.585777458000052],[83.80397432900008,28.57979952000005],[83.80332220400004,28.576714395000067],[83.80504245400004,28.573709395000037],[83.80696889200004,28.57205614600008],[83.80744432900008,28.569518583000047],[83.80837451700006,28.56799477000004],[83.80917695400007,28.563623396000025],[83.81273395400007,28.558297020000055],[83.81456482900006,28.55748283300005],[83.81852632900006,28.55294189600005],[83.82062339200007,28.549880895000058],[83.82513882900008,28.546910833000027],[83.82973282900008,28.541761333000068],[83.82992795400008,28.538767583000038],[83.83099489100005,28.53687602000008],[83.83072607900004,28.534186270000077],[83.82961107900007,28.532458895000048],[83.82442339100004,28.529729083000063],[83.82332682900005,28.527931770000066],[83.82041445400006,28.524679020000065],[83.81908239200004,28.52211870800005],[83.81638251700008,28.51873983300004],[83.81315864100003,28.517318583000076],[83.80809432900008,28.518326770000044],[83.80444457900006,28.516006770000047],[83.80120045500007,28.512035645000026],[83.79787907900004,28.50920602000008],[83.79620951600003,28.506868333000057],[83.79198682900005,28.50399214500004],[83.79001445400007,28.50168320800003],[83.78946045400005,28.499448708000045],[83.78525064200005,28.49707989600006],[83.78316170400007,28.49429470800004],[83.78246689200006,28.490164708000066],[83.77769826700006,28.48552733300005],[83.77588882900005,28.481772333000038],[83.77292857900005,28.479195333000064],[83.77073576700008,28.478837396000074],[83.76830851700004,28.479300332000037],[83.76630951700008,28.47875083300005],[83.76372357900004,28.477117458000066],[83.75722251700006,28.475003333000075],[83.75431907900008,28.47186645800008],[83.75645951600006,28.462270146000037],[83.75564670400007,28.458476021000024],[83.75496095400007,28.457333145000064],[83.75195176700004,28.45504889500006],[83.75050570300004,28.451122707000025],[83.74891132900007,28.450474520000057],[83.74711626600003,28.448472208000055],[83.74654464100007,28.446779020000065],[83.74360670400006,28.443993832000046],[83.74212645400007,28.441847645000053],[83.73917720400004,28.439357957000027],[83.73836214100004,28.437700333000066],[83.73982982900003,28.434616645000062],[83.73835739100008,28.431091895000066],[83.73754395400005,28.426882458000023],[83.73503432800004,28.42174920700006],[83.73390945400007,28.420354958000075],[83.73622601700004,28.41644489500004],[83.73856007900008,28.414811395000072],[83.73940064200008,28.411318145000052],[83.74095320400005,28.408557208000047],[83.74385045400004,28.406917958000065],[83.74661782900006,28.403180020000036],[83.74851951600004,28.402132145000053],[83.75359714100006,28.40284989500003],[83.75657276600003,28.40610414500003],[83.75863082900008,28.40582358300003],[83.76071370400007,28.403584582000065],[83.76071814200003,28.398627645000033],[83.76158782900006,28.39711527000003],[83.76171301700003,28.394065083000044],[83.75906332900007,28.392882645000043],[83.75781045400004,28.39345577000006],[83.75366382900006,28.394019145000073],[83.75030845400005,28.393782895000072],[83.74780751600008,28.39448677000007],[83.73899495400008,28.394212957000036],[83.73472526700004,28.39571408300003],[83.73183876600007,28.396112333000076],[83.72851670400007,28.39553945800003],[83.72361276700008,28.396427583000047],[83.72015439100005,28.396170020000056],[83.71837520400004,28.395351895000033],[83.71447232800006,28.395438520000027],[83.70840939200008,28.398480645000063],[83.70424082900007,28.399417020000044],[83.70266832900006,28.39839145800005],[83.70432332900003,28.394505395000067],[83.70645332900006,28.39275470700005],[83.70773564200005,28.388263020000068],[83.70907501700003,28.385982582000054],[83.71370207900003,28.382716333000076],[83.71722089100007,28.378782083000033],[83.71986682900007,28.377560145000075],[83.72039557900007,28.376072083000054],[83.72339214200008,28.376127833000055],[83.72423220400003,28.37449152000005],[83.72188582900003,28.37204777000005],[83.72065064200007,28.367830645000026],[83.72201564100004,28.36590433300006],[83.72272051700008,28.362514645000033],[83.72522201700008,28.359392583000044],[83.72740864200006,28.358893833000025],[83.72969207900007,28.356281145000025],[83.72938139200005,28.35344895700007],[83.72835489100004,28.35200745800006],[83.72799782900006,28.349145832000033],[83.73200795400004,28.34633345800006],[83.73413901600009,28.346102958000074],[83.73913532900008,28.34361720700008],[83.74116457900004,28.341082895000056],[83.74137501700005,28.336437583000077],[83.74575539200004,28.33025245700003],[83.74839514200005,28.328454583000052],[83.74860982900003,28.327441958000065],[83.75191532900004,28.325471520000065],[83.75352745400005,28.325239708000026],[83.75786814200006,28.32321920800007],[83.76066989100008,28.32079639500006],[83.76178689200003,28.317700521000063],[83.76372582900007,28.315594332000046],[83.76559945400004,28.31507858200007],[83.76690670400006,28.31365489500007],[83.77008451600005,28.311907145000077],[83.77386507900007,28.311523145000024],[83.77651901700006,28.308887707000054],[83.77568201600008,28.30740620800003],[83.77332282900005,28.30588389500008],[83.77251889100006,28.303610458000037],[83.77104114100007,28.303459083000064],[83.77015864100008,28.300666645000035],[83.76775514100007,28.299259146000054],[83.76678257900005,28.29677339500006],[83.76457639100005,28.295077395000078],[83.76388276600005,28.292594333000068],[83.76606364200006,28.29154664500004],[83.76836557900003,28.289585395000074],[83.77583376700005,28.286251770000035],[83.77669807900008,28.28431283200007],[83.77614257900007,28.282721270000025],[83.77328970400004,28.279842082000073],[83.77056695400006,28.27833927000006],[83.76859895400008,28.276560333000077],[83.76881526700004,28.27348545800004],[83.77063745400005,28.272055770000065],[83.77213907900006,28.271995082000046],[83.77403220400004,28.270087207000074],[83.77845857900007,28.267941957000062],[83.77967376600003,28.26988433300005],[83.78285857900005,28.269081708000044],[83.78427570400004,28.26747295800004],[83.78711476700005,28.26683664500007],[83.79007595400003,28.265169270000058],[83.79215364200007,28.265307833000065],[83.79316239100007,28.26373452000007],[83.79507982900003,28.26304920700005],[83.79805820400009,28.263139395000053],[83.79901495400009,28.262193145000026],[83.80142032900005,28.261876333000032],[83.80246645400007,28.26068427000007],[83.80504051700007,28.26055933300006],[83.80920457900004,28.26167533200004],[83.81447251600008,28.26052958200006],[83.81577189100005,28.261099958000045],[83.82271145400006,28.259990020000032],[83.82440607900008,28.255328458000065],[83.83064739100007,28.261238770000034],[83.83348239200006,28.260885770000073],[83.83678170400003,28.26271733200008],[83.83659601600004,28.263727895000045],[83.83842007900006,28.265219208000076],[83.84041970500004,28.263312770000027],[83.84263882900007,28.26261139500008],[83.84761557900003,28.262438770000074],[83.85014414100004,28.264090895000038],[83.85121570400008,28.26578420800007],[83.85292170400004,28.266415645000052],[83.85498439200006,28.265964332000067],[83.85726676700006,28.266772208000077],[83.85914032900007,28.26601377000003],[83.86116889200008,28.26655514500004],[83.86199557900005,28.265554145000067],[83.86490558000008,28.264140145000056],[83.86663995400005,28.262501520000058],[83.86993358000007,28.260844895000048],[83.87176289100006,28.258846770000048],[83.87418382900006,28.258858020000048],[83.87829120400005,28.257088332000023],[83.88071020400008,28.255095895000068],[83.88306207900007,28.256415583000035],[83.88428314200007,28.258968458000027],[83.88444257900005,28.263278082000056],[83.88558151600006,28.265833145000045],[83.88419332900008,28.267833332000066],[83.88349726700005,28.27190758300003],[83.88376151600005,28.27380533200005],[83.88575820400007,28.27640395700007],[83.88517882900004,28.27923508200007],[83.87986520400005,28.281168645000037],[83.87809826600005,28.282191457000067],[83.88192620400008,28.289399083000035],[83.88022020400007,28.290803270000026],[83.87762045400007,28.291301833000034],[83.87476932900006,28.291263145000073],[83.87191620500005,28.289665333000073],[83.86839195500005,28.28691608200006],[83.86659295400005,28.28666839500005],[83.86478457900006,28.28554077000007],[83.85991582900004,28.288599833000035],[83.85806833000004,28.29033527000007],[83.85393007900007,28.290136895000046],[83.85025020400008,28.289390582000067],[83.84657607900004,28.291317895000077],[83.84635670400007,28.293702520000068],[83.84687301700006,28.295616395000025],[83.84871726600005,28.297737020000056],[83.84665151700005,28.298307833000024],[83.84449095400004,28.297671395000066],[83.84278995400007,28.300268708000033],[83.83945101700004,28.30254364500007],[83.83668601700003,28.303506020000043],[83.83410139200004,28.30380070700005],[83.83196145400007,28.303206957000043],[83.83047439100005,28.30406927000007],[83.82989945400004,28.30832614600007],[83.83062114200004,28.31062389500005],[83.83220120400006,28.31291145700004],[83.83237145400005,28.31468733300005],[83.83185433000006,28.319839958000045],[83.83201770400007,28.323813458000075],[83.83113776700003,28.327147082000067],[83.83217651700005,28.32982883300008],[83.83799426700006,28.333937708000065],[83.83921989200007,28.33399102000004],[83.84478407900008,28.336569645000054],[83.84541564200003,28.337818020000043],[83.84518589100009,28.341078082000024],[83.84371601600003,28.343616895000025],[83.84357157900007,28.344934395000053],[83.84545214100007,28.349769458000026],[83.84483320400005,28.35297708300004],[83.84497014100003,28.355962270000077],[83.84560764200006,28.358492270000056],[83.84775232900006,28.361035208000033],[83.84709564200006,28.365616958000032],[83.84737045400004,28.367875708000042],[83.84674457900007,28.373605833000056],[83.84470451700008,28.37546039500006],[83.84456501700004,28.37928677000008],[83.84589895400006,28.386354895000068],[83.84907195400007,28.389970645000062],[83.84996114200004,28.393360520000044],[83.85267482900008,28.396729708000066],[83.85308807900003,28.398221582000076],[83.85640582900004,28.401814770000044],[83.85685170400006,28.40446858300004],[83.85805301600004,28.40613945800004],[83.85912232900006,28.40896758300005],[83.85717795400006,28.416171957000074],[83.86161739100004,28.42174945800008],[83.86301426700004,28.424891521000063],[83.86485901700007,28.427332333000038],[83.86660220400006,28.428209458000026],[83.86789645400006,28.431407770000078],[83.87013570400006,28.433413458000075],[83.87154445400006,28.433875082000043],[83.87376189100007,28.436099458000058],[83.87490714200004,28.439022395000052],[83.87817620400006,28.44397777000006],[83.87927507900008,28.44801058200005],[83.87692976600005,28.44843714600006],[83.87525307900006,28.449836771000037],[83.87112470400007,28.45189058300008],[83.86621839200006,28.45559508300005],[83.86169889200005,28.458004708000033],[83.86232995400007,28.45955758300005],[83.86386795400006,28.460845208000023],[83.86562676700004,28.46363558200005],[83.87134826600004,28.468911646000038],[83.87419795400007,28.47065608300005],[83.87530057900005,28.471916083000053],[83.88055020400003,28.474756832000025],[83.88260301600008,28.476660645000038],[83.88764076700005,28.47888270800007],[83.89206001700006,28.48618739500006],[83.89505832900005,28.488678332000063],[83.89655476700005,28.492363832000024],[83.89848839100006,28.495081707000054],[83.90245720400003,28.498335895000025],[83.90457157900005,28.503032520000033],[83.90655026700006,28.505466083000044],[83.90765414100008,28.508614270000066],[83.90749582900008,28.50965645800005],[83.90947007900007,28.512945083000034],[83.90988876600005,28.51474808300003],[83.91154170400006,28.516815833000067],[83.91228551700004,28.520229958000073],[83.91330414200007,28.522516145000054],[83.91338039200008,28.525704145000077],[83.91265370400004,28.528638958000045],[83.91554795400003,28.53196870800008],[83.91667495400003,28.53485289500003],[83.91935958000005,28.537782958000037],[83.92335939200007,28.538814082000044],[83.92682158000008,28.54102933300004],[83.92978570400004,28.541660396000054],[83.93062926700009,28.54310477000007],[83.93174151600005,28.547001771000055],[83.93337620400007,28.549488895000025],[83.93693545400004,28.55319527100005],[83.94051064100006,28.55633745800003],[83.94508095400005,28.558600083000044],[83.94996257900004,28.56217345700003],[83.95070907900003,28.563069520000056],[83.95065557900006,28.565354958000057],[83.94939289200005,28.56845677000007],[83.94914376700007,28.570888833000026],[83.94994064200006,28.576780020000058],[83.95121520400005,28.580857395000066],[83.95035351700005,28.58487308200006],[83.95020532900008,28.588683708000076],[83.94783032900006,28.593122958000038],[83.94814089200008,28.595144583000035],[83.94751676700008,28.59709364500003],[83.94561495400006,28.600366646000055],[83.94384232900006,28.600975083000037]]]}},{"type":"Feature","properties":{"STATE_CODE":4,"DISTRICT":"KASKI","GaPa_NaPa":"Machhapuchchhre","Type_GN":"Gaunpalika","Province":"Gandaki","provinceId":"4","provinceCode":"4","provinceName":"Gandaki","districtId":"405","districtName":"Kaski","municipalityId":"40502","municipalityCode":"40502","municipalityName":"Machhapuchchhre Rural Municipality","municipalityNameNe":"माछापुच्छ्र्े गाउँपालिका","municipalityType":"rural_municipality"},"geometry":{"type":"Polygon","coordinates":[[[84.08735232900005,28.53833839500004],[84.08350858000006,28.541991333000055],[84.08045814200005,28.542918145000044],[84.07763539200005,28.54472927000006],[84.07371583000008,28.548178895000035],[84.06929945400003,28.55472864500007],[84.06674970400007,28.55615814500004],[84.06455551700003,28.558298020000052],[84.06281633000003,28.56235545800007],[84.06127189200004,28.56359933300007],[84.05615532900003,28.564113770000063],[84.05130532900006,28.56681177100006],[84.04781701700006,28.566677646000073],[84.04329389200007,28.568761645000052],[84.04043064200005,28.569306270000027],[84.03636289100007,28.571509457000047],[84.03304407900004,28.572466896000037],[84.02785507900006,28.57647945800005],[84.02280464100005,28.578723146000073],[84.01923964200006,28.582448645000056],[84.01793258000004,28.584822271000064],[84.01557195400005,28.587060646000054],[84.01311020400004,28.586406708000027],[84.00476282900007,28.585689770000045],[83.99934051700006,28.584584333000066],[83.99512789200008,28.585491207000075],[83.99271007900006,28.58496770800008],[83.98798701700008,28.58681739600007],[83.98398395400005,28.593080145000044],[83.98118989200003,28.596175208000034],[83.97565095500005,28.599380395000026],[83.97260920400004,28.599731770000062],[83.97073532900004,28.600514270000076],[83.96776076600008,28.602799082000047],[83.96587126600008,28.605151770000077],[83.96191726700005,28.60454158300007],[83.95477526700006,28.60454614500003],[83.95162901700007,28.603696771000045],[83.94882489200006,28.602064521000045],[83.94384232900006,28.600975083000037],[83.94561495400006,28.600366646000055],[83.94751676700008,28.59709364500003],[83.94814089200008,28.595144583000035],[83.94783032900006,28.593122958000038],[83.95020532900008,28.588683708000076],[83.95035351700005,28.58487308200006],[83.95121520400005,28.580857395000066],[83.94994064200006,28.576780020000058],[83.94914376700007,28.570888833000026],[83.94939289200005,28.56845677000007],[83.95065557900006,28.565354958000057],[83.95070907900003,28.563069520000056],[83.94996257900004,28.56217345700003],[83.94508095400005,28.558600083000044],[83.94051064100006,28.55633745800003],[83.93693545400004,28.55319527100005],[83.93337620400007,28.549488895000025],[83.93174151600005,28.547001771000055],[83.93062926700009,28.54310477000007],[83.92978570400004,28.541660396000054],[83.92682158000008,28.54102933300004],[83.92335939200007,28.538814082000044],[83.91935958000005,28.537782958000037],[83.91667495400003,28.53485289500003],[83.91554795400003,28.53196870800008],[83.91265370400004,28.528638958000045],[83.91338039200008,28.525704145000077],[83.91330414200007,28.522516145000054],[83.91228551700004,28.520229958000073],[83.91154170400006,28.516815833000067],[83.90988876600005,28.51474808300003],[83.90947007900007,28.512945083000034],[83.90749582900008,28.50965645800005],[83.90765414100008,28.508614270000066],[83.90655026700006,28.505466083000044],[83.90457157900005,28.503032520000033],[83.90245720400003,28.498335895000025],[83.89848839100006,28.495081707000054],[83.89655476700005,28.492363832000024],[83.89505832900005,28.488678332000063],[83.89206001700006,28.48618739500006],[83.88764076700005,28.47888270800007],[83.88260301600008,28.476660645000038],[83.88055020400003,28.474756832000025],[83.87530057900005,28.471916083000053],[83.87419795400007,28.47065608300005],[83.87134826600004,28.468911646000038],[83.86562676700004,28.46363558200005],[83.86386795400006,28.460845208000023],[83.86232995400007,28.45955758300005],[83.86169889200005,28.458004708000033],[83.86621839200006,28.45559508300005],[83.87112470400007,28.45189058300008],[83.87525307900006,28.449836771000037],[83.87692976600005,28.44843714600006],[83.87927507900008,28.44801058200005],[83.87817620400006,28.44397777000006],[83.87490714200004,28.439022395000052],[83.87376189100007,28.436099458000058],[83.87154445400006,28.433875082000043],[83.87013570400006,28.433413458000075],[83.86789645400006,28.431407770000078],[83.86660220400006,28.428209458000026],[83.86485901700007,28.427332333000038],[83.86301426700004,28.424891521000063],[83.86161739100004,28.42174945800008],[83.85717795400006,28.416171957000074],[83.85912232900006,28.40896758300005],[83.85805301600004,28.40613945800004],[83.85685170400006,28.40446858300004],[83.85640582900004,28.401814770000044],[83.85308807900003,28.398221582000076],[83.85267482900008,28.396729708000066],[83.84996114200004,28.393360520000044],[83.84907195400007,28.389970645000062],[83.84589895400006,28.386354895000068],[83.84456501700004,28.37928677000008],[83.84470451700008,28.37546039500006],[83.84674457900007,28.373605833000056],[83.84737045400004,28.367875708000042],[83.84709564200006,28.365616958000032],[83.84775232900006,28.361035208000033],[83.84560764200006,28.358492270000056],[83.84497014100003,28.355962270000077],[83.84483320400005,28.35297708300004],[83.84545214100007,28.349769458000026],[83.84357157900007,28.344934395000053],[83.84371601600003,28.343616895000025],[83.84518589100009,28.341078082000024],[83.84541564200003,28.337818020000043],[83.84478407900008,28.336569645000054],[83.83921989200007,28.33399102000004],[83.83799426700006,28.333937708000065],[83.83217651700005,28.32982883300008],[83.83113776700003,28.327147082000067],[83.83201770400007,28.323813458000075],[83.83185433000006,28.319839958000045],[83.83237145400005,28.31468733300005],[83.83220120400006,28.31291145700004],[83.83062114200004,28.31062389500005],[83.82989945400004,28.30832614600007],[83.83047439100005,28.30406927000007],[83.83196145400007,28.303206957000043],[83.83410139200004,28.30380070700005],[83.83668601700003,28.303506020000043],[83.83945101700004,28.30254364500007],[83.84278995400007,28.300268708000033],[83.84449095400004,28.297671395000066],[83.84665151700005,28.298307833000024],[83.84871726600005,28.297737020000056],[83.84687301700006,28.295616395000025],[83.84635670400007,28.293702520000068],[83.84657607900004,28.291317895000077],[83.85025020400008,28.289390582000067],[83.85393007900007,28.290136895000046],[83.85806833000004,28.29033527000007],[83.85991582900004,28.288599833000035],[83.86478457900006,28.28554077000007],[83.86659295400005,28.28666839500005],[83.86839195500005,28.28691608200006],[83.87191620500005,28.289665333000073],[83.87476932900006,28.291263145000073],[83.87762045400007,28.291301833000034],[83.88022020400007,28.290803270000026],[83.88530826600004,28.29463202000005],[83.88678157900006,28.297171520000063],[83.88900926700006,28.29751177000003],[83.89462057900005,28.29653477000005],[83.89614614100003,28.294419520000076],[83.90018126600006,28.29234002000004],[83.90506232900003,28.293331770000066],[83.90809382900005,28.292776520000075],[83.91023139200007,28.291489520000027],[83.91275257900008,28.292502082000055],[83.91367301700006,28.294655145000036],[83.91562351600004,28.294951895000054],[83.92085701700006,28.29939083200003],[83.92598682900007,28.30134083300004],[83.92751351600003,28.301043895000078],[83.92995164200005,28.297615645000064],[83.93216495400003,28.29726702100004],[83.93311326700007,28.294747270000073],[83.93472276600005,28.292595520000077],[83.93739714200007,28.295466770000075],[83.93841895400004,28.298402645000067],[83.94180420400005,28.29888470800006],[83.94428351700003,28.299858208000046],[83.94548376700004,28.302144270000042],[83.94707958000004,28.30360920800007],[83.94873076700009,28.30404077000003],[83.95021901700005,28.305999770000028],[83.95216126600008,28.305093457000055],[83.95550832900005,28.305800833000035],[83.95698451700008,28.306669958000043],[83.95866070400007,28.30924258300007],[83.96167107900004,28.311116207000055],[83.96345107900004,28.313844520000032],[83.96454226700007,28.316890707000027],[83.96630270400004,28.319427207000047],[83.96627107900008,28.320688457000074],[83.96775439100008,28.322992458000044],[83.96746289200007,28.324501832000067],[83.96883007900004,28.327455583000074],[83.97099039200003,28.32804264500004],[83.97397701600005,28.32976483300007],[83.97607757900005,28.329873520000035],[83.98122045400004,28.327879770000038],[83.98576651700006,28.327869020000037],[83.98767164200007,28.328264082000032],[83.99061114100004,28.328054458000054],[83.99403533000003,28.33124952000003],[83.99589207900004,28.33227395800003],[83.99797420400006,28.335101020000025],[84.00000001600006,28.338848708000057],[84.00279826700006,28.34059508300004],[84.00476145500005,28.34104627000005],[84.00770251700004,28.34057233200008],[84.00910295400007,28.339437333000035],[84.01160058000005,28.33599858300005],[84.01567339100006,28.332963520000078],[84.01926107900005,28.33090983200003],[84.02078439200005,28.327489145000072],[84.02322920400007,28.32900495800004],[84.02482757900003,28.332253708000053],[84.02601439200004,28.33647039500005],[84.02587076600008,28.338340895000044],[84.02656026700004,28.340630833000034],[84.03005508000007,28.342791582000075],[84.03443901700007,28.347345958000062],[84.03567514200006,28.35043895800004],[84.03997889200008,28.353034708000052],[84.04224932900007,28.353295770000045],[84.04590051700006,28.35536808300003],[84.04667607900006,28.35646433200003],[84.04972801700006,28.358613457000047],[84.05342945400008,28.35988233300003],[84.05423107900003,28.363108457000067],[84.05542945400003,28.364549708000027],[84.06254720500004,28.368093458000033],[84.06430764200007,28.371680020000042],[84.06813220400005,28.375055770000074],[84.06648870400005,28.37712783300003],[84.06434726600008,28.37868114500003],[84.06578107900003,28.380334333000064],[84.06585564200003,28.38171058300003],[84.06728214100008,28.383226083000068],[84.06481133000005,28.385562458000038],[84.06341951700006,28.38780808200005],[84.06300895400005,28.389717020000035],[84.06081689200005,28.391308707000064],[84.06203601700008,28.398158082000066],[84.06155789100006,28.400854458000026],[84.06042382900006,28.401813895000032],[84.06012189200004,28.404882520000058],[84.06067539200006,28.40779277100006],[84.06009101700005,28.409453645000042],[84.05782532900008,28.41208089500003],[84.05610332900005,28.413279645000046],[84.05659514200005,28.414784333000057],[84.05918457900003,28.414877957000044],[84.05999757900008,28.418027333000055],[84.05896658000006,28.42098795800007],[84.05754276700003,28.422800332000065],[84.05680845500007,28.427764395000054],[84.05755945400006,28.431856895000067],[84.05654239200004,28.43331027100004],[84.05382057900005,28.43483883300007],[84.05061945400007,28.437793458000044],[84.05149226700007,28.439992895000046],[84.05445864200004,28.443364833000032],[84.05429457900004,28.445848958000056],[84.05579739200004,28.447878958000047],[84.06044195400005,28.450015895000035],[84.06013332900005,28.45453070700006],[84.06227914200008,28.458798520000073],[84.06238126700003,28.462539271000026],[84.06487876700004,28.463808332000042],[84.06601333000003,28.466298708000068],[84.06676845400006,28.469847333000075],[84.06764170400004,28.471830082000054],[84.07225389200005,28.47513308300006],[84.07539445400005,28.477881645000025],[84.07729176600003,28.47869058300006],[84.07691064200003,28.483561958000053],[84.07724320500006,28.48841258300007],[84.07849607900005,28.490309333000027],[84.08003451700006,28.494144021000068],[84.08468570400004,28.498617457000023],[84.08666339200005,28.50193964600004],[84.08674226700003,28.505089208000072],[84.08734882900006,28.50731570800008],[84.08742508000006,28.510756333000074],[84.08396039200005,28.51482870800004],[84.08101939200003,28.516746020000028],[84.08022939100005,28.51842058300008],[84.07988658000005,28.521141770000042],[84.07869826700005,28.523612958000058],[84.08078058000007,28.529838833000042],[84.08130895400006,28.532879895000065],[84.08257139100004,28.534934521000025],[84.08634158000007,28.537269583000068],[84.08735232900005,28.53833839500004]]]}},{"type":"Feature","properties":{"STATE_CODE":4,"DISTRICT":"KASKI","GaPa_NaPa":"Madi","Type_GN":"Gaunpalika","Province":"Gandaki","provinceId":"4","provinceCode":"4","provinceName":"Gandaki","districtId":"405","districtName":"Kaski","municipalityId":"40501","municipalityCode":"40501","municipalityName":"Madi Rural Municipality","municipalityNameNe":"मादी गाउँपालिका","municipalityType":"rural_municipality"},"geometry":{"type":"Polygon","coordinates":[[[84.18878301700005,28.502727333000053],[84.18742839200007,28.505996208000056],[84.18338476700006,28.505306833000077],[84.17981695500004,28.506015520000062],[84.17788982900004,28.507917770000063],[84.17577682900009,28.508919958000035],[84.17361157900007,28.51078414500006],[84.17101682900005,28.51168089500004],[84.16530858000004,28.511631520000037],[84.16341495400007,28.51296952000007],[84.16154026700008,28.516112333000024],[84.15891207900006,28.516370395000024],[84.15476482900004,28.519874521000077],[84.15318189100003,28.52340502000004],[84.14767420400005,28.527907707000054],[84.14681301700006,28.529670708000026],[84.14144389100005,28.534064708000074],[84.14022539200005,28.538580583000055],[84.13876514200007,28.53925220800005],[84.13173032900005,28.535631270000067],[84.12930533000008,28.534866458000067],[84.12464126700007,28.534600083000043],[84.12112845500008,28.536798583000063],[84.11597520400005,28.537326458000052],[84.11229726700003,28.537002333000032],[84.11102676700006,28.537312520000057],[84.10117720400007,28.53775570700003],[84.09701882900004,28.538758208000047],[84.09266057900004,28.53846795800007],[84.08931501700005,28.53913127000004],[84.08735232900005,28.53833839500004],[84.08634158000007,28.537269583000068],[84.08257139100004,28.534934521000025],[84.08130895400006,28.532879895000065],[84.08078058000007,28.529838833000042],[84.07869826700005,28.523612958000058],[84.07988658000005,28.521141770000042],[84.08022939100005,28.51842058300008],[84.08101939200003,28.516746020000028],[84.08396039200005,28.51482870800004],[84.08742508000006,28.510756333000074],[84.08734882900006,28.50731570800008],[84.08674226700003,28.505089208000072],[84.08666339200005,28.50193964600004],[84.08468570400004,28.498617457000023],[84.08003451700006,28.494144021000068],[84.07849607900005,28.490309333000027],[84.07724320500006,28.48841258300007],[84.07691064200003,28.483561958000053],[84.07729176600003,28.47869058300006],[84.07539445400005,28.477881645000025],[84.07225389200005,28.47513308300006],[84.06764170400004,28.471830082000054],[84.06676845400006,28.469847333000075],[84.06601333000003,28.466298708000068],[84.06487876700004,28.463808332000042],[84.06238126700003,28.462539271000026],[84.06227914200008,28.458798520000073],[84.06013332900005,28.45453070700006],[84.06044195400005,28.450015895000035],[84.05579739200004,28.447878958000047],[84.05429457900004,28.445848958000056],[84.05445864200004,28.443364833000032],[84.05149226700007,28.439992895000046],[84.05061945400007,28.437793458000044],[84.05382057900005,28.43483883300007],[84.05654239200004,28.43331027100004],[84.05755945400006,28.431856895000067],[84.05680845500007,28.427764395000054],[84.05754276700003,28.422800332000065],[84.05896658000006,28.42098795800007],[84.05999757900008,28.418027333000055],[84.05918457900003,28.414877957000044],[84.05659514200005,28.414784333000057],[84.05610332900005,28.413279645000046],[84.05782532900008,28.41208089500003],[84.06009101700005,28.409453645000042],[84.06067539200006,28.40779277100006],[84.06012189200004,28.404882520000058],[84.06042382900006,28.401813895000032],[84.06155789100006,28.400854458000026],[84.06203601700008,28.398158082000066],[84.06081689200005,28.391308707000064],[84.06300895400005,28.389717020000035],[84.06341951700006,28.38780808200005],[84.06481133000005,28.385562458000038],[84.06728214100008,28.383226083000068],[84.06585564200003,28.38171058300003],[84.06578107900003,28.380334333000064],[84.06434726600008,28.37868114500003],[84.06648870400005,28.37712783300003],[84.06813220400005,28.375055770000074],[84.06430764200007,28.371680020000042],[84.06254720500004,28.368093458000033],[84.05542945400003,28.364549708000027],[84.05423107900003,28.363108457000067],[84.05342945400008,28.35988233300003],[84.04972801700006,28.358613457000047],[84.04667607900006,28.35646433200003],[84.04590051700006,28.35536808300003],[84.04224932900007,28.353295770000045],[84.03997889200008,28.353034708000052],[84.03567514200006,28.35043895800004],[84.03443901700007,28.347345958000062],[84.03005508000007,28.342791582000075],[84.02656026700004,28.340630833000034],[84.02587076600008,28.338340895000044],[84.02601439200004,28.33647039500005],[84.02482757900003,28.332253708000053],[84.02322920400007,28.32900495800004],[84.02078439200005,28.327489145000072],[84.02166889200004,28.32576977000008],[84.02213401700004,28.323057645000063],[84.02502289200004,28.318337082000028],[84.02503926700007,28.316143958000055],[84.02826782900007,28.312370833000045],[84.02753095400004,28.30979439500004],[84.02828039100007,28.306784332000063],[84.03059008000008,28.30519545800007],[84.03360176700005,28.300359583000045],[84.03858389200008,28.297039270000027],[84.04551789200008,28.29408145800005],[84.05057545400007,28.289779208000027],[84.05598476600005,28.287031270000057],[84.05977089200007,28.282203458000026],[84.06330951600006,28.280171207000024],[84.06301601700005,28.277335208000068],[84.06207057900008,28.27551708200008],[84.06251857900008,28.272813832000054],[84.06347557900006,28.271121208000068],[84.06441314100005,28.26693083300006],[84.06365676700005,28.26404539500004],[84.06480314200007,28.259683520000067],[84.06413764200005,28.258494708000057],[84.06350489200008,28.253996020000045],[84.06226614100007,28.252888770000027],[84.06233339200008,28.251331895000078],[84.05982801700003,28.248663833000023],[84.06033026700004,28.247512895000057],[84.05889507900008,28.243519895000077],[84.05753339100005,28.23838289500003],[84.05570745400007,28.23594014500003],[84.05491032900005,28.23348333200005],[84.05497389200008,28.231362395000076],[84.05836114200008,28.22741927000004],[84.05840564200008,28.225528457000053],[84.05359289100005,28.22010858300007],[84.05406732900008,28.218366520000075],[84.05651570400005,28.21893639500007],[84.05899932900007,28.21878195800008],[84.06109151700008,28.220118957000068],[84.06426989100004,28.22083727000006],[84.06724614200004,28.218633708000027],[84.06929882900005,28.218233333000057],[84.07061439200004,28.21701877000004],[84.07329670400009,28.217434770000068],[84.07926989100008,28.218981520000057],[84.08163414200004,28.217639833000078],[84.08411183000004,28.214831520000075],[84.08388757900008,28.213956207000024],[84.08061282900007,28.212365270000078],[84.07589151600007,28.211587270000052],[84.07418301700005,28.21210039500005],[84.07109695500003,28.21201177000006],[84.06952683000003,28.211396645000036],[84.07008564100005,28.209539395000036],[84.07222651700005,28.209405145000062],[84.07396926600006,28.210114958000077],[84.07954145500008,28.21033295700005],[84.08500608000008,28.212191145000077],[84.08632845400007,28.213440270000035],[84.08754120500004,28.21840783300007],[84.08875464200008,28.219467520000023],[84.09202070400005,28.217892833000064],[84.09728614200003,28.222503208000035],[84.09989539200006,28.223758020000048],[84.10469208000006,28.221577208000042],[84.10895545400007,28.22138433300006],[84.11172676700005,28.21836314500007],[84.11061883000008,28.21541508200005],[84.11082670400003,28.21136489500003],[84.11449432900008,28.20982308300006],[84.11861039200005,28.209880458000043],[84.12245307900008,28.21038027000003],[84.12516914200006,28.209394083000063],[84.12983095500005,28.20899033200004],[84.12818257900005,28.206293395000046],[84.12924214100008,28.203074895000043],[84.13080807900008,28.20346377000004],[84.13276351700006,28.202904583000077],[84.13418326700008,28.201691520000054],[84.14135907900004,28.200037207000037],[84.14488370500004,28.19874520700006],[84.14688532900004,28.196243082000024],[84.14749326700007,28.192411207000077],[84.14990007900008,28.191370707000033],[84.15088676700003,28.191911145000063],[84.15382914200006,28.191853707000064],[84.15569826700005,28.191274020000037],[84.15917720400006,28.19129483300003],[84.16500026700004,28.188981958000056],[84.16626601600007,28.189598708000062],[84.16798139200006,28.192568145000052],[84.17015139200004,28.19388314500003],[84.17391332900007,28.19481927000004],[84.18335795500008,28.192261833000032],[84.18948908000004,28.191163707000044],[84.19452076700009,28.19202308200005],[84.19572420400004,28.192768208000075],[84.19303358000008,28.194595082000035],[84.19292408000007,28.19635964500003],[84.19483651600007,28.198103333000063],[84.19625657900008,28.197372520000044],[84.19961089200007,28.198405583000067],[84.20290139200006,28.19886327000006],[84.20408164200006,28.201259957000048],[84.20704839200005,28.20281008300003],[84.20857251700005,28.205934957000068],[84.21007720500006,28.207739957000058],[84.21257851600006,28.212720270000034],[84.21125064200004,28.216546707000077],[84.21185733000004,28.219194645000073],[84.21330033000004,28.220234833000063],[84.21298239200007,28.223224895000044],[84.21374020400003,28.226064395000037],[84.21497007900007,28.22813820700003],[84.21340251600003,28.23014427000004],[84.21407108000005,28.231163020000054],[84.21401001700008,28.233462270000075],[84.21558557900005,28.236343333000036],[84.21472670400004,28.237508895000076],[84.21558957900004,28.23881620800006],[84.21430145500005,28.240632207000033],[84.21492939200004,28.24297114500007],[84.21628683000006,28.244070020000038],[84.21485120500006,28.247993707000035],[84.21556895400005,28.250113457000054],[84.21455689200008,28.250660958000026],[84.21514020400008,28.253900145000046],[84.21328214200008,28.25672339500005],[84.21372133000006,28.260066520000066],[84.21309326700003,28.26539452000003],[84.21032908000007,28.26717677000005],[84.21043845500003,28.268528020000076],[84.20784420400008,28.271927770000048],[84.20767245500008,28.273214082000038],[84.20439982900007,28.273988332000044],[84.20328658000005,28.275612333000026],[84.19880245500008,28.277581895000026],[84.19743383000008,28.279458832000046],[84.19594776700006,28.28346808300006],[84.19249057900004,28.28778245700005],[84.18969007900006,28.290083270000025],[84.18891801700005,28.291343333000043],[84.18996970500007,28.296838145000038],[84.19317320500005,28.297896396000056],[84.19505389200003,28.299985207000077],[84.19640051700009,28.30360008300005],[84.19778501700006,28.304890895000028],[84.19671345400008,28.30635452100006],[84.19760064200005,28.30996777000007],[84.19860101700004,28.311507333000066],[84.19893558000007,28.317294145000062],[84.20018707900005,28.320451020000064],[84.20279245400008,28.322689895000053],[84.20335926700005,28.32457983300003],[84.20698314200007,28.327130708000027],[84.20776983000007,28.328433645000075],[84.20715426700008,28.329725145000054],[84.20723982900006,28.332414458000073],[84.20660307900005,28.337451333000047],[84.20790732900008,28.341424895000046],[84.20969120400008,28.343378333000032],[84.21114307900007,28.348867770000027],[84.21294720400005,28.353158583000038],[84.21444207900004,28.354532583000037],[84.21752620400008,28.356296582000027],[84.21977120500009,28.360069895000038],[84.21981564200007,28.36306614500006],[84.21862882900007,28.368631957000048],[84.21911564200008,28.369220020000057],[84.21962251700006,28.373952770000074],[84.21937014200006,28.377912895000065],[84.21832707900006,28.380274583000073],[84.21592901700006,28.382230020000065],[84.21565464100007,28.384673958000064],[84.21452801700008,28.385700083000074],[84.21614476700006,28.391884082000047],[84.21845914200009,28.395855896000057],[84.22221401700006,28.39882127000004],[84.22550758000006,28.400929958000063],[84.22667989200005,28.402175708000073],[84.22683107900008,28.406200520000027],[84.22783270500008,28.407997145000024],[84.22920514200007,28.412213895000036],[84.23174232900004,28.415810520000036],[84.23363164200003,28.417318958000067],[84.23588282900005,28.41726545800003],[84.23787833000006,28.419134645000042],[84.24040908000006,28.420558396000047],[84.24381158000006,28.42156314500005],[84.24652614200005,28.423322583000072],[84.24745814200008,28.424997270000063],[84.24804107900007,28.42884758300005],[84.24885451700004,28.43043670800006],[84.24962826700005,28.433857958000033],[84.24948351700004,28.436353583000027],[84.24749614200005,28.43940989500004],[84.24852739200009,28.441725146000067],[84.25078914200003,28.443645521000064],[84.25420051700007,28.44506064600006],[84.25673264200003,28.447339145000058],[84.25892426700005,28.44787420800003],[84.26115714200006,28.44932970700006],[84.26489514200006,28.450825145000067],[84.26821007900008,28.45131052000005],[84.26896614200007,28.453233520000026],[84.27037739200006,28.45453264500003],[84.27115258000003,28.456394645000046],[84.27159764200007,28.460238333000063],[84.27801101700004,28.46773402100007],[84.28082620500004,28.470679333000078],[84.27620851700004,28.471230270000035],[84.27581307900005,28.47232983300006],[84.27371151700004,28.47355470800005],[84.27305101700006,28.474882645000037],[84.27078070500005,28.477030583000044],[84.26864308000006,28.480193520000057],[84.26385589200004,28.481847645000073],[84.26098333000004,28.481711020000034],[84.25840732900008,28.47962902100005],[84.25505951700006,28.479903770000078],[84.25000032900004,28.482151332000058],[84.24711251700006,28.481912958000066],[84.24291264200008,28.48222058300007],[84.23769545400006,28.483612833000052],[84.23475220400007,28.483751083000072],[84.23110345500004,28.48236752100007],[84.22840233000005,28.480600958000025],[84.22239414200004,28.482539958000075],[84.22121457900005,28.48526064500004],[84.21399358000008,28.484861521000028],[84.21185620400007,28.485401895000052],[84.20843795400003,28.487342958000056],[84.20329526700004,28.488363708000065],[84.20045245400007,28.487300770000047],[84.19481501700005,28.48928545800004],[84.19126676700006,28.48897464500004],[84.19138026700006,28.492435458000045],[84.19023014200008,28.494625582000026],[84.18991395400008,28.497922333000076],[84.19072507900006,28.50000364500005],[84.18878301700005,28.502727333000053]]]}},{"type":"Feature","properties":{"STATE_CODE":4,"DISTRICT":"KASKI","GaPa_NaPa":"Pokhara Lekhnath","Type_GN":"Mahanagarpalika","Province":"Gandaki","provinceId":"4","provinceCode":"4","provinceName":"Gandaki","districtId":"405","districtName":"Kaski","municipalityId":"40504","municipalityCode":"40504","municipalityName":"Pokhara Metropolitian City","municipalityNameNe":"पोखरा महानगरपालिका","municipalityType":"metropolitan"},"geometry":{"type":"Polygon","coordinates":[[[84.02078439200005,28.327489145000072],[84.01926107900005,28.33090983200003],[84.01567339100006,28.332963520000078],[84.01160058000005,28.33599858300005],[84.00910295400007,28.339437333000035],[84.00770251700004,28.34057233200008],[84.00476145500005,28.34104627000005],[84.00279826700006,28.34059508300004],[84.00000001600006,28.338848708000057],[83.99797420400006,28.335101020000025],[83.99589207900004,28.33227395800003],[83.99403533000003,28.33124952000003],[83.99061114100004,28.328054458000054],[83.98767164200007,28.328264082000032],[83.98576651700006,28.327869020000037],[83.98122045400004,28.327879770000038],[83.97607757900005,28.329873520000035],[83.97397701600005,28.32976483300007],[83.97099039200003,28.32804264500004],[83.96883007900004,28.327455583000074],[83.96746289200007,28.324501832000067],[83.96775439100008,28.322992458000044],[83.96627107900008,28.320688457000074],[83.96630270400004,28.319427207000047],[83.96454226700007,28.316890707000027],[83.96345107900004,28.313844520000032],[83.96167107900004,28.311116207000055],[83.95866070400007,28.30924258300007],[83.95698451700008,28.306669958000043],[83.95550832900005,28.305800833000035],[83.95216126600008,28.305093457000055],[83.95021901700005,28.305999770000028],[83.94873076700009,28.30404077000003],[83.94707958000004,28.30360920800007],[83.94548376700004,28.302144270000042],[83.94428351700003,28.299858208000046],[83.94180420400005,28.29888470800006],[83.93841895400004,28.298402645000067],[83.93739714200007,28.295466770000075],[83.93472276600005,28.292595520000077],[83.93311326700007,28.294747270000073],[83.93216495400003,28.29726702100004],[83.92995164200005,28.297615645000064],[83.92751351600003,28.301043895000078],[83.92598682900007,28.30134083300004],[83.92085701700006,28.29939083200003],[83.91562351600004,28.294951895000054],[83.91367301700006,28.294655145000036],[83.91275257900008,28.292502082000055],[83.91023139200007,28.291489520000027],[83.90809382900005,28.292776520000075],[83.90506232900003,28.293331770000066],[83.90018126600006,28.29234002000004],[83.89614614100003,28.294419520000076],[83.89462057900005,28.29653477000005],[83.88900926700006,28.29751177000003],[83.88678157900006,28.297171520000063],[83.88530826600004,28.29463202000005],[83.88022020400007,28.290803270000026],[83.88192620400008,28.289399083000035],[83.87809826600005,28.282191457000067],[83.87986520400005,28.281168645000037],[83.88517882900004,28.27923508200007],[83.88575820400007,28.27640395700007],[83.88376151600005,28.27380533200005],[83.88349726700005,28.27190758300003],[83.88419332900008,28.267833332000066],[83.88558151600006,28.265833145000045],[83.88444257900005,28.263278082000056],[83.88428314200007,28.258968458000027],[83.88306207900007,28.256415583000035],[83.88071020400008,28.255095895000068],[83.87829120400005,28.257088332000023],[83.87418382900006,28.258858020000048],[83.87176289100006,28.258846770000048],[83.86993358000007,28.260844895000048],[83.86663995400005,28.262501520000058],[83.86490558000008,28.264140145000056],[83.86199557900005,28.265554145000067],[83.86116889200008,28.26655514500004],[83.85914032900007,28.26601377000003],[83.85726676700006,28.266772208000077],[83.85498439200006,28.265964332000067],[83.85292170400004,28.266415645000052],[83.85121570400008,28.26578420800007],[83.85014414100004,28.264090895000038],[83.84761557900003,28.262438770000074],[83.84263882900007,28.26261139500008],[83.84041970500004,28.263312770000027],[83.83842007900006,28.265219208000076],[83.83659601600004,28.263727895000045],[83.83678170400003,28.26271733200008],[83.83348239200006,28.260885770000073],[83.83064739100007,28.261238770000034],[83.82440607900008,28.255328458000065],[83.82485126600005,28.25113008200003],[83.82143214200005,28.247754833000045],[83.82036576700006,28.247232207000025],[83.81848751700005,28.244734270000038],[83.81668951700004,28.24439570800007],[83.81243901600004,28.241174708000074],[83.80800989100004,28.236843270000065],[83.80543620400005,28.23353195800007],[83.80179226700005,28.23026189500007],[83.80044520400008,28.228371395000067],[83.80745507900008,28.22353720800004],[83.81000245400008,28.220537645000036],[83.81136251700008,28.219822020000038],[83.81422282900007,28.217474895000066],[83.81485864100006,28.21478177000006],[83.81882414200004,28.209861645000046],[83.82045395400007,28.211445395000055],[83.82256776600008,28.21205958300004],[83.82624864100006,28.21416270800006],[83.82992207900008,28.213619020000067],[83.83210370400008,28.21411358200004],[83.83520907900004,28.212495082000032],[83.83745520400004,28.21266927000005],[83.83988489200004,28.211848583000062],[83.84329001600008,28.208305645000053],[83.84480445400004,28.204020395000043],[83.84735989100005,28.20346820800006],[83.84909770400003,28.20162902000004],[83.84887733000005,28.19895283200003],[83.85073939100005,28.198986520000062],[83.85372814200008,28.196451333000027],[83.85624751700004,28.19538452000006],[83.85810939200007,28.19385214500005],[83.86014776700006,28.195113332000062],[83.86262632900008,28.195458770000073],[83.86487132900004,28.197275020000063],[83.86802007900008,28.197167583000066],[83.87027920400004,28.196328145000052],[83.87313220400006,28.197499582000034],[83.87599495400008,28.196689895000077],[83.87748707900005,28.194753083000023],[83.87808032900006,28.192944083000043],[83.88039757900003,28.192104520000044],[83.88213514200004,28.192618208000056],[83.88616632900005,28.192389208000066],[83.88730026700006,28.193349083000044],[83.89294257900008,28.19442308300006],[83.89521495400004,28.192184333000057],[83.89858389100004,28.190954958000077],[83.90084376700008,28.188962020000076],[83.90169095400006,28.18608583300005],[83.90481245400008,28.183924270000034],[83.90681564200008,28.177752395000027],[83.90970857900004,28.175624395000057],[83.91251476600007,28.17467620700006],[83.91503726600007,28.173087208000027],[83.91821076600007,28.172890582000036],[83.91863733000008,28.17157089500006],[83.92332857900004,28.168861520000064],[83.92563301600006,28.168314458000054],[83.92720401700007,28.16559645700005],[83.92733057900006,28.164220207000028],[83.92924807900005,28.160441895000076],[83.92456770400008,28.15517539500007],[83.92552114100005,28.15292864500003],[83.92543276700007,28.151414583000076],[83.92649176600008,28.14863989500003],[83.92956339200003,28.14744564500006],[83.93214183000003,28.14399927000005],[83.93568095400008,28.143319645000076],[83.93919214100004,28.141477833000067],[83.94182164200004,28.140969020000057],[83.94753982900005,28.141230833000066],[83.95046189200008,28.14174633300007],[83.95450945400006,28.140804583000033],[83.95690964200008,28.139207957000053],[83.96000726700004,28.139156895000042],[83.96267432900004,28.140904082000077],[83.96349820500006,28.138930020000032],[83.96578445400007,28.140677020000055],[83.97060883000006,28.143299957000067],[83.97206126600008,28.141700582000055],[83.97845201700005,28.14294039500004],[83.98233757900005,28.142995145000043],[83.98185114200004,28.140413833000025],[83.98414182900007,28.140217833000065],[83.98610920400006,28.137896270000056],[83.98857764200005,28.138444770000035],[83.98909139200003,28.136574332000066],[83.99222770400007,28.137226645000055],[83.99259439200006,28.134717645000023],[83.99417195400008,28.13576239500003],[83.99727545400003,28.133368520000033],[84.00144007900008,28.132971395000027],[84.00247664200003,28.131513833000042],[84.00414414200003,28.13121370700003],[84.00462382900008,28.129760583000063],[84.00275176600007,28.128704707000054],[84.00106451600004,28.12676877000007],[84.00170364200005,28.123490332000074],[84.00105876700007,28.12127689500005],[84.00419770400003,28.117698270000062],[84.00583632900003,28.11735752000004],[84.00689657900006,28.115800645000036],[84.00848876700007,28.115631332000078],[84.01122620400008,28.112812957000074],[84.01167670400008,28.110576895000065],[84.01345326700005,28.109739645000047],[84.01678901600008,28.11043195700006],[84.01635208000005,28.107460395000032],[84.01453333000006,28.10599852000007],[84.01844057900007,28.104883457000028],[84.02102276700003,28.104571708000037],[84.02266970500006,28.103747832000067],[84.02868932900003,28.10545927000004],[84.03019695500006,28.104060020000077],[84.03020039200004,28.102760395000075],[84.02803739200004,28.101400270000056],[84.02759208000003,28.09889133300004],[84.02996070500006,28.09624189500005],[84.03056495400006,28.099420957000063],[84.03257332900006,28.099880770000027],[84.03464482900006,28.099311645000057],[84.03740189200005,28.09653339500005],[84.04118514200007,28.096209645000044],[84.04196133000005,28.094882708000057],[84.04421907900007,28.094511957000066],[84.04357832900007,28.093262082000024],[84.04025082900006,28.092320020000045],[84.04003789200004,28.091094895000026],[84.04466732900005,28.090105208000068],[84.04480095500008,28.088710708000065],[84.04801607900004,28.086462333000043],[84.04927914100006,28.084264208000036],[84.05195557900004,28.083290645000034],[84.05446289200006,28.084454020000067],[84.05709020400008,28.08833158300007],[84.06104382900008,28.08781552000005],[84.06310614200004,28.086431395000034],[84.06510839200007,28.083686770000043],[84.06918482900005,28.08116670700008],[84.06956145500004,28.079356895000046],[84.07178164200008,28.077534895000042],[84.07725501700008,28.08401214500003],[84.07927739200005,28.087041270000043],[84.08104926600004,28.091383645000064],[84.08535895400007,28.092759645000058],[84.08961226700006,28.09464777000005],[84.09086758000007,28.09646102000005],[84.09124251700007,28.098356083000056],[84.09301801700008,28.099812520000057],[84.09331870500006,28.10103970800003],[84.09582433000008,28.103668895000055],[84.09848301700004,28.10484933200007],[84.10088108000008,28.107537145000038],[84.10273401700005,28.10821039500007],[84.10439982900004,28.10983595700003],[84.10784157900008,28.11033870700004],[84.10900576700004,28.10993389500004],[84.11297570500005,28.107166707000033],[84.11576126700004,28.10600683200005],[84.11870282900009,28.106983583000044],[84.11865520400005,28.108526957000038],[84.12082033000007,28.10979764500007],[84.12278689100003,28.110132083000053],[84.12629757900004,28.11260633200004],[84.12736645500007,28.114818832000026],[84.13002945400007,28.115888083000073],[84.12993089200006,28.119103395000025],[84.12637914100003,28.121410457000025],[84.12434251600007,28.122053082000036],[84.12366001700008,28.123091645000045],[84.12421089200006,28.125424145000068],[84.12360770400005,28.127617832000055],[84.12630770400006,28.12861270700006],[84.12560039200008,28.131005020000032],[84.12333001700006,28.130512958000054],[84.11796645400005,28.131713520000062],[84.11808664200004,28.133369582000057],[84.11447470400003,28.134250333000068],[84.11251158000005,28.135197395000034],[84.11189276700009,28.138002457000027],[84.11396064100006,28.14249764500005],[84.11292701700006,28.144524645000047],[84.11584676700005,28.145605207000074],[84.11428426600008,28.14847208300006],[84.11579645500007,28.15026908200008],[84.11761451600006,28.150028457000076],[84.11890626700006,28.15098845700004],[84.11748095500008,28.152181020000057],[84.11812957900008,28.15860870800003],[84.12030320400004,28.16007789500003],[84.12084751600008,28.161252957000045],[84.12435957900004,28.16134233200006],[84.12900989200006,28.162646708000068],[84.13001782900005,28.163981457000034],[84.13308445400008,28.16509314500007],[84.13421651700008,28.16818545700005],[84.13614676700007,28.168095520000065],[84.14252220400004,28.173371083000063],[84.14470964200007,28.17330108300007],[84.14665483000005,28.175469582000062],[84.14544976700006,28.176894583000035],[84.14606432900007,28.179427770000075],[84.14535376700007,28.18050702000005],[84.14605489200005,28.18278964500007],[84.14468095400008,28.183170145000076],[84.14422439200007,28.185275770000032],[84.14574495400007,28.186111270000026],[84.14376533000006,28.188268145000052],[84.14507076700005,28.18990933300006],[84.14867807900004,28.190081458000066],[84.14990007900008,28.191370707000033],[84.14749326700007,28.192411207000077],[84.14688532900004,28.196243082000024],[84.14488370500004,28.19874520700006],[84.14135907900004,28.200037207000037],[84.13418326700008,28.201691520000054],[84.13276351700006,28.202904583000077],[84.13080807900008,28.20346377000004],[84.12924214100008,28.203074895000043],[84.12818257900005,28.206293395000046],[84.12983095500005,28.20899033200004],[84.12516914200006,28.209394083000063],[84.12245307900008,28.21038027000003],[84.11861039200005,28.209880458000043],[84.11449432900008,28.20982308300006],[84.11082670400003,28.21136489500003],[84.11061883000008,28.21541508200005],[84.11172676700005,28.21836314500007],[84.10895545400007,28.22138433300006],[84.10469208000006,28.221577208000042],[84.09989539200006,28.223758020000048],[84.09728614200003,28.222503208000035],[84.09202070400005,28.217892833000064],[84.08875464200008,28.219467520000023],[84.08754120500004,28.21840783300007],[84.08632845400007,28.213440270000035],[84.08500608000008,28.212191145000077],[84.07954145500008,28.21033295700005],[84.07396926600006,28.210114958000077],[84.07222651700005,28.209405145000062],[84.07008564100005,28.209539395000036],[84.06952683000003,28.211396645000036],[84.07109695500003,28.21201177000006],[84.07418301700005,28.21210039500005],[84.07589151600007,28.211587270000052],[84.08061282900007,28.212365270000078],[84.08388757900008,28.213956207000024],[84.08411183000004,28.214831520000075],[84.08163414200004,28.217639833000078],[84.07926989100008,28.218981520000057],[84.07329670400009,28.217434770000068],[84.07061439200004,28.21701877000004],[84.06929882900005,28.218233333000057],[84.06724614200004,28.218633708000027],[84.06426989100004,28.22083727000006],[84.06109151700008,28.220118957000068],[84.05899932900007,28.21878195800008],[84.05651570400005,28.21893639500007],[84.05406732900008,28.218366520000075],[84.05359289100005,28.22010858300007],[84.05840564200008,28.225528457000053],[84.05836114200008,28.22741927000004],[84.05497389200008,28.231362395000076],[84.05491032900005,28.23348333200005],[84.05570745400007,28.23594014500003],[84.05753339100005,28.23838289500003],[84.05889507900008,28.243519895000077],[84.06033026700004,28.247512895000057],[84.05982801700003,28.248663833000023],[84.06233339200008,28.251331895000078],[84.06226614100007,28.252888770000027],[84.06350489200008,28.253996020000045],[84.06413764200005,28.258494708000057],[84.06480314200007,28.259683520000067],[84.06365676700005,28.26404539500004],[84.06441314100005,28.26693083300006],[84.06347557900006,28.271121208000068],[84.06251857900008,28.272813832000054],[84.06207057900008,28.27551708200008],[84.06301601700005,28.277335208000068],[84.06330951600006,28.280171207000024],[84.05977089200007,28.282203458000026],[84.05598476600005,28.287031270000057],[84.05057545400007,28.289779208000027],[84.04551789200008,28.29408145800005],[84.03858389200008,28.297039270000027],[84.03360176700005,28.300359583000045],[84.03059008000008,28.30519545800007],[84.02828039100007,28.306784332000063],[84.02753095400004,28.30979439500004],[84.02826782900007,28.312370833000045],[84.02503926700007,28.316143958000055],[84.02502289200004,28.318337082000028],[84.02213401700004,28.323057645000063],[84.02166889200004,28.32576977000008],[84.02078439200005,28.327489145000072]]]}},{"type":"Feature","properties":{"STATE_CODE":4,"DISTRICT":"KASKI","GaPa_NaPa":"Rupa","Type_GN":"Gaunpalika","Province":"Gandaki","provinceId":"4","provinceCode":"4","provinceName":"Gandaki","districtId":"405","districtName":"Kaski","municipalityId":"40505","municipalityCode":"40505","municipalityName":"Rupa Rural Municipality","municipalityNameNe":"रूपा गाउँपालिका","municipalityType":"rural_municipality"},"geometry":{"type":"Polygon","coordinates":[[[84.19572420400004,28.192768208000075],[84.19452076700009,28.19202308200005],[84.18948908000004,28.191163707000044],[84.18335795500008,28.192261833000032],[84.17391332900007,28.19481927000004],[84.17015139200004,28.19388314500003],[84.16798139200006,28.192568145000052],[84.16626601600007,28.189598708000062],[84.16500026700004,28.188981958000056],[84.15917720400006,28.19129483300003],[84.15569826700005,28.191274020000037],[84.15382914200006,28.191853707000064],[84.15088676700003,28.191911145000063],[84.14990007900008,28.191370707000033],[84.14867807900004,28.190081458000066],[84.14507076700005,28.18990933300006],[84.14376533000006,28.188268145000052],[84.14574495400007,28.186111270000026],[84.14422439200007,28.185275770000032],[84.14468095400008,28.183170145000076],[84.14605489200005,28.18278964500007],[84.14535376700007,28.18050702000005],[84.14606432900007,28.179427770000075],[84.14544976700006,28.176894583000035],[84.14665483000005,28.175469582000062],[84.14470964200007,28.17330108300007],[84.14252220400004,28.173371083000063],[84.13614676700007,28.168095520000065],[84.13421651700008,28.16818545700005],[84.13308445400008,28.16509314500007],[84.13001782900005,28.163981457000034],[84.12900989200006,28.162646708000068],[84.12435957900004,28.16134233200006],[84.12084751600008,28.161252957000045],[84.12030320400004,28.16007789500003],[84.11812957900008,28.15860870800003],[84.11748095500008,28.152181020000057],[84.11890626700006,28.15098845700004],[84.11761451600006,28.150028457000076],[84.11579645500007,28.15026908200008],[84.11428426600008,28.14847208300006],[84.11584676700005,28.145605207000074],[84.11292701700006,28.144524645000047],[84.11396064100006,28.14249764500005],[84.11189276700009,28.138002457000027],[84.11251158000005,28.135197395000034],[84.11447470400003,28.134250333000068],[84.11808664200004,28.133369582000057],[84.11796645400005,28.131713520000062],[84.12333001700006,28.130512958000054],[84.12560039200008,28.131005020000032],[84.12630770400006,28.12861270700006],[84.12360770400005,28.127617832000055],[84.12421089200006,28.125424145000068],[84.12366001700008,28.123091645000045],[84.12434251600007,28.122053082000036],[84.12637914100003,28.121410457000025],[84.12993089200006,28.119103395000025],[84.13002945400007,28.115888083000073],[84.12736645500007,28.114818832000026],[84.12629757900004,28.11260633200004],[84.12278689100003,28.110132083000053],[84.12082033000007,28.10979764500007],[84.11865520400005,28.108526957000038],[84.11870282900009,28.106983583000044],[84.12221432900003,28.10598545700003],[84.12535908000007,28.105991645000074],[84.12800426700005,28.105165645000056],[84.13014376700005,28.10516814500005],[84.13405182900004,28.10440852000005],[84.14123964100008,28.104369707000046],[84.14449845400009,28.105126707000068],[84.14566589200007,28.106088895000028],[84.14803732900003,28.105436583000028],[84.14987551700005,28.10310602000004],[84.15263957900004,28.103057832000047],[84.15302957900008,28.101525457000037],[84.15582501700004,28.100484270000038],[84.16054295500004,28.09701764500005],[84.16475076700004,28.09960970800006],[84.16704520400003,28.099701707000065],[84.16793645500007,28.100765583000054],[84.17234276700003,28.099717707000025],[84.17741089200007,28.10028664500004],[84.18119476700008,28.10107814500003],[84.18124108000006,28.09949189500003],[84.18600107900005,28.09563170800004],[84.19055001700008,28.095842083000036],[84.19340826700005,28.094482020000044],[84.19684982900003,28.09529164500003],[84.19744676700003,28.096637833000045],[84.19957870400003,28.097128895000026],[84.20217964200003,28.095690082000033],[84.20507883000005,28.095715083000073],[84.20573151700006,28.094716833000064],[84.20792570400005,28.09503614500005],[84.20950382900008,28.09427564500004],[84.21388382900005,28.09462764500006],[84.21703551700006,28.097833457000036],[84.21946670400007,28.09837783200004],[84.22113545500008,28.099713207000036],[84.22489801700004,28.09881583200007],[84.22704689200003,28.097767582000074],[84.22811026700003,28.095701270000063],[84.23059382900004,28.098589770000046],[84.23138695500006,28.10162545700007],[84.22882408000004,28.106981707000045],[84.22560526700005,28.111838145000036],[84.22620951700003,28.115413395000076],[84.22456539200004,28.119317270000067],[84.21951520400006,28.12362152000003],[84.22017164200008,28.12460420800005],[84.21989889200006,28.128144770000063],[84.22066445400003,28.131895832000055],[84.22336951700004,28.134353082000075],[84.22908770400005,28.136114832000032],[84.23028932900007,28.137439520000044],[84.23069133000007,28.140595457000074],[84.22907232900008,28.142958270000065],[84.22466064200006,28.14673358300007],[84.22265883000006,28.15103739500006],[84.22437482900006,28.15429720800006],[84.22151482900006,28.156761207000045],[84.22073939200004,28.158826958000077],[84.22101464200006,28.163461020000057],[84.22187270500007,28.16488108200008],[84.21985139200007,28.16719252000007],[84.21793920400006,28.168623833000026],[84.21546851700003,28.172158833000026],[84.21602776700007,28.173748645000046],[84.21867170400003,28.17683558300007],[84.21955195500004,28.17907920700003],[84.22088451700006,28.18069033200004],[84.21967864200008,28.18157439500004],[84.21701076700003,28.181535832000066],[84.21496551700005,28.182608582000057],[84.21134982900008,28.183453520000057],[84.21009882900006,28.186542082000074],[84.20790151700004,28.189246145000027],[84.20385776700004,28.189326770000037],[84.19863326700005,28.187931020000065],[84.19643945400009,28.188202707000073],[84.19572420400004,28.192768208000075]]]}},{"type":"Feature","properties":{"STATE_CODE":4,"DISTRICT":"MANANG","GaPa_NaPa":"Chame","Type_GN":"Gaunpalika","Province":"Gandaki","provinceId":"4","provinceCode":"4","provinceName":"Gandaki","districtId":"402","districtName":"Manang","municipalityId":"40203","municipalityCode":"40203","municipalityName":"Chame Rural Municipality","municipalityNameNe":"चामे गाउँपालिका","municipalityType":"rural_municipality"},"geometry":{"type":"Polygon","coordinates":[[[84.28082620500004,28.470679333000078],[84.28314220500005,28.471407833000058],[84.28440708000005,28.474615708000044],[84.28647670500004,28.476984895000044],[84.28721683000003,28.47895752000005],[84.28919020500007,28.481552458000067],[84.29185364200004,28.484107521000055],[84.29133851700004,28.487617021000062],[84.29433445400008,28.49073089500007],[84.29814445400007,28.49352027100008],[84.29987176700007,28.496074957000076],[84.30078282900007,28.498313395000025],[84.30152164200007,28.502812833000064],[84.30344608000007,28.505211333000034],[84.30535551700007,28.50837702000007],[84.30497839200007,28.510688207000044],[84.30575245400007,28.51315020800007],[84.30519001700003,28.517431458000033],[84.30533607900009,28.51980233200004],[84.30771245500006,28.521554583000068],[84.31142914200007,28.52274639500007],[84.31387876700006,28.52566702100006],[84.31562576700009,28.52683170800003],[84.31656270400003,28.529796333000036],[84.31471364200007,28.52937645800006],[84.31104507900005,28.532469083000024],[84.30960276700006,28.53440370800007],[84.30891308000008,28.537081083000032],[84.30599682900004,28.540729145000057],[84.30498845500006,28.54436839600004],[84.30164570400007,28.54707645700006],[84.29718020500007,28.548828083000046],[84.29583551700006,28.54974702000004],[84.28899339200007,28.552460146000044],[84.28565639200008,28.550689333000037],[84.28326295500005,28.551752458000067],[84.28135970500006,28.553383145000055],[84.27893951700008,28.554015333000052],[84.27741289200003,28.55337995700006],[84.27217026700004,28.55231214500003],[84.26480195400006,28.55235152000006],[84.26196214200007,28.553841583000064],[84.26161895400008,28.55483270800005],[84.26184314200003,28.558685833000027],[84.26076351700004,28.560792895000077],[84.25944239200004,28.561885145000076],[84.25745226700008,28.564803958000027],[84.25533758000006,28.565665270000068],[84.25311389200004,28.568216645000064],[84.25322451700004,28.56959045800005],[84.25201858000008,28.571388583000044],[84.25138039200004,28.57385133300005],[84.24866501700006,28.575611583000068],[84.24734701700004,28.573249521000037],[84.24452695500008,28.570490833000065],[84.24175114200006,28.56705064500005],[84.23900026700005,28.564693271000067],[84.23495070400008,28.55961270800003],[84.23349214200005,28.556729520000033],[84.23347476700008,28.554938208000067],[84.23004851700006,28.55507039500003],[84.22843601700004,28.55388408300007],[84.22723345500003,28.55078389600004],[84.22570245500003,28.549279333000072],[84.22505589200006,28.546527833000027],[84.22279414200005,28.54215458300007],[84.22020958000007,28.539038520000076],[84.21959157900005,28.537200708000057],[84.21615207900004,28.53353770800004],[84.21247908000004,28.52845577000005],[84.21084601700005,28.525771208000037],[84.21167807900008,28.523145896000074],[84.20966664200006,28.517729708000047],[84.20652926700006,28.51485564500007],[84.20236901700008,28.51004720800006],[84.19904170400008,28.508044082000026],[84.19602901700006,28.507071520000068],[84.19131783000006,28.503822583000044],[84.18878301700005,28.502727333000053],[84.19072507900006,28.50000364500005],[84.18991395400008,28.497922333000076],[84.19023014200008,28.494625582000026],[84.19138026700006,28.492435458000045],[84.19126676700006,28.48897464500004],[84.19481501700005,28.48928545800004],[84.20045245400007,28.487300770000047],[84.20329526700004,28.488363708000065],[84.20843795400003,28.487342958000056],[84.21185620400007,28.485401895000052],[84.21399358000008,28.484861521000028],[84.22121457900005,28.48526064500004],[84.22239414200004,28.482539958000075],[84.22840233000005,28.480600958000025],[84.23110345500004,28.48236752100007],[84.23475220400007,28.483751083000072],[84.23769545400006,28.483612833000052],[84.24291264200008,28.48222058300007],[84.24711251700006,28.481912958000066],[84.25000032900004,28.482151332000058],[84.25505951700006,28.479903770000078],[84.25840732900008,28.47962902100005],[84.26098333000004,28.481711020000034],[84.26385589200004,28.481847645000073],[84.26864308000006,28.480193520000057],[84.27078070500005,28.477030583000044],[84.27305101700006,28.474882645000037],[84.27371151700004,28.47355470800005],[84.27581307900005,28.47232983300006],[84.27620851700004,28.471230270000035],[84.28082620500004,28.470679333000078]]]}},{"type":"Feature","properties":{"STATE_CODE":4,"DISTRICT":"MANANG","GaPa_NaPa":"Narphu","Type_GN":"Gaunpalika","Province":"Gandaki","provinceId":"4","provinceCode":"4","provinceName":"Gandaki","districtId":"402","districtName":"Manang","municipalityId":"40201","municipalityCode":"40201","municipalityName":"Narpa Bhumi Rural Municipality","municipalityNameNe":"नार्पा भूमि गाउँपालिका","municipalityType":"rural_municipality"},"geometry":{"type":"Polygon","coordinates":[[[84.22803776800004,28.89390883300007],[84.22451226700008,28.89163389600003],[84.22245788700008,28.891517657000065],[84.21962939200006,28.892345834000025],[84.21504974300007,28.894687670000053],[84.21054840000005,28.895587938000062],[84.20628270500004,28.895475771000065],[84.20260620100004,28.897481936000077],[84.19576263400006,28.899208085000055],[84.19286382900003,28.899164021000047],[84.18618176700005,28.900035209000066],[84.18139648500005,28.896675127000037],[84.17944382900004,28.894771959000025],[84.17508697600005,28.887075442000025],[84.17225839300005,28.881576584000072],[84.17092132600004,28.881361026000036],[84.16443270400003,28.877782583000055],[84.16138582900004,28.873152334000054],[84.15976715100004,28.87212564300006],[84.15811364200005,28.87235977200004],[84.15458679200003,28.87542535600005],[84.15311751600007,28.875754208000046],[84.15029907200005,28.87769510000004],[84.14825439500004,28.88019372800005],[84.14476889200006,28.87940695800006],[84.14061737200007,28.87924386800006],[84.14009094200009,28.881485002000034],[84.13792366400008,28.883044015000053],[84.13708496100008,28.88559724600003],[84.13274383600003,28.888511675000075],[84.12857818700007,28.88856317400007],[84.12688464200005,28.884625208000045],[84.12401914200007,28.882888396000055],[84.11987170500004,28.881416771000033],[84.11728668200004,28.880933780000078],[84.11167907800007,28.884407061000047],[84.11026001000005,28.884973544000047],[84.10150909500004,28.88690377900008],[84.09791531400003,28.88727313000004],[84.09609251700005,28.882696958000054],[84.09600482900004,28.881101958000045],[84.09216551700007,28.878927522000026],[84.09366164100004,28.875129521000076],[84.09375057900007,28.873200521000058],[84.09143066400009,28.87198068400005],[84.08969764200003,28.869598084000074],[84.08656311000004,28.86640931900007],[84.08660888600008,28.863332766000042],[84.08787536600005,28.86042215200007],[84.09118907900006,28.855298021000067],[84.08800701700005,28.852581583000074],[84.08705139200003,28.849489229000028],[84.08528137300004,28.849449175000075],[84.07828714200008,28.846367521000047],[84.07424845500003,28.841625271000055],[84.06562805300007,28.840456026000027],[84.06254577600004,28.838981646000036],[84.05997301800005,28.840299021000078],[84.05908966100003,28.84184648400003],[84.05727501800004,28.842526958000064],[84.05392456100003,28.842496889000074],[84.05335235600006,28.839202898000053],[84.05226308000005,28.836539083000048],[84.04946320400006,28.833359020000046],[84.04798976700005,28.83012883300006],[84.04832826700004,28.827328833000024],[84.04946899400005,28.824211138000067],[84.04925851700006,28.822297458000037],[84.04711214200006,28.82150864600004],[84.04555745400006,28.817969333000065],[84.04331970200008,28.81740381000003],[84.04156494100005,28.814844148000077],[84.03820239100008,28.812714895000056],[84.03321270400005,28.811561083000072],[84.02913665800008,28.81123544500008],[84.02623748800005,28.80893899700004],[84.02605795500006,28.806664708000028],[84.02665020400008,28.803603020000025],[84.02473316700008,28.80122313100003],[84.02745520400003,28.80042852100007],[84.03009833000004,28.79821927100005],[84.03349595400005,28.791016958000057],[84.03539195400003,28.789301833000025],[84.03429045400009,28.784868895000045],[84.03605470400004,28.78202120800006],[84.03571926700005,28.78028183400005],[84.03258133000008,28.77567339500007],[84.02975183000007,28.773075021000068],[84.02444739100008,28.77229545800003],[84.02407614100008,28.771329896000054],[84.02646501700008,28.768935708000072],[84.02706639200005,28.767349583000055],[84.02474389200006,28.763250645000028],[84.02586526600004,28.758801395000035],[84.02662870400007,28.75421452100005],[84.02639289200005,28.751870521000058],[84.02467576700008,28.75000502000006],[84.02512770400006,28.743392208000046],[84.02691951700007,28.74267227000007],[84.02924251600007,28.740708896000058],[84.03182526700004,28.739905083000053],[84.03678526700008,28.735707458000036],[84.03701589200006,28.732675146000076],[84.03984570400007,28.729233770000064],[84.04295164100006,28.727073708000034],[84.04666707900003,28.726677645000052],[84.05115720400005,28.725083208000058],[84.05313732900004,28.725055396000073],[84.05653407900007,28.72249552100004],[84.05980382900003,28.721296146000043],[84.06455233000008,28.72125333300005],[84.06940582900006,28.72426964600004],[84.07600539100008,28.725220458000024],[84.07909720400005,28.726211333000037],[84.08504414200007,28.72981752100003],[84.08972026700008,28.730053646000044],[84.09274670500008,28.72883333300007],[84.09548051700006,28.726072208000062],[84.09941382900007,28.72459383300003],[84.10312976700004,28.724990396000067],[84.10445614200006,28.725833145000024],[84.10702889200007,28.725831146000075],[84.11011545500008,28.724919458000045],[84.11484926700007,28.724825270000053],[84.11587708000008,28.723463958000025],[84.11628520500005,28.720199020000052],[84.11525014200004,28.714846083000054],[84.11370376700006,28.71230920800008],[84.11410926700006,28.706594083000027],[84.11311226700008,28.703686833000063],[84.11651695400008,28.701276645000064],[84.11838845400007,28.699233208000066],[84.12204251700007,28.694374770000024],[84.12461151700006,28.69051895800004],[84.12533776700008,28.68803877000005],[84.12973195500007,28.68721114500005],[84.13349164200008,28.683987958000046],[84.13754514200008,28.68304539500008],[84.13965845400008,28.681324020000034],[84.14130370400005,28.676904833000037],[84.14414376700006,28.67354695800003],[84.14672070500006,28.67151814500005],[84.15041376700003,28.670557520000045],[84.15262489200006,28.668905770000038],[84.15558195400007,28.667650270000024],[84.16084501700004,28.66736883300007],[84.16388176700008,28.66688689600005],[84.16976176700007,28.66397820800006],[84.17208264200008,28.661644770000066],[84.17443395400005,28.660170708000066],[84.17767257900005,28.659521271000074],[84.18105307900004,28.657763771000077],[84.18527120400006,28.65450695800007],[84.18727970500004,28.653400958000077],[84.18878376700007,28.65177895800008],[84.19035489200007,28.648446645000035],[84.18790301700005,28.64560508200003],[84.18785051700007,28.64360395800003],[84.18905489200006,28.640764082000032],[84.19155151700005,28.636976958000048],[84.18917345500006,28.633966083000075],[84.18784401700003,28.63077770800004],[84.18839620400007,28.628886333000025],[84.19154764200005,28.625691708000033],[84.19371232900005,28.622956458000033],[84.19452489200006,28.620520895000027],[84.19449608000008,28.617263021000042],[84.19659658000006,28.61512570800005],[84.19982801700007,28.61318295800004],[84.20504801700008,28.607178333000036],[84.20742264200004,28.605114770000057],[84.20731089200007,28.603057333000038],[84.20961901700008,28.602153583000074],[84.21310801700008,28.598624021000035],[84.21461264100003,28.596160146000045],[84.21628651700007,28.59508583300004],[84.21656483000004,28.593851271000062],[84.21835076700006,28.593185082000048],[84.21998276700003,28.59092177000008],[84.22166145400007,28.58977520800005],[84.22311589200007,28.58549739500006],[84.22311220400007,28.583744333000027],[84.22431520400005,28.582553333000078],[84.22658251700005,28.581674208000038],[84.22757214200004,28.580233083000053],[84.23026282900008,28.578538708000053],[84.23217676700006,28.57815864500003],[84.23330833000006,28.57678045800003],[84.23550476700007,28.576025333000075],[84.23564382900008,28.57477295800004],[84.23741370500005,28.57358083300005],[84.24046170500003,28.573198707000074],[84.24175114200006,28.56705064500005],[84.24452695500008,28.570490833000065],[84.24734701700004,28.573249521000037],[84.24866501700006,28.575611583000068],[84.24859857900003,28.57750683300003],[84.24681445500005,28.578990145000034],[84.24522776700007,28.584502583000074],[84.24471989200003,28.58869770800004],[84.24310226700004,28.591010957000037],[84.24584651700007,28.595676207000054],[84.24814089200004,28.59814708300007],[84.24957339200006,28.599004020000052],[84.25081414200008,28.60657864600006],[84.25252958000004,28.619654083000057],[84.25393326700004,28.625339146000044],[84.25846289200007,28.628989708000063],[84.25929526700008,28.631336770000075],[84.26083095500007,28.63265814600004],[84.26610289100006,28.634678458000053],[84.27030870500005,28.63674577100005],[84.27244520400006,28.638406520000046],[84.27710658000007,28.64074345800003],[84.28075432900005,28.643664396000077],[84.28801101700003,28.65142833300007],[84.29257333000004,28.651840458000038],[84.29962320500005,28.65522508300006],[84.30116070400004,28.65685733300006],[84.30670551800006,28.65746983300005],[84.31083426700008,28.65822752100007],[84.31837395400004,28.660407458000066],[84.32505651700006,28.662611646000073],[84.32622795500004,28.664427270000033],[84.32658151700008,28.666662208000048],[84.32878257900006,28.67151883300005],[84.32913195400005,28.673609458000044],[84.33202514200008,28.67555614500003],[84.33265626700006,28.676924083000074],[84.33163476700008,28.679557208000062],[84.33286895400005,28.682902270000056],[84.33267989200004,28.684416646000045],[84.32976176700004,28.686831020000056],[84.33252951700007,28.690461146000075],[84.34174508000007,28.69253864500007],[84.34572889200007,28.693060958000046],[84.35007014200005,28.694299646000047],[84.35292557900004,28.696710833000054],[84.35384839200003,28.698147833000064],[84.35833276700004,28.701484083000025],[84.36493683000003,28.703695458000027],[84.36908257900006,28.704469333000077],[84.37277776700006,28.70442989600008],[84.38101326700007,28.703511270000035],[84.38521139200003,28.703682146000062],[84.38962926700003,28.709136020000074],[84.39188608000006,28.71024402000006],[84.39561539200008,28.710558020000065],[84.39664264200007,28.71370683300006],[84.39595139200009,28.716865146000032],[84.39381839200007,28.719150021000075],[84.39167457900004,28.723190145000046],[84.39276889200005,28.726817021000045],[84.39502583000007,28.728358146000062],[84.39543364200006,28.73044608300006],[84.39744576700008,28.731852521000064],[84.40623558000004,28.733435021000048],[84.40981307900006,28.733503146000032],[84.41633345500009,28.736420646000056],[84.41950470500007,28.73648083300003],[84.42033764300004,28.73721370800007],[84.42060995500003,28.741129458000046],[84.42168001700009,28.744325208000078],[84.42334620500003,28.74739958300006],[84.42533895400004,28.750001396000073],[84.42205676700007,28.754298208000023],[84.42001795500005,28.75631702100003],[84.41790283000006,28.756910146000052],[84.41821076700006,28.758030458000064],[84.41732689200006,28.76158877000006],[84.41833026700004,28.76455695800007],[84.41832295500006,28.76721914500007],[84.42005064300008,28.76895095800006],[84.42336208000006,28.771325270000034],[84.42447139300003,28.771619646000033],[84.43024282900006,28.770901958000024],[84.43489376700006,28.768470833000038],[84.43874626700006,28.76925033300006],[84.43964726700005,28.772681083000066],[84.44194945500004,28.776353208000046],[84.44596595400003,28.779791833000047],[84.44809439200003,28.78241758300004],[84.44788470500004,28.783846396000058],[84.44610545500007,28.78654602000006],[84.44634101700007,28.78983458400006],[84.44752208000006,28.793077208000057],[84.44101139300005,28.795945708000033],[84.43676433000007,28.79891052100004],[84.43421314200003,28.80135302000008],[84.43339189200003,28.804523208000035],[84.43341364200006,28.80700027000006],[84.43214826800005,28.812739271000055],[84.43333164200004,28.815345708000052],[84.43746720500008,28.820460395000055],[84.43223633000008,28.82291377100006],[84.43049783000004,28.823002833000032],[84.42733214200007,28.825262208000026],[84.42262764300006,28.830806583000026],[84.42048295400008,28.83154427000005],[84.41805908000003,28.83121120800007],[84.41646801700006,28.830250458000023],[84.41155945400004,28.828733646000046],[84.40794664200007,28.828663395000035],[84.40610120400004,28.82979927100007],[84.40277564200005,28.830147646000057],[84.40258914200007,28.834784395000042],[84.40141126700007,28.836649145000024],[84.40205245400006,28.83797158300007],[84.40512701700004,28.840563583000062],[84.40904889200004,28.84190764600004],[84.41118464200008,28.846147083000062],[84.41096676700005,28.850208645000066],[84.41157833000005,28.85274483300003],[84.41075826700006,28.853559520000033],[84.40672614200008,28.85396202100003],[84.40468695500005,28.854965271000026],[84.39938776700006,28.85846452000004],[84.39443270500004,28.86037189500007],[84.39106732900007,28.861130708000076],[84.38667101700008,28.861215583000046],[84.38456514200004,28.86160289600008],[84.37924364200006,28.863991333000058],[84.37690333000006,28.864255083000046],[84.37173008000008,28.86086727000003],[84.36782764200007,28.86163827000007],[84.36264151700004,28.85939177100005],[84.35893439200004,28.859401708000064],[84.35879133000003,28.860295458000053],[84.35482451700005,28.86458120800006],[84.34964045400005,28.868274333000045],[84.34671039200003,28.872013459000073],[84.34472245400008,28.872902896000028],[84.34285214200008,28.87235270900004],[84.33726339200007,28.868470583000033],[84.33692232900006,28.86582958300005],[84.33485689200006,28.864334459000077],[84.33111757900008,28.863542771000027],[84.32884876700007,28.86232558300003],[84.32576126700008,28.862590271000045],[84.32456295400004,28.86398964500006],[84.32298495500004,28.867354958000078],[84.31776095500004,28.86971139600007],[84.31356120500004,28.869042145000037],[84.30856001700005,28.869906583000045],[84.30670064200007,28.871052333000023],[84.30113364200008,28.871998895000047],[84.30015470400008,28.872720770000058],[84.29465926800003,28.874316708000038],[84.28954626700005,28.877102646000026],[84.28831876700008,28.88091802100007],[84.28457695500003,28.883536270000036],[84.28077533000004,28.885437083000056],[84.27615908000007,28.886617458000046],[84.27474764200008,28.88946752100003],[84.27442851700005,28.89240783400004],[84.27081895400005,28.894418521000034],[84.26817551700003,28.897548396000047],[84.26538351700003,28.897544895000067],[84.26039108000003,28.895467833000055],[84.25668751600006,28.89040783400003],[84.25155489200006,28.890561896000065],[84.24741095500008,28.890362021000044],[84.24391751700006,28.891225646000066],[84.23970270400008,28.891154270000072],[84.23721658000005,28.892385959000023],[84.23179595400006,28.89221939600003],[84.22948482900006,28.892690396000035],[84.22803776800004,28.89390883300007]]]}},{"type":"Feature","properties":{"STATE_CODE":4,"DISTRICT":"MANANG","GaPa_NaPa":"Nashong","Type_GN":"Gaunpalika","Province":"Gandaki","provinceId":"4","provinceCode":"4","provinceName":"Gandaki","districtId":"402","districtName":"Manang","municipalityId":"40204","municipalityCode":"40204","municipalityName":"Nason Rural Municipality","municipalityNameNe":"नासोँ गाउँपालिका","municipalityType":"rural_municipality"},"geometry":{"type":"Polygon","coordinates":[[[84.43874626700006,28.76925033300006],[84.43489376700006,28.768470833000038],[84.43024282900006,28.770901958000024],[84.42447139300003,28.771619646000033],[84.42336208000006,28.771325270000034],[84.42005064300008,28.76895095800006],[84.41832295500006,28.76721914500007],[84.41833026700004,28.76455695800007],[84.41732689200006,28.76158877000006],[84.41821076700006,28.758030458000064],[84.41790283000006,28.756910146000052],[84.42001795500005,28.75631702100003],[84.42205676700007,28.754298208000023],[84.42533895400004,28.750001396000073],[84.42334620500003,28.74739958300006],[84.42168001700009,28.744325208000078],[84.42060995500003,28.741129458000046],[84.42033764300004,28.73721370800007],[84.41950470500007,28.73648083300003],[84.41633345500009,28.736420646000056],[84.40981307900006,28.733503146000032],[84.40623558000004,28.733435021000048],[84.39744576700008,28.731852521000064],[84.39543364200006,28.73044608300006],[84.39502583000007,28.728358146000062],[84.39276889200005,28.726817021000045],[84.39167457900004,28.723190145000046],[84.39381839200007,28.719150021000075],[84.39595139200009,28.716865146000032],[84.39664264200007,28.71370683300006],[84.39561539200008,28.710558020000065],[84.39188608000006,28.71024402000006],[84.38962926700003,28.709136020000074],[84.38521139200003,28.703682146000062],[84.38101326700007,28.703511270000035],[84.37277776700006,28.70442989600008],[84.36908257900006,28.704469333000077],[84.36493683000003,28.703695458000027],[84.35833276700004,28.701484083000025],[84.35384839200003,28.698147833000064],[84.35292557900004,28.696710833000054],[84.35007014200005,28.694299646000047],[84.34572889200007,28.693060958000046],[84.34174508000007,28.69253864500007],[84.33252951700007,28.690461146000075],[84.32976176700004,28.686831020000056],[84.33267989200004,28.684416646000045],[84.33286895400005,28.682902270000056],[84.33163476700008,28.679557208000062],[84.33265626700006,28.676924083000074],[84.33202514200008,28.67555614500003],[84.32913195400005,28.673609458000044],[84.32878257900006,28.67151883300005],[84.32658151700008,28.666662208000048],[84.32622795500004,28.664427270000033],[84.32505651700006,28.662611646000073],[84.31837395400004,28.660407458000066],[84.31083426700008,28.65822752100007],[84.30670551800006,28.65746983300005],[84.30116070400004,28.65685733300006],[84.29962320500005,28.65522508300006],[84.29257333000004,28.651840458000038],[84.28801101700003,28.65142833300007],[84.28075432900005,28.643664396000077],[84.27710658000007,28.64074345800003],[84.27244520400006,28.638406520000046],[84.27030870500005,28.63674577100005],[84.26610289100006,28.634678458000053],[84.26083095500007,28.63265814600004],[84.25929526700008,28.631336770000075],[84.25846289200007,28.628989708000063],[84.25393326700004,28.625339146000044],[84.25252958000004,28.619654083000057],[84.25081414200008,28.60657864600006],[84.24957339200006,28.599004020000052],[84.24814089200004,28.59814708300007],[84.24584651700007,28.595676207000054],[84.24310226700004,28.591010957000037],[84.24471989200003,28.58869770800004],[84.24522776700007,28.584502583000074],[84.24681445500005,28.578990145000034],[84.24859857900003,28.57750683300003],[84.24866501700006,28.575611583000068],[84.25138039200004,28.57385133300005],[84.25201858000008,28.571388583000044],[84.25322451700004,28.56959045800005],[84.25311389200004,28.568216645000064],[84.25533758000006,28.565665270000068],[84.25745226700008,28.564803958000027],[84.25944239200004,28.561885145000076],[84.26076351700004,28.560792895000077],[84.26184314200003,28.558685833000027],[84.26161895400008,28.55483270800005],[84.26196214200007,28.553841583000064],[84.26480195400006,28.55235152000006],[84.27217026700004,28.55231214500003],[84.27741289200003,28.55337995700006],[84.27893951700008,28.554015333000052],[84.28135970500006,28.553383145000055],[84.28326295500005,28.551752458000067],[84.28565639200008,28.550689333000037],[84.28899339200007,28.552460146000044],[84.29583551700006,28.54974702000004],[84.29718020500007,28.548828083000046],[84.30164570400007,28.54707645700006],[84.30498845500006,28.54436839600004],[84.30599682900004,28.540729145000057],[84.30891308000008,28.537081083000032],[84.30960276700006,28.53440370800007],[84.31104507900005,28.532469083000024],[84.31471364200007,28.52937645800006],[84.31656270400003,28.529796333000036],[84.31562576700009,28.52683170800003],[84.31387876700006,28.52566702100006],[84.31142914200007,28.52274639500007],[84.30771245500006,28.521554583000068],[84.30533607900009,28.51980233200004],[84.30519001700003,28.517431458000033],[84.30575245400007,28.51315020800007],[84.30497839200007,28.510688207000044],[84.30535551700007,28.50837702000007],[84.30344608000007,28.505211333000034],[84.30152164200007,28.502812833000064],[84.30078282900007,28.498313395000025],[84.29987176700007,28.496074957000076],[84.29814445400007,28.49352027100008],[84.29433445400008,28.49073089500007],[84.29133851700004,28.487617021000062],[84.29185364200004,28.484107521000055],[84.28919020500007,28.481552458000067],[84.28721683000003,28.47895752000005],[84.28647670500004,28.476984895000044],[84.28440708000005,28.474615708000044],[84.28314220500005,28.471407833000058],[84.28082620500004,28.470679333000078],[84.27801101700004,28.46773402100007],[84.27159764200007,28.460238333000063],[84.27115258000003,28.456394645000046],[84.27700282900008,28.452448083000036],[84.27887645400006,28.45089427000005],[84.28094595400006,28.446907770000053],[84.28261901700006,28.44631995800006],[84.28861126700008,28.445646271000044],[84.29032776700006,28.444843958000035],[84.29319776700004,28.44509277000003],[84.29804757900007,28.448098771000048],[84.30019776700004,28.448572333000072],[84.30384720500007,28.447697895000033],[84.30537764200005,28.446825833000048],[84.30902414200006,28.447392895000064],[84.31398695500008,28.44915489600004],[84.31931757900009,28.44963208300004],[84.32348095500004,28.449710270000026],[84.32743908000003,28.450914646000058],[84.33014895400004,28.452740146000053],[84.33784101700007,28.452317395000023],[84.33995014200008,28.45284008300007],[84.34100145500008,28.452090646000045],[84.34513133000007,28.45202608200003],[84.34771039200007,28.453382333000036],[84.35264120400007,28.452900270000043],[84.35745939200007,28.453686395000034],[84.36086276700007,28.452621457000077],[84.36272351700006,28.45252408300007],[84.36813570400005,28.453782020000062],[84.37090776700006,28.45309089500006],[84.37252520500004,28.453677583000058],[84.37642339200005,28.453788708000047],[84.37580995400003,28.45629702000008],[84.37357039200003,28.45886845700005],[84.37440908000008,28.46031464500004],[84.37658095400008,28.46096970800005],[84.38089858000006,28.460492896000062],[84.38231576700008,28.459839145000046],[84.39263326700006,28.457677645000047],[84.39682526700005,28.456600583000068],[84.40026420400005,28.456425833000026],[84.40438651700003,28.459881395000025],[84.40653239200003,28.460705270000062],[84.40841339200006,28.46319495800003],[84.40990289200005,28.464104271000053],[84.41247445400006,28.467160396000054],[84.41562401700008,28.470289146000027],[84.41723895400008,28.47141227000003],[84.41924995500005,28.477612833000023],[84.41956657900005,28.483414707000065],[84.41890132900005,28.48811189500003],[84.41950433000005,28.49109045800003],[84.42092051700007,28.492708208000067],[84.42164107900004,28.495208083000023],[84.42511239200007,28.503123208000034],[84.42812120400004,28.504548707000026],[84.43062351700007,28.506875895000064],[84.43242058000004,28.507538020000027],[84.43463695400004,28.50998564500003],[84.43898520500005,28.50942120800005],[84.44396707900006,28.510095395000064],[84.45259114200007,28.50680002000007],[84.45974095500009,28.501895958000034],[84.46353964200006,28.50000589600006],[84.46761720500007,28.491452395000067],[84.47041245500003,28.489592708000032],[84.47252364200006,28.485526521000054],[84.47242801800007,28.483985895000046],[84.47439657900009,28.482627582000077],[84.47663370500004,28.47938220700007],[84.47835814200005,28.47812845800007],[84.47914133000006,28.475980082000035],[84.48176226700008,28.472841521000078],[84.48509133000005,28.471297770000035],[84.48852026700007,28.47040558300006],[84.48871508000008,28.467943395000077],[84.49297126700003,28.46143027000005],[84.50000008000006,28.462654582000027],[84.50260607900003,28.462893145000066],[84.50445701700005,28.463937645000044],[84.50897458000009,28.464525458000026],[84.51117645400006,28.464208146000033],[84.51447807900007,28.465716333000046],[84.52235214300003,28.46815008300007],[84.52689957900003,28.47059170700004],[84.53202901700007,28.472451146000026],[84.53415464200003,28.472819583000046],[84.53537145400009,28.47081133300003],[84.54107201700003,28.47045264600007],[84.55200520500006,28.471141895000073],[84.55426951800007,28.47190658200003],[84.55820782900008,28.47414889600003],[84.56377108000004,28.476300896000055],[84.56661614200004,28.47854527000004],[84.57030068100005,28.48265629100007],[84.56841220400008,28.484193833000063],[84.56687089200005,28.48679489600005],[84.56919626700005,28.49502458300003],[84.56753633000005,28.49864814500006],[84.56728457900005,28.50136333300003],[84.56874439200004,28.504003646000058],[84.56865895500005,28.506048083000053],[84.57272183000003,28.509904833000064],[84.57166495400008,28.51263014600005],[84.57044451700006,28.513794958000062],[84.56915764200005,28.517344707000063],[84.56955014300007,28.52194108200007],[84.56896445500007,28.523831896000047],[84.56747639300005,28.52574227100007],[84.56636095500005,28.52854908300003],[84.56218476700008,28.532683895000048],[84.56181758000008,28.534494833000053],[84.56249232900007,28.537790458000075],[84.56106382900003,28.539436583000054],[84.56141501700006,28.54290283200004],[84.56113170500004,28.545611333000068],[84.56159326800008,28.550006645000053],[84.55895026700006,28.552508270000033],[84.55539839200009,28.552155146000075],[84.55235726700005,28.552596208000068],[84.55003858000003,28.55436089500006],[84.55046383000007,28.555672208000033],[84.55206764300004,28.556586208000056],[84.55395708000003,28.55909408200006],[84.54969832900008,28.56217970800003],[84.55293864200007,28.56983514600006],[84.55231770400007,28.57327827000006],[84.55071270400003,28.57648845800003],[84.55041657900006,28.57851789500006],[84.55110320500006,28.58410352100003],[84.54994395500006,28.585439333000068],[84.54900608000008,28.588924333000023],[84.54359076700007,28.598250333000067],[84.54403758000007,28.603232270000035],[84.54387014200006,28.606452458000035],[84.54317826700003,28.60839095800003],[84.54276801700007,28.61213777000006],[84.54337995500003,28.613419021000027],[84.54302233000004,28.61894802000006],[84.54307345500007,28.62379158300007],[84.54481295500005,28.626029458000062],[84.54412001800006,28.627780708000046],[84.54106608000006,28.629139833000067],[84.53814957900005,28.63351695800003],[84.53599895500008,28.638446083000076],[84.53623295400007,28.641326208000066],[84.53446495500003,28.643839770000056],[84.53358195500005,28.646227896000028],[84.53066708000006,28.647523083000067],[84.52709889300007,28.648110020000047],[84.52266533000005,28.649302646000024],[84.52093114200005,28.651739146000068],[84.52065751800006,28.653181833000076],[84.52307989200006,28.655013520000068],[84.52450239300003,28.66228389500003],[84.52409583000008,28.663476708000076],[84.51576601700003,28.672036708000064],[84.51473351700008,28.67447045800003],[84.51600920400006,28.678598770000065],[84.51620670500006,28.683116958000028],[84.51738814200007,28.686007020000034],[84.52066189300007,28.68782189600006],[84.52247001700005,28.68959502100006],[84.52290114200008,28.691529083000034],[84.52154083000005,28.695062833000065],[84.51751733000003,28.69628527100008],[84.51157614200008,28.696492896000052],[84.50685170500003,28.697920708000026],[84.50315083000004,28.698692583000025],[84.50060345400004,28.701921458000072],[84.49883476800005,28.703313208000054],[84.49447507900004,28.707988020000073],[84.49208820500007,28.71293758300004],[84.49049195400005,28.714599333000024],[84.48603939200007,28.71762952000006],[84.48401933000008,28.718309083000065],[84.48642070500006,28.720121208000023],[84.48683270500004,28.723975333000055],[84.48927120400003,28.728214708000053],[84.49296507900004,28.732517208000047],[84.49404258000004,28.734629333000044],[84.49171201800004,28.735297333000062],[84.48867158000007,28.739839520000032],[84.48584689200004,28.741122520000033],[84.48435670500004,28.743673458000046],[84.48419039200007,28.745201458000054],[84.48246570500004,28.74704052100003],[84.47778526700006,28.746853395000073],[84.47490570500008,28.748849145000065],[84.47051189200005,28.75094133300007],[84.46696476700004,28.751950833000024],[84.46333932900006,28.751038395000023],[84.46098589200005,28.752925708000078],[84.45993414200007,28.755241771000044],[84.45976339200007,28.757473583000035],[84.45663145500004,28.760105771000042],[84.45406714200004,28.764676208000026],[84.44842264200008,28.766362271000048],[84.44376020500005,28.767187645000035],[84.43874626700006,28.76925033300006]]]}},{"type":"Feature","properties":{"STATE_CODE":4,"DISTRICT":"MANANG","GaPa_NaPa":"Neshyang","Type_GN":"Gaunpalika","Province":"Gandaki","provinceId":"4","provinceCode":"4","provinceName":"Gandaki","districtId":"402","districtName":"Manang","municipalityId":"40202","municipalityCode":"40202","municipalityName":"Manang Ngisyang Rural Municipality","municipalityNameNe":"मनाङ ङिस्याङ गाउँपालिका","municipalityType":"rural_municipality"},"geometry":{"type":"Polygon","coordinates":[[[84.02473316700008,28.80122313100003],[84.02030944800003,28.801298159000055],[84.01612091000004,28.797479647000046],[84.01385498000008,28.798948305000067],[84.00678253200005,28.80166818400005],[84.00524902300003,28.80578233500006],[84.00268554600007,28.807680147000042],[83.99999237000003,28.81198312500004],[83.99446106000005,28.813995378000072],[83.98682403600003,28.81477357600005],[83.98232269300007,28.816762942000025],[83.97828422900005,28.817149521000033],[83.97535705500007,28.816406267000048],[83.97124326700003,28.81640820800004],[83.96916198800005,28.817602174000058],[83.96755218500005,28.82351114100004],[83.96609497100008,28.82667543200006],[83.96269226100009,28.83294107200004],[83.96134185800008,28.834278124000036],[83.95883178700007,28.834949511000048],[83.95343793300003,28.835008645000073],[83.95056915300006,28.833154695000076],[83.94480970400008,28.830022333000045],[83.94037628100006,28.824592607000056],[83.94172668500005,28.822467821000032],[83.94243621800007,28.819965380000042],[83.93948408000006,28.814295021000078],[83.94064331100003,28.810524004000058],[83.94420623800005,28.808479326000054],[83.94401550300006,28.803762453000047],[83.94288701700003,28.798476771000026],[83.94105726700008,28.793381708000027],[83.94179133000006,28.79119808300004],[83.94102478100007,28.788356798000052],[83.93791326700006,28.784770958000024],[83.93532801800006,28.78318145800006],[83.92880249100006,28.781290071000058],[83.92538452200006,28.779764192000073],[83.92224121100008,28.779350298000054],[83.91891314200006,28.778297145000067],[83.91699218900004,28.779104250000046],[83.91172401800003,28.779145458000073],[83.90895080600006,28.778076189000046],[83.90585327300005,28.775194185000032],[83.90205426600005,28.772729208000044],[83.89941406300005,28.770420091000062],[83.89776976700006,28.76786633300003],[83.89763120600009,28.766162895000036],[83.89582326700008,28.75991883300003],[83.89589691200007,28.756176011000036],[83.89277537800007,28.751110297000025],[83.89360782900008,28.747330271000067],[83.89326445900008,28.743615945000045],[83.88682556200007,28.74139406000006],[83.88329582900008,28.738540896000075],[83.88110415800008,28.73783703400005],[83.87977600100004,28.73584558300007],[83.87765502900004,28.73385049600006],[83.87658139100006,28.73147102100006],[83.87480207900006,28.729321583000058],[83.87410736100009,28.726934450000044],[83.86918164200006,28.72627952000005],[83.86619567900004,28.722646731000054],[83.86231231700003,28.723915117000047],[83.85999298100006,28.724231737000025],[83.85838317900004,28.725721376000024],[83.85568237300004,28.726625460000037],[83.85242607900005,28.726275771000076],[83.85003662100007,28.72677804700004],[83.84679732900008,28.726820083000064],[83.84265136700003,28.72509767300005],[83.83839595400008,28.72397427100003],[83.83663177500006,28.722148912000023],[83.83361816400009,28.720886247000067],[83.83234764100007,28.718811708000032],[83.82870483400006,28.718923586000074],[83.82564544600007,28.717729586000075],[83.82444277100007,28.71797754000005],[83.82409807900007,28.715672020000056],[83.82077420400003,28.713950708000027],[83.81657409700006,28.714674013000035],[83.81477356000005,28.714117067000075],[83.81195232900006,28.711585583000044],[83.80838157900007,28.707334583000033],[83.80532836900005,28.70489122200007],[83.80321502700008,28.70239450300005],[83.79996490400003,28.700847642000042],[83.79794311500007,28.699022310000032],[83.79528676600006,28.697465145000024],[83.79278132900004,28.696779958000036],[83.79133039200008,28.69311152100005],[83.79299426700004,28.691649833000042],[83.79853326700004,28.68800102000006],[83.80571714200005,28.684857458000067],[83.80882595500003,28.68427077000007],[83.81392083000009,28.68256770800008],[83.81743501700004,28.67997570800003],[83.82113514100007,28.676255708000042],[83.82615351600003,28.672896146000028],[83.83122589200008,28.67058320800004],[83.83903157900005,28.664661333000026],[83.84092614200006,28.661507208000046],[83.84459132900008,28.657707646000063],[83.84951607900007,28.655420958000036],[83.85218276600006,28.653276083000037],[83.85455007900003,28.650244083000075],[83.85810789200008,28.64434127000004],[83.85925626600005,28.640015145000064],[83.86225020400008,28.636065458000076],[83.86467651700008,28.631887208000023],[83.86639545400004,28.62802864500003],[83.86645645400006,28.626564458000075],[83.87189707900006,28.61926427000003],[83.87225764200008,28.616859583000064],[83.87366332900007,28.613142708000055],[83.87631820400009,28.613237645000027],[83.87983170400008,28.61123283300003],[83.88107514200004,28.611055708000038],[83.88550820400008,28.609083145000056],[83.88960414100006,28.606667895000044],[83.89125282900005,28.60644364500007],[83.89633326700005,28.606799583000054],[83.90242789200005,28.606698020000067],[83.90621382900008,28.605911083000024],[83.91320182900006,28.605976645000055],[83.91628564200005,28.60500389500004],[83.92196645400008,28.605636770000046],[83.92709245400005,28.60541402000007],[83.93143370400009,28.604840958000068],[83.93403639200005,28.60387433300008],[83.93746232900008,28.60165589500008],[83.94110520400005,28.60097389500004],[83.94384232900006,28.600975083000037],[83.94882489200006,28.602064521000045],[83.95162901700007,28.603696771000045],[83.95477526700006,28.60454614500003],[83.96191726700005,28.60454158300007],[83.96587126600008,28.605151770000077],[83.96776076600008,28.602799082000047],[83.97073532900004,28.600514270000076],[83.97260920400004,28.599731770000062],[83.97565095500005,28.599380395000026],[83.98118989200003,28.596175208000034],[83.98398395400005,28.593080145000044],[83.98798701700008,28.58681739600007],[83.99271007900006,28.58496770800008],[83.99512789200008,28.585491207000075],[83.99934051700006,28.584584333000066],[84.00476282900007,28.585689770000045],[84.01311020400004,28.586406708000027],[84.01557195400005,28.587060646000054],[84.01793258000004,28.584822271000064],[84.01923964200006,28.582448645000056],[84.02280464100005,28.578723146000073],[84.02785507900006,28.57647945800005],[84.03304407900004,28.572466896000037],[84.03636289100007,28.571509457000047],[84.04043064200005,28.569306270000027],[84.04329389200007,28.568761645000052],[84.04781701700006,28.566677646000073],[84.05130532900006,28.56681177100006],[84.05615532900003,28.564113770000063],[84.06127189200004,28.56359933300007],[84.06281633000003,28.56235545800007],[84.06455551700003,28.558298020000052],[84.06674970400007,28.55615814500004],[84.06929945400003,28.55472864500007],[84.07371583000008,28.548178895000035],[84.07763539200005,28.54472927000006],[84.08045814200005,28.542918145000044],[84.08350858000006,28.541991333000055],[84.08735232900005,28.53833839500004],[84.08931501700005,28.53913127000004],[84.09266057900004,28.53846795800007],[84.09701882900004,28.538758208000047],[84.10117720400007,28.53775570700003],[84.11102676700006,28.537312520000057],[84.11229726700003,28.537002333000032],[84.11597520400005,28.537326458000052],[84.12112845500008,28.536798583000063],[84.12464126700007,28.534600083000043],[84.12930533000008,28.534866458000067],[84.13173032900005,28.535631270000067],[84.13876514200007,28.53925220800005],[84.14022539200005,28.538580583000055],[84.14144389100005,28.534064708000074],[84.14681301700006,28.529670708000026],[84.14767420400005,28.527907707000054],[84.15318189100003,28.52340502000004],[84.15476482900004,28.519874521000077],[84.15891207900006,28.516370395000024],[84.16154026700008,28.516112333000024],[84.16341495400007,28.51296952000007],[84.16530858000004,28.511631520000037],[84.17101682900005,28.51168089500004],[84.17361157900007,28.51078414500006],[84.17577682900009,28.508919958000035],[84.17788982900004,28.507917770000063],[84.17981695500004,28.506015520000062],[84.18338476700006,28.505306833000077],[84.18742839200007,28.505996208000056],[84.18878301700005,28.502727333000053],[84.19131783000006,28.503822583000044],[84.19602901700006,28.507071520000068],[84.19904170400008,28.508044082000026],[84.20236901700008,28.51004720800006],[84.20652926700006,28.51485564500007],[84.20966664200006,28.517729708000047],[84.21167807900008,28.523145896000074],[84.21084601700005,28.525771208000037],[84.21247908000004,28.52845577000005],[84.21615207900004,28.53353770800004],[84.21959157900005,28.537200708000057],[84.22020958000007,28.539038520000076],[84.22279414200005,28.54215458300007],[84.22505589200006,28.546527833000027],[84.22570245500003,28.549279333000072],[84.22723345500003,28.55078389600004],[84.22843601700004,28.55388408300007],[84.23004851700006,28.55507039500003],[84.23347476700008,28.554938208000067],[84.23349214200005,28.556729520000033],[84.23495070400008,28.55961270800003],[84.23900026700005,28.564693271000067],[84.24175114200006,28.56705064500005],[84.24046170500003,28.573198707000074],[84.23741370500005,28.57358083300005],[84.23564382900008,28.57477295800004],[84.23550476700007,28.576025333000075],[84.23330833000006,28.57678045800003],[84.23217676700006,28.57815864500003],[84.23026282900008,28.578538708000053],[84.22757214200004,28.580233083000053],[84.22658251700005,28.581674208000038],[84.22431520400005,28.582553333000078],[84.22311220400007,28.583744333000027],[84.22311589200007,28.58549739500006],[84.22166145400007,28.58977520800005],[84.21998276700003,28.59092177000008],[84.21835076700006,28.593185082000048],[84.21656483000004,28.593851271000062],[84.21628651700007,28.59508583300004],[84.21461264100003,28.596160146000045],[84.21310801700008,28.598624021000035],[84.20961901700008,28.602153583000074],[84.20731089200007,28.603057333000038],[84.20742264200004,28.605114770000057],[84.20504801700008,28.607178333000036],[84.19982801700007,28.61318295800004],[84.19659658000006,28.61512570800005],[84.19449608000008,28.617263021000042],[84.19452489200006,28.620520895000027],[84.19371232900005,28.622956458000033],[84.19154764200005,28.625691708000033],[84.18839620400007,28.628886333000025],[84.18784401700003,28.63077770800004],[84.18917345500006,28.633966083000075],[84.19155151700005,28.636976958000048],[84.18905489200006,28.640764082000032],[84.18785051700007,28.64360395800003],[84.18790301700005,28.64560508200003],[84.19035489200007,28.648446645000035],[84.18878376700007,28.65177895800008],[84.18727970500004,28.653400958000077],[84.18527120400006,28.65450695800007],[84.18105307900004,28.657763771000077],[84.17767257900005,28.659521271000074],[84.17443395400005,28.660170708000066],[84.17208264200008,28.661644770000066],[84.16976176700007,28.66397820800006],[84.16388176700008,28.66688689600005],[84.16084501700004,28.66736883300007],[84.15558195400007,28.667650270000024],[84.15262489200006,28.668905770000038],[84.15041376700003,28.670557520000045],[84.14672070500006,28.67151814500005],[84.14414376700006,28.67354695800003],[84.14130370400005,28.676904833000037],[84.13965845400008,28.681324020000034],[84.13754514200008,28.68304539500008],[84.13349164200008,28.683987958000046],[84.12973195500007,28.68721114500005],[84.12533776700008,28.68803877000005],[84.12461151700006,28.69051895800004],[84.12204251700007,28.694374770000024],[84.11838845400007,28.699233208000066],[84.11651695400008,28.701276645000064],[84.11311226700008,28.703686833000063],[84.11410926700006,28.706594083000027],[84.11370376700006,28.71230920800008],[84.11525014200004,28.714846083000054],[84.11628520500005,28.720199020000052],[84.11587708000008,28.723463958000025],[84.11484926700007,28.724825270000053],[84.11011545500008,28.724919458000045],[84.10702889200007,28.725831146000075],[84.10445614200006,28.725833145000024],[84.10312976700004,28.724990396000067],[84.09941382900007,28.72459383300003],[84.09548051700006,28.726072208000062],[84.09274670500008,28.72883333300007],[84.08972026700008,28.730053646000044],[84.08504414200007,28.72981752100003],[84.07909720400005,28.726211333000037],[84.07600539100008,28.725220458000024],[84.06940582900006,28.72426964600004],[84.06455233000008,28.72125333300005],[84.05980382900003,28.721296146000043],[84.05653407900007,28.72249552100004],[84.05313732900004,28.725055396000073],[84.05115720400005,28.725083208000058],[84.04666707900003,28.726677645000052],[84.04295164100006,28.727073708000034],[84.03984570400007,28.729233770000064],[84.03701589200006,28.732675146000076],[84.03678526700008,28.735707458000036],[84.03182526700004,28.739905083000053],[84.02924251600007,28.740708896000058],[84.02691951700007,28.74267227000007],[84.02512770400006,28.743392208000046],[84.02467576700008,28.75000502000006],[84.02639289200005,28.751870521000058],[84.02662870400007,28.75421452100005],[84.02586526600004,28.758801395000035],[84.02474389200006,28.763250645000028],[84.02706639200005,28.767349583000055],[84.02646501700008,28.768935708000072],[84.02407614100008,28.771329896000054],[84.02444739100008,28.77229545800003],[84.02975183000007,28.773075021000068],[84.03258133000008,28.77567339500007],[84.03571926700005,28.78028183400005],[84.03605470400004,28.78202120800006],[84.03429045400009,28.784868895000045],[84.03539195400003,28.789301833000025],[84.03349595400005,28.791016958000057],[84.03009833000004,28.79821927100005],[84.02745520400003,28.80042852100007],[84.02473316700008,28.80122313100003]]]}},{"type":"Feature","properties":{"STATE_CODE":4,"DISTRICT":"MUSTANG","GaPa_NaPa":"Barhagaun Muktikhsetra","Type_GN":"Gaunpalika","Province":"Gandaki","provinceId":"4","provinceCode":"4","provinceName":"Gandaki","districtId":"403","districtName":"Mustang","municipalityId":"40303","municipalityCode":"40303","municipalityName":"Varagung Muktichhetra Rural Municipality","municipalityNameNe":"वारागुङ मुक्तिक्षेत्र गाउँपालिका","municipalityType":"rural_municipality"},"geometry":{"type":"Polygon","coordinates":[[[84.05392456100003,28.842496889000074],[84.05226135300006,28.843063372000074],[84.05021401600004,28.841516771000045],[84.04783630500003,28.840919513000074],[84.04480743400006,28.83941461300003],[84.03958129900008,28.83991624600003],[84.03595733600008,28.84288408100008],[84.03196716300005,28.844472902000064],[84.02888488800005,28.847904222000068],[84.02785732900008,28.84826220900004],[84.02272033700007,28.853492754000058],[84.02313514100007,28.855615646000047],[84.02314758300008,28.860225695000054],[84.02014923100006,28.856533068000033],[84.01813507000008,28.856174486000043],[84.01603698700006,28.857259767000073],[84.01128387500006,28.857666033000044],[84.00801086500007,28.859333055000036],[84.00148773200004,28.861614244000066],[83.99607849100005,28.866668718000028],[83.99459838800004,28.869180696000058],[83.98758732900006,28.87325508400005],[83.98696899400005,28.875007647000075],[83.98356609900009,28.879120344000057],[83.98240661600005,28.883749025000043],[83.98062989200008,28.885091895000073],[83.97808074900007,28.889530199000035],[83.97595476700008,28.891615709000064],[83.97555676700006,28.894537272000036],[83.97605896000005,28.89544298000004],[83.97335052500006,28.901081102000035],[83.97465515100004,28.90436174200005],[83.97480011000005,28.907402055000034],[83.97422027600004,28.909963625000046],[83.97242614100008,28.91085641400008],[83.96822520500007,28.911133647000042],[83.96588914300008,28.912980950000076],[83.96443176400004,28.915218371000037],[83.96147155900007,28.916917819000048],[83.95808320400005,28.917860708000035],[83.95343684100004,28.92043557900007],[83.94983076600005,28.923635647000026],[83.94963836700003,28.928260820000048],[83.94616114300004,28.93267202100003],[83.94478607200006,28.935686128000043],[83.94251251300005,28.938695924000058],[83.93263244700006,28.941545504000032],[83.91858673100006,28.94427873400008],[83.91600036600005,28.944400805000043],[83.91288757300003,28.941780107000056],[83.908638,28.940496462000056],[83.90630340600006,28.94059564400004],[83.90054321400004,28.938644426000053],[83.89958954000008,28.937818545000027],[83.89508794300008,28.938762542000063],[83.89304351800007,28.937410372000045],[83.88707733100006,28.937997835000033],[83.88441467200005,28.93914415100005],[83.88105011000005,28.93908120900005],[83.87883626800004,28.937212584000065],[83.87665557800005,28.937179582000056],[83.86958313000008,28.93390848000007],[83.86643219000007,28.931814210000027],[83.86307525800004,28.93080522400004],[83.85896301300005,28.928474443000027],[83.85517026700006,28.927840084000024],[83.84987640300005,28.927406328000075],[83.84685516400003,28.926170366000065],[83.84413866500006,28.926248459000078],[83.84141995500005,28.92520314500007],[83.83554150200007,28.925563830000044],[83.83017120400007,28.92778158400006],[83.83132171700004,28.93151475800005],[83.83237457300004,28.932535189000077],[83.83173507900005,28.93423583300006],[83.83360183000008,28.935431583000025],[83.83178710900006,28.936304109000048],[83.82983757900007,28.938303395000048],[83.83123339200006,28.942314146000058],[83.83328247100008,28.94324113600004],[83.83470220400005,28.945485896000037],[83.83377838200005,28.947071093000034],[83.83441162100007,28.94835283100008],[83.83225589200003,28.95042589700006],[83.83235931400003,28.952495592000048],[83.83119226700006,28.955638272000044],[83.83353424000006,28.956134813000062],[83.83467102000003,28.96071435700003],[83.83618164000006,28.962827700000048],[83.83513432900008,28.965763770000024],[83.83319091800007,28.965215700000044],[83.83013916000004,28.96624948300007],[83.82880676700006,28.967987145000052],[83.82789145500004,28.97327864600004],[83.82894897500006,28.975044268000033],[83.82745288400008,28.97616959900006],[83.82389068600008,28.97620584300006],[83.82032013000008,28.974487322000073],[83.81803802800005,28.97525530300004],[83.81722259500003,28.977819460000035],[83.81683349600007,28.983026522000046],[83.81619262700008,28.984849947000043],[83.81477614100004,28.986395834000064],[83.81353759800004,28.99034883300004],[83.81207275400004,28.991971986000067],[83.80878464200003,28.994030896000027],[83.80613708500005,28.99662973200003],[83.80333709800004,28.997894304000056],[83.80065155100004,29.00000383200006],[83.79525756900006,29.005599993000033],[83.79233670400004,29.007350896000048],[83.79090118400006,29.009643571000026],[83.78787994100009,29.01123620000004],[83.78337097200006,29.012243288000036],[83.78083038300008,29.01417543200006],[83.77706909100004,29.015726107000035],[83.77420806900005,29.01902963400005],[83.77068328800004,29.018501299000036],[83.76332092200005,29.020851153000024],[83.76159668000008,29.02092935400003],[83.75827026400003,29.019662874000062],[83.75583701700003,29.02012858300003],[83.75222718700007,29.021584827000027],[83.75056445400008,29.017982458000063],[83.75072151700004,29.01430995900006],[83.75,29.013544100000047],[83.74681091300005,29.013631838000038],[83.74359893800005,29.013002413000038],[83.73995208700006,29.00995828400005],[83.73768615700004,29.00928308300007],[83.73270626700008,29.00949708400003],[83.73005676200006,29.01159478900007],[83.72820281900005,29.014467256000046],[83.72664642300003,29.015832918000058],[83.72420501700003,29.01630594100004],[83.71963501000005,29.01553155700003],[83.71663666100005,29.01753427700004],[83.71222076600003,29.017937396000036],[83.71041107200006,29.020004289000042],[83.70766448900008,29.021253603000048],[83.70619201600005,29.02268220700006],[83.69827189100005,29.022962522000057],[83.69306182900004,29.021633165000026],[83.68824768100006,29.023139971000035],[83.68228912300003,29.023754137000026],[83.68161773700007,29.02240373400008],[83.68055159400006,29.017900431000044],[83.67294311500007,29.018867510000064],[83.66870880100004,29.02166177500004],[83.66561284700003,29.022344272000055],[83.66407782900006,29.02465458300003],[83.66322326700003,29.028760927000064],[83.66154480000006,29.029893892000075],[83.65723332900006,29.030326958000046],[83.65386199900007,29.02976800700003],[83.65126707700006,29.028656199000068],[83.64738464400006,29.030864732000055],[83.64575958300009,29.031349199000033],[83.63973236100009,29.028795260000038],[83.63574204800005,29.031662227000027],[83.63416290200007,29.034236925000073],[83.63092803900008,29.03482438800006],[83.62852478100007,29.03906442400006],[83.62358856200007,29.043085115000054],[83.61990356400008,29.043714540000053],[83.61818695100004,29.04033090400003],[83.61466979900007,29.036046999000064],[83.61470031700009,29.033824938000066],[83.61701965300006,29.029214876000026],[83.61738586500007,29.026451128000076],[83.61618042000003,29.022304552000037],[83.61856079100005,29.01846505900005],[83.61743164100005,29.016675966000037],[83.61425018300008,29.015008943000055],[83.61633300700004,29.009788530000037],[83.61903381400003,29.006122606000076],[83.61650085400004,28.997861879000027],[83.61730957000003,28.996023195000078],[83.61762237600004,28.99255563500003],[83.61708831800007,28.98763849100004],[83.61227417000003,28.982891100000074],[83.61112213200005,28.980161684000052],[83.60776519800004,28.97988893300004],[83.60633087100007,28.980266588000063],[83.60492939100004,28.982498083000053],[83.60170776700005,28.985468833000027],[83.60058593800005,28.985702531000072],[83.59552002000004,28.984315889000072],[83.59413147000004,28.983591096000055],[83.59239959700005,28.98097421500006],[83.59108734100005,28.980655687000024],[83.58867645300006,28.975795763000065],[83.58934021000005,28.973978059000046],[83.58917236300005,28.971233385000062],[83.58750915500008,28.96764375500004],[83.58370971700003,28.964889543000027],[83.58467102100008,28.96122743400008],[83.58363308300005,28.958142773000077],[83.58100891100008,28.955030458000067],[83.57694244400005,28.953838365000024],[83.57421875000006,28.948642748000054],[83.57133483900003,28.944824236000045],[83.56903076200007,28.94328309800005],[83.56363907900004,28.945225271000027],[83.56071472100007,28.944784181000045],[83.55928039500003,28.94239618100005],[83.55992126400008,28.937788027000067],[83.55855560300006,28.933654802000035],[83.55644226100003,28.931161898000028],[83.55479431200007,28.930254],[83.55153656000005,28.926828401000023],[83.54826355100005,28.921772021000038],[83.54364776600005,28.917808550000075],[83.54192352400008,28.914876955000068],[83.53945159900007,28.913494127000035],[83.53747558700007,28.91131593500006],[83.53487396200006,28.909519213000067],[83.53066253700007,28.908578890000058],[83.52932739300007,28.903392809000024],[83.52739715700005,28.901895540000055],[83.52600097800007,28.899135606000073],[83.52245330900007,28.896228807000057],[83.51916503900009,28.892519014000072],[83.51726532100008,28.889883058000066],[83.51487732000004,28.88838006800006],[83.51246577300003,28.88754615000005],[83.50889587500006,28.885248201000024],[83.50592041100003,28.882331865000026],[83.50406632500005,28.87919794100003],[83.50153360600007,28.877145059000043],[83.50327301100003,28.87313081600007],[83.50512695300006,28.87154008600004],[83.50787353500004,28.86576272700006],[83.50768280000005,28.862834947000067],[83.50837707500006,28.85760690500007],[83.50699615500008,28.854536073000077],[83.50409698600004,28.851631181000073],[83.50349426400004,28.849374788000034],[83.50386810300006,28.846073167000043],[83.50000001700005,28.84253295800005],[83.49807108000005,28.843351520000056],[83.49460101700004,28.846244333000072],[83.49232564100004,28.84649520800008],[83.48641204900008,28.845663087000048],[83.48368072500006,28.844600694000064],[83.48316192600004,28.841922777000036],[83.48341369600007,28.840114610000057],[83.48236084000007,28.83770181500006],[83.48268890400004,28.836006182000062],[83.48532867500006,28.833543794000036],[83.48557281600006,28.831886308000037],[83.48476409900007,28.82944299500008],[83.48173522900004,28.824104326000054],[83.48213195700004,28.817075746000057],[83.48715972900004,28.812135713000032],[83.48752594000007,28.80801393300004],[83.48962402400008,28.804193514000076],[83.49010467600004,28.800754564000044],[83.48963928300003,28.79738046400007],[83.48878479000007,28.795967119000068],[83.48895213000003,28.790577815000063],[83.49463670500006,28.78990864600007],[83.50000032900004,28.790316645000075],[83.50249481200007,28.792924898000024],[83.50408514200006,28.793596208000054],[83.50685882600004,28.793039339000075],[83.51009368900003,28.793214815000056],[83.51414489900003,28.79562570300004],[83.51927185000005,28.79600908100008],[83.52320099000008,28.79396058900005],[83.52598571800007,28.793422716000066],[83.53019714300007,28.79034807000005],[83.53567505000007,28.789115923000054],[83.53983306800006,28.789161699000033],[83.54438018900004,28.790632264000067],[83.54701995900007,28.79238702600003],[83.55039215100004,28.793785112000023],[83.55677032400007,28.797695177000037],[83.55973815900006,28.800750750000077],[83.56342315800003,28.802268999000034],[83.56645202700008,28.804254549000063],[83.56726074200003,28.805898683000066],[83.57004547100007,28.807912843000054],[83.57656860300006,28.811109560000034],[83.58374023400006,28.813894289000075],[83.58486938500005,28.81512452900006],[83.58631896900005,28.814342516000067],[83.59019470300007,28.813612001000024],[83.59506225600006,28.813837068000055],[83.60382080000005,28.81372072000005],[83.60714721700003,28.81592943000004],[83.60895538300008,28.81558801400007],[83.61085510300006,28.81264497500007],[83.61342620800008,28.81276513800003],[83.61663055400004,28.81468774500007],[83.61923980700004,28.81548311100005],[83.62212371800007,28.815532701000052],[83.62516784700006,28.818260210000062],[83.62538909900007,28.82012368900007],[83.62664032100008,28.822341936000043],[83.63241577200006,28.828212755000038],[83.63351440400004,28.829900759000054],[83.63455200200008,28.834669130000066],[83.63425445600006,28.835971849000032],[83.63220977800006,28.838512438000066],[83.63159942600004,28.840147036000076],[83.63283539000008,28.84572984500005],[83.63262176600006,28.848135012000057],[83.63108062700007,28.851543443000025],[83.63239288300008,28.852941530000066],[83.63775634700005,28.853723543000058],[83.64176940900006,28.85516740500003],[83.64501190100003,28.859117525000045],[83.64897918800006,28.86109163100008],[83.65971374500003,28.863639849000037],[83.66281128000008,28.863359468000056],[83.66584777800006,28.862491625000075],[83.66942596500007,28.862958925000044],[83.67105865600007,28.864563006000026],[83.67160797100007,28.866554277000034],[83.67325592000003,28.867513674000065],[83.67853546300006,28.868356722000044],[83.68190765400004,28.868276613000035],[83.68721771300005,28.867097871000055],[83.69105529800004,28.86547471800003],[83.69451141500008,28.864971178000076],[83.70213318000003,28.86471940800004],[83.70533752500006,28.862684267000077],[83.70713806200007,28.86212732100006],[83.70636749300007,28.860057848000054],[83.70606994600007,28.856998461000046],[83.70636749400006,28.85433770900005],[83.70532989500003,28.852502840000056],[83.70453643900004,28.849399583000036],[83.70404052700007,28.844785707000028],[83.70458221500007,28.840488450000066],[83.70658874500003,28.836208361000047],[83.70999145500008,28.833677309000052],[83.71253204400006,28.827825563000033],[83.71401214700006,28.82679559500008],[83.71459960900006,28.824001330000044],[83.71404266400003,28.82280160700003],[83.71363067600004,28.818794268000033],[83.71637725900007,28.81443406900007],[83.71936798200005,28.811088579000057],[83.71999359200004,28.809740084000055],[83.72236633300008,28.809171693000053],[83.72505188000008,28.80731965800004],[83.72744751000005,28.806669252000063],[83.73019409200003,28.80466653600007],[83.73374939000007,28.80706598100005],[83.74479675300006,28.805330293000054],[83.74928283700007,28.80343820300004],[83.75469970700004,28.80387689400004],[83.75862121600005,28.803489702000036],[83.75943756100008,28.802810686000043],[83.76396942100007,28.80259324800005],[83.76653289800004,28.804218310000067],[83.76921081600005,28.805301684000028],[83.77571868900003,28.803464907000034],[83.78154754600007,28.802669542000046],[83.78819274900007,28.802579896000054],[83.79032135000006,28.803506868000056],[83.79196929900007,28.802825944000062],[83.79102325500008,28.798515337000026],[83.79407501200006,28.797039049000034],[83.79542541500007,28.795608538000067],[83.79687500100005,28.79628946100007],[83.79996490500008,28.795198458000073],[83.80567169300008,28.794918077000034],[83.81012725800008,28.792036073000077],[83.81103515600006,28.793523805000063],[83.81530761700003,28.79340173500003],[83.81655120900007,28.791217821000032],[83.81827545200008,28.79128839300006],[83.81912231500007,28.78845025800007],[83.82135772800007,28.78946306000006],[83.82398223900003,28.78809930600005],[83.82596588300004,28.785570162000056],[83.82815551700008,28.785190599000032],[83.83124542200005,28.785776155000065],[83.83509063800005,28.784032839000076],[83.84235382000008,28.782945650000045],[83.84596252600005,28.782800691000034],[83.84854889000007,28.78115655700003],[83.85365295500003,28.779621141000064],[83.85751342900005,28.777307527000062],[83.85783386200006,28.773389833000067],[83.85919952400008,28.77245141800006],[83.85916137800007,28.769481676000055],[83.86032867400007,28.76458360500004],[83.86416626000005,28.76345064000003],[83.86684417700008,28.761693972000046],[83.87438964900008,28.759197252000035],[83.87466430700005,28.758285539000042],[83.87698364300007,28.757324236000045],[83.88157653800005,28.75749589700007],[83.88445282100008,28.754367845000047],[83.89277537800007,28.751110297000025],[83.89589691200007,28.756176011000036],[83.89582326700008,28.75991883300003],[83.89763120600009,28.766162895000036],[83.89776976700006,28.76786633300003],[83.89941406300005,28.770420091000062],[83.90205426600005,28.772729208000044],[83.90585327300005,28.775194185000032],[83.90895080600006,28.778076189000046],[83.91172401800003,28.779145458000073],[83.91699218900004,28.779104250000046],[83.91891314200006,28.778297145000067],[83.92224121100008,28.779350298000054],[83.92538452200006,28.779764192000073],[83.92880249100006,28.781290071000058],[83.93532801800006,28.78318145800006],[83.93791326700006,28.784770958000024],[83.94102478100007,28.788356798000052],[83.94179133000006,28.79119808300004],[83.94105726700008,28.793381708000027],[83.94288701700003,28.798476771000026],[83.94401550300006,28.803762453000047],[83.94420623800005,28.808479326000054],[83.94064331100003,28.810524004000058],[83.93948408000006,28.814295021000078],[83.94243621800007,28.819965380000042],[83.94172668500005,28.822467821000032],[83.94037628100006,28.824592607000056],[83.94480970400008,28.830022333000045],[83.95056915300006,28.833154695000076],[83.95343793300003,28.835008645000073],[83.95883178700007,28.834949511000048],[83.96134185800008,28.834278124000036],[83.96269226100009,28.83294107200004],[83.96609497100008,28.82667543200006],[83.96755218500005,28.82351114100004],[83.96916198800005,28.817602174000058],[83.97124326700003,28.81640820800004],[83.97535705500007,28.816406267000048],[83.97828422900005,28.817149521000033],[83.98232269300007,28.816762942000025],[83.98682403600003,28.81477357600005],[83.99446106000005,28.813995378000072],[83.99999237000003,28.81198312500004],[84.00268554600007,28.807680147000042],[84.00524902300003,28.80578233500006],[84.00678253200005,28.80166818400005],[84.01385498000008,28.798948305000067],[84.01612091000004,28.797479647000046],[84.02030944800003,28.801298159000055],[84.02473316700008,28.80122313100003],[84.02665020400008,28.803603020000025],[84.02605795500006,28.806664708000028],[84.02623748800005,28.80893899700004],[84.02913665800008,28.81123544500008],[84.03321270400005,28.811561083000072],[84.03820239100008,28.812714895000056],[84.04156494100005,28.814844148000077],[84.04331970200008,28.81740381000003],[84.04555745400006,28.817969333000065],[84.04711214200006,28.82150864600004],[84.04925851700006,28.822297458000037],[84.04946899400005,28.824211138000067],[84.04832826700004,28.827328833000024],[84.04798976700005,28.83012883300006],[84.04946320400006,28.833359020000046],[84.05226308000005,28.836539083000048],[84.05335235600006,28.839202898000053],[84.05392456100003,28.842496889000074]]]}},{"type":"Feature","properties":{"STATE_CODE":4,"DISTRICT":"MUSTANG","GaPa_NaPa":"Dalome","Type_GN":"Gaunpalika","Province":"Gandaki","provinceId":"4","provinceCode":"4","provinceName":"Gandaki","districtId":"403","districtName":"Mustang","municipalityId":"40301","municipalityCode":"40301","municipalityName":"Lo Ghekar Damodarkunda Rural Municipality","municipalityNameNe":"लो-घेकर दामोदरकुण्ड गाउँपालिका","municipalityType":"rural_municipality"},"geometry":{"type":"Polygon","coordinates":[[[83.74999876600003,29.243825396000034],[83.74846451600007,29.24337358400004],[83.74271532900008,29.24541108300008],[83.74058507900008,29.244096271000046],[83.73474739200003,29.24485633300003],[83.73268582900005,29.24486352100007],[83.72997870400008,29.24330370800004],[83.72392464200004,29.24151820800006],[83.72035601700009,29.24299520900007],[83.71475232900008,29.244445209000048],[83.71334720400006,29.24453470900005],[83.71108226700005,29.239936708000073],[83.70839857900006,29.23715608400005],[83.70487657900009,29.236180583000078],[83.70295120400004,29.234621958000048],[83.70039476600004,29.228892958000074],[83.69876145400008,29.22628814600006],[83.69093214200007,29.217208146000075],[83.68630476600003,29.21306227100007],[83.68152976700009,29.210104708000074],[83.67709476700009,29.207675708000068],[83.67257532900004,29.206985709000037],[83.67001551600003,29.207175646000053],[83.66872532900004,29.206353584000055],[83.66517220400004,29.205286708000074],[83.66217795400007,29.20386245800006],[83.65796489100006,29.203921646000026],[83.65803045400008,29.199960459000067],[83.65983339100006,29.198455771000056],[83.66061220400007,29.195107646000054],[83.65985232900005,29.192709896000054],[83.66019151600005,29.187416021000047],[83.66214539100008,29.18576283300007],[83.66564139100007,29.184021021000035],[83.66428039200008,29.180976584000064],[83.66062682900008,29.176719396000067],[83.65946120400008,29.17607127100007],[83.66453552300004,29.173421877000067],[83.66771698000008,29.17039300700003],[83.66781616200007,29.16876794600006],[83.66420745900007,29.165119189000052],[83.66507721000005,29.163517015000025],[83.66456039200006,29.160075833000064],[83.66538245400005,29.15566295900004],[83.67484283500005,29.15240861700005],[83.67787170400004,29.148923891000038],[83.67853822100005,29.147216300000025],[83.67726135200007,29.145256060000065],[83.67785644500003,29.142171877000067],[83.67761230500008,29.138694781000027],[83.67701014200009,29.136994021000078],[83.68074798600009,29.13282205300004],[83.68177032500006,29.130468386000075],[83.68091645400006,29.125006083000073],[83.68212620400004,29.123499646000027],[83.67862514100005,29.123773396000047],[83.67440520300005,29.12319695900004],[83.66965351700009,29.123293646000036],[83.66463670400003,29.12470920900006],[83.66230773900008,29.124393481000027],[83.66043090900007,29.122732179000025],[83.65708923300008,29.12176706100007],[83.65373992900004,29.119464891000064],[83.65264207900003,29.11469145800004],[83.65293389100003,29.112321209000072],[83.65461731000005,29.10916902300005],[83.65386962900004,29.106525438000062],[83.65197753900009,29.104431170000055],[83.64826501700009,29.104072459000065],[83.63838439100005,29.10730833300005],[83.63233184800004,29.106925981000074],[83.63084411600005,29.106464403000075],[83.62796020500008,29.102735537000058],[83.62450408900008,29.100610750000044],[83.62268189400004,29.097756613000058],[83.61848620300003,29.098409771000036],[83.61731720000006,29.09734155500007],[83.61705120400006,29.094268209000063],[83.61817169200003,29.092546480000067],[83.62238311700008,29.089504259000023],[83.62548065200008,29.08822633500006],[83.62921801600004,29.084556521000025],[83.62991595300008,29.082496521000053],[83.63279724100005,29.080968873000074],[83.63312414100005,29.080050834000076],[83.63217964200004,29.07597839600004],[83.63158939200008,29.071528021000063],[83.63336181600005,29.06641008200006],[83.63356018000007,29.06294252200007],[83.63308395400009,29.06239533300004],[83.62865448000008,29.062395113000036],[83.62246920400008,29.06043702000005],[83.62143101600003,29.059073771000044],[83.62024126700004,29.05509308300003],[83.62092376600003,29.05094395900005],[83.62106064200003,29.045717208000042],[83.61990356400008,29.043714540000053],[83.62358856200007,29.043085115000054],[83.62852478100007,29.03906442400006],[83.63092803900008,29.03482438800006],[83.63416290200007,29.034236925000073],[83.63574204800005,29.031662227000027],[83.63973236100009,29.028795260000038],[83.64575958300009,29.031349199000033],[83.64738464400006,29.030864732000055],[83.65126707700006,29.028656199000068],[83.65386199900007,29.02976800700003],[83.65723332900006,29.030326958000046],[83.66154480000006,29.029893892000075],[83.66322326700003,29.028760927000064],[83.66407782900006,29.02465458300003],[83.66561284700003,29.022344272000055],[83.66870880100004,29.02166177500004],[83.67294311500007,29.018867510000064],[83.68055159400006,29.017900431000044],[83.68161773700007,29.02240373400008],[83.68228912300003,29.023754137000026],[83.68824768100006,29.023139971000035],[83.69306182900004,29.021633165000026],[83.69827189100005,29.022962522000057],[83.70619201600005,29.02268220700006],[83.70766448900008,29.021253603000048],[83.71041107200006,29.020004289000042],[83.71222076600003,29.017937396000036],[83.71663666100005,29.01753427700004],[83.71963501000005,29.01553155700003],[83.72420501700003,29.01630594100004],[83.72664642300003,29.015832918000058],[83.72820281900005,29.014467256000046],[83.73005676200006,29.01159478900007],[83.73270626700008,29.00949708400003],[83.73768615700004,29.00928308300007],[83.73995208700006,29.00995828400005],[83.74359893800005,29.013002413000038],[83.74681091300005,29.013631838000038],[83.75,29.013544100000047],[83.75072151700004,29.01430995900006],[83.75056445400008,29.017982458000063],[83.75222718700007,29.021584827000027],[83.75583701700003,29.02012858300003],[83.75827026400003,29.019662874000062],[83.76159668000008,29.02092935400003],[83.76332092200005,29.020851153000024],[83.77068328800004,29.018501299000036],[83.77420806900005,29.01902963400005],[83.77706909100004,29.015726107000035],[83.78083038300008,29.01417543200006],[83.78337097200006,29.012243288000036],[83.78787994100009,29.01123620000004],[83.79090118400006,29.009643571000026],[83.79233670400004,29.007350896000048],[83.79525756900006,29.005599993000033],[83.80065155100004,29.00000383200006],[83.80333709800004,28.997894304000056],[83.80613708500005,28.99662973200003],[83.80878464200003,28.994030896000027],[83.81207275400004,28.991971986000067],[83.81353759800004,28.99034883300004],[83.81477614100004,28.986395834000064],[83.81619262700008,28.984849947000043],[83.81683349600007,28.983026522000046],[83.81722259500003,28.977819460000035],[83.81803802800005,28.97525530300004],[83.82032013000008,28.974487322000073],[83.82389068600008,28.97620584300006],[83.82745288400008,28.97616959900006],[83.82894897500006,28.975044268000033],[83.82789145500004,28.97327864600004],[83.82880676700006,28.967987145000052],[83.83013916000004,28.96624948300007],[83.83319091800007,28.965215700000044],[83.83513432900008,28.965763770000024],[83.83618164000006,28.962827700000048],[83.83467102000003,28.96071435700003],[83.83353424000006,28.956134813000062],[83.83119226700006,28.955638272000044],[83.83235931400003,28.952495592000048],[83.83225589200003,28.95042589700006],[83.83441162100007,28.94835283100008],[83.83377838200005,28.947071093000034],[83.83470220400005,28.945485896000037],[83.83328247100008,28.94324113600004],[83.83123339200006,28.942314146000058],[83.82983757900007,28.938303395000048],[83.83178710900006,28.936304109000048],[83.83360183000008,28.935431583000025],[83.83173507900005,28.93423583300006],[83.83237457300004,28.932535189000077],[83.83132171700004,28.93151475800005],[83.83017120400007,28.92778158400006],[83.83554150200007,28.925563830000044],[83.84141995500005,28.92520314500007],[83.84413866500006,28.926248459000078],[83.84685516400003,28.926170366000065],[83.84987640300005,28.927406328000075],[83.85517026700006,28.927840084000024],[83.85896301300005,28.928474443000027],[83.86307525800004,28.93080522400004],[83.86643219000007,28.931814210000027],[83.86958313000008,28.93390848000007],[83.87665557800005,28.937179582000056],[83.87883626800004,28.937212584000065],[83.88105011000005,28.93908120900005],[83.88441467200005,28.93914415100005],[83.88707733100006,28.937997835000033],[83.89304351800007,28.937410372000045],[83.89508794300008,28.938762542000063],[83.89958954000008,28.937818545000027],[83.90054321400004,28.938644426000053],[83.90630340600006,28.94059564400004],[83.908638,28.940496462000056],[83.91288757300003,28.941780107000056],[83.91600036600005,28.944400805000043],[83.91858673100006,28.94427873400008],[83.93263244700006,28.941545504000032],[83.94251251300005,28.938695924000058],[83.94478607200006,28.935686128000043],[83.94616114300004,28.93267202100003],[83.94963836700003,28.928260820000048],[83.94983076600005,28.923635647000026],[83.95343684100004,28.92043557900007],[83.95808320400005,28.917860708000035],[83.96147155900007,28.916917819000048],[83.96443176400004,28.915218371000037],[83.96588914300008,28.912980950000076],[83.96822520500007,28.911133647000042],[83.97242614100008,28.91085641400008],[83.97422027600004,28.909963625000046],[83.97480011000005,28.907402055000034],[83.97465515100004,28.90436174200005],[83.97335052500006,28.901081102000035],[83.97605896000005,28.89544298000004],[83.97555676700006,28.894537272000036],[83.97595476700008,28.891615709000064],[83.97808074900007,28.889530199000035],[83.98062989200008,28.885091895000073],[83.98240661600005,28.883749025000043],[83.98356609900009,28.879120344000057],[83.98696899400005,28.875007647000075],[83.98758732900006,28.87325508400005],[83.99459838800004,28.869180696000058],[83.99607849100005,28.866668718000028],[84.00148773200004,28.861614244000066],[84.00801086500007,28.859333055000036],[84.01128387500006,28.857666033000044],[84.01603698700006,28.857259767000073],[84.01813507000008,28.856174486000043],[84.02014923100006,28.856533068000033],[84.02314758300008,28.860225695000054],[84.02313514100007,28.855615646000047],[84.02272033700007,28.853492754000058],[84.02785732900008,28.84826220900004],[84.02888488800005,28.847904222000068],[84.03196716300005,28.844472902000064],[84.03595733600008,28.84288408100008],[84.03958129900008,28.83991624600003],[84.04480743400006,28.83941461300003],[84.04783630500003,28.840919513000074],[84.05021401600004,28.841516771000045],[84.05226135300006,28.843063372000074],[84.05392456100003,28.842496889000074],[84.05727501800004,28.842526958000064],[84.05908966100003,28.84184648400003],[84.05997301800005,28.840299021000078],[84.06254577600004,28.838981646000036],[84.06562805300007,28.840456026000027],[84.07424845500003,28.841625271000055],[84.07828714200008,28.846367521000047],[84.08528137300004,28.849449175000075],[84.08705139200003,28.849489229000028],[84.08800701700005,28.852581583000074],[84.09118907900006,28.855298021000067],[84.08787536600005,28.86042215200007],[84.08660888600008,28.863332766000042],[84.08656311000004,28.86640931900007],[84.08969764200003,28.869598084000074],[84.09143066400009,28.87198068400005],[84.09375057900007,28.873200521000058],[84.09366164100004,28.875129521000076],[84.09216551700007,28.878927522000026],[84.09600482900004,28.881101958000045],[84.09609251700005,28.882696958000054],[84.09791531400003,28.88727313000004],[84.10150909500004,28.88690377900008],[84.11026001000005,28.884973544000047],[84.11167907800007,28.884407061000047],[84.11728668200004,28.880933780000078],[84.11987170500004,28.881416771000033],[84.12401914200007,28.882888396000055],[84.12688464200005,28.884625208000045],[84.12857818700007,28.88856317400007],[84.13274383600003,28.888511675000075],[84.13708496100008,28.88559724600003],[84.13792366400008,28.883044015000053],[84.14009094200009,28.881485002000034],[84.14061737200007,28.87924386800006],[84.14476889200006,28.87940695800006],[84.14825439500004,28.88019372800005],[84.15029907200005,28.87769510000004],[84.15311751600007,28.875754208000046],[84.15458679200003,28.87542535600005],[84.15811364200005,28.87235977200004],[84.15976715100004,28.87212564300006],[84.16138582900004,28.873152334000054],[84.16443270400003,28.877782583000055],[84.17092132600004,28.881361026000036],[84.17225839300005,28.881576584000072],[84.17508697600005,28.887075442000025],[84.17944382900004,28.894771959000025],[84.18139648500005,28.896675127000037],[84.18618176700005,28.900035209000066],[84.19286382900003,28.899164021000047],[84.19576263400006,28.899208085000055],[84.20260620100004,28.897481936000077],[84.20628270500004,28.895475771000065],[84.21054840000005,28.895587938000062],[84.21504974300007,28.894687670000053],[84.21962939200006,28.892345834000025],[84.22245788700008,28.891517657000065],[84.22451226700008,28.89163389600003],[84.22803776800004,28.89390883300007],[84.22685108100006,28.897290458000043],[84.22773333100008,28.901103957000032],[84.22759457900008,28.90345952000007],[84.22493776700009,28.907806896000068],[84.22303308100004,28.912033396000027],[84.22260889200004,28.915558021000038],[84.22525333000004,28.920654584000033],[84.22470589200003,28.923342458000036],[84.22649145500003,28.925306770000077],[84.22721676800006,28.92805114500004],[84.22701714200008,28.932938084000057],[84.22816214200003,28.940354021000076],[84.23039457900006,28.943853897000054],[84.23266670500004,28.950275145000035],[84.23328358000003,28.953974022000068],[84.23288164300004,28.957342960000062],[84.23436270600007,28.96131102000004],[84.23743545400004,28.964148271000056],[84.23679701700007,28.965726335000056],[84.23774414200005,28.968449958000065],[84.24046689200009,28.96834814700003],[84.24146483000004,28.968969021000078],[84.24117139300006,28.971365522000042],[84.24237039200005,28.97282295900004],[84.24393882900006,28.976050771000075],[84.24351089200007,28.977648771000077],[84.24113889200004,28.98111833300004],[84.24078789300006,28.98259889600007],[84.24135783000008,28.984935145000065],[84.24047633000004,28.98670770800004],[84.24083489200007,28.988615646000028],[84.24320176800006,28.992193959000076],[84.24314926800008,28.993477771000073],[84.24178195400003,28.995876145000068],[84.24163039200005,28.997315772000036],[84.24299625400005,29.000000124000053],[84.24498748800005,29.00712968600004],[84.24594879200004,29.009023683000066],[84.25,29.012592333000043],[84.25,29.02768709000003],[84.24877929800004,29.029121416000066],[84.25,29.032587069000044],[84.25,29.037193315000025],[84.24856567500007,29.038484590000053],[84.24603271600006,29.042688386000066],[84.24442291300005,29.04419900700003],[84.24214935400005,29.044841784000027],[84.23864746100008,29.04428674500008],[84.23471832300004,29.04665376500003],[84.23163604800004,29.04965974600003],[84.22595977800006,29.052900331000046],[84.22297668500005,29.053483980000067],[84.21849060000005,29.053665178000074],[84.21398162800006,29.05334283600007],[84.21115112300004,29.053600328000073],[84.20973968600003,29.052055376000055],[84.20369720500008,29.049665468000057],[84.19857025200008,29.046499270000027],[84.19181060800008,29.04687692500005],[84.19203186000004,29.049219149000066],[84.19156646900007,29.053360003000023],[84.19057464600007,29.057115572000043],[84.19089508000008,29.059318560000065],[84.19084930400004,29.064659136000046],[84.19039154100005,29.066091554000025],[84.18881988500004,29.067447679000054],[84.18849182300005,29.07437326200005],[84.19000244200004,29.077718752000067],[84.18826293900008,29.080682771000056],[84.18482208300009,29.080970782000065],[84.17996215800008,29.083116549000067],[84.17713928200004,29.08313371400004],[84.17438507200006,29.084041612000078],[84.17219543400006,29.085855501000026],[84.16896057200006,29.08748628400008],[84.16651153500004,29.09006120500004],[84.16390991200007,29.090301531000023],[84.15878295900006,29.091856020000023],[84.15409851100009,29.092294710000033],[84.14769744900008,29.096014040000057],[84.14567566000005,29.09564973600004],[84.14299011200006,29.092529314000046],[84.14073944100005,29.089015978000077],[84.13611602800006,29.088613528000053],[84.13304901100008,29.086753862000023],[84.13167572000003,29.084653871000057],[84.12865448000008,29.08373834400004],[84.12673187300004,29.078308123000056],[84.12425994900008,29.07580758900008],[84.12104797400008,29.078592318000062],[84.11878967300004,29.07882882900003],[84.11696624800004,29.079711931000077],[84.11624145500008,29.082721727000035],[84.11413574300008,29.087203997000074],[84.11194610600006,29.08803560100006],[84.10984039400006,29.09008600100003],[84.10524749800004,29.089704531000052],[84.10102844200009,29.092266099000028],[84.09895324700005,29.094564455000068],[84.09639739900007,29.09608651900004],[84.09613800100004,29.098014849000037],[84.09403228800005,29.100667970000075],[84.09117126500007,29.101825731000076],[84.09114074700005,29.102939623000054],[84.08953857400007,29.105236070000046],[84.08649444600007,29.107601183000043],[84.08632659900007,29.110527056000024],[84.08460998600003,29.112731950000068],[84.08457946800007,29.114896792000025],[84.08331298900004,29.116251009000052],[84.08347320500008,29.12059213400005],[84.08269500700004,29.12229921100004],[84.07935333200004,29.124530810000067],[84.07440185600007,29.12639619600003],[84.07235717800006,29.128002184000024],[84.06791687100008,29.130706804000056],[84.06535339400006,29.133710878000045],[84.06321716300005,29.137464540000053],[84.06244659400005,29.139717119000068],[84.06330108600008,29.14151956300003],[84.06202697700007,29.146400468000024],[84.05912017800006,29.151729601000056],[84.05650329600007,29.153341311000077],[84.05269622800006,29.15650560200004],[84.04499053900008,29.159093874000064],[84.04219055300007,29.161024111000074],[84.04091644300007,29.162952440000026],[84.03920745800008,29.16375161900004],[84.03667450000006,29.16633798400005],[84.03530054200007,29.166194336000046],[84.03311920200008,29.163320558000066],[84.02947235100004,29.161996858000066],[84.02590179500004,29.161834734000024],[84.02351379300006,29.162456530000043],[84.02007258000003,29.164160208000055],[84.01892551700007,29.165710271000023],[84.01512957900007,29.16539933300004],[84.01284795400005,29.165627520000044],[84.01052856400008,29.163612383000043],[84.00595283000007,29.160543021000024],[84.00403595000006,29.157066362000023],[84.00125814200004,29.15648914600007],[84.00244739200008,29.15281639600005],[84.00161751700006,29.150244584000063],[84.00000001700005,29.14888576800007],[84.00000001700005,29.147643333000076],[83.99805645400005,29.14603489600006],[83.99626370400006,29.143460833000063],[83.99489926700005,29.14025495900006],[83.99489933000007,29.138168145000066],[83.99306070500006,29.136981458000037],[83.99261995400008,29.13380495800004],[83.99159589200008,29.13108420900005],[83.98879232900003,29.126542646000075],[83.98950645500008,29.12487327100007],[83.98858945500007,29.122538271000053],[83.98693870500006,29.121811646000026],[83.98776432900007,29.12028220800005],[83.98680170400007,29.118310334000057],[83.98464645400009,29.11826952100006],[83.98315639200007,29.115289146000066],[83.98118520400004,29.11355858400003],[83.98205689200006,29.110939458000075],[83.98024607900004,29.108967458000052],[83.98010870500008,29.107115271000055],[83.97914620500006,29.106027709000045],[83.97900889200008,29.103771709000057],[83.97758801700007,29.101919270000053],[83.97490601800007,29.10107508300007],[83.97279733000005,29.09978645800004],[83.96972733000007,29.09426764600005],[83.96814676700006,29.090684771000042],[83.96512201700006,29.087703834000024],[83.96264676800007,29.08722033300006],[83.95719120500007,29.08750070800005],[83.95501451600006,29.085729021000077],[83.95368770400006,29.07972758300008],[83.94958676600004,29.076384959000052],[83.94743283000008,29.075497521000045],[83.94509651700008,29.072879646000047],[83.94375176800008,29.072301521000043],[83.94331608000005,29.07473783300003],[83.94111657900004,29.07796077100005],[83.94070289200005,29.07991202100004],[83.94160382900003,29.08265345800004],[83.93934339200007,29.09178927100004],[83.93600914200005,29.094718271000033],[83.93516839100005,29.09755364600005],[83.93374726700006,29.100075208000078],[83.93034814200007,29.10416358300006],[83.92603020400009,29.10637895900004],[83.92321001600004,29.107390271000043],[83.91827239200006,29.107807021000042],[83.91719126600003,29.108471833000067],[83.91740720400009,29.111025771000072],[83.91535064200008,29.113882833000048],[83.91478864200008,29.115822646000026],[83.91111757900006,29.118425958000046],[83.90835595400006,29.120993646000045],[83.90540764200006,29.12132095800007],[83.90326220400004,29.122747521000065],[83.89926982900005,29.123004020000053],[83.89690432900005,29.12274277100005],[83.89404957900007,29.124455084000033],[83.89305532900005,29.127154709000024],[83.89066201600008,29.128819959000054],[83.89032020500008,29.130387583000072],[83.88788339200005,29.130394583000054],[83.88728058000004,29.132036458000073],[83.88763876700006,29.134633396000027],[83.88611964200004,29.135593146000076],[83.88368126600005,29.135103834000063],[83.88077839200008,29.137979896000047],[83.87764695400006,29.138180083000066],[83.87555695500004,29.137729209000042],[83.87308332900005,29.139265521000027],[83.87060720500006,29.140151958000047],[83.86551920400007,29.14070195900007],[83.86415645400007,29.141546583000036],[83.85706276700006,29.143860584000038],[83.85167745400008,29.14817045800004],[83.85012045400003,29.15030514600005],[83.84709426700005,29.152444896000077],[83.84606964100004,29.153806333000034],[83.84307764200008,29.154876708000074],[83.84146670400008,29.15640664600005],[83.83227489200004,29.16124577100004],[83.82707539200004,29.164914146000058],[83.82406026700005,29.16643527100007],[83.82028639200007,29.167436396000028],[83.81867539200005,29.16904277100008],[83.81522082900005,29.17074583400006],[83.81431964200004,29.173350209000034],[83.81284757900005,29.175498084000026],[83.81002639200005,29.177337271000056],[83.80501939100003,29.183561084000075],[83.80334751600003,29.186351458000047],[83.80201170400005,29.18746395900007],[83.79857382900008,29.18852364600008],[83.79574282900006,29.19015495900004],[83.79466870400006,29.195673646000046],[83.79438032900003,29.199894146000076],[83.79303695400006,29.20353314600004],[83.79195607900004,29.20842920800004],[83.79051289100005,29.210759584000073],[83.78783476700005,29.213509896000062],[83.78146682900007,29.217269334000036],[83.77899607900008,29.21965433300005],[83.77275789100008,29.22271427100003],[83.77055807900007,29.225699646000066],[83.76824214100003,29.227259021000066],[83.75945007900003,29.230056646000037],[83.75682964200007,29.23053920800004],[83.74999982900005,29.233996271000024],[83.74913407900004,29.238200584000026],[83.74999876600003,29.243825396000034]]]}},{"type":"Feature","properties":{"STATE_CODE":4,"DISTRICT":"MUSTANG","GaPa_NaPa":"Gharapjhong","Type_GN":"Gaunpalika","Province":"Gandaki","provinceId":"4","provinceCode":"4","provinceName":"Gandaki","districtId":"403","districtName":"Mustang","municipalityId":"40302","municipalityCode":"40302","municipalityName":"Gharpajhong Rural Municipality","municipalityNameNe":"घरपझोङ गाउँपालिका","municipalityType":"rural_municipality"},"geometry":{"type":"Polygon","coordinates":[[[83.89277537800007,28.751110297000025],[83.88445282100008,28.754367845000047],[83.88157653800005,28.75749589700007],[83.87698364300007,28.757324236000045],[83.87466430700005,28.758285539000042],[83.87438964900008,28.759197252000035],[83.86684417700008,28.761693972000046],[83.86416626000005,28.76345064000003],[83.86032867400007,28.76458360500004],[83.85916137800007,28.769481676000055],[83.85919952400008,28.77245141800006],[83.85783386200006,28.773389833000067],[83.85751342900005,28.777307527000062],[83.85365295500003,28.779621141000064],[83.84854889000007,28.78115655700003],[83.84596252600005,28.782800691000034],[83.84235382000008,28.782945650000045],[83.83509063800005,28.784032839000076],[83.83124542200005,28.785776155000065],[83.82815551700008,28.785190599000032],[83.82596588300004,28.785570162000056],[83.82398223900003,28.78809930600005],[83.82135772800007,28.78946306000006],[83.81912231500007,28.78845025800007],[83.81827545200008,28.79128839300006],[83.81655120900007,28.791217821000032],[83.81530761700003,28.79340173500003],[83.81103515600006,28.793523805000063],[83.81012725800008,28.792036073000077],[83.80567169300008,28.794918077000034],[83.79996490500008,28.795198458000073],[83.79687500100005,28.79628946100007],[83.79542541500007,28.795608538000067],[83.79407501200006,28.797039049000034],[83.79102325500008,28.798515337000026],[83.79196929900007,28.802825944000062],[83.79032135000006,28.803506868000056],[83.78819274900007,28.802579896000054],[83.78154754600007,28.802669542000046],[83.77571868900003,28.803464907000034],[83.76921081600005,28.805301684000028],[83.76653289800004,28.804218310000067],[83.76396942100007,28.80259324800005],[83.75943756100008,28.802810686000043],[83.75862121600005,28.803489702000036],[83.75469970700004,28.80387689400004],[83.74928283700007,28.80343820300004],[83.74479675300006,28.805330293000054],[83.73374939000007,28.80706598100005],[83.73019409200003,28.80466653600007],[83.72744751000005,28.806669252000063],[83.72505188000008,28.80731965800004],[83.72236633300008,28.809171693000053],[83.71999359200004,28.809740084000055],[83.71936798200005,28.811088579000057],[83.71637725900007,28.81443406900007],[83.71363067600004,28.818794268000033],[83.71404266400003,28.82280160700003],[83.71459960900006,28.824001330000044],[83.71401214700006,28.82679559500008],[83.71253204400006,28.827825563000033],[83.70999145500008,28.833677309000052],[83.70658874500003,28.836208361000047],[83.70458221500007,28.840488450000066],[83.70404052700007,28.844785707000028],[83.70453643900004,28.849399583000036],[83.70532989500003,28.852502840000056],[83.70636749400006,28.85433770900005],[83.70606994600007,28.856998461000046],[83.70636749300007,28.860057848000054],[83.70713806200007,28.86212732100006],[83.70533752500006,28.862684267000077],[83.70213318000003,28.86471940800004],[83.69451141500008,28.864971178000076],[83.69105529800004,28.86547471800003],[83.68721771300005,28.867097871000055],[83.68190765400004,28.868276613000035],[83.67853546300006,28.868356722000044],[83.67325592000003,28.867513674000065],[83.67160797100007,28.866554277000034],[83.67105865600007,28.864563006000026],[83.66942596500007,28.862958925000044],[83.66584777800006,28.862491625000075],[83.66281128000008,28.863359468000056],[83.65971374500003,28.863639849000037],[83.64897918800006,28.86109163100008],[83.64501190100003,28.859117525000045],[83.64176940900006,28.85516740500003],[83.63775634700005,28.853723543000058],[83.63239288300008,28.852941530000066],[83.63108062700007,28.851543443000025],[83.63262176600006,28.848135012000057],[83.63283539000008,28.84572984500005],[83.63159942600004,28.840147036000076],[83.63220977800006,28.838512438000066],[83.63425445600006,28.835971849000032],[83.63455200200008,28.834669130000066],[83.63351440400004,28.829900759000054],[83.63241577200006,28.828212755000038],[83.62664032100008,28.822341936000043],[83.62538909900007,28.82012368900007],[83.62516784700006,28.818260210000062],[83.62212371800007,28.815532701000052],[83.61923980700004,28.81548311100005],[83.61663055400004,28.81468774500007],[83.61342620800008,28.81276513800003],[83.61085510300006,28.81264497500007],[83.60895538300008,28.81558801400007],[83.60714721700003,28.81592943000004],[83.60382080000005,28.81372072000005],[83.59506225600006,28.813837068000055],[83.59019470300007,28.813612001000024],[83.58631896900005,28.814342516000067],[83.58486938500005,28.81512452900006],[83.58374023400006,28.813894289000075],[83.58268737800006,28.809972780000066],[83.58090210000006,28.80751993000007],[83.58212280300006,28.802993792000052],[83.58926391600005,28.801401155000065],[83.59254455500007,28.800983446000032],[83.59844207700007,28.799457567000047],[83.60324096700003,28.79910089200007],[83.60619354200009,28.798275010000054],[83.61228942900004,28.79750825700006],[83.61523437500006,28.796730058000037],[83.61566162100007,28.79532434200007],[83.61489868100006,28.792936342000075],[83.61529541000004,28.791086214000075],[83.61904144300007,28.786598222000066],[83.62312316800006,28.783222215000023],[83.62427520700004,28.78160287600008],[83.62866211000005,28.776887910000028],[83.63224792400007,28.773805636000077],[83.63294982900004,28.771604555000067],[83.63442993200005,28.770334261000073],[83.63837432800005,28.769002932000035],[83.63912200900006,28.768116015000032],[83.63996124200008,28.760210054000027],[83.64302063000008,28.75657083300007],[83.64397430400004,28.75435449400004],[83.64778137200005,28.750003831000072],[83.65024566600005,28.742744463000065],[83.65174865700004,28.741674440000054],[83.65305328300008,28.739147204000062],[83.65718078600008,28.73649789600006],[83.66320800800008,28.736511248000056],[83.66673278800005,28.73568536600004],[83.66941070500008,28.73381997900003],[83.67424774200003,28.733972566000034],[83.67745208800005,28.731885927000064],[83.67979431100008,28.731302278000044],[83.67906189000007,28.726631182000062],[83.67746734600007,28.72523309500008],[83.67539978100007,28.724880235000057],[83.67033145400006,28.71954720800005],[83.66261551700006,28.714828708000027],[83.65809857900007,28.71023520800003],[83.65610032900008,28.70987589500004],[83.65477120400004,28.70869708300006],[83.65264076600005,28.70810502100005],[83.64958420400006,28.705394333000072],[83.64412476600006,28.703970020000042],[83.64093801700005,28.700437583000053],[83.63893970400005,28.700197583000033],[83.63601795400007,28.69725233300005],[83.63269370400008,28.695127083000045],[83.63101005600004,28.69459893000004],[83.63302612300004,28.692680376000055],[83.63591003500005,28.69393350400003],[83.64081573500005,28.69283677900006],[83.64475250200007,28.691398638000067],[83.64986419700006,28.68798066900007],[83.65366363500004,28.688884752000035],[83.65518188500005,28.688503282000056],[83.65774536100008,28.684715288000064],[83.65991210900006,28.683298128000047],[83.66187286400003,28.681047457000034],[83.66587066600005,28.679719942000077],[83.66783905000005,28.674913423000078],[83.66753387500006,28.672918337000056],[83.66842651300004,28.66960527200007],[83.67065429600007,28.668630617000076],[83.67286682200006,28.669013994000068],[83.67723846500007,28.668630617000076],[83.68254852300004,28.669466036000074],[83.68386077900004,28.67011644200005],[83.69083404600008,28.672031419000064],[83.69309234600007,28.672369020000076],[83.69874572700007,28.672128694000037],[83.70060730000006,28.671514528000046],[83.70368957500006,28.673070924000058],[83.70890808100006,28.673984544000064],[83.71229553300003,28.676382081000042],[83.71341705300006,28.680101411000066],[83.71511840800008,28.68175317600003],[83.71787262000004,28.683528917000046],[83.72194671600005,28.684362429000032],[83.72530365000006,28.683513659000027],[83.73331451400009,28.67940141400004],[83.73825836200007,28.678144472000042],[83.74091357900005,28.680974458000037],[83.74578082900007,28.68810627000005],[83.74655151400003,28.690045283000075],[83.75085449200003,28.688159960000064],[83.75366965900008,28.68790055100004],[83.75804138200004,28.68857004000006],[83.76203155500008,28.687986391000038],[83.76515197800006,28.688186662000078],[83.76946258600003,28.68637849600003],[83.77513885500008,28.687618272000066],[83.78071026600009,28.689205146000063],[83.78588107900003,28.691241708000064],[83.78900875200003,28.692771781000033],[83.79133039200008,28.69311152100005],[83.79278132900004,28.696779958000036],[83.79528676600006,28.697465145000024],[83.79794311500007,28.699022310000032],[83.79996490400003,28.700847642000042],[83.80321502700008,28.70239450300005],[83.80532836900005,28.70489122200007],[83.80838157900007,28.707334583000033],[83.81195232900006,28.711585583000044],[83.81477356000005,28.714117067000075],[83.81657409700006,28.714674013000035],[83.82077420400003,28.713950708000027],[83.82409807900007,28.715672020000056],[83.82444277100007,28.71797754000005],[83.82564544600007,28.717729586000075],[83.82870483400006,28.718923586000074],[83.83234764100007,28.718811708000032],[83.83361816400009,28.720886247000067],[83.83663177500006,28.722148912000023],[83.83839595400008,28.72397427100003],[83.84265136700003,28.72509767300005],[83.84679732900008,28.726820083000064],[83.85003662100007,28.72677804700004],[83.85242607900005,28.726275771000076],[83.85568237300004,28.726625460000037],[83.85838317900004,28.725721376000024],[83.85999298100006,28.724231737000025],[83.86231231700003,28.723915117000047],[83.86619567900004,28.722646731000054],[83.86918164200006,28.72627952000005],[83.87410736100009,28.726934450000044],[83.87480207900006,28.729321583000058],[83.87658139100006,28.73147102100006],[83.87765502900004,28.73385049600006],[83.87977600100004,28.73584558300007],[83.88110415800008,28.73783703400005],[83.88329582900008,28.738540896000075],[83.88682556200007,28.74139406000006],[83.89326445900008,28.743615945000045],[83.89360782900008,28.747330271000067],[83.89277537800007,28.751110297000025]]]}},{"type":"Feature","properties":{"STATE_CODE":4,"DISTRICT":"MUSTANG","GaPa_NaPa":"Lomanthang","Type_GN":"Gaunpalika","Province":"Gandaki","provinceId":"4","provinceCode":"4","provinceName":"Gandaki","districtId":"403","districtName":"Mustang","municipalityId":"40304","municipalityCode":"40304","municipalityName":"Lomanthang Rural Municipality","municipalityNameNe":"लोमन्थाङ गाउँपालिका","municipalityType":"rural_municipality"},"geometry":{"type":"Polygon","coordinates":[[[84.18826293900008,29.080682771000056],[84.19287872300004,29.08464052000005],[84.19477844200009,29.087425249000034],[84.19794464100005,29.092933672000072],[84.19818878200005,29.09436418300004],[84.19734191900005,29.096532839000076],[84.19814300600007,29.09904672400006],[84.20025634800004,29.099489229000028],[84.20150756800007,29.101537721000057],[84.20384216400004,29.103719728000044],[84.20394897400007,29.10561563300007],[84.20321655200007,29.109312075000048],[84.20204162600004,29.112640398000053],[84.20229339600007,29.11447908200006],[84.20272064200003,29.12435533300004],[84.19519043000008,29.125034349000032],[84.18733978300008,29.126649874000066],[84.17841339100005,29.129621523000026],[84.17693328800004,29.13080598700003],[84.17604827900004,29.133901613000035],[84.17647552500006,29.136455553000076],[84.17493438700006,29.140981692000025],[84.17613220200008,29.144172685000058],[84.17552185100004,29.14974595900003],[84.17346191400009,29.152650850000043],[84.17292022700008,29.154256838000038],[84.17003631600005,29.15687372000008],[84.16806793300003,29.16407205400003],[84.16938018800005,29.166236895000054],[84.17138671800006,29.172077196000032],[84.16904449400005,29.173994081000046],[84.16915893500004,29.17740060600005],[84.16720581000004,29.179201143000057],[84.16441345200008,29.185199755000042],[84.16779327400008,29.18800355700006],[84.16894531200006,29.19025995000004],[84.16596984900008,29.194026964000045],[84.17066955600006,29.199821490000033],[84.17472839400006,29.20068742600006],[84.17916107200006,29.205110567000077],[84.17965698200004,29.206735628000047],[84.18334198000008,29.20779229900006],[84.18760681200007,29.206125276000023],[84.19045257600004,29.205715197000075],[84.19223785400004,29.206892031000052],[84.19408416800007,29.209404009000025],[84.19857025200008,29.212705629000027],[84.20186615000006,29.213878649000037],[84.20133209200003,29.21804048300004],[84.19973754900008,29.22068979100004],[84.20046997100008,29.222608584000056],[84.19995880100004,29.225336092000077],[84.20021057100007,29.228084582000065],[84.20110321100003,29.230924624000068],[84.20507812500006,29.236570375000042],[84.20385742200006,29.23786737200004],[84.20315551700008,29.240015047000043],[84.19798278800005,29.241996782000058],[84.19688415500008,29.24381639300003],[84.19477081300005,29.244129198000053],[84.19036865300006,29.243324297000072],[84.18558502200005,29.241762178000045],[84.18335723900003,29.240373628000043],[84.18148803700007,29.237705248000054],[84.17980957100008,29.23766900800007],[84.17489624000007,29.23885537900003],[84.17404937800006,29.239959734000024],[84.16987609800003,29.24097062900006],[84.16190338200005,29.241619127000035],[84.15591430700005,29.24137689400004],[84.15168762200005,29.240007417000072],[84.14370727600004,29.23616411000006],[84.14229583800005,29.236652392000053],[84.13924408000008,29.238821046000055],[84.13715362500005,29.23938371500003],[84.13479614300007,29.24116708500003],[84.13096618800006,29.242794054000058],[84.12621307400008,29.243650454000033],[84.12184906100003,29.245222109000053],[84.11846160900006,29.24412156900007],[84.11528778000007,29.246986406000076],[84.11451721200007,29.248632448000023],[84.11576843300008,29.251800554000056],[84.11405944900008,29.253917711000042],[84.11697387700008,29.25802804800003],[84.11500549400006,29.26062967100006],[84.11522674500003,29.262975710000035],[84.11994934100005,29.264560716000062],[84.12152862600004,29.265781419000064],[84.12190246600005,29.267402666000066],[84.12378692800007,29.270286577000036],[84.12398529100005,29.27350236700005],[84.12150573700006,29.274606722000044],[84.11992645300006,29.276105898000026],[84.11965942400008,29.277526872000067],[84.12217712500006,29.279136675000075],[84.11867523300003,29.279373186000043],[84.11623382500005,29.280450838000036],[84.11074066200007,29.285026568000035],[84.10594940200008,29.286138552000068],[84.10439300500008,29.286947268000063],[84.10237884600008,29.29013444700007],[84.09780883900004,29.29213525600005],[84.09233093400007,29.294073122000043],[84.08791351300005,29.294521349000036],[84.08306121800007,29.28865052900005],[84.07976532000004,29.28711892900003],[84.07222747800006,29.285091418000036],[84.07064056400003,29.285392778000073],[84.06585693300008,29.289514559000054],[84.06214904800004,29.28955079900004],[84.05832672100007,29.290536897000038],[84.05709075900006,29.292690295000057],[84.05502319300007,29.294662493000033],[84.05497741700003,29.297487276000027],[84.04598236100009,29.300756471000057],[84.04449462900004,29.30077745400007],[84.04057312000003,29.297817248000058],[84.03477478000008,29.29482080200006],[84.03157806400003,29.292535799000063],[84.02875518800005,29.285745637000048],[84.02644348100006,29.288656252000067],[84.02481079100005,29.289281863000042],[84.02149200400004,29.289476412000056],[84.01786041300005,29.288940447000073],[84.01642608700007,29.290048617000025],[84.01454162600004,29.292997377000063],[84.01287078800004,29.29424859900007],[84.00644683800004,29.295858400000043],[84.00190734900008,29.294912355000065],[83.99634552000003,29.297454851000055],[83.99195151700008,29.298388771000077],[83.98988782900005,29.300443834000077],[83.99174426600007,29.303252584000063],[83.99485607900004,29.30330914600006],[83.99851164200004,29.304529709000064],[84.00136451700007,29.30626452100006],[84.00321151600008,29.30936639600003],[84.00307376600006,29.311940396000068],[84.00130351700005,29.314692647000072],[83.99765620400007,29.31644102100006],[83.99434682900005,29.320093271000076],[83.99053939200007,29.320842021000033],[83.98980782900009,29.32199920800008],[83.98693526700004,29.323903021000035],[83.98346920400007,29.325533646000054],[83.97796089200006,29.328603146000034],[83.96697782900003,29.330996709000033],[83.96477489200004,29.33126908400004],[83.96320464200005,29.330476833000034],[83.95965995400007,29.32695433400005],[83.95782851700005,29.326087458000075],[83.95563364200007,29.322822459000065],[83.95300951600007,29.320398646000058],[83.95059676600005,29.31702064600006],[83.94885457900006,29.316496646000076],[83.94317920400005,29.316318396000042],[83.94033126700003,29.317815084000074],[83.93572482900004,29.319694396000045],[83.92958757900004,29.318432458000075],[83.92612607900008,29.32031208400008],[83.92190551700008,29.32323558400003],[83.91713926700004,29.322596521000037],[83.91209732900006,29.323412208000036],[83.90687664200004,29.325698458000033],[83.90290182900003,29.32350514600006],[83.90013189200005,29.318781396000077],[83.88950007900007,29.32008827100003],[83.88693607900007,29.31918145900005],[83.88223745400006,29.316082271000028],[83.87564220400003,29.31433695800007],[83.87261201600006,29.312326271000074],[83.86622539100006,29.31181027100007],[83.86241239200007,29.310437084000057],[83.85817189200003,29.30935652100004],[83.85625514100008,29.301594021000028],[83.85120408000006,29.297970021000026],[83.84950320400003,29.297487583000077],[83.84669514200004,29.298869583000055],[83.84106851700005,29.298100459000068],[83.83711982900007,29.300850209000032],[83.83224570400006,29.298089709000067],[83.82809795400004,29.299708709000072],[83.82522207900007,29.302750459000038],[83.81931895400004,29.30272227100005],[83.81484464200008,29.302010083000027],[83.81476139100005,29.29894189600003],[83.81395745400005,29.29765489600004],[83.81005195400007,29.294624209000062],[83.81300032900003,29.29077970900005],[83.81166232900006,29.28923933300007],[83.80994539200003,29.28582814600003],[83.80607820400007,29.284090021000054],[83.80462039100007,29.282233521000023],[83.80272695400004,29.281610396000076],[83.79944107900008,29.281783709000024],[83.79897126700007,29.279768459000024],[83.79659764100006,29.277362271000072],[83.79595057900008,29.273420146000035],[83.79739470400006,29.271813896000026],[83.79892351700005,29.268175084000063],[83.80113839100005,29.264097458000037],[83.80236757900008,29.258885771000053],[83.80413414100008,29.257209896000063],[83.80389532900006,29.25561920800004],[83.79917489100006,29.25290952100005],[83.79929001700003,29.24997245800006],[83.79420651600003,29.248929271000065],[83.79263039100005,29.247397271000068],[83.78883045400005,29.245870834000073],[83.78346689100005,29.244344021000074],[83.78169082900007,29.24504495800005],[83.78054526600005,29.247229083000036],[83.77876957900008,29.247706709000056],[83.77518451700007,29.246534396000072],[83.77300720400007,29.246255521000023],[83.77263214200008,29.243707896000046],[83.76967432900005,29.240781396000045],[83.76614114200004,29.240089459000046],[83.76347970400008,29.240026083000032],[83.75882514100005,29.242506083000023],[83.75660264100009,29.242238146000034],[83.75423832900003,29.243452021000053],[83.74999876600003,29.243825396000034],[83.74913407900004,29.238200584000026],[83.74999982900005,29.233996271000024],[83.75682964200007,29.23053920800004],[83.75945007900003,29.230056646000037],[83.76824214100003,29.227259021000066],[83.77055807900007,29.225699646000066],[83.77275789100008,29.22271427100003],[83.77899607900008,29.21965433300005],[83.78146682900007,29.217269334000036],[83.78783476700005,29.213509896000062],[83.79051289100005,29.210759584000073],[83.79195607900004,29.20842920800004],[83.79303695400006,29.20353314600004],[83.79438032900003,29.199894146000076],[83.79466870400006,29.195673646000046],[83.79574282900006,29.19015495900004],[83.79857382900008,29.18852364600008],[83.80201170400005,29.18746395900007],[83.80334751600003,29.186351458000047],[83.80501939100003,29.183561084000075],[83.81002639200005,29.177337271000056],[83.81284757900005,29.175498084000026],[83.81431964200004,29.173350209000034],[83.81522082900005,29.17074583400006],[83.81867539200005,29.16904277100008],[83.82028639200007,29.167436396000028],[83.82406026700005,29.16643527100007],[83.82707539200004,29.164914146000058],[83.83227489200004,29.16124577100004],[83.84146670400008,29.15640664600005],[83.84307764200008,29.154876708000074],[83.84606964100004,29.153806333000034],[83.84709426700005,29.152444896000077],[83.85012045400003,29.15030514600005],[83.85167745400008,29.14817045800004],[83.85706276700006,29.143860584000038],[83.86415645400007,29.141546583000036],[83.86551920400007,29.14070195900007],[83.87060720500006,29.140151958000047],[83.87308332900005,29.139265521000027],[83.87555695500004,29.137729209000042],[83.87764695400006,29.138180083000066],[83.88077839200008,29.137979896000047],[83.88368126600005,29.135103834000063],[83.88611964200004,29.135593146000076],[83.88763876700006,29.134633396000027],[83.88728058000004,29.132036458000073],[83.88788339200005,29.130394583000054],[83.89032020500008,29.130387583000072],[83.89066201600008,29.128819959000054],[83.89305532900005,29.127154709000024],[83.89404957900007,29.124455084000033],[83.89690432900005,29.12274277100005],[83.89926982900005,29.123004020000053],[83.90326220400004,29.122747521000065],[83.90540764200006,29.12132095800007],[83.90835595400006,29.120993646000045],[83.91111757900006,29.118425958000046],[83.91478864200008,29.115822646000026],[83.91535064200008,29.113882833000048],[83.91740720400009,29.111025771000072],[83.91719126600003,29.108471833000067],[83.91827239200006,29.107807021000042],[83.92321001600004,29.107390271000043],[83.92603020400009,29.10637895900004],[83.93034814200007,29.10416358300006],[83.93374726700006,29.100075208000078],[83.93516839100005,29.09755364600005],[83.93600914200005,29.094718271000033],[83.93934339200007,29.09178927100004],[83.94160382900003,29.08265345800004],[83.94070289200005,29.07991202100004],[83.94111657900004,29.07796077100005],[83.94331608000005,29.07473783300003],[83.94375176800008,29.072301521000043],[83.94509651700008,29.072879646000047],[83.94743283000008,29.075497521000045],[83.94958676600004,29.076384959000052],[83.95368770400006,29.07972758300008],[83.95501451600006,29.085729021000077],[83.95719120500007,29.08750070800005],[83.96264676800007,29.08722033300006],[83.96512201700006,29.087703834000024],[83.96814676700006,29.090684771000042],[83.96972733000007,29.09426764600005],[83.97279733000005,29.09978645800004],[83.97490601800007,29.10107508300007],[83.97758801700007,29.101919270000053],[83.97900889200008,29.103771709000057],[83.97914620500006,29.106027709000045],[83.98010870500008,29.107115271000055],[83.98024607900004,29.108967458000052],[83.98205689200006,29.110939458000075],[83.98118520400004,29.11355858400003],[83.98315639200007,29.115289146000066],[83.98464645400009,29.11826952100006],[83.98680170400007,29.118310334000057],[83.98776432900007,29.12028220800005],[83.98693870500006,29.121811646000026],[83.98858945500007,29.122538271000053],[83.98950645500008,29.12487327100007],[83.98879232900003,29.126542646000075],[83.99159589200008,29.13108420900005],[83.99261995400008,29.13380495800004],[83.99306070500006,29.136981458000037],[83.99489933000007,29.138168145000066],[83.99489926700005,29.14025495900006],[83.99626370400006,29.143460833000063],[83.99805645400005,29.14603489600006],[84.00000001700005,29.147643333000076],[84.00000001700005,29.14888576800007],[84.00161751700006,29.150244584000063],[84.00244739200008,29.15281639600005],[84.00125814200004,29.15648914600007],[84.00403595000006,29.157066362000023],[84.00595283000007,29.160543021000024],[84.01052856400008,29.163612383000043],[84.01284795400005,29.165627520000044],[84.01512957900007,29.16539933300004],[84.01892551700007,29.165710271000023],[84.02007258000003,29.164160208000055],[84.02351379300006,29.162456530000043],[84.02590179500004,29.161834734000024],[84.02947235100004,29.161996858000066],[84.03311920200008,29.163320558000066],[84.03530054200007,29.166194336000046],[84.03667450000006,29.16633798400005],[84.03920745800008,29.16375161900004],[84.04091644300007,29.162952440000026],[84.04219055300007,29.161024111000074],[84.04499053900008,29.159093874000064],[84.05269622800006,29.15650560200004],[84.05650329600007,29.153341311000077],[84.05912017800006,29.151729601000056],[84.06202697700007,29.146400468000024],[84.06330108600008,29.14151956300003],[84.06244659400005,29.139717119000068],[84.06321716300005,29.137464540000053],[84.06535339400006,29.133710878000045],[84.06791687100008,29.130706804000056],[84.07235717800006,29.128002184000024],[84.07440185600007,29.12639619600003],[84.07935333200004,29.124530810000067],[84.08269500700004,29.12229921100004],[84.08347320500008,29.12059213400005],[84.08331298900004,29.116251009000052],[84.08457946800007,29.114896792000025],[84.08460998600003,29.112731950000068],[84.08632659900007,29.110527056000024],[84.08649444600007,29.107601183000043],[84.08953857400007,29.105236070000046],[84.09114074700005,29.102939623000054],[84.09117126500007,29.101825731000076],[84.09403228800005,29.100667970000075],[84.09613800100004,29.098014849000037],[84.09639739900007,29.09608651900004],[84.09895324700005,29.094564455000068],[84.10102844200009,29.092266099000028],[84.10524749800004,29.089704531000052],[84.10984039400006,29.09008600100003],[84.11194610600006,29.08803560100006],[84.11413574300008,29.087203997000074],[84.11624145500008,29.082721727000035],[84.11696624800004,29.079711931000077],[84.11878967300004,29.07882882900003],[84.12104797400008,29.078592318000062],[84.12425994900008,29.07580758900008],[84.12673187300004,29.078308123000056],[84.12865448000008,29.08373834400004],[84.13167572000003,29.084653871000057],[84.13304901100008,29.086753862000023],[84.13611602800006,29.088613528000053],[84.14073944100005,29.089015978000077],[84.14299011200006,29.092529314000046],[84.14567566000005,29.09564973600004],[84.14769744900008,29.096014040000057],[84.15409851100009,29.092294710000033],[84.15878295900006,29.091856020000023],[84.16390991200007,29.090301531000023],[84.16651153500004,29.09006120500004],[84.16896057200006,29.08748628400008],[84.17219543400006,29.085855501000026],[84.17438507200006,29.084041612000078],[84.17713928200004,29.08313371400004],[84.17996215800008,29.083116549000067],[84.18482208300009,29.080970782000065],[84.18826293900008,29.080682771000056]]]}},{"type":"Feature","properties":{"STATE_CODE":4,"DISTRICT":"MUSTANG","GaPa_NaPa":"Thasang","Type_GN":"Gaunpalika","Province":"Gandaki","provinceId":"4","provinceCode":"4","provinceName":"Gandaki","districtId":"403","districtName":"Mustang","municipalityId":"40305","municipalityCode":"40305","municipalityName":"Thasang Rural Municipality","municipalityNameNe":"थासाङ गाउँपालिका","municipalityType":"rural_municipality"},"geometry":{"type":"Polygon","coordinates":[[[83.73825836200007,28.678144472000042],[83.73331451400009,28.67940141400004],[83.72530365000006,28.683513659000027],[83.72194671600005,28.684362429000032],[83.71787262000004,28.683528917000046],[83.71511840800008,28.68175317600003],[83.71341705300006,28.680101411000066],[83.71229553300003,28.676382081000042],[83.70890808100006,28.673984544000064],[83.70368957500006,28.673070924000058],[83.70060730000006,28.671514528000046],[83.69874572700007,28.672128694000037],[83.69309234600007,28.672369020000076],[83.69083404600008,28.672031419000064],[83.68386077900004,28.67011644200005],[83.68254852300004,28.669466036000074],[83.67723846500007,28.668630617000076],[83.67286682200006,28.669013994000068],[83.67065429600007,28.668630617000076],[83.66842651300004,28.66960527200007],[83.66753387500006,28.672918337000056],[83.66783905000005,28.674913423000078],[83.66587066600005,28.679719942000077],[83.66187286400003,28.681047457000034],[83.65991210900006,28.683298128000047],[83.65774536100008,28.684715288000064],[83.65518188500005,28.688503282000056],[83.65366363500004,28.688884752000035],[83.64986419700006,28.68798066900007],[83.64475250200007,28.691398638000067],[83.64081573500005,28.69283677900006],[83.63591003500005,28.69393350400003],[83.63302612300004,28.692680376000055],[83.63101005600004,28.69459893000004],[83.63269370400008,28.695127083000045],[83.63601795400007,28.69725233300005],[83.63893970400005,28.700197583000033],[83.64093801700005,28.700437583000053],[83.64412476600006,28.703970020000042],[83.64958420400006,28.705394333000072],[83.65264076600005,28.70810502100005],[83.65477120400004,28.70869708300006],[83.65610032900008,28.70987589500004],[83.65809857900007,28.71023520800003],[83.66261551700006,28.714828708000027],[83.67033145400006,28.71954720800005],[83.67539978100007,28.724880235000057],[83.67746734600007,28.72523309500008],[83.67906189000007,28.726631182000062],[83.67979431100008,28.731302278000044],[83.67745208800005,28.731885927000064],[83.67424774200003,28.733972566000034],[83.66941070500008,28.73381997900003],[83.66673278800005,28.73568536600004],[83.66320800800008,28.736511248000056],[83.65718078600008,28.73649789600006],[83.65305328300008,28.739147204000062],[83.65174865700004,28.741674440000054],[83.65024566600005,28.742744463000065],[83.64778137200005,28.750003831000072],[83.64397430400004,28.75435449400004],[83.64302063000008,28.75657083300007],[83.63996124200008,28.760210054000027],[83.63912200900006,28.768116015000032],[83.63837432800005,28.769002932000035],[83.63442993200005,28.770334261000073],[83.63294982900004,28.771604555000067],[83.63224792400007,28.773805636000077],[83.62866211000005,28.776887910000028],[83.62427520700004,28.78160287600008],[83.62312316800006,28.783222215000023],[83.61904144300007,28.786598222000066],[83.61529541000004,28.791086214000075],[83.61489868100006,28.792936342000075],[83.61566162100007,28.79532434200007],[83.61523437500006,28.796730058000037],[83.61228942900004,28.79750825700006],[83.60619354200009,28.798275010000054],[83.60324096700003,28.79910089200007],[83.59844207700007,28.799457567000047],[83.59254455500007,28.800983446000032],[83.58926391600005,28.801401155000065],[83.58212280300006,28.802993792000052],[83.58090210000006,28.80751993000007],[83.58268737800006,28.809972780000066],[83.58374023400006,28.813894289000075],[83.57656860300006,28.811109560000034],[83.57004547100007,28.807912843000054],[83.56726074200003,28.805898683000066],[83.56645202700008,28.804254549000063],[83.56342315800003,28.802268999000034],[83.55973815900006,28.800750750000077],[83.55677032400007,28.797695177000037],[83.55039215100004,28.793785112000023],[83.54701995900007,28.79238702600003],[83.54438018900004,28.790632264000067],[83.53983306800006,28.789161699000033],[83.53567505000007,28.789115923000054],[83.53019714300007,28.79034807000005],[83.52598571800007,28.793422716000066],[83.52320099000008,28.79396058900005],[83.51927185000005,28.79600908100008],[83.51414489900003,28.79562570300004],[83.51009368900003,28.793214815000056],[83.50685882600004,28.793039339000075],[83.50842285100003,28.78937532200007],[83.51023101800007,28.788042086000075],[83.51405305500003,28.787969643000054],[83.52001190100003,28.785903947000065],[83.52465820300006,28.78293420600005],[83.53067016600005,28.78278352500007],[83.53565979000007,28.78144456700005],[83.53957367000004,28.779573457000026],[83.54347229000007,28.776830690000054],[83.54817962600004,28.776311891000034],[83.55093383800005,28.775321977000033],[83.55291748100007,28.773855226000023],[83.55561065700005,28.77069665700003],[83.55816650400004,28.764417665000053],[83.55702209400005,28.759531038000034],[83.55578613300008,28.75704004000005],[83.55750274600007,28.75649644600003],[83.55939483600008,28.754774111000074],[83.56036377000004,28.752176302000066],[83.56073760900006,28.74617578300007],[83.55882263200004,28.743003862000023],[83.55592346200007,28.74036218400005],[83.55346679700006,28.739028947000065],[83.55140686000004,28.73616411000006],[83.55049896300005,28.734140413000034],[83.54872131300004,28.728212374000066],[83.54782867500006,28.72621347200004],[83.54383087100007,28.720319765000056],[83.54208374000007,28.716299074000062],[83.53927612300004,28.711006181000073],[83.53846740700004,28.707044618000054],[83.53868866000005,28.70413209700007],[83.54007720900006,28.70029069700007],[83.54174041800007,28.697103517000073],[83.54066467200005,28.695972460000064],[83.53762054400005,28.69513894800008],[83.53312683100006,28.692222612000023],[83.52958807800007,28.688308208000024],[83.53210449200003,28.68734170700003],[83.53669738800005,28.682521837000024],[83.53787994300006,28.67845537000005],[83.53919982900004,28.67742540100005],[83.54048156800008,28.67404367200004],[83.54252624600008,28.671976107000035],[83.54296112000003,28.670246141000064],[83.54244995100004,28.66781999400007],[83.54412078900003,28.66209604100004],[83.54512786900005,28.655994432000057],[83.54576110800008,28.654718416000037],[83.54944239100007,28.650646833000053],[83.55226135200007,28.650764483000046],[83.55669403100006,28.64846231300004],[83.56204223600008,28.646045701000048],[83.56375122000009,28.643390673000056],[83.56348419200003,28.639469163000058],[83.56630706800007,28.63393022300005],[83.56670379600007,28.629350679000027],[83.56452178900008,28.622343081000054],[83.56362152100007,28.620271699000057],[83.56439209000007,28.615480440000056],[83.56542968800005,28.611743944000068],[83.56755828800004,28.610107439000046],[83.56610107400007,28.606988924000063],[83.56745147700008,28.60505677900005],[83.57015991200007,28.602966326000058],[83.57224273700007,28.59922029300003],[83.57257080100004,28.597368257000028],[83.57138061600006,28.59362985300004],[83.57743835400004,28.588537233000068],[83.58172532400005,28.583325582000043],[83.58796691900005,28.587329881000073],[83.59116363500004,28.589712160000033],[83.59410095200008,28.589799898000024],[83.59869384800004,28.589181917000076],[83.60304260300006,28.587421434000078],[83.60460595700005,28.586065635000068],[83.60795593200004,28.585870760000034],[83.60943220400003,28.584687708000047],[83.61264038100006,28.58491899300003],[83.61562347400007,28.583503740000026],[83.61923980700004,28.578481691000036],[83.62075042700008,28.577014940000026],[83.62488556000005,28.575363176000053],[83.63533783000008,28.573888795000073],[83.63774027100004,28.574085154000045],[83.64347839400006,28.573421495000048],[83.64466070500004,28.572917353000037],[83.64360046400003,28.570856112000058],[83.64097595200008,28.569091814000046],[83.63983432800006,28.566402070000038],[83.64405059800004,28.565671937000047],[83.65543365500008,28.564569490000054],[83.65882110600006,28.564683931000047],[83.66541970400004,28.566830395000068],[83.66662597700008,28.57161332900006],[83.66752624500003,28.572971361000043],[83.67282407900007,28.575201333000052],[83.67479182900007,28.577268145000062],[83.67475891100008,28.580280321000032],[83.67573839100004,28.58210539600003],[83.67881011900005,28.585010545000046],[83.67998514100003,28.588085271000068],[83.68199157700008,28.59529878400008],[83.68446350100004,28.597566621000055],[83.68564605700004,28.60037042400006],[83.68561845400006,28.602580645000046],[83.68624877900004,28.60798265300008],[83.68693795400003,28.61120445800003],[83.68830351600008,28.613930770000024],[83.69005827300003,28.61491796400003],[83.69387817400008,28.61478997900008],[83.69658789200008,28.615237833000037],[83.69935576600005,28.61724970800003],[83.70388031000005,28.62418176400007],[83.70705413800005,28.63033487100006],[83.70793151900006,28.633193986000038],[83.70822957900003,28.639230396000073],[83.71095645400004,28.641688646000034],[83.71498107900004,28.643327730000067],[83.71780320400006,28.645802520000075],[83.72109222400007,28.65089608900007],[83.72260595400007,28.65219502000008],[83.72511437100007,28.653204020000032],[83.72822857900007,28.653323208000074],[83.73176595400008,28.654374833000077],[83.73225402900005,28.65519906800006],[83.72943182900008,28.658636583000032],[83.73008939100004,28.66718183300003],[83.73174514100003,28.668690020000042],[83.73678151600006,28.670915395000065],[83.73896026600005,28.67319299500008],[83.73825836200007,28.678144472000042]]]}},{"type":"Feature","properties":{"STATE_CODE":4,"DISTRICT":"MYAGDI","GaPa_NaPa":"Annapurna","Type_GN":"Gaunpalika","Province":"Gandaki","provinceId":"4","provinceCode":"4","provinceName":"Gandaki","districtId":"404","districtName":"Myagdi","municipalityId":"40401","municipalityCode":"40401","municipalityName":"Annapurna Rural Municipality","municipalityNameNe":"अन्नपूर्ण गाउँपालिका","municipalityType":"rural_municipality"},"geometry":{"type":"Polygon","coordinates":[[[83.87366332900007,28.613142708000055],[83.87225764200008,28.616859583000064],[83.87189707900006,28.61926427000003],[83.86645645400006,28.626564458000075],[83.86639545400004,28.62802864500003],[83.86467651700008,28.631887208000023],[83.86225020400008,28.636065458000076],[83.85925626600005,28.640015145000064],[83.85810789200008,28.64434127000004],[83.85455007900003,28.650244083000075],[83.85218276600006,28.653276083000037],[83.84951607900007,28.655420958000036],[83.84459132900008,28.657707646000063],[83.84092614200006,28.661507208000046],[83.83903157900005,28.664661333000026],[83.83122589200008,28.67058320800004],[83.82615351600003,28.672896146000028],[83.82113514100007,28.676255708000042],[83.81743501700004,28.67997570800003],[83.81392083000009,28.68256770800008],[83.80882595500003,28.68427077000007],[83.80571714200005,28.684857458000067],[83.79853326700004,28.68800102000006],[83.79299426700004,28.691649833000042],[83.79133039200008,28.69311152100005],[83.78900875200003,28.692771781000033],[83.78588107900003,28.691241708000064],[83.78071026600009,28.689205146000063],[83.77513885500008,28.687618272000066],[83.76946258600003,28.68637849600003],[83.76515197800006,28.688186662000078],[83.76203155500008,28.687986391000038],[83.75804138200004,28.68857004000006],[83.75366965900008,28.68790055100004],[83.75085449200003,28.688159960000064],[83.74655151400003,28.690045283000075],[83.74578082900007,28.68810627000005],[83.74091357900005,28.680974458000037],[83.73825836200007,28.678144472000042],[83.73896026600005,28.67319299500008],[83.73678151600006,28.670915395000065],[83.73174514100003,28.668690020000042],[83.73008939100004,28.66718183300003],[83.72943182900008,28.658636583000032],[83.73225402900005,28.65519906800006],[83.73176595400008,28.654374833000077],[83.72822857900007,28.653323208000074],[83.72511437100007,28.653204020000032],[83.72260595400007,28.65219502000008],[83.72109222400007,28.65089608900007],[83.71780320400006,28.645802520000075],[83.71498107900004,28.643327730000067],[83.71095645400004,28.641688646000034],[83.70822957900003,28.639230396000073],[83.70793151900006,28.633193986000038],[83.70705413800005,28.63033487100006],[83.70388031000005,28.62418176400007],[83.69935576600005,28.61724970800003],[83.69658789200008,28.615237833000037],[83.69387817400008,28.61478997900008],[83.69005827300003,28.61491796400003],[83.68830351600008,28.613930770000024],[83.68693795400003,28.61120445800003],[83.68624877900004,28.60798265300008],[83.68561845400006,28.602580645000046],[83.68564605700004,28.60037042400006],[83.68446350100004,28.597566621000055],[83.68199157700008,28.59529878400008],[83.67998514100003,28.588085271000068],[83.67881011900005,28.585010545000046],[83.67573839100004,28.58210539600003],[83.67475891100008,28.580280321000032],[83.67479182900007,28.577268145000062],[83.67282407900007,28.575201333000052],[83.66752624500003,28.572971361000043],[83.66662597700008,28.57161332900006],[83.66541970400004,28.566830395000068],[83.65882110600006,28.564683931000047],[83.65543365500008,28.564569490000054],[83.64405059800004,28.565671937000047],[83.63983432800006,28.566402070000038],[83.64097595200008,28.569091814000046],[83.64360046400003,28.570856112000058],[83.64466070500004,28.572917353000037],[83.64347839400006,28.573421495000048],[83.63774027100004,28.574085154000045],[83.63533783000008,28.573888795000073],[83.62488556000005,28.575363176000053],[83.62075042700008,28.577014940000026],[83.61923980700004,28.578481691000036],[83.61562347400007,28.583503740000026],[83.61264038100006,28.58491899300003],[83.60943220400003,28.584687708000047],[83.60795593200004,28.585870760000034],[83.60460595700005,28.586065635000068],[83.60304260300006,28.587421434000078],[83.59869384800004,28.589181917000076],[83.59410095200008,28.589799898000024],[83.59116363500004,28.589712160000033],[83.58796691900005,28.587329881000073],[83.58172532400005,28.583325582000043],[83.58024639200005,28.580677146000028],[83.57749345400003,28.578784708000057],[83.57588389200004,28.576054270000043],[83.57639126600003,28.56918589600008],[83.57804951600008,28.56513227000005],[83.58036551600009,28.56418958300003],[83.58413251700006,28.563377708000075],[83.58571282900004,28.562577083000065],[83.58775220400008,28.558959895000044],[83.58875257900007,28.554385208000042],[83.59119720300004,28.55222445800007],[83.59106939100008,28.54975808300003],[83.58855520400004,28.547320521000074],[83.58829214100007,28.54621883300007],[83.58934189200005,28.543031771000074],[83.58630676600006,28.539651896000066],[83.58577345400005,28.535902770000064],[83.58375326600003,28.53390664500006],[83.58392070400004,28.532271458000025],[83.58533982800003,28.527806270000042],[83.58496651600007,28.525767896000048],[83.58323464100005,28.523675646000072],[83.58073495300005,28.522542145000045],[83.57826645400007,28.519490896000036],[83.57930107900006,28.516355833000034],[83.57612726600007,28.512580395000043],[83.57475982900007,28.505139833000044],[83.57485620400007,28.503398333000064],[83.57652720400006,28.50213789600008],[83.57903957900004,28.49931189600005],[83.58240645300003,28.49397295800003],[83.58244345400004,28.49129720700006],[83.58183870300007,28.49002964500005],[83.58205564200006,28.486655082000027],[83.58445026600003,28.486283332000028],[83.58583426600006,28.48511439500004],[83.58600770400005,28.482951270000058],[83.58695801600004,28.481972708000058],[83.58751714200008,28.478964645000076],[83.58946345300006,28.473711396000056],[83.59124857800003,28.471496708000075],[83.59336714200003,28.466611645000057],[83.59258014100004,28.46526689500007],[83.59416439100005,28.460262895000028],[83.59639051600004,28.458220895000068],[83.59760101700004,28.456367646000047],[83.59755495400003,28.454463271000066],[83.59856020400008,28.453272708000043],[83.60378007900005,28.45174252100003],[83.60808401700007,28.450006458000075],[83.61234926600008,28.44965314500007],[83.61435101700005,28.448618771000042],[83.61950307900008,28.44796539500004],[83.61901576700006,28.44513702100005],[83.61756476600004,28.443648333000056],[83.61507576600007,28.442698333000067],[83.61341614200006,28.44015989600007],[83.60969132900004,28.438287896000077],[83.60531070400003,28.434516458000076],[83.60444339200006,28.433241458000055],[83.60202845400005,28.43213339500005],[83.60118514200008,28.43025827100007],[83.60107664100008,28.426099770000064],[83.60148807900003,28.41983552000005],[83.60056995300005,28.41616877000007],[83.60289232900004,28.413948708000078],[83.60114251600004,28.411245145000066],[83.60324114200006,28.409297395000067],[83.60110339200008,28.403134021000028],[83.60207489200008,28.401778583000066],[83.60083720400007,28.39883283300003],[83.59849520300008,28.396691645000033],[83.59668095400008,28.394258583000067],[83.59473332900006,28.392781770000056],[83.59471970400006,28.391247520000036],[83.59832476700007,28.391644021000047],[83.60261939100008,28.390070458000025],[83.61001801600008,28.386745896000036],[83.61349751600005,28.385598395000045],[83.61621207800005,28.383769520000044],[83.61859389200004,28.383706207000046],[83.62487657900004,28.381045520000043],[83.62874039200005,28.380701895000072],[83.63034839100004,28.377556583000057],[83.63098107800005,28.374248458000068],[83.63267745400003,28.371301895000045],[83.63505651700007,28.369307020000065],[83.63611164100007,28.36601802000007],[83.63950864100008,28.364745520000042],[83.64025714200005,28.362998895000032],[83.64198007800007,28.361419582000053],[83.64501664200003,28.360601708000047],[83.64798964200008,28.35749583200004],[83.65179657800007,28.356102270000065],[83.65113701600006,28.35459339500005],[83.65193526600007,28.35210008200005],[83.65448676700004,28.351131833000068],[83.65782395400004,28.34869002000005],[83.66016064200005,28.34796033300006],[83.66597257900008,28.34936227000003],[83.67174576600007,28.356167520000042],[83.67255582900003,28.359208583000054],[83.67575201700004,28.362194458000033],[83.67613614200008,28.36631070800007],[83.67788882900004,28.368266521000066],[83.68145464200006,28.37108164500006],[83.68090164200004,28.374090145000025],[83.67985651700008,28.376574083000037],[83.68021526700005,28.378598708000027],[83.68268020400006,28.382922895000036],[83.68432670300007,28.384445146000076],[83.68407676700008,28.385712582000053],[83.68491882900008,28.389547832000062],[83.68603345400004,28.390764270000034],[83.68747157900003,28.39411577000004],[83.69058776600008,28.397387646000027],[83.69349345400008,28.397500270000023],[83.69871495400008,28.399474832000067],[83.70128770400004,28.399588771000026],[83.70266832900006,28.39839145800005],[83.70424082900007,28.399417020000044],[83.70840939200008,28.398480645000063],[83.71447232800006,28.395438520000027],[83.71837520400004,28.395351895000033],[83.72015439100005,28.396170020000056],[83.72361276700008,28.396427583000047],[83.72851670400007,28.39553945800003],[83.73183876600007,28.396112333000076],[83.73472526700004,28.39571408300003],[83.73899495400008,28.394212957000036],[83.74780751600008,28.39448677000007],[83.75030845400005,28.393782895000072],[83.75366382900006,28.394019145000073],[83.75781045400004,28.39345577000006],[83.75906332900007,28.392882645000043],[83.76171301700003,28.394065083000044],[83.76158782900006,28.39711527000003],[83.76071814200003,28.398627645000033],[83.76071370400007,28.403584582000065],[83.75863082900008,28.40582358300003],[83.75657276600003,28.40610414500003],[83.75359714100006,28.40284989500003],[83.74851951600004,28.402132145000053],[83.74661782900006,28.403180020000036],[83.74385045400004,28.406917958000065],[83.74095320400005,28.408557208000047],[83.73940064200008,28.411318145000052],[83.73856007900008,28.414811395000072],[83.73622601700004,28.41644489500004],[83.73390945400007,28.420354958000075],[83.73503432800004,28.42174920700006],[83.73754395400005,28.426882458000023],[83.73835739100008,28.431091895000066],[83.73982982900003,28.434616645000062],[83.73836214100004,28.437700333000066],[83.73917720400004,28.439357957000027],[83.74212645400007,28.441847645000053],[83.74360670400006,28.443993832000046],[83.74654464100007,28.446779020000065],[83.74711626600003,28.448472208000055],[83.74891132900007,28.450474520000057],[83.75050570300004,28.451122707000025],[83.75195176700004,28.45504889500006],[83.75496095400007,28.457333145000064],[83.75564670400007,28.458476021000024],[83.75645951600006,28.462270146000037],[83.75431907900008,28.47186645800008],[83.75722251700006,28.475003333000075],[83.76372357900004,28.477117458000066],[83.76630951700008,28.47875083300005],[83.76830851700004,28.479300332000037],[83.77073576700008,28.478837396000074],[83.77292857900005,28.479195333000064],[83.77588882900005,28.481772333000038],[83.77769826700006,28.48552733300005],[83.78246689200006,28.490164708000066],[83.78316170400007,28.49429470800004],[83.78525064200005,28.49707989600006],[83.78946045400005,28.499448708000045],[83.79001445400007,28.50168320800003],[83.79198682900005,28.50399214500004],[83.79620951600003,28.506868333000057],[83.79787907900004,28.50920602000008],[83.80120045500007,28.512035645000026],[83.80444457900006,28.516006770000047],[83.80809432900008,28.518326770000044],[83.81315864100003,28.517318583000076],[83.81638251700008,28.51873983300004],[83.81908239200004,28.52211870800005],[83.82041445400006,28.524679020000065],[83.82332682900005,28.527931770000066],[83.82442339100004,28.529729083000063],[83.82961107900007,28.532458895000048],[83.83072607900004,28.534186270000077],[83.83099489100005,28.53687602000008],[83.82992795400008,28.538767583000038],[83.82973282900008,28.541761333000068],[83.82513882900008,28.546910833000027],[83.82062339200007,28.549880895000058],[83.81852632900006,28.55294189600005],[83.81456482900006,28.55748283300005],[83.81273395400007,28.558297020000055],[83.80917695400007,28.563623396000025],[83.80837451700006,28.56799477000004],[83.80744432900008,28.569518583000047],[83.80696889200004,28.57205614600008],[83.80504245400004,28.573709395000037],[83.80332220400004,28.576714395000067],[83.80397432900008,28.57979952000005],[83.80805470400009,28.585777458000052],[83.81135914200007,28.58959727000007],[83.81533258000007,28.591258708000055],[83.82107532900005,28.595043270000076],[83.82258089200008,28.595546083000045],[83.83191895400006,28.595291770000074],[83.83840695400005,28.599006520000046],[83.84327982900004,28.60085102000005],[83.84624676700008,28.602986521000048],[83.85060145400007,28.602903396000045],[83.85352326700007,28.604138396000053],[83.85675889200007,28.607289208000054],[83.85956833000006,28.60901814600004],[83.86450826700008,28.609824083000035],[83.87366332900007,28.613142708000055]]]}},{"type":"Feature","properties":{"STATE_CODE":4,"DISTRICT":"MYAGDI","GaPa_NaPa":"Beni","Type_GN":"Nagarpalika","Province":"Gandaki","provinceId":"4","provinceCode":"4","provinceName":"Gandaki","districtId":"404","districtName":"Myagdi","municipalityId":"40406","municipalityCode":"40406","municipalityName":"Beni Urban Municipality","municipalityNameNe":"बेनी नगरपालिका","municipalityType":"municipality"},"geometry":{"type":"Polygon","coordinates":[[[83.57168176600004,28.374329958000033],[83.57137701700003,28.375574457000027],[83.56659901600005,28.376931083000045],[83.56416714100004,28.386444520000055],[83.56122907900004,28.389512583000055],[83.55707520400006,28.38999552000007],[83.55438657800005,28.391381083000056],[83.55239426600008,28.393642020000073],[83.55033995400004,28.39447002000003],[83.55022320300003,28.39658145800007],[83.54880651700006,28.397772582000073],[83.54886220400005,28.39976045800006],[83.54746882900008,28.400773395000044],[83.54553957900004,28.405369583000038],[83.54311257900008,28.40780264500006],[83.53874132900006,28.409759833000066],[83.53514245400004,28.412610708000045],[83.53202682900007,28.410373208000067],[83.52942682900004,28.40931964500004],[83.52799401600004,28.408082770000078],[83.52688189200006,28.408767082000054],[83.52224857900006,28.407911520000027],[83.51378826700005,28.404607895000026],[83.51053157800004,28.404465395000045],[83.51255526600005,28.39996252000003],[83.51589445400003,28.394789708000076],[83.51301089200007,28.393798020000077],[83.51245301700004,28.39088102100004],[83.51031214100004,28.389194708000048],[83.50640207900005,28.38754033300006],[83.50387739100006,28.388733708000075],[83.49966451600005,28.389167333000046],[83.49822714100003,28.39005320700005],[83.49358020400007,28.39054820700005],[83.49197739100003,28.38937352000005],[83.49015207900004,28.38672470800003],[83.48747451700007,28.384726958000044],[83.48862995300004,28.38305495700007],[83.49117445300004,28.38253652000003],[83.49421376600003,28.38284564500003],[83.49703570400004,28.382389083000078],[83.49897520400003,28.383837895000056],[83.50089801600006,28.384431582000047],[83.50155351600006,28.381679145000078],[83.49921164100004,28.375669083000048],[83.49800151700003,28.37498327000003],[83.49802107900007,28.372578270000076],[83.49994520400008,28.37040358200005],[83.50211057900003,28.369053333000068],[83.50423657900006,28.368476645000044],[83.50489807900004,28.36527977000003],[83.50645582800007,28.364570207000043],[83.50473357900006,28.363079395000057],[83.50149151600004,28.36294345700003],[83.50035957900008,28.363426708000077],[83.49644876600007,28.361289208000073],[83.49350914100006,28.360260770000025],[83.48886989100004,28.356886270000075],[83.48588914100003,28.356561458000044],[83.48438426600006,28.354768833000037],[83.48225870400006,28.35345220800008],[83.48163345300009,28.35194720800007],[83.48285232800004,28.35068833300005],[83.48312532800009,28.348437708000063],[83.48539395400007,28.346912020000048],[83.48491457900008,28.343652270000064],[83.48358014100006,28.341476770000043],[83.48481764100006,28.33903570800004],[83.48532376600008,28.335680395000054],[83.48726826600006,28.33321945800003],[83.49025901700008,28.32122533200004],[83.49431039200005,28.322564833000058],[83.49686189200008,28.32403627000008],[83.49999989200006,28.324228333000065],[83.50221901600008,28.322302832000048],[83.50477070400007,28.322005270000034],[83.50544314200005,28.32059533300003],[83.50920001600008,28.318925771000067],[83.51176570400008,28.316597520000073],[83.51433514100006,28.315902707000077],[83.51858964100006,28.316037395000023],[83.52320176600006,28.315369958000076],[83.52515032900004,28.315947583000025],[83.52751495400008,28.314917895000065],[83.52908807900008,28.314918895000062],[83.53326976600005,28.312153520000038],[83.53408464100005,28.30960452000005],[83.53409676600006,28.306608208000057],[83.53725114100007,28.30305420700006],[83.54200532900006,28.30701858300006],[83.54467351700004,28.31071645800006],[83.54852589100005,28.31343670800004],[83.55061051600006,28.313890332000028],[83.55461007900004,28.313928270000076],[83.56051851700005,28.31642252000006],[83.56475957900005,28.31690539500005],[83.56688757900008,28.315720832000068],[83.57182132900004,28.314342082000053],[83.57283589100007,28.313192333000075],[83.57781682900008,28.312490333000028],[83.57964826600005,28.31122345700004],[83.58255432900006,28.31093908300005],[83.58726332900005,28.309538770000074],[83.59054101600003,28.306139458000075],[83.59113270400007,28.304760395000073],[83.59379407900008,28.30128695700006],[83.59479789100004,28.300705583000024],[83.59882764100007,28.30012183200006],[83.60130770400008,28.298527208000053],[83.60363670400005,28.298303833000034],[83.60265826700004,28.303476833000047],[83.60309857800007,28.30746483300004],[83.60196439100008,28.310543583000026],[83.60026220400005,28.311479458000065],[83.59932907900009,28.31300189500007],[83.59928301700006,28.315005271000075],[83.59745164100008,28.316637895000042],[83.59427595400007,28.318077020000032],[83.59292307900006,28.321558896000056],[83.58632282900004,28.32700139600007],[83.58417670400007,28.329724895000027],[83.57998789200008,28.332579708000026],[83.57702364100004,28.334059645000025],[83.57556007900007,28.339298583000073],[83.57446545300007,28.340324020000025],[83.57093089100005,28.340125645000057],[83.56986732900003,28.34261545800007],[83.56982882900007,28.34576045700004],[83.57071389200007,28.348836208000023],[83.56795432900003,28.35354527100003],[83.56754845300009,28.358112832000074],[83.56900526700008,28.363471395000033],[83.56876145400008,28.366121708000037],[83.57159051600007,28.371004020000044],[83.57110145300004,28.37264502000005],[83.57168176600004,28.374329958000033]]]}},{"type":"Feature","properties":{"STATE_CODE":4,"DISTRICT":"MYAGDI","GaPa_NaPa":"Dhaulagiri","Type_GN":"Gaunpalika","Province":"Gandaki","provinceId":"4","provinceCode":"4","provinceName":"Gandaki","districtId":"404","districtName":"Myagdi","municipalityId":"40403","municipalityCode":"40403","municipalityName":"Dhawalagiri Rural Municipality","municipalityNameNe":"धवलागिरी गाउँपालिका","municipalityType":"rural_municipality"},"geometry":{"type":"Polygon","coordinates":[[[83.52958807800007,28.688308208000024],[83.53312683100006,28.692222612000023],[83.53762054400005,28.69513894800008],[83.54066467200005,28.695972460000064],[83.54174041800007,28.697103517000073],[83.54007720900006,28.70029069700007],[83.53868866000005,28.70413209700007],[83.53846740700004,28.707044618000054],[83.53927612300004,28.711006181000073],[83.54208374000007,28.716299074000062],[83.54383087100007,28.720319765000056],[83.54782867500006,28.72621347200004],[83.54872131300004,28.728212374000066],[83.55049896300005,28.734140413000034],[83.55140686000004,28.73616411000006],[83.55346679700006,28.739028947000065],[83.55592346200007,28.74036218400005],[83.55882263200004,28.743003862000023],[83.56073760900006,28.74617578300007],[83.56036377000004,28.752176302000066],[83.55939483600008,28.754774111000074],[83.55750274600007,28.75649644600003],[83.55578613300008,28.75704004000005],[83.55702209400005,28.759531038000034],[83.55816650400004,28.764417665000053],[83.55561065700005,28.77069665700003],[83.55291748100007,28.773855226000023],[83.55093383800005,28.775321977000033],[83.54817962600004,28.776311891000034],[83.54347229000007,28.776830690000054],[83.53957367000004,28.779573457000026],[83.53565979000007,28.78144456700005],[83.53067016600005,28.78278352500007],[83.52465820300006,28.78293420600005],[83.52001190100003,28.785903947000065],[83.51405305500003,28.787969643000054],[83.51023101800007,28.788042086000075],[83.50842285100003,28.78937532200007],[83.50685882600004,28.793039339000075],[83.50408514200006,28.793596208000054],[83.50249481200007,28.792924898000024],[83.50000032900004,28.790316645000075],[83.49463670500006,28.78990864600007],[83.48895213000003,28.790577815000063],[83.48717207800007,28.788127583000062],[83.48587926600004,28.78528227100003],[83.48548801600003,28.78275627100004],[83.47993989200006,28.78188670800006],[83.47224282900004,28.781674146000057],[83.46617939100008,28.78006877000007],[83.46321045300004,28.77998702000008],[83.46079582800007,28.776144458000033],[83.45832407800003,28.773666458000037],[83.45589420300007,28.772138333000044],[83.45155720400004,28.770760395000025],[83.44812751600006,28.768822020000073],[83.44363532800008,28.76954358300003],[83.43845564100008,28.76868739500003],[83.43139676600003,28.76637702000005],[83.42902370400003,28.76622489600004],[83.42393689100004,28.764242771000056],[83.42114501600008,28.763549520000026],[83.41568207900008,28.761454959000048],[83.41246082900005,28.760538583000027],[83.40529270400003,28.760879458000034],[83.40230089100004,28.76065195800004],[83.39419920300008,28.762601208000035],[83.39053082900006,28.762972708000063],[83.38919157800007,28.761789021000027],[83.38537789100008,28.756370770000046],[83.37967576600005,28.753892396000026],[83.37870214100008,28.748996833000035],[83.37786382900003,28.746599270000047],[83.37635995300008,28.744415271000037],[83.37229295400005,28.741235708000033],[83.36926082900004,28.739301708000028],[83.36607220400003,28.73665402100005],[83.36402957800004,28.73404995800007],[83.35827095300004,28.733564771000033],[83.35272732800007,28.73578989600003],[83.34793976600008,28.735507333000044],[83.34056170400004,28.736561333000054],[83.33949420400006,28.73702995800005],[83.33328801600004,28.738084583000045],[83.32674676600004,28.737632520000034],[83.32207976600006,28.73602770800005],[83.31693982900003,28.735972520000075],[83.31444907800005,28.735251520000077],[83.31304464100003,28.73394945800004],[83.31025507800007,28.732507145000056],[83.30053964100006,28.731818771000064],[83.29606139100008,28.72973808300003],[83.29090251600007,28.728172458000074],[83.28401870400006,28.72557789600006],[83.28050739100007,28.72333933300007],[83.27894132800003,28.721848771000055],[83.27633389100004,28.723754708000058],[83.27255695400004,28.725074520000078],[83.26597795400005,28.726291083000035],[83.26141307900008,28.726110583000036],[83.25767970300006,28.727064708000057],[83.25451864100006,28.72860852100007],[83.25000001600006,28.730277771000033],[83.24679495400005,28.73256795800006],[83.24141995400004,28.734789395000064],[83.23921120400007,28.73948064600006],[83.23589939100003,28.741160833000038],[83.23128857900008,28.742756770000028],[83.22883314100005,28.742431458000055],[83.22450632800007,28.740087521000078],[83.22020114100008,28.735072458000047],[83.21765114100003,28.733604833000072],[83.21186239100007,28.73185664600004],[83.21216557800005,28.728508271000067],[83.21168839100005,28.72426420800008],[83.21004345400007,28.72147970800006],[83.21007107800006,28.717809333000048],[83.21054389100004,28.71635920800003],[83.21226320400007,28.71450352000005],[83.21237789100007,28.713243083000066],[83.21006089100007,28.709538708000025],[83.21003007800005,28.70252458300007],[83.20730051600003,28.698005583000054],[83.20548726600003,28.69415520800004],[83.20533226600008,28.692532208000046],[83.20358101600004,28.69163533300008],[83.20059270400003,28.68814795800006],[83.19990870300006,28.68649933300003],[83.19927832900004,28.681326958000056],[83.19821957800008,28.677408833000072],[83.19524157900008,28.672664646000044],[83.19616976600008,28.67171145800006],[83.19943139100008,28.672175208000056],[83.20413807800008,28.66976420800006],[83.20572239100005,28.670585645000074],[83.20923314100008,28.671346208000045],[83.21174395400004,28.671433020000052],[83.21510345400003,28.66997708300005],[83.21803420400005,28.669919583000024],[83.22311345300005,28.670348145000048],[83.22103089100005,28.66669495800005],[83.22022445300007,28.664104896000026],[83.21702457900005,28.662708020000025],[83.21301220300006,28.65953077100005],[83.21155776600006,28.657821271000046],[83.20389151600006,28.652763520000065],[83.20124970300003,28.65040170800006],[83.20043532900007,28.648941771000068],[83.19814776600003,28.648280708000073],[83.19319589100007,28.64817014600004],[83.18769789100008,28.647568770000078],[83.18484464100004,28.648927770000057],[83.18310514100006,28.64851352100004],[83.18015282800008,28.646697646000064],[83.17931120300005,28.64565027100008],[83.17615907800007,28.644340645000057],[83.17698551600006,28.641263958000025],[83.17589101600004,28.636388771000043],[83.17321264100008,28.634912833000044],[83.16820395300005,28.634870895000063],[83.16558070300005,28.635215708000032],[83.16415807800007,28.63321264500007],[83.16032514100004,28.630648646000054],[83.15788745300006,28.627053208000063],[83.15771957800007,28.62233933300007],[83.15403970400007,28.61995889600007],[83.15255226600004,28.619678833000023],[83.15298007900003,28.617549583000027],[83.15266564100006,28.61411620800004],[83.15321207800008,28.612414021000063],[83.15218864100007,28.60717589500007],[83.15162545300007,28.602646770000035],[83.15193032800005,28.59782983300005],[83.15128664000008,28.595064395000065],[83.14934120300006,28.59229758300006],[83.14715151600006,28.587864208000042],[83.14940845300004,28.586842895000075],[83.15111457800003,28.586970895000036],[83.15191889100004,28.584884583000076],[83.15405682800008,28.58386470800008],[83.15723545300006,28.58364533300005],[83.16043101600008,28.579992270000048],[83.16023595300004,28.577477895000072],[83.16412664100005,28.571579833000044],[83.16877607800006,28.571743708000042],[83.17040064100007,28.57336220800005],[83.17251351600004,28.573943583000073],[83.17836639100005,28.568129208000073],[83.18285682800007,28.56273052100005],[83.18385639100006,28.561937895000028],[83.18469595300007,28.55902814600006],[83.18915064100008,28.556284395000034],[83.19178464100008,28.555808270000057],[83.19319245400004,28.556297146000077],[83.19589176600005,28.559336332000044],[83.19861539100003,28.559569020000026],[83.20489551500003,28.556955020000032],[83.20712395400005,28.554457083000045],[83.21046270300008,28.553693020000026],[83.20672251600007,28.549130395000077],[83.20466051600005,28.54848664600007],[83.20405282900003,28.54570364500006],[83.20425739100006,28.542372646000047],[83.20015832800004,28.537908582000057],[83.19973214100008,28.534889708000037],[83.20018889100004,28.53386139500003],[83.20510670300007,28.529299146000028],[83.20763507900006,28.527484208000033],[83.20851157900006,28.525517583000067],[83.21158676600004,28.52101195800003],[83.21246351600007,28.519004645000052],[83.21212839100008,28.51631795800006],[83.21459414100008,28.512377333000074],[83.21485426600003,28.508694270000035],[83.21736320300005,28.51023427100006],[83.21861745400008,28.51246820800003],[83.22143857800006,28.51370270800004],[83.22404632800004,28.512988895000035],[83.22530395400008,28.511437083000033],[83.22833001600003,28.510786583000026],[83.22923576600004,28.511493333000033],[83.23268920400005,28.511052645000063],[83.23458014100004,28.50815289600007],[83.23860995300004,28.507588958000042],[83.24314414100007,28.506314770000074],[83.24474095300008,28.505039958000054],[83.24782382900008,28.503773333000026],[83.25025907900005,28.50054020700003],[83.25212670300004,28.501123646000053],[83.25981995400008,28.500782208000032],[83.26002076600008,28.49973195700005],[83.25637232900004,28.49604814500003],[83.26023364100007,28.494343271000048],[83.26347857900004,28.49448952000006],[83.26404495400004,28.49351564500006],[83.26831276600007,28.49204064500003],[83.27017795400008,28.492698208000036],[83.27641070400006,28.492968395000048],[83.27655926600005,28.490275395000026],[83.27844120400005,28.48871514600006],[83.27953007800005,28.48682583300007],[83.28084282800006,28.486620645000073],[83.28376164100007,28.48137483200003],[83.28331145300007,28.478277083000023],[83.28600232800005,28.47478970800006],[83.29158357900008,28.47282002000003],[83.29566420300006,28.47079489500004],[83.29850932800008,28.470044770000072],[83.30183920300004,28.47067108300007],[83.30610420400006,28.469946083000025],[83.30876801600004,28.470474083000056],[83.31053720400007,28.472833895000065],[83.31446664100008,28.473902895000037],[83.31704776600003,28.481846145000077],[83.31705726600006,28.484138458000075],[83.31795151600005,28.486207208000053],[83.31966726600007,28.487801895000075],[83.32381282900008,28.486367333000032],[83.32498539200003,28.48469239600007],[83.32640945400004,28.48443095700003],[83.32745214100004,28.48284783200006],[83.33244057800005,28.480920833000027],[83.33544357900007,28.47909908300005],[83.33845532900006,28.475327958000037],[83.33959532800003,28.471299583000075],[83.33967239100008,28.468854271000055],[83.34161614100003,28.467618333000075],[83.34312145400008,28.467894083000033],[83.34497601600003,28.46687195800007],[83.34667526600003,28.466918520000036],[83.34731026600008,28.46443983300003],[83.34936676600006,28.46148958200007],[83.35178626600003,28.459116395000024],[83.35491014200005,28.45813858300005],[83.35854439100007,28.45517989600006],[83.36056845300004,28.45486683300004],[83.36264720300005,28.45285508300003],[83.36653339100008,28.450718520000066],[83.36867620300006,28.448725083000056],[83.37054301600006,28.44623395800005],[83.37380314200004,28.444401208000045],[83.37623351600007,28.441871895000077],[83.38049032900005,28.439366708000023],[83.38625182900006,28.43344789500003],[83.38692126600006,28.435048271000028],[83.38879526600005,28.436629208000056],[83.38695714100004,28.437897958000065],[83.38689551600004,28.440343333000044],[83.38773289100004,28.442097833000048],[83.38672907900008,28.443532770000047],[83.38607951700004,28.446275583000045],[83.38475920400003,28.449177771000052],[83.38334645400005,28.45062658200004],[83.38495432900004,28.452628333000064],[83.38589207900003,28.454753333000042],[83.38580645400003,28.45735645700006],[83.38453039100006,28.458499145000076],[83.38366676600003,28.464331895000043],[83.38119945400007,28.46493433300003],[83.38003539100004,28.466907708000065],[83.38001557800004,28.468728270000042],[83.37911907800003,28.471242020000034],[83.38672726700008,28.468896333000032],[83.39047907900004,28.46860414500003],[83.39272951600003,28.470949271000052],[83.39600907900007,28.471550458000024],[83.39957195300008,28.470083958000032],[83.40423657800005,28.46940733300005],[83.40826289100005,28.466473896000025],[83.41032157900008,28.463926583000045],[83.41271614200008,28.459830771000043],[83.41588570400006,28.459562395000034],[83.42067539200008,28.461705895000023],[83.42095595300003,28.463525583000035],[83.42433507900006,28.46717227000005],[83.42575170400005,28.467311395000024],[83.43191432900005,28.465940708000062],[83.43566651600008,28.465545708000036],[83.43949551700007,28.464634270000033],[83.44079695400006,28.467904270000076],[83.44346045400005,28.472761395000077],[83.44918251600006,28.479002646000026],[83.45289664100005,28.47659683300003],[83.45693232900004,28.475248021000027],[83.46113789200007,28.472801020000077],[83.46328457900006,28.471999520000054],[83.46816226600004,28.469184958000028],[83.47256139100006,28.468405708000034],[83.47742657900005,28.466815832000066],[83.48455514100004,28.463758833000043],[83.48976320300005,28.466449770000054],[83.49249445300006,28.467339895000066],[83.49567970400005,28.469154458000048],[83.49772482800006,28.471061645000077],[83.49888107900006,28.473392020000063],[83.49944495400007,28.476322582000023],[83.49903570300006,28.479579083000033],[83.50127564100006,28.484316145000037],[83.50222582900005,28.485287521000032],[83.50406970400007,28.48923577000005],[83.50805051600008,28.492941270000074],[83.50695314100005,28.49352845800007],[83.50446639100005,28.49328702100007],[83.50221814100007,28.492297395000037],[83.49848332900007,28.489950770000064],[83.49329776600007,28.48928402100006],[83.49199489100005,28.48996733300004],[83.48331945400008,28.491416896000032],[83.48222714100007,28.491205208000054],[83.47897451600005,28.49242689500005],[83.47756276600006,28.494063957000037],[83.47410339200007,28.49589164500003],[83.47238964100006,28.49755902000004],[83.47151032800008,28.499435021000068],[83.46736551700008,28.500756770000066],[83.46269007800004,28.501229771000055],[83.46145770400005,28.50289570800004],[83.46132351600005,28.507416208000052],[83.46063789200008,28.510951646000024],[83.45873426600008,28.513302896000027],[83.45993676600006,28.517533833000073],[83.45792120400006,28.51998283300003],[83.45567739100005,28.523512020000055],[83.45120976600003,28.526639083000077],[83.44975589100005,28.528009146000045],[83.44974364100005,28.53036789500004],[83.44706351700006,28.532126083000037],[83.44610232900004,28.53183883300005],[83.44320020400005,28.534046833000048],[83.43983239200008,28.53420589500007],[83.43802451600004,28.53551214600003],[83.43591020400004,28.535537958000077],[83.43508120400008,28.536813708000068],[83.43315895400008,28.537531708000074],[83.43358239100007,28.53888183300006],[83.43347689100005,28.54396358300005],[83.43171457800008,28.544025333000036],[83.43131901600003,28.546096583000065],[83.42963457900004,28.546317396000063],[83.42768064100005,28.54859239600006],[83.42456170400004,28.550821770000027],[83.42256345400006,28.553286021000076],[83.42423501700006,28.55561689500007],[83.42499895400005,28.558171833000074],[83.42796464100007,28.560699895000027],[83.43021876600005,28.564179333000027],[83.43474807800004,28.56815552100005],[83.43671895300008,28.57113270800005],[83.44374889100004,28.57261239500008],[83.44665589100003,28.57845183300003],[83.44745345300004,28.583136583000055],[83.44692914100006,28.58435720800003],[83.44819420400006,28.590212520000023],[83.44921932800008,28.59239608300004],[83.44843814200004,28.593193833000043],[83.44846926600007,28.595488395000075],[83.44757782800008,28.600912958000038],[83.44576082800006,28.601514708000025],[83.44543795300007,28.60445089500007],[83.44677651600006,28.60668083300004],[83.44722995400008,28.609908958000062],[83.44750051600005,28.61604664600003],[83.44865739100004,28.61766670800006],[83.45064139200008,28.621868895000034],[83.45219476600005,28.62396883300005],[83.45379195400005,28.629956208000067],[83.45697732900004,28.632809458000054],[83.45934045300004,28.63620302100003],[83.45976439100008,28.637556145000076],[83.45900889100005,28.640382271000078],[83.45881995300005,28.645247958000027],[83.45965964100003,28.646212395000077],[83.46532426600004,28.64939789600004],[83.46966620400008,28.650673895000068],[83.47042482800003,28.651455208000073],[83.47295282900006,28.66161070800007],[83.47428432800007,28.664487833000067],[83.47599195400005,28.66696495800005],[83.47863889200005,28.672080708000067],[83.47919551700005,28.674366021000026],[83.48033945300006,28.675658645000055],[83.48099726600003,28.677993896000032],[83.48095407900007,28.68097864500004],[83.48220226700005,28.684227646000068],[83.48643770400008,28.69120602000004],[83.48932257900003,28.694468020000045],[83.49332551600008,28.69712045800003],[83.50000032900004,28.69731445800005],[83.50289670400008,28.696549083000036],[83.50664095300004,28.69376070800007],[83.50957345400008,28.692070270000045],[83.51516176600006,28.69033520800008],[83.52500420400008,28.688181645000043],[83.52958807800007,28.688308208000024]]]}},{"type":"Feature","properties":{"STATE_CODE":4,"DISTRICT":"MYAGDI","GaPa_NaPa":"Malika","Type_GN":"Gaunpalika","Province":"Gandaki","provinceId":"4","provinceCode":"4","provinceName":"Gandaki","districtId":"404","districtName":"Myagdi","municipalityId":"40404","municipalityCode":"40404","municipalityName":"Malika Rural Municipality","municipalityNameNe":"मालिका गाउँपालिका","municipalityType":"rural_municipality"},"geometry":{"type":"Polygon","coordinates":[[[83.43949551700007,28.464634270000033],[83.43566651600008,28.465545708000036],[83.43191432900005,28.465940708000062],[83.42575170400005,28.467311395000024],[83.42433507900006,28.46717227000005],[83.42095595300003,28.463525583000035],[83.42067539200008,28.461705895000023],[83.41588570400006,28.459562395000034],[83.41271614200008,28.459830771000043],[83.41032157900008,28.463926583000045],[83.40826289100005,28.466473896000025],[83.40423657800005,28.46940733300005],[83.39957195300008,28.470083958000032],[83.39600907900007,28.471550458000024],[83.39272951600003,28.470949271000052],[83.39047907900004,28.46860414500003],[83.38672726700008,28.468896333000032],[83.37911907800003,28.471242020000034],[83.38001557800004,28.468728270000042],[83.38003539100004,28.466907708000065],[83.38119945400007,28.46493433300003],[83.38366676600003,28.464331895000043],[83.38453039100006,28.458499145000076],[83.38580645400003,28.45735645700006],[83.38589207900003,28.454753333000042],[83.38495432900004,28.452628333000064],[83.38334645400005,28.45062658200004],[83.38475920400003,28.449177771000052],[83.38607951700004,28.446275583000045],[83.38672907900008,28.443532770000047],[83.38773289100004,28.442097833000048],[83.38689551600004,28.440343333000044],[83.38695714100004,28.437897958000065],[83.38879526600005,28.436629208000056],[83.38692126600006,28.435048271000028],[83.38625182900006,28.43344789500003],[83.38049032900005,28.439366708000023],[83.37623351600007,28.441871895000077],[83.37380314200004,28.444401208000045],[83.37054301600006,28.44623395800005],[83.36867620300006,28.448725083000056],[83.36653339100008,28.450718520000066],[83.36264720300005,28.45285508300003],[83.36056845300004,28.45486683300004],[83.35854439100007,28.45517989600006],[83.35491014200005,28.45813858300005],[83.35178626600003,28.459116395000024],[83.34936676600006,28.46148958200007],[83.34731026600008,28.46443983300003],[83.34667526600003,28.466918520000036],[83.34497601600003,28.46687195800007],[83.34312145400008,28.467894083000033],[83.34161614100003,28.467618333000075],[83.33967239100008,28.468854271000055],[83.33959532800003,28.471299583000075],[83.33845532900006,28.475327958000037],[83.33544357900007,28.47909908300005],[83.33244057800005,28.480920833000027],[83.32745214100004,28.48284783200006],[83.32640945400004,28.48443095700003],[83.32498539200003,28.48469239600007],[83.32381282900008,28.486367333000032],[83.31966726600007,28.487801895000075],[83.31795151600005,28.486207208000053],[83.31705726600006,28.484138458000075],[83.31704776600003,28.481846145000077],[83.31446664100008,28.473902895000037],[83.31053720400007,28.472833895000065],[83.30876801600004,28.470474083000056],[83.30610420400006,28.469946083000025],[83.30183920300004,28.47067108300007],[83.29850932800008,28.470044770000072],[83.29892839100006,28.465611395000053],[83.30246564100008,28.461270771000045],[83.30237632800004,28.458727646000057],[83.30027101600007,28.455490583000028],[83.29789376600007,28.454106583000055],[83.29694395400008,28.451904270000057],[83.29243507800004,28.446655708000037],[83.29014645300003,28.44538033300006],[83.28801395300007,28.44586552000004],[83.28232651600007,28.44482039500008],[83.27776870300005,28.442463458000077],[83.27499682900003,28.442333708000035],[83.27512295400004,28.43782208300007],[83.27689376600006,28.434485708000068],[83.27685751600006,28.43132920800008],[83.27732745400004,28.42945908300004],[83.27895320400006,28.43011745800004],[83.27961907800005,28.43256889500003],[83.28154982900008,28.433019020000074],[83.28227682800008,28.43101495700006],[83.28489601600006,28.428944020000074],[83.28672301600005,28.426487708000025],[83.28965439200005,28.425566708000076],[83.29024964100006,28.423848333000024],[83.29194539100007,28.421621395000045],[83.29130826600004,28.41832864500003],[83.29503964100007,28.41655439500005],[83.29837170400003,28.41625345700004],[83.29865001600007,28.41409802000004],[83.29636020300006,28.41324245800007],[83.29499857900004,28.411915520000036],[83.29429845400006,28.40887289500006],[83.29275051600007,28.40683658300003],[83.29194314100005,28.401575583000067],[83.29259007900004,28.39911752000006],[83.29162695400004,28.396605958000066],[83.28796082800005,28.396205520000024],[83.28445370300005,28.39274658200003],[83.28618857800006,28.38219239500006],[83.28848064100004,28.38040852000006],[83.28534851600006,28.373073145000035],[83.28357520400004,28.370943083000043],[83.28133839100008,28.369518957000025],[83.28081389100004,28.367343520000077],[83.28550676600008,28.368582020000076],[83.28791976600007,28.368416395000054],[83.29079132900006,28.366506896000033],[83.29131951600004,28.36442045700005],[83.29341932900007,28.364099645000067],[83.29635689100007,28.362792770000055],[83.29774607800005,28.36104464500005],[83.30039857900005,28.36000014600006],[83.30280576600006,28.356747833000043],[83.30426870300005,28.35578739500005],[83.30726045300008,28.35649527000004],[83.31141495400004,28.354720395000072],[83.31392682900008,28.35444202000008],[83.31445976600008,28.356344458000024],[83.31770101600006,28.357874520000053],[83.32035832800005,28.35799833300007],[83.32259251600004,28.35892320800008],[83.32358920400003,28.36163552000005],[83.32488270400006,28.36331602000007],[83.32945107900008,28.365741395000043],[83.33343745400003,28.36516983300004],[83.33526020400006,28.36565027000006],[83.33738245300003,28.36914183300007],[83.33874032900007,28.370554021000032],[83.34076776600006,28.368889770000067],[83.34394532800007,28.37136883200003],[83.35089151600005,28.369385082000065],[83.35494189100007,28.369517083000062],[83.35734220400008,28.370534708000037],[83.36557589100005,28.37055295700003],[83.36689257800003,28.36882408300005],[83.36734351700005,28.36574877000004],[83.37099957900006,28.364766145000033],[83.37341414200006,28.361517082000034],[83.37903639100006,28.355961083000068],[83.38028182900007,28.355174833000035],[83.38291614100007,28.356242646000055],[83.38428376600007,28.35792520700005],[83.38666307900007,28.35811414500006],[83.38820045400007,28.360672770000065],[83.38860470400004,28.363079645000028],[83.38845170400003,28.366345832000036],[83.38926439100004,28.370927333000054],[83.39115201600004,28.373959082000056],[83.39182520300005,28.37680933300004],[83.39135439100005,28.379399583000065],[83.39158651600007,28.383150396000076],[83.39021439100009,28.386582645000033],[83.39317926600006,28.39197233300007],[83.39511339200004,28.396443645000033],[83.39927039100007,28.400604333000047],[83.40335439100005,28.40241370800004],[83.40624964100004,28.402694833000055],[83.40771582800005,28.40432564500003],[83.41114470300005,28.401159333000066],[83.41653532900006,28.399553582000067],[83.41965982800008,28.396503021000058],[83.42177482900007,28.39614202000007],[83.42294032800004,28.396832833000076],[83.42725382900005,28.397126270000058],[83.42851226600004,28.39661714500005],[83.43057426600006,28.40032364500007],[83.43165707800006,28.405230833000076],[83.43013789200006,28.40932402100003],[83.43238470300008,28.413051583000026],[83.43230351600005,28.41457633300007],[83.43372914100007,28.417698021000035],[83.43173532900005,28.42116420800005],[83.43173826600008,28.424611645000027],[83.43277251700005,28.425340208000023],[83.43460270400004,28.424224207000066],[83.43829439100006,28.425155520000033],[83.44000989100005,28.42702620700004],[83.44316226600006,28.428063396000027],[83.44803407900008,28.430156707000037],[83.44802557900005,28.432469208000043],[83.44610226600008,28.43480558300007],[83.44506957800007,28.437711833000037],[83.44519070400008,28.44000683300004],[83.44310757800008,28.44083308300003],[83.44073089100004,28.44419408300007],[83.44296564100006,28.449101333000044],[83.44298320400003,28.45408752000003],[83.44379014200007,28.456489145000035],[83.44342920400004,28.45820233200004],[83.44221720400003,28.45946308300006],[83.44158120300006,28.462797333000026],[83.43949551700007,28.464634270000033]]]}},{"type":"Feature","properties":{"STATE_CODE":4,"DISTRICT":"MYAGDI","GaPa_NaPa":"Mangala","Type_GN":"Gaunpalika","Province":"Gandaki","provinceId":"4","provinceCode":"4","provinceName":"Gandaki","districtId":"404","districtName":"Myagdi","municipalityId":"40405","municipalityCode":"40405","municipalityName":"Mangala Rural Municipality","municipalityNameNe":"मंगला गाउँपालिका","municipalityType":"rural_municipality"},"geometry":{"type":"Polygon","coordinates":[[[83.51053157800004,28.404465395000045],[83.50891682900004,28.406149458000073],[83.50559601600008,28.408603458000073],[83.50365001600005,28.410622457000045],[83.50000014200003,28.41144170700005],[83.49742826700003,28.41288064500003],[83.49601001600007,28.41470289500006],[83.49447801600007,28.414999520000038],[83.49091957900004,28.41838864500005],[83.48850095400007,28.419945333000044],[83.48498745400008,28.420509708000054],[83.47954114200007,28.419128520000072],[83.47241745400004,28.419777958000054],[83.46414320300005,28.42191383200003],[83.46240139100007,28.424936958000046],[83.46197176700008,28.42882720700004],[83.45971064100007,28.432033270000034],[83.45805726600008,28.432976520000068],[83.45068451600008,28.433772771000065],[83.44635657900005,28.437868208000054],[83.44519070400008,28.44000683300004],[83.44506957800007,28.437711833000037],[83.44610226600008,28.43480558300007],[83.44802557900005,28.432469208000043],[83.44803407900008,28.430156707000037],[83.44316226600006,28.428063396000027],[83.44000989100005,28.42702620700004],[83.43829439100006,28.425155520000033],[83.43460270400004,28.424224207000066],[83.43277251700005,28.425340208000023],[83.43173826600008,28.424611645000027],[83.43173532900005,28.42116420800005],[83.43372914100007,28.417698021000035],[83.43230351600005,28.41457633300007],[83.43238470300008,28.413051583000026],[83.43013789200006,28.40932402100003],[83.43165707800006,28.405230833000076],[83.43057426600006,28.40032364500007],[83.42851226600004,28.39661714500005],[83.42725382900005,28.397126270000058],[83.42294032800004,28.396832833000076],[83.42177482900007,28.39614202000007],[83.41965982800008,28.396503021000058],[83.41653532900006,28.399553582000067],[83.41114470300005,28.401159333000066],[83.40771582800005,28.40432564500003],[83.40624964100004,28.402694833000055],[83.40335439100005,28.40241370800004],[83.39927039100007,28.400604333000047],[83.39511339200004,28.396443645000033],[83.39317926600006,28.39197233300007],[83.39021439100009,28.386582645000033],[83.39158651600007,28.383150396000076],[83.39135439100005,28.379399583000065],[83.39182520300005,28.37680933300004],[83.39115201600004,28.373959082000056],[83.38926439100004,28.370927333000054],[83.38845170400003,28.366345832000036],[83.38860470400004,28.363079645000028],[83.38820045400007,28.360672770000065],[83.38666307900007,28.35811414500006],[83.38810251600006,28.356850333000068],[83.39086895400004,28.35652433300004],[83.39198582800003,28.35562452100004],[83.39550376600005,28.355392020000068],[83.39962589100008,28.356682770000077],[83.40568039100003,28.358178020000025],[83.40757064100006,28.357622207000077],[83.41334714100003,28.357342583000047],[83.41476564100003,28.355602395000062],[83.42106951600005,28.352407458000073],[83.42059739100006,28.349887645000024],[83.42481789100003,28.346009020000054],[83.42658420300006,28.34348952000005],[83.42652045400007,28.34093070800003],[83.43407557900008,28.340391458000056],[83.43745439100007,28.340734833000056],[83.44096314200004,28.34014008300005],[83.44298739100003,28.336797895000075],[83.44352595400005,28.332711896000035],[83.44466539100006,28.329368333000048],[83.45294989100006,28.327260645000024],[83.45691014200008,28.327908208000053],[83.45815745400006,28.325882583000066],[83.46098689100006,28.32569289500003],[83.46623701600004,28.324317020000024],[83.46880932900007,28.324985895000054],[83.47290139100005,28.323151645000053],[83.47498051600007,28.323209270000063],[83.47892289100008,28.322159458000044],[83.48076657900003,28.322712583000055],[83.48181601600004,28.32189070800007],[83.48419482800006,28.32198770800005],[83.48584370400005,28.320037832000025],[83.48811520400005,28.320116271000074],[83.49025901700008,28.32122533200004],[83.48726826600006,28.33321945800003],[83.48532376600008,28.335680395000054],[83.48481764100006,28.33903570800004],[83.48358014100006,28.341476770000043],[83.48491457900008,28.343652270000064],[83.48539395400007,28.346912020000048],[83.48312532800009,28.348437708000063],[83.48285232800004,28.35068833300005],[83.48163345300009,28.35194720800007],[83.48225870400006,28.35345220800008],[83.48438426600006,28.354768833000037],[83.48588914100003,28.356561458000044],[83.48886989100004,28.356886270000075],[83.49350914100006,28.360260770000025],[83.49644876600007,28.361289208000073],[83.50035957900008,28.363426708000077],[83.50149151600004,28.36294345700003],[83.50473357900006,28.363079395000057],[83.50645582800007,28.364570207000043],[83.50489807900004,28.36527977000003],[83.50423657900006,28.368476645000044],[83.50211057900003,28.369053333000068],[83.49994520400008,28.37040358200005],[83.49802107900007,28.372578270000076],[83.49800151700003,28.37498327000003],[83.49921164100004,28.375669083000048],[83.50155351600006,28.381679145000078],[83.50089801600006,28.384431582000047],[83.49897520400003,28.383837895000056],[83.49703570400004,28.382389083000078],[83.49421376600003,28.38284564500003],[83.49117445300004,28.38253652000003],[83.48862995300004,28.38305495700007],[83.48747451700007,28.384726958000044],[83.49015207900004,28.38672470800003],[83.49197739100003,28.38937352000005],[83.49358020400007,28.39054820700005],[83.49822714100003,28.39005320700005],[83.49966451600005,28.389167333000046],[83.50387739100006,28.388733708000075],[83.50640207900005,28.38754033300006],[83.51031214100004,28.389194708000048],[83.51245301700004,28.39088102100004],[83.51301089200007,28.393798020000077],[83.51589445400003,28.394789708000076],[83.51255526600005,28.39996252000003],[83.51053157800004,28.404465395000045]]]}},{"type":"Feature","properties":{"STATE_CODE":4,"DISTRICT":"MYAGDI","GaPa_NaPa":"Raghuganga","Type_GN":"Gaunpalika","Province":"Gandaki","provinceId":"4","provinceCode":"4","provinceName":"Gandaki","districtId":"404","districtName":"Myagdi","municipalityId":"40402","municipalityCode":"40402","municipalityName":"Raghuganga Rural Municipality","municipalityNameNe":"रघुगंगा गाउँपालिका","municipalityType":"rural_municipality"},"geometry":{"type":"Polygon","coordinates":[[[83.52958807800007,28.688308208000024],[83.52500420400008,28.688181645000043],[83.51516176600006,28.69033520800008],[83.50957345400008,28.692070270000045],[83.50664095300004,28.69376070800007],[83.50289670400008,28.696549083000036],[83.50000032900004,28.69731445800005],[83.49332551600008,28.69712045800003],[83.48932257900003,28.694468020000045],[83.48643770400008,28.69120602000004],[83.48220226700005,28.684227646000068],[83.48095407900007,28.68097864500004],[83.48099726600003,28.677993896000032],[83.48033945300006,28.675658645000055],[83.47919551700005,28.674366021000026],[83.47863889200005,28.672080708000067],[83.47599195400005,28.66696495800005],[83.47428432800007,28.664487833000067],[83.47295282900006,28.66161070800007],[83.47042482800003,28.651455208000073],[83.46966620400008,28.650673895000068],[83.46532426600004,28.64939789600004],[83.45965964100003,28.646212395000077],[83.45881995300005,28.645247958000027],[83.45900889100005,28.640382271000078],[83.45976439100008,28.637556145000076],[83.45934045300004,28.63620302100003],[83.45697732900004,28.632809458000054],[83.45379195400005,28.629956208000067],[83.45219476600005,28.62396883300005],[83.45064139200008,28.621868895000034],[83.44865739100004,28.61766670800006],[83.44750051600005,28.61604664600003],[83.44722995400008,28.609908958000062],[83.44677651600006,28.60668083300004],[83.44543795300007,28.60445089500007],[83.44576082800006,28.601514708000025],[83.44757782800008,28.600912958000038],[83.44846926600007,28.595488395000075],[83.44843814200004,28.593193833000043],[83.44921932800008,28.59239608300004],[83.44819420400006,28.590212520000023],[83.44692914100006,28.58435720800003],[83.44745345300004,28.583136583000055],[83.44665589100003,28.57845183300003],[83.44374889100004,28.57261239500008],[83.43671895300008,28.57113270800005],[83.43474807800004,28.56815552100005],[83.43021876600005,28.564179333000027],[83.42796464100007,28.560699895000027],[83.42499895400005,28.558171833000074],[83.42423501700006,28.55561689500007],[83.42256345400006,28.553286021000076],[83.42456170400004,28.550821770000027],[83.42768064100005,28.54859239600006],[83.42963457900004,28.546317396000063],[83.43131901600003,28.546096583000065],[83.43171457800008,28.544025333000036],[83.43347689100005,28.54396358300005],[83.43358239100007,28.53888183300006],[83.43315895400008,28.537531708000074],[83.43508120400008,28.536813708000068],[83.43591020400004,28.535537958000077],[83.43802451600004,28.53551214600003],[83.43983239200008,28.53420589500007],[83.44320020400005,28.534046833000048],[83.44610232900004,28.53183883300005],[83.44706351700006,28.532126083000037],[83.44974364100005,28.53036789500004],[83.44975589100005,28.528009146000045],[83.45120976600003,28.526639083000077],[83.45567739100005,28.523512020000055],[83.45792120400006,28.51998283300003],[83.45993676600006,28.517533833000073],[83.45873426600008,28.513302896000027],[83.46063789200008,28.510951646000024],[83.46132351600005,28.507416208000052],[83.46145770400005,28.50289570800004],[83.46269007800004,28.501229771000055],[83.46736551700008,28.500756770000066],[83.47151032800008,28.499435021000068],[83.47238964100006,28.49755902000004],[83.47410339200007,28.49589164500003],[83.47756276600006,28.494063957000037],[83.47897451600005,28.49242689500005],[83.48222714100007,28.491205208000054],[83.48331945400008,28.491416896000032],[83.49199489100005,28.48996733300004],[83.49329776600007,28.48928402100006],[83.49848332900007,28.489950770000064],[83.50221814100007,28.492297395000037],[83.50446639100005,28.49328702100007],[83.50695314100005,28.49352845800007],[83.50805051600008,28.492941270000074],[83.50406970400007,28.48923577000005],[83.50222582900005,28.485287521000032],[83.50127564100006,28.484316145000037],[83.49903570300006,28.479579083000033],[83.49944495400007,28.476322582000023],[83.49888107900006,28.473392020000063],[83.49772482800006,28.471061645000077],[83.49567970400005,28.469154458000048],[83.49249445300006,28.467339895000066],[83.48976320300005,28.466449770000054],[83.48455514100004,28.463758833000043],[83.47742657900005,28.466815832000066],[83.47256139100006,28.468405708000034],[83.46816226600004,28.469184958000028],[83.46328457900006,28.471999520000054],[83.46113789200007,28.472801020000077],[83.45693232900004,28.475248021000027],[83.45289664100005,28.47659683300003],[83.44918251600006,28.479002646000026],[83.44346045400005,28.472761395000077],[83.44079695400006,28.467904270000076],[83.43949551700007,28.464634270000033],[83.44158120300006,28.462797333000026],[83.44221720400003,28.45946308300006],[83.44342920400004,28.45820233200004],[83.44379014200007,28.456489145000035],[83.44298320400003,28.45408752000003],[83.44296564100006,28.449101333000044],[83.44073089100004,28.44419408300007],[83.44310757800008,28.44083308300003],[83.44519070400008,28.44000683300004],[83.44635657900005,28.437868208000054],[83.45068451600008,28.433772771000065],[83.45805726600008,28.432976520000068],[83.45971064100007,28.432033270000034],[83.46197176700008,28.42882720700004],[83.46240139100007,28.424936958000046],[83.46414320300005,28.42191383200003],[83.47241745400004,28.419777958000054],[83.47954114200007,28.419128520000072],[83.48498745400008,28.420509708000054],[83.48850095400007,28.419945333000044],[83.49091957900004,28.41838864500005],[83.49447801600007,28.414999520000038],[83.49601001600007,28.41470289500006],[83.49742826700003,28.41288064500003],[83.50000014200003,28.41144170700005],[83.50365001600005,28.410622457000045],[83.50559601600008,28.408603458000073],[83.50891682900004,28.406149458000073],[83.51053157800004,28.404465395000045],[83.51378826700005,28.404607895000026],[83.52224857900006,28.407911520000027],[83.52688189200006,28.408767082000054],[83.52799401600004,28.408082770000078],[83.52942682900004,28.40931964500004],[83.53202682900007,28.410373208000067],[83.53514245400004,28.412610708000045],[83.53874132900006,28.409759833000066],[83.54311257900008,28.40780264500006],[83.54553957900004,28.405369583000038],[83.54746882900008,28.400773395000044],[83.54886220400005,28.39976045800006],[83.54880651700006,28.397772582000073],[83.55022320300003,28.39658145800007],[83.55033995400004,28.39447002000003],[83.55239426600008,28.393642020000073],[83.55438657800005,28.391381083000056],[83.55707520400006,28.38999552000007],[83.56122907900004,28.389512583000055],[83.56416714100004,28.386444520000055],[83.56659901600005,28.376931083000045],[83.57137701700003,28.375574457000027],[83.57168176600004,28.374329958000033],[83.57567214100004,28.375486332000037],[83.57785126600004,28.375608208000074],[83.57787451600007,28.37698908300007],[83.58167082900007,28.379536708000046],[83.58558276600007,28.38043989600004],[83.58699189100008,28.382612395000024],[83.59017026600003,28.385735520000026],[83.59087145400008,28.387747958000034],[83.59441432900007,28.38977783300004],[83.59471970400006,28.391247520000036],[83.59473332900006,28.392781770000056],[83.59668095400008,28.394258583000067],[83.59849520300008,28.396691645000033],[83.60083720400007,28.39883283300003],[83.60207489200008,28.401778583000066],[83.60110339200008,28.403134021000028],[83.60324114200006,28.409297395000067],[83.60114251600004,28.411245145000066],[83.60289232900004,28.413948708000078],[83.60056995300005,28.41616877000007],[83.60148807900003,28.41983552000005],[83.60107664100008,28.426099770000064],[83.60118514200008,28.43025827100007],[83.60202845400005,28.43213339500005],[83.60444339200006,28.433241458000055],[83.60531070400003,28.434516458000076],[83.60969132900004,28.438287896000077],[83.61341614200006,28.44015989600007],[83.61507576600007,28.442698333000067],[83.61756476600004,28.443648333000056],[83.61901576700006,28.44513702100005],[83.61950307900008,28.44796539500004],[83.61435101700005,28.448618771000042],[83.61234926600008,28.44965314500007],[83.60808401700007,28.450006458000075],[83.60378007900005,28.45174252100003],[83.59856020400008,28.453272708000043],[83.59755495400003,28.454463271000066],[83.59760101700004,28.456367646000047],[83.59639051600004,28.458220895000068],[83.59416439100005,28.460262895000028],[83.59258014100004,28.46526689500007],[83.59336714200003,28.466611645000057],[83.59124857800003,28.471496708000075],[83.58946345300006,28.473711396000056],[83.58751714200008,28.478964645000076],[83.58695801600004,28.481972708000058],[83.58600770400005,28.482951270000058],[83.58583426600006,28.48511439500004],[83.58445026600003,28.486283332000028],[83.58205564200006,28.486655082000027],[83.58183870300007,28.49002964500005],[83.58244345400004,28.49129720700006],[83.58240645300003,28.49397295800003],[83.57903957900004,28.49931189600005],[83.57652720400006,28.50213789600008],[83.57485620400007,28.503398333000064],[83.57475982900007,28.505139833000044],[83.57612726600007,28.512580395000043],[83.57930107900006,28.516355833000034],[83.57826645400007,28.519490896000036],[83.58073495300005,28.522542145000045],[83.58323464100005,28.523675646000072],[83.58496651600007,28.525767896000048],[83.58533982800003,28.527806270000042],[83.58392070400004,28.532271458000025],[83.58375326600003,28.53390664500006],[83.58577345400005,28.535902770000064],[83.58630676600006,28.539651896000066],[83.58934189200005,28.543031771000074],[83.58829214100007,28.54621883300007],[83.58855520400004,28.547320521000074],[83.59106939100008,28.54975808300003],[83.59119720300004,28.55222445800007],[83.58875257900007,28.554385208000042],[83.58775220400008,28.558959895000044],[83.58571282900004,28.562577083000065],[83.58413251700006,28.563377708000075],[83.58036551600009,28.56418958300003],[83.57804951600008,28.56513227000005],[83.57639126600003,28.56918589600008],[83.57588389200004,28.576054270000043],[83.57749345400003,28.578784708000057],[83.58024639200005,28.580677146000028],[83.58172532400005,28.583325582000043],[83.57743835400004,28.588537233000068],[83.57138061600006,28.59362985300004],[83.57257080100004,28.597368257000028],[83.57224273700007,28.59922029300003],[83.57015991200007,28.602966326000058],[83.56745147700008,28.60505677900005],[83.56610107400007,28.606988924000063],[83.56755828800004,28.610107439000046],[83.56542968800005,28.611743944000068],[83.56439209000007,28.615480440000056],[83.56362152100007,28.620271699000057],[83.56452178900008,28.622343081000054],[83.56670379600007,28.629350679000027],[83.56630706800007,28.63393022300005],[83.56348419200003,28.639469163000058],[83.56375122000009,28.643390673000056],[83.56204223600008,28.646045701000048],[83.55669403100006,28.64846231300004],[83.55226135200007,28.650764483000046],[83.54944239100007,28.650646833000053],[83.54576110800008,28.654718416000037],[83.54512786900005,28.655994432000057],[83.54412078900003,28.66209604100004],[83.54244995100004,28.66781999400007],[83.54296112000003,28.670246141000064],[83.54252624600008,28.671976107000035],[83.54048156800008,28.67404367200004],[83.53919982900004,28.67742540100005],[83.53787994300006,28.67845537000005],[83.53669738800005,28.682521837000024],[83.53210449200003,28.68734170700003],[83.52958807800007,28.688308208000024]]]}},{"type":"Feature","properties":{"STATE_CODE":4,"DISTRICT":"PARBAT","GaPa_NaPa":"Bihadi","Type_GN":"Gaunpalika","Province":"Gandaki","provinceId":"4","provinceCode":"4","provinceName":"Gandaki","districtId":"410","districtName":"Parbat","municipalityId":"41006","municipalityCode":"41006","municipalityName":"Bihadi Rural Municipality","municipalityNameNe":"बिहादी गाउँपालिका","municipalityType":"rural_municipality"},"geometry":{"type":"Polygon","coordinates":[[[83.62577132900003,28.10175689500005],[83.62568595400006,28.103442082000072],[83.62112770400006,28.10511727000005],[83.61839664200005,28.107002770000065],[83.61512026600008,28.108171395000056],[83.61329389200006,28.111065583000027],[83.61111214200008,28.11208152000006],[83.60680982900004,28.11041089500003],[83.60657589100003,28.10782677000003],[83.60377645400007,28.103561083000045],[83.60335407900004,28.101892458000066],[83.60355645400006,28.097466145000055],[83.60233732800003,28.094773082000074],[83.59881939100006,28.092463708000025],[83.59689264100007,28.089815895000072],[83.59415720400006,28.08684983200004],[83.59187732900006,28.083548895000035],[83.59187264100007,28.081597145000046],[83.59012714100004,28.079983207000055],[83.58686907900005,28.08006370700008],[83.58333339200004,28.081154083000058],[83.58270476600006,28.077262270000062],[83.58156470300008,28.076367582000046],[83.57732814100007,28.074854145000074],[83.57362407900007,28.07244877000005],[83.57128851600004,28.068113895000067],[83.57064820300008,28.065848833000075],[83.56861932900006,28.064384895000046],[83.56524751600006,28.06466302000007],[83.56294445400005,28.064037520000056],[83.56320139100006,28.063009458000067],[83.56604951600008,28.05790339500004],[83.56369495400008,28.052663582000037],[83.56374307900006,28.049333395000076],[83.56118832900006,28.043438583000068],[83.56240076600005,28.041811082000038],[83.56571720300008,28.04098227000003],[83.56597464100008,28.038943395000047],[83.56394126600009,28.036852082000053],[83.56358307900007,28.035567145000073],[83.56665982900006,28.033913958000028],[83.57247282900005,28.032533270000044],[83.57594701600004,28.032336457000042],[83.57996301600008,28.033885332000068],[83.58119964100007,28.033140020000076],[83.58270557800006,28.029784895000034],[83.58632032900005,28.025874395000073],[83.59016714100005,28.02616795700004],[83.59260770300006,28.02513952000004],[83.59317826600005,28.021407020000026],[83.59689926700008,28.021564583000043],[83.59883489200007,28.020108207000078],[83.60084701700004,28.014967395000042],[83.60348126700006,28.013867145000063],[83.60530282900004,28.013761895000073],[83.60694764100003,28.011862208000025],[83.60882657900004,28.010021832000064],[83.60991714200009,28.01007908200006],[83.61190707900005,28.012153832000024],[83.61324720400006,28.012538895000034],[83.61569082900007,28.011298019000037],[83.61698732900004,28.011701020000032],[83.61926657900005,28.017251145000046],[83.62200401600006,28.019336769000063],[83.62178695300008,28.020495957000037],[83.61929682900006,28.022916832000078],[83.61735276600007,28.022771582000075],[83.61665051600005,28.02461076900005],[83.61702357900003,28.02822420700005],[83.61823770400008,28.03051327000003],[83.61828082900007,28.03251695800003],[83.62059326700006,28.03245789500005],[83.62267001600009,28.033427207000045],[83.62478076600007,28.032771770000068],[83.62747376700008,28.032679832000042],[83.62931751700006,28.03127239500003],[83.63128001600006,28.032478020000042],[83.63149107900006,28.033886520000067],[83.63485726700003,28.03439414500008],[83.63304357900006,28.038110020000033],[83.63432207900007,28.044415333000074],[83.63366889100007,28.04522364500008],[83.63442789100003,28.047716645000037],[83.63584889100008,28.050109832000032],[83.63547345400008,28.052556958000025],[83.63383576600006,28.053209207000066],[83.63274145300005,28.05611477000008],[83.63446014100003,28.061496082000076],[83.63428226600007,28.062571895000076],[83.62725764100009,28.066600832000063],[83.62467514200006,28.06776252000003],[83.62145407900005,28.068304270000056],[83.62102395400007,28.06391902000007],[83.61911464100007,28.065265270000054],[83.61832451700008,28.067413333000047],[83.61891770400007,28.072223207000036],[83.61853914100004,28.07523658200006],[83.62205114100004,28.077416895000056],[83.62159801600006,28.07985695800005],[83.61993495400003,28.081628082000066],[83.62245051600007,28.08724645700005],[83.62229457900008,28.08890445700007],[83.62379026700006,28.091753770000025],[83.62291920400008,28.093917332000046],[83.62334507900005,28.095376145000046],[83.62348601700006,28.099807958000042],[83.62577132900003,28.10175689500005]]]}},{"type":"Feature","properties":{"STATE_CODE":4,"DISTRICT":"PARBAT","GaPa_NaPa":"Jaljala","Type_GN":"Gaunpalika","Province":"Gandaki","provinceId":"4","provinceCode":"4","provinceName":"Gandaki","districtId":"410","districtName":"Parbat","municipalityId":"41002","municipalityCode":"41002","municipalityName":"Jaljala Rural Municipality","municipalityNameNe":"जलजला गाउँपालिका","municipalityType":"rural_municipality"},"geometry":{"type":"Polygon","coordinates":[[[83.66016064200005,28.34796033300006],[83.65782395400004,28.34869002000005],[83.65448676700004,28.351131833000068],[83.65193526600007,28.35210008200005],[83.65113701600006,28.35459339500005],[83.65179657800007,28.356102270000065],[83.64798964200008,28.35749583200004],[83.64501664200003,28.360601708000047],[83.64198007800007,28.361419582000053],[83.64025714200005,28.362998895000032],[83.63950864100008,28.364745520000042],[83.63611164100007,28.36601802000007],[83.63505651700007,28.369307020000065],[83.63267745400003,28.371301895000045],[83.63098107800005,28.374248458000068],[83.63034839100004,28.377556583000057],[83.62874039200005,28.380701895000072],[83.62487657900004,28.381045520000043],[83.61859389200004,28.383706207000046],[83.61621207800005,28.383769520000044],[83.61349751600005,28.385598395000045],[83.61001801600008,28.386745896000036],[83.60261939100008,28.390070458000025],[83.59832476700007,28.391644021000047],[83.59471970400006,28.391247520000036],[83.59441432900007,28.38977783300004],[83.59087145400008,28.387747958000034],[83.59017026600003,28.385735520000026],[83.58699189100008,28.382612395000024],[83.58558276600007,28.38043989600004],[83.58167082900007,28.379536708000046],[83.57787451600007,28.37698908300007],[83.57785126600004,28.375608208000074],[83.57567214100004,28.375486332000037],[83.57168176600004,28.374329958000033],[83.57110145300004,28.37264502000005],[83.57159051600007,28.371004020000044],[83.56876145400008,28.366121708000037],[83.56900526700008,28.363471395000033],[83.56754845300009,28.358112832000074],[83.56795432900003,28.35354527100003],[83.57071389200007,28.348836208000023],[83.56982882900007,28.34576045700004],[83.56986732900003,28.34261545800007],[83.57093089100005,28.340125645000057],[83.57446545300007,28.340324020000025],[83.57556007900007,28.339298583000073],[83.57702364100004,28.334059645000025],[83.57998789200008,28.332579708000026],[83.58417670400007,28.329724895000027],[83.58632282900004,28.32700139600007],[83.59292307900006,28.321558896000056],[83.59427595400007,28.318077020000032],[83.59745164100008,28.316637895000042],[83.59928301700006,28.315005271000075],[83.59932907900009,28.31300189500007],[83.60026220400005,28.311479458000065],[83.60196439100008,28.310543583000026],[83.60309857800007,28.30746483300004],[83.60265826700004,28.303476833000047],[83.60363670400005,28.298303833000034],[83.60435114100005,28.29709427000006],[83.60249489200004,28.29282233200007],[83.60222589100005,28.291048145000047],[83.60300007900008,28.287981958000046],[83.60463195400007,28.286459207000064],[83.60801807900003,28.285916145000044],[83.60981095400007,28.284168271000055],[83.60884951600008,28.281600083000058],[83.60710932800004,28.279140332000054],[83.60792132800003,28.274736208000036],[83.60727032900007,28.27104083300003],[83.60802276600003,28.26871002000007],[83.61164489100008,28.26766445800007],[83.61274951600006,28.266724520000025],[83.61479170400008,28.267833582000037],[83.61746164200008,28.270322957000076],[83.62414564200003,28.269436770000027],[83.62603682800005,28.267479020000053],[83.63041907900003,28.26857389500003],[83.63235976700008,28.268579145000047],[83.63785532900005,28.272851395000032],[83.64031795400007,28.273250458000064],[83.64310076700008,28.276876770000058],[83.64448657900004,28.282279583000047],[83.64732582900007,28.28140477000005],[83.65203289100003,28.28130852000004],[83.65956939100005,28.28337620800005],[83.66451539100007,28.285159583000052],[83.66516682900004,28.286115582000036],[83.66485120400006,28.29095220800008],[83.66353307900005,28.29356395700006],[83.66453832900004,28.297756270000036],[83.66266645400003,28.302304770000035],[83.66098495400007,28.304590645000076],[83.66082351700004,28.307965645000024],[83.66243907900008,28.31409764500006],[83.66176876700007,28.319851646000075],[83.66228432900004,28.324324770000032],[83.66332639100006,28.32600820700003],[83.66335951700006,28.329261832000043],[83.66391945400005,28.330515395000077],[83.66363795400008,28.33386070800003],[83.66401570400006,28.334973958000035],[83.66367489100008,28.338443208000058],[83.66271207900007,28.340579770000033],[83.66004182900008,28.34491408200006],[83.66016064200005,28.34796033300006]]]}},{"type":"Feature","properties":{"STATE_CODE":4,"DISTRICT":"PARBAT","GaPa_NaPa":"Kushma","Type_GN":"Nagarpalika","Province":"Gandaki","provinceId":"4","provinceCode":"4","provinceName":"Gandaki","districtId":"410","districtName":"Parbat","municipalityId":"41003","municipalityCode":"41003","municipalityName":"Kushma Urban Municipality","municipalityNameNe":"कुश्मा नगरपालिका","municipalityType":"municipality"},"geometry":{"type":"Polygon","coordinates":[[[83.66516682900004,28.286115582000036],[83.66451539100007,28.285159583000052],[83.65956939100005,28.28337620800005],[83.65203289100003,28.28130852000004],[83.64732582900007,28.28140477000005],[83.64448657900004,28.282279583000047],[83.64310076700008,28.276876770000058],[83.64031795400007,28.273250458000064],[83.63785532900005,28.272851395000032],[83.63235976700008,28.268579145000047],[83.63041907900003,28.26857389500003],[83.62603682800005,28.267479020000053],[83.62414564200003,28.269436770000027],[83.61746164200008,28.270322957000076],[83.61479170400008,28.267833582000037],[83.61274951600006,28.266724520000025],[83.61247695400004,28.264404270000057],[83.61106664100004,28.261710833000052],[83.61243039200008,28.25869808300007],[83.61545007800004,28.25862989500007],[83.61809920400003,28.257608520000076],[83.61978782800009,28.25336920700005],[83.62252226700008,28.251574020000078],[83.62565495400008,28.25021758300005],[83.63037851700005,28.25059145700004],[83.63195664100004,28.250076707000062],[83.63228564100007,28.24664139500004],[83.63381070300005,28.246072395000056],[83.63734320400005,28.246370583000044],[83.64168832900003,28.243767020000064],[83.64586670400007,28.240492833000076],[83.65064295400003,28.23741177000005],[83.65212451600007,28.23691914500006],[83.65471207800005,28.237521395000044],[83.65856814100005,28.237436270000046],[83.66000845400004,28.236695333000057],[83.66122345400004,28.23436758300005],[83.66163014100005,28.23123464500003],[83.66260082900004,28.230205958000056],[83.66517107900006,28.230212270000038],[83.66728701600005,28.23121470700005],[83.66918014200007,28.230937270000027],[83.67061070300008,28.22916727000006],[83.67118870400003,28.226264832000027],[83.67302145400004,28.225396083000078],[83.67477701700005,28.223186833000057],[83.67494314100009,28.220818145000067],[83.67624864200008,28.218398020000052],[83.67661895400005,28.214387208000062],[83.67544864100006,28.212640333000024],[83.67208964100007,28.21038733200004],[83.67150520400008,28.207843145000027],[83.67293107900008,28.206761270000072],[83.67371914100005,28.204682895000076],[83.67192857900005,28.20266827000006],[83.67397657900005,28.201664582000035],[83.67560920400007,28.20174970800008],[83.67846239200009,28.19933770700004],[83.68727120400007,28.199459645000047],[83.68880251600007,28.19860802000005],[83.69171220400005,28.20043764500008],[83.69638439200008,28.199046957000064],[83.69813357900006,28.197755708000045],[83.69968189200006,28.197574020000047],[83.70166889100005,28.196073520000027],[83.70450845400006,28.195553958000062],[83.71089489100007,28.19121070700004],[83.71356107900004,28.190478520000056],[83.71595314100006,28.18901914500003],[83.71679895400007,28.187687458000028],[83.71840776700003,28.187828395000054],[83.72387545300006,28.185335020000025],[83.72675645400005,28.184530833000053],[83.72876739100008,28.18538545800004],[83.73721201600006,28.182748520000075],[83.73946101700005,28.183224332000066],[83.74602845400005,28.182478582000044],[83.74775057900007,28.181369395000047],[83.75280220400003,28.18179827000006],[83.75426795400006,28.18600214500003],[83.75709314200003,28.189375832000053],[83.75830414100005,28.190079707000052],[83.76168001600007,28.190559458000052],[83.76622270400009,28.191878145000032],[83.76899620400008,28.193631520000054],[83.77327126700004,28.197894020000035],[83.77664270400004,28.198195145000057],[83.77929532900004,28.19944714500008],[83.78289620400005,28.19718083300006],[83.78574014200007,28.19701608200006],[83.78607714200007,28.19884195800006],[83.78874389100008,28.199096645000054],[83.78942620400005,28.202172958000062],[83.79065201700007,28.203106645000048],[83.79398001600003,28.20394427000008],[83.80021657900005,28.20849320800005],[83.80132695400005,28.20879039500005],[83.80277851700004,28.210872770000037],[83.80517526700004,28.21761802000003],[83.80566470400004,28.22114527000008],[83.80683982900007,28.221424458000058],[83.80884057900005,28.21926127000006],[83.81136251700008,28.219822020000038],[83.81000245400008,28.220537645000036],[83.80745507900008,28.22353720800004],[83.80044520400008,28.228371395000067],[83.79770901600006,28.229398520000075],[83.79591020400005,28.22763820700004],[83.79577970400004,28.22455364500007],[83.79228545500007,28.224577708000027],[83.78397232900005,28.222462020000023],[83.78210189100008,28.22321489500007],[83.77792101600005,28.22402495700004],[83.77630057900006,28.223686145000045],[83.77304170400004,28.224423082000044],[83.77105582900003,28.224306958000057],[83.76745220400005,28.22525077000006],[83.76475582900008,28.223996145000058],[83.76148451700004,28.224119083000062],[83.75969814200005,28.22350677000003],[83.75635120400005,28.224414645000024],[83.75486995400007,28.223383083000044],[83.75258545400004,28.223245895000048],[83.75150751700005,28.22240914500003],[83.74888445400006,28.22328427000008],[83.74783545300005,28.222747645000027],[83.74598239200003,28.223883707000027],[83.74506582900005,28.222719957000038],[83.74298789200003,28.221858645000054],[83.74267420400008,28.224121145000026],[83.74110182900006,28.225011645000052],[83.73625301600003,28.231692208000027],[83.73989839100005,28.23632683200003],[83.74082301700008,28.239850645000047],[83.74309089100007,28.241341833000035],[83.74383270400006,28.24305577000007],[83.74084395400007,28.243693145000066],[83.73743126600004,28.24330302000004],[83.73377245400007,28.24466108200005],[83.73138520400005,28.248895895000032],[83.72880539200008,28.24932395700006],[83.72713551700008,28.24844520700003],[83.72402282900003,28.244553707000023],[83.72419357900003,28.24107258300006],[83.72128332900007,28.235750895000024],[83.71899257900003,28.23463389500006],[83.71690939200005,28.231175207000035],[83.71571832900008,28.232865020000077],[83.71340957800004,28.23817139500005],[83.71563045400006,28.240184145000057],[83.71715801700003,28.24327614500004],[83.71684801600009,28.24839270800004],[83.71954876600006,28.254185707000033],[83.72201795400008,28.25519920800008],[83.72330664100008,28.258563645000038],[83.72306901600007,28.26064795700006],[83.72447314200008,28.262146707000056],[83.72120926700006,28.26350064500008],[83.71876501600008,28.262020020000023],[83.71654964100009,28.262924707000025],[83.71666245400007,28.26459683300004],[83.71539770400005,28.267976333000036],[83.71393145400003,28.269590958000038],[83.71261020400004,28.26808783200005],[83.70992720300006,28.270324895000044],[83.70824876600005,28.270853832000057],[83.70670764100004,28.27033833200005],[83.70554201600004,28.27148427000003],[83.70233851600005,28.272230895000064],[83.70104364100007,28.271937020000053],[83.69902057900003,28.272862145000033],[83.69594270300007,28.27264777000005],[83.69483445400004,28.271503645000053],[83.69292657900007,28.27144745800007],[83.68836164200007,28.26774139500003],[83.68748332900003,28.26501383300007],[83.68783807900007,28.26276514500006],[83.68604776600006,28.25996102000005],[83.68449051600004,28.26285445700006],[83.68447451600008,28.26491889500005],[83.68331432900004,28.26706420800008],[83.68340620400005,28.270259270000054],[83.68208695400006,28.27226877000004],[83.67861632900008,28.27610983200003],[83.67655589100008,28.27762795800004],[83.67573764100007,28.280705770000054],[83.67232557800008,28.283845082000028],[83.66847520400006,28.285868707000077],[83.66516682900004,28.286115582000036]]]}},{"type":"Feature","properties":{"STATE_CODE":4,"DISTRICT":"PARBAT","GaPa_NaPa":"Mahashila","Type_GN":"Gaunpalika","Province":"Gandaki","provinceId":"4","provinceCode":"4","provinceName":"Gandaki","districtId":"410","districtName":"Parbat","municipalityId":"41005","municipalityCode":"41005","municipalityName":"Mahashila Rural Municipality","municipalityNameNe":"महाशिला गाउँपालिका","municipalityType":"rural_municipality"},"geometry":{"type":"Polygon","coordinates":[[[83.71002201600004,28.128409333000036],[83.70581970400008,28.12820408300007],[83.70177382900005,28.12977245700006],[83.69913370400008,28.132614207000074],[83.69678695400006,28.130896457000063],[83.69141989100007,28.12856277000003],[83.68785457900003,28.12901045700005],[83.68543989100004,28.12777077000004],[83.67911626600005,28.129682958000046],[83.67604626600007,28.129923958000063],[83.67488539200008,28.132852145000072],[83.67274026600006,28.13274552000007],[83.66907901700006,28.131730395000034],[83.66436607800006,28.13089764500006],[83.66359214200008,28.12850183300003],[83.66485945400007,28.12581089500003],[83.66394401600007,28.121670583000025],[83.66458795400007,28.120228145000056],[83.66263351700007,28.118246832000068],[83.65942570400006,28.11075470800006],[83.65642670400007,28.107525207000037],[83.65630026600007,28.102996520000033],[83.65662170400003,28.099935582000057],[83.65319182900004,28.099574895000046],[83.65028514100004,28.09991720800008],[83.64737189100003,28.099627707000025],[83.64401845400005,28.100031958000045],[83.63556514200008,28.099786395000024],[83.63129539200008,28.100449645000026],[83.62663570400008,28.10077320700003],[83.62577132900003,28.10175689500005],[83.62348601700006,28.099807958000042],[83.62334507900005,28.095376145000046],[83.62291920400008,28.093917332000046],[83.62379026700006,28.091753770000025],[83.62229457900008,28.08890445700007],[83.62245051600007,28.08724645700005],[83.61993495400003,28.081628082000066],[83.62159801600006,28.07985695800005],[83.62205114100004,28.077416895000056],[83.61853914100004,28.07523658200006],[83.61891770400007,28.072223207000036],[83.61832451700008,28.067413333000047],[83.61911464100007,28.065265270000054],[83.62102395400007,28.06391902000007],[83.62145407900005,28.068304270000056],[83.62467514200006,28.06776252000003],[83.62725764100009,28.066600832000063],[83.63428226600007,28.062571895000076],[83.63446014100003,28.061496082000076],[83.63777820400009,28.06174402000005],[83.63970582900004,28.060361458000045],[83.64311057900005,28.05907977000004],[83.64510664100004,28.057821395000076],[83.64602595400004,28.05603902000007],[83.64969164100006,28.05482545800004],[83.65294901700008,28.056803520000074],[83.65392670400007,28.056278020000036],[83.65430126600006,28.052077645000054],[83.65639570400003,28.053529208000043],[83.65791951700004,28.053839895000067],[83.65888570400006,28.055760208000038],[83.66252264200006,28.057294458000058],[83.66454151700003,28.056191520000027],[83.66728826700006,28.05668108200007],[83.66882607900004,28.05630345800006],[83.67185226700008,28.05839108200007],[83.67563557900007,28.05934320700004],[83.67353126600005,28.060644645000025],[83.67073382900008,28.061380333000045],[83.66778351600004,28.06354827000007],[83.66564507900006,28.063798020000036],[83.66556407900003,28.06582177000007],[83.66453532800006,28.067394145000037],[83.66413489200005,28.071215395000024],[83.66350489200005,28.072154708000028],[83.66417351600006,28.074229957000057],[83.66657376700005,28.074438832000055],[83.67130270400008,28.073913270000048],[83.67344364100006,28.07541883300007],[83.67619345300005,28.074337770000056],[83.67833126600004,28.074065270000062],[83.68068539100005,28.075772020000045],[83.68138545400006,28.077003395000077],[83.67906551600004,28.079928895000023],[83.67988795400004,28.08066189500005],[83.68599189100007,28.080797833000076],[83.68966195400003,28.08151689500005],[83.69204589100008,28.080364770000074],[83.69094326700008,28.07772920800005],[83.69314782900005,28.077682270000025],[83.69344814100003,28.081225333000077],[83.69635489100006,28.07905445800003],[83.69791657900004,28.078960894000033],[83.69962101700008,28.080025082000077],[83.70052801700007,28.084020770000052],[83.70353714200007,28.08635358300006],[83.70567264100004,28.090121707000037],[83.71224676600008,28.089810708000073],[83.71384376700007,28.089182333000053],[83.71966320400008,28.09006977000007],[83.72246982900003,28.092821395000044],[83.72492551600004,28.097808333000046],[83.72859351600005,28.100818770000046],[83.73176720400005,28.100992020000035],[83.73119751700006,28.10290420700005],[83.72585382900007,28.10649477000004],[83.72115357900003,28.108759645000077],[83.71901532900006,28.111817083000062],[83.71721670400007,28.11328677000006],[83.71344607900005,28.11472070700006],[83.71251976600007,28.115779270000075],[83.71000370300004,28.116608770000028],[83.70843101700007,28.118839207000065],[83.71079051700008,28.126204270000073],[83.71002201600004,28.128409333000036]]]}},{"type":"Feature","properties":{"STATE_CODE":4,"DISTRICT":"PARBAT","GaPa_NaPa":"Modi","Type_GN":"Gaunpalika","Province":"Gandaki","provinceId":"4","provinceCode":"4","provinceName":"Gandaki","districtId":"410","districtName":"Parbat","municipalityId":"41001","municipalityCode":"41001","municipalityName":"Modi Rural Municipality","municipalityNameNe":"मोदी गाउँपालिका","municipalityType":"rural_municipality"},"geometry":{"type":"Polygon","coordinates":[[[83.70266832900006,28.39839145800005],[83.70128770400004,28.399588771000026],[83.69871495400008,28.399474832000067],[83.69349345400008,28.397500270000023],[83.69058776600008,28.397387646000027],[83.68747157900003,28.39411577000004],[83.68603345400004,28.390764270000034],[83.68491882900008,28.389547832000062],[83.68407676700008,28.385712582000053],[83.68432670300007,28.384445146000076],[83.68268020400006,28.382922895000036],[83.68021526700005,28.378598708000027],[83.67985651700008,28.376574083000037],[83.68090164200004,28.374090145000025],[83.68145464200006,28.37108164500006],[83.67788882900004,28.368266521000066],[83.67613614200008,28.36631070800007],[83.67575201700004,28.362194458000033],[83.67255582900003,28.359208583000054],[83.67174576600007,28.356167520000042],[83.66597257900008,28.34936227000003],[83.66016064200005,28.34796033300006],[83.66004182900008,28.34491408200006],[83.66271207900007,28.340579770000033],[83.66367489100008,28.338443208000058],[83.66401570400006,28.334973958000035],[83.66363795400008,28.33386070800003],[83.66391945400005,28.330515395000077],[83.66335951700006,28.329261832000043],[83.66332639100006,28.32600820700003],[83.66228432900004,28.324324770000032],[83.66176876700007,28.319851646000075],[83.66243907900008,28.31409764500006],[83.66082351700004,28.307965645000024],[83.66098495400007,28.304590645000076],[83.66266645400003,28.302304770000035],[83.66453832900004,28.297756270000036],[83.66353307900005,28.29356395700006],[83.66485120400006,28.29095220800008],[83.66516682900004,28.286115582000036],[83.66847520400006,28.285868707000077],[83.67232557800008,28.283845082000028],[83.67573764100007,28.280705770000054],[83.67655589100008,28.27762795800004],[83.67861632900008,28.27610983200003],[83.68208695400006,28.27226877000004],[83.68340620400005,28.270259270000054],[83.68331432900004,28.26706420800008],[83.68447451600008,28.26491889500005],[83.68449051600004,28.26285445700006],[83.68604776600006,28.25996102000005],[83.68783807900007,28.26276514500006],[83.68748332900003,28.26501383300007],[83.68836164200007,28.26774139500003],[83.69292657900007,28.27144745800007],[83.69483445400004,28.271503645000053],[83.69594270300007,28.27264777000005],[83.69902057900003,28.272862145000033],[83.70104364100007,28.271937020000053],[83.70233851600005,28.272230895000064],[83.70554201600004,28.27148427000003],[83.70670764100004,28.27033833200005],[83.70824876600005,28.270853832000057],[83.70992720300006,28.270324895000044],[83.71261020400004,28.26808783200005],[83.71393145400003,28.269590958000038],[83.71539770400005,28.267976333000036],[83.71666245400007,28.26459683300004],[83.71654964100009,28.262924707000025],[83.71876501600008,28.262020020000023],[83.72120926700006,28.26350064500008],[83.72447314200008,28.262146707000056],[83.72306901600007,28.26064795700006],[83.72330664100008,28.258563645000038],[83.72201795400008,28.25519920800008],[83.71954876600006,28.254185707000033],[83.71684801600009,28.24839270800004],[83.71715801700003,28.24327614500004],[83.71563045400006,28.240184145000057],[83.71340957800004,28.23817139500005],[83.71571832900008,28.232865020000077],[83.71690939200005,28.231175207000035],[83.71899257900003,28.23463389500006],[83.72128332900007,28.235750895000024],[83.72419357900003,28.24107258300006],[83.72402282900003,28.244553707000023],[83.72713551700008,28.24844520700003],[83.72880539200008,28.24932395700006],[83.73138520400005,28.248895895000032],[83.73377245400007,28.24466108200005],[83.73743126600004,28.24330302000004],[83.74084395400007,28.243693145000066],[83.74383270400006,28.24305577000007],[83.74309089100007,28.241341833000035],[83.74082301700008,28.239850645000047],[83.73989839100005,28.23632683200003],[83.73625301600003,28.231692208000027],[83.74110182900006,28.225011645000052],[83.74267420400008,28.224121145000026],[83.74298789200003,28.221858645000054],[83.74506582900005,28.222719957000038],[83.74598239200003,28.223883707000027],[83.74783545300005,28.222747645000027],[83.74888445400006,28.22328427000008],[83.75150751700005,28.22240914500003],[83.75258545400004,28.223245895000048],[83.75486995400007,28.223383083000044],[83.75635120400005,28.224414645000024],[83.75969814200005,28.22350677000003],[83.76148451700004,28.224119083000062],[83.76475582900008,28.223996145000058],[83.76745220400005,28.22525077000006],[83.77105582900003,28.224306958000057],[83.77304170400004,28.224423082000044],[83.77630057900006,28.223686145000045],[83.77792101600005,28.22402495700004],[83.78210189100008,28.22321489500007],[83.78397232900005,28.222462020000023],[83.79228545500007,28.224577708000027],[83.79577970400004,28.22455364500007],[83.79591020400005,28.22763820700004],[83.79770901600006,28.229398520000075],[83.80044520400008,28.228371395000067],[83.80179226700005,28.23026189500007],[83.80543620400005,28.23353195800007],[83.80800989100004,28.236843270000065],[83.81243901600004,28.241174708000074],[83.81668951700004,28.24439570800007],[83.81848751700005,28.244734270000038],[83.82036576700006,28.247232207000025],[83.82143214200005,28.247754833000045],[83.82485126600005,28.25113008200003],[83.82440607900008,28.255328458000065],[83.82271145400006,28.259990020000032],[83.81577189100005,28.261099958000045],[83.81447251600008,28.26052958200006],[83.80920457900004,28.26167533200004],[83.80504051700007,28.26055933300006],[83.80246645400007,28.26068427000007],[83.80142032900005,28.261876333000032],[83.79901495400009,28.262193145000026],[83.79805820400009,28.263139395000053],[83.79507982900003,28.26304920700005],[83.79316239100007,28.26373452000007],[83.79215364200007,28.265307833000065],[83.79007595400003,28.265169270000058],[83.78711476700005,28.26683664500007],[83.78427570400004,28.26747295800004],[83.78285857900005,28.269081708000044],[83.77967376600003,28.26988433300005],[83.77845857900007,28.267941957000062],[83.77403220400004,28.270087207000074],[83.77213907900006,28.271995082000046],[83.77063745400005,28.272055770000065],[83.76881526700004,28.27348545800004],[83.76859895400008,28.276560333000077],[83.77056695400006,28.27833927000006],[83.77328970400004,28.279842082000073],[83.77614257900007,28.282721270000025],[83.77669807900008,28.28431283200007],[83.77583376700005,28.286251770000035],[83.76836557900003,28.289585395000074],[83.76606364200006,28.29154664500004],[83.76388276600005,28.292594333000068],[83.76457639100005,28.295077395000078],[83.76678257900005,28.29677339500006],[83.76775514100007,28.299259146000054],[83.77015864100008,28.300666645000035],[83.77104114100007,28.303459083000064],[83.77251889100006,28.303610458000037],[83.77332282900005,28.30588389500008],[83.77568201600008,28.30740620800003],[83.77651901700006,28.308887707000054],[83.77386507900007,28.311523145000024],[83.77008451600005,28.311907145000077],[83.76690670400006,28.31365489500007],[83.76559945400004,28.31507858200007],[83.76372582900007,28.315594332000046],[83.76178689200003,28.317700521000063],[83.76066989100008,28.32079639500006],[83.75786814200006,28.32321920800007],[83.75352745400005,28.325239708000026],[83.75191532900004,28.325471520000065],[83.74860982900003,28.327441958000065],[83.74839514200005,28.328454583000052],[83.74575539200004,28.33025245700003],[83.74137501700005,28.336437583000077],[83.74116457900004,28.341082895000056],[83.73913532900008,28.34361720700008],[83.73413901600009,28.346102958000074],[83.73200795400004,28.34633345800006],[83.72799782900006,28.349145832000033],[83.72835489100004,28.35200745800006],[83.72938139200005,28.35344895700007],[83.72969207900007,28.356281145000025],[83.72740864200006,28.358893833000025],[83.72522201700008,28.359392583000044],[83.72272051700008,28.362514645000033],[83.72201564100004,28.36590433300006],[83.72065064200007,28.367830645000026],[83.72188582900003,28.37204777000005],[83.72423220400003,28.37449152000005],[83.72339214200008,28.376127833000055],[83.72039557900007,28.376072083000054],[83.71986682900007,28.377560145000075],[83.71722089100007,28.378782083000033],[83.71370207900003,28.382716333000076],[83.70907501700003,28.385982582000054],[83.70773564200005,28.388263020000068],[83.70645332900006,28.39275470700005],[83.70432332900003,28.394505395000067],[83.70266832900006,28.39839145800005]]]}},{"type":"Feature","properties":{"STATE_CODE":4,"DISTRICT":"PARBAT","GaPa_NaPa":"Painyu","Type_GN":"Gaunpalika","Province":"Gandaki","provinceId":"4","provinceCode":"4","provinceName":"Gandaki","districtId":"410","districtName":"Parbat","municipalityId":"41007","municipalityCode":"41007","municipalityName":"Paiyu Rural Municipality","municipalityNameNe":"पैयुं गाउँपालिका","municipalityType":"rural_municipality"},"geometry":{"type":"Polygon","coordinates":[[[83.69572476700006,28.050542145000065],[83.69604689200008,28.052219270000023],[83.69802239100005,28.052598208000063],[83.70135357900006,28.051948895000066],[83.70427082900005,28.05244708300006],[83.70531814100008,28.054073894000055],[83.70796589100007,28.05526183300003],[83.71018420400009,28.059754395000027],[83.71244776600008,28.060927958000036],[83.71475145400007,28.063629082000034],[83.71353899100006,28.067760126000053],[83.71286513600006,28.073884645000078],[83.71046908700004,28.07587645900003],[83.71109655600003,28.078118312000072],[83.71085484000008,28.081093895000038],[83.71263489200004,28.082979394000063],[83.71142495400005,28.085167770000055],[83.70831264200007,28.08754833300003],[83.70567264100004,28.090121707000037],[83.70353714200007,28.08635358300006],[83.70052801700007,28.084020770000052],[83.69962101700008,28.080025082000077],[83.69791657900004,28.078960894000033],[83.69635489100006,28.07905445800003],[83.69344814100003,28.081225333000077],[83.69314782900005,28.077682270000025],[83.69094326700008,28.07772920800005],[83.69204589100008,28.080364770000074],[83.68966195400003,28.08151689500005],[83.68599189100007,28.080797833000076],[83.67988795400004,28.08066189500005],[83.67906551600004,28.079928895000023],[83.68138545400006,28.077003395000077],[83.68068539100005,28.075772020000045],[83.67833126600004,28.074065270000062],[83.67619345300005,28.074337770000056],[83.67344364100006,28.07541883300007],[83.67130270400008,28.073913270000048],[83.66657376700005,28.074438832000055],[83.66417351600006,28.074229957000057],[83.66350489200005,28.072154708000028],[83.66413489200005,28.071215395000024],[83.66453532800006,28.067394145000037],[83.66556407900003,28.06582177000007],[83.66564507900006,28.063798020000036],[83.66778351600004,28.06354827000007],[83.67073382900008,28.061380333000045],[83.67353126600005,28.060644645000025],[83.67563557900007,28.05934320700004],[83.67185226700008,28.05839108200007],[83.66882607900004,28.05630345800006],[83.66728826700006,28.05668108200007],[83.66454151700003,28.056191520000027],[83.66252264200006,28.057294458000058],[83.65888570400006,28.055760208000038],[83.65791951700004,28.053839895000067],[83.65639570400003,28.053529208000043],[83.65430126600006,28.052077645000054],[83.65392670400007,28.056278020000036],[83.65294901700008,28.056803520000074],[83.64969164100006,28.05482545800004],[83.64602595400004,28.05603902000007],[83.64510664100004,28.057821395000076],[83.64311057900005,28.05907977000004],[83.63970582900004,28.060361458000045],[83.63777820400009,28.06174402000005],[83.63446014100003,28.061496082000076],[83.63274145300005,28.05611477000008],[83.63383576600006,28.053209207000066],[83.63547345400008,28.052556958000025],[83.63584889100008,28.050109832000032],[83.63442789100003,28.047716645000037],[83.63366889100007,28.04522364500008],[83.63432207900007,28.044415333000074],[83.63304357900006,28.038110020000033],[83.63485726700003,28.03439414500008],[83.63149107900006,28.033886520000067],[83.63128001600006,28.032478020000042],[83.62931751700006,28.03127239500003],[83.62747376700008,28.032679832000042],[83.62478076600007,28.032771770000068],[83.62267001600009,28.033427207000045],[83.62059326700006,28.03245789500005],[83.61828082900007,28.03251695800003],[83.61823770400008,28.03051327000003],[83.61702357900003,28.02822420700005],[83.61665051600005,28.02461076900005],[83.61735276600007,28.022771582000075],[83.61929682900006,28.022916832000078],[83.62178695300008,28.020495957000037],[83.62200401600006,28.019336769000063],[83.61926657900005,28.017251145000046],[83.61698732900004,28.011701020000032],[83.62044789100008,28.008912708000025],[83.62326776700007,28.008099207000043],[83.62493664100003,28.00843089500006],[83.62670076600006,28.007503833000044],[83.62787607900003,28.00572002000007],[83.62939314200008,28.005572958000073],[83.62904632900006,28.010231333000036],[83.62938789100008,28.011832020000043],[83.63143151700007,28.014333020000038],[83.63447595400004,28.016482395000025],[83.64025214100008,28.018095145000075],[83.64253570400007,28.015898895000078],[83.64460451600007,28.015189020000037],[83.64815632900007,28.013185457000077],[83.65037632900004,28.01260902000007],[83.65431470300007,28.012472270000046],[83.65779464200006,28.01161689500003],[83.66542951700006,28.014271020000024],[83.66582945400006,28.013712457000054],[83.66697632900008,28.014676395000038],[83.67237101700005,28.014486332000047],[83.67351076600005,28.01487489400006],[83.67443689200007,28.01700702000005],[83.67741726600008,28.01728033200004],[83.68107276600006,28.018428332000042],[83.68401576600007,28.02086289500005],[83.68765164100006,28.022141645000033],[83.68976070400004,28.024644083000055],[83.69114070400008,28.028794332000075],[83.69282726600005,28.02835589500006],[83.69539626600005,28.02665358200005],[83.69990926700007,28.03281202000005],[83.69628070300007,28.03382389500007],[83.69318095400007,28.032634707000057],[83.69225757900006,28.035854707000055],[83.69055076600006,28.038109458000065],[83.69322707900005,28.039685833000078],[83.69461457900007,28.039289583000027],[83.69599364100003,28.04164602000003],[83.69536576600007,28.042777270000045],[83.69602620300003,28.04576839500004],[83.69371182900005,28.047338145000026],[83.69572476700006,28.050542145000065]]]}},{"type":"Feature","properties":{"STATE_CODE":4,"DISTRICT":"PARBAT","GaPa_NaPa":"Phalebas","Type_GN":"Nagarpalika","Province":"Gandaki","provinceId":"4","provinceCode":"4","provinceName":"Gandaki","districtId":"410","districtName":"Parbat","municipalityId":"41004","municipalityCode":"41004","municipalityName":"Phalebas Urban Municipality","municipalityNameNe":"फलेबास नगरपालिका","municipalityType":"municipality"},"geometry":{"type":"Polygon","coordinates":[[[83.75830414100005,28.190079707000052],[83.75709314200003,28.189375832000053],[83.75426795400006,28.18600214500003],[83.75280220400003,28.18179827000006],[83.74775057900007,28.181369395000047],[83.74602845400005,28.182478582000044],[83.73946101700005,28.183224332000066],[83.73721201600006,28.182748520000075],[83.72876739100008,28.18538545800004],[83.72675645400005,28.184530833000053],[83.72387545300006,28.185335020000025],[83.71840776700003,28.187828395000054],[83.71679895400007,28.187687458000028],[83.71595314100006,28.18901914500003],[83.71356107900004,28.190478520000056],[83.71089489100007,28.19121070700004],[83.70450845400006,28.195553958000062],[83.70166889100005,28.196073520000027],[83.69968189200006,28.197574020000047],[83.69813357900006,28.197755708000045],[83.69638439200008,28.199046957000064],[83.69171220400005,28.20043764500008],[83.68880251600007,28.19860802000005],[83.68727120400007,28.199459645000047],[83.67846239200009,28.19933770700004],[83.67560920400007,28.20174970800008],[83.67397657900005,28.201664582000035],[83.67192857900005,28.20266827000006],[83.66539082900005,28.198446708000063],[83.66248901600005,28.19903977000007],[83.66131264100005,28.198535958000036],[83.66051007900006,28.194098145000055],[83.65800089100009,28.193870770000046],[83.65608576700004,28.19177439500004],[83.65594995400005,28.189939707000065],[83.65374464100006,28.18654295700003],[83.65044020400006,28.18650070800004],[83.64952326700006,28.183923957000047],[83.64896239200004,28.18070277000004],[83.64709932900007,28.177498582000055],[83.64179670400006,28.175113457000066],[83.64178514100007,28.173908582000024],[83.64346426700007,28.170501458000047],[83.64593264200005,28.167671707000068],[83.64481670400005,28.16508314500004],[83.64052732900007,28.16237339500003],[83.63853895400007,28.159028895000063],[83.63984982900007,28.156263833000025],[83.64021120400008,28.154121333000035],[83.63588982800007,28.150856332000046],[83.63639407900007,28.149673145000065],[83.63919739200009,28.14783714500004],[83.63984245400007,28.14535239500003],[83.63864276600003,28.140904332000048],[83.63904395400004,28.13929895700005],[83.64079457900004,28.137703832000057],[83.64098351700005,28.13590602000005],[83.63923132900004,28.135416332000034],[83.63704832900004,28.132969270000046],[83.63481570400006,28.131194395000023],[83.63536401700009,28.127676020000024],[83.63387739100006,28.126345395000044],[83.63166457900007,28.122262332000048],[83.62793539100005,28.12198145700006],[83.62374289100006,28.120645645000025],[83.62055045400007,28.118017208000026],[83.61672039100006,28.11637077000006],[83.61111214200008,28.11208152000006],[83.61329389200006,28.111065583000027],[83.61512026600008,28.108171395000056],[83.61839664200005,28.107002770000065],[83.62112770400006,28.10511727000005],[83.62568595400006,28.103442082000072],[83.62577132900003,28.10175689500005],[83.62663570400008,28.10077320700003],[83.63129539200008,28.100449645000026],[83.63556514200008,28.099786395000024],[83.64401845400005,28.100031958000045],[83.64737189100003,28.099627707000025],[83.65028514100004,28.09991720800008],[83.65319182900004,28.099574895000046],[83.65662170400003,28.099935582000057],[83.65630026600007,28.102996520000033],[83.65642670400007,28.107525207000037],[83.65942570400006,28.11075470800006],[83.66263351700007,28.118246832000068],[83.66458795400007,28.120228145000056],[83.66394401600007,28.121670583000025],[83.66485945400007,28.12581089500003],[83.66359214200008,28.12850183300003],[83.66436607800006,28.13089764500006],[83.66907901700006,28.131730395000034],[83.67274026600006,28.13274552000007],[83.67488539200008,28.132852145000072],[83.67604626600007,28.129923958000063],[83.67911626600005,28.129682958000046],[83.68543989100004,28.12777077000004],[83.68785457900003,28.12901045700005],[83.69141989100007,28.12856277000003],[83.69678695400006,28.130896457000063],[83.69913370400008,28.132614207000074],[83.70177382900005,28.12977245700006],[83.70581970400008,28.12820408300007],[83.71002201600004,28.128409333000036],[83.71105639100006,28.13049858200003],[83.71401414100006,28.133345457000075],[83.72060276700006,28.135461957000075],[83.72351314200006,28.138920020000057],[83.72500951600006,28.13958183300008],[83.72800832900003,28.14277370800005],[83.72921476600004,28.14474814500005],[83.73283676700004,28.14786895700007],[83.73592695400004,28.147856895000075],[83.74269995400005,28.148889645000054],[83.74721407900006,28.147972957000036],[83.74988170400007,28.148521582000058],[83.75569364200004,28.147388145000036],[83.75795889100004,28.14587364500005],[83.76150920400005,28.146010770000032],[83.76179151700006,28.147398895000038],[83.76369789100005,28.15075052000003],[83.76577182900007,28.15264039500005],[83.76647214100007,28.154879833000052],[83.76652139200007,28.157844707000038],[83.76245064200003,28.163514520000035],[83.76455101600004,28.165020895000055],[83.76478882900005,28.16656233200007],[83.76618795400003,28.167616145000068],[83.76809945400004,28.170460083000023],[83.76384614200003,28.17341083200006],[83.76352051600009,28.175443208000047],[83.76096901600005,28.17917970700006],[83.75958707800004,28.181796833000078],[83.75966776700005,28.18387277000005],[83.75830414100005,28.190079707000052]]]}},{"type":"Feature","properties":{"STATE_CODE":4,"DISTRICT":"BAGLUNG","GaPa_NaPa":"Badigad","Type_GN":"Gaunpalika","Province":"Gandaki","provinceId":"4","provinceCode":"4","provinceName":"Gandaki","districtId":"411","districtName":"Baglung","municipalityId":"41107","municipalityCode":"41107","municipalityName":"Badigad Rural Municipality","municipalityNameNe":"बडिगाड गाउँपालिका","municipalityType":"rural_municipality"},"geometry":{"type":"Polygon","coordinates":[[[83.31911339100003,28.337885208000046],[83.31718745300003,28.340817583000046],[83.31713207900003,28.34294714500004],[83.31346407800004,28.344056833000025],[83.31132264100006,28.344222021000064],[83.30902845400004,28.347208833000025],[83.30595545400007,28.348898895000048],[83.30176870400004,28.34727339500006],[83.29898507800004,28.34843008300004],[83.29586264100004,28.347816083000055],[83.29274101600004,28.344440520000035],[83.28918320400004,28.343325520000064],[83.28723539100008,28.34403508300005],[83.28525364100005,28.342824458000052],[83.28173845300006,28.341826833000027],[83.28111857900006,28.335368708000033],[83.27924639100007,28.333639645000062],[83.27812082800006,28.33397208300005],[83.27526882900008,28.333000396000045],[83.27393020400007,28.33457933300008],[83.27030264100006,28.333522083000048],[83.26849045400007,28.33363427000006],[83.26667407800005,28.331411208000077],[83.26369801600003,28.331494458000066],[83.26074464100003,28.33027370700006],[83.25614651600006,28.32943652000006],[83.25489532800003,28.32827227000007],[83.25168351600007,28.327426708000075],[83.24976389100004,28.32783352000007],[83.24582470400009,28.329943895000042],[83.24222445400005,28.330492520000064],[83.24013495300005,28.329122708000057],[83.23750764100004,28.32476945800005],[83.23690632800003,28.321729333000064],[83.23542939100008,28.321682707000036],[83.23124139100008,28.32041152000005],[83.22895970400003,28.319040520000044],[83.22664732800007,28.319063457000027],[83.22447307900006,28.31761620800006],[83.22191745400005,28.318876395000075],[83.21862970300003,28.32397227000007],[83.21619507900004,28.326304707000077],[83.21449932800004,28.326922145000026],[83.21208820400005,28.325701208000055],[83.20997114100004,28.325325770000063],[83.20843782800006,28.324109832000033],[83.20542051600006,28.323289145000047],[83.20323164100006,28.320411083000067],[83.20401995300006,28.31795420800006],[83.20225201600005,28.316260833000058],[83.19857289100008,28.315034395000055],[83.19733357900003,28.311245833000044],[83.19769007900004,28.309262583000077],[83.19704264100005,28.306738645000053],[83.19512407800005,28.305159333000063],[83.19014976600005,28.30220595800006],[83.18826151600007,28.302481270000044],[83.18505070300006,28.30181239500007],[83.18119307800004,28.301728395000055],[83.17733845300006,28.301170520000028],[83.17466976600008,28.299642833000064],[83.17282989100005,28.29609858300006],[83.17239720300006,28.293632270000046],[83.17032107900008,28.29320002000003],[83.16621239100004,28.290212645000054],[83.16488120300005,28.29066252100006],[83.15827432900005,28.29701364500005],[83.15475976600004,28.299949707000053],[83.15203376500006,28.298689645000024],[83.15022982900007,28.297189395000032],[83.14846014100004,28.296585020000066],[83.14612476500008,28.29475420800003],[83.14099232800004,28.294622770000046],[83.13922782900005,28.29350389500007],[83.13723907800005,28.29345077100004],[83.13434551500006,28.29184639500005],[83.12768495400007,28.28618627000003],[83.12601795400008,28.285334083000066],[83.12298739100004,28.28479120800006],[83.11839870300008,28.28260933300004],[83.11519276600006,28.279671458000053],[83.11209857900008,28.278834645000074],[83.10917945300008,28.276602395000054],[83.10511432800007,28.27531689500006],[83.09980382900005,28.271938457000033],[83.09919045300006,28.272669895000035],[83.09743207800005,28.268804833000047],[83.09751357800008,28.26469695800006],[83.09686257800007,28.26040602000006],[83.09553476600007,28.256846083000028],[83.09777095300007,28.25583883300004],[83.09957214100007,28.25603570800007],[83.10303407900005,28.255496707000077],[83.10519426600007,28.253516458000036],[83.10770382800007,28.25209339500003],[83.11349795400008,28.251833333000036],[83.11566051600005,28.253081458000054],[83.11846639100008,28.25395464500008],[83.12061514100003,28.256389332000026],[83.12489370400004,28.25671008300003],[83.12635332900004,28.257628645000068],[83.12797170300007,28.256533457000046],[83.12840489100006,28.253404707000072],[83.12973651500005,28.250624582000057],[83.13278851500007,28.249980707000077],[83.13706864100004,28.25134570800003],[83.14028376600004,28.254384645000073],[83.14197814100004,28.25714552000005],[83.14400420300007,28.258667583000033],[83.14723314100007,28.262699145000056],[83.14999001600006,28.264112958000055],[83.15059832800006,28.265853957000047],[83.15453670300008,28.267487020000033],[83.15736657900004,28.27061795800006],[83.15860976600004,28.27035939500007],[83.16137582800008,28.267838208000057],[83.16343620300006,28.267183083000077],[83.16489276600004,28.26316477000006],[83.16764914100008,28.26160002000006],[83.16961732800007,28.257950270000038],[83.17102664000004,28.258304020000026],[83.17555264100008,28.261435833000064],[83.17656057900007,28.263201707000064],[83.17988364100006,28.264776208000058],[83.18332645300006,28.26904289500004],[83.18616132900007,28.270251020000046],[83.18740620400007,28.270012520000023],[83.18818001600005,28.267824145000077],[83.19005245400007,28.266980146000037],[83.19105832900004,28.26509770800004],[83.19521251600008,28.26318420700005],[83.19716382900003,28.26098458200005],[83.20008139100008,28.258583145000046],[83.20311245300007,28.25764877000006],[83.20568095400006,28.255815958000028],[83.20698245300008,28.254262208000057],[83.20745376600007,28.252205082000046],[83.21115420300004,28.25051858200004],[83.21390707800003,28.24859639500005],[83.21706482800005,28.248576145000072],[83.21779489000005,28.247655270000052],[83.21777932900005,28.243675333000056],[83.22203664100005,28.240667333000033],[83.22387914100005,28.23713783200003],[83.22575976600007,28.235668458000077],[83.22807364100004,28.234966332000056],[83.22789707800007,28.232373020000068],[83.23027051600008,28.230949208000027],[83.23322832800005,28.228129770000066],[83.23530032800005,28.225558083000067],[83.23576282800008,28.221689083000058],[83.23908626600007,28.22095402000008],[83.24185457900006,28.219604395000033],[83.24411589000005,28.219709395000052],[83.24620439100005,28.217074457000024],[83.24930914100008,28.21676208200006],[83.25378970400004,28.214020582000046],[83.25590026600008,28.21104708300004],[83.25596489100008,28.20851827000007],[83.25751570300008,28.205710958000054],[83.26054570400004,28.20386370800003],[83.26098170300008,28.200364457000035],[83.26292770400005,28.19935739500005],[83.26628670300005,28.19954014500007],[83.26894301600004,28.19861127000007],[83.27280407800004,28.19502645800003],[83.27267776600007,28.191772332000028],[83.27471820300008,28.189655582000057],[83.27587695300008,28.187382957000068],[83.27827839100007,28.188805770000045],[83.28005057900003,28.190879520000067],[83.28210639100007,28.189583957000025],[83.28386332800005,28.190001582000036],[83.28532501600006,28.192116458000044],[83.28704282900009,28.193309958000043],[83.28961589100004,28.19644139500008],[83.28946076600005,28.201280145000055],[83.29051045300008,28.20227383300005],[83.29081176600005,28.204371395000067],[83.29331939100007,28.20735127000006],[83.29578107900005,28.20809495800006],[83.29778195400007,28.20932358300007],[83.30115526600008,28.210491520000062],[83.30330557800005,28.212616583000056],[83.30728882800008,28.21323920800006],[83.31124751600004,28.211797145000048],[83.31545007800008,28.212625957000057],[83.31811057800007,28.213577832000055],[83.31973226600007,28.213168520000067],[83.32521001600009,28.21345958300003],[83.32751070300003,28.21271283300007],[83.32927882800004,28.213105083000073],[83.33222382900004,28.215235833000065],[83.33458976600008,28.21561733300007],[83.33862701600003,28.222820770000055],[83.33922720300006,28.224741395000024],[83.33723332800008,28.22745045700003],[83.33667982900005,28.22946708300003],[83.33461651600004,28.23384089500007],[83.33558051700004,28.236713208000026],[83.33447132800006,28.23973339500003],[83.33488832800003,28.242077332000065],[83.33328582800004,28.244111333000035],[83.33047532800003,28.243220020000024],[83.32681545400004,28.244659520000027],[83.32537332900006,28.247441082000023],[83.32129026600006,28.25109845700007],[83.32436170400007,28.25523133200005],[83.32642832800008,28.256446270000026],[83.32381101600004,28.262448333000066],[83.32218289100007,28.26462427000007],[83.31916476600009,28.26754683300004],[83.31654207900004,28.26869795700003],[83.31490557900008,28.27135202000005],[83.31364251600007,28.272234645000026],[83.31029057800004,28.270681208000042],[83.30591532800008,28.26985595700006],[83.30256657800004,28.270687208000027],[83.29981601600008,28.270497145000036],[83.29626945300004,28.27155739600005],[83.29421439100008,28.274741583000036],[83.29259251600007,28.276477207000028],[83.29319326600006,28.277843020000034],[83.29361051600006,28.282400395000025],[83.29491357800003,28.28549808300005],[83.29421164100006,28.286270582000043],[83.29108570300008,28.28536777000005],[83.29113101600007,28.287759520000066],[83.28919114100006,28.29050877000003],[83.28936820300004,28.292634958000065],[83.28622532800006,28.296203582000032],[83.28790076600006,28.297678895000047],[83.29323357800007,28.297259895000025],[83.29480689100006,28.296169270000064],[83.29651045300005,28.297567770000057],[83.29695689100004,28.299260020000077],[83.29628676600004,28.303083083000047],[83.29723320400007,28.30585177000006],[83.29757332900004,28.308691770000053],[83.30018714100004,28.30991220800007],[83.30310607800004,28.312244270000065],[83.30465720300003,28.312475520000078],[83.31031289100008,28.315166520000048],[83.31151726600007,28.315468145000068],[83.31103520400006,28.319696020000038],[83.31279632900004,28.324124708000056],[83.31234764100003,28.325094895000063],[83.31520264100004,28.328712333000055],[83.31667526600006,28.329744020000078],[83.31787220400008,28.331789583000045],[83.31842864100008,28.336092645000065],[83.31911339100003,28.337885208000046]]]}},{"type":"Feature","properties":{"STATE_CODE":4,"DISTRICT":"BAGLUNG","GaPa_NaPa":"Baglung","Type_GN":"Nagarpalika","Province":"Gandaki","provinceId":"4","provinceCode":"4","provinceName":"Gandaki","districtId":"411","districtName":"Baglung","municipalityId":"41101","municipalityCode":"41101","municipalityName":"Baglung Urban Municipality","municipalityNameNe":"बाग्लुङ्ग नगरपालिका","municipalityType":"municipality"},"geometry":{"type":"Polygon","coordinates":[[[83.60363670400005,28.298303833000034],[83.60130770400008,28.298527208000053],[83.59882764100007,28.30012183200006],[83.59479789100004,28.300705583000024],[83.59379407900008,28.30128695700006],[83.59113270400007,28.304760395000073],[83.59054101600003,28.306139458000075],[83.58726332900005,28.309538770000074],[83.58255432900006,28.31093908300005],[83.57964826600005,28.31122345700004],[83.57781682900008,28.312490333000028],[83.57283589100007,28.313192333000075],[83.57182132900004,28.314342082000053],[83.56688757900008,28.315720832000068],[83.56475957900005,28.31690539500005],[83.56051851700005,28.31642252000006],[83.55461007900004,28.313928270000076],[83.55061051600006,28.313890332000028],[83.54852589100005,28.31343670800004],[83.54467351700004,28.31071645800006],[83.54200532900006,28.30701858300006],[83.53725114100007,28.30305420700006],[83.53751132800005,28.300737895000054],[83.54193001700008,28.300357958000063],[83.54087807900004,28.296119520000047],[83.54034089100008,28.29239489500003],[83.53902132800005,28.289461895000045],[83.53783945400005,28.283499207000034],[83.53982332900006,28.283086208000043],[83.54109895400006,28.281326083000067],[83.54432770400007,28.280872146000036],[83.54554382900005,28.279294582000034],[83.55170445400006,28.275452270000073],[83.55201045400008,28.274503395000067],[83.55079770400005,28.272046895000074],[83.55784251600005,28.27233833300005],[83.55895476600006,28.273560333000034],[83.55920207900004,28.276780770000073],[83.56228595400006,28.28068945800004],[83.56411539200008,28.279303208000044],[83.56367195300004,28.27701620700003],[83.56439007900008,28.273645458000033],[83.56586720400009,28.272348270000066],[83.56491657800007,28.26983183200008],[83.56454001700007,28.264120083000023],[83.56279070400007,28.262582520000024],[83.55967201600004,28.263066583000068],[83.55771226600007,28.26222327000005],[83.55474539100004,28.262504645000035],[83.55341314100008,28.26130445800004],[83.55253620400003,28.259004770000047],[83.54921382900005,28.257646832000034],[83.54619376700003,28.257350332000044],[83.54276701600008,28.25464045700005],[83.53728320400006,28.25125339500005],[83.53804576700009,28.249694645000034],[83.54021032900005,28.24822189500003],[83.54400139100005,28.248631645000046],[83.54793795300003,28.24769939500004],[83.54894276600004,28.246209083000053],[83.55127695400006,28.24486077000006],[83.55427526600005,28.24188102000005],[83.55482982900008,28.24034183200007],[83.55762089100006,28.237052207000033],[83.55911101600003,28.23333420700004],[83.56054695400007,28.231795583000064],[83.56135701600004,28.229481020000037],[83.56097351600005,28.224211395000054],[83.56200757800008,28.221541083000034],[83.55989382900003,28.220130895000068],[83.55757826600006,28.216486332000045],[83.55481007900005,28.214627208000024],[83.55139220300003,28.213803833000043],[83.54748870400005,28.215205645000026],[83.54853564200005,28.20778602000007],[83.54984389100008,28.20368839500003],[83.55010720300004,28.200945708000063],[83.55215120400004,28.19916770800006],[83.55676195300003,28.200355957000056],[83.56057101700003,28.202653833000056],[83.56408414100008,28.20307795800005],[83.56745057900008,28.204205458000047],[83.57019951600006,28.20427058200005],[83.57348732900005,28.20341220800003],[83.57681232900006,28.204480707000073],[83.58239382800008,28.20555152000003],[83.58808826600006,28.205848520000075],[83.59122789100007,28.20875502000007],[83.59479964100007,28.208995770000058],[83.59740926700005,28.206600520000052],[83.59972076600008,28.20668402000007],[83.60146770300008,28.20876045800003],[83.60299476600005,28.21288252000005],[83.60307651600004,28.214796082000078],[83.60555901600003,28.21578020800007],[83.60752995400009,28.21753902000006],[83.60880907900008,28.21779308300006],[83.61079989100006,28.21961058200003],[83.61302676600008,28.220550957000057],[83.61545664100004,28.219314645000054],[83.61332932800008,28.217803708000076],[83.61390376600008,28.216210145000048],[83.61331607800008,28.213081270000032],[83.61383739200005,28.211025083000038],[83.61710995400006,28.206902957000068],[83.61542226700004,28.205018832000064],[83.60916020300004,28.204441520000046],[83.61082964100007,28.202812707000078],[83.60964826600008,28.200404207000076],[83.61187614200009,28.199550895000073],[83.61356701600005,28.19706245800006],[83.61733289200004,28.19723102000006],[83.61894864100003,28.200258895000047],[83.62148889100007,28.20315183300005],[83.62389039200008,28.203063583000073],[83.62610989100006,28.202022770000042],[83.62860995400007,28.199586020000027],[83.62852289200003,28.196311958000024],[83.62949595400005,28.19478708200006],[83.63200614200008,28.194130520000044],[83.63505589100004,28.189283145000047],[83.63840489200004,28.18801952000007],[83.64094132900004,28.186500957000078],[83.64428064100008,28.183881083000074],[83.64952326700006,28.183923957000047],[83.65044020400006,28.18650070800004],[83.65374464100006,28.18654295700003],[83.65594995400005,28.189939707000065],[83.65608576700004,28.19177439500004],[83.65800089100009,28.193870770000046],[83.66051007900006,28.194098145000055],[83.66131264100005,28.198535958000036],[83.66248901600005,28.19903977000007],[83.66539082900005,28.198446708000063],[83.67192857900005,28.20266827000006],[83.67371914100005,28.204682895000076],[83.67293107900008,28.206761270000072],[83.67150520400008,28.207843145000027],[83.67208964100007,28.21038733200004],[83.67544864100006,28.212640333000024],[83.67661895400005,28.214387208000062],[83.67624864200008,28.218398020000052],[83.67494314100009,28.220818145000067],[83.67477701700005,28.223186833000057],[83.67302145400004,28.225396083000078],[83.67118870400003,28.226264832000027],[83.67061070300008,28.22916727000006],[83.66918014200007,28.230937270000027],[83.66728701600005,28.23121470700005],[83.66517107900006,28.230212270000038],[83.66260082900004,28.230205958000056],[83.66163014100005,28.23123464500003],[83.66122345400004,28.23436758300005],[83.66000845400004,28.236695333000057],[83.65856814100005,28.237436270000046],[83.65471207800005,28.237521395000044],[83.65212451600007,28.23691914500006],[83.65064295400003,28.23741177000005],[83.64586670400007,28.240492833000076],[83.64168832900003,28.243767020000064],[83.63734320400005,28.246370583000044],[83.63381070300005,28.246072395000056],[83.63228564100007,28.24664139500004],[83.63195664100004,28.250076707000062],[83.63037851700005,28.25059145700004],[83.62565495400008,28.25021758300005],[83.62252226700008,28.251574020000078],[83.61978782800009,28.25336920700005],[83.61809920400003,28.257608520000076],[83.61545007800004,28.25862989500007],[83.61243039200008,28.25869808300007],[83.61106664100004,28.261710833000052],[83.61247695400004,28.264404270000057],[83.61274951600006,28.266724520000025],[83.61164489100008,28.26766445800007],[83.60802276600003,28.26871002000007],[83.60727032900007,28.27104083300003],[83.60792132800003,28.274736208000036],[83.60710932800004,28.279140332000054],[83.60884951600008,28.281600083000058],[83.60981095400007,28.284168271000055],[83.60801807900003,28.285916145000044],[83.60463195400007,28.286459207000064],[83.60300007900008,28.287981958000046],[83.60222589100005,28.291048145000047],[83.60249489200004,28.29282233200007],[83.60435114100005,28.29709427000006],[83.60363670400005,28.298303833000034]]]}},{"type":"Feature","properties":{"STATE_CODE":4,"DISTRICT":"BAGLUNG","GaPa_NaPa":"Bareng","Type_GN":"Gaunpalika","Province":"Gandaki","provinceId":"4","provinceCode":"4","provinceName":"Gandaki","districtId":"411","districtName":"Baglung","municipalityId":"41109","municipalityCode":"41109","municipalityName":"Bareng Rural Municipality","municipalityNameNe":"बरेङ गाउँपालिका","municipalityType":"rural_municipality"},"geometry":{"type":"Polygon","coordinates":[[[83.51302057900006,28.178244895000034],[83.51343839100008,28.176168333000078],[83.51161507900008,28.174505770000053],[83.50683214100007,28.173685395000064],[83.50211526700008,28.176138895000065],[83.49855557900008,28.175762708000036],[83.49648920400006,28.176319145000036],[83.49474870400007,28.175376395000058],[83.49175726600004,28.176148270000056],[83.48421164100006,28.176386207000064],[83.48007645400008,28.177616082000043],[83.47858251600007,28.17850614500003],[83.47530432900004,28.178509458000065],[83.47086764100004,28.175001895000037],[83.46674826600008,28.17411277000008],[83.46336901600006,28.173792708000065],[83.46125957800007,28.17312789500005],[83.45758576600008,28.173607520000076],[83.45448089100006,28.17442545800003],[83.45003714100005,28.17333370700004],[83.44808882800004,28.174280270000054],[83.44616670400006,28.17731164500003],[83.44389339100007,28.178426082000044],[83.44264076600007,28.181218707000028],[83.43971232900003,28.181768582000075],[83.43369920400005,28.18085714500006],[83.43044770300008,28.18145958200006],[83.42776682800007,28.180216520000045],[83.42392670400005,28.180177832000027],[83.42201945300008,28.178870208000035],[83.41833207900004,28.179847332000065],[83.41569326600006,28.17992408200007],[83.41186364100008,28.178553957000076],[83.40772157900005,28.177868270000033],[83.40812239200005,28.175884520000068],[83.40771095300005,28.17388820700006],[83.40358014100008,28.171683957000027],[83.39980820300008,28.170843957000045],[83.39737332800007,28.169486333000066],[83.39193564200008,28.167357207000066],[83.39314801600005,28.164239958000053],[83.39576582800004,28.160244457000033],[83.39678707900003,28.155749958000058],[83.40056839100004,28.15247914500003],[83.40242720400005,28.15032814500006],[83.40609826600007,28.148703770000054],[83.40814014100005,28.148313270000074],[83.40928689200007,28.14536927000006],[83.41325407900007,28.143919770000025],[83.41353220300005,28.140484770000057],[83.41561939100006,28.13763039500003],[83.42053551600003,28.136444207000068],[83.42218532900006,28.13085339500003],[83.42217345300008,28.128026270000078],[83.42571782800007,28.12567208200005],[83.42861426600007,28.125830832000076],[83.43148839100007,28.127212333000045],[83.43323932900006,28.128938832000074],[83.43563407900007,28.129530832000057],[83.43787364100007,28.129219645000035],[83.44076482900005,28.13084920700004],[83.44414495400008,28.12807195700003],[83.44562645400003,28.12574495700005],[83.44725551600004,28.124914458000035],[83.45315589200004,28.126260332000072],[83.45544070300008,28.129236395000078],[83.45816139100003,28.131604958000025],[83.46046026600004,28.13232927000007],[83.46324439100005,28.13012233200004],[83.46462307900003,28.12978477000007],[83.46767139200006,28.13059983200003],[83.46890839100007,28.131958395000026],[83.47350445300003,28.131522645000075],[83.47572089100004,28.13215383200003],[83.48026657800006,28.129962270000078],[83.47964482900005,28.126146895000034],[83.47811645400003,28.121484082000052],[83.47611545400008,28.118931332000045],[83.47985214100004,28.11727595800005],[83.48241426600003,28.117549645000054],[83.48580157900005,28.116213083000048],[83.48768245400004,28.113230583000075],[83.49108382800006,28.11327033200007],[83.49498445400008,28.115035582000075],[83.49656476600006,28.11620339500007],[83.50109864200004,28.117066082000065],[83.50237257900005,28.119378895000068],[83.50666176600004,28.123209770000074],[83.50783607900007,28.12579514500004],[83.51236814100008,28.126826707000077],[83.51461764200008,28.125225957000055],[83.51774870300005,28.122116520000077],[83.52177570300006,28.12016995700003],[83.52345464100006,28.119853145000036],[83.52678251600008,28.120724332000066],[83.53159001600005,28.118331082000054],[83.53426432900005,28.116460707000044],[83.53960395400009,28.11973233200007],[83.54632057900005,28.120709082000076],[83.55115801600004,28.119344270000056],[83.55305051600004,28.118053020000048],[83.55598732800007,28.117234457000052],[83.55657445400004,28.11563670700008],[83.55765964200003,28.116226832000052],[83.55743039200007,28.119452583000054],[83.55786214200003,28.121773458000064],[83.55700057800004,28.123097332000043],[83.55737076600008,28.125149520000036],[83.55556914100003,28.12668020800004],[83.54973439200006,28.12992827000005],[83.54604314200003,28.13076439500003],[83.54390664100004,28.130416645000025],[83.53805220400005,28.132842895000067],[83.53702551600009,28.133570457000076],[83.53517626600006,28.137050145000046],[83.53579951600005,28.139432645000056],[83.53375039200006,28.143159833000027],[83.53139951600008,28.144510082000068],[83.53460976700006,28.147169895000047],[83.53751064100004,28.14856277000007],[83.53714057900004,28.151212645000044],[83.53827889100006,28.15278239500003],[83.53722382900008,28.156203832000074],[83.53692595400008,28.161013207000053],[83.53362989100003,28.16240314500004],[83.53135745400004,28.164825395000037],[83.53022720300004,28.167039457000044],[83.52985326600003,28.16994195700005],[83.52510601600005,28.171935957000073],[83.52349420400003,28.17373989500004],[83.52101301600004,28.17348302000005],[83.51551539200005,28.17796720700005],[83.51302057900006,28.178244895000034]]]}},{"type":"Feature","properties":{"STATE_CODE":4,"DISTRICT":"BAGLUNG","GaPa_NaPa":"Dhorpatan","Type_GN":"Nagarpalika","Province":"Gandaki","provinceId":"4","provinceCode":"4","provinceName":"Gandaki","districtId":"411","districtName":"Baglung","municipalityId":"41105","municipalityCode":"41105","municipalityName":"Dhorpatan Urban Municipality","municipalityNameNe":"ढोरपाटन नगरपालिका","municipalityType":"municipality"},"geometry":{"type":"Polygon","coordinates":[[[83.15423057800007,28.465526832000023],[83.15376920400007,28.467416395000043],[83.15265182800005,28.468460770000036],[83.15129382900005,28.472260583000036],[83.14751407800009,28.47276489500007],[83.14295407800006,28.471188521000045],[83.14111495300006,28.471675520000076],[83.13938464100005,28.474058270000057],[83.13633970300003,28.475284333000047],[83.13309664100007,28.477774708000027],[83.13170126600005,28.47710477100003],[83.12774195300005,28.47701852000006],[83.12468607800008,28.478305145000036],[83.11762632800009,28.476779583000052],[83.11333070300003,28.47855645800007],[83.10919045300005,28.476262082000062],[83.10543707900007,28.476882645000046],[83.10049951600007,28.47860533200003],[83.09535701600004,28.480838521000067],[83.09248789100008,28.479488333000063],[83.08990245300004,28.476102770000068],[83.08811745300005,28.475267333000033],[83.08560589100006,28.472416895000038],[83.08446464100007,28.467705333000026],[83.08322364000009,28.466620771000066],[83.07586845300006,28.46546333300006],[83.07345776600005,28.466006458000038],[83.07132295400004,28.46535570700007],[83.06653895300008,28.46540189500007],[83.06330920300007,28.465945958000077],[83.06180595300003,28.465671582000027],[83.05566851600008,28.46704820800005],[83.05084139000007,28.469514332000074],[83.04991232800006,28.470757708000065],[83.04407657800004,28.474276833000033],[83.04076932800007,28.475345520000076],[83.03930382800007,28.47487039500004],[83.03283332800004,28.477890458000047],[83.03053032800005,28.476788895000027],[83.02823001600007,28.476476958000035],[83.02741314000008,28.477389333000076],[83.02534082900007,28.475506521000057],[83.02213539000007,28.47357489500007],[83.02056426600006,28.47200239500006],[83.01295801600008,28.47070883300006],[83.00989907900004,28.469908271000065],[83.00840195300003,28.46744508300003],[83.00666789100006,28.465948396000044],[83.00775857800005,28.465804770000034],[83.01219264100007,28.45922239500004],[83.01748745300006,28.45776945800003],[83.01847857800004,28.452350832000036],[83.01853682800004,28.446456270000056],[83.01939732800008,28.44286633300004],[83.01862476600007,28.44021895800006],[83.01913557800003,28.43776352100008],[83.02205507800005,28.43510889500004],[83.02592351600003,28.43311970800005],[83.02851620300004,28.432402770000067],[83.03076232800004,28.432709833000047],[83.03259782900005,28.432244583000056],[83.03435789100007,28.42958595700003],[83.03484770400007,28.427076145000058],[83.03573776600007,28.42577620800006],[83.03855145300008,28.42479670700004],[83.04251701600003,28.422329458000036],[83.04280782800004,28.417413270000054],[83.04465014100003,28.41668395800008],[83.04557989100005,28.41481570800005],[83.04737982800003,28.41332577000003],[83.05024470400008,28.408921645000078],[83.05404751600008,28.407982583000035],[83.05666114100006,28.405744583000057],[83.05826014100006,28.402098582000065],[83.06297495400008,28.398318333000077],[83.06422314100007,28.395752708000032],[83.06595520300004,28.394374895000055],[83.06802114100003,28.394165645000044],[83.06952607800008,28.391622083000073],[83.07280651600007,28.389300395000078],[83.07804226600007,28.38770027000004],[83.08061701600008,28.385272083000075],[83.08421976500006,28.382920583000043],[83.08619820300004,28.381129083000076],[83.08688045300005,28.379658146000054],[83.09163064100005,28.377591770000038],[83.09443307800007,28.375334020000025],[83.09681145400003,28.37502945700004],[83.09799832800007,28.372690958000078],[83.10005382800006,28.370184520000066],[83.10964751600005,28.365760083000055],[83.11153895300004,28.36590783200006],[83.11264582900003,28.36503739500006],[83.11498870300005,28.36138420800006],[83.11731539100003,28.36013589500004],[83.11960045400008,28.357111708000048],[83.12155545300004,28.355294582000056],[83.12236182800007,28.35063189600004],[83.12185682800003,28.349663020000037],[83.12452132800007,28.34791589500003],[83.12468257800003,28.34321970800005],[83.12427114100007,28.34099258300006],[83.12313901600004,28.339613583000073],[83.12000101600006,28.337531270000056],[83.11905876600008,28.336144458000035],[83.12069707800003,28.333086708000053],[83.12487920400008,28.330819145000078],[83.12717845300006,28.331571645000054],[83.13065476600008,28.330734207000035],[83.13403432900003,28.32873427000004],[83.13605370300007,28.328000270000075],[83.13664314100004,28.326727020000078],[83.13853245300004,28.326145645000054],[83.14039251600008,28.32642583300003],[83.14353645400007,28.32443989500007],[83.14823364100005,28.323456333000024],[83.14996570300008,28.323715270000037],[83.15052751600007,28.32553045800006],[83.15337107800008,28.32598583200007],[83.15569907800005,28.324206582000045],[83.15756451600004,28.323893270000042],[83.15987495300004,28.32165589500005],[83.16034301600007,28.319560582000065],[83.16350801600004,28.317499833000056],[83.16778595300008,28.31344239500004],[83.16829620300007,28.311559395000074],[83.16731820300004,28.31044339600004],[83.16787232900003,28.308445583000037],[83.16993957900007,28.307792645000063],[83.17268164100005,28.30607658200006],[83.17372007900008,28.302707645000055],[83.17362707900008,28.30104883300004],[83.17466976600008,28.299642833000064],[83.17733845300006,28.301170520000028],[83.18119307800004,28.301728395000055],[83.18505070300006,28.30181239500007],[83.18826151600007,28.302481270000044],[83.19014976600005,28.30220595800006],[83.19512407800005,28.305159333000063],[83.19704264100005,28.306738645000053],[83.19769007900004,28.309262583000077],[83.19733357900003,28.311245833000044],[83.19857289100008,28.315034395000055],[83.20225201600005,28.316260833000058],[83.20401995300006,28.31795420800006],[83.20323164100006,28.320411083000067],[83.20542051600006,28.323289145000047],[83.20843782800006,28.324109832000033],[83.20997114100004,28.325325770000063],[83.21208820400005,28.325701208000055],[83.21449932800004,28.326922145000026],[83.21619507900004,28.326304707000077],[83.21862970300003,28.32397227000007],[83.22191745400005,28.318876395000075],[83.22447307900006,28.31761620800006],[83.22664732800007,28.319063457000027],[83.22895970400003,28.319040520000044],[83.23124139100008,28.32041152000005],[83.23542939100008,28.321682707000036],[83.23690632800003,28.321729333000064],[83.23750764100004,28.32476945800005],[83.24013495300005,28.329122708000057],[83.24222445400005,28.330492520000064],[83.24582470400009,28.329943895000042],[83.24976389100004,28.32783352000007],[83.25168351600007,28.327426708000075],[83.25489532800003,28.32827227000007],[83.25614651600006,28.32943652000006],[83.26074464100003,28.33027370700006],[83.26369801600003,28.331494458000066],[83.26667407800005,28.331411208000077],[83.26849045400007,28.33363427000006],[83.27030264100006,28.333522083000048],[83.27393020400007,28.33457933300008],[83.27526882900008,28.333000396000045],[83.27812082800006,28.33397208300005],[83.27924639100007,28.333639645000062],[83.28111857900006,28.335368708000033],[83.28173845300006,28.341826833000027],[83.28525364100005,28.342824458000052],[83.28723539100008,28.34403508300005],[83.28918320400004,28.343325520000064],[83.29274101600004,28.344440520000035],[83.29586264100004,28.347816083000055],[83.29898507800004,28.34843008300004],[83.30176870400004,28.34727339500006],[83.30595545400007,28.348898895000048],[83.30423189100009,28.352678207000054],[83.30426870300005,28.35578739500005],[83.30280576600006,28.356747833000043],[83.30039857900005,28.36000014600006],[83.29774607800005,28.36104464500005],[83.29635689100007,28.362792770000055],[83.29341932900007,28.364099645000067],[83.29131951600004,28.36442045700005],[83.29079132900006,28.366506896000033],[83.28791976600007,28.368416395000054],[83.28550676600008,28.368582020000076],[83.28081389100004,28.367343520000077],[83.27667695400004,28.366322146000073],[83.27387489100005,28.363931582000077],[83.27188026600004,28.363505770000074],[83.26828351600005,28.365022958000054],[83.26479857900006,28.363623458000063],[83.26071239100008,28.36609439500006],[83.25726751600007,28.365998957000045],[83.25549982900003,28.36745808200004],[83.25371507800008,28.367112083000052],[83.24858057800003,28.369019708000053],[83.24575614100007,28.368561895000028],[83.24330682800007,28.369308645000046],[83.23880001600008,28.368958708000036],[83.23531039100004,28.37012139500007],[83.23245851600007,28.371975707000047],[83.22871776600005,28.372392208000065],[83.22770214100007,28.37525633300004],[83.22549370300004,28.379453708000028],[83.22439464100006,28.382723333000058],[83.22454214100009,28.384093645000064],[83.22050951500006,28.385643208000033],[83.21747770300004,28.38828577000004],[83.21386732900004,28.389920957000072],[83.21122020400009,28.392299458000025],[83.20431964100004,28.389172957000028],[83.20513945400006,28.387783458000058],[83.20433107900004,28.385549708000042],[83.20172064000008,28.383233145000077],[83.20048364100006,28.380807396000023],[83.19842695400007,28.379809332000036],[83.19865045400007,28.37706270800004],[83.19783951600004,28.375629832000072],[83.19853070300007,28.374199021000038],[83.19667576600006,28.372850207000056],[83.19581257800007,28.371031208000034],[83.19256195300005,28.372024958000054],[83.19221176600007,28.370475207000027],[83.19016707900005,28.371036145000062],[83.18083495300004,28.36821208300006],[83.17901389100007,28.370091770000045],[83.17718195400005,28.370843395000065],[83.17489701600005,28.367373145000045],[83.17446251600006,28.36551595800006],[83.17289301600005,28.36565758300003],[83.16771501600005,28.37059183200006],[83.16341239100007,28.371765707000066],[83.16382026600007,28.37419577000003],[83.16518164100006,28.376751270000057],[83.16241664000006,28.383211645000074],[83.16318045300005,28.385792707000064],[83.16297845400004,28.388695145000042],[83.16081939100008,28.393230208000034],[83.16025176600004,28.396416833000046],[83.15795207900004,28.397893896000028],[83.15900689100005,28.403418833000046],[83.16058582900007,28.406156208000027],[83.16164570400008,28.410133458000075],[83.16177782800008,28.415715832000046],[83.16297764100005,28.42105664500008],[83.16206307900006,28.42441483300007],[83.15955670400007,28.42834758300006],[83.15935145400005,28.431631208000056],[83.15791982800005,28.435315520000074],[83.15891889100004,28.438200520000066],[83.15817689000005,28.441331895000076],[83.15805907800006,28.444157958000062],[83.15901039100004,28.44833989600005],[83.15728032800007,28.451395207000076],[83.15562632800004,28.45702527000003],[83.15564007800003,28.45962652000003],[83.15341689100006,28.463892521000048],[83.15423057800007,28.465526832000023]]]}},{"type":"Feature","properties":{"STATE_CODE":4,"DISTRICT":"BAGLUNG","GaPa_NaPa":"Galkot","Type_GN":"Nagarpalika","Province":"Gandaki","provinceId":"4","provinceCode":"4","provinceName":"Gandaki","districtId":"411","districtName":"Baglung","municipalityId":"41108","municipalityCode":"41108","municipalityName":"Galkot Urban Municipality","municipalityNameNe":"गल्कोट नगरपालिका","municipalityType":"municipality"},"geometry":{"type":"Polygon","coordinates":[[[83.47094220400004,28.247863082000038],[83.46635914100005,28.248646208000025],[83.46270695400005,28.247663958000032],[83.46001701600005,28.248147520000032],[83.45841657800008,28.246367770000063],[83.45684170300007,28.246596208000028],[83.45070451600003,28.24429964500007],[83.44844070300007,28.248306583000044],[83.44208957900008,28.25457345700005],[83.44082239100004,28.256361957000024],[83.43985632900007,28.25964083300005],[83.43706357900004,28.262819645000036],[83.43461401600007,28.26479727000003],[83.43274432800007,28.264453333000063],[83.42988501600007,28.26067352000007],[83.42960401600004,28.25488064500007],[83.42388789100005,28.25521539500005],[83.42171926700007,28.256241895000073],[83.41652726600006,28.256871833000048],[83.41425257900005,28.25595514500003],[83.40868170300007,28.25944858200006],[83.40797851700006,28.262635833000047],[83.40572945400004,28.264449083000045],[83.40221495400004,28.266435020000074],[83.40097576600004,28.269852270000058],[83.39866139100008,28.271378583000057],[83.39503720400006,28.272066521000056],[83.39349232800004,28.271913020000056],[83.38969351700007,28.27010014500007],[83.38542570300007,28.271091770000055],[83.38102676600005,28.269831020000026],[83.37937345300008,28.26822839500005],[83.37466382900004,28.271717583000054],[83.37466832900003,28.272805083000037],[83.37124745400007,28.27427170800007],[83.36950357900008,28.27577983200007],[83.36714664100003,28.279340520000062],[83.36558295400005,28.280312458000026],[83.36540514100005,28.284835333000046],[83.36443382800007,28.286425895000036],[83.36452182800008,28.290435583000033],[83.36115270400006,28.29287908300006],[83.36048457900006,28.294631270000025],[83.35861995400006,28.29573933300003],[83.35432757900008,28.29662614500006],[83.35206739100005,28.296732707000047],[83.35083632800007,28.300370645000044],[83.34853814100006,28.30174045800004],[83.34638357900008,28.310098270000026],[83.34686945400006,28.312402020000036],[83.34662970400007,28.315864083000065],[83.34396639100004,28.318707645000075],[83.34093189100008,28.323575395000034],[83.33804007800006,28.325783708000074],[83.33760114100005,28.329646395000054],[83.33517876600007,28.332148020000034],[83.33440414100005,28.333689708000065],[83.33073089100003,28.33677620800006],[83.32723270400004,28.336677833000067],[83.32429107900003,28.338292207000052],[83.32048251600008,28.33872677100004],[83.31911339100003,28.337885208000046],[83.31842864100008,28.336092645000065],[83.31787220400008,28.331789583000045],[83.31667526600006,28.329744020000078],[83.31520264100004,28.328712333000055],[83.31234764100003,28.325094895000063],[83.31279632900004,28.324124708000056],[83.31103520400006,28.319696020000038],[83.31151726600007,28.315468145000068],[83.31031289100008,28.315166520000048],[83.30465720300003,28.312475520000078],[83.30310607800004,28.312244270000065],[83.30018714100004,28.30991220800007],[83.29757332900004,28.308691770000053],[83.29723320400007,28.30585177000006],[83.29628676600004,28.303083083000047],[83.29695689100004,28.299260020000077],[83.29651045300005,28.297567770000057],[83.29480689100006,28.296169270000064],[83.29323357800007,28.297259895000025],[83.28790076600006,28.297678895000047],[83.28622532800006,28.296203582000032],[83.28936820300004,28.292634958000065],[83.28919114100006,28.29050877000003],[83.29113101600007,28.287759520000066],[83.29108570300008,28.28536777000005],[83.29421164100006,28.286270582000043],[83.29491357800003,28.28549808300005],[83.29361051600006,28.282400395000025],[83.29319326600006,28.277843020000034],[83.29259251600007,28.276477207000028],[83.29421439100008,28.274741583000036],[83.29626945300004,28.27155739600005],[83.29981601600008,28.270497145000036],[83.30256657800004,28.270687208000027],[83.30591532800008,28.26985595700006],[83.31029057800004,28.270681208000042],[83.31364251600007,28.272234645000026],[83.31490557900008,28.27135202000005],[83.31654207900004,28.26869795700003],[83.31916476600009,28.26754683300004],[83.32218289100007,28.26462427000007],[83.32381101600004,28.262448333000066],[83.32642832800008,28.256446270000026],[83.32436170400007,28.25523133200005],[83.32129026600006,28.25109845700007],[83.32537332900006,28.247441082000023],[83.32681545400004,28.244659520000027],[83.33047532800003,28.243220020000024],[83.33328582800004,28.244111333000035],[83.33488832800003,28.242077332000065],[83.33447132800006,28.23973339500003],[83.33558051700004,28.236713208000026],[83.33461651600004,28.23384089500007],[83.33667982900005,28.22946708300003],[83.33723332800008,28.22745045700003],[83.33922720300006,28.224741395000024],[83.33862701600003,28.222820770000055],[83.33458976600008,28.21561733300007],[83.33222382900004,28.215235833000065],[83.32927882800004,28.213105083000073],[83.32751070300003,28.21271283300007],[83.32521001600009,28.21345958300003],[83.31973226600007,28.213168520000067],[83.31811057800007,28.213577832000055],[83.31545007800008,28.212625957000057],[83.31124751600004,28.211797145000048],[83.30728882800008,28.21323920800006],[83.30330557800005,28.212616583000056],[83.30115526600008,28.210491520000062],[83.29778195400007,28.20932358300007],[83.29578107900005,28.20809495800006],[83.29331939100007,28.20735127000006],[83.29081176600005,28.204371395000067],[83.29051045300008,28.20227383300005],[83.28946076600005,28.201280145000055],[83.28961589100004,28.19644139500008],[83.28704282900009,28.193309958000043],[83.28532501600006,28.192116458000044],[83.28386332800005,28.190001582000036],[83.28640870300006,28.190287832000024],[83.28947245400008,28.192478770000037],[83.29257132900005,28.192833208000025],[83.29942607900006,28.192683395000074],[83.30352389100005,28.19560589500003],[83.30829495400008,28.197723833000055],[83.30984845400008,28.197481208000056],[83.31149376600007,28.19603420800007],[83.31266526600007,28.193996020000043],[83.31602776600005,28.19286445800003],[83.31851482900004,28.190221270000052],[83.32060032800007,28.190651270000046],[83.32303595400003,28.189785707000055],[83.32699276600005,28.190337707000026],[83.32938745300004,28.189031833000058],[83.33287407800003,28.18893152000004],[83.33799051600005,28.190120582000077],[83.34016476600004,28.189900958000067],[83.34317189100005,28.19117664500004],[83.34707845400004,28.19348539500004],[83.34964026600005,28.193305770000052],[83.35036732900005,28.19435839500005],[83.35247582800008,28.194445082000072],[83.35474332800004,28.197646083000052],[83.35753370300006,28.197316270000044],[83.35746082800006,28.195980270000064],[83.36043495300004,28.194730708000066],[83.36466470300007,28.19201133300004],[83.36519026600007,28.189581583000063],[83.36641007900005,28.18849295700005],[83.36621045300006,28.186244895000073],[83.37116495300006,28.18332552000004],[83.37236464100005,28.181323020000036],[83.37196426600008,28.177760832000047],[83.37261707900007,28.176243145000058],[83.37486251600006,28.175876582000058],[83.37814089100004,28.173511207000047],[83.38014314100008,28.170706770000038],[83.38641207900008,28.16363908200003],[83.39193564200008,28.167357207000066],[83.39737332800007,28.169486333000066],[83.39980820300008,28.170843957000045],[83.40358014100008,28.171683957000027],[83.40771095300005,28.17388820700006],[83.40812239200005,28.175884520000068],[83.40772157900005,28.177868270000033],[83.41186364100008,28.178553957000076],[83.41569326600006,28.17992408200007],[83.41833207900004,28.179847332000065],[83.42201945300008,28.178870208000035],[83.42392670400005,28.180177832000027],[83.42776682800007,28.180216520000045],[83.43044770300008,28.18145958200006],[83.43369920400005,28.18085714500006],[83.43971232900003,28.181768582000075],[83.44264076600007,28.181218707000028],[83.44389339100007,28.178426082000044],[83.44616670400006,28.17731164500003],[83.44808882800004,28.174280270000054],[83.45003714100005,28.17333370700004],[83.45448089100006,28.17442545800003],[83.45758576600008,28.173607520000076],[83.46125957800007,28.17312789500005],[83.46336901600006,28.173792708000065],[83.46674826600008,28.17411277000008],[83.47086764100004,28.175001895000037],[83.47530432900004,28.178509458000065],[83.47858251600007,28.17850614500003],[83.48007645400008,28.177616082000043],[83.48421164100006,28.176386207000064],[83.49175726600004,28.176148270000056],[83.49474870400007,28.175376395000058],[83.49648920400006,28.176319145000036],[83.49855557900008,28.175762708000036],[83.50211526700008,28.176138895000065],[83.50683214100007,28.173685395000064],[83.51161507900008,28.174505770000053],[83.51343839100008,28.176168333000078],[83.51302057900006,28.178244895000034],[83.51175851600004,28.178946583000027],[83.51092595400007,28.182145270000035],[83.51175801700003,28.18900952000007],[83.51426945400004,28.192292270000053],[83.51568076600006,28.19650752000007],[83.51463201600006,28.199703082000042],[83.51582289200007,28.202480270000024],[83.51486170300007,28.203972770000064],[83.50928270300005,28.205031332000033],[83.50550751700007,28.20756058300003],[83.50299407900008,28.210265708000065],[83.49901007900007,28.21127327000005],[83.49776145300007,28.21294958200008],[83.49777795400007,28.215961770000035],[83.49700351600006,28.217454770000074],[83.49635045400004,28.22078033300005],[83.49420014200007,28.222539083000072],[83.49410595300003,28.224406895000072],[83.48935332800005,28.226677083000027],[83.48673251600007,28.227017020000062],[83.48538695400003,28.228045270000052],[83.48500164100005,28.232003520000035],[83.48229370300004,28.236262083000042],[83.48108789100007,28.240359332000025],[83.47975701600006,28.242962521000038],[83.47724145400008,28.244557083000075],[83.47193045400007,28.24651764500004],[83.47094220400004,28.247863082000038]]]}},{"type":"Feature","properties":{"STATE_CODE":4,"DISTRICT":"BAGLUNG","GaPa_NaPa":"Jaimuni","Type_GN":"Nagarpalika","Province":"Gandaki","provinceId":"4","provinceCode":"4","provinceName":"Gandaki","districtId":"411","districtName":"Baglung","municipalityId":"41110","municipalityCode":"41110","municipalityName":"Jaimuni Urban Municipality","municipalityNameNe":"जैमुनी नगरपालिका","municipalityType":"municipality"},"geometry":{"type":"Polygon","coordinates":[[[83.64952326700006,28.183923957000047],[83.64428064100008,28.183881083000074],[83.64094132900004,28.186500957000078],[83.63840489200004,28.18801952000007],[83.63505589100004,28.189283145000047],[83.63200614200008,28.194130520000044],[83.62949595400005,28.19478708200006],[83.62852289200003,28.196311958000024],[83.62860995400007,28.199586020000027],[83.62610989100006,28.202022770000042],[83.62389039200008,28.203063583000073],[83.62148889100007,28.20315183300005],[83.61894864100003,28.200258895000047],[83.61733289200004,28.19723102000006],[83.61356701600005,28.19706245800006],[83.61187614200009,28.199550895000073],[83.60964826600008,28.200404207000076],[83.61082964100007,28.202812707000078],[83.60916020300004,28.204441520000046],[83.61542226700004,28.205018832000064],[83.61710995400006,28.206902957000068],[83.61383739200005,28.211025083000038],[83.61331607800008,28.213081270000032],[83.61390376600008,28.216210145000048],[83.61332932800008,28.217803708000076],[83.61545664100004,28.219314645000054],[83.61302676600008,28.220550957000057],[83.61079989100006,28.21961058200003],[83.60880907900008,28.21779308300006],[83.60752995400009,28.21753902000006],[83.60555901600003,28.21578020800007],[83.60307651600004,28.214796082000078],[83.60299476600005,28.21288252000005],[83.60146770300008,28.20876045800003],[83.59972076600008,28.20668402000007],[83.59740926700005,28.206600520000052],[83.59479964100007,28.208995770000058],[83.59122789100007,28.20875502000007],[83.58808826600006,28.205848520000075],[83.58239382800008,28.20555152000003],[83.57681232900006,28.204480707000073],[83.57348732900005,28.20341220800003],[83.57019951600006,28.20427058200005],[83.56745057900008,28.204205458000047],[83.56408414100008,28.20307795800005],[83.56057101700003,28.202653833000056],[83.55676195300003,28.200355957000056],[83.55215120400004,28.19916770800006],[83.55010720300004,28.200945708000063],[83.54984389100008,28.20368839500003],[83.54853564200005,28.20778602000007],[83.54748870400005,28.215205645000026],[83.54392926600008,28.214893708000034],[83.53830314100009,28.209969770000043],[83.53429426600007,28.209148458000072],[83.53075414100005,28.206000145000075],[83.52890182900006,28.206348020000064],[83.52195557900006,28.202368707000062],[83.51798814100005,28.203268583000067],[83.51582289200007,28.202480270000024],[83.51463201600006,28.199703082000042],[83.51568076600006,28.19650752000007],[83.51426945400004,28.192292270000053],[83.51175801700003,28.18900952000007],[83.51092595400007,28.182145270000035],[83.51175851600004,28.178946583000027],[83.51302057900006,28.178244895000034],[83.51551539200005,28.17796720700005],[83.52101301600004,28.17348302000005],[83.52349420400003,28.17373989500004],[83.52510601600005,28.171935957000073],[83.52985326600003,28.16994195700005],[83.53022720300004,28.167039457000044],[83.53135745400004,28.164825395000037],[83.53362989100003,28.16240314500004],[83.53692595400008,28.161013207000053],[83.53722382900008,28.156203832000074],[83.53827889100006,28.15278239500003],[83.53714057900004,28.151212645000044],[83.53751064100004,28.14856277000007],[83.53460976700006,28.147169895000047],[83.53139951600008,28.144510082000068],[83.53375039200006,28.143159833000027],[83.53579951600005,28.139432645000056],[83.53517626600006,28.137050145000046],[83.53702551600009,28.133570457000076],[83.53805220400005,28.132842895000067],[83.54390664100004,28.130416645000025],[83.54604314200003,28.13076439500003],[83.54973439200006,28.12992827000005],[83.55556914100003,28.12668020800004],[83.55737076600008,28.125149520000036],[83.55700057800004,28.123097332000043],[83.55786214200003,28.121773458000064],[83.55743039200007,28.119452583000054],[83.55765964200003,28.116226832000052],[83.55657445400004,28.11563670700008],[83.55618276700005,28.113491957000065],[83.55714789100006,28.106624645000068],[83.56238264200005,28.10434902000003],[83.56706845300005,28.100591395000038],[83.56724551600007,28.09910277000006],[83.56590320300006,28.097537208000062],[83.56422789100003,28.094339207000075],[83.56486614100004,28.092380520000063],[83.56626339100006,28.09110114500004],[83.56918857900007,28.08955577000006],[83.57132264200004,28.088993833000075],[83.57466964100007,28.088907207000034],[83.57766807900003,28.086885833000053],[83.57774226600003,28.083043582000073],[83.57870326700004,28.081108332000042],[83.58270476600006,28.077262270000062],[83.58333339200004,28.081154083000058],[83.58686907900005,28.08006370700008],[83.59012714100004,28.079983207000055],[83.59187264100007,28.081597145000046],[83.59187732900006,28.083548895000035],[83.59415720400006,28.08684983200004],[83.59689264100007,28.089815895000072],[83.59881939100006,28.092463708000025],[83.60233732800003,28.094773082000074],[83.60355645400006,28.097466145000055],[83.60335407900004,28.101892458000066],[83.60377645400007,28.103561083000045],[83.60657589100003,28.10782677000003],[83.60680982900004,28.11041089500003],[83.61111214200008,28.11208152000006],[83.61672039100006,28.11637077000006],[83.62055045400007,28.118017208000026],[83.62374289100006,28.120645645000025],[83.62793539100005,28.12198145700006],[83.63166457900007,28.122262332000048],[83.63387739100006,28.126345395000044],[83.63536401700009,28.127676020000024],[83.63481570400006,28.131194395000023],[83.63704832900004,28.132969270000046],[83.63923132900004,28.135416332000034],[83.64098351700005,28.13590602000005],[83.64079457900004,28.137703832000057],[83.63904395400004,28.13929895700005],[83.63864276600003,28.140904332000048],[83.63984245400007,28.14535239500003],[83.63919739200009,28.14783714500004],[83.63639407900007,28.149673145000065],[83.63588982800007,28.150856332000046],[83.64021120400008,28.154121333000035],[83.63984982900007,28.156263833000025],[83.63853895400007,28.159028895000063],[83.64052732900007,28.16237339500003],[83.64481670400005,28.16508314500004],[83.64593264200005,28.167671707000068],[83.64346426700007,28.170501458000047],[83.64178514100007,28.173908582000024],[83.64179670400006,28.175113457000066],[83.64709932900007,28.177498582000055],[83.64896239200004,28.18070277000004],[83.64952326700006,28.183923957000047]]]}},{"type":"Feature","properties":{"STATE_CODE":4,"DISTRICT":"BAGLUNG","GaPa_NaPa":"Kanthekhola","Type_GN":"Gaunpalika","Province":"Gandaki","provinceId":"4","provinceCode":"4","provinceName":"Gandaki","districtId":"411","districtName":"Baglung","municipalityId":"41102","municipalityCode":"41102","municipalityName":"Kathekhola Rural Municipality","municipalityNameNe":"काठेखोला गाउँपालिका","municipalityType":"rural_municipality"},"geometry":{"type":"Polygon","coordinates":[[[83.53725114100007,28.30305420700006],[83.53409676600006,28.306608208000057],[83.53408464100005,28.30960452000005],[83.53326976600005,28.312153520000038],[83.52908807900008,28.314918895000062],[83.52751495400008,28.314917895000065],[83.52515032900004,28.315947583000025],[83.52320176600006,28.315369958000076],[83.51858964100006,28.316037395000023],[83.51433514100006,28.315902707000077],[83.51176570400008,28.316597520000073],[83.50920001600008,28.318925771000067],[83.50544314200005,28.32059533300003],[83.50477070400007,28.322005270000034],[83.50221901600008,28.322302832000048],[83.49999989200006,28.324228333000065],[83.49686189200008,28.32403627000008],[83.49431039200005,28.322564833000058],[83.49025901700008,28.32122533200004],[83.48811520400005,28.320116271000074],[83.48584370400005,28.320037832000025],[83.48344114100007,28.317154333000076],[83.48093264100004,28.315357895000034],[83.48211020400004,28.314193645000046],[83.48251501700008,28.31153964500004],[83.48379939100005,28.310281020000048],[83.48351614100005,28.304860520000034],[83.48250770400006,28.303047270000036],[83.48286751600006,28.29789308200003],[83.48089564100007,28.296917708000024],[83.47898732900006,28.295141645000058],[83.47896301600008,28.291362333000052],[83.47606776600009,28.286899708000078],[83.47529407800005,28.28301158200003],[83.47396476700004,28.28127589500008],[83.47165045400004,28.27946202000004],[83.46909914100007,28.27579927000005],[83.46785501600004,28.27311177000007],[83.46776789100005,28.270708583000044],[83.46697401600005,28.267887458000075],[83.46806420400003,28.26485933300006],[83.46915620300007,28.26409645800004],[83.46894051700008,28.261523520000026],[83.47020026600006,28.259619645000043],[83.46916726700005,28.256075645000067],[83.47037864100008,28.25169420800006],[83.47094220400004,28.247863082000038],[83.47193045400007,28.24651764500004],[83.47724145400008,28.244557083000075],[83.47975701600006,28.242962521000038],[83.48108789100007,28.240359332000025],[83.48229370300004,28.236262083000042],[83.48500164100005,28.232003520000035],[83.48538695400003,28.228045270000052],[83.48673251600007,28.227017020000062],[83.48935332800005,28.226677083000027],[83.49410595300003,28.224406895000072],[83.49420014200007,28.222539083000072],[83.49635045400004,28.22078033300005],[83.49700351600006,28.217454770000074],[83.49777795400007,28.215961770000035],[83.49776145300007,28.21294958200008],[83.49901007900007,28.21127327000005],[83.50299407900008,28.210265708000065],[83.50550751700007,28.20756058300003],[83.50928270300005,28.205031332000033],[83.51486170300007,28.203972770000064],[83.51582289200007,28.202480270000024],[83.51798814100005,28.203268583000067],[83.52195557900006,28.202368707000062],[83.52890182900006,28.206348020000064],[83.53075414100005,28.206000145000075],[83.53429426600007,28.209148458000072],[83.53830314100009,28.209969770000043],[83.54392926600008,28.214893708000034],[83.54748870400005,28.215205645000026],[83.55139220300003,28.213803833000043],[83.55481007900005,28.214627208000024],[83.55757826600006,28.216486332000045],[83.55989382900003,28.220130895000068],[83.56200757800008,28.221541083000034],[83.56097351600005,28.224211395000054],[83.56135701600004,28.229481020000037],[83.56054695400007,28.231795583000064],[83.55911101600003,28.23333420700004],[83.55762089100006,28.237052207000033],[83.55482982900008,28.24034183200007],[83.55427526600005,28.24188102000005],[83.55127695400006,28.24486077000006],[83.54894276600004,28.246209083000053],[83.54793795300003,28.24769939500004],[83.54400139100005,28.248631645000046],[83.54021032900005,28.24822189500003],[83.53804576700009,28.249694645000034],[83.53728320400006,28.25125339500005],[83.54276701600008,28.25464045700005],[83.54619376700003,28.257350332000044],[83.54921382900005,28.257646832000034],[83.55253620400003,28.259004770000047],[83.55341314100008,28.26130445800004],[83.55474539100004,28.262504645000035],[83.55771226600007,28.26222327000005],[83.55967201600004,28.263066583000068],[83.56279070400007,28.262582520000024],[83.56454001700007,28.264120083000023],[83.56491657800007,28.26983183200008],[83.56586720400009,28.272348270000066],[83.56439007900008,28.273645458000033],[83.56367195300004,28.27701620700003],[83.56411539200008,28.279303208000044],[83.56228595400006,28.28068945800004],[83.55920207900004,28.276780770000073],[83.55895476600006,28.273560333000034],[83.55784251600005,28.27233833300005],[83.55079770400005,28.272046895000074],[83.55201045400008,28.274503395000067],[83.55170445400006,28.275452270000073],[83.54554382900005,28.279294582000034],[83.54432770400007,28.280872146000036],[83.54109895400006,28.281326083000067],[83.53982332900006,28.283086208000043],[83.53783945400005,28.283499207000034],[83.53902132800005,28.289461895000045],[83.54034089100008,28.29239489500003],[83.54087807900004,28.296119520000047],[83.54193001700008,28.300357958000063],[83.53751132800005,28.300737895000054],[83.53725114100007,28.30305420700006]]]}},{"type":"Feature","properties":{"STATE_CODE":4,"DISTRICT":"BAGLUNG","GaPa_NaPa":"Nisikhola","Type_GN":"Gaunpalika","Province":"Gandaki","provinceId":"4","provinceCode":"4","provinceName":"Gandaki","districtId":"411","districtName":"Baglung","municipalityId":"41106","municipalityCode":"41106","municipalityName":"Nisikhola Rural Municipality","municipalityNameNe":"निसीखोला गाउँपालिका","municipalityType":"rural_municipality"},"geometry":{"type":"Polygon","coordinates":[[[82.91375657800006,28.478261583000062],[82.90847114100006,28.47561808200004],[82.90590139000005,28.475331208000057],[82.90245926600005,28.475601270000027],[82.89969295300006,28.47636177000004],[82.89569126500004,28.47847702000007],[82.89344495300008,28.478937020000046],[82.89078232800006,28.478759645000025],[82.88872232800009,28.479527895000047],[82.88496257800006,28.47839620800005],[82.88124782700004,28.476209020000056],[82.88066814100006,28.47325339400004],[82.88236226500004,28.47054664500007],[82.88254889000007,28.467947020000054],[82.88476201500004,28.466072458000042],[82.88480651400005,28.461136707000037],[82.88731795300004,28.457389771000067],[82.88856239100005,28.45651339500006],[82.88828682800005,28.45231952000006],[82.89092970300004,28.450376082000048],[82.89209351600005,28.450241206000044],[82.89597707800004,28.44757233200005],[82.90100263900007,28.447807020000027],[82.90260570200007,28.44722220700004],[82.90418757800006,28.445621833000075],[82.90800776600008,28.442893456000036],[82.90960307800003,28.439630582000063],[82.91229601500004,28.436308707000023],[82.91618845200009,28.43419433200006],[82.91525226500005,28.43171201900003],[82.91529595200006,28.42964820800006],[82.91420114100004,28.427545833000067],[82.91610089000005,28.423100832000046],[82.91741720300007,28.421899832000065],[82.92014689000007,28.418066019000037],[82.92054595200005,28.416523832000053],[82.92025420300007,28.412390771000048],[82.92115089000004,28.409022832000062],[82.92025026500005,28.406082894000065],[82.91786013900008,28.40330933100006],[82.91979082800003,28.401756771000066],[82.92465001600004,28.401113896000027],[82.92934276400007,28.402075831000047],[82.93149457700008,28.401197081000078],[82.93513451500007,28.401144332000058],[82.93784964000008,28.40197545700005],[82.93968213900007,28.40093845800004],[82.94030057800006,28.39836914400007],[82.94377595200007,28.39875708200003],[82.94557070300004,28.398292707000053],[82.94408107700008,28.394619645000034],[82.94460601500003,28.39323402000008],[82.94784870300003,28.391461019000076],[82.94921189100006,28.387112896000076],[82.95228870400007,28.38405483200006],[82.95017282900005,28.380503332000046],[82.95007076500008,28.378266833000055],[82.95117501600004,28.375938081000072],[82.95305226500005,28.373849894000045],[82.95666220200008,28.37214270800007],[82.95831332800003,28.366808520000063],[82.95868232800007,28.36428683200006],[82.95774670300005,28.36136483200005],[82.95669445300007,28.36000770700008],[82.95924626500005,28.359357145000047],[82.96323539100007,28.35961089500006],[82.96932920400008,28.35750258300004],[82.97385914000006,28.358700833000057],[82.97934589100004,28.359441395000033],[82.98203457900007,28.359265208000068],[82.98489314000005,28.35678233300007],[82.99095389100006,28.353021333000072],[82.99545339100007,28.35126327000006],[82.99911564100006,28.345792146000065],[82.99972201500003,28.34306902000003],[83.00085676600008,28.342123082000057],[83.00115932800009,28.34020758300005],[83.00304732800004,28.33621464500004],[83.00532220300005,28.332998270000076],[83.00861976600004,28.332437957000025],[83.01224939100007,28.333554020000065],[83.01559876600004,28.332339583000078],[83.01759045300008,28.330237708000027],[83.01791470300003,28.328419520000068],[83.02019882800005,28.325629208000066],[83.02601601600009,28.32500308300007],[83.03141770300005,28.323523270000067],[83.03576514100007,28.321555145000048],[83.04202307900005,28.322111333000066],[83.04545826600008,28.324490832000038],[83.04672351600004,28.32446127000003],[83.04993882900004,28.32216214500005],[83.05186464000008,28.31962164600003],[83.05322920400005,28.31884602100007],[83.06061464000004,28.31740577000005],[83.06316976600004,28.317608333000067],[83.06639695300004,28.314465145000042],[83.06887157900007,28.31318027100008],[83.07080251600007,28.311196708000068],[83.07108082800005,28.30913433300003],[83.07073957800003,28.30329777000003],[83.07230082800004,28.300856020000026],[83.07697039100003,28.298295395000025],[83.07805364100005,28.297310020000054],[83.08045451600003,28.293199770000058],[83.08109757800008,28.29118939500006],[83.08298351600007,28.291077957000027],[83.08677839100005,28.28927145800003],[83.08930926600004,28.28566052000008],[83.09172082800006,28.280999645000065],[83.09517276600008,28.277381208000065],[83.09796345400008,28.277798958000062],[83.09937564100005,28.275723645000028],[83.09919045300006,28.272669895000035],[83.09980382900005,28.271938457000033],[83.10511432800007,28.27531689500006],[83.10917945300008,28.276602395000054],[83.11209857900008,28.278834645000074],[83.11519276600006,28.279671458000053],[83.11839870300008,28.28260933300004],[83.12298739100004,28.28479120800006],[83.12601795400008,28.285334083000066],[83.12768495400007,28.28618627000003],[83.13434551500006,28.29184639500005],[83.13723907800005,28.29345077100004],[83.13922782900005,28.29350389500007],[83.14099232800004,28.294622770000046],[83.14612476500008,28.29475420800003],[83.14846014100004,28.296585020000066],[83.15022982900007,28.297189395000032],[83.15203376500006,28.298689645000024],[83.15475976600004,28.299949707000053],[83.15827432900005,28.29701364500005],[83.16488120300005,28.29066252100006],[83.16621239100004,28.290212645000054],[83.17032107900008,28.29320002000003],[83.17239720300006,28.293632270000046],[83.17282989100005,28.29609858300006],[83.17466976600008,28.299642833000064],[83.17362707900008,28.30104883300004],[83.17372007900008,28.302707645000055],[83.17268164100005,28.30607658200006],[83.16993957900007,28.307792645000063],[83.16787232900003,28.308445583000037],[83.16731820300004,28.31044339600004],[83.16829620300007,28.311559395000074],[83.16778595300008,28.31344239500004],[83.16350801600004,28.317499833000056],[83.16034301600007,28.319560582000065],[83.15987495300004,28.32165589500005],[83.15756451600004,28.323893270000042],[83.15569907800005,28.324206582000045],[83.15337107800008,28.32598583200007],[83.15052751600007,28.32553045800006],[83.14996570300008,28.323715270000037],[83.14823364100005,28.323456333000024],[83.14353645400007,28.32443989500007],[83.14039251600008,28.32642583300003],[83.13853245300004,28.326145645000054],[83.13664314100004,28.326727020000078],[83.13605370300007,28.328000270000075],[83.13403432900003,28.32873427000004],[83.13065476600008,28.330734207000035],[83.12717845300006,28.331571645000054],[83.12487920400008,28.330819145000078],[83.12069707800003,28.333086708000053],[83.11905876600008,28.336144458000035],[83.12000101600006,28.337531270000056],[83.12313901600004,28.339613583000073],[83.12427114100007,28.34099258300006],[83.12468257800003,28.34321970800005],[83.12452132800007,28.34791589500003],[83.12185682800003,28.349663020000037],[83.12236182800007,28.35063189600004],[83.12155545300004,28.355294582000056],[83.11960045400008,28.357111708000048],[83.11731539100003,28.36013589500004],[83.11498870300005,28.36138420800006],[83.11264582900003,28.36503739500006],[83.11153895300004,28.36590783200006],[83.10964751600005,28.365760083000055],[83.10005382800006,28.370184520000066],[83.09799832800007,28.372690958000078],[83.09681145400003,28.37502945700004],[83.09443307800007,28.375334020000025],[83.09163064100005,28.377591770000038],[83.08688045300005,28.379658146000054],[83.08619820300004,28.381129083000076],[83.08421976500006,28.382920583000043],[83.08061701600008,28.385272083000075],[83.07804226600007,28.38770027000004],[83.07280651600007,28.389300395000078],[83.06952607800008,28.391622083000073],[83.06802114100003,28.394165645000044],[83.06595520300004,28.394374895000055],[83.06422314100007,28.395752708000032],[83.06297495400008,28.398318333000077],[83.05826014100006,28.402098582000065],[83.05666114100006,28.405744583000057],[83.05404751600008,28.407982583000035],[83.05024470400008,28.408921645000078],[83.04737982800003,28.41332577000003],[83.04557989100005,28.41481570800005],[83.04465014100003,28.41668395800008],[83.04280782800004,28.417413270000054],[83.04251701600003,28.422329458000036],[83.03855145300008,28.42479670700004],[83.03573776600007,28.42577620800006],[83.03484770400007,28.427076145000058],[83.03435789100007,28.42958595700003],[83.03259782900005,28.432244583000056],[83.03076232800004,28.432709833000047],[83.02851620300004,28.432402770000067],[83.02592351600003,28.43311970800005],[83.02205507800005,28.43510889500004],[83.01913557800003,28.43776352100008],[83.01862476600007,28.44021895800006],[83.01939732800008,28.44286633300004],[83.01853682800004,28.446456270000056],[83.01847857800004,28.452350832000036],[83.01748745300006,28.45776945800003],[83.01219264100007,28.45922239500004],[83.00775857800005,28.465804770000034],[83.00666789100006,28.465948396000044],[83.00341376500006,28.465265395000074],[82.99980276500008,28.46509677000006],[82.99715026500007,28.464404958000046],[82.99474257800006,28.464384895000023],[82.99112876500004,28.463372270000036],[82.98941639100008,28.464070208000066],[82.98660089100008,28.46729345800003],[82.97991995400008,28.46915658300003],[82.97583389100004,28.472435458000064],[82.97250051600008,28.47456027000004],[82.96558801600008,28.47512377000004],[82.96394101500005,28.474450207000075],[82.96135657800005,28.47522239500006],[82.95901070300005,28.475028458000054],[82.95696889100003,28.47397058300004],[82.95345889100008,28.473440520000054],[82.95231764000005,28.473822020000057],[82.94750864100007,28.472848645000056],[82.94416720300006,28.473088958000062],[82.94214039100007,28.471886520000055],[82.94159032800007,28.46969845800004],[82.93867776500008,28.468331145000036],[82.93672439100004,28.468223458000068],[82.93441639100007,28.469522833000042],[82.93123701600007,28.46947083300006],[82.92977532800006,28.470420395000076],[82.92679595300007,28.471001520000073],[82.92130401600008,28.47521064500006],[82.91776226600007,28.47687220800003],[82.91375657800006,28.478261583000062]]]}},{"type":"Feature","properties":{"STATE_CODE":4,"DISTRICT":"BAGLUNG","GaPa_NaPa":"Taman Khola","Type_GN":"Gaunpalika","Province":"Gandaki","provinceId":"4","provinceCode":"4","provinceName":"Gandaki","districtId":"411","districtName":"Baglung","municipalityId":"41104","municipalityCode":"41104","municipalityName":"Tamankhola Rural Municipality","municipalityNameNe":"तमानखोला गाउँपालिका","municipalityType":"rural_municipality"},"geometry":{"type":"Polygon","coordinates":[[[83.29850932800008,28.470044770000072],[83.29566420300006,28.47079489500004],[83.29158357900008,28.47282002000003],[83.28600232800005,28.47478970800006],[83.28331145300007,28.478277083000023],[83.28376164100007,28.48137483200003],[83.28084282800006,28.486620645000073],[83.27953007800005,28.48682583300007],[83.27844120400005,28.48871514600006],[83.27655926600005,28.490275395000026],[83.27641070400006,28.492968395000048],[83.27017795400008,28.492698208000036],[83.26831276600007,28.49204064500003],[83.26404495400004,28.49351564500006],[83.26347857900004,28.49448952000006],[83.26023364100007,28.494343271000048],[83.25637232900004,28.49604814500003],[83.26002076600008,28.49973195700005],[83.25981995400008,28.500782208000032],[83.25212670300004,28.501123646000053],[83.25025907900005,28.50054020700003],[83.24782382900008,28.503773333000026],[83.24474095300008,28.505039958000054],[83.24314414100007,28.506314770000074],[83.23860995300004,28.507588958000042],[83.23458014100004,28.50815289600007],[83.23268920400005,28.511052645000063],[83.22923576600004,28.511493333000033],[83.22833001600003,28.510786583000026],[83.22530395400008,28.511437083000033],[83.22404632800004,28.512988895000035],[83.22143857800006,28.51370270800004],[83.21861745400008,28.51246820800003],[83.21736320300005,28.51023427100006],[83.21485426600003,28.508694270000035],[83.21040251600004,28.50569758300003],[83.20613326600005,28.503949083000066],[83.20172714100005,28.50148445800005],[83.19271864100006,28.49861114600003],[83.18973095300004,28.497336708000034],[83.18861132800004,28.498004646000027],[83.18035401600008,28.496452520000048],[83.17854632800004,28.496874770000034],[83.17353770400007,28.49508695700007],[83.17089576600006,28.49328633300007],[83.16751895400006,28.493452958000034],[83.16327895300003,28.49551602100007],[83.16063526600004,28.495206395000025],[83.16115489100008,28.493483771000058],[83.15981376600007,28.48731639500005],[83.15997082900003,28.48425133300003],[83.16096395300008,28.48222252000005],[83.16264326600003,28.480885958000044],[83.16344445300007,28.478206208000074],[83.16239882800005,28.474526833000027],[83.16313595300005,28.471465395000052],[83.16072857800003,28.471500208000066],[83.15875414100003,28.470062146000032],[83.15423057800007,28.465526832000023],[83.15341689100006,28.463892521000048],[83.15564007800003,28.45962652000003],[83.15562632800004,28.45702527000003],[83.15728032800007,28.451395207000076],[83.15901039100004,28.44833989600005],[83.15805907800006,28.444157958000062],[83.15817689000005,28.441331895000076],[83.15891889100004,28.438200520000066],[83.15791982800005,28.435315520000074],[83.15935145400005,28.431631208000056],[83.15955670400007,28.42834758300006],[83.16206307900006,28.42441483300007],[83.16297764100005,28.42105664500008],[83.16177782800008,28.415715832000046],[83.16164570400008,28.410133458000075],[83.16058582900007,28.406156208000027],[83.15900689100005,28.403418833000046],[83.15795207900004,28.397893896000028],[83.16025176600004,28.396416833000046],[83.16081939100008,28.393230208000034],[83.16297845400004,28.388695145000042],[83.16318045300005,28.385792707000064],[83.16241664000006,28.383211645000074],[83.16518164100006,28.376751270000057],[83.16382026600007,28.37419577000003],[83.16341239100007,28.371765707000066],[83.16771501600005,28.37059183200006],[83.17289301600005,28.36565758300003],[83.17446251600006,28.36551595800006],[83.17489701600005,28.367373145000045],[83.17718195400005,28.370843395000065],[83.17901389100007,28.370091770000045],[83.18083495300004,28.36821208300006],[83.19016707900005,28.371036145000062],[83.19221176600007,28.370475207000027],[83.19256195300005,28.372024958000054],[83.19581257800007,28.371031208000034],[83.19667576600006,28.372850207000056],[83.19853070300007,28.374199021000038],[83.19783951600004,28.375629832000072],[83.19865045400007,28.37706270800004],[83.19842695400007,28.379809332000036],[83.20048364100006,28.380807396000023],[83.20172064000008,28.383233145000077],[83.20433107900004,28.385549708000042],[83.20513945400006,28.387783458000058],[83.20431964100004,28.389172957000028],[83.21122020400009,28.392299458000025],[83.21386732900004,28.389920957000072],[83.21747770300004,28.38828577000004],[83.22050951500006,28.385643208000033],[83.22454214100009,28.384093645000064],[83.22439464100006,28.382723333000058],[83.22549370300004,28.379453708000028],[83.22770214100007,28.37525633300004],[83.22871776600005,28.372392208000065],[83.23245851600007,28.371975707000047],[83.23531039100004,28.37012139500007],[83.23880001600008,28.368958708000036],[83.24330682800007,28.369308645000046],[83.24575614100007,28.368561895000028],[83.24858057800003,28.369019708000053],[83.25371507800008,28.367112083000052],[83.25549982900003,28.36745808200004],[83.25726751600007,28.365998957000045],[83.26071239100008,28.36609439500006],[83.26479857900006,28.363623458000063],[83.26828351600005,28.365022958000054],[83.27188026600004,28.363505770000074],[83.27387489100005,28.363931582000077],[83.27667695400004,28.366322146000073],[83.28081389100004,28.367343520000077],[83.28133839100008,28.369518957000025],[83.28357520400004,28.370943083000043],[83.28534851600006,28.373073145000035],[83.28848064100004,28.38040852000006],[83.28618857800006,28.38219239500006],[83.28445370300005,28.39274658200003],[83.28796082800005,28.396205520000024],[83.29162695400004,28.396605958000066],[83.29259007900004,28.39911752000006],[83.29194314100005,28.401575583000067],[83.29275051600007,28.40683658300003],[83.29429845400006,28.40887289500006],[83.29499857900004,28.411915520000036],[83.29636020300006,28.41324245800007],[83.29865001600007,28.41409802000004],[83.29837170400003,28.41625345700004],[83.29503964100007,28.41655439500005],[83.29130826600004,28.41832864500003],[83.29194539100007,28.421621395000045],[83.29024964100006,28.423848333000024],[83.28965439200005,28.425566708000076],[83.28672301600005,28.426487708000025],[83.28489601600006,28.428944020000074],[83.28227682800008,28.43101495700006],[83.28154982900008,28.433019020000074],[83.27961907800005,28.43256889500003],[83.27895320400006,28.43011745800004],[83.27732745400004,28.42945908300004],[83.27685751600006,28.43132920800008],[83.27689376600006,28.434485708000068],[83.27512295400004,28.43782208300007],[83.27499682900003,28.442333708000035],[83.27776870300005,28.442463458000077],[83.28232651600007,28.44482039500008],[83.28801395300007,28.44586552000004],[83.29014645300003,28.44538033300006],[83.29243507800004,28.446655708000037],[83.29694395400008,28.451904270000057],[83.29789376600007,28.454106583000055],[83.30027101600007,28.455490583000028],[83.30237632800004,28.458727646000057],[83.30246564100008,28.461270771000045],[83.29892839100006,28.465611395000053],[83.29850932800008,28.470044770000072]]]}},{"type":"Feature","properties":{"STATE_CODE":4,"DISTRICT":"BAGLUNG","GaPa_NaPa":"Tara Khola","Type_GN":"Gaunpalika","Province":"Gandaki","provinceId":"4","provinceCode":"4","provinceName":"Gandaki","districtId":"411","districtName":"Baglung","municipalityId":"41103","municipalityCode":"41103","municipalityName":"Tarakhola Rural Municipality","municipalityNameNe":"ताराखोला गाउँपालिका","municipalityType":"rural_municipality"},"geometry":{"type":"Polygon","coordinates":[[[83.38666307900007,28.35811414500006],[83.38428376600007,28.35792520700005],[83.38291614100007,28.356242646000055],[83.38028182900007,28.355174833000035],[83.37903639100006,28.355961083000068],[83.37341414200006,28.361517082000034],[83.37099957900006,28.364766145000033],[83.36734351700005,28.36574877000004],[83.36689257800003,28.36882408300005],[83.36557589100005,28.37055295700003],[83.35734220400008,28.370534708000037],[83.35494189100007,28.369517083000062],[83.35089151600005,28.369385082000065],[83.34394532800007,28.37136883200003],[83.34076776600006,28.368889770000067],[83.33874032900007,28.370554021000032],[83.33738245300003,28.36914183300007],[83.33526020400006,28.36565027000006],[83.33343745400003,28.36516983300004],[83.32945107900008,28.365741395000043],[83.32488270400006,28.36331602000007],[83.32358920400003,28.36163552000005],[83.32259251600004,28.35892320800008],[83.32035832800005,28.35799833300007],[83.31770101600006,28.357874520000053],[83.31445976600008,28.356344458000024],[83.31392682900008,28.35444202000008],[83.31141495400004,28.354720395000072],[83.30726045300008,28.35649527000004],[83.30426870300005,28.35578739500005],[83.30423189100009,28.352678207000054],[83.30595545400007,28.348898895000048],[83.30902845400004,28.347208833000025],[83.31132264100006,28.344222021000064],[83.31346407800004,28.344056833000025],[83.31713207900003,28.34294714500004],[83.31718745300003,28.340817583000046],[83.31911339100003,28.337885208000046],[83.32048251600008,28.33872677100004],[83.32429107900003,28.338292207000052],[83.32723270400004,28.336677833000067],[83.33073089100003,28.33677620800006],[83.33440414100005,28.333689708000065],[83.33517876600007,28.332148020000034],[83.33760114100005,28.329646395000054],[83.33804007800006,28.325783708000074],[83.34093189100008,28.323575395000034],[83.34396639100004,28.318707645000075],[83.34662970400007,28.315864083000065],[83.34686945400006,28.312402020000036],[83.34638357900008,28.310098270000026],[83.34853814100006,28.30174045800004],[83.35083632800007,28.300370645000044],[83.35206739100005,28.296732707000047],[83.35432757900008,28.29662614500006],[83.35861995400006,28.29573933300003],[83.36048457900006,28.294631270000025],[83.36115270400006,28.29287908300006],[83.36452182800008,28.290435583000033],[83.36443382800007,28.286425895000036],[83.36540514100005,28.284835333000046],[83.36558295400005,28.280312458000026],[83.36714664100003,28.279340520000062],[83.36950357900008,28.27577983200007],[83.37124745400007,28.27427170800007],[83.37466832900003,28.272805083000037],[83.37466382900004,28.271717583000054],[83.37937345300008,28.26822839500005],[83.38102676600005,28.269831020000026],[83.38542570300007,28.271091770000055],[83.38969351700007,28.27010014500007],[83.39349232800004,28.271913020000056],[83.39503720400006,28.272066521000056],[83.39866139100008,28.271378583000057],[83.40097576600004,28.269852270000058],[83.40221495400004,28.266435020000074],[83.40572945400004,28.264449083000045],[83.40797851700006,28.262635833000047],[83.40868170300007,28.25944858200006],[83.41425257900005,28.25595514500003],[83.41652726600006,28.256871833000048],[83.42171926700007,28.256241895000073],[83.42388789100005,28.25521539500005],[83.42960401600004,28.25488064500007],[83.42988501600007,28.26067352000007],[83.43274432800007,28.264453333000063],[83.43461401600007,28.26479727000003],[83.43706357900004,28.262819645000036],[83.43985632900007,28.25964083300005],[83.44082239100004,28.256361957000024],[83.44208957900008,28.25457345700005],[83.44844070300007,28.248306583000044],[83.45070451600003,28.24429964500007],[83.45684170300007,28.246596208000028],[83.45841657800008,28.246367770000063],[83.46001701600005,28.248147520000032],[83.46270695400005,28.247663958000032],[83.46635914100005,28.248646208000025],[83.47094220400004,28.247863082000038],[83.47037864100008,28.25169420800006],[83.46916726700005,28.256075645000067],[83.47020026600006,28.259619645000043],[83.46894051700008,28.261523520000026],[83.46915620300007,28.26409645800004],[83.46806420400003,28.26485933300006],[83.46697401600005,28.267887458000075],[83.46776789100005,28.270708583000044],[83.46785501600004,28.27311177000007],[83.46909914100007,28.27579927000005],[83.47165045400004,28.27946202000004],[83.47396476700004,28.28127589500008],[83.47529407800005,28.28301158200003],[83.47606776600009,28.286899708000078],[83.47896301600008,28.291362333000052],[83.47898732900006,28.295141645000058],[83.48089564100007,28.296917708000024],[83.48286751600006,28.29789308200003],[83.48250770400006,28.303047270000036],[83.48351614100005,28.304860520000034],[83.48379939100005,28.310281020000048],[83.48251501700008,28.31153964500004],[83.48211020400004,28.314193645000046],[83.48093264100004,28.315357895000034],[83.48344114100007,28.317154333000076],[83.48584370400005,28.320037832000025],[83.48419482800006,28.32198770800005],[83.48181601600004,28.32189070800007],[83.48076657900003,28.322712583000055],[83.47892289100008,28.322159458000044],[83.47498051600007,28.323209270000063],[83.47290139100005,28.323151645000053],[83.46880932900007,28.324985895000054],[83.46623701600004,28.324317020000024],[83.46098689100006,28.32569289500003],[83.45815745400006,28.325882583000066],[83.45691014200008,28.327908208000053],[83.45294989100006,28.327260645000024],[83.44466539100006,28.329368333000048],[83.44352595400005,28.332711896000035],[83.44298739100003,28.336797895000075],[83.44096314200004,28.34014008300005],[83.43745439100007,28.340734833000056],[83.43407557900008,28.340391458000056],[83.42652045400007,28.34093070800003],[83.42658420300006,28.34348952000005],[83.42481789100003,28.346009020000054],[83.42059739100006,28.349887645000024],[83.42106951600005,28.352407458000073],[83.41476564100003,28.355602395000062],[83.41334714100003,28.357342583000047],[83.40757064100006,28.357622207000077],[83.40568039100003,28.358178020000025],[83.39962589100008,28.356682770000077],[83.39550376600005,28.355392020000068],[83.39198582800003,28.35562452100004],[83.39086895400004,28.35652433300004],[83.38810251600006,28.356850333000068],[83.38666307900007,28.35811414500006]]]}},{"type":"Feature","properties":{"STATE_CODE":4,"DISTRICT":"NAWALPARASI_E","GaPa_NaPa":"Binayee Tribeni","Type_GN":"Gaunpalika","Province":"Gandaki","provinceId":"4","provinceCode":"4","provinceName":"Gandaki","districtId":"408","districtName":"Nawalparasi East","municipalityId":"40808","municipalityCode":"40808","municipalityName":"Binayi Tribeni Rural Municipality","municipalityNameNe":"बिनयी त्रिवेणी गाउँपालिका","municipalityType":"rural_municipality"},"geometry":{"type":"Polygon","coordinates":[[[83.94666576700007,27.46558801900005],[83.94429726700008,27.466636394000034],[83.93728807900004,27.469047895000074],[83.93474382900007,27.46542720700006],[83.92906695400006,27.46274595700004],[83.92853970500005,27.458965957000032],[83.92678951700003,27.45837158200004],[83.91898657900003,27.458457519000035],[83.91412876700008,27.464707519000058],[83.91425439100004,27.466203645000064],[83.91178076700004,27.468686581000043],[83.91019795400007,27.47144301900005],[83.91031120400004,27.473338582000054],[83.91240420400004,27.476900769000054],[83.91449114200003,27.47946995700005],[83.91476126600008,27.48113995700004],[83.91378864200004,27.48283851900004],[83.91088082900006,27.486210207000056],[83.91031351700008,27.49079514400006],[83.90552939100007,27.491143957000077],[83.90293657900008,27.491947769000035],[83.89996164200005,27.49475502000007],[83.89944757900008,27.49618083200005],[83.89975982900006,27.49858420700008],[83.89611745400003,27.49940295700003],[83.89241789200008,27.49856970700006],[83.89069957900006,27.49665033200006],[83.88842714200007,27.495353269000077],[83.88571220500006,27.495942270000057],[83.88473489200004,27.494289707000064],[83.88235545400005,27.492297457000063],[83.87681214200006,27.489467520000062],[83.87775807900005,27.487225332000037],[83.88012451600008,27.484731645000068],[83.88265970400005,27.483716145000074],[83.88400182900006,27.481810520000067],[83.88717982900005,27.48077289400004],[83.88758026700003,27.476754269000025],[83.88863276700005,27.47240908200007],[83.88775470400003,27.47031651900005],[83.88794595400003,27.468251957000064],[83.88579251700008,27.463795769000058],[83.89185814200005,27.461458394000033],[83.89025845400005,27.458492082000078],[83.88916482900004,27.454885207000075],[83.88916314200003,27.45021414400003],[83.88980226600006,27.446313144000044],[83.89115439100004,27.443294956000045],[83.89471689200008,27.44095539500006],[83.89761357900005,27.437561457000072],[83.90727126700006,27.43898983200006],[83.91083320400008,27.439725520000025],[83.91864201600004,27.44235914400008],[83.93328495400004,27.449373519000062],[83.93707782900003,27.450643456000023],[83.94141782900005,27.454916956000034],[83.94499439200007,27.461295395000036],[83.94666576700007,27.46558801900005]]]}},{"type":"Feature","properties":{"STATE_CODE":4,"DISTRICT":"NAWALPARASI_E","GaPa_NaPa":"Bulingtar","Type_GN":"Gaunpalika","Province":"Gandaki","provinceId":"4","provinceCode":"4","provinceName":"Gandaki","districtId":"408","districtName":"Nawalparasi East","municipalityId":"40802","municipalityCode":"40802","municipalityName":"Bulingtar Rural Municipality","municipalityNameNe":"बुलिङ्गटार गाउँपालिका","municipalityType":"rural_municipality"},"geometry":{"type":"Polygon","coordinates":[[[84.29458364200008,27.83646333200005],[84.29347070400007,27.837706707000052],[84.28805301700004,27.83697126900006],[84.28488651700007,27.837756332000026],[84.27467689200006,27.83624939400005],[84.27266470400008,27.835294457000032],[84.27157208000006,27.83253927000004],[84.26968864200006,27.832292519000077],[84.26784826700003,27.833785270000078],[84.26889945400006,27.837267145000055],[84.26797989200008,27.838548333000062],[84.26340032900004,27.838990332000037],[84.26063870500008,27.838016270000026],[84.25704339200007,27.837921520000066],[84.25357682900005,27.83861164500007],[84.25077445500006,27.840870895000023],[84.24866670500006,27.843582395000055],[84.24796089200004,27.845212770000046],[84.24606251700004,27.846145770000078],[84.24174489200004,27.846282082000073],[84.23953589200005,27.844796707000057],[84.23670695500005,27.844230707000065],[84.23308801700006,27.846360145000062],[84.22983001700004,27.845496895000053],[84.22939857900008,27.842819269000074],[84.23090576700008,27.84069795700003],[84.22856433000004,27.836757644000045],[84.22716239200008,27.836423770000067],[84.22580057900007,27.837504582000065],[84.22245739100003,27.844019770000045],[84.21968695500004,27.84628733200003],[84.21691108000005,27.846521894000034],[84.21411970500003,27.84580420700007],[84.21269751700004,27.84485645700005],[84.21237345400004,27.842882583000062],[84.21392183000006,27.840028145000076],[84.21133170500008,27.838615082000047],[84.20828508000005,27.841352207000057],[84.20814320400007,27.84401727000005],[84.20962964200004,27.84669333200003],[84.20985720400006,27.848207020000075],[84.20902114200004,27.849916458000052],[84.20577233000006,27.85199270700008],[84.20219976700008,27.851546708000058],[84.19928289200004,27.84869658200006],[84.19517732900005,27.846658207000075],[84.19144514200008,27.846622770000067],[84.18332439200003,27.85047645700007],[84.17940339200004,27.85110889400005],[84.17617620400006,27.852220957000043],[84.17500289200007,27.851784707000036],[84.17405676700008,27.84751226900005],[84.17155926700008,27.845457519000036],[84.16751132900004,27.84644858200005],[84.16452339200004,27.846458832000053],[84.16497633000006,27.841699582000047],[84.16214501700006,27.83988202000006],[84.15830714200007,27.839460019000057],[84.15712645400004,27.840359457000034],[84.15656226700008,27.842530769000064],[84.15813645400004,27.844719894000036],[84.15876489100003,27.84721251900004],[84.15664201700008,27.847907707000047],[84.15415851700004,27.847007895000047],[84.15183414200004,27.847292519000064],[84.14666007900007,27.85016377000005],[84.14530751700005,27.85014714500005],[84.13808095400003,27.848123832000056],[84.13128089200006,27.845591957000067],[84.12842314200003,27.84517495700004],[84.12599664200008,27.84579539500004],[84.12288589100007,27.84779745800006],[84.12509039200006,27.85025270700004],[84.12784382900008,27.850708207000025],[84.13051720400006,27.852077645000065],[84.13173751700003,27.854538207000076],[84.13132457900008,27.856027832000052],[84.12880289200007,27.859024457000032],[84.12494351700008,27.86000276900006],[84.12192051700004,27.85912320700004],[84.12195632900006,27.85765427000007],[84.12327189200005,27.85515526900008],[84.12333376700008,27.853796833000047],[84.12189482900004,27.851451457000053],[84.11888926700004,27.85063727000005],[84.11603370400007,27.851722769000048],[84.11556082900006,27.852887519000035],[84.11344457900003,27.850623770000027],[84.10983926700004,27.845944644000042],[84.10906064200003,27.843483520000063],[84.10954626700004,27.84206158300003],[84.11161439100005,27.84095883200007],[84.10974157900006,27.838417332000063],[84.10726964200006,27.83666376900004],[84.10733420400004,27.834887957000035],[84.10960307900007,27.832586895000077],[84.11282133000003,27.831909582000037],[84.11319001700008,27.826417207000077],[84.11385539200006,27.825552394000056],[84.11223920500004,27.823969770000076],[84.11222551700007,27.822746770000037],[84.10732132900006,27.820293458000037],[84.10579376700008,27.818600020000076],[84.10581389200007,27.815104895000047],[84.10403270400008,27.81327170700007],[84.10524964200005,27.811005332000036],[84.10909451600008,27.80915658200007],[84.11150676600005,27.808901895000076],[84.11105251600003,27.806429270000024],[84.11216295400004,27.804122394000046],[84.11063895400008,27.802465083000072],[84.10981707900004,27.800213769000038],[84.10955320400006,27.797113645000024],[84.11282882900008,27.79653339500004],[84.11746395400007,27.796497895000073],[84.11851314200004,27.79571633200004],[84.11888689100005,27.792520895000052],[84.11801795400004,27.787943332000054],[84.12038876600008,27.784793582000077],[84.11955576700007,27.783221582000067],[84.12300570400004,27.77841008200005],[84.12153114200004,27.775972144000036],[84.11983770400008,27.774838645000045],[84.12241876600007,27.773410332000026],[84.12316345400006,27.77234914400003],[84.12865120400005,27.77043745700007],[84.13245583000008,27.769932957000037],[84.13446995400005,27.768771207000043],[84.13798582900006,27.767574082000067],[84.13843926700008,27.766088894000063],[84.14193420400005,27.763551395000036],[84.14410526700004,27.763253519000045],[84.15028276700008,27.759295894000047],[84.15477726700004,27.758550832000026],[84.15815745500004,27.753813020000052],[84.15969657900007,27.752818395000077],[84.16270232900007,27.753909270000065],[84.16490526700005,27.755562957000052],[84.16689176700004,27.75604789500005],[84.16877876700005,27.757354332000034],[84.17397982900007,27.759213957000043],[84.17547389200007,27.76355570800007],[84.17922476600006,27.76625864500005],[84.18153339200006,27.766706895000027],[84.18221857900005,27.76807333200003],[84.18385970400004,27.768687270000044],[84.18703789200003,27.767101207000053],[84.18919020500005,27.76791064500003],[84.19220920500004,27.766877520000037],[84.19774826700007,27.767785769000056],[84.20170289200007,27.769878582000047],[84.20264739200007,27.771134020000034],[84.20444658000008,27.771269019000044],[84.20710701700006,27.772506082000064],[84.21134945500006,27.77272983200004],[84.21229495500006,27.773946832000036],[84.21474364200003,27.775028457000076],[84.22279914100005,27.776845645000037],[84.22684714200005,27.774483332000045],[84.22867458000007,27.770186332000037],[84.23138995500005,27.76941914400004],[84.23597532900004,27.76709408200003],[84.24284582900003,27.76802308200007],[84.24655976600008,27.76916052000007],[84.25020701700004,27.769113395000034],[84.25384145400005,27.76658633200003],[84.25411639200007,27.769663582000078],[84.25619676700006,27.775442957000053],[84.25811082900003,27.779164769000033],[84.25941239200006,27.780249833000028],[84.26219401700007,27.780393582000045],[84.26653757900004,27.781953457000043],[84.26841339200007,27.78180095700003],[84.27279920500007,27.782945394000023],[84.27436751700003,27.784099832000038],[84.27501320500005,27.785845019000078],[84.27347932900005,27.786570082000026],[84.27365601700006,27.78976483200006],[84.27512401700005,27.79029220700005],[84.27442489100008,27.79254320700005],[84.28353933000005,27.795291270000064],[84.28654633000008,27.79727289500005],[84.28904908000004,27.79805289500007],[84.29103489200008,27.797186769000064],[84.29443601700007,27.79750676900005],[84.29724245500006,27.797261582000033],[84.29839189200004,27.796532582000054],[84.30182082900006,27.795922645000076],[84.30183801700008,27.79868220700007],[84.30074589200007,27.80155245700007],[84.30012539200004,27.805685332000053],[84.30072507900007,27.807369520000066],[84.30333758000006,27.80825283200005],[84.30419458000006,27.810245645000066],[84.30303870400007,27.81508589500004],[84.30667970400003,27.816562582000074],[84.30785776700003,27.818304144000024],[84.30685182900004,27.820023520000063],[84.30503114200008,27.82037051900005],[84.30231095400006,27.822416332000046],[84.30113376700007,27.82465270700004],[84.29845689200005,27.828435769000066],[84.29706514200006,27.83164514500004],[84.29635932900004,27.83437914500007],[84.29458364200008,27.83646333200005]]]}},{"type":"Feature","properties":{"STATE_CODE":4,"DISTRICT":"NAWALPARASI_E","GaPa_NaPa":"Bungdikali","Type_GN":"Gaunpalika","Province":"Gandaki","provinceId":"4","provinceCode":"4","provinceName":"Gandaki","districtId":"408","districtName":"Nawalparasi East","municipalityId":"40803","municipalityCode":"40803","municipalityName":"Baudikali Rural Municipality","municipalityNameNe":"बौदीकाली गाउँपालिका","municipalityType":"rural_municipality"},"geometry":{"type":"Polygon","coordinates":[[[84.11556082900006,27.852887519000035],[84.11383014200004,27.85819827000006],[84.11214014200004,27.860952457000053],[84.10996370500004,27.861725832000047],[84.10896520400007,27.86103170800004],[84.10748832900003,27.858016083000052],[84.10474351700003,27.85479826900007],[84.10180657900008,27.855360145000077],[84.09779364200006,27.85822408200005],[84.09813014100007,27.860094395000033],[84.10180076700004,27.86268208200005],[84.10362345400006,27.864684520000026],[84.10245326700004,27.866346020000037],[84.09884126700007,27.866240332000075],[84.09312926700005,27.867085958000075],[84.08542032900004,27.86936995700006],[84.08015057900008,27.86939339500003],[84.07947795400008,27.86799701900003],[84.08100607900008,27.863964020000026],[84.07849489200004,27.863071895000076],[84.07710570400008,27.864839457000073],[84.07542814200008,27.865478895000024],[84.07359064200006,27.86482783200006],[84.07170889200006,27.86288152000003],[84.07122726700004,27.86120302000006],[84.07152751700005,27.858815582000034],[84.06954195400004,27.85619239500005],[84.06176764200006,27.852308270000037],[84.05573620400008,27.84890139500004],[84.05348676700004,27.849256582000066],[84.05361295400007,27.852848707000078],[84.05133826700006,27.855701707000037],[84.04945595400005,27.85626645700006],[84.04751070500004,27.856009958000072],[84.04499370400003,27.854426769000042],[84.04502226700004,27.85059314500006],[84.04416164200006,27.849790145000043],[84.04192501700004,27.850043519000053],[84.04080876700004,27.851009644000044],[84.04132914100006,27.852627332000054],[84.04317845400004,27.855181020000032],[84.04227670400007,27.856528394000065],[84.03932564200005,27.857657458000062],[84.03585933000005,27.85750495700006],[84.03380589200003,27.856201269000053],[84.03062183000003,27.85623133300004],[84.02931070500006,27.853496833000065],[84.02783758000004,27.85239608200004],[84.02627745400008,27.849666082000056],[84.02455432900007,27.848271957000065],[84.02506801800007,27.84665627000004],[84.02440314200004,27.843330396000056],[84.02234820500007,27.840665957000056],[84.02489976800007,27.836563333000072],[84.02710495500008,27.835055645000068],[84.02729201700004,27.83195752000006],[84.02870776700007,27.82945939500007],[84.02738345400007,27.828417208000076],[84.02858439200008,27.825934896000035],[84.02762476600003,27.824057708000055],[84.02792395500006,27.821593645000064],[84.02681451800004,27.818049021000036],[84.02426345600009,27.81884158200006],[84.02188401700005,27.817129271000056],[84.02237920400006,27.815396269000075],[84.02022301700003,27.81418489600003],[84.01716151700003,27.811502395000048],[84.01624151800007,27.80893695700007],[84.01556695500005,27.803589333000048],[84.01445520500005,27.801026144000048],[84.01019039300007,27.79760802000004],[84.00888989200007,27.797312521000038],[84.00720164300003,27.795442021000042],[84.00509476700006,27.791881458000034],[84.00251351800006,27.788542020000023],[84.00144270600003,27.78431120700003],[84.00219114200007,27.780585832000043],[84.00207945400007,27.777429082000026],[84.00128051800004,27.774500144000058],[84.00014745400006,27.77266127000007],[84.00387195400003,27.77081770700005],[84.00478007900006,27.769310332000032],[84.00807495400005,27.770429395000065],[84.01096351600006,27.76730402000004],[84.01231001700006,27.768035019000024],[84.01488326700007,27.767795582000076],[84.01943626600007,27.766012395000075],[84.02163195400004,27.768315895000057],[84.02317289200005,27.768760144000055],[84.02588257900004,27.771503520000067],[84.02671239200004,27.773671832000048],[84.02846889200003,27.774844832000042],[84.03046957900006,27.773589770000058],[84.03446070400008,27.774064957000064],[84.03688151700004,27.775625770000033],[84.03729557900004,27.780278457000065],[84.03892639200006,27.780476582000063],[84.04206501600004,27.779207520000057],[84.04444857900006,27.778985645000034],[84.04766539200006,27.780051895000042],[84.04966433000004,27.77929301900008],[84.05063614200003,27.77744014500007],[84.05414001600008,27.77599920700004],[84.05543632900003,27.773304519000078],[84.05763251700006,27.77122758200005],[84.06075095500006,27.769267769000066],[84.06446089100007,27.770545457000026],[84.06613764200006,27.769745895000028],[84.06826182900005,27.770042707000073],[84.07092651700003,27.769095957000047],[84.07301745400008,27.766136644000028],[84.07785001700006,27.765195332000076],[84.08032183000006,27.763961895000023],[84.08444382900007,27.763708958000052],[84.08611739100007,27.764039645000025],[84.08806451700008,27.76622939500004],[84.09123414100003,27.768804207000073],[84.09425945400005,27.769276020000063],[84.09865639100008,27.77063133200005],[84.10015295500006,27.77283708300007],[84.10373357900005,27.774553832000038],[84.10889039200003,27.773308832000055],[84.11378476700008,27.773880270000063],[84.11874701700003,27.77332327000005],[84.12316345400006,27.77234914400003],[84.12241876600007,27.773410332000026],[84.11983770400008,27.774838645000045],[84.12153114200004,27.775972144000036],[84.12300570400004,27.77841008200005],[84.11955576700007,27.783221582000067],[84.12038876600008,27.784793582000077],[84.11801795400004,27.787943332000054],[84.11888689100005,27.792520895000052],[84.11851314200004,27.79571633200004],[84.11746395400007,27.796497895000073],[84.11282882900008,27.79653339500004],[84.10955320400006,27.797113645000024],[84.10981707900004,27.800213769000038],[84.11063895400008,27.802465083000072],[84.11216295400004,27.804122394000046],[84.11105251600003,27.806429270000024],[84.11150676600005,27.808901895000076],[84.10909451600008,27.80915658200007],[84.10524964200005,27.811005332000036],[84.10403270400008,27.81327170700007],[84.10581389200007,27.815104895000047],[84.10579376700008,27.818600020000076],[84.10732132900006,27.820293458000037],[84.11222551700007,27.822746770000037],[84.11223920500004,27.823969770000076],[84.11385539200006,27.825552394000056],[84.11319001700008,27.826417207000077],[84.11282133000003,27.831909582000037],[84.10960307900007,27.832586895000077],[84.10733420400004,27.834887957000035],[84.10726964200006,27.83666376900004],[84.10974157900006,27.838417332000063],[84.11161439100005,27.84095883200007],[84.10954626700004,27.84206158300003],[84.10906064200003,27.843483520000063],[84.10983926700004,27.845944644000042],[84.11344457900003,27.850623770000027],[84.11556082900006,27.852887519000035]]]}},{"type":"Feature","properties":{"STATE_CODE":4,"DISTRICT":"NAWALPARASI_E","GaPa_NaPa":"Devchuli","Type_GN":"Nagarpalika","Province":"Gandaki","provinceId":"4","provinceCode":"4","provinceName":"Gandaki","districtId":"408","districtName":"Nawalparasi East","municipalityId":"40805","municipalityCode":"40805","municipalityName":"Devchuli Urban Municipality","municipalityNameNe":"देवचुली नगरपालिका","municipalityType":"municipality"},"geometry":{"type":"Polygon","coordinates":[[[84.25384145400005,27.76658633200003],[84.25020701700004,27.769113395000034],[84.24655976600008,27.76916052000007],[84.24284582900003,27.76802308200007],[84.23597532900004,27.76709408200003],[84.23138995500005,27.76941914400004],[84.22867458000007,27.770186332000037],[84.22684714200005,27.774483332000045],[84.22279914100005,27.776845645000037],[84.21474364200003,27.775028457000076],[84.21229495500006,27.773946832000036],[84.21134945500006,27.77272983200004],[84.20710701700006,27.772506082000064],[84.20444658000008,27.771269019000044],[84.20264739200007,27.771134020000034],[84.20170289200007,27.769878582000047],[84.19774826700007,27.767785769000056],[84.19220920500004,27.766877520000037],[84.18919020500005,27.76791064500003],[84.18703789200003,27.767101207000053],[84.18385970400004,27.768687270000044],[84.18221857900005,27.76807333200003],[84.18153339200006,27.766706895000027],[84.17922476600006,27.76625864500005],[84.17547389200007,27.76355570800007],[84.17397982900007,27.759213957000043],[84.16877876700005,27.757354332000034],[84.16689176700004,27.75604789500005],[84.16490526700005,27.755562957000052],[84.16270232900007,27.753909270000065],[84.15969657900007,27.752818395000077],[84.16052857900007,27.75175689400004],[84.16011064200006,27.74978076900004],[84.15876526700004,27.74813739500007],[84.15889570400003,27.746724707000055],[84.15534133000006,27.74380889500003],[84.15643664200007,27.741086395000025],[84.15816489200006,27.739003957000023],[84.15783939200008,27.734006332000035],[84.15627789200005,27.73249395700003],[84.15555420500004,27.72825720700007],[84.15390720400006,27.726724644000058],[84.15363132900006,27.723947270000053],[84.15009920500006,27.72233102000007],[84.15017376700007,27.719099707000055],[84.15132320400005,27.714389270000026],[84.15200864200006,27.713136144000032],[84.15413851600005,27.70616133200008],[84.15656620500005,27.70329064500004],[84.16186864100007,27.70036695700003],[84.16013939100003,27.693520645000035],[84.16031651700007,27.688080082000056],[84.15928070400008,27.684644707000075],[84.16195758000003,27.68227683200007],[84.16490907900004,27.67783039400007],[84.16421289100003,27.675229519000027],[84.16571370500003,27.673959582000066],[84.16660776700007,27.670375207000063],[84.16731445400006,27.669850895000025],[84.16768332900006,27.66703439500003],[84.17164970400006,27.66632095700004],[84.17363064200003,27.665490394000074],[84.17444320400006,27.66367970700003],[84.17821514200006,27.663142332000064],[84.17883751700003,27.661088144000075],[84.18104001700004,27.660408394000058],[84.18166320500006,27.65739295700007],[84.18455195500007,27.657023519000063],[84.18650076700004,27.65399276900007],[84.18824670500004,27.654125769000075],[84.18934926700007,27.65294645700004],[84.19086132900009,27.653054894000036],[84.19251051700007,27.65068333200003],[84.19239639200003,27.652987395000025],[84.19393664200004,27.65505664400007],[84.19595451700008,27.656297082000037],[84.19922939200006,27.65630145700004],[84.20212114200007,27.65708477000004],[84.20383008000005,27.65699876900004],[84.20582570500005,27.65781720700005],[84.20696089200004,27.659898207000026],[84.20948264100008,27.65911145700005],[84.21481864200007,27.658475957000064],[84.22046339200006,27.65906508200004],[84.22260164200009,27.662649457000043],[84.22625870400003,27.66464951900008],[84.23346770500007,27.663477769000053],[84.23613089200006,27.662818832000028],[84.25159776700008,27.664384707000067],[84.25863807900004,27.665870082000026],[84.26151295500006,27.667001895000055],[84.25970164200004,27.668442707000054],[84.25830676700008,27.670746895000036],[84.25776739100007,27.676639520000037],[84.25635570400004,27.678600707000044],[84.25413539200008,27.684654332000036],[84.25370401700008,27.689980395000077],[84.25121383000004,27.693482457000073],[84.25141301700006,27.69577464400004],[84.25031376700008,27.70011351900007],[84.24883682900008,27.703952144000027],[84.24839245400005,27.707554207000044],[84.24893501700006,27.70979614500004],[84.25158726700005,27.71154914500005],[84.25138858000008,27.71719739400004],[84.25355764100004,27.720948145000023],[84.25438708000007,27.724602082000047],[84.25653589200004,27.725836894000054],[84.25510945400003,27.729912395000042],[84.25654626700003,27.73189764500006],[84.25561395400007,27.734207707000053],[84.25694514200006,27.736001394000027],[84.25885995400006,27.740321145000053],[84.25792558000006,27.742012957000043],[84.26011214200008,27.743213832000038],[84.26145476700003,27.74469601900006],[84.26374958000008,27.74922033200005],[84.26300439200008,27.751796332000026],[84.26119826700005,27.752794832000063],[84.25872320500008,27.755159707000075],[84.25627470400008,27.75999076900007],[84.25384145400005,27.76658633200003]]]}},{"type":"Feature","properties":{"STATE_CODE":4,"DISTRICT":"NAWALPARASI_E","GaPa_NaPa":"Gaidakot","Type_GN":"Nagarpalika","Province":"Gandaki","provinceId":"4","provinceCode":"4","provinceName":"Gandaki","districtId":"408","districtName":"Nawalparasi East","municipalityId":"40801","municipalityCode":"40801","municipalityName":"Gaidakot Urban Municipality","municipalityNameNe":"गैडाकोट नगरपालिका","municipalityType":"municipality"},"geometry":{"type":"Polygon","coordinates":[[[84.30182082900006,27.795922645000076],[84.29839189200004,27.796532582000054],[84.29724245500006,27.797261582000033],[84.29443601700007,27.79750676900005],[84.29103489200008,27.797186769000064],[84.28904908000004,27.79805289500007],[84.28654633000008,27.79727289500005],[84.28353933000005,27.795291270000064],[84.27442489100008,27.79254320700005],[84.27512401700005,27.79029220700005],[84.27365601700006,27.78976483200006],[84.27347932900005,27.786570082000026],[84.27501320500005,27.785845019000078],[84.27436751700003,27.784099832000038],[84.27279920500007,27.782945394000023],[84.26841339200007,27.78180095700003],[84.26653757900004,27.781953457000043],[84.26219401700007,27.780393582000045],[84.25941239200006,27.780249833000028],[84.25811082900003,27.779164769000033],[84.25619676700006,27.775442957000053],[84.25411639200007,27.769663582000078],[84.25384145400005,27.76658633200003],[84.25627470400008,27.75999076900007],[84.25872320500008,27.755159707000075],[84.26119826700005,27.752794832000063],[84.26300439200008,27.751796332000026],[84.26374958000008,27.74922033200005],[84.26145476700003,27.74469601900006],[84.26011214200008,27.743213832000038],[84.25792558000006,27.742012957000043],[84.25885995400006,27.740321145000053],[84.25694514200006,27.736001394000027],[84.25561395400007,27.734207707000053],[84.25654626700003,27.73189764500006],[84.25510945400003,27.729912395000042],[84.25653589200004,27.725836894000054],[84.25438708000007,27.724602082000047],[84.25355764100004,27.720948145000023],[84.25138858000008,27.71719739400004],[84.25158726700005,27.71154914500005],[84.24893501700006,27.70979614500004],[84.24839245400005,27.707554207000044],[84.24883682900008,27.703952144000027],[84.25031376700008,27.70011351900007],[84.25141301700006,27.69577464400004],[84.25121383000004,27.693482457000073],[84.25370401700008,27.689980395000077],[84.25413539200008,27.684654332000036],[84.25635570400004,27.678600707000044],[84.25776739100007,27.676639520000037],[84.25830676700008,27.670746895000036],[84.25970164200004,27.668442707000054],[84.26151295500006,27.667001895000055],[84.26548820400006,27.668790519000027],[84.27060995500005,27.669365020000043],[84.27601608000003,27.669347582000057],[84.28035620400004,27.67098608200007],[84.28429689200004,27.673943020000024],[84.28858857900008,27.67559714500004],[84.29409289200004,27.676167769000074],[84.30085364200005,27.678046395000024],[84.30542089200009,27.680658332000064],[84.30772082900006,27.682546457000058],[84.31130451700005,27.684806207000065],[84.31450864200008,27.686373957000058],[84.31849139200006,27.687594645000047],[84.32375489200007,27.689624520000052],[84.32616051700006,27.689406770000062],[84.32618357900003,27.692019707000043],[84.32816182900007,27.694244394000066],[84.33205258000004,27.69632233300007],[84.33948420500008,27.698732207000035],[84.34523870500004,27.70182058200004],[84.34762939200004,27.702597582000067],[84.35079389200007,27.702941645000067],[84.35680057900004,27.700954144000036],[84.36253758000004,27.69780058200007],[84.36473951700003,27.695355582000047],[84.36604339200005,27.69010364500008],[84.36731964200004,27.68836058200003],[84.37180176700008,27.68452164400003],[84.37403270400006,27.683852270000045],[84.37503620400008,27.682653644000027],[84.37773564200006,27.68151133200007],[84.38024045400005,27.681075770000064],[84.38261395500007,27.68135127000005],[84.38908539200008,27.68530458200007],[84.39075326700004,27.68563608200003],[84.39284539300007,27.687290894000057],[84.39662751700007,27.68887545700005],[84.40460001700006,27.693008645000077],[84.40724933000007,27.694763332000036],[84.41032795500007,27.696211832000074],[84.41935195400004,27.69974770700003],[84.42161958000008,27.700194332000024],[84.42771333000007,27.70240277000005],[84.43008626700004,27.703514582000025],[84.43279864300007,27.70564289500004],[84.43349239200006,27.709431582000036],[84.43288064200004,27.712951270000076],[84.43095401700003,27.719011269000077],[84.42957164200004,27.722452082000075],[84.42787326700005,27.73038639500004],[84.42564964200005,27.73554914400006],[84.42417358000006,27.741093207000063],[84.42341608000004,27.743272957000045],[84.42624433000003,27.74549133200003],[84.42538226700003,27.747669207000058],[84.42040239200009,27.748548645000028],[84.41951170400006,27.751425957000038],[84.42154989200003,27.752460020000058],[84.42212526700007,27.754164083000035],[84.42088389200006,27.75751189400006],[84.41930351700006,27.75898333200007],[84.41458989200004,27.759317957000064],[84.40838182900006,27.761592832000076],[84.40630233000007,27.763101707000033],[84.40318064200005,27.767158895000023],[84.40198857900003,27.769630832000075],[84.40066270400007,27.77091633300006],[84.39425326700007,27.775307707000024],[84.38970776700006,27.776755644000048],[84.38493945400006,27.777482019000047],[84.38318726700004,27.778628644000037],[84.37855533000004,27.778842207000025],[84.37494770400008,27.777933707000045],[84.37030189200004,27.77478952000007],[84.36850639200009,27.771795457000053],[84.36833651700005,27.769948020000072],[84.36647701700008,27.766347207000024],[84.36667157900007,27.76366376900006],[84.36577439200005,27.761434520000023],[84.36421339200007,27.760193145000073],[84.36370170500004,27.757737269000074],[84.36425845500008,27.75619464400006],[84.36286982900003,27.753373269000065],[84.35713883000005,27.751481520000027],[84.35473026700004,27.749057520000065],[84.35353245400006,27.748652207000077],[84.35001114200008,27.749593082000047],[84.34794170400005,27.751069458000075],[84.34478745400008,27.75018833200005],[84.34354864200003,27.744805332000055],[84.34108864200005,27.74405102000003],[84.33623526700006,27.74871339500004],[84.33400551700004,27.748836082000025],[84.33058114200009,27.74767545700007],[84.32727170400005,27.748500207000063],[84.32651014200007,27.750388394000026],[84.32458426700003,27.758261083000036],[84.32340783000006,27.75972826900005],[84.31878708000005,27.761817144000076],[84.31763151700005,27.763740019000068],[84.31765270400007,27.766887645000054],[84.31966270400005,27.771296582000048],[84.32036814200006,27.774596082000073],[84.31829008000005,27.780183270000066],[84.31599520400005,27.785200019000058],[84.31415283000007,27.786612270000035],[84.31164745500007,27.78733545700004],[84.30725539200006,27.790041707000057],[84.30462170500005,27.79051464500003],[84.30222276700005,27.79215577000008],[84.30182082900006,27.795922645000076]]]}},{"type":"Feature","properties":{"STATE_CODE":4,"DISTRICT":"NAWALPARASI_E","GaPa_NaPa":"Hupsekot","Type_GN":"Gaunpalika","Province":"Gandaki","provinceId":"4","provinceCode":"4","provinceName":"Gandaki","districtId":"408","districtName":"Nawalparasi East","municipalityId":"40804","municipalityCode":"40804","municipalityName":"Hupsekot Rural Municipality","municipalityNameNe":"हुप्सेकोट गाउँपालिका","municipalityType":"rural_municipality"},"geometry":{"type":"Polygon","coordinates":[[[84.12316345400006,27.77234914400003],[84.11874701700003,27.77332327000005],[84.11378476700008,27.773880270000063],[84.10889039200003,27.773308832000055],[84.10373357900005,27.774553832000038],[84.10015295500006,27.77283708300007],[84.09865639100008,27.77063133200005],[84.09425945400005,27.769276020000063],[84.09123414100003,27.768804207000073],[84.08806451700008,27.76622939500004],[84.08611739100007,27.764039645000025],[84.08444382900007,27.763708958000052],[84.08032183000006,27.763961895000023],[84.07785001700006,27.765195332000076],[84.07301745400008,27.766136644000028],[84.07092651700003,27.769095957000047],[84.06826182900005,27.770042707000073],[84.06613764200006,27.769745895000028],[84.06446089100007,27.770545457000026],[84.06075095500006,27.769267769000066],[84.05763251700006,27.77122758200005],[84.05543632900003,27.773304519000078],[84.05414001600008,27.77599920700004],[84.05063614200003,27.77744014500007],[84.04966433000004,27.77929301900008],[84.04766539200006,27.780051895000042],[84.04444857900006,27.778985645000034],[84.04206501600004,27.779207520000057],[84.03892639200006,27.780476582000063],[84.03729557900004,27.780278457000065],[84.03688151700004,27.775625770000033],[84.03446070400008,27.774064957000064],[84.03046957900006,27.773589770000058],[84.02846889200003,27.774844832000042],[84.02671239200004,27.773671832000048],[84.02588257900004,27.771503520000067],[84.02317289200005,27.768760144000055],[84.02163195400004,27.768315895000057],[84.01943626600007,27.766012395000075],[84.01488326700007,27.767795582000076],[84.01231001700006,27.768035019000024],[84.01096351600006,27.76730402000004],[84.00807495400005,27.770429395000065],[84.00478007900006,27.769310332000032],[84.00387195400003,27.77081770700005],[84.00014745400006,27.77266127000007],[83.99624133000003,27.76627770700003],[83.99587026700004,27.762042394000048],[83.99482583000008,27.76037483300007],[83.99548070500003,27.759203769000067],[83.99440470400003,27.75564077000007],[83.99442601800007,27.753402395000023],[83.99641407900003,27.75130395700006],[83.99557645500005,27.75063602000006],[83.98977582900005,27.748266458000046],[83.98798839200003,27.74786464500005],[83.98343508000005,27.74904433200004],[83.98104333000003,27.748798083000054],[83.97883601800004,27.747353583000063],[83.97421751800005,27.747822146000033],[83.97313814200004,27.74959552000007],[83.97018439200008,27.748784896000075],[83.96963032900004,27.74720295700007],[83.96681158000007,27.746908957000073],[83.96569051700004,27.74789927000006],[83.96257864200004,27.748115020000057],[83.96187345600003,27.746587270000077],[83.95903064200007,27.747116770000048],[83.95405964300005,27.746449520000056],[83.94948939300008,27.745254269000043],[83.94857489300006,27.743570645000034],[83.94704120500006,27.744014582000034],[83.94325770400008,27.741555833000064],[83.93901776700005,27.739335895000067],[83.93628770500004,27.737457333000066],[83.93346795500008,27.73629614500004],[83.93243626800006,27.73491014500007],[83.93031795400003,27.733977270000025],[83.92705326700008,27.730464520000055],[83.92632770400007,27.72666883200003],[83.93043095400003,27.724813832000052],[83.93141901700005,27.726256207000063],[83.93328214100006,27.726302270000076],[83.93394883000008,27.72319545700003],[83.93702151700006,27.722158894000074],[83.94079864200006,27.72198458200006],[83.94188876700008,27.721321645000046],[83.94239345400007,27.719397082000057],[83.94430476600007,27.71925120700007],[83.94566445400005,27.718155082000067],[83.94561026700006,27.71627545700005],[83.94789157900004,27.715181957000027],[83.95483151600007,27.716059895000058],[83.95828282900004,27.715264458000036],[83.95961076700007,27.713762020000047],[83.96239626600004,27.71601252000005],[83.96404370400006,27.71826939500005],[83.96801489200004,27.719409894000023],[83.97259920400006,27.717867457000068],[83.97651233000005,27.715085957000042],[83.97913182900004,27.714093520000063],[83.98254270400008,27.714610769000046],[83.98643057900006,27.713435582000045],[83.98931570400003,27.71064908200003],[83.98914482900005,27.70840839500005],[83.98806551700005,27.70647001900005],[83.98580264200007,27.704010269000037],[83.98758807900003,27.70223233200005],[83.98958051700004,27.70218058200004],[83.99273226700006,27.701275957000064],[83.99525864200007,27.702767582000035],[83.99750307900007,27.701402520000045],[84.00055301700007,27.70166651900007],[84.00114339200007,27.699392019000072],[84.00219739200008,27.69855483200007],[84.00776164200005,27.699434644000064],[84.01022995500006,27.698486769000056],[84.01262983000004,27.69832189500005],[84.01535907900006,27.696590895000043],[84.01635545400006,27.694528395000077],[84.01659645400008,27.689710769000044],[84.01782632900006,27.688146894000056],[84.01838582900007,27.683787332000065],[84.01722270400006,27.68015008200007],[84.01716007900006,27.676873645000057],[84.01411301700006,27.673703644000057],[84.01469457900004,27.670659707000027],[84.01424526700004,27.66808958200005],[84.01845314100007,27.66934589400006],[84.02285539100006,27.66816739400008],[84.02968664100007,27.661495957000056],[84.03338101700007,27.65899270700004],[84.03741883000004,27.65528426900005],[84.04403201700006,27.65309576900006],[84.04648070400003,27.650206707000052],[84.04903576700008,27.648199832000046],[84.05122664200007,27.643988394000075],[84.05339589200008,27.64098420700003],[84.05519945400005,27.639205394000044],[84.05612333000005,27.63543445700003],[84.05578070400009,27.633056269000065],[84.05357426700004,27.631348957000057],[84.05339114200007,27.627842457000042],[84.05245595500008,27.625333582000053],[84.05845089200005,27.62582089400007],[84.06701089200004,27.62595239500007],[84.06916189200007,27.625477457000045],[84.08265239100007,27.621724395000058],[84.08384789100006,27.62465252000004],[84.08358101700009,27.62936195700007],[84.08407245500007,27.630916395000042],[84.08264695400004,27.63424333200004],[84.08208295500003,27.636827332000053],[84.08405276600007,27.641199207000057],[84.08576832900008,27.643786332000047],[84.08703557900003,27.64449858200004],[84.09245258000004,27.645603020000067],[84.09614845400006,27.64710558200005],[84.10023264200004,27.648072957000068],[84.09929976700005,27.652627207000023],[84.09839564200007,27.65321902000005],[84.09708220400006,27.657852457000047],[84.09828464200007,27.659884770000076],[84.09712570400006,27.662622644000066],[84.10013226700005,27.667936832000066],[84.10008970400008,27.669545707000054],[84.10155026700005,27.671981582000058],[84.09787901700008,27.676402394000036],[84.09416414100008,27.67909695700007],[84.09280139200007,27.68168151900005],[84.09405351600003,27.68417183200006],[84.09744101700005,27.68808445700006],[84.09708832900003,27.69016739400007],[84.09890564100004,27.69091751900004],[84.10051470400003,27.685988269000063],[84.10365551700005,27.683318770000028],[84.10746814100008,27.683500894000076],[84.10845989200004,27.68216433200007],[84.11448264200004,27.68155026900007],[84.11576626700008,27.68193727000005],[84.11768557900007,27.683815270000025],[84.12035395400005,27.68125870700004],[84.12496101700003,27.68102220700007],[84.12719226700005,27.68317733200007],[84.12986870400005,27.688472957000045],[84.13040464200003,27.692306269000028],[84.12971845400006,27.69619927000008],[84.12947070400008,27.705915832000073],[84.12860557900007,27.708947082000066],[84.12659058000008,27.71092783200004],[84.12662620400005,27.713529520000066],[84.12487726700004,27.717141395000056],[84.12464795500006,27.72227276900003],[84.12307220400004,27.725329457000043],[84.12317126700003,27.728258207000067],[84.12810639200006,27.729851332000067],[84.13173495400008,27.729534270000045],[84.13541370500008,27.73008126900004],[84.14149520500007,27.735707269000045],[84.14391914200007,27.736925520000057],[84.14614251700004,27.73731808200006],[84.15051733000007,27.739881207000053],[84.15212307900003,27.742618769000046],[84.15436432900003,27.74454108200007],[84.15771839200005,27.746613207000053],[84.15876526700004,27.74813739500007],[84.16011064200006,27.74978076900004],[84.16052857900007,27.75175689400004],[84.15969657900007,27.752818395000077],[84.15815745500004,27.753813020000052],[84.15477726700004,27.758550832000026],[84.15028276700008,27.759295894000047],[84.14410526700004,27.763253519000045],[84.14193420400005,27.763551395000036],[84.13843926700008,27.766088894000063],[84.13798582900006,27.767574082000067],[84.13446995400005,27.768771207000043],[84.13245583000008,27.769932957000037],[84.12865120400005,27.77043745700007],[84.12316345400006,27.77234914400003]]]}},{"type":"Feature","properties":{"STATE_CODE":4,"DISTRICT":"NAWALPARASI_E","GaPa_NaPa":"Kawasoti","Type_GN":"Nagarpalika","Province":"Gandaki","provinceId":"4","provinceCode":"4","provinceName":"Gandaki","districtId":"408","districtName":"Nawalparasi East","municipalityId":"40806","municipalityCode":"40806","municipalityName":"Kawasoti Urban Municipality","municipalityNameNe":"कावासोती नगरपालिका","municipalityType":"municipality"},"geometry":{"type":"Polygon","coordinates":[[[84.19251051700007,27.65068333200003],[84.19086132900009,27.653054894000036],[84.18934926700007,27.65294645700004],[84.18824670500004,27.654125769000075],[84.18650076700004,27.65399276900007],[84.18455195500007,27.657023519000063],[84.18166320500006,27.65739295700007],[84.18104001700004,27.660408394000058],[84.17883751700003,27.661088144000075],[84.17821514200006,27.663142332000064],[84.17444320400006,27.66367970700003],[84.17363064200003,27.665490394000074],[84.17164970400006,27.66632095700004],[84.16768332900006,27.66703439500003],[84.16731445400006,27.669850895000025],[84.16660776700007,27.670375207000063],[84.16571370500003,27.673959582000066],[84.16421289100003,27.675229519000027],[84.16490907900004,27.67783039400007],[84.16195758000003,27.68227683200007],[84.15928070400008,27.684644707000075],[84.16031651700007,27.688080082000056],[84.16013939100003,27.693520645000035],[84.16186864100007,27.70036695700003],[84.15656620500005,27.70329064500004],[84.15413851600005,27.70616133200008],[84.15200864200006,27.713136144000032],[84.15132320400005,27.714389270000026],[84.15017376700007,27.719099707000055],[84.15009920500006,27.72233102000007],[84.15363132900006,27.723947270000053],[84.15390720400006,27.726724644000058],[84.15555420500004,27.72825720700007],[84.15627789200005,27.73249395700003],[84.15783939200008,27.734006332000035],[84.15816489200006,27.739003957000023],[84.15643664200007,27.741086395000025],[84.15534133000006,27.74380889500003],[84.15889570400003,27.746724707000055],[84.15876526700004,27.74813739500007],[84.15771839200005,27.746613207000053],[84.15436432900003,27.74454108200007],[84.15212307900003,27.742618769000046],[84.15051733000007,27.739881207000053],[84.14614251700004,27.73731808200006],[84.14391914200007,27.736925520000057],[84.14149520500007,27.735707269000045],[84.13541370500008,27.73008126900004],[84.13173495400008,27.729534270000045],[84.12810639200006,27.729851332000067],[84.12317126700003,27.728258207000067],[84.12307220400004,27.725329457000043],[84.12464795500006,27.72227276900003],[84.12487726700004,27.717141395000056],[84.12662620400005,27.713529520000066],[84.12659058000008,27.71092783200004],[84.12860557900007,27.708947082000066],[84.12947070400008,27.705915832000073],[84.12971845400006,27.69619927000008],[84.13040464200003,27.692306269000028],[84.12986870400005,27.688472957000045],[84.12719226700005,27.68317733200007],[84.12496101700003,27.68102220700007],[84.12035395400005,27.68125870700004],[84.11768557900007,27.683815270000025],[84.11576626700008,27.68193727000005],[84.11448264200004,27.68155026900007],[84.10845989200004,27.68216433200007],[84.10746814100008,27.683500894000076],[84.10365551700005,27.683318770000028],[84.10051470400003,27.685988269000063],[84.09890564100004,27.69091751900004],[84.09708832900003,27.69016739400007],[84.09744101700005,27.68808445700006],[84.09405351600003,27.68417183200006],[84.09280139200007,27.68168151900005],[84.09416414100008,27.67909695700007],[84.09787901700008,27.676402394000036],[84.10155026700005,27.671981582000058],[84.10008970400008,27.669545707000054],[84.10013226700005,27.667936832000066],[84.09712570400006,27.662622644000066],[84.09828464200007,27.659884770000076],[84.09708220400006,27.657852457000047],[84.09839564200007,27.65321902000005],[84.09929976700005,27.652627207000023],[84.10023264200004,27.648072957000068],[84.09614845400006,27.64710558200005],[84.09245258000004,27.645603020000067],[84.08703557900003,27.64449858200004],[84.08576832900008,27.643786332000047],[84.08405276600007,27.641199207000057],[84.08208295500003,27.636827332000053],[84.08264695400004,27.63424333200004],[84.08407245500007,27.630916395000042],[84.08358101700009,27.62936195700007],[84.08384789100006,27.62465252000004],[84.08265239100007,27.621724395000058],[84.06916189200007,27.625477457000045],[84.06572945400006,27.617297145000066],[84.06603889100006,27.615288707000047],[84.06532501600003,27.611899769000047],[84.06367014200003,27.607935894000036],[84.06369670400005,27.606787332000067],[84.06520464100004,27.605374082000026],[84.06710520400009,27.602451020000046],[84.06521926700003,27.597413145000075],[84.06653139100007,27.59182770700005],[84.06875195500004,27.58924970700008],[84.07262783000004,27.590520394000066],[84.07464276700006,27.590733707000027],[84.07681789200007,27.58865202000004],[84.07714807900004,27.586797020000063],[84.07466451700003,27.585873207000077],[84.07570989100003,27.582278019000057],[84.07567839200004,27.57967626900006],[84.07804120500003,27.57879945700006],[84.08080808000005,27.578633144000037],[84.08105232900004,27.57670145700007],[84.07928026700006,27.570095457000036],[84.07894457900005,27.564562645000024],[84.07821333000004,27.563098582000066],[84.08087845400007,27.561434020000036],[84.08635282900008,27.55999552000003],[84.08931282900005,27.558813582000028],[84.09337751700008,27.556035395000038],[84.10183589200005,27.554763582000078],[84.10446182900006,27.554788707000057],[84.10944145400003,27.558548707000057],[84.10769939200009,27.563403832000063],[84.10783951700006,27.56624014500005],[84.11160939200005,27.56789120700006],[84.11535639200008,27.567240519000052],[84.11618482900008,27.56788745700004],[84.11686064200006,27.571824457000048],[84.11948283000004,27.577628207000032],[84.11941564200004,27.579334207000045],[84.11786483000003,27.581397957000036],[84.11874189200006,27.583926707000046],[84.11858851600005,27.58584264500007],[84.11703770500003,27.588021457000025],[84.11551120400009,27.588706457000058],[84.11842520400006,27.593864582000037],[84.12045801700003,27.599804207000034],[84.12159458000008,27.601473019000025],[84.12528570400008,27.605292207000048],[84.12637751700004,27.608378145000074],[84.12854883000006,27.610650645000078],[84.13117701700008,27.61223227000005],[84.13640745400005,27.611958707000042],[84.14135064200008,27.611141332000045],[84.14366907900006,27.612294332000033],[84.14556689200003,27.614280332000078],[84.15083576600006,27.61863426900004],[84.15218401700008,27.62013783200007],[84.15492139200006,27.621944519000067],[84.15956557900006,27.62249433200003],[84.16349445400004,27.62355258200006],[84.16984326700003,27.623477270000024],[84.17082164200008,27.62398601900003],[84.17456751700007,27.628029457000025],[84.17421051600007,27.63196976900008],[84.17464414200003,27.634611520000078],[84.17621157900004,27.639336895000042],[84.17915732900008,27.64097808200006],[84.18439682900004,27.642322832000048],[84.18903589100006,27.641463645000044],[84.19002964200007,27.644684519000066],[84.19237326700005,27.64794189500003],[84.19251051700007,27.65068333200003]]]}},{"type":"Feature","properties":{"STATE_CODE":4,"DISTRICT":"NAWALPARASI_E","GaPa_NaPa":"Madhyabindu","Type_GN":"Nagarpalika","Province":"Gandaki","provinceId":"4","provinceCode":"4","provinceName":"Gandaki","districtId":"408","districtName":"Nawalparasi East","municipalityId":"40807","municipalityCode":"40807","municipalityName":"Madhya Bindu Urban Municipality","municipalityNameNe":"मध्यबिन्दु नगरपालिका","municipalityType":"municipality"},"geometry":{"type":"Polygon","coordinates":[[[83.92632770400007,27.72666883200003],[83.92354301800003,27.726561208000078],[83.92064820500008,27.729371145000073],[83.91865851700004,27.728460707000067],[83.91889289100004,27.727795144000027],[83.91680895400003,27.725000395000052],[83.91678026700004,27.72308014500004],[83.91215101700004,27.718595957000048],[83.90986639200008,27.713916832000052],[83.90980645400003,27.712285457000064],[83.90596145400008,27.710331019000023],[83.90480339200008,27.708883832000026],[83.90520220400003,27.706936769000038],[83.90666432900008,27.707510894000052],[83.91121032900008,27.70515139500003],[83.90884520400004,27.70093245700008],[83.90839607900006,27.696396707000076],[83.90674176700009,27.694306144000052],[83.90323733000008,27.69172683200003],[83.90136776600008,27.688171582000052],[83.90043733000005,27.685503770000025],[83.89839339200006,27.684301895000033],[83.89777870400007,27.681832832000055],[83.89835907900004,27.679563269000028],[83.90064732900004,27.67889920700003],[83.90212776600004,27.677690832000053],[83.90397320500006,27.67788620700003],[83.90282632900005,27.675610895000034],[83.90339526700006,27.673587207000026],[83.90591970400004,27.672945894000065],[83.91170089200006,27.670158395000044],[83.91350526600007,27.663245707000044],[83.91686833000006,27.662557332000063],[83.92102695400007,27.65904189400004],[83.92242907900004,27.654498145000048],[83.92078751700006,27.653635270000052],[83.91863139200007,27.651330207000058],[83.91597039200008,27.651107394000064],[83.91420682900008,27.64844370700007],[83.91423195400006,27.645417769000062],[83.91684864200005,27.642937207000045],[83.92009720400006,27.638491644000055],[83.92010314200007,27.636824082000032],[83.92136407900006,27.634538957000075],[83.92112614100006,27.632004832000064],[83.92245914200004,27.625292520000073],[83.92132026700006,27.62274883200007],[83.92193551700007,27.61660026900006],[83.92107170400004,27.614289082000028],[83.92098720400008,27.611585770000033],[83.92154589200004,27.610099082000033],[83.91863995400007,27.603341457000056],[83.91818082900005,27.600865832000068],[83.91839158000005,27.597939207000024],[83.91917120400007,27.595653894000066],[83.92016051600007,27.590518644000042],[83.92259126700003,27.589615207000065],[83.92318376700007,27.588532395000072],[83.92307239100006,27.585659832000033],[83.92411776700004,27.584295207000025],[83.92416764200004,27.582171894000055],[83.92212164200004,27.579961645000026],[83.91721789200005,27.572219019000045],[83.91700651700006,27.570456644000046],[83.91866914100007,27.567623395000055],[83.91807801700008,27.565768207000076],[83.91892970400005,27.564484707000076],[83.92198476600004,27.56493776900004],[83.92344314200005,27.564205207000043],[83.92757551700004,27.559947144000034],[83.92801295400005,27.55736826900005],[83.92566832900008,27.553785894000043],[83.92414045500004,27.549398394000036],[83.92426439100007,27.545009582000034],[83.92857126700005,27.548234145000038],[83.93087907900008,27.548555707000048],[83.93325264200007,27.548004019000075],[83.94094414200003,27.54732376900006],[83.94853539100006,27.54775101900003],[83.95425195400009,27.549619207000035],[83.95704026600004,27.549951769000074],[83.95981889100005,27.55267170700006],[83.96382020400006,27.553604707000034],[83.96897470500005,27.553035082000065],[83.97305089100007,27.553437582000072],[83.97486420400008,27.554053957000065],[83.98069595500004,27.560752207000064],[83.98216720400006,27.561860332000037],[83.98428176700008,27.562194582000075],[83.98623026700005,27.561696082000026],[83.99381189200005,27.562296832000072],[83.99574007900009,27.561845644000073],[84.00000001700005,27.561721582000075],[84.00236970400005,27.56105139400006],[84.00596826700007,27.558792519000065],[84.00781114200004,27.557149707000065],[84.01013076700008,27.554182207000053],[84.01259789200003,27.549432082000067],[84.01431170400008,27.545318207000037],[84.01887726700005,27.541364332000057],[84.02334664100005,27.540481269000054],[84.02808057900006,27.54234208200006],[84.03237639200006,27.544412645000023],[84.03534820500005,27.545109207000053],[84.03678170400008,27.545988832000035],[84.03792064200007,27.547773457000062],[84.04059026600004,27.54827139500003],[84.04381164200004,27.551337020000062],[84.04678270400007,27.556672707000075],[84.05267064200007,27.558302019000052],[84.05487232900003,27.561710770000047],[84.06056807900006,27.563775332000034],[84.06210095400007,27.565329332000033],[84.06510082900007,27.564145645000053],[84.06750070400005,27.563724769000032],[84.07821333000004,27.563098582000066],[84.07894457900005,27.564562645000024],[84.07928026700006,27.570095457000036],[84.08105232900004,27.57670145700007],[84.08080808000005,27.578633144000037],[84.07804120500003,27.57879945700006],[84.07567839200004,27.57967626900006],[84.07570989100003,27.582278019000057],[84.07466451700003,27.585873207000077],[84.07714807900004,27.586797020000063],[84.07681789200007,27.58865202000004],[84.07464276700006,27.590733707000027],[84.07262783000004,27.590520394000066],[84.06875195500004,27.58924970700008],[84.06653139100007,27.59182770700005],[84.06521926700003,27.597413145000075],[84.06710520400009,27.602451020000046],[84.06520464100004,27.605374082000026],[84.06369670400005,27.606787332000067],[84.06367014200003,27.607935894000036],[84.06532501600003,27.611899769000047],[84.06603889100006,27.615288707000047],[84.06572945400006,27.617297145000066],[84.06916189200007,27.625477457000045],[84.06701089200004,27.62595239500007],[84.05845089200005,27.62582089400007],[84.05245595500008,27.625333582000053],[84.05339114200007,27.627842457000042],[84.05357426700004,27.631348957000057],[84.05578070400009,27.633056269000065],[84.05612333000005,27.63543445700003],[84.05519945400005,27.639205394000044],[84.05339589200008,27.64098420700003],[84.05122664200007,27.643988394000075],[84.04903576700008,27.648199832000046],[84.04648070400003,27.650206707000052],[84.04403201700006,27.65309576900006],[84.03741883000004,27.65528426900005],[84.03338101700007,27.65899270700004],[84.02968664100007,27.661495957000056],[84.02285539100006,27.66816739400008],[84.01845314100007,27.66934589400006],[84.01424526700004,27.66808958200005],[84.01469457900004,27.670659707000027],[84.01411301700006,27.673703644000057],[84.01716007900006,27.676873645000057],[84.01722270400006,27.68015008200007],[84.01838582900007,27.683787332000065],[84.01782632900006,27.688146894000056],[84.01659645400008,27.689710769000044],[84.01635545400006,27.694528395000077],[84.01535907900006,27.696590895000043],[84.01262983000004,27.69832189500005],[84.01022995500006,27.698486769000056],[84.00776164200005,27.699434644000064],[84.00219739200008,27.69855483200007],[84.00114339200007,27.699392019000072],[84.00055301700007,27.70166651900007],[83.99750307900007,27.701402520000045],[83.99525864200007,27.702767582000035],[83.99273226700006,27.701275957000064],[83.98958051700004,27.70218058200004],[83.98758807900003,27.70223233200005],[83.98580264200007,27.704010269000037],[83.98806551700005,27.70647001900005],[83.98914482900005,27.70840839500005],[83.98931570400003,27.71064908200003],[83.98643057900006,27.713435582000045],[83.98254270400008,27.714610769000046],[83.97913182900004,27.714093520000063],[83.97651233000005,27.715085957000042],[83.97259920400006,27.717867457000068],[83.96801489200004,27.719409894000023],[83.96404370400006,27.71826939500005],[83.96239626600004,27.71601252000005],[83.95961076700007,27.713762020000047],[83.95828282900004,27.715264458000036],[83.95483151600007,27.716059895000058],[83.94789157900004,27.715181957000027],[83.94561026700006,27.71627545700005],[83.94566445400005,27.718155082000067],[83.94430476600007,27.71925120700007],[83.94239345400007,27.719397082000057],[83.94188876700008,27.721321645000046],[83.94079864200006,27.72198458200006],[83.93702151700006,27.722158894000074],[83.93394883000008,27.72319545700003],[83.93328214100006,27.726302270000076],[83.93141901700005,27.726256207000063],[83.93043095400003,27.724813832000052],[83.92632770400007,27.72666883200003]]]}}]}