{"type":"FeatureCollection","features":[{"type":"Feature","properties":{"STATE_CODE":5,"DISTRICT":"GULMI","GaPa_NaPa":"Chandrakot","Type_GN":"Gaunpalika","Province":"5","provinceId":"5","provinceCode":"5","provinceName":"Lumbini","districtId":"504","districtName":"Gulmi","municipalityId":"50403","municipalityCode":"50403","municipalityName":"Chandrakot Rural Municipality","municipalityNameNe":"चन्द्रकोट गाउँपालिका","municipalityType":"rural_municipality"},"geometry":{"type":"Polygon","coordinates":[[[83.49498445400008,28.115035582000075],[83.49108382800006,28.11327033200007],[83.48768245400004,28.113230583000075],[83.48580157900005,28.116213083000048],[83.48241426600003,28.117549645000054],[83.47985214100004,28.11727595800005],[83.47611545400008,28.118931332000045],[83.47811645400003,28.121484082000052],[83.47964482900005,28.126146895000034],[83.48026657800006,28.129962270000078],[83.47572089100004,28.13215383200003],[83.47350445300003,28.131522645000075],[83.46890839100007,28.131958395000026],[83.46767139200006,28.13059983200003],[83.46462307900003,28.12978477000007],[83.46324439100005,28.13012233200004],[83.46046026600004,28.13232927000007],[83.45816139100003,28.131604958000025],[83.45544070300008,28.129236395000078],[83.45315589200004,28.126260332000072],[83.44725551600004,28.124914458000035],[83.44562645400003,28.12574495700005],[83.44414495400008,28.12807195700003],[83.44076482900005,28.13084920700004],[83.43787364100007,28.129219645000035],[83.43563407900007,28.129530832000057],[83.43323932900006,28.128938832000074],[83.43148839100007,28.127212333000045],[83.42861426600007,28.125830832000076],[83.42571782800007,28.12567208200005],[83.42217345300008,28.128026270000078],[83.42218532900006,28.13085339500003],[83.42053551600003,28.136444207000068],[83.41561939100006,28.13763039500003],[83.41353220300005,28.140484770000057],[83.41325407900007,28.143919770000025],[83.40928689200007,28.14536927000006],[83.40814014100005,28.148313270000074],[83.40609826600007,28.148703770000054],[83.40242720400005,28.15032814500006],[83.40056839100004,28.15247914500003],[83.39678707900003,28.155749958000058],[83.39576582800004,28.160244457000033],[83.39314801600005,28.164239958000053],[83.39193564200008,28.167357207000066],[83.38641207900008,28.16363908200003],[83.38259282900003,28.16362195800008],[83.37811007900007,28.16264952000006],[83.37208245400006,28.157631270000024],[83.37021464200006,28.15694577000005],[83.36683789100005,28.157437895000044],[83.36597045400003,28.156495207000034],[83.36227570300008,28.156782707000048],[83.35824595400004,28.158426770000062],[83.35200520300003,28.15887570800004],[83.35070739100007,28.160514333000037],[83.34668926600006,28.159349082000062],[83.34038289100005,28.160009270000046],[83.33862126600008,28.159466020000025],[83.34218295300008,28.156768958000043],[83.34467195300005,28.153304020000064],[83.34537201600006,28.150633707000054],[83.35030745400007,28.15344364500004],[83.35114832900007,28.153046020000033],[83.35208620300006,28.150072270000067],[83.35209470300003,28.148084520000054],[83.35289020300007,28.14316070700005],[83.35247807800005,28.139147145000038],[83.35086751600005,28.134651833000078],[83.35079120400007,28.132740458000058],[83.35325014100005,28.129051832000073],[83.35398432800008,28.12531670800007],[83.35583770300008,28.120641457000033],[83.35844439100003,28.119724145000077],[83.36016864100003,28.117532332000053],[83.35951020400006,28.112436957000057],[83.35680857900007,28.11040945800005],[83.35426751600005,28.11016283300006],[83.35146964100005,28.108669520000035],[83.34813664100005,28.10810545700008],[83.34735826600007,28.107061645000044],[83.34197726600007,28.105280583000024],[83.34158114100006,28.103419520000045],[83.34033332900003,28.10212070800003],[83.33754251600004,28.10141008200003],[83.33375164100005,28.103343333000055],[83.33051439100007,28.102395770000044],[83.33372632900006,28.099042832000066],[83.33845589200007,28.097639770000058],[83.33824151600004,28.096451957000056],[83.33524364100003,28.09416989500005],[83.33570189100004,28.090507958000046],[83.34055651600005,28.090445645000045],[83.34193176600007,28.089585895000027],[83.34332751600004,28.08427233200007],[83.34439951600007,28.08233933300005],[83.34600001600006,28.080986395000025],[83.34784639100008,28.078030520000027],[83.34867282900007,28.075405895000074],[83.34845089100008,28.072343083000078],[83.34903026600006,28.07023170700006],[83.34910826600003,28.06726958200005],[83.35050645400008,28.065186957000037],[83.35226501600005,28.064563458000066],[83.35877395400007,28.06590039500003],[83.36171976600008,28.061794207000048],[83.36585395300006,28.059800770000038],[83.36855082900007,28.056085833000054],[83.36810970300007,28.05279870800007],[83.36887982800005,28.051748519000057],[83.36925595400004,28.051470520000066],[83.38084770300009,28.047080708000067],[83.38286920400003,28.046543770000028],[83.38665426600005,28.047260082000037],[83.38592151600005,28.052064957000027],[83.38603770400005,28.05601170700004],[83.39050457900004,28.059925958000065],[83.39413245400004,28.06144239500003],[83.39509101600004,28.062924520000024],[83.39842632900007,28.065389457000038],[83.40078070400006,28.06639252000008],[83.40244520400006,28.06921333300005],[83.40246039100003,28.07239252000005],[83.40174051600007,28.07564745700006],[83.40212151600008,28.077034457000025],[83.40010632900004,28.079776020000054],[83.39780589200006,28.080860270000073],[83.39548739100007,28.084243582000056],[83.39658070400003,28.086188707000076],[83.39794957900006,28.086456458000043],[83.39977314100008,28.088458957000057],[83.40272420400004,28.088444770000024],[83.41140676600008,28.088987707000058],[83.41559139100008,28.09003670800007],[83.42007401600006,28.09241583200003],[83.42298445400007,28.095995207000044],[83.42480770400005,28.095010083000034],[83.42530914100007,28.091810645000066],[83.42772345400004,28.08994114500007],[83.42968270300008,28.089362708000067],[83.43675295300005,28.088631520000035],[83.43776670400007,28.087990395000077],[83.44649926600005,28.08698577000007],[83.45209495300008,28.08567252000006],[83.45366289200007,28.08321264500006],[83.45532732900006,28.081712082000024],[83.45781670300005,28.080636645000027],[83.46012589200006,28.08106314500003],[83.46203732900005,28.082435708000048],[83.46379314100005,28.08523583300007],[83.46519632900004,28.08573320800008],[83.46804689200007,28.087971270000025],[83.47065707900003,28.089055332000044],[83.47414382900007,28.092209457000024],[83.47878407900004,28.090523707000045],[83.48103420400008,28.088867083000025],[83.48320470400006,28.085107270000037],[83.48824489100008,28.083661832000075],[83.48964514100004,28.081045207000045],[83.49202176600005,28.078919582000026],[83.49560545400004,28.079860145000055],[83.49852907900004,28.079275207000023],[83.50181332900007,28.079501520000065],[83.50302076600008,28.080083520000073],[83.50710914100006,28.080059895000034],[83.51110207800008,28.08363458200006],[83.50943882900003,28.087139457000035],[83.50322807800006,28.094163520000052],[83.50303995300004,28.095306770000036],[83.50709420400005,28.098996895000028],[83.50767907800008,28.10151927000004],[83.50431520400008,28.10634689500006],[83.50142564100008,28.107182520000038],[83.49847626700006,28.10985445700004],[83.49762845400005,28.112746145000074],[83.49498445400008,28.115035582000075]]]}},{"type":"Feature","properties":{"STATE_CODE":5,"DISTRICT":"GULMI","GaPa_NaPa":"Chatrakot","Type_GN":"Gaunpalika","Province":"5","provinceId":"5","provinceCode":"5","provinceName":"Lumbini","districtId":"504","districtName":"Gulmi","municipalityId":"50411","municipalityCode":"50411","municipalityName":"Chhatrakot Rural Municipality","municipalityNameNe":"छत्रकोट गाउँपालिका","municipalityType":"rural_municipality"},"geometry":{"type":"Polygon","coordinates":[[[83.38665426600005,28.047260082000037],[83.38286920400003,28.046543770000028],[83.38084770300009,28.047080708000067],[83.36925595400004,28.051470520000066],[83.36887982800005,28.051748519000057],[83.36828714100005,28.049090207000063],[83.36507264100004,28.04808033200004],[83.35980545400008,28.04899908300007],[83.35770870300007,28.05040164500008],[83.35452376700005,28.05121477000006],[83.35226332800005,28.04988195800007],[83.34740414100008,28.045757082000023],[83.34509551600007,28.044710458000054],[83.34479545400006,28.04348383200005],[83.34280582800005,28.041542957000047],[83.34233982800004,28.039968145000046],[83.34094470300005,28.03964108300005],[83.33928532900006,28.035896707000063],[83.34041039200008,28.033693207000056],[83.33983557800008,28.027873770000042],[83.34050739100007,28.02481977000008],[83.34188439100006,28.022867958000063],[83.34237807900007,28.019138395000027],[83.34476995300008,28.016214395000077],[83.34705926600003,28.011719520000042],[83.34710901600005,28.009747770000047],[83.34434564100007,28.008243208000067],[83.34142370400008,28.007904332000066],[83.33774407800007,28.008565832000045],[83.33481920400004,28.01004308200004],[83.33162001600004,28.01044495800005],[83.33115276600006,28.00932583200006],[83.32690976600009,28.005000145000054],[83.32538814100008,28.000416957000027],[83.32309201600003,27.99750414500005],[83.32200132900005,27.994631020000043],[83.31828351600006,27.99596189400006],[83.31505276600006,27.99507945700003],[83.31415539100004,27.99393327000007],[83.31308395400004,27.990315645000067],[83.31100082900008,27.98752095800006],[83.31334614100007,27.985093645000063],[83.31266926600006,27.983761333000075],[83.31347051600005,27.97935433200007],[83.31275345300008,27.97874827000004],[83.31299151600007,27.975324458000046],[83.31221639100005,27.97276420700007],[83.31235920400007,27.97052889500003],[83.31033601600006,27.967066707000072],[83.30807864100007,27.96606714400008],[83.30556695400008,27.965752145000067],[83.30519101700008,27.96444383200003],[83.30333782800005,27.964175019000038],[83.30299232900006,27.962833020000062],[83.30098251600003,27.959618895000062],[83.30260964100006,27.957373145000076],[83.30466582800005,27.956111020000037],[83.30458914100006,27.95480864500007],[83.30289314100008,27.95270858200007],[83.30007120300007,27.951735332000055],[83.29922026600008,27.95036145800003],[83.29506307800006,27.950240957000062],[83.29466626600004,27.949717707000048],[83.29521795300008,27.945555395000042],[83.29285476600006,27.94344270700003],[83.28784914100004,27.94366958300003],[83.28596576600006,27.942218083000057],[83.28526682800003,27.940806520000024],[83.28496576600008,27.93718364500006],[83.28151239100004,27.93560433300007],[83.28060314100009,27.931278769000073],[83.28183576600009,27.927514957000028],[83.28382107800007,27.925600644000042],[83.28934257900005,27.924483020000025],[83.29341676600006,27.924429582000073],[83.29585757900009,27.92508964500007],[83.29881176600009,27.926810457000045],[83.30166820400007,27.926312770000038],[83.30418089100004,27.92666620700004],[83.30705695400007,27.928061582000055],[83.30988870300007,27.927696708000042],[83.31096420300008,27.92595570700007],[83.31529520400005,27.925063520000037],[83.31954926700007,27.92376689500003],[83.32231033000005,27.921828833000063],[83.32386276700004,27.921782333000067],[83.32725176800005,27.920623396000053],[83.32989707900003,27.920846082000025],[83.33606314100007,27.922534332000055],[83.33745133000008,27.922139395000045],[83.34019482800005,27.922766270000068],[83.34135757800004,27.92556289600003],[83.34360157900005,27.926216646000057],[83.34618326700007,27.926265020000073],[83.34703607900008,27.927467208000053],[83.34821614100008,27.931105457000058],[83.34870676700007,27.93650933300006],[83.34531601700007,27.938702208000052],[83.34462064200005,27.939838395000038],[83.34466758000008,27.94316658300005],[83.34658926700007,27.946415770000044],[83.34705583000004,27.94931283300008],[83.34957476700004,27.950182145000042],[83.35527664200004,27.95292777000003],[83.35662607900008,27.95408258300006],[83.35837595400005,27.952087145000064],[83.36293339100007,27.95148327100003],[83.36513664100005,27.952914958000065],[83.36822695500007,27.954217520000043],[83.37197482900007,27.956942208000044],[83.37351982800004,27.95766002000005],[83.37651007800008,27.957833771000026],[83.37986183000004,27.95867927000006],[83.37901295400007,27.956816208000077],[83.38127520500007,27.956427020000035],[83.38522357800008,27.95484502000005],[83.38767126600004,27.952371708000044],[83.38885764200006,27.951918957000032],[83.39009801600008,27.949762957000075],[83.39357058000007,27.948521520000043],[83.39493507900005,27.947151145000078],[83.39765851600004,27.94866127000006],[83.39953151600008,27.951929832000076],[83.39915482900005,27.953649770000027],[83.39575070400008,27.95765108200004],[83.39405307900006,27.96068514500007],[83.39288739200003,27.96123270700008],[83.39209307900006,27.964273020000064],[83.39104814100006,27.966161457000055],[83.38842714200007,27.968787457000076],[83.38488157800003,27.974547770000072],[83.38543945400005,27.97818970700007],[83.38525370400004,27.980296270000053],[83.38620457900004,27.983059957000023],[83.38800151600003,27.98481433200004],[83.38844189100007,27.98661676900008],[83.38775364100007,27.989887645000067],[83.38804220400004,27.991899270000033],[83.38355689100007,27.99643020700006],[83.38144082800005,27.997393145000046],[83.37613870300004,27.998314582000035],[83.37550982800008,27.998981832000027],[83.37548145300008,28.003347645000076],[83.37738051600007,28.00594645700005],[83.37750657900006,28.00938789500003],[83.37697057900004,28.01208170700005],[83.37601201600006,28.013683832000027],[83.37591045400006,28.01580658200004],[83.37697645400004,28.017189958000074],[83.38016232900003,28.01701483200003],[83.38087339100008,28.018385395000053],[83.38349470400004,28.017395333000024],[83.38512964100005,28.01749970800006],[83.38736320300006,28.01510220700004],[83.39045245300008,28.016379458000074],[83.39230114100008,28.017879082000036],[83.39488501600005,28.017931083000065],[83.39636570300007,28.01696514500003],[83.39978514100005,28.01725083200006],[83.40372739100007,28.019621332000042],[83.40687620300008,28.01995983200004],[83.40782901600005,28.023504082000045],[83.40927689200004,28.02704364500005],[83.40899651600006,28.030190020000077],[83.41251120400005,28.03239364500007],[83.41396645400005,28.03385064500003],[83.41215995400006,28.03572920700003],[83.40871670400008,28.03706377000003],[83.40516357900003,28.037208520000036],[83.40157195400008,28.03972452000005],[83.40009345300007,28.041439583000056],[83.39658657900003,28.04273289500003],[83.39368232800007,28.045213270000033],[83.39102470300008,28.046672645000058],[83.38665426600005,28.047260082000037]]]}},{"type":"Feature","properties":{"STATE_CODE":5,"DISTRICT":"GULMI","GaPa_NaPa":"Dhurkot","Type_GN":"Gaunpalika","Province":"5","provinceId":"5","provinceCode":"5","provinceName":"Lumbini","districtId":"504","districtName":"Gulmi","municipalityId":"50408","municipalityCode":"50408","municipalityName":"Dhurkot Rural Municipality","municipalityNameNe":"धुर्कोट गाउँपालिका","municipalityType":"rural_municipality"},"geometry":{"type":"Polygon","coordinates":[[[83.12655382800006,28.175682082000037],[83.12359820400007,28.174447145000045],[83.11919751600004,28.174935583000035],[83.11631626600007,28.176166958000067],[83.11358120400007,28.17613570800006],[83.10879132800005,28.176646083000037],[83.10611826600007,28.17639620700004],[83.10414864100005,28.174957520000078],[83.10197239100006,28.17159289500006],[83.10140407800003,28.166711333000023],[83.10223964000005,28.165354083000068],[83.10574995400003,28.16277795700006],[83.10493245300006,28.16170095800004],[83.10509376500005,28.159682770000074],[83.10635807900007,28.159607520000066],[83.10710282900004,28.15725702000003],[83.10869801600006,28.159223395000026],[83.10982639100007,28.157919957000047],[83.10979114100007,28.155796645000066],[83.11115232800006,28.15546708200003],[83.11223282900005,28.156760020000036],[83.11370001600005,28.15499852000005],[83.11075982800008,28.152709770000058],[83.11142570300007,28.151265583000054],[83.10997751600007,28.148535270000025],[83.10713451600003,28.147451895000074],[83.10772601600007,28.145461270000055],[83.11000326600004,28.14511502000005],[83.11470607800004,28.141361957000072],[83.11683614000003,28.136757333000048],[83.11914445300005,28.13414602000006],[83.11627345300008,28.133484520000025],[83.11818220300006,28.129929770000047],[83.11857251600009,28.12826277000005],[83.12054182800006,28.126854020000053],[83.12078545300005,28.12433089500007],[83.12400101600008,28.12241795700004],[83.12271007800007,28.120622770000068],[83.12526882800006,28.11488127000007],[83.12094932900004,28.114382208000052],[83.11998389100006,28.11360664500006],[83.11688039100005,28.112891770000033],[83.11543582800005,28.111623520000023],[83.11172795300007,28.11029552000008],[83.11045707800008,28.111471770000037],[83.10876414100005,28.11151714500005],[83.10408132800006,28.11330739500005],[83.10045382800007,28.112277394000046],[83.09812045300004,28.110285645000033],[83.09441951600007,28.11021164500005],[83.08996189100003,28.11089508200007],[83.08743870400008,28.110718145000078],[83.08437182800003,28.10722770800004],[83.07897382800007,28.106704207000064],[83.07438226600004,28.106799645000024],[83.07235389100003,28.107950145000075],[83.06856276500008,28.105336582000064],[83.06815682900003,28.10309570800007],[83.06850826600004,28.098204520000024],[83.06919582800003,28.096183145000055],[83.07344414100004,28.091934207000065],[83.07639401600005,28.09069514500004],[83.08005920300008,28.09300077000006],[83.08520107800007,28.095225895000056],[83.08719957800008,28.096430458000043],[83.08865839100008,28.09606333200003],[83.09228364100005,28.097206457000027],[83.09668207800007,28.095969770000067],[83.10071901500004,28.09443727000007],[83.10110226500007,28.092490458000043],[83.09896532800008,28.090136770000072],[83.09829514100005,28.086533770000074],[83.09893857900005,28.08424345700007],[83.09838657800003,28.081983645000037],[83.10237764100003,28.079173770000068],[83.10426414100004,28.07704952000006],[83.11222101600003,28.081426333000024],[83.11682920300007,28.081029645000058],[83.12219551500004,28.083015645000046],[83.12478932900007,28.08471533200003],[83.12764076600007,28.08398445800003],[83.12846295400004,28.078342458000066],[83.12854976500006,28.075231707000057],[83.12726189100005,28.073815645000025],[83.12627264100007,28.070639394000068],[83.12731645300005,28.069150145000037],[83.12934564100004,28.06785889500003],[83.13352545300006,28.06612558300003],[83.13660782900007,28.06555389500005],[83.13729145400004,28.06388183200005],[83.13955526600006,28.062041458000067],[83.15014395400004,28.060803270000065],[83.15234245300007,28.059591770000054],[83.15817826600005,28.061089708000054],[83.16033732800008,28.06539195700003],[83.16419032800007,28.068104895000033],[83.16629995300008,28.068850957000052],[83.16952920300008,28.072776082000075],[83.17154064100004,28.073864333000074],[83.17321370300004,28.078831395000066],[83.17697726600005,28.080146832000025],[83.18086001600005,28.084129707000045],[83.18139307800004,28.085464020000074],[83.18588582800004,28.087467208000078],[83.18664364100005,28.085569708000037],[83.18838595400007,28.083594582000046],[83.19051089100003,28.083634207000046],[83.19494357900004,28.082746520000057],[83.19696932900007,28.07996064500003],[83.19754357900007,28.076886583000032],[83.19718457900007,28.074109332000035],[83.20290939100005,28.072455020000064],[83.20423557800007,28.075219832000073],[83.20622220400008,28.076837770000054],[83.20309726600004,28.083008457000062],[83.20518001600004,28.084974395000074],[83.20695626600008,28.08776883300004],[83.20582420300008,28.08953120800004],[83.20603632800004,28.090910957000062],[83.20424064100007,28.095191895000028],[83.20475526600006,28.097818833000076],[83.20416882800004,28.099958833000073],[83.20780076600005,28.101220770000054],[83.21182482800003,28.10035952000004],[83.21289857800008,28.104280208000034],[83.21197332800006,28.105628645000024],[83.21210595300005,28.108111207000036],[83.21039526600003,28.110159020000026],[83.20920751600005,28.110246957000072],[83.20671439100005,28.11248652000006],[83.20532589100003,28.114561020000053],[83.20748482900007,28.11681614500003],[83.20430045300003,28.123293270000033],[83.20072882800008,28.12376208200004],[83.19401101600005,28.12009708200003],[83.18607995300005,28.119601207000073],[83.18512814100006,28.122088645000076],[83.18495489100007,28.125686270000074],[83.18149589100005,28.125431020000065],[83.18050214100003,28.127879832000076],[83.18214132900005,28.12962239500007],[83.18171726600008,28.130793082000025],[83.18186126600006,28.13541914500007],[83.18034701600004,28.138404020000053],[83.17761651600006,28.13860427000003],[83.17557782800003,28.136385458000063],[83.17387295400005,28.133081145000062],[83.17094095300007,28.13004920700007],[83.16840589100008,28.130060895000042],[83.16465789100005,28.130997020000052],[83.16253214100004,28.13089833300006],[83.16175314100008,28.133413707000045],[83.16214207900003,28.13519395800006],[83.16008745300007,28.136453895000045],[83.15840932800006,28.13867270700007],[83.15962501600006,28.13948789500006],[83.15649132900006,28.143143957000063],[83.15511532800008,28.147180770000034],[83.15376682900006,28.148675082000068],[83.15045626600005,28.15081827000006],[83.14888182800007,28.15330608200003],[83.14840607800005,28.155557083000076],[83.14699764100004,28.15858058200007],[83.14699982800005,28.160338145000026],[83.14422964100004,28.161857333000057],[83.14112064100004,28.16243577000006],[83.13721895300006,28.161134270000048],[83.13618570400007,28.162670957000046],[83.13612026600003,28.16431527000003],[83.13378251500006,28.16360114500003],[83.13234807900005,28.164562208000063],[83.13199764000007,28.168151770000065],[83.13331339100006,28.171185645000037],[83.12975707900006,28.174531520000073],[83.12655382800006,28.175682082000037]]]}},{"type":"Feature","properties":{"STATE_CODE":5,"DISTRICT":"GULMI","GaPa_NaPa":"Gulmidarbar","Type_GN":"Gaunpalika","Province":"5","provinceId":"5","provinceCode":"5","provinceName":"Lumbini","districtId":"504","districtName":"Gulmi","municipalityId":"50410","municipalityCode":"50410","municipalityName":"Gulmi Durbar Rural Municipality","municipalityNameNe":"गुल्मी दरबार गाउँपालिका","municipalityType":"rural_municipality"},"geometry":{"type":"Polygon","coordinates":[[[83.36887982800005,28.051748519000057],[83.36810970300007,28.05279870800007],[83.36855082900007,28.056085833000054],[83.36585395300006,28.059800770000038],[83.36171976600008,28.061794207000048],[83.35877395400007,28.06590039500003],[83.35226501600005,28.064563458000066],[83.35050645400008,28.065186957000037],[83.34910826600003,28.06726958200005],[83.34903026600006,28.07023170700006],[83.34845089100008,28.072343083000078],[83.34867282900007,28.075405895000074],[83.34784639100008,28.078030520000027],[83.34600001600006,28.080986395000025],[83.34439951600007,28.08233933300005],[83.34332751600004,28.08427233200007],[83.34193176600007,28.089585895000027],[83.34055651600005,28.090445645000045],[83.33570189100004,28.090507958000046],[83.33524364100003,28.09416989500005],[83.33824151600004,28.096451957000056],[83.33845589200007,28.097639770000058],[83.33372632900006,28.099042832000066],[83.33051439100007,28.102395770000044],[83.33029695400006,28.103712332000043],[83.33154264100006,28.106367270000078],[83.33365370300004,28.107604957000035],[83.33400482900004,28.109673333000046],[83.33333357900005,28.111842832000036],[83.33159501600005,28.114282395000032],[83.32870345400005,28.11571002000005],[83.32815651600004,28.112566645000072],[83.32486257800008,28.10997608200006],[83.32398720300006,28.10713345700003],[83.32062614100005,28.101101708000044],[83.31547176600003,28.098959708000052],[83.31425345400004,28.094833707000078],[83.31498389100005,28.092549520000034],[83.31441095400004,28.089674520000074],[83.31611395400006,28.08727333300004],[83.31614232900006,28.08580239500003],[83.31420707900008,28.083267895000063],[83.31076901600005,28.081477332000077],[83.30913401600003,28.08015370700008],[83.30454114100007,28.081479770000044],[83.30101614100005,28.08102414500007],[83.29826814100005,28.079320207000023],[83.29797689100008,28.081130458000075],[83.29386951600003,28.081910395000023],[83.29337864100006,28.084024145000058],[83.29081745400003,28.082704582000076],[83.28895095300004,28.080641770000057],[83.28869982800006,28.07454189500004],[83.28447226600008,28.066760645000045],[83.28210482900005,28.064167145000056],[83.28524757900004,28.064722833000076],[83.28320889100007,28.06083370700003],[83.28568907900006,28.055758770000068],[83.28631957900006,28.05180233200008],[83.28932307900004,28.04742727000007],[83.29062107800007,28.043422332000034],[83.28714495400004,28.043208020000066],[83.28487326600003,28.04205683200007],[83.27915789100007,28.040249020000033],[83.27940070400007,28.03816327000004],[83.28188626600007,28.034796395000058],[83.28133007800005,28.03196639500004],[83.28150482800004,28.03001564500005],[83.27908532900005,28.027864083000054],[83.27898564100008,28.022071708000055],[83.27746120300003,28.021143145000053],[83.27478595300005,28.021632208000028],[83.27361526600004,28.020270020000055],[83.27493157900005,28.018203457000027],[83.27505001600008,28.014903208000078],[83.27139226600008,28.01552458200007],[83.26895139100003,28.014922770000055],[83.26829326600006,28.01119645700004],[83.26993695400006,28.005963894000047],[83.26969089100004,28.003814645000034],[83.27055464100005,28.000405520000072],[83.27312707800007,27.998404270000037],[83.27069464100003,27.996656333000033],[83.26573182900006,27.99610420700003],[83.26591307900009,27.99327358200003],[83.26455614100007,27.990626457000076],[83.26488207800008,27.988773583000068],[83.26560120300007,27.985837520000075],[83.26712820400007,27.98513945700006],[83.26871001600006,27.98308114500003],[83.27057101600008,27.982829270000025],[83.27221264100007,27.980085332000044],[83.27596620400004,27.975635457000067],[83.27946101600008,27.97206408200003],[83.27970401600004,27.97005727000004],[83.28215926600006,27.967536333000055],[83.28687382900006,27.96787445700005],[83.28841770400004,27.967349957000067],[83.29026101600004,27.96780620800007],[83.29174864100008,27.966933957000037],[83.29481201600004,27.966875208000033],[83.29897920400003,27.96815777000006],[83.30304932800004,27.967352644000073],[83.30333782800005,27.964175019000038],[83.30519101700008,27.96444383200003],[83.30556695400008,27.965752145000067],[83.30807864100007,27.96606714400008],[83.31033601600006,27.967066707000072],[83.31235920400007,27.97052889500003],[83.31221639100005,27.97276420700007],[83.31299151600007,27.975324458000046],[83.31275345300008,27.97874827000004],[83.31347051600005,27.97935433200007],[83.31266926600006,27.983761333000075],[83.31334614100007,27.985093645000063],[83.31100082900008,27.98752095800006],[83.31308395400004,27.990315645000067],[83.31415539100004,27.99393327000007],[83.31505276600006,27.99507945700003],[83.31828351600006,27.99596189400006],[83.32200132900005,27.994631020000043],[83.32309201600003,27.99750414500005],[83.32538814100008,28.000416957000027],[83.32690976600009,28.005000145000054],[83.33115276600006,28.00932583200006],[83.33162001600004,28.01044495800005],[83.33481920400004,28.01004308200004],[83.33774407800007,28.008565832000045],[83.34142370400008,28.007904332000066],[83.34434564100007,28.008243208000067],[83.34710901600005,28.009747770000047],[83.34705926600003,28.011719520000042],[83.34476995300008,28.016214395000077],[83.34237807900007,28.019138395000027],[83.34188439100006,28.022867958000063],[83.34050739100007,28.02481977000008],[83.33983557800008,28.027873770000042],[83.34041039200008,28.033693207000056],[83.33928532900006,28.035896707000063],[83.34094470300005,28.03964108300005],[83.34233982800004,28.039968145000046],[83.34280582800005,28.041542957000047],[83.34479545400006,28.04348383200005],[83.34509551600007,28.044710458000054],[83.34740414100008,28.045757082000023],[83.35226332800005,28.04988195800007],[83.35452376700005,28.05121477000006],[83.35770870300007,28.05040164500008],[83.35980545400008,28.04899908300007],[83.36507264100004,28.04808033200004],[83.36828714100005,28.049090207000063],[83.36887982800005,28.051748519000057]]]}},{"type":"Feature","properties":{"STATE_CODE":5,"DISTRICT":"GULMI","GaPa_NaPa":"Isma","Type_GN":"Gaunpalika","Province":"5","provinceId":"5","provinceCode":"5","provinceName":"Lumbini","districtId":"504","districtName":"Gulmi","municipalityId":"50405","municipalityCode":"50405","municipalityName":"Isma Rural Municipality","municipalityNameNe":"ईस्मा गाउँपालिका","municipalityType":"rural_municipality"},"geometry":{"type":"Polygon","coordinates":[[[83.26071014100006,28.114771458000064],[83.25905551600005,28.115683020000063],[83.25871751600005,28.117646395000065],[83.25723626600006,28.11733602000004],[83.25611639100003,28.11961327000006],[83.25794395400004,28.11985114500004],[83.25984026700007,28.121007457000076],[83.26039120400003,28.123844270000063],[83.26150032800007,28.125639395000064],[83.26047520300006,28.12745908200003],[83.26049920300005,28.13015770800007],[83.25914595300003,28.132228395000027],[83.25751445400005,28.139152895000052],[83.25472001600008,28.142768082000032],[83.25329576600006,28.143696582000075],[83.25215376600005,28.149698645000058],[83.24959764100004,28.151699457000063],[83.24918926600003,28.15718883200003],[83.24809545400007,28.15942552000007],[83.24837620400007,28.162105145000055],[83.24972507900003,28.16586008300004],[83.25135782900009,28.171931457000028],[83.24936964100004,28.17561845800003],[83.24571832900006,28.177155207000055],[83.24430926600007,28.178336520000073],[83.24338682800004,28.180648457000075],[83.24493889100006,28.183220083000037],[83.24535389100004,28.185230395000076],[83.24377314100008,28.186315895000064],[83.24356920300005,28.187614332000066],[83.24103164100006,28.189901645000077],[83.24037201600004,28.191621707000024],[83.23833876600008,28.19270689500007],[83.23717232800004,28.195897458000047],[83.23894382900005,28.197933332000048],[83.23854176600008,28.199767645000065],[83.23961226600005,28.200594833000025],[83.23895145300008,28.202468270000054],[83.23784857900006,28.20301945800003],[83.23511232900006,28.207254895000062],[83.23341501600004,28.209262395000053],[83.22996782900003,28.21211514500004],[83.22793495400003,28.213261145000047],[83.22711951600007,28.21525777000005],[83.22337345300008,28.211441645000036],[83.21833445400006,28.212159770000028],[83.21519226600003,28.214555895000046],[83.21435520300008,28.216513958000064],[83.21154345300005,28.21602845700005],[83.20659407900007,28.214282895000053],[83.20459364100003,28.214359270000045],[83.20395776600003,28.215309957000045],[83.20022620400005,28.215561207000064],[83.20092551600004,28.21986552000004],[83.20400064100005,28.22206970700006],[83.20431514100005,28.22444052000003],[83.20606582800008,28.22745589500005],[83.20637032800005,28.22891064500004],[83.20793901600007,28.230968333000078],[83.20605170400006,28.23194333200007],[83.20460832800006,28.23355264500003],[83.20214070300005,28.232689958000037],[83.19866270300008,28.22994645700004],[83.19443651600005,28.228398645000027],[83.19343714100006,28.225658207000038],[83.19082189100004,28.224564333000046],[83.19137239100007,28.22199114500006],[83.19112832800005,28.219180770000037],[83.19189089100007,28.216859145000058],[83.19080332800007,28.21430777000006],[83.19194276600007,28.212847958000054],[83.19099014100004,28.20984164500004],[83.19135789100005,28.208068207000053],[83.19519032900007,28.202527082000074],[83.19547295400008,28.20016202000005],[83.19296164100007,28.199756895000064],[83.19058020300008,28.19719564500008],[83.19047201600006,28.195207270000026],[83.18856226600008,28.192766083000038],[83.18630339100008,28.190873270000054],[83.18484339100007,28.188624207000032],[83.18521732900007,28.183683145000032],[83.18716814100003,28.182135707000043],[83.18795670400004,28.178668145000074],[83.18773532900008,28.177213832000064],[83.18574007800004,28.174808270000028],[83.18619439100007,28.170456457000057],[83.18544901600006,28.167810020000047],[83.18313957800007,28.164691770000047],[83.18204614100006,28.164468645000056],[83.17961414100006,28.15878658300005],[83.17824026600005,28.156632708000075],[83.17530870300004,28.157519832000048],[83.17452570300009,28.156364457000052],[83.16771807800006,28.156027708000067],[83.16674564100003,28.156513645000075],[83.16259432900006,28.160903645000076],[83.15898651600008,28.160694333000038],[83.15781382800003,28.159841020000044],[83.15376014100008,28.159148208000033],[83.14940770300007,28.160249332000035],[83.14984532800008,28.15754014500004],[83.14840607800005,28.155557083000076],[83.14888182800007,28.15330608200003],[83.15045626600005,28.15081827000006],[83.15376682900006,28.148675082000068],[83.15511532800008,28.147180770000034],[83.15649132900006,28.143143957000063],[83.15962501600006,28.13948789500006],[83.15840932800006,28.13867270700007],[83.16008745300007,28.136453895000045],[83.16214207900003,28.13519395800006],[83.16175314100008,28.133413707000045],[83.16253214100004,28.13089833300006],[83.16465789100005,28.130997020000052],[83.16840589100008,28.130060895000042],[83.17094095300007,28.13004920700007],[83.17387295400005,28.133081145000062],[83.17557782800003,28.136385458000063],[83.17761651600006,28.13860427000003],[83.18034701600004,28.138404020000053],[83.18186126600006,28.13541914500007],[83.18171726600008,28.130793082000025],[83.18214132900005,28.12962239500007],[83.18050214100003,28.127879832000076],[83.18149589100005,28.125431020000065],[83.18495489100007,28.125686270000074],[83.18512814100006,28.122088645000076],[83.18607995300005,28.119601207000073],[83.19401101600005,28.12009708200003],[83.20072882800008,28.12376208200004],[83.20430045300003,28.123293270000033],[83.20748482900007,28.11681614500003],[83.20532589100003,28.114561020000053],[83.20671439100005,28.11248652000006],[83.20920751600005,28.110246957000072],[83.21039526600003,28.110159020000026],[83.21210595300005,28.108111207000036],[83.21515414100008,28.107546583000044],[83.21667370300008,28.103812207000033],[83.21663795400008,28.101637020000055],[83.21987682800005,28.100484520000066],[83.22053564100008,28.098098895000078],[83.22187614100005,28.097183708000045],[83.22418826500007,28.09741795700006],[83.22629707800007,28.095358645000033],[83.22913001600006,28.095435520000024],[83.23025957900006,28.097012207000034],[83.23234301600007,28.095065457000032],[83.23324951600006,28.09558720800004],[83.23230420400006,28.09886020700003],[83.23259414100005,28.101158707000025],[83.23353526600005,28.10259433300007],[83.23170657900005,28.105291583000053],[83.23316807800006,28.105922458000066],[83.23306232900006,28.10849620700003],[83.23374789100006,28.111164708000047],[83.23340232900006,28.112530020000065],[83.23528095400007,28.11486889500003],[83.23921439100008,28.114667395000026],[83.23866457800005,28.11239683200006],[83.23948507800003,28.110303145000046],[83.24095201600005,28.109045520000052],[83.24063614100004,28.105934707000074],[83.24119064100006,28.104200457000047],[83.24469814100007,28.104820020000034],[83.24692726600006,28.10403583300007],[83.24835926600008,28.101473833000057],[83.24949864100006,28.10141914500008],[83.25003039100005,28.103536145000078],[83.25403614100009,28.10395283200006],[83.25530851600007,28.106565645000046],[83.25804645300008,28.107036270000037],[83.25789576600005,28.108969020000075],[83.25672989100008,28.11115127000005],[83.25903957900005,28.110732833000043],[83.26226451600007,28.112291207000055],[83.26071014100006,28.114771458000064]]]}},{"type":"Feature","properties":{"STATE_CODE":5,"DISTRICT":"GULMI","GaPa_NaPa":"Kaligandaki","Type_GN":"Gaunpalika","Province":"5","provinceId":"5","provinceCode":"5","provinceName":"Lumbini","districtId":"504","districtName":"Gulmi","municipalityId":"50401","municipalityCode":"50401","municipalityName":"Kali Gandaki Rural Municipality","municipalityNameNe":"कालिगण्डकी गाउँपालिका","municipalityType":"rural_municipality"},"geometry":{"type":"Polygon","coordinates":[[[83.55657445400004,28.11563670700008],[83.55598732800007,28.117234457000052],[83.55305051600004,28.118053020000048],[83.55115801600004,28.119344270000056],[83.54632057900005,28.120709082000076],[83.53960395400009,28.11973233200007],[83.53426432900005,28.116460707000044],[83.53159001600005,28.118331082000054],[83.52678251600008,28.120724332000066],[83.52345464100006,28.119853145000036],[83.52177570300006,28.12016995700003],[83.51774870300005,28.122116520000077],[83.51461764200008,28.125225957000055],[83.51236814100008,28.126826707000077],[83.50783607900007,28.12579514500004],[83.50666176600004,28.123209770000074],[83.50237257900005,28.119378895000068],[83.50109864200004,28.117066082000065],[83.49656476600006,28.11620339500007],[83.49498445400008,28.115035582000075],[83.49762845400005,28.112746145000074],[83.49847626700006,28.10985445700004],[83.50142564100008,28.107182520000038],[83.50431520400008,28.10634689500006],[83.50767907800008,28.10151927000004],[83.50709420400005,28.098996895000028],[83.50303995300004,28.095306770000036],[83.50322807800006,28.094163520000052],[83.50943882900003,28.087139457000035],[83.51110207800008,28.08363458200006],[83.50710914100006,28.080059895000034],[83.50302076600008,28.080083520000073],[83.50181332900007,28.079501520000065],[83.49852907900004,28.079275207000023],[83.49560545400004,28.079860145000055],[83.49202176600005,28.078919582000026],[83.49064957900003,28.078034583000033],[83.48741232900005,28.073207583000055],[83.48561307900007,28.071686895000028],[83.48369095400005,28.071271270000068],[83.48003576700006,28.067367645000047],[83.47991201600007,28.065929895000068],[83.48062876600005,28.061882582000067],[83.48288626700008,28.05743489500003],[83.48334470400005,28.05530895700008],[83.48840470300007,28.056442520000076],[83.48956857800005,28.054450020000047],[83.49395139100005,28.049531708000075],[83.49576814100004,28.049227020000046],[83.49885526600008,28.047552895000024],[83.49986889100006,28.04615764500005],[83.50100832900006,28.04222002000006],[83.50024839100007,28.040461895000078],[83.50061589100005,28.03909139500007],[83.50318245400007,28.038209520000066],[83.50707645400007,28.039482520000035],[83.50952207900008,28.03967177000004],[83.51310095300005,28.03873683300003],[83.51532689100003,28.039076394000062],[83.51783407900007,28.038721958000053],[83.51962132900007,28.03606127000006],[83.52000382900007,28.034241707000035],[83.52246089100004,28.03016864500006],[83.52506326700006,28.026901457000065],[83.52957282900007,28.02320764500007],[83.53098489100006,28.01883970800003],[83.53763976700003,28.01761902000004],[83.54269370400004,28.01343245700008],[83.54546539100005,28.013572457000066],[83.54442070400006,28.009961145000034],[83.54186632900007,28.00550320700006],[83.53748664200003,27.999890582000035],[83.53668264100008,27.998193395000044],[83.53912195400005,27.993528708000042],[83.54417989100006,27.988042395000036],[83.54660314100005,27.984142457000075],[83.55068201700004,27.979176082000038],[83.55199457800006,27.976619457000027],[83.55635270400006,27.97628158300006],[83.55817176600004,27.97404014500006],[83.56247807900007,27.97369514500008],[83.57053170300009,27.975773770000046],[83.57485720400007,27.975708207000025],[83.57884189200007,27.97414333300003],[83.58110420400004,27.97605233200005],[83.58067707900005,27.97804789500003],[83.58212745400004,27.97953020700004],[83.58724289100007,27.978726582000036],[83.58743920400008,27.97965227000003],[83.58645226700008,27.983011270000077],[83.58601582900008,27.986888582000063],[83.58698307900005,27.98770152000003],[83.59253507900007,27.98852133200006],[83.59543014100007,27.98925639500004],[83.59862682900007,27.991179145000046],[83.60326220400003,27.994904269000074],[83.60534764200008,27.997094395000033],[83.60612832800007,27.99999827000005],[83.60513976700008,28.002078082000025],[83.60703145400004,28.00579289500007],[83.60729995400004,28.007287332000033],[83.60694764100003,28.011862208000025],[83.60530282900004,28.013761895000073],[83.60348126700006,28.013867145000063],[83.60084701700004,28.014967395000042],[83.59883489200007,28.020108207000078],[83.59689926700008,28.021564583000043],[83.59317826600005,28.021407020000026],[83.59260770300006,28.02513952000004],[83.59016714100005,28.02616795700004],[83.58632032900005,28.025874395000073],[83.58270557800006,28.029784895000034],[83.58119964100007,28.033140020000076],[83.57996301600008,28.033885332000068],[83.57594701600004,28.032336457000042],[83.57247282900005,28.032533270000044],[83.56665982900006,28.033913958000028],[83.56358307900007,28.035567145000073],[83.56394126600009,28.036852082000053],[83.56597464100008,28.038943395000047],[83.56571720300008,28.04098227000003],[83.56240076600005,28.041811082000038],[83.56118832900006,28.043438583000068],[83.56374307900006,28.049333395000076],[83.56369495400008,28.052663582000037],[83.56604951600008,28.05790339500004],[83.56320139100006,28.063009458000067],[83.56294445400005,28.064037520000056],[83.56524751600006,28.06466302000007],[83.56861932900006,28.064384895000046],[83.57064820300008,28.065848833000075],[83.57128851600004,28.068113895000067],[83.57362407900007,28.07244877000005],[83.57732814100007,28.074854145000074],[83.58156470300008,28.076367582000046],[83.58270476600006,28.077262270000062],[83.57870326700004,28.081108332000042],[83.57774226600003,28.083043582000073],[83.57766807900003,28.086885833000053],[83.57466964100007,28.088907207000034],[83.57132264200004,28.088993833000075],[83.56918857900007,28.08955577000006],[83.56626339100006,28.09110114500004],[83.56486614100004,28.092380520000063],[83.56422789100003,28.094339207000075],[83.56590320300006,28.097537208000062],[83.56724551600007,28.09910277000006],[83.56706845300005,28.100591395000038],[83.56238264200005,28.10434902000003],[83.55714789100006,28.106624645000068],[83.55618276700005,28.113491957000065],[83.55657445400004,28.11563670700008]]]}},{"type":"Feature","properties":{"STATE_CODE":5,"DISTRICT":"GULMI","GaPa_NaPa":"Madane","Type_GN":"Gaunpalika","Province":"5","provinceId":"5","provinceCode":"5","provinceName":"Lumbini","districtId":"504","districtName":"Gulmi","municipalityId":"50407","municipalityCode":"50407","municipalityName":"Madane Rural Municipality","municipalityNameNe":"मदाने गाउँपालिका","municipalityType":"rural_municipality"},"geometry":{"type":"Polygon","coordinates":[[[83.07980951600007,28.233591020000063],[83.07817501600005,28.233803395000052],[83.07270695300008,28.23899158300003],[83.06515351600007,28.24160233300006],[83.06125557800004,28.24242170800005],[83.05697870300008,28.24276002000005],[83.05295301500007,28.24350158200008],[83.04821864100006,28.24291820700006],[83.04480682900004,28.242989145000024],[83.04103076600006,28.24045620800007],[83.03876464100006,28.240124395000066],[83.03304695300005,28.241148958000053],[83.03091551600005,28.24043677000003],[83.02698764100006,28.238211395000064],[83.02644776500006,28.235874770000066],[83.02908151600008,28.235999520000064],[83.03031214100008,28.231579520000025],[83.02902920300005,28.227531958000043],[83.02865270300003,28.224375270000053],[83.02942876600008,28.22021595700005],[83.03032226600004,28.217991020000056],[83.03172120300007,28.216306520000046],[83.03323739000007,28.211356083000055],[83.03606614100005,28.205904958000076],[83.03633657900008,28.20357864500005],[83.03761389100003,28.20129977000005],[83.03706332800004,28.196558082000024],[83.03840695300005,28.194110645000023],[83.03924082800006,28.19138883200003],[83.03810551600003,28.185609708000072],[83.03721332800006,28.183651832000066],[83.03564982800003,28.18075077000003],[83.03584820300006,28.17750783300005],[83.03512939100005,28.175436207000075],[83.03143539000007,28.17474445700003],[83.03300495300005,28.171644395000044],[83.03483695300008,28.169507270000054],[83.03674220300007,28.168135395000036],[83.04094420300004,28.16769108300008],[83.04380145300007,28.168699270000047],[83.04358995300004,28.165888895000023],[83.04151920400005,28.162844457000062],[83.04009814100004,28.162042583000073],[83.03881982800004,28.15994445700005],[83.03887776500005,28.157551082000055],[83.04046345300003,28.155942270000025],[83.04401370300008,28.15498114500008],[83.04625664100007,28.153746832000024],[83.05065295400004,28.152450833000046],[83.05282626500008,28.150399270000037],[83.05532107800008,28.14984114500004],[83.05523770300005,28.147663395000052],[83.05748257800008,28.144536020000032],[83.05882757900008,28.144603957000072],[83.05762501600003,28.140979083000047],[83.05464095300005,28.14235283200003],[83.05294520300004,28.14240877000003],[83.05148170300004,28.14023277000007],[83.05353570400007,28.13930389500007],[83.05496789100005,28.13450139500003],[83.05892051600006,28.13141964500005],[83.06049582800006,28.129503707000026],[83.06107926600004,28.126516020000054],[83.05767914000006,28.122323333000054],[83.05552326600008,28.12127289500006],[83.05493801500006,28.11981364500008],[83.05595120400005,28.115310582000063],[83.05504807800008,28.11346558200006],[83.05299095400005,28.11144114500007],[83.05481945300005,28.110844644000053],[83.05758182900007,28.107330520000062],[83.05896189100008,28.106577395000045],[83.06256176500005,28.10683670800006],[83.06493632800004,28.109533207000027],[83.06741070300006,28.108825895000052],[83.07058045300005,28.109330145000058],[83.07235389100003,28.107950145000075],[83.07438226600004,28.106799645000024],[83.07897382800007,28.106704207000064],[83.08437182800003,28.10722770800004],[83.08743870400008,28.110718145000078],[83.08996189100003,28.11089508200007],[83.09441951600007,28.11021164500005],[83.09812045300004,28.110285645000033],[83.10045382800007,28.112277394000046],[83.10408132800006,28.11330739500005],[83.10876414100005,28.11151714500005],[83.11045707800008,28.111471770000037],[83.11172795300007,28.11029552000008],[83.11543582800005,28.111623520000023],[83.11688039100005,28.112891770000033],[83.11998389100006,28.11360664500006],[83.12094932900004,28.114382208000052],[83.12526882800006,28.11488127000007],[83.12271007800007,28.120622770000068],[83.12400101600008,28.12241795700004],[83.12078545300005,28.12433089500007],[83.12054182800006,28.126854020000053],[83.11857251600009,28.12826277000005],[83.11818220300006,28.129929770000047],[83.11627345300008,28.133484520000025],[83.11914445300005,28.13414602000006],[83.11683614000003,28.136757333000048],[83.11470607800004,28.141361957000072],[83.11000326600004,28.14511502000005],[83.10772601600007,28.145461270000055],[83.10713451600003,28.147451895000074],[83.10997751600007,28.148535270000025],[83.11142570300007,28.151265583000054],[83.11075982800008,28.152709770000058],[83.11370001600005,28.15499852000005],[83.11223282900005,28.156760020000036],[83.11115232800006,28.15546708200003],[83.10979114100007,28.155796645000066],[83.10982639100007,28.157919957000047],[83.10869801600006,28.159223395000026],[83.10710282900004,28.15725702000003],[83.10635807900007,28.159607520000066],[83.10509376500005,28.159682770000074],[83.10493245300006,28.16170095800004],[83.10574995400003,28.16277795700006],[83.10223964000005,28.165354083000068],[83.10140407800003,28.166711333000023],[83.10197239100006,28.17159289500006],[83.10414864100005,28.174957520000078],[83.10611826600007,28.17639620700004],[83.10879132800005,28.176646083000037],[83.11358120400007,28.17613570800006],[83.11631626600007,28.176166958000067],[83.11919751600004,28.174935583000035],[83.12359820400007,28.174447145000045],[83.12655382800006,28.175682082000037],[83.12555745400005,28.177658895000036],[83.12354595300008,28.179836770000065],[83.12354501500005,28.181479270000068],[83.12238414000007,28.182881895000037],[83.12066389100005,28.182672333000028],[83.11696139100007,28.185633395000025],[83.11257651500006,28.188073270000075],[83.11156682900008,28.189418145000047],[83.11015632800007,28.188619333000076],[83.10647470300006,28.189687332000062],[83.10211076500008,28.192136020000078],[83.10122489000008,28.19544902000007],[83.09994757900006,28.19774414500006],[83.09994689100006,28.199194833000035],[83.10147889100006,28.20127608200005],[83.10176845300003,28.204754708000053],[83.10255451500007,28.206578270000023],[83.10418326600006,28.20795395700003],[83.10487189000008,28.211965333000023],[83.10812076500008,28.21387045800003],[83.10950951600006,28.21357489500008],[83.11300045300004,28.21510470800007],[83.11632695400004,28.216076083000075],[83.11290857800003,28.22020752000003],[83.11219014000005,28.22230102000003],[83.10913982800008,28.223167895000074],[83.10120407800008,28.222080395000035],[83.09904282900004,28.22331383200003],[83.09594439100005,28.22417102000003],[83.09454282900003,28.22615614500006],[83.09033714000003,28.227955707000035],[83.08541626600004,28.228868207000062],[83.08381764100005,28.23248989500007],[83.08232107800006,28.233560520000026],[83.07980951600007,28.233591020000063]]]}},{"type":"Feature","properties":{"STATE_CODE":5,"DISTRICT":"GULMI","GaPa_NaPa":"Malika","Type_GN":"Gaunpalika","Province":"5","provinceId":"5","provinceCode":"5","provinceName":"Lumbini","districtId":"504","districtName":"Gulmi","municipalityId":"50406","municipalityCode":"50406","municipalityName":"Malika Rural Municipality","municipalityNameNe":"मालिका गाउँपालिका","municipalityType":"rural_municipality"},"geometry":{"type":"Polygon","coordinates":[[[83.18818001600005,28.267824145000077],[83.18740620400007,28.270012520000023],[83.18616132900007,28.270251020000046],[83.18332645300006,28.26904289500004],[83.17988364100006,28.264776208000058],[83.17656057900007,28.263201707000064],[83.17555264100008,28.261435833000064],[83.17102664000004,28.258304020000026],[83.16961732800007,28.257950270000038],[83.16764914100008,28.26160002000006],[83.16489276600004,28.26316477000006],[83.16343620300006,28.267183083000077],[83.16137582800008,28.267838208000057],[83.15860976600004,28.27035939500007],[83.15736657900004,28.27061795800006],[83.15453670300008,28.267487020000033],[83.15059832800006,28.265853957000047],[83.14999001600006,28.264112958000055],[83.14723314100007,28.262699145000056],[83.14400420300007,28.258667583000033],[83.14197814100004,28.25714552000005],[83.14028376600004,28.254384645000073],[83.13706864100004,28.25134570800003],[83.13278851500007,28.249980707000077],[83.12973651500005,28.250624582000057],[83.12840489100006,28.253404707000072],[83.12797170300007,28.256533457000046],[83.12635332900004,28.257628645000068],[83.12489370400004,28.25671008300003],[83.12061514100003,28.256389332000026],[83.11846639100008,28.25395464500008],[83.11566051600005,28.253081458000054],[83.11349795400008,28.251833333000036],[83.10770382800007,28.25209339500003],[83.10519426600007,28.253516458000036],[83.10303407900005,28.255496707000077],[83.09957214100007,28.25603570800007],[83.09777095300007,28.25583883300004],[83.09553476600007,28.256846083000028],[83.09421901600007,28.254278957000054],[83.09302851600006,28.25321745800005],[83.09123739000006,28.25027033300006],[83.09048764100004,28.247639207000077],[83.08707895300006,28.246138707000057],[83.08457576600006,28.24309652000005],[83.08238776600007,28.238973457000043],[83.08113101600009,28.235567270000047],[83.07980951600007,28.233591020000063],[83.08232107800006,28.233560520000026],[83.08381764100005,28.23248989500007],[83.08541626600004,28.228868207000062],[83.09033714000003,28.227955707000035],[83.09454282900003,28.22615614500006],[83.09594439100005,28.22417102000003],[83.09904282900004,28.22331383200003],[83.10120407800008,28.222080395000035],[83.10913982800008,28.223167895000074],[83.11219014000005,28.22230102000003],[83.11290857800003,28.22020752000003],[83.11632695400004,28.216076083000075],[83.11300045300004,28.21510470800007],[83.10950951600006,28.21357489500008],[83.10812076500008,28.21387045800003],[83.10487189000008,28.211965333000023],[83.10418326600006,28.20795395700003],[83.10255451500007,28.206578270000023],[83.10176845300003,28.204754708000053],[83.10147889100006,28.20127608200005],[83.09994689100006,28.199194833000035],[83.09994757900006,28.19774414500006],[83.10122489000008,28.19544902000007],[83.10211076500008,28.192136020000078],[83.10647470300006,28.189687332000062],[83.11015632800007,28.188619333000076],[83.11156682900008,28.189418145000047],[83.11257651500006,28.188073270000075],[83.11696139100007,28.185633395000025],[83.12066389100005,28.182672333000028],[83.12238414000007,28.182881895000037],[83.12354501500005,28.181479270000068],[83.12354595300008,28.179836770000065],[83.12555745400005,28.177658895000036],[83.12655382800006,28.175682082000037],[83.12975707900006,28.174531520000073],[83.13331339100006,28.171185645000037],[83.13199764000007,28.168151770000065],[83.13234807900005,28.164562208000063],[83.13378251500006,28.16360114500003],[83.13612026600003,28.16431527000003],[83.13618570400007,28.162670957000046],[83.13721895300006,28.161134270000048],[83.14112064100004,28.16243577000006],[83.14422964100004,28.161857333000057],[83.14699982800005,28.160338145000026],[83.14699764100004,28.15858058200007],[83.14840607800005,28.155557083000076],[83.14984532800008,28.15754014500004],[83.14940770300007,28.160249332000035],[83.15376014100008,28.159148208000033],[83.15781382800003,28.159841020000044],[83.15898651600008,28.160694333000038],[83.16259432900006,28.160903645000076],[83.16674564100003,28.156513645000075],[83.16771807800006,28.156027708000067],[83.17452570300009,28.156364457000052],[83.17530870300004,28.157519832000048],[83.17824026600005,28.156632708000075],[83.17961414100006,28.15878658300005],[83.18204614100006,28.164468645000056],[83.18313957800007,28.164691770000047],[83.18544901600006,28.167810020000047],[83.18619439100007,28.170456457000057],[83.18574007800004,28.174808270000028],[83.18773532900008,28.177213832000064],[83.18795670400004,28.178668145000074],[83.18716814100003,28.182135707000043],[83.18521732900007,28.183683145000032],[83.18484339100007,28.188624207000032],[83.18630339100008,28.190873270000054],[83.18856226600008,28.192766083000038],[83.19047201600006,28.195207270000026],[83.19058020300008,28.19719564500008],[83.19296164100007,28.199756895000064],[83.19547295400008,28.20016202000005],[83.19519032900007,28.202527082000074],[83.19135789100005,28.208068207000053],[83.19099014100004,28.20984164500004],[83.19194276600007,28.212847958000054],[83.19080332800007,28.21430777000006],[83.19189089100007,28.216859145000058],[83.19112832800005,28.219180770000037],[83.19137239100007,28.22199114500006],[83.19082189100004,28.224564333000046],[83.19343714100006,28.225658207000038],[83.19443651600005,28.228398645000027],[83.19866270300008,28.22994645700004],[83.20214070300005,28.232689958000037],[83.20460832800006,28.23355264500003],[83.20244801600006,28.237314583000057],[83.20243314100009,28.241840395000054],[83.20014526500006,28.244390020000026],[83.19979401600006,28.24592670800007],[83.20308945300008,28.247847895000064],[83.20540857800006,28.251780332000067],[83.20366114100005,28.25320739500006],[83.19925751600005,28.25472483300007],[83.19678876600005,28.251705145000074],[83.19457870300005,28.251008520000028],[83.18882507900008,28.250026895000076],[83.18309614100008,28.249446833000036],[83.17869820400006,28.25316339500006],[83.18095951500004,28.25692220700006],[83.18332832800007,28.259307583000066],[83.18310526600004,28.261785770000074],[83.18494595300007,28.264400332000037],[83.18818001600005,28.267824145000077]]]}},{"type":"Feature","properties":{"STATE_CODE":5,"DISTRICT":"GULMI","GaPa_NaPa":"Musikot","Type_GN":"Nagarpalika","Province":"5","provinceId":"5","provinceCode":"5","provinceName":"Lumbini","districtId":"504","districtName":"Gulmi","municipalityId":"50404","municipalityCode":"50404","municipalityName":"Musikot Urban Municipality","municipalityNameNe":"मुसिकोट नगरपालिका","municipalityType":"municipality"},"geometry":{"type":"Polygon","coordinates":[[[83.28386332800005,28.190001582000036],[83.28210639100007,28.189583957000025],[83.28005057900003,28.190879520000067],[83.27827839100007,28.188805770000045],[83.27587695300008,28.187382957000068],[83.27471820300008,28.189655582000057],[83.27267776600007,28.191772332000028],[83.27280407800004,28.19502645800003],[83.26894301600004,28.19861127000007],[83.26628670300005,28.19954014500007],[83.26292770400005,28.19935739500005],[83.26098170300008,28.200364457000035],[83.26054570400004,28.20386370800003],[83.25751570300008,28.205710958000054],[83.25596489100008,28.20851827000007],[83.25590026600008,28.21104708300004],[83.25378970400004,28.214020582000046],[83.24930914100008,28.21676208200006],[83.24620439100005,28.217074457000024],[83.24411589000005,28.219709395000052],[83.24185457900006,28.219604395000033],[83.23908626600007,28.22095402000008],[83.23576282800008,28.221689083000058],[83.23530032800005,28.225558083000067],[83.23322832800005,28.228129770000066],[83.23027051600008,28.230949208000027],[83.22789707800007,28.232373020000068],[83.22807364100004,28.234966332000056],[83.22575976600007,28.235668458000077],[83.22387914100005,28.23713783200003],[83.22203664100005,28.240667333000033],[83.21777932900005,28.243675333000056],[83.21779489000005,28.247655270000052],[83.21706482800005,28.248576145000072],[83.21390707800003,28.24859639500005],[83.21115420300004,28.25051858200004],[83.20745376600007,28.252205082000046],[83.20698245300008,28.254262208000057],[83.20568095400006,28.255815958000028],[83.20311245300007,28.25764877000006],[83.20008139100008,28.258583145000046],[83.19716382900003,28.26098458200005],[83.19521251600008,28.26318420700005],[83.19105832900004,28.26509770800004],[83.19005245400007,28.266980146000037],[83.18818001600005,28.267824145000077],[83.18494595300007,28.264400332000037],[83.18310526600004,28.261785770000074],[83.18332832800007,28.259307583000066],[83.18095951500004,28.25692220700006],[83.17869820400006,28.25316339500006],[83.18309614100008,28.249446833000036],[83.18882507900008,28.250026895000076],[83.19457870300005,28.251008520000028],[83.19678876600005,28.251705145000074],[83.19925751600005,28.25472483300007],[83.20366114100005,28.25320739500006],[83.20540857800006,28.251780332000067],[83.20308945300008,28.247847895000064],[83.19979401600006,28.24592670800007],[83.20014526500006,28.244390020000026],[83.20243314100009,28.241840395000054],[83.20244801600006,28.237314583000057],[83.20460832800006,28.23355264500003],[83.20605170400006,28.23194333200007],[83.20793901600007,28.230968333000078],[83.20637032800005,28.22891064500004],[83.20606582800008,28.22745589500005],[83.20431514100005,28.22444052000003],[83.20400064100005,28.22206970700006],[83.20092551600004,28.21986552000004],[83.20022620400005,28.215561207000064],[83.20395776600003,28.215309957000045],[83.20459364100003,28.214359270000045],[83.20659407900007,28.214282895000053],[83.21154345300005,28.21602845700005],[83.21435520300008,28.216513958000064],[83.21519226600003,28.214555895000046],[83.21833445400006,28.212159770000028],[83.22337345300008,28.211441645000036],[83.22711951600007,28.21525777000005],[83.22793495400003,28.213261145000047],[83.22996782900003,28.21211514500004],[83.23341501600004,28.209262395000053],[83.23511232900006,28.207254895000062],[83.23784857900006,28.20301945800003],[83.23895145300008,28.202468270000054],[83.23961226600005,28.200594833000025],[83.23854176600008,28.199767645000065],[83.23894382900005,28.197933332000048],[83.23717232800004,28.195897458000047],[83.23833876600008,28.19270689500007],[83.24037201600004,28.191621707000024],[83.24103164100006,28.189901645000077],[83.24356920300005,28.187614332000066],[83.24377314100008,28.186315895000064],[83.24535389100004,28.185230395000076],[83.24493889100006,28.183220083000037],[83.24338682800004,28.180648457000075],[83.24430926600007,28.178336520000073],[83.24571832900006,28.177155207000055],[83.24936964100004,28.17561845800003],[83.25135782900009,28.171931457000028],[83.24972507900003,28.16586008300004],[83.24837620400007,28.162105145000055],[83.24809545400007,28.15942552000007],[83.24918926600003,28.15718883200003],[83.24959764100004,28.151699457000063],[83.25215376600005,28.149698645000058],[83.25329576600006,28.143696582000075],[83.25472001600008,28.142768082000032],[83.25751445400005,28.139152895000052],[83.25914595300003,28.132228395000027],[83.26049920300005,28.13015770800007],[83.26047520300006,28.12745908200003],[83.26150032800007,28.125639395000064],[83.26039120400003,28.123844270000063],[83.25984026700007,28.121007457000076],[83.25794395400004,28.11985114500004],[83.25611639100003,28.11961327000006],[83.25723626600006,28.11733602000004],[83.25871751600005,28.117646395000065],[83.25905551600005,28.115683020000063],[83.26071014100006,28.114771458000064],[83.26386864100004,28.115278020000062],[83.26605526600008,28.11472120700006],[83.26710989100008,28.112461582000037],[83.27033532800004,28.109320082000067],[83.27133295400006,28.107806895000067],[83.27426326600005,28.106646957000066],[83.27772095300008,28.106107957000063],[83.27957689100003,28.104779707000034],[83.28048301600006,28.10234777000005],[83.28174464100005,28.10171589500004],[83.28051445300008,28.106512958000053],[83.28060170400005,28.10764377000004],[83.28786326600004,28.11235883200004],[83.29034607800008,28.11210995700003],[83.29077570300007,28.114544395000053],[83.29198251600008,28.115728395000076],[83.29331639100008,28.119399395000073],[83.29618814100007,28.119098333000068],[83.30017945300006,28.120039270000063],[83.30440314100008,28.11886045700004],[83.30684914100004,28.11945270800004],[83.31099045300004,28.119247958000074],[83.31347889100005,28.117487020000056],[83.31709245400003,28.117868333000047],[83.31814782900005,28.120310333000077],[83.32159151600007,28.11934820700003],[83.32418926700007,28.119904770000062],[83.32517495400003,28.11779777000004],[83.32701476600005,28.116143958000066],[83.32870345400005,28.11571002000005],[83.33159501600005,28.114282395000032],[83.33333357900005,28.111842832000036],[83.33400482900004,28.109673333000046],[83.33365370300004,28.107604957000035],[83.33154264100006,28.106367270000078],[83.33029695400006,28.103712332000043],[83.33051439100007,28.102395770000044],[83.33375164100005,28.103343333000055],[83.33754251600004,28.10141008200003],[83.34033332900003,28.10212070800003],[83.34158114100006,28.103419520000045],[83.34197726600007,28.105280583000024],[83.34735826600007,28.107061645000044],[83.34813664100005,28.10810545700008],[83.35146964100005,28.108669520000035],[83.35426751600005,28.11016283300006],[83.35680857900007,28.11040945800005],[83.35951020400006,28.112436957000057],[83.36016864100003,28.117532332000053],[83.35844439100003,28.119724145000077],[83.35583770300008,28.120641457000033],[83.35398432800008,28.12531670800007],[83.35325014100005,28.129051832000073],[83.35079120400007,28.132740458000058],[83.35086751600005,28.134651833000078],[83.35247807800005,28.139147145000038],[83.35289020300007,28.14316070700005],[83.35209470300003,28.148084520000054],[83.35208620300006,28.150072270000067],[83.35114832900007,28.153046020000033],[83.35030745400007,28.15344364500004],[83.34537201600006,28.150633707000054],[83.34467195300005,28.153304020000064],[83.34218295300008,28.156768958000043],[83.33862126600008,28.159466020000025],[83.34038289100005,28.160009270000046],[83.34668926600006,28.159349082000062],[83.35070739100007,28.160514333000037],[83.35200520300003,28.15887570800004],[83.35824595400004,28.158426770000062],[83.36227570300008,28.156782707000048],[83.36597045400003,28.156495207000034],[83.36683789100005,28.157437895000044],[83.37021464200006,28.15694577000005],[83.37208245400006,28.157631270000024],[83.37811007900007,28.16264952000006],[83.38259282900003,28.16362195800008],[83.38641207900008,28.16363908200003],[83.38014314100008,28.170706770000038],[83.37814089100004,28.173511207000047],[83.37486251600006,28.175876582000058],[83.37261707900007,28.176243145000058],[83.37196426600008,28.177760832000047],[83.37236464100005,28.181323020000036],[83.37116495300006,28.18332552000004],[83.36621045300006,28.186244895000073],[83.36641007900005,28.18849295700005],[83.36519026600007,28.189581583000063],[83.36466470300007,28.19201133300004],[83.36043495300004,28.194730708000066],[83.35746082800006,28.195980270000064],[83.35753370300006,28.197316270000044],[83.35474332800004,28.197646083000052],[83.35247582800008,28.194445082000072],[83.35036732900005,28.19435839500005],[83.34964026600005,28.193305770000052],[83.34707845400004,28.19348539500004],[83.34317189100005,28.19117664500004],[83.34016476600004,28.189900958000067],[83.33799051600005,28.190120582000077],[83.33287407800003,28.18893152000004],[83.32938745300004,28.189031833000058],[83.32699276600005,28.190337707000026],[83.32303595400003,28.189785707000055],[83.32060032800007,28.190651270000046],[83.31851482900004,28.190221270000052],[83.31602776600005,28.19286445800003],[83.31266526600007,28.193996020000043],[83.31149376600007,28.19603420800007],[83.30984845400008,28.197481208000056],[83.30829495400008,28.197723833000055],[83.30352389100005,28.19560589500003],[83.29942607900006,28.192683395000074],[83.29257132900005,28.192833208000025],[83.28947245400008,28.192478770000037],[83.28640870300006,28.190287832000024],[83.28386332800005,28.190001582000036]]]}},{"type":"Feature","properties":{"STATE_CODE":5,"DISTRICT":"GULMI","GaPa_NaPa":"Resunga","Type_GN":"Nagarpalika","Province":"5","provinceId":"5","provinceCode":"5","provinceName":"Lumbini","districtId":"504","districtName":"Gulmi","municipalityId":"50409","municipalityCode":"50409","municipalityName":"Resunga Urban Municipality","municipalityNameNe":"रेसुङ्गा नगरपालिका","municipalityType":"municipality"},"geometry":{"type":"Polygon","coordinates":[[[83.32870345400005,28.11571002000005],[83.32701476600005,28.116143958000066],[83.32517495400003,28.11779777000004],[83.32418926700007,28.119904770000062],[83.32159151600007,28.11934820700003],[83.31814782900005,28.120310333000077],[83.31709245400003,28.117868333000047],[83.31347889100005,28.117487020000056],[83.31099045300004,28.119247958000074],[83.30684914100004,28.11945270800004],[83.30440314100008,28.11886045700004],[83.30017945300006,28.120039270000063],[83.29618814100007,28.119098333000068],[83.29331639100008,28.119399395000073],[83.29198251600008,28.115728395000076],[83.29077570300007,28.114544395000053],[83.29034607800008,28.11210995700003],[83.28786326600004,28.11235883200004],[83.28060170400005,28.10764377000004],[83.28051445300008,28.106512958000053],[83.28174464100005,28.10171589500004],[83.28048301600006,28.10234777000005],[83.27957689100003,28.104779707000034],[83.27772095300008,28.106107957000063],[83.27426326600005,28.106646957000066],[83.27133295400006,28.107806895000067],[83.27033532800004,28.109320082000067],[83.26710989100008,28.112461582000037],[83.26605526600008,28.11472120700006],[83.26386864100004,28.115278020000062],[83.26071014100006,28.114771458000064],[83.26226451600007,28.112291207000055],[83.25903957900005,28.110732833000043],[83.25672989100008,28.11115127000005],[83.25789576600005,28.108969020000075],[83.25804645300008,28.107036270000037],[83.25530851600007,28.106565645000046],[83.25403614100009,28.10395283200006],[83.25003039100005,28.103536145000078],[83.24949864100006,28.10141914500008],[83.24835926600008,28.101473833000057],[83.24692726600006,28.10403583300007],[83.24469814100007,28.104820020000034],[83.24119064100006,28.104200457000047],[83.24063614100004,28.105934707000074],[83.24095201600005,28.109045520000052],[83.23948507800003,28.110303145000046],[83.23866457800005,28.11239683200006],[83.23921439100008,28.114667395000026],[83.23528095400007,28.11486889500003],[83.23340232900006,28.112530020000065],[83.23374789100006,28.111164708000047],[83.23306232900006,28.10849620700003],[83.23316807800006,28.105922458000066],[83.23170657900005,28.105291583000053],[83.23353526600005,28.10259433300007],[83.23259414100005,28.101158707000025],[83.23230420400006,28.09886020700003],[83.23324951600006,28.09558720800004],[83.23234301600007,28.095065457000032],[83.23025957900006,28.097012207000034],[83.22913001600006,28.095435520000024],[83.22629707800007,28.095358645000033],[83.22418826500007,28.09741795700006],[83.22187614100005,28.097183708000045],[83.22053564100008,28.098098895000078],[83.21987682800005,28.100484520000066],[83.21663795400008,28.101637020000055],[83.21667370300008,28.103812207000033],[83.21515414100008,28.107546583000044],[83.21210595300005,28.108111207000036],[83.21197332800006,28.105628645000024],[83.21289857800008,28.104280208000034],[83.21182482800003,28.10035952000004],[83.20780076600005,28.101220770000054],[83.20416882800004,28.099958833000073],[83.20475526600006,28.097818833000076],[83.20424064100007,28.095191895000028],[83.20603632800004,28.090910957000062],[83.20582420300008,28.08953120800004],[83.20695626600008,28.08776883300004],[83.20518001600004,28.084974395000074],[83.20309726600004,28.083008457000062],[83.20622220400008,28.076837770000054],[83.20423557800007,28.075219832000073],[83.20290939100005,28.072455020000064],[83.20416876600007,28.06943902000006],[83.20735326600004,28.06666420700003],[83.21136989100006,28.066642270000045],[83.21307257800004,28.065810395000028],[83.21342120400004,28.064352645000042],[83.21671557800005,28.06083595700005],[83.21721001600008,28.059514395000065],[83.22087439100005,28.059099770000046],[83.22163895400007,28.058052708000048],[83.22243445300006,28.054108832000054],[83.22573245400008,28.053073770000026],[83.22882251600004,28.051173395000035],[83.23168332900008,28.048409708000065],[83.23263926600004,28.044791582000073],[83.23458170300006,28.040553895000073],[83.23535082900008,28.038056020000056],[83.23566982800008,28.034213145000024],[83.23495064100007,28.032571145000077],[83.23585026600006,28.03066958200003],[83.23535957900003,28.02926345700007],[83.23486645300005,28.023356145000037],[83.23570820300006,28.020594645000074],[83.23805864100007,28.01786864500008],[83.23941945400009,28.01724445800005],[83.23884814100006,28.01573858200004],[83.24018995400007,28.01383045700004],[83.24031789100007,28.01040395800004],[83.24160932800004,28.00966426900004],[83.24184914100005,28.00781095700006],[83.24373164100007,28.008459832000028],[83.24602726600006,28.008102395000037],[83.24539857900004,28.006481207000036],[83.24670107900005,28.00005127000003],[83.24801395300005,27.997549520000064],[83.25061576600007,27.997004207000032],[83.25411476600004,27.995080520000045],[83.25341307800005,27.99029802000007],[83.25420239100004,27.987152520000052],[83.25563282800005,27.98599377000005],[83.26026782800005,27.986961895000036],[83.26123776600008,27.987862832000076],[83.26488207800008,27.988773583000068],[83.26455614100007,27.990626457000076],[83.26591307900009,27.99327358200003],[83.26573182900006,27.99610420700003],[83.27069464100003,27.996656333000033],[83.27312707800007,27.998404270000037],[83.27055464100005,28.000405520000072],[83.26969089100004,28.003814645000034],[83.26993695400006,28.005963894000047],[83.26829326600006,28.01119645700004],[83.26895139100003,28.014922770000055],[83.27139226600008,28.01552458200007],[83.27505001600008,28.014903208000078],[83.27493157900005,28.018203457000027],[83.27361526600004,28.020270020000055],[83.27478595300005,28.021632208000028],[83.27746120300003,28.021143145000053],[83.27898564100008,28.022071708000055],[83.27908532900005,28.027864083000054],[83.28150482800004,28.03001564500005],[83.28133007800005,28.03196639500004],[83.28188626600007,28.034796395000058],[83.27940070400007,28.03816327000004],[83.27915789100007,28.040249020000033],[83.28487326600003,28.04205683200007],[83.28714495400004,28.043208020000066],[83.29062107800007,28.043422332000034],[83.28932307900004,28.04742727000007],[83.28631957900006,28.05180233200008],[83.28568907900006,28.055758770000068],[83.28320889100007,28.06083370700003],[83.28524757900004,28.064722833000076],[83.28210482900005,28.064167145000056],[83.28447226600008,28.066760645000045],[83.28869982800006,28.07454189500004],[83.28895095300004,28.080641770000057],[83.29081745400003,28.082704582000076],[83.29337864100006,28.084024145000058],[83.29386951600003,28.081910395000023],[83.29797689100008,28.081130458000075],[83.29826814100005,28.079320207000023],[83.30101614100005,28.08102414500007],[83.30454114100007,28.081479770000044],[83.30913401600003,28.08015370700008],[83.31076901600005,28.081477332000077],[83.31420707900008,28.083267895000063],[83.31614232900006,28.08580239500003],[83.31611395400006,28.08727333300004],[83.31441095400004,28.089674520000074],[83.31498389100005,28.092549520000034],[83.31425345400004,28.094833707000078],[83.31547176600003,28.098959708000052],[83.32062614100005,28.101101708000044],[83.32398720300006,28.10713345700003],[83.32486257800008,28.10997608200006],[83.32815651600004,28.112566645000072],[83.32870345400005,28.11571002000005]]]}},{"type":"Feature","properties":{"STATE_CODE":5,"DISTRICT":"GULMI","GaPa_NaPa":"Ruru","Type_GN":"Gaunpalika","Province":"5","provinceId":"5","provinceCode":"5","provinceName":"Lumbini","districtId":"504","districtName":"Gulmi","municipalityId":"50412","municipalityCode":"50412","municipalityName":"Ruruchhetra Rural Municipality","municipalityNameNe":"रुरुक्षेत्र गाउँपालिका","municipalityType":"rural_municipality"},"geometry":{"type":"Polygon","coordinates":[[[83.47590057900004,27.972465208000074],[83.47088145400005,27.97360802000003],[83.46805432900004,27.975088520000043],[83.47093826600008,27.978179520000026],[83.47017395300009,27.979974895000055],[83.46668007900007,27.98139189400007],[83.46370651600006,27.985509394000076],[83.46161164100005,27.986742208000067],[83.46190576700008,27.98785345700003],[83.46376720400008,27.989431082000067],[83.46251707900007,27.993115270000033],[83.46257276600005,27.994435458000055],[83.46441401700008,27.99582127000008],[83.46440507800008,27.997235895000074],[83.46099551600008,27.998826832000077],[83.45753420400007,27.99840933200005],[83.45618857900007,28.000238395000054],[83.45612639100005,28.00310820800007],[83.45233695400003,28.006800270000042],[83.45309651600007,28.009115958000052],[83.45166126600003,28.011386895000044],[83.45040845400007,28.01214452000005],[83.44861201600008,28.010433833000036],[83.44708795400004,28.009910957000045],[83.44547032900005,28.010477582000078],[83.44304657800006,28.012550332000046],[83.43913557900004,28.011823707000076],[83.43783164100006,28.01371139500003],[83.43812876600003,28.017516770000043],[83.43509557800007,28.020234457000072],[83.42949057900006,28.023189582000043],[83.42538957900007,28.024907583000072],[83.42374670400005,28.028300957000056],[83.42127520300005,28.03077245700007],[83.41687576600003,28.032403207000073],[83.41396645400005,28.03385064500003],[83.41251120400005,28.03239364500007],[83.40899651600006,28.030190020000077],[83.40927689200004,28.02704364500005],[83.40782901600005,28.023504082000045],[83.40687620300008,28.01995983200004],[83.40372739100007,28.019621332000042],[83.39978514100005,28.01725083200006],[83.39636570300007,28.01696514500003],[83.39488501600005,28.017931083000065],[83.39230114100008,28.017879082000036],[83.39045245300008,28.016379458000074],[83.38736320300006,28.01510220700004],[83.38512964100005,28.01749970800006],[83.38349470400004,28.017395333000024],[83.38087339100008,28.018385395000053],[83.38016232900003,28.01701483200003],[83.37697645400004,28.017189958000074],[83.37591045400006,28.01580658200004],[83.37601201600006,28.013683832000027],[83.37697057900004,28.01208170700005],[83.37750657900006,28.00938789500003],[83.37738051600007,28.00594645700005],[83.37548145300008,28.003347645000076],[83.37550982800008,27.998981832000027],[83.37613870300004,27.998314582000035],[83.38144082800005,27.997393145000046],[83.38355689100007,27.99643020700006],[83.38804220400004,27.991899270000033],[83.38775364100007,27.989887645000067],[83.38844189100007,27.98661676900008],[83.38800151600003,27.98481433200004],[83.38620457900004,27.983059957000023],[83.38525370400004,27.980296270000053],[83.38543945400005,27.97818970700007],[83.38488157800003,27.974547770000072],[83.38842714200007,27.968787457000076],[83.39104814100006,27.966161457000055],[83.39209307900006,27.964273020000064],[83.39288739200003,27.96123270700008],[83.39405307900006,27.96068514500007],[83.39575070400008,27.95765108200004],[83.39915482900005,27.953649770000027],[83.39953151600008,27.951929832000076],[83.39765851600004,27.94866127000006],[83.39493507900005,27.947151145000078],[83.39518626700004,27.944873396000048],[83.39713245400003,27.94335439500003],[83.39961582900008,27.941970833000028],[83.40068089200008,27.940235896000047],[83.40092795500004,27.935162458000036],[83.40213745300008,27.934441207000077],[83.40708870400005,27.934051958000055],[83.41136239200006,27.931877145000044],[83.41272432900007,27.930793145000052],[83.41485201700004,27.931208395000056],[83.42040745300005,27.930457957000044],[83.42136676700005,27.930651520000026],[83.42436876700003,27.933642457000076],[83.42687845500006,27.934864520000076],[83.42684470500006,27.936931208000033],[83.42945320500007,27.939685707000024],[83.43433801600008,27.939581771000064],[83.43526701600007,27.93897414500003],[83.43571764200004,27.935548582000024],[83.43881951700007,27.93499270700005],[83.44021445400006,27.935596271000065],[83.44271232800008,27.935265707000042],[83.44725414100003,27.93862564500006],[83.44739689100004,27.939966457000025],[83.44492676700008,27.942921332000026],[83.44611820400007,27.945207269000036],[83.44912276600007,27.94621664500005],[83.45190695400004,27.947913208000045],[83.45793851600007,27.949642895000068],[83.46213464100003,27.952531644000032],[83.46440107900008,27.954568895000023],[83.46610770400008,27.96006520700007],[83.46815114200007,27.963365082000053],[83.47590057900004,27.972465208000074]]]}},{"type":"Feature","properties":{"STATE_CODE":5,"DISTRICT":"GULMI","GaPa_NaPa":"Satyawati","Type_GN":"Gaunpalika","Province":"5","provinceId":"5","provinceCode":"5","provinceName":"Lumbini","districtId":"504","districtName":"Gulmi","municipalityId":"50402","municipalityCode":"50402","municipalityName":"Satyawoti Rural Municipality","municipalityNameNe":"सत्यवती गाउँपालिका","municipalityType":"rural_municipality"},"geometry":{"type":"Polygon","coordinates":[[[83.49202176600005,28.078919582000026],[83.48964514100004,28.081045207000045],[83.48824489100008,28.083661832000075],[83.48320470400006,28.085107270000037],[83.48103420400008,28.088867083000025],[83.47878407900004,28.090523707000045],[83.47414382900007,28.092209457000024],[83.47065707900003,28.089055332000044],[83.46804689200007,28.087971270000025],[83.46519632900004,28.08573320800008],[83.46379314100005,28.08523583300007],[83.46203732900005,28.082435708000048],[83.46012589200006,28.08106314500003],[83.45781670300005,28.080636645000027],[83.45532732900006,28.081712082000024],[83.45366289200007,28.08321264500006],[83.45209495300008,28.08567252000006],[83.44649926600005,28.08698577000007],[83.43776670400007,28.087990395000077],[83.43675295300005,28.088631520000035],[83.42968270300008,28.089362708000067],[83.42772345400004,28.08994114500007],[83.42530914100007,28.091810645000066],[83.42480770400005,28.095010083000034],[83.42298445400007,28.095995207000044],[83.42007401600006,28.09241583200003],[83.41559139100008,28.09003670800007],[83.41140676600008,28.088987707000058],[83.40272420400004,28.088444770000024],[83.39977314100008,28.088458957000057],[83.39794957900006,28.086456458000043],[83.39658070400003,28.086188707000076],[83.39548739100007,28.084243582000056],[83.39780589200006,28.080860270000073],[83.40010632900004,28.079776020000054],[83.40212151600008,28.077034457000025],[83.40174051600007,28.07564745700006],[83.40246039100003,28.07239252000005],[83.40244520400006,28.06921333300005],[83.40078070400006,28.06639252000008],[83.39842632900007,28.065389457000038],[83.39509101600004,28.062924520000024],[83.39413245400004,28.06144239500003],[83.39050457900004,28.059925958000065],[83.38603770400005,28.05601170700004],[83.38592151600005,28.052064957000027],[83.38665426600005,28.047260082000037],[83.39102470300008,28.046672645000058],[83.39368232800007,28.045213270000033],[83.39658657900003,28.04273289500003],[83.40009345300007,28.041439583000056],[83.40157195400008,28.03972452000005],[83.40516357900003,28.037208520000036],[83.40871670400008,28.03706377000003],[83.41215995400006,28.03572920700003],[83.41396645400005,28.03385064500003],[83.41687576600003,28.032403207000073],[83.42127520300005,28.03077245700007],[83.42374670400005,28.028300957000056],[83.42538957900007,28.024907583000072],[83.42949057900006,28.023189582000043],[83.43509557800007,28.020234457000072],[83.43812876600003,28.017516770000043],[83.43783164100006,28.01371139500003],[83.43913557900004,28.011823707000076],[83.44304657800006,28.012550332000046],[83.44547032900005,28.010477582000078],[83.44708795400004,28.009910957000045],[83.44861201600008,28.010433833000036],[83.45040845400007,28.01214452000005],[83.45166126600003,28.011386895000044],[83.45309651600007,28.009115958000052],[83.45233695400003,28.006800270000042],[83.45612639100005,28.00310820800007],[83.45618857900007,28.000238395000054],[83.45753420400007,27.99840933200005],[83.46099551600008,27.998826832000077],[83.46440507800008,27.997235895000074],[83.46441401700008,27.99582127000008],[83.46257276600005,27.994435458000055],[83.46251707900007,27.993115270000033],[83.46376720400008,27.989431082000067],[83.46190576700008,27.98785345700003],[83.46161164100005,27.986742208000067],[83.46370651600006,27.985509394000076],[83.46668007900007,27.98139189400007],[83.47017395300009,27.979974895000055],[83.47093826600008,27.978179520000026],[83.46805432900004,27.975088520000043],[83.47088145400005,27.97360802000003],[83.47590057900004,27.972465208000074],[83.47748020400007,27.974366520000046],[83.48029164100006,27.975128520000055],[83.48297101600008,27.980280770000036],[83.48489951600004,27.981495145000054],[83.48737076600008,27.981887957000026],[83.49000126600004,27.980925270000057],[83.49184101600008,27.979330083000036],[83.49512839100004,27.977974895000045],[83.50216014100005,27.97682045700003],[83.50368239100004,27.975966269000025],[83.50623032900006,27.973387457000058],[83.51058001600006,27.969919145000063],[83.51130195400003,27.968340082000054],[83.51388407800005,27.967121770000062],[83.51599595400006,27.96699383200007],[83.52111314200005,27.965337582000075],[83.52368520400006,27.963769332000027],[83.52475864100006,27.96376852000003],[83.52854851600006,27.966229645000055],[83.53133070400008,27.96468683300003],[83.53305070400006,27.964584332000072],[83.53642570400007,27.968359332000034],[83.53851989200007,27.968501770000046],[83.54180476600004,27.969850707000035],[83.54317032900008,27.97123389400008],[83.54698514200004,27.97072527000006],[83.54826476700003,27.971183019000023],[83.54992414200007,27.974153270000045],[83.55199457800006,27.976619457000027],[83.55068201700004,27.979176082000038],[83.54660314100005,27.984142457000075],[83.54417989100006,27.988042395000036],[83.53912195400005,27.993528708000042],[83.53668264100008,27.998193395000044],[83.53748664200003,27.999890582000035],[83.54186632900007,28.00550320700006],[83.54442070400006,28.009961145000034],[83.54546539100005,28.013572457000066],[83.54269370400004,28.01343245700008],[83.53763976700003,28.01761902000004],[83.53098489100006,28.01883970800003],[83.52957282900007,28.02320764500007],[83.52506326700006,28.026901457000065],[83.52246089100004,28.03016864500006],[83.52000382900007,28.034241707000035],[83.51962132900007,28.03606127000006],[83.51783407900007,28.038721958000053],[83.51532689100003,28.039076394000062],[83.51310095300005,28.03873683300003],[83.50952207900008,28.03967177000004],[83.50707645400007,28.039482520000035],[83.50318245400007,28.038209520000066],[83.50061589100005,28.03909139500007],[83.50024839100007,28.040461895000078],[83.50100832900006,28.04222002000006],[83.49986889100006,28.04615764500005],[83.49885526600008,28.047552895000024],[83.49576814100004,28.049227020000046],[83.49395139100005,28.049531708000075],[83.48956857800005,28.054450020000047],[83.48840470300007,28.056442520000076],[83.48334470400005,28.05530895700008],[83.48288626700008,28.05743489500003],[83.48062876600005,28.061882582000067],[83.47991201600007,28.065929895000068],[83.48003576700006,28.067367645000047],[83.48369095400005,28.071271270000068],[83.48561307900007,28.071686895000028],[83.48741232900005,28.073207583000055],[83.49064957900003,28.078034583000033],[83.49202176600005,28.078919582000026]]]}},{"type":"Feature","properties":{"STATE_CODE":5,"DISTRICT":"PALPA","GaPa_NaPa":"Bagnaskali","Type_GN":"Gaunpalika","Province":"5","provinceId":"5","provinceCode":"5","provinceName":"Lumbini","districtId":"506","districtName":"Palpa","municipalityId":"50604","municipalityCode":"50604","municipalityName":"Baganaskali Rural Municipality","municipalityNameNe":"बगनासकाली गाउँपालिका","municipalityType":"rural_municipality"},"geometry":{"type":"Polygon","coordinates":[[[83.61891164100007,27.93043270800007],[83.61672432900008,27.92950152000003],[83.61558564200004,27.927307459000076],[83.61281620500006,27.924989208000056],[83.60521832900008,27.923410707000073],[83.60167101700006,27.923484020000046],[83.59900982900007,27.927548958000045],[83.59721020400008,27.92952708300004],[83.59498801600006,27.93100527100006],[83.59004239200004,27.931013207000035],[83.58724614100004,27.93042495800006],[83.58109408000007,27.93002277100004],[83.57831407900005,27.930524270000035],[83.57664989200003,27.930054333000044],[83.57562408000007,27.931851708000067],[83.57831482900008,27.934899332000043],[83.57843226800009,27.937047708000023],[83.57526914300007,27.94140402000005],[83.57304820400003,27.94285252000003],[83.57111051600003,27.942108645000076],[83.56964926600006,27.940188458000023],[83.56919270500003,27.936452770000074],[83.56662426700007,27.93408908300006],[83.56188889200007,27.934687833000055],[83.55481295500005,27.929378520000057],[83.55031432900006,27.927928896000026],[83.54724120500003,27.92907633200008],[83.54274320500008,27.927630958000066],[83.54051145400007,27.92760770800004],[83.53868732900008,27.92956239500006],[83.53835376600006,27.931084270000042],[83.53924601600005,27.935462333000032],[83.53753733000008,27.938010770000062],[83.53302932900004,27.93899295700004],[83.53202476700005,27.937809394000055],[83.53290320400004,27.93493783300005],[83.53264614200003,27.931949520000046],[83.53060883000006,27.929902895000055],[83.52970364100008,27.928090207000025],[83.53088545400004,27.926065769000047],[83.53518026700004,27.92402702000004],[83.53734145500005,27.921371833000023],[83.53702820400008,27.91998989500007],[83.53887139100004,27.919125145000066],[83.54058839100009,27.91715202000006],[83.54046732800003,27.91581133300008],[83.54263758000008,27.913711146000026],[83.54343801600004,27.91145070700003],[83.54232564200004,27.90831289600004],[83.54351357900003,27.904959396000038],[83.54218789300006,27.90264458300004],[83.54003164100004,27.901060209000036],[83.54056789200007,27.896898958000065],[83.54140182800006,27.893907520000027],[83.54581014200005,27.890325457000074],[83.54479626700004,27.88849220800006],[83.54564658000004,27.88783614400006],[83.55016858000005,27.88915064500003],[83.55301045400006,27.88659439500003],[83.55531107900003,27.88741639400007],[83.55730433000008,27.88647064500003],[83.55934264200005,27.886483958000042],[83.56124039200006,27.88496470800004],[83.56620045400007,27.883743896000055],[83.56724339200008,27.88203683200004],[83.56956770400006,27.880640645000028],[83.57134820500005,27.878545521000035],[83.57498195400007,27.87603864500005],[83.57392089100006,27.87334352000005],[83.57494351600008,27.871579895000025],[83.57103345500008,27.870791646000043],[83.57122401800007,27.868806646000053],[83.56972289200007,27.867709896000065],[83.56856582900008,27.865531145000034],[83.56760489100003,27.862148082000033],[83.56540076700009,27.85870920700006],[83.56679426700003,27.855523082000047],[83.56752420500004,27.852251395000053],[83.56712164300006,27.85092558300005],[83.56974508000008,27.849480708000044],[83.57223626700005,27.849294395000072],[83.57300389300008,27.847358519000068],[83.57776126700008,27.84425033200006],[83.57680170400005,27.84073870800006],[83.57440064200006,27.83748895800005],[83.57176589200003,27.837367959000062],[83.56864995400008,27.83551708300007],[83.57115889100004,27.83445308200004],[83.57215420500006,27.831795895000027],[83.57488570500004,27.829204958000048],[83.57652776600008,27.82636695800005],[83.57799495500007,27.82149995700007],[83.57930314100008,27.820396020000032],[83.58039201700007,27.822843082000077],[83.58234651800007,27.82379439500005],[83.58419620400008,27.825699833000044],[83.58898926600006,27.823985770000036],[83.59095357900009,27.824381896000034],[83.59367426700004,27.823397207000028],[83.59462895500008,27.824997520000068],[83.59824682900006,27.823072145000026],[83.60092214200006,27.82328970800006],[83.60336239100008,27.82785689600007],[83.60719607900006,27.829145020000055],[83.60649945400007,27.83405970700005],[83.60759295500003,27.836256021000054],[83.61208101700004,27.840285021000057],[83.61289639200004,27.842458020000038],[83.61788564100004,27.844985457000064],[83.61911889200007,27.846396895000055],[83.62299895300004,27.84644595800006],[83.62640289300003,27.848235457000044],[83.62641001800006,27.85133577000005],[83.62821689300006,27.852292833000035],[83.63219789200008,27.851935707000052],[83.63362576600008,27.854908958000067],[83.63393258000008,27.85692695800003],[83.63517289300006,27.858114770000043],[83.63905882900008,27.85855827000006],[83.63942701700006,27.86065770700003],[83.64377126700003,27.861995707000062],[83.64524714100008,27.864301020000028],[83.64507895400004,27.867511458000024],[83.64626689100004,27.87114727000005],[83.64752907900004,27.87177777000005],[83.64504714200007,27.87767414500007],[83.64451914300008,27.88296170800004],[83.64372739200007,27.886265270000024],[83.64295626700005,27.887350833000028],[83.64288964200006,27.88966345800003],[83.63955607900004,27.89262414600006],[83.63917308000003,27.895346583000048],[83.63755070400003,27.895662771000048],[83.63744595500003,27.89728483400006],[83.63543195500006,27.89829489500005],[83.63561332900008,27.89968526900003],[83.63453245400007,27.901814708000074],[83.63458801600007,27.905226457000026],[83.63350533000005,27.910027395000043],[83.63535051700006,27.912261582000042],[83.63453301700008,27.914590270000076],[83.62902345500004,27.91445820900003],[83.62442176700006,27.916230520000056],[83.62300201700003,27.917801583000028],[83.62371126700003,27.91912577000005],[83.62877545400005,27.924593208000033],[83.62671489100006,27.926117395000063],[83.62375983000004,27.925919771000054],[83.62179001800007,27.926726708000047],[83.62121176700003,27.928992771000026],[83.61891164100007,27.93043270800007]]]}},{"type":"Feature","properties":{"STATE_CODE":5,"DISTRICT":"PALPA","GaPa_NaPa":"Mathagadhi","Type_GN":"Gaunpalika","Province":"5","provinceId":"5","provinceCode":"5","provinceName":"Lumbini","districtId":"506","districtName":"Palpa","municipalityId":"50609","municipalityCode":"50609","municipalityName":"Mathagadhi Rural Municipality","municipalityNameNe":"माथागढी गाउँपालिका","municipalityType":"rural_municipality"},"geometry":{"type":"Polygon","coordinates":[[[83.68113483000008,27.810663770000076],[83.67974232800003,27.809530146000043],[83.67739895500006,27.810734145000026],[83.67545508000006,27.80889508300004],[83.67162020400008,27.80930802000006],[83.67003107900007,27.810421145000078],[83.66892751700004,27.812277771000026],[83.66527701700005,27.811280645000068],[83.66298932900008,27.81216189500003],[83.66106126800008,27.81101089400005],[83.65858139200003,27.811866708000025],[83.65613682900005,27.810757271000057],[83.65338682900006,27.81085870800007],[83.65099576700004,27.812177271000053],[83.64897382900006,27.811768208000046],[83.64644358000004,27.813347958000065],[83.64389357900006,27.813264770000046],[83.63503439200008,27.815019645000064],[83.63619170400005,27.81777327100008],[83.64390264100007,27.81904339500005],[83.64674083000006,27.818822770000054],[83.64900945400007,27.82002220700008],[83.65067139100006,27.819769208000025],[83.65507464300003,27.822339020000072],[83.65697895300008,27.823011646000054],[83.65652107900007,27.825345896000044],[83.66198520400008,27.827146458000072],[83.66269357900006,27.827685208000048],[83.65984345500004,27.830864270000063],[83.66018732900005,27.83414814500003],[83.65928408000008,27.83532602100007],[83.65632014200008,27.836555146000023],[83.65626439200008,27.838545146000058],[83.65758433000008,27.83988651900006],[83.65973839100008,27.840737958000034],[83.66450645400005,27.839982458000065],[83.66558807900003,27.84084026900007],[83.66763826600004,27.84436745800008],[83.66702376700005,27.846396708000043],[83.66416908000008,27.847017082000036],[83.66133489300006,27.84877014400007],[83.65971945300004,27.84894895800005],[83.65743945400004,27.850238457000046],[83.65625558000005,27.85200227000007],[83.65713426700006,27.853121395000073],[83.65620414300008,27.854432271000064],[83.65705770500006,27.858401146000062],[83.65716558000008,27.861142895000057],[83.65547607800005,27.86156964500003],[83.65467283000004,27.863478832000055],[83.65242495300004,27.866128957000058],[83.65248970500005,27.867221207000057],[83.65044170400006,27.870239582000067],[83.64752907900004,27.87177777000005],[83.64626689100004,27.87114727000005],[83.64507895400004,27.867511458000024],[83.64524714100008,27.864301020000028],[83.64377126700003,27.861995707000062],[83.63942701700006,27.86065770700003],[83.63905882900008,27.85855827000006],[83.63517289300006,27.858114770000043],[83.63393258000008,27.85692695800003],[83.63362576600008,27.854908958000067],[83.63219789200008,27.851935707000052],[83.62821689300006,27.852292833000035],[83.62641001800006,27.85133577000005],[83.62640289300003,27.848235457000044],[83.62299895300004,27.84644595800006],[83.61911889200007,27.846396895000055],[83.61788564100004,27.844985457000064],[83.61289639200004,27.842458020000038],[83.61208101700004,27.840285021000057],[83.60759295500003,27.836256021000054],[83.60649945400007,27.83405970700005],[83.60719607900006,27.829145020000055],[83.60336239100008,27.82785689600007],[83.60092214200006,27.82328970800006],[83.59824682900006,27.823072145000026],[83.59462895500008,27.824997520000068],[83.59367426700004,27.823397207000028],[83.59095357900009,27.824381896000034],[83.58898926600006,27.823985770000036],[83.58419620400008,27.825699833000044],[83.58234651800007,27.82379439500005],[83.58039201700007,27.822843082000077],[83.57930314100008,27.820396020000032],[83.57971314100007,27.81805289600004],[83.58158914200004,27.817530583000064],[83.58513939100004,27.81468920700007],[83.58131164100007,27.809727146000057],[83.57926607800005,27.80464633300005],[83.57914414200008,27.803210895000063],[83.58152982900003,27.801798833000078],[83.58222276800007,27.80034114500006],[83.58460689200007,27.79791577000003],[83.58487826700008,27.79608670700003],[83.58439432800003,27.793402394000054],[83.58481395400008,27.79115402000008],[83.58462907900008,27.788470645000075],[83.58365076700005,27.785773520000077],[83.58351064200008,27.783015770000077],[83.58854145400005,27.782604395000078],[83.59020320400003,27.781433771000025],[83.59412158000004,27.780120832000023],[83.59663026800007,27.777763458000038],[83.59702951600008,27.77646939500005],[83.59949782900009,27.774017146000062],[83.59959757800004,27.77188058200005],[83.59779864200004,27.76937745600003],[83.59713939200003,27.767565957000045],[83.59744732900003,27.765662457000076],[83.59665064100005,27.760964519000026],[83.59731595500006,27.75612645800004],[83.59917745400008,27.751449833000038],[83.59991089100004,27.747261770000023],[83.59699889200004,27.74389352000003],[83.59427382900003,27.743165770000076],[83.58973676700003,27.747669708000046],[83.58775364100006,27.74886876900007],[83.58278820500004,27.746924645000036],[83.57992589200006,27.74412927000003],[83.57899676700004,27.740403396000033],[83.57728439200008,27.737900332000038],[83.57599270500003,27.73491114500007],[83.57167926800008,27.730287958000076],[83.56730595300007,27.727898395000068],[83.56883139300004,27.72617470700004],[83.56790445300004,27.723231707000025],[83.56817289200006,27.72203214500007],[83.57012164200006,27.721293583000033],[83.57043795500005,27.71912164500003],[83.57174776700003,27.717449145000046],[83.57383139200005,27.71648308300007],[83.57390476700004,27.714574395000056],[83.57738301600006,27.712741520000066],[83.57799445500007,27.71074870800004],[83.57915101600008,27.709971520000067],[83.58062620600003,27.71166608200008],[83.58319720400004,27.71327139500005],[83.58981989300008,27.714888708000046],[83.58787164200004,27.70999327100003],[83.58765345500007,27.70775420800004],[83.58819926600006,27.705797270000062],[83.59069839200004,27.706082208000055],[83.59424908000005,27.704745583000033],[83.59827976800005,27.70470089500003],[83.59939058000003,27.705642832000024],[83.60474045300003,27.704344958000036],[83.60696939200005,27.70273114500003],[83.61115582900004,27.70165764500007],[83.61271414200007,27.700278833000027],[83.61313526600009,27.69812733300006],[83.61428745500007,27.695898958000043],[83.61972932900005,27.692545145000054],[83.62168532900006,27.690643833000024],[83.62308014200005,27.688368582000066],[83.62550339300003,27.68850608200006],[83.62972695500008,27.692734708000046],[83.63335120500005,27.693579208000074],[83.63506614100004,27.693103145000066],[83.63725045400008,27.691863332000025],[83.63855751700004,27.691979520000075],[83.64117026800005,27.69079720700006],[83.64967657900007,27.691360520000046],[83.65173289200004,27.690749708000055],[83.65522508000004,27.690887020000048],[83.65618733000008,27.688899270000036],[83.65880020500003,27.688194958000054],[83.65944133000005,27.68664858300008],[83.65954532900008,27.683760582000048],[83.66352658000005,27.680667707000055],[83.66360026600006,27.67980364500005],[83.66789301700004,27.67640452100005],[83.66910095400004,27.675915521000036],[83.67142926700006,27.67342089500005],[83.67468433000005,27.67225527000005],[83.67588201600006,27.67255139400004],[83.67756058000003,27.670492895000052],[83.68023226600008,27.669630332000054],[83.68614420500006,27.663711644000045],[83.68819926600008,27.66405252000004],[83.69151939200003,27.66279183300003],[83.69260970500005,27.664755083000045],[83.69569764200008,27.664854395000077],[83.69732264100008,27.661933582000074],[83.69827576700004,27.662899207000066],[83.69945795500007,27.66606983300005],[83.69985664300003,27.66843089500003],[83.70089058000008,27.669780271000036],[83.70169495500005,27.67398577000006],[83.70141114200004,27.676054332000035],[83.70266958000008,27.67830445800007],[83.70449526700008,27.679833771000062],[83.70358826600005,27.680948770000043],[83.70650326800006,27.681904958000075],[83.70644064100009,27.68316614500003],[83.70421601800007,27.685384020000072],[83.70297720400004,27.688116208000054],[83.69921139200005,27.691420520000065],[83.69681557900003,27.69401927000007],[83.69396745500006,27.695240519000038],[83.69180745400007,27.697990833000063],[83.69168383000004,27.701718207000056],[83.69217945500003,27.703840333000073],[83.69201164200007,27.706306269000038],[83.69115801700008,27.70894439600005],[83.68976689200008,27.710184583000057],[83.68784301700003,27.71368227000005],[83.68482695400007,27.71800101900004],[83.68414170400007,27.718324395000025],[83.67910557900007,27.718416583000078],[83.68062907900008,27.719889083000055],[83.68401620400005,27.72073395800004],[83.68590183000003,27.72050583300006],[83.68967189100005,27.719246269000053],[83.69367857900005,27.718580520000046],[83.69643951700004,27.716097707000074],[83.69984651700008,27.715717020000056],[83.70254795400007,27.716616395000074],[83.70342533000007,27.715891708000072],[83.70848083000004,27.715128519000075],[83.71139233000008,27.715741583000067],[83.71284776800007,27.714900707000027],[83.71582370400006,27.715457395000044],[83.71727945500004,27.715092582000068],[83.72078883000006,27.711827895000056],[83.72305814200007,27.711922707000042],[83.72361389200006,27.71048870800007],[83.72530476700007,27.709839957000042],[83.73153395400004,27.709382833000063],[83.73436251700008,27.713989208000044],[83.73787389100005,27.714677333000054],[83.74147057900007,27.714848833000076],[83.74356914300006,27.71572820800003],[83.74724826700003,27.718945895000047],[83.75026195500004,27.71935301900004],[83.75318520400003,27.720795644000077],[83.75567514200003,27.72073233200007],[83.75841820400007,27.71998577100004],[83.76138757900003,27.722136770000077],[83.76507320400003,27.72144808200005],[83.77011926700004,27.722090645000037],[83.77537745400008,27.723658458000045],[83.77803270400005,27.723847770000077],[83.77965926600007,27.729897583000024],[83.77952320500003,27.73357545700003],[83.77890032900007,27.73528708300006],[83.77689695400005,27.736450457000046],[83.77798683000003,27.740843271000074],[83.77589426800006,27.742983520000053],[83.77303307900007,27.748346896000044],[83.77289439200007,27.752943020000032],[83.77125733000008,27.755724771000075],[83.76789520600005,27.756305833000056],[83.76566007900004,27.75560708200004],[83.76254251700004,27.756691646000036],[83.75731264300003,27.756465957000046],[83.75412889200004,27.75762695800006],[83.75254583000003,27.75743902000005],[83.74880464300008,27.759411208000074],[83.74675508000007,27.75993995600004],[83.73837264100007,27.75786420700007],[83.73162707900008,27.75858914500003],[83.72807251600005,27.759791646000053],[83.72415345500008,27.760153958000046],[83.71971958000006,27.759102582000025],[83.71813501800005,27.75998164400005],[83.71732226700004,27.76212133300004],[83.71777251700007,27.76323014600007],[83.71691670400008,27.768618958000047],[83.71770820500006,27.77108464500003],[83.71652614200008,27.775100895000037],[83.71637483000006,27.777032082000062],[83.71272864100007,27.778179833000024],[83.71030445400004,27.78011077000008],[83.70549933000007,27.782654895000064],[83.70234626700005,27.78359133300006],[83.69972801800003,27.786327269000026],[83.69580320400007,27.787013583000032],[83.69268933100005,27.791756458000066],[83.68934089100009,27.794115958000077],[83.68656201700009,27.796587207000073],[83.68540864300007,27.800790582000047],[83.68607889200007,27.806085645000053],[83.68390158000005,27.81014220700007],[83.68113483000008,27.810663770000076]]]}},{"type":"Feature","properties":{"STATE_CODE":5,"DISTRICT":"PALPA","GaPa_NaPa":"Nisdi","Type_GN":"Gaunpalika","Province":"5","provinceId":"5","provinceCode":"5","provinceName":"Lumbini","districtId":"506","districtName":"Palpa","municipalityId":"50610","municipalityCode":"50610","municipalityName":"Nisdi Rural Municipality","municipalityNameNe":"निस्दी गाउँपालिका","municipalityType":"rural_municipality"},"geometry":{"type":"Polygon","coordinates":[[[84.00014745400006,27.77266127000007],[84.00128051800004,27.774500144000058],[84.00207945400007,27.777429082000026],[84.00219114200007,27.780585832000043],[84.00144270600003,27.78431120700003],[84.00251351800006,27.788542020000023],[84.00509476700006,27.791881458000034],[84.00720164300003,27.795442021000042],[84.00888989200007,27.797312521000038],[84.01019039300007,27.79760802000004],[84.01445520500005,27.801026144000048],[84.01556695500005,27.803589333000048],[84.01624151800007,27.80893695700007],[84.01716151700003,27.811502395000048],[84.02022301700003,27.81418489600003],[84.02237920400006,27.815396269000075],[84.02188401700005,27.817129271000056],[84.02426345600009,27.81884158200006],[84.02681451800004,27.818049021000036],[84.02792395500006,27.821593645000064],[84.02762476600003,27.824057708000055],[84.02858439200008,27.825934896000035],[84.02738345400007,27.828417208000076],[84.02870776700007,27.82945939500007],[84.02729201700004,27.83195752000006],[84.02710495500008,27.835055645000068],[84.02489976800007,27.836563333000072],[84.02234820500007,27.840665957000056],[84.02440314200004,27.843330396000056],[84.02506801800007,27.84665627000004],[84.02455432900007,27.848271957000065],[84.02627745400008,27.849666082000056],[84.02783758000004,27.85239608200004],[84.02931070500006,27.853496833000065],[84.03062183000003,27.85623133300004],[84.02953495400004,27.856457207000062],[84.02488339300004,27.860943896000038],[84.02297932900007,27.86169108300004],[84.01944908000007,27.861129771000037],[84.01775332900007,27.85920302100004],[84.01796345500009,27.85690145700005],[84.02107751800008,27.856174458000055],[84.02372870500005,27.85446595700006],[84.02468182900003,27.852347020000025],[84.02304401700007,27.85089414600003],[84.02064995400008,27.850732083000025],[84.01807095500004,27.85126045800007],[84.00940795600008,27.854424771000026],[84.00479651600006,27.854984582000043],[84.00228558000003,27.854571770000064],[84.00226908000008,27.853073521000056],[84.00086664200006,27.850900583000055],[83.99881726800004,27.850429019000046],[83.99728264200007,27.847703207000052],[83.99728620400003,27.845356521000042],[83.99815632900004,27.844088458000044],[83.99764295400007,27.84202158200003],[83.99213551700007,27.838300520000075],[83.99108695500007,27.836211020000064],[83.98959989300005,27.835069145000034],[83.98838908000005,27.832137957000043],[83.98516576800006,27.827180395000028],[83.98646226700004,27.826106396000057],[83.98726376600007,27.82327239400007],[83.98723576800006,27.817890833000035],[83.98959701800004,27.815379645000064],[83.98880539200007,27.813310458000046],[83.99048107900006,27.808786333000057],[83.98878264300004,27.809456458000057],[83.98779870500005,27.811333707000074],[83.98545457900008,27.812283458000024],[83.98350995400006,27.811917707000077],[83.98138508000005,27.812373208000054],[83.97869176800003,27.81390945800007],[83.97796839300008,27.817451833000064],[83.97671601800005,27.818410707000055],[83.97211289200004,27.820269146000044],[83.96831176700005,27.81933189600005],[83.96700495500005,27.81748358300007],[83.96474383000003,27.816733895000027],[83.96213426700007,27.814585082000065],[83.95986801700008,27.81431139500006],[83.95479508000005,27.81801489600008],[83.95333664200007,27.818226520000053],[83.95210033000006,27.819645394000077],[83.94906570400008,27.81915239500006],[83.94780001700008,27.817477645000054],[83.94818014200007,27.816049457000076],[83.94995426700007,27.814389395000035],[83.94998808100007,27.813301832000036],[83.94853158100005,27.811450957000034],[83.94684539200006,27.810994582000035],[83.94286914200006,27.812380707000045],[83.94084339300008,27.811651020000056],[83.93570051800003,27.81206839500004],[83.93414920400005,27.811059083000032],[83.93261301800004,27.808711644000027],[83.93075307900006,27.810351145000027],[83.92845664200007,27.810859896000068],[83.92581657900007,27.80957008200005],[83.92339451700008,27.80610514500006],[83.92123201700008,27.806117520000043],[83.91938739200003,27.802736395000068],[83.91692133000004,27.804941645000042],[83.91576814200005,27.80467920800004],[83.91200120500008,27.808302895000054],[83.91077608000006,27.80872627000008],[83.90767795400006,27.81186070700005],[83.90426408000008,27.818178646000035],[83.90111945600006,27.82311801900005],[83.89742139300006,27.824155521000023],[83.89452089200006,27.826500020000026],[83.89179795500007,27.82662877100006],[83.88749920400005,27.825993521000044],[83.88389170400006,27.82490514400007],[83.88117195300003,27.826507208000066],[83.88014570500007,27.824640271000078],[83.87982733000007,27.821000396000045],[83.87745889300004,27.818565896000052],[83.87562401600007,27.814586082000062],[83.87387520400006,27.81227177100004],[83.87597608000004,27.810473020000074],[83.87589214200005,27.808654270000034],[83.87404383000006,27.80742964500007],[83.87493233000004,27.804970895000054],[83.87329545500006,27.802293332000033],[83.87432183000004,27.800753083000075],[83.87297789300004,27.798240457000077],[83.86831108000007,27.796361020000063],[83.86631845400007,27.796433583000066],[83.86443501700006,27.798225583000033],[83.86227082900007,27.798392707000062],[83.86002207900003,27.799324521000074],[83.85702132900008,27.798687457000028],[83.85065976700008,27.80096645800006],[83.84967545400008,27.80237795800008],[83.84481407900006,27.80519527100006],[83.84104264200005,27.80551145800007],[83.84005514100005,27.80378870800007],[83.83795451700007,27.803172458000063],[83.83576876700005,27.803300770000078],[83.83422545500008,27.802552082000034],[83.83012939200006,27.799293333000037],[83.82815801700008,27.799117145000025],[83.82536808000003,27.794485707000035],[83.82131839200008,27.792305396000074],[83.81698689200005,27.789194833000067],[83.81616383000005,27.78710877000003],[83.81720039100009,27.784411457000033],[83.81471933100005,27.784227644000055],[83.81187539100006,27.78480145700007],[83.80793289200005,27.784780270000056],[83.80469226600007,27.783356395000055],[83.79912264200004,27.783280707000074],[83.79804714100004,27.782627083000023],[83.79727414300004,27.78029502100003],[83.79755220400006,27.777926208000054],[83.79711726800008,27.773399144000052],[83.79846245400006,27.771185332000073],[83.79808264200005,27.76459145700005],[83.79696426700008,27.762364957000045],[83.79557389200005,27.761476145000074],[83.79318789100006,27.761772708000024],[83.79193957900003,27.762781707000045],[83.78940726600007,27.766099333000057],[83.78506145400007,27.76754352100005],[83.78071995500005,27.76646039600007],[83.77859482900004,27.765019708000068],[83.77597282900007,27.764352082000073],[83.77550220500007,27.763460019000036],[83.77051326800006,27.762185958000032],[83.76787489300006,27.762149957000076],[83.76346439200006,27.758396769000058],[83.76422201800005,27.75730145800003],[83.76789520600005,27.756305833000056],[83.77125733000008,27.755724771000075],[83.77289439200007,27.752943020000032],[83.77303307900007,27.748346896000044],[83.77589426800006,27.742983520000053],[83.77798683000003,27.740843271000074],[83.77689695400005,27.736450457000046],[83.77890032900007,27.73528708300006],[83.77952320500003,27.73357545700003],[83.77965926600007,27.729897583000024],[83.77803270400005,27.723847770000077],[83.77960201800005,27.723708146000035],[83.78437783000004,27.72486195700003],[83.78653926700008,27.724217708000026],[83.78867670500006,27.724509769000065],[83.79088814200009,27.722737395000024],[83.79438832900007,27.721679771000026],[83.79858320500006,27.721925145000057],[83.80348876700003,27.721131145000072],[83.80671258000007,27.718100769000046],[83.81134682900006,27.716114708000077],[83.81298095400007,27.714119958000026],[83.81775801800006,27.713305020000064],[83.82311895400005,27.710491395000076],[83.82499439100008,27.71181376900006],[83.82588008000005,27.713306395000075],[83.82734439200004,27.713912957000048],[83.83025664100006,27.71399333200003],[83.83318589300006,27.71338764500007],[83.83566182900006,27.713803520000056],[83.84087695400007,27.710697958000026],[83.84490151800009,27.710628082000028],[83.84833739200008,27.70930283200005],[83.85091533000008,27.711422146000075],[83.84680933000004,27.715526708000027],[83.84630851800006,27.720912270000042],[83.84656795500007,27.72332695700004],[83.84619914200005,27.726878207000027],[83.84395539200005,27.730944082000065],[83.84522395500005,27.733226770000044],[83.84736495400006,27.734878645000038],[83.85376707900008,27.733078145000036],[83.86195539300007,27.73426214500006],[83.86451582900008,27.733720895000033],[83.86879470400004,27.733772395000074],[83.87115239200006,27.734489895000024],[83.87247245400005,27.73390445800004],[83.87774639100007,27.733117208000067],[83.87815157900008,27.73533333300003],[83.88097239100006,27.735017645000028],[83.88261289200005,27.73327489500008],[83.88561226700006,27.734861395000053],[83.88661445500009,27.732948707000048],[83.88951720500006,27.73203945800003],[83.89082270400007,27.730018707000056],[83.89516764200005,27.731100645000026],[83.89801608000005,27.729864020000036],[83.90057920400005,27.73169139500004],[83.90408089200008,27.730125583000074],[83.90611620500005,27.731670458000053],[83.90568183000005,27.733272145000058],[83.90641001700004,27.73547720700003],[83.90969945500007,27.734558770000035],[83.91010476700006,27.733205144000067],[83.90854914200008,27.73140352100006],[83.91288632900006,27.73060527000007],[83.91519539300003,27.73089102000006],[83.91760995400006,27.72835845800006],[83.91865851700004,27.728460707000067],[83.92064820500008,27.729371145000073],[83.92354301800003,27.726561208000078],[83.92632770400007,27.72666883200003],[83.92705326700008,27.730464520000055],[83.93031795400003,27.733977270000025],[83.93243626800006,27.73491014500007],[83.93346795500008,27.73629614500004],[83.93628770500004,27.737457333000066],[83.93901776700005,27.739335895000067],[83.94325770400008,27.741555833000064],[83.94704120500006,27.744014582000034],[83.94857489300006,27.743570645000034],[83.94948939300008,27.745254269000043],[83.95405964300005,27.746449520000056],[83.95903064200007,27.747116770000048],[83.96187345600003,27.746587270000077],[83.96257864200004,27.748115020000057],[83.96569051700004,27.74789927000006],[83.96681158000007,27.746908957000073],[83.96963032900004,27.74720295700007],[83.97018439200008,27.748784896000075],[83.97313814200004,27.74959552000007],[83.97421751800005,27.747822146000033],[83.97883601800004,27.747353583000063],[83.98104333000003,27.748798083000054],[83.98343508000005,27.74904433200004],[83.98798839200003,27.74786464500005],[83.98977582900005,27.748266458000046],[83.99557645500005,27.75063602000006],[83.99641407900003,27.75130395700006],[83.99442601800007,27.753402395000023],[83.99440470400003,27.75564077000007],[83.99548070500003,27.759203769000067],[83.99482583000008,27.76037483300007],[83.99587026700004,27.762042394000048],[83.99624133000003,27.76627770700003],[84.00014745400006,27.77266127000007]]]}},{"type":"Feature","properties":{"STATE_CODE":5,"DISTRICT":"PALPA","GaPa_NaPa":"Purbakhola","Type_GN":"Gaunpalika","Province":"5","provinceId":"5","provinceCode":"5","provinceName":"Lumbini","districtId":"506","districtName":"Palpa","municipalityId":"50602","municipalityCode":"50602","municipalityName":"Purbakhola Rural Municipality","municipalityNameNe":"पुर्वखोला गाउँपालिका","municipalityType":"rural_municipality"},"geometry":{"type":"Polygon","coordinates":[[[83.75595032900003,27.876177582000025],[83.75393057900004,27.876595895000037],[83.75116039300008,27.876076457000067],[83.74914032800007,27.876648209000052],[83.74735464100007,27.878368833000025],[83.74629857900004,27.880415707000054],[83.74629464100008,27.88265627000004],[83.74768664100003,27.885109270000044],[83.74959639200006,27.886202583000056],[83.75174407900005,27.886531396000066],[83.75172064200007,27.88762120800004],[83.74892189100007,27.891104519000066],[83.74660620600008,27.88870852100007],[83.74464189200006,27.888134019000063],[83.73453764200008,27.890515707000077],[83.73103395500004,27.891113646000065],[83.73083901600006,27.88778958300003],[83.72980470500005,27.884493271000053],[83.73042920500006,27.882777332000046],[83.72888401800003,27.87992452000003],[83.72860082900007,27.877778145000036],[83.72975476800008,27.875695458000052],[83.72856564200004,27.87140377000003],[83.72724683000007,27.869379395000067],[83.72555870500008,27.86858408300003],[83.72440720500003,27.865551457000038],[83.72211401700008,27.86485195700004],[83.72079483000005,27.85387858400003],[83.72138870400005,27.851835520000066],[83.72595276700008,27.849324271000057],[83.73062557900005,27.848455708000074],[83.73577976700005,27.849605145000055],[83.73786620400006,27.84671195800007],[83.74289233000007,27.844460457000025],[83.74754501700005,27.843079083000077],[83.75183845400005,27.84386989500007],[83.75368614200005,27.843200771000056],[83.75062157900004,27.839675270000043],[83.74893164300005,27.83593783300006],[83.74846545500003,27.83237639600003],[83.74711676700008,27.830135582000025],[83.74793720400004,27.827551207000056],[83.74673695500007,27.826341832000026],[83.74197845400005,27.823941271000024],[83.73731882900006,27.823930209000025],[83.73380939100008,27.825293146000035],[83.73276751600008,27.826710396000067],[83.73146114200006,27.82548714400008],[83.73004320400008,27.825502458000074],[83.72644414200005,27.82359770800008],[83.72247114200007,27.82416289400004],[83.72082220400006,27.82235670800003],[83.71735339100007,27.82209695800003],[83.71488670500008,27.821466832000056],[83.71192114200005,27.823207145000026],[83.71015345400008,27.82233020700005],[83.70578314200003,27.82270683300004],[83.70367989100004,27.823803458000043],[83.70048201700007,27.823282084000027],[83.69779001800003,27.825162583000065],[83.69535301700006,27.82493164500005],[83.69488245400004,27.82380914400005],[83.69100245400006,27.818831896000063],[83.68982583000007,27.816579583000077],[83.68873945400009,27.815837083000076],[83.68592020400007,27.815517020000073],[83.68253833000006,27.81422539600004],[83.68150170400008,27.812776645000042],[83.68113483000008,27.810663770000076],[83.68390158000005,27.81014220700007],[83.68607889200007,27.806085645000053],[83.68540864300007,27.800790582000047],[83.68656201700009,27.796587207000073],[83.68934089100009,27.794115958000077],[83.69268933100005,27.791756458000066],[83.69580320400007,27.787013583000032],[83.69972801800003,27.786327269000026],[83.70234626700005,27.78359133300006],[83.70549933000007,27.782654895000064],[83.71030445400004,27.78011077000008],[83.71272864100007,27.778179833000024],[83.71637483000006,27.777032082000062],[83.71652614200008,27.775100895000037],[83.71770820500006,27.77108464500003],[83.71691670400008,27.768618958000047],[83.71777251700007,27.76323014600007],[83.71732226700004,27.76212133300004],[83.71813501800005,27.75998164400005],[83.71971958000006,27.759102582000025],[83.72415345500008,27.760153958000046],[83.72807251600005,27.759791646000053],[83.73162707900008,27.75858914500003],[83.73837264100007,27.75786420700007],[83.74675508000007,27.75993995600004],[83.74880464300008,27.759411208000074],[83.75254583000003,27.75743902000005],[83.75412889200004,27.75762695800006],[83.75731264300003,27.756465957000046],[83.76254251700004,27.756691646000036],[83.76566007900004,27.75560708200004],[83.76789520600005,27.756305833000056],[83.76422201800005,27.75730145800003],[83.76346439200006,27.758396769000058],[83.76787489300006,27.762149957000076],[83.77051326800006,27.762185958000032],[83.77550220500007,27.763460019000036],[83.77597282900007,27.764352082000073],[83.77859482900004,27.765019708000068],[83.78071995500005,27.76646039600007],[83.78506145400007,27.76754352100005],[83.78940726600007,27.766099333000057],[83.79193957900003,27.762781707000045],[83.79318789100006,27.761772708000024],[83.79557389200005,27.761476145000074],[83.79696426700008,27.762364957000045],[83.79808264200005,27.76459145700005],[83.79846245400006,27.771185332000073],[83.79711726800008,27.773399144000052],[83.79755220400006,27.777926208000054],[83.79727414300004,27.78029502100003],[83.79804714100004,27.782627083000023],[83.79912264200004,27.783280707000074],[83.80469226600007,27.783356395000055],[83.80793289200005,27.784780270000056],[83.81187539100006,27.78480145700007],[83.81471933100005,27.784227644000055],[83.81720039100009,27.784411457000033],[83.81616383000005,27.78710877000003],[83.81698689200005,27.789194833000067],[83.82131839200008,27.792305396000074],[83.82536808000003,27.794485707000035],[83.82815801700008,27.799117145000025],[83.83012939200006,27.799293333000037],[83.83422545500008,27.802552082000034],[83.83576876700005,27.803300770000078],[83.83795451700007,27.803172458000063],[83.84005514100005,27.80378870800007],[83.84104264200005,27.80551145800007],[83.84481407900006,27.80519527100006],[83.84967545400008,27.80237795800008],[83.85065976700008,27.80096645800006],[83.85702132900008,27.798687457000028],[83.86002207900003,27.799324521000074],[83.86227082900007,27.798392707000062],[83.86443501700006,27.798225583000033],[83.86631845400007,27.796433583000066],[83.86831108000007,27.796361020000063],[83.87297789300004,27.798240457000077],[83.87432183000004,27.800753083000075],[83.87329545500006,27.802293332000033],[83.87493233000004,27.804970895000054],[83.87404383000006,27.80742964500007],[83.87589214200005,27.808654270000034],[83.87597608000004,27.810473020000074],[83.87387520400006,27.81227177100004],[83.87562401600007,27.814586082000062],[83.87745889300004,27.818565896000052],[83.87982733000007,27.821000396000045],[83.88014570500007,27.824640271000078],[83.88117195300003,27.826507208000066],[83.88389170400006,27.82490514400007],[83.88749920400005,27.825993521000044],[83.89179795500007,27.82662877100006],[83.89262014100007,27.82939127000003],[83.89521220500006,27.83115777000006],[83.89128864200006,27.83305464500006],[83.89008301700005,27.83520633200004],[83.88766257900005,27.836810958000058],[83.88702745400008,27.837895770000046],[83.88161958000006,27.83851401900006],[83.88036701800007,27.84097014500003],[83.87891170400007,27.842507770000054],[83.87636751600007,27.842042958000036],[83.87512364300005,27.843790519000038],[83.87271126800005,27.843289645000027],[83.87187589200005,27.845617520000076],[83.86960639200004,27.846357771000044],[83.86579614200008,27.844614395000065],[83.86142901700003,27.84367133300003],[83.85988758100007,27.84382327000003],[83.85819676700004,27.842445145000056],[83.85404433000008,27.84054770800003],[83.85256708000009,27.841367458000036],[83.85143026700007,27.846310020000033],[83.84770507900004,27.846380457000066],[83.84479414100008,27.845305395000025],[83.84408733000004,27.845859708000035],[83.84397870500004,27.848799645000042],[83.84250201700007,27.848204520000024],[83.84023389300006,27.845927457000073],[83.83676639200007,27.844470271000034],[83.83107433000004,27.839858082000035],[83.82936501700004,27.834564708000073],[83.82818833100004,27.833265895000068],[83.82831470400004,27.83078164500006],[83.82724057900003,27.828045582000072],[83.82501051600008,27.826797145000057],[83.82459939200004,27.822421457000075],[83.82346364300008,27.822571208000056],[83.82200808000005,27.824879895000038],[83.82025114200007,27.825410144000045],[83.81532351700008,27.82828283300006],[83.81077989300007,27.828597082000044],[83.80910864300006,27.829759082000066],[83.80630107900004,27.83005758200005],[83.80321620400008,27.83247433200006],[83.79950870400006,27.83386120700004],[83.79580232900008,27.836926770000048],[83.79453445500008,27.838590082000053],[83.79077464100004,27.840080457000056],[83.78967651700003,27.842511208000076],[83.79008108000005,27.845000645000027],[83.79123764100007,27.847146020000025],[83.79061176700003,27.849559458000044],[83.79238976700003,27.852739084000063],[83.79352226800006,27.857009895000033],[83.79297808100006,27.862638770000046],[83.79224651700008,27.86363502000006],[83.79251945400006,27.866467208000074],[83.78947414100008,27.864953083000046],[83.78863589100007,27.865335395000045],[83.78547976700008,27.86470095800007],[83.78193376700006,27.86603795800005],[83.77924589200006,27.86831264500006],[83.77465170400006,27.866928834000078],[83.77245889200003,27.868267771000035],[83.77147733000004,27.86395870800004],[83.76993564100007,27.861045395000076],[83.76836976700008,27.859666332000074],[83.76762151600008,27.857559895000065],[83.76519533000004,27.857077394000044],[83.76210051800007,27.858491396000034],[83.75872851600008,27.85862089500006],[83.75567370400006,27.86181502000005],[83.75777064200008,27.866509833000066],[83.75731714200003,27.868059208000034],[83.75713870400006,27.872061708000047],[83.75582607900003,27.873399707000033],[83.75595032900003,27.876177582000025]]]}},{"type":"Feature","properties":{"STATE_CODE":5,"DISTRICT":"PALPA","GaPa_NaPa":"Rainadevi Chhahara","Type_GN":"Gaunpalika","Province":"5","provinceId":"5","provinceCode":"5","provinceName":"Lumbini","districtId":"506","districtName":"Palpa","municipalityId":"50607","municipalityCode":"50607","municipalityName":"Rainadevi Chhahara Rural Municipality","municipalityNameNe":"रैनादेवी छहरा गाउँपालिका","municipalityType":"rural_municipality"},"geometry":{"type":"Polygon","coordinates":[[[83.39493507900005,27.947151145000078],[83.39357058000007,27.948521520000043],[83.39009801600008,27.949762957000075],[83.38885764200006,27.951918957000032],[83.38767126600004,27.952371708000044],[83.38522357800008,27.95484502000005],[83.38127520500007,27.956427020000035],[83.37901295400007,27.956816208000077],[83.37986183000004,27.95867927000006],[83.37651007800008,27.957833771000026],[83.37351982800004,27.95766002000005],[83.37197482900007,27.956942208000044],[83.36822695500007,27.954217520000043],[83.36513664100005,27.952914958000065],[83.36293339100007,27.95148327100003],[83.35837595400005,27.952087145000064],[83.35662607900008,27.95408258300006],[83.35527664200004,27.95292777000003],[83.34957476700004,27.950182145000042],[83.34705583000004,27.94931283300008],[83.34658926700007,27.946415770000044],[83.34466758000008,27.94316658300005],[83.34462064200005,27.939838395000038],[83.34531601700007,27.938702208000052],[83.34870676700007,27.93650933300006],[83.34821614100008,27.931105457000058],[83.34703607900008,27.927467208000053],[83.34618326700007,27.926265020000073],[83.34360157900005,27.926216646000057],[83.34135757800004,27.92556289600003],[83.34019482800005,27.922766270000068],[83.33745133000008,27.922139395000045],[83.33606314100007,27.922534332000055],[83.32989707900003,27.920846082000025],[83.32725176800005,27.920623396000053],[83.32386276700004,27.921782333000067],[83.32231033000005,27.921828833000063],[83.31954926700007,27.92376689500003],[83.31529520400005,27.925063520000037],[83.31096420300008,27.92595570700007],[83.31040689100007,27.924012520000076],[83.31081776600007,27.918506958000023],[83.30907420400007,27.916616458000078],[83.30862701700005,27.914579020000076],[83.29947745400005,27.91063170700005],[83.30031451700006,27.908045645000072],[83.30320651600005,27.90603420800005],[83.30876770400005,27.90593133300007],[83.31147707900004,27.90365027000007],[83.31305776700003,27.901546207000024],[83.31343364200006,27.898283208000066],[83.31218189100008,27.892099208000047],[83.31091564100007,27.889428207000037],[83.31551995400008,27.886289958000077],[83.31746264200007,27.885681457000032],[83.32006976700006,27.88252195800004],[83.32246257900005,27.881956082000045],[83.32209014100005,27.879774646000044],[83.32273651700007,27.878329269000062],[83.32560851700003,27.877348333000043],[83.32837345500008,27.877666457000032],[83.33003001600008,27.878793646000076],[83.33250501700007,27.87712239500007],[83.33186201700005,27.87442302000005],[83.32936895400007,27.873208270000077],[83.33035014100005,27.871031207000044],[83.32859351700006,27.869463520000068],[83.32581789200003,27.86588277000004],[83.32392132900003,27.864998021000076],[83.31921657900006,27.859922957000038],[83.31468970400005,27.85962752000006],[83.31259583000008,27.857712770000035],[83.30934595400004,27.85689108200006],[83.30569795500008,27.85809120700003],[83.30531376600004,27.855336520000037],[83.30677882900005,27.85371033200005],[83.31197545500004,27.85117314400003],[83.30637557800003,27.848313395000048],[83.30370176700006,27.846427208000023],[83.30250989100006,27.84478308200005],[83.30037883000006,27.844097645000033],[83.29954201600003,27.84297433300003],[83.29903351600007,27.84033183200006],[83.29527445400004,27.83841508200004],[83.29461607800005,27.835767332000046],[83.29280639200005,27.833941769000035],[83.29410614200003,27.830927145000032],[83.29227183000006,27.828108645000043],[83.28940445400008,27.82668370700003],[83.28800632900004,27.82692695700007],[83.28663276700007,27.825872958000048],[83.28427701600003,27.825736646000053],[83.28230926600008,27.826638021000065],[83.27957801700006,27.827106584000035],[83.27650920300005,27.826138394000054],[83.27166220300006,27.827505083000062],[83.26744889200006,27.827042833000064],[83.26196164100008,27.828247770000075],[83.26039189200003,27.829701457000056],[83.25463982900004,27.830153395000025],[83.25193014200005,27.83180164500004],[83.25015314100006,27.83169952000003],[83.24732483000008,27.829378146000067],[83.24309389100006,27.827572520000047],[83.24129782900008,27.827355020000027],[83.23725782900004,27.824760645000026],[83.23301457800005,27.82308777000003],[83.23583020500007,27.82204289500004],[83.24108570400006,27.816927521000025],[83.24273357900006,27.81589864500006],[83.24323070400004,27.814525020000076],[83.24491264100004,27.81397464500003],[83.24547820400005,27.811225082000078],[83.24704039100004,27.811323833000074],[83.24817489200007,27.81024695800005],[83.24787826700003,27.808920896000075],[83.24962364100008,27.80839114500003],[83.24923320400006,27.805205270000044],[83.25126264200009,27.804372520000072],[83.25041114100009,27.800647208000044],[83.24799995400008,27.79783627000006],[83.24732051700005,27.79526489500006],[83.24724564200005,27.79015389500006],[83.24908670400004,27.789742019000073],[83.25196501700003,27.790323957000055],[83.25485739100003,27.78986802000003],[83.25770295400008,27.788594958000033],[83.26043789100004,27.784825770000054],[83.26055901700005,27.782057895000037],[83.25986051600006,27.780964333000043],[83.25901632900008,27.775206145000027],[83.26010589100008,27.77310239600007],[83.25978239100004,27.77179645700005],[83.25775876600005,27.77028064600006],[83.25783164100005,27.766930332000072],[83.25885370400005,27.76560233200007],[83.26197464200004,27.75998045800003],[83.26179945300004,27.756994457000076],[83.26673239200005,27.755982707000044],[83.26974545500008,27.756682332000025],[83.27485539100007,27.75707477000003],[83.28146032800004,27.75678433300004],[83.28538151700008,27.756084833000045],[83.29351782900005,27.758689896000078],[83.29617164200005,27.76011595700004],[83.29852057900007,27.76054295800003],[83.30066045300003,27.76348027000006],[83.30208639200004,27.76640045700003],[83.30399464200008,27.767700707000074],[83.30750145300004,27.76572595700003],[83.30955007900008,27.76543833200003],[83.31232414200008,27.763638083000046],[83.31550801600008,27.762351958000067],[83.31668514200004,27.76319264400007],[83.31919189100006,27.763150832000065],[83.32126995400006,27.764643458000023],[83.32566051600008,27.762654583000028],[83.32634839200006,27.764124520000053],[83.32971732900006,27.767236644000036],[83.33106695400005,27.767218332000027],[83.33293251600008,27.765792333000036],[83.33669426700004,27.765147021000075],[83.33824333000007,27.761663957000053],[83.34218033000008,27.757831082000052],[83.34332733000008,27.76075852100007],[83.34443651700008,27.77477120700007],[83.34534920400006,27.777679457000033],[83.34600851700003,27.782608208000056],[83.34961857900004,27.78231614400005],[83.35094414100007,27.783396395000068],[83.35434789200008,27.78416145800003],[83.35583576700003,27.78591483200006],[83.35512595300008,27.78935470700003],[83.35579576700007,27.790172333000044],[83.35364464200006,27.794004894000068],[83.35528926600006,27.795483708000063],[83.35553895400005,27.797093645000075],[83.35497501600008,27.799832458000026],[83.35500639100007,27.80429339500006],[83.35662339200007,27.807800583000073],[83.35578501700007,27.80919783300004],[83.35265414200006,27.81160876900003],[83.35055901800007,27.815006020000055],[83.34982976600008,27.816270583000062],[83.35083720400007,27.820282646000067],[83.35336214200004,27.822108583000045],[83.35157589100004,27.823681957000076],[83.35153701700006,27.826062208000053],[83.35305433000008,27.827797645000032],[83.35112926700003,27.82995920700006],[83.35169864100004,27.831909145000054],[83.35072189100003,27.836464583000065],[83.34773020400007,27.838210395000033],[83.34812795300007,27.842747520000046],[83.34909089200005,27.844248020000066],[83.34842970400007,27.84789339500003],[83.34932776700003,27.84942970800006],[83.35145564100003,27.85062202000006],[83.35693564000007,27.851708146000078],[83.35936145400007,27.850449083000058],[83.36097914100003,27.851327582000067],[83.36487764200007,27.84930808300004],[83.37017145500005,27.848459208000065],[83.37082445400006,27.84655102000005],[83.37361907900004,27.84489627000005],[83.37765514200004,27.841426333000072],[83.37661114200006,27.838941895000062],[83.37758345400005,27.838151958000026],[83.38045633000007,27.83780614500006],[83.38263595500007,27.84007452000003],[83.38126314100003,27.84179670700007],[83.37957208000006,27.842423146000044],[83.38010664200004,27.84417195800006],[83.38309976800008,27.845475958000065],[83.38596689200006,27.848945521000076],[83.38723458000004,27.849691207000035],[83.38745195500007,27.852625457000045],[83.38935732900006,27.852888833000065],[83.38963639100007,27.85469064600005],[83.38830020500006,27.861780895000038],[83.39095064200006,27.864949333000027],[83.38931651700005,27.870995770000036],[83.38944545500004,27.87403564500005],[83.39145926600008,27.873092333000045],[83.39493582800003,27.872324708000065],[83.39738664100008,27.872407645000067],[83.40015751700008,27.87050858300006],[83.40327820400006,27.869046457000024],[83.40461339200004,27.86743670800007],[83.41286395400004,27.86580914600006],[83.41541876600007,27.863703583000074],[83.41628401700007,27.86717520800005],[83.41624701800004,27.870051895000074],[83.41458207900007,27.874999770000045],[83.41456639200004,27.876073707000046],[83.41618420500004,27.87916952100005],[83.41668632900007,27.881362521000028],[83.41989401800004,27.88361208300006],[83.42166714200005,27.88731770700008],[83.42096164100008,27.89039464500007],[83.42079820500004,27.89359570700003],[83.41981476700005,27.895378583000024],[83.41805595500006,27.896334584000044],[83.41547051800006,27.900294833000032],[83.41585589100004,27.902194020000024],[83.41274651700007,27.904292707000025],[83.41140495400003,27.904684145000033],[83.40957376700004,27.90798408200004],[83.40797682900006,27.912282271000038],[83.40320820400007,27.914628583000024],[83.39976007900003,27.922420457000044],[83.39734576700005,27.92317033300003],[83.39561258000003,27.92511220700004],[83.39809795400004,27.930127583000058],[83.39648976600006,27.93270177000005],[83.39679201700005,27.935920520000025],[83.39500157900005,27.936637021000024],[83.39436976600007,27.93785945700006],[83.39458939300005,27.94056120700003],[83.39535314200003,27.942288396000038],[83.39713245400003,27.94335439500003],[83.39518626700004,27.944873396000048],[83.39493507900005,27.947151145000078]]]}},{"type":"Feature","properties":{"STATE_CODE":5,"DISTRICT":"PALPA","GaPa_NaPa":"Rambha","Type_GN":"Gaunpalika","Province":"5","provinceId":"5","provinceCode":"5","provinceName":"Lumbini","districtId":"506","districtName":"Palpa","municipalityId":"50603","municipalityCode":"50603","municipalityName":"Rambha Rural Municipality","municipalityNameNe":"रम्भा गाउँपालिका","municipalityType":"rural_municipality"},"geometry":{"type":"Polygon","coordinates":[[[83.75915864100006,27.90292370800006],[83.75714008000006,27.903459395000027],[83.75275970500007,27.90689489600004],[83.74678914200007,27.907766270000025],[83.74498845400007,27.906068395000034],[83.74492326700005,27.904060083000047],[83.74801226600005,27.903233207000028],[83.74955707900006,27.901218769000025],[83.74833770400005,27.89966645800007],[83.74479720500005,27.900005145000023],[83.73703308000006,27.90446945800005],[83.73647432900003,27.90761164500003],[83.73528751600008,27.908633645000066],[83.72939326800008,27.910786083000062],[83.72497251700008,27.913891145000036],[83.72250132900007,27.918701270000042],[83.72115601700006,27.920025332000023],[83.71935707900008,27.919906582000067],[83.71581814200005,27.917573083000036],[83.71316876600008,27.91642358200005],[83.71111307900009,27.916279332000045],[83.70845764300003,27.916885270000023],[83.70569864200007,27.918120396000063],[83.70279995300007,27.918204395000032],[83.70019739200006,27.916817895000065],[83.69778345500004,27.91808745800006],[83.69485389200008,27.921569332000047],[83.69224495400005,27.923549145000038],[83.68975870500003,27.922708707000027],[83.68910858000004,27.919656646000078],[83.68809032900003,27.91795520900007],[83.68552376700006,27.916157958000042],[83.68308270500006,27.91720152000005],[83.68164832900004,27.919693770000038],[83.68174620400004,27.92078383300003],[83.68420082900008,27.92275027100004],[83.68380145500004,27.924249832000044],[83.68124595400008,27.92634689600004],[83.67769620400009,27.927311084000053],[83.67549045400006,27.92655452100007],[83.67206176700006,27.924114082000074],[83.66789939300008,27.91960039500003],[83.66568414300008,27.916016395000042],[83.65972657900005,27.907495333000043],[83.65700926700003,27.902296645000035],[83.65121501600004,27.90219858300003],[83.64834557900008,27.900329833000058],[83.64680170500003,27.898351582000032],[83.64480795500003,27.899989083000037],[83.64375033000005,27.90206220700003],[83.64254876700005,27.902104207000036],[83.63811214200007,27.90029202100004],[83.63561332900008,27.89968526900003],[83.63543195500006,27.89829489500005],[83.63744595500003,27.89728483400006],[83.63755070400003,27.895662771000048],[83.63917308000003,27.895346583000048],[83.63955607900004,27.89262414600006],[83.64288964200006,27.88966345800003],[83.64295626700005,27.887350833000028],[83.64372739200007,27.886265270000024],[83.64451914300008,27.88296170800004],[83.64504714200007,27.87767414500007],[83.64752907900004,27.87177777000005],[83.65044170400006,27.870239582000067],[83.65248970500005,27.867221207000057],[83.65242495300004,27.866128957000058],[83.65467283000004,27.863478832000055],[83.65547607800005,27.86156964500003],[83.65716558000008,27.861142895000057],[83.65705770500006,27.858401146000062],[83.65620414300008,27.854432271000064],[83.65713426700006,27.853121395000073],[83.65625558000005,27.85200227000007],[83.65743945400004,27.850238457000046],[83.65971945300004,27.84894895800005],[83.66133489300006,27.84877014400007],[83.66416908000008,27.847017082000036],[83.66702376700005,27.846396708000043],[83.66763826600004,27.84436745800008],[83.66558807900003,27.84084026900007],[83.66450645400005,27.839982458000065],[83.65973839100008,27.840737958000034],[83.65758433000008,27.83988651900006],[83.65626439200008,27.838545146000058],[83.65632014200008,27.836555146000023],[83.65928408000008,27.83532602100007],[83.66018732900005,27.83414814500003],[83.65984345500004,27.830864270000063],[83.66269357900006,27.827685208000048],[83.66198520400008,27.827146458000072],[83.65652107900007,27.825345896000044],[83.65697895300008,27.823011646000054],[83.65507464300003,27.822339020000072],[83.65067139100006,27.819769208000025],[83.64900945400007,27.82002220700008],[83.64674083000006,27.818822770000054],[83.64390264100007,27.81904339500005],[83.63619170400005,27.81777327100008],[83.63503439200008,27.815019645000064],[83.64389357900006,27.813264770000046],[83.64644358000004,27.813347958000065],[83.64897382900006,27.811768208000046],[83.65099576700004,27.812177271000053],[83.65338682900006,27.81085870800007],[83.65613682900005,27.810757271000057],[83.65858139200003,27.811866708000025],[83.66106126800008,27.81101089400005],[83.66298932900008,27.81216189500003],[83.66527701700005,27.811280645000068],[83.66892751700004,27.812277771000026],[83.67003107900007,27.810421145000078],[83.67162020400008,27.80930802000006],[83.67545508000006,27.80889508300004],[83.67739895500006,27.810734145000026],[83.67974232800003,27.809530146000043],[83.68113483000008,27.810663770000076],[83.68150170400008,27.812776645000042],[83.68253833000006,27.81422539600004],[83.68592020400007,27.815517020000073],[83.68873945400009,27.815837083000076],[83.68982583000007,27.816579583000077],[83.69100245400006,27.818831896000063],[83.69488245400004,27.82380914400005],[83.69535301700006,27.82493164500005],[83.69779001800003,27.825162583000065],[83.70048201700007,27.823282084000027],[83.70367989100004,27.823803458000043],[83.70578314200003,27.82270683300004],[83.71015345400008,27.82233020700005],[83.71192114200005,27.823207145000026],[83.71488670500008,27.821466832000056],[83.71735339100007,27.82209695800003],[83.72082220400006,27.82235670800003],[83.72247114200007,27.82416289400004],[83.72644414200005,27.82359770800008],[83.73004320400008,27.825502458000074],[83.73146114200006,27.82548714400008],[83.73276751600008,27.826710396000067],[83.73380939100008,27.825293146000035],[83.73731882900006,27.823930209000025],[83.74197845400005,27.823941271000024],[83.74673695500007,27.826341832000026],[83.74793720400004,27.827551207000056],[83.74711676700008,27.830135582000025],[83.74846545500003,27.83237639600003],[83.74893164300005,27.83593783300006],[83.75062157900004,27.839675270000043],[83.75368614200005,27.843200771000056],[83.75183845400005,27.84386989500007],[83.74754501700005,27.843079083000077],[83.74289233000007,27.844460457000025],[83.73786620400006,27.84671195800007],[83.73577976700005,27.849605145000055],[83.73062557900005,27.848455708000074],[83.72595276700008,27.849324271000057],[83.72138870400005,27.851835520000066],[83.72079483000005,27.85387858400003],[83.72211401700008,27.86485195700004],[83.72440720500003,27.865551457000038],[83.72555870500008,27.86858408300003],[83.72724683000007,27.869379395000067],[83.72856564200004,27.87140377000003],[83.72975476800008,27.875695458000052],[83.72860082900007,27.877778145000036],[83.72888401800003,27.87992452000003],[83.73042920500006,27.882777332000046],[83.72980470500005,27.884493271000053],[83.73083901600006,27.88778958300003],[83.73103395500004,27.891113646000065],[83.73453764200008,27.890515707000077],[83.74464189200006,27.888134019000063],[83.74660620600008,27.88870852100007],[83.74892189100007,27.891104519000066],[83.75172064200007,27.88762120800004],[83.75174407900005,27.886531396000066],[83.74959639200006,27.886202583000056],[83.74768664100003,27.885109270000044],[83.74629464100008,27.88265627000004],[83.74629857900004,27.880415707000054],[83.74735464100007,27.878368833000025],[83.74914032800007,27.876648209000052],[83.75116039300008,27.876076457000067],[83.75393057900004,27.876595895000037],[83.75595032900003,27.876177582000025],[83.75746945400005,27.879740833000028],[83.75604645500005,27.882858896000073],[83.75789233000006,27.883877520000055],[83.75773945500003,27.885371021000026],[83.75612570500004,27.886861896000028],[83.75549808000005,27.889712833000033],[83.75660664200007,27.894845832000044],[83.75923195400009,27.900074020000034],[83.75915864100006,27.90292370800006]]]}},{"type":"Feature","properties":{"STATE_CODE":5,"DISTRICT":"PALPA","GaPa_NaPa":"Rampur","Type_GN":"Nagarpalika","Province":"5","provinceId":"5","provinceCode":"5","provinceName":"Lumbini","districtId":"506","districtName":"Palpa","municipalityId":"50601","municipalityCode":"50601","municipalityName":"Rampur Urban Municipality","municipalityNameNe":"रामपुर नगरपालिका","municipalityType":"municipality"},"geometry":{"type":"Polygon","coordinates":[[[83.94433001700008,27.87580689500004],[83.94310945400008,27.87716020700003],[83.94127845400004,27.87789052000005],[83.93877589100003,27.877390770000034],[83.93764057900006,27.87550614500003],[83.93427026700004,27.87228245700004],[83.93171420400006,27.870902582000042],[83.92780332900008,27.86809583200005],[83.92623695400005,27.868196583000042],[83.92268407900008,27.87124527000003],[83.92135101600007,27.871578457000055],[83.91589189200005,27.870918644000028],[83.91310970400008,27.87229108200006],[83.91259639200007,27.873949207000067],[83.91576757900003,27.87692745700008],[83.91509520400007,27.878237832000025],[83.91220007900006,27.880068332000064],[83.90959108000004,27.880887895000058],[83.90029820400008,27.883022957000037],[83.89444464200005,27.885929270000076],[83.89066214100006,27.88513658200003],[83.88630939200004,27.88235320700005],[83.88305995400003,27.88215189500005],[83.88231307900008,27.88357958200004],[83.88227595400008,27.88739508200007],[83.87961514200003,27.888175770000032],[83.87536857600008,27.885421458000053],[83.87216664200008,27.884479957000053],[83.86424408500005,27.882816088000027],[83.86233383600006,27.880986518000043],[83.86220402100008,27.879217396000058],[83.86325507900006,27.87717639500005],[83.86245226700004,27.874183645000073],[83.85981990000005,27.873242271000038],[83.85728664100003,27.873264520000077],[83.85380176700005,27.874244645000033],[83.85292795700008,27.87561333600007],[83.85392201700006,27.879427707000048],[83.85261494700006,27.88127657700005],[83.84801257500004,27.881661945000076],[83.84617500600007,27.88073026400008],[83.84623045400008,27.878081395000038],[83.84852709100005,27.875522833000048],[83.84942746400003,27.873328336000043],[83.84908650800008,27.87017577100005],[83.84756689100004,27.86830352000004],[83.84417245400005,27.868006394000076],[83.84139864200006,27.868506457000024],[83.83350176600004,27.87144851100004],[83.83005545400005,27.873235888000067],[83.82572364600009,27.876283390000026],[83.82324739100005,27.877516770000057],[83.82216620400004,27.87732127000004],[83.81999326200008,27.875154588000044],[83.81810976700007,27.873974332000046],[83.81259126600008,27.873603582000044],[83.80965882900006,27.873006145000033],[83.80618139800004,27.874718450000046],[83.80002670400006,27.881815020000033],[83.79807514500004,27.882841133000056],[83.79446665200004,27.883269020000057],[83.79124463500006,27.88477821300006],[83.78937632300006,27.886501519000035],[83.78690427300006,27.889780770000073],[83.78346694200008,27.896122645000048],[83.78055818100006,27.89975985700005],[83.77711507400005,27.903143451000062],[83.77142326200004,27.906353963000072],[83.76857715700004,27.906786959000044],[83.76431769500005,27.909776210000075],[83.75852145400006,27.909188520000043],[83.75834401600008,27.907306394000045],[83.76026101600007,27.904478019000067],[83.75915864100006,27.90292370800006],[83.75923195400009,27.900074020000034],[83.75660664200007,27.894845832000044],[83.75549808000005,27.889712833000033],[83.75612570500004,27.886861896000028],[83.75773945500003,27.885371021000026],[83.75789233000006,27.883877520000055],[83.75604645500005,27.882858896000073],[83.75746945400005,27.879740833000028],[83.75595032900003,27.876177582000025],[83.75582607900003,27.873399707000033],[83.75713870400006,27.872061708000047],[83.75731714200003,27.868059208000034],[83.75777064200008,27.866509833000066],[83.75567370400006,27.86181502000005],[83.75872851600008,27.85862089500006],[83.76210051800007,27.858491396000034],[83.76519533000004,27.857077394000044],[83.76762151600008,27.857559895000065],[83.76836976700008,27.859666332000074],[83.76993564100007,27.861045395000076],[83.77147733000004,27.86395870800004],[83.77245889200003,27.868267771000035],[83.77465170400006,27.866928834000078],[83.77924589200006,27.86831264500006],[83.78193376700006,27.86603795800005],[83.78547976700008,27.86470095800007],[83.78863589100007,27.865335395000045],[83.78947414100008,27.864953083000046],[83.79251945400006,27.866467208000074],[83.79224651700008,27.86363502000006],[83.79297808100006,27.862638770000046],[83.79352226800006,27.857009895000033],[83.79238976700003,27.852739084000063],[83.79061176700003,27.849559458000044],[83.79123764100007,27.847146020000025],[83.79008108000005,27.845000645000027],[83.78967651700003,27.842511208000076],[83.79077464100004,27.840080457000056],[83.79453445500008,27.838590082000053],[83.79580232900008,27.836926770000048],[83.79950870400006,27.83386120700004],[83.80321620400008,27.83247433200006],[83.80630107900004,27.83005758200005],[83.80910864300006,27.829759082000066],[83.81077989300007,27.828597082000044],[83.81532351700008,27.82828283300006],[83.82025114200007,27.825410144000045],[83.82200808000005,27.824879895000038],[83.82346364300008,27.822571208000056],[83.82459939200004,27.822421457000075],[83.82501051600008,27.826797145000057],[83.82724057900003,27.828045582000072],[83.82831470400004,27.83078164500006],[83.82818833100004,27.833265895000068],[83.82936501700004,27.834564708000073],[83.83107433000004,27.839858082000035],[83.83676639200007,27.844470271000034],[83.84023389300006,27.845927457000073],[83.84250201700007,27.848204520000024],[83.84397870500004,27.848799645000042],[83.84408733000004,27.845859708000035],[83.84479414100008,27.845305395000025],[83.84770507900004,27.846380457000066],[83.85143026700007,27.846310020000033],[83.85256708000009,27.841367458000036],[83.85404433000008,27.84054770800003],[83.85819676700004,27.842445145000056],[83.85988758100007,27.84382327000003],[83.86142901700003,27.84367133300003],[83.86579614200008,27.844614395000065],[83.86960639200004,27.846357771000044],[83.87187589200005,27.845617520000076],[83.87271126800005,27.843289645000027],[83.87512364300005,27.843790519000038],[83.87636751600007,27.842042958000036],[83.87891170400007,27.842507770000054],[83.88036701800007,27.84097014500003],[83.88161958000006,27.83851401900006],[83.88702745400008,27.837895770000046],[83.88766257900005,27.836810958000058],[83.89008301700005,27.83520633200004],[83.89128864200006,27.83305464500006],[83.89521220500006,27.83115777000006],[83.89262014100007,27.82939127000003],[83.89179795500007,27.82662877100006],[83.89452089200006,27.826500020000026],[83.89742139300006,27.824155521000023],[83.90111945600006,27.82311801900005],[83.90426408000008,27.818178646000035],[83.90767795400006,27.81186070700005],[83.91077608000006,27.80872627000008],[83.91200120500008,27.808302895000054],[83.91576814200005,27.80467920800004],[83.91692133000004,27.804941645000042],[83.91938739200003,27.802736395000068],[83.92123201700008,27.806117520000043],[83.92339451700008,27.80610514500006],[83.92581657900007,27.80957008200005],[83.92845664200007,27.810859896000068],[83.93075307900006,27.810351145000027],[83.93261301800004,27.808711644000027],[83.93414920400005,27.811059083000032],[83.93570051800003,27.81206839500004],[83.94084339300008,27.811651020000056],[83.94286914200006,27.812380707000045],[83.94684539200006,27.810994582000035],[83.94853158100005,27.811450957000034],[83.94998808100007,27.813301832000036],[83.94995426700007,27.814389395000035],[83.94818014200007,27.816049457000076],[83.94780001700008,27.817477645000054],[83.94906570400008,27.81915239500006],[83.95210033000006,27.819645394000077],[83.95333664200007,27.818226520000053],[83.95479508000005,27.81801489600008],[83.95986801700008,27.81431139500006],[83.96213426700007,27.814585082000065],[83.96474383000003,27.816733895000027],[83.96700495500005,27.81748358300007],[83.96831176700005,27.81933189600005],[83.97211289200004,27.820269146000044],[83.97671601800005,27.818410707000055],[83.97796839300008,27.817451833000064],[83.97869176800003,27.81390945800007],[83.98138508000005,27.812373208000054],[83.98350995400006,27.811917707000077],[83.98545457900008,27.812283458000024],[83.98779870500005,27.811333707000074],[83.98878264300004,27.809456458000057],[83.99048107900006,27.808786333000057],[83.98880539200007,27.813310458000046],[83.98959701800004,27.815379645000064],[83.98723576800006,27.817890833000035],[83.98726376600007,27.82327239400007],[83.98646226700004,27.826106396000057],[83.98516576800006,27.827180395000028],[83.98838908000005,27.832137957000043],[83.98959989300005,27.835069145000034],[83.99108695500007,27.836211020000064],[83.99213551700007,27.838300520000075],[83.99764295400007,27.84202158200003],[83.99815632900004,27.844088458000044],[83.99728620400003,27.845356521000042],[83.99728264200007,27.847703207000052],[83.99881726800004,27.850429019000046],[84.00086664200006,27.850900583000055],[84.00226908000008,27.853073521000056],[84.00228558000003,27.854571770000064],[84.00000001600006,27.855885020000073],[83.99941764200008,27.858430207000026],[83.99990857900008,27.860591895000027],[83.99841020400004,27.864506770000048],[83.99635857900006,27.866050082000072],[83.99118951700007,27.866607207000072],[83.98683064200003,27.86554858200003],[83.98297595400004,27.865394707000064],[83.97764507900007,27.86703664500004],[83.97561114100006,27.868904583000074],[83.97519989100005,27.871246645000042],[83.97289557900007,27.87234733200006],[83.97056357900004,27.87009045700006],[83.96850520400005,27.87024120700005],[83.96439264100007,27.872106270000074],[83.96035557900007,27.872829395000053],[83.95667320400008,27.870560708000028],[83.95368676700008,27.869291582000074],[83.95085782900009,27.869211645000064],[83.94729657900007,27.871227520000048],[83.94433001700008,27.87580689500004]]]}},{"type":"Feature","properties":{"STATE_CODE":5,"DISTRICT":"PALPA","GaPa_NaPa":"Ribdikot","Type_GN":"Gaunpalika","Province":"5","provinceId":"5","provinceCode":"5","provinceName":"Lumbini","districtId":"506","districtName":"Palpa","municipalityId":"50606","municipalityCode":"50606","municipalityName":"Ribdikot Rural Municipality","municipalityNameNe":"रिब्दीकोट गाउँपालिका","municipalityType":"rural_municipality"},"geometry":{"type":"Polygon","coordinates":[[[83.42136676700005,27.930651520000026],[83.42040745300005,27.930457957000044],[83.41485201700004,27.931208395000056],[83.41272432900007,27.930793145000052],[83.41136239200006,27.931877145000044],[83.40708870400005,27.934051958000055],[83.40213745300008,27.934441207000077],[83.40092795500004,27.935162458000036],[83.40068089200008,27.940235896000047],[83.39961582900008,27.941970833000028],[83.39713245400003,27.94335439500003],[83.39535314200003,27.942288396000038],[83.39458939300005,27.94056120700003],[83.39436976600007,27.93785945700006],[83.39500157900005,27.936637021000024],[83.39679201700005,27.935920520000025],[83.39648976600006,27.93270177000005],[83.39809795400004,27.930127583000058],[83.39561258000003,27.92511220700004],[83.39734576700005,27.92317033300003],[83.39976007900003,27.922420457000044],[83.40320820400007,27.914628583000024],[83.40797682900006,27.912282271000038],[83.40957376700004,27.90798408200004],[83.41140495400003,27.904684145000033],[83.41274651700007,27.904292707000025],[83.41585589100004,27.902194020000024],[83.41547051800006,27.900294833000032],[83.41805595500006,27.896334584000044],[83.41981476700005,27.895378583000024],[83.42079820500004,27.89359570700003],[83.42096164100008,27.89039464500007],[83.42166714200005,27.88731770700008],[83.41989401800004,27.88361208300006],[83.41668632900007,27.881362521000028],[83.41618420500004,27.87916952100005],[83.41456639200004,27.876073707000046],[83.41458207900007,27.874999770000045],[83.41624701800004,27.870051895000074],[83.41628401700007,27.86717520800005],[83.41541876600007,27.863703583000074],[83.41286395400004,27.86580914600006],[83.40461339200004,27.86743670800007],[83.40327820400006,27.869046457000024],[83.40015751700008,27.87050858300006],[83.39738664100008,27.872407645000067],[83.39493582800003,27.872324708000065],[83.39145926600008,27.873092333000045],[83.38944545500004,27.87403564500005],[83.38931651700005,27.870995770000036],[83.39095064200006,27.864949333000027],[83.38830020500006,27.861780895000038],[83.38963639100007,27.85469064600005],[83.38935732900006,27.852888833000065],[83.38745195500007,27.852625457000045],[83.38723458000004,27.849691207000035],[83.38596689200006,27.848945521000076],[83.38309976800008,27.845475958000065],[83.38010664200004,27.84417195800006],[83.37957208000006,27.842423146000044],[83.38126314100003,27.84179670700007],[83.38263595500007,27.84007452000003],[83.38045633000007,27.83780614500006],[83.37758345400005,27.838151958000026],[83.37661114200006,27.838941895000062],[83.37765514200004,27.841426333000072],[83.37361907900004,27.84489627000005],[83.37082445400006,27.84655102000005],[83.37017145500005,27.848459208000065],[83.36487764200007,27.84930808300004],[83.36097914100003,27.851327582000067],[83.35936145400007,27.850449083000058],[83.35693564000007,27.851708146000078],[83.35145564100003,27.85062202000006],[83.34932776700003,27.84942970800006],[83.34842970400007,27.84789339500003],[83.34909089200005,27.844248020000066],[83.34812795300007,27.842747520000046],[83.34773020400007,27.838210395000033],[83.35072189100003,27.836464583000065],[83.35169864100004,27.831909145000054],[83.35112926700003,27.82995920700006],[83.35305433000008,27.827797645000032],[83.35153701700006,27.826062208000053],[83.35157589100004,27.823681957000076],[83.35336214200004,27.822108583000045],[83.35083720400007,27.820282646000067],[83.34982976600008,27.816270583000062],[83.35055901800007,27.815006020000055],[83.35292720400008,27.815897144000076],[83.35559257900007,27.814393333000055],[83.36044832900006,27.812825145000033],[83.36465651700007,27.812808457000074],[83.36927614100006,27.81078539600003],[83.37397639100004,27.809726021000074],[83.37671808000005,27.81000014600005],[83.37873614100005,27.812637895000023],[83.37904601600007,27.81632839400004],[83.38247145300005,27.81981402100007],[83.38586326700005,27.820409020000056],[83.38890870300008,27.81844827100008],[83.39334332900006,27.81206202000004],[83.39694882900005,27.810412583000073],[83.39920420400006,27.805695396000033],[83.40388164200004,27.802326583000024],[83.40686576600007,27.801172833000066],[83.41006882900007,27.798860269000045],[83.41114801600008,27.797251582000058],[83.41466908000007,27.794520583000065],[83.41749220400004,27.794094769000026],[83.41907357900004,27.791969146000042],[83.42190595400007,27.791356020000023],[83.42332270300005,27.793221207000045],[83.42865926600007,27.794570083000053],[83.42982170300007,27.79913277000003],[83.42917245500007,27.801126957000065],[83.42948014100006,27.80331245700006],[83.43074589200006,27.804691770000034],[83.43064164100008,27.806979269000067],[83.43238801700005,27.81067114500007],[83.43373626600004,27.81175970700008],[83.43599976600007,27.81093633300003],[83.44425195400004,27.806644333000065],[83.44559426800004,27.806661020000035],[83.44609901600006,27.804580395000073],[83.44749776600008,27.802916332000052],[83.44852157900004,27.80054670800007],[83.44986901700008,27.800795770000036],[83.45546558000007,27.79887295700007],[83.45815857900004,27.798545082000032],[83.45892264100007,27.80014783200005],[83.45938751700004,27.803441707000047],[83.45810607900006,27.805040958000063],[83.45636332900006,27.805546332000063],[83.45491195500006,27.807043333000024],[83.45243301600004,27.806708583000045],[83.45051051700005,27.807452332000025],[83.44997676700007,27.809508082000036],[83.44855920400005,27.81043427000003],[83.45124808000008,27.812171083000067],[83.45557195500004,27.811581270000033],[83.46019858000005,27.812486145000037],[83.46072282900008,27.81444670700006],[83.46382839200004,27.81486270700003],[83.46812282900004,27.816273770000066],[83.46958782800004,27.817317333000062],[83.47465845300007,27.817093020000073],[83.47693907900003,27.81424508300006],[83.47821026800005,27.81383476900004],[83.48146757900008,27.816708082000048],[83.48064626600006,27.817575958000077],[83.48252026700004,27.820042458000046],[83.48131714200008,27.821793396000032],[83.48164064100007,27.823486896000077],[83.48531570500006,27.82600295700007],[83.48765257800005,27.828642582000043],[83.48892908000005,27.831806207000056],[83.48725639200006,27.833485521000057],[83.48880514100006,27.83740152000007],[83.49116714200005,27.84140177000006],[83.49081470400006,27.84315595700008],[83.49161582900007,27.84460520700003],[83.49359570400009,27.84567527100006],[83.49497545400004,27.848473770000055],[83.49409845400004,27.850431207000042],[83.49123276700004,27.85146764500007],[83.49073201600004,27.853783083000053],[83.49212701600004,27.85440876900003],[83.49334507900005,27.857824833000052],[83.49445089200003,27.859356457000047],[83.49438176600006,27.86167120700003],[83.49528101700008,27.862798207000026],[83.49342789200006,27.86525533300005],[83.49306345400004,27.867316394000056],[83.49381820400004,27.869223457000032],[83.49356564100003,27.871056958000054],[83.49157139100004,27.877191395000068],[83.49192495300008,27.87997933200006],[83.48876983000008,27.88334539500005],[83.48883270500005,27.88570352000005],[83.49018932900003,27.885453582000025],[83.49216320400006,27.886604832000046],[83.49336564200007,27.88906645800006],[83.49149382900004,27.89439589500006],[83.48879014200008,27.89652483200007],[83.48624101600006,27.89601895800007],[83.48300770400004,27.896119707000025],[83.48064539200004,27.896934395000073],[83.47793951700004,27.901236020000056],[83.47395126600009,27.904460957000026],[83.47161114100004,27.90461220900005],[83.47024351800007,27.906491020000033],[83.46938895300008,27.909263020000026],[83.46999576700006,27.912311395000074],[83.46625026700008,27.912712144000068],[83.46173814100007,27.911785271000042],[83.45558945400006,27.911156396000024],[83.45145907800008,27.911131020000028],[83.44453270500009,27.914767521000044],[83.44568595500004,27.916191395000055],[83.44516307900005,27.917297208000036],[83.45093532900006,27.91984064500008],[83.45351870400003,27.919550832000027],[83.45580276700008,27.922646520000058],[83.45519207900008,27.924061083000026],[83.45243726600006,27.924255457000072],[83.44939357900006,27.925998770000035],[83.44487189100005,27.926623707000033],[83.44251870300008,27.92794989600003],[83.43770389100007,27.927192521000052],[83.43611539100004,27.92659039600005],[83.43374057900007,27.927954708000073],[83.43046307900005,27.929159646000073],[83.42911120300005,27.928558332000023],[83.42850026800005,27.926428145000045],[83.42706095400007,27.926036332000024],[83.42556558000007,27.924303957000063],[83.42269470500008,27.925837583000032],[83.42311257900008,27.927870020000057],[83.42136676700005,27.930651520000026]]]}},{"type":"Feature","properties":{"STATE_CODE":5,"DISTRICT":"PALPA","GaPa_NaPa":"Tansen","Type_GN":"Nagarpalika","Province":"5","provinceId":"5","provinceCode":"5","provinceName":"Lumbini","districtId":"506","districtName":"Palpa","municipalityId":"50605","municipalityCode":"50605","municipalityName":"Tansen Urban Municipality","municipalityNameNe":"तानसेन नगरपालिका","municipalityType":"municipality"},"geometry":{"type":"Polygon","coordinates":[[[83.52970364100008,27.928090207000025],[83.52739032900007,27.92476995800007],[83.52610214300006,27.923946457000056],[83.52391689300003,27.925721457000066],[83.52506664100008,27.929089644000044],[83.52416933000006,27.930869020000046],[83.52132482900004,27.933323146000077],[83.51814314100005,27.93744339500006],[83.51622582900006,27.93873183200003],[83.51107639100007,27.940557021000075],[83.50808620400005,27.94013577000004],[83.50538233000003,27.937871957000027],[83.50569670400006,27.935289583000042],[83.50900426700008,27.933259458000066],[83.51144995400006,27.933340332000057],[83.51075170500008,27.930914520000044],[83.50794351700006,27.928372958000068],[83.50330545300005,27.926914458000056],[83.50000020400006,27.926789708000058],[83.49769183000006,27.927293520000035],[83.49466945500006,27.92896339600003],[83.49159220500007,27.928489520000028],[83.48822970400005,27.923542458000043],[83.48588814200008,27.922525146000055],[83.48315476800008,27.92369276900007],[83.47982814100004,27.92456020800006],[83.47560195400007,27.926374082000052],[83.47266314200004,27.927048770000056],[83.46953608000007,27.92848758200006],[83.46717595400008,27.93107777000006],[83.46250926600004,27.934223020000047],[83.45497614200008,27.932661333000055],[83.45234289200005,27.929367957000068],[83.45011051700004,27.928474583000025],[83.44479739200005,27.93194608300007],[83.44229820500004,27.932545145000063],[83.44271232800008,27.935265707000042],[83.44021445400006,27.935596271000065],[83.43881951700007,27.93499270700005],[83.43571764200004,27.935548582000024],[83.43526701600007,27.93897414500003],[83.43433801600008,27.939581771000064],[83.42945320500007,27.939685707000024],[83.42684470500006,27.936931208000033],[83.42687845500006,27.934864520000076],[83.42436876700003,27.933642457000076],[83.42136676700005,27.930651520000026],[83.42311257900008,27.927870020000057],[83.42269470500008,27.925837583000032],[83.42556558000007,27.924303957000063],[83.42706095400007,27.926036332000024],[83.42850026800005,27.926428145000045],[83.42911120300005,27.928558332000023],[83.43046307900005,27.929159646000073],[83.43374057900007,27.927954708000073],[83.43611539100004,27.92659039600005],[83.43770389100007,27.927192521000052],[83.44251870300008,27.92794989600003],[83.44487189100005,27.926623707000033],[83.44939357900006,27.925998770000035],[83.45243726600006,27.924255457000072],[83.45519207900008,27.924061083000026],[83.45580276700008,27.922646520000058],[83.45351870400003,27.919550832000027],[83.45093532900006,27.91984064500008],[83.44516307900005,27.917297208000036],[83.44568595500004,27.916191395000055],[83.44453270500009,27.914767521000044],[83.45145907800008,27.911131020000028],[83.45558945400006,27.911156396000024],[83.46173814100007,27.911785271000042],[83.46625026700008,27.912712144000068],[83.46999576700006,27.912311395000074],[83.46938895300008,27.909263020000026],[83.47024351800007,27.906491020000033],[83.47161114100004,27.90461220900005],[83.47395126600009,27.904460957000026],[83.47793951700004,27.901236020000056],[83.48064539200004,27.896934395000073],[83.48300770400004,27.896119707000025],[83.48624101600006,27.89601895800007],[83.48879014200008,27.89652483200007],[83.49149382900004,27.89439589500006],[83.49336564200007,27.88906645800006],[83.49216320400006,27.886604832000046],[83.49018932900003,27.885453582000025],[83.48883270500005,27.88570352000005],[83.48876983000008,27.88334539500005],[83.49192495300008,27.87997933200006],[83.49157139100004,27.877191395000068],[83.49356564100003,27.871056958000054],[83.49381820400004,27.869223457000032],[83.49306345400004,27.867316394000056],[83.49342789200006,27.86525533300005],[83.49528101700008,27.862798207000026],[83.49438176600006,27.86167120700003],[83.49445089200003,27.859356457000047],[83.49334507900005,27.857824833000052],[83.49212701600004,27.85440876900003],[83.49073201600004,27.853783083000053],[83.49123276700004,27.85146764500007],[83.49409845400004,27.850431207000042],[83.49497545400004,27.848473770000055],[83.49359570400009,27.84567527100006],[83.49161582900007,27.84460520700003],[83.49081470400006,27.84315595700008],[83.49116714200005,27.84140177000006],[83.48880514100006,27.83740152000007],[83.48725639200006,27.833485521000057],[83.48892908000005,27.831806207000056],[83.48765257800005,27.828642582000043],[83.49066426800005,27.827184833000047],[83.49239501700004,27.826913645000047],[83.49553676600004,27.82851814600008],[83.49946920500008,27.829254520000063],[83.50179282900007,27.828928958000063],[83.50110014100005,27.82713714500005],[83.49700601700005,27.823852833000046],[83.49539326700005,27.821949395000047],[83.49510970400007,27.820086770000046],[83.49703320400005,27.818358645000046],[83.50130701700004,27.81810564500006],[83.50466908000004,27.81630589400004],[83.50697326600005,27.815865083000062],[83.50745470400005,27.81434377100004],[83.51082151700007,27.81229339500004],[83.51322101600005,27.81243051900003],[83.51621620400005,27.811737020000066],[83.51722682900004,27.808371769000075],[83.51643633000003,27.80608333200007],[83.51640401600008,27.80126583300006],[83.51728126700004,27.79814827000007],[83.52006339100006,27.79840845700005],[83.52153045400007,27.796867896000037],[83.52428170500008,27.797585896000044],[83.52758251600005,27.79548527000003],[83.52945676700006,27.79718170700005],[83.53025045400005,27.79501827000007],[83.53173445500005,27.795846895000068],[83.53402920400003,27.794742271000075],[83.53537307900007,27.796161520000055],[83.53762326700007,27.796200645000056],[83.53905226600006,27.795501396000077],[83.54035008000005,27.797092020000036],[83.54242326700006,27.796324957000024],[83.54672845500005,27.796537707000027],[83.54843639200004,27.793643832000043],[83.55048120500004,27.79541958300007],[83.54839014100008,27.797082395000075],[83.54983620400003,27.798770395000076],[83.55258776700003,27.79840027000006],[83.55554126600003,27.79975233300007],[83.55837670400007,27.797299645000066],[83.55995376600004,27.798875208000027],[83.56279082900005,27.79852545800003],[83.56408307900006,27.799312520000058],[83.56250376600008,27.801137458000028],[83.56557570400008,27.804116583000052],[83.56982664200007,27.806027458000074],[83.57283632800005,27.80562164500003],[83.57543733000006,27.804176521000045],[83.57591139200008,27.80626970800006],[83.57729739200005,27.80665527000008],[83.57926607800005,27.80464633300005],[83.58131164100007,27.809727146000057],[83.58513939100004,27.81468920700007],[83.58158914200004,27.817530583000064],[83.57971314100007,27.81805289600004],[83.57930314100008,27.820396020000032],[83.57799495500007,27.82149995700007],[83.57652776600008,27.82636695800005],[83.57488570500004,27.829204958000048],[83.57215420500006,27.831795895000027],[83.57115889100004,27.83445308200004],[83.56864995400008,27.83551708300007],[83.57176589200003,27.837367959000062],[83.57440064200006,27.83748895800005],[83.57680170400005,27.84073870800006],[83.57776126700008,27.84425033200006],[83.57300389300008,27.847358519000068],[83.57223626700005,27.849294395000072],[83.56974508000008,27.849480708000044],[83.56712164300006,27.85092558300005],[83.56752420500004,27.852251395000053],[83.56679426700003,27.855523082000047],[83.56540076700009,27.85870920700006],[83.56760489100003,27.862148082000033],[83.56856582900008,27.865531145000034],[83.56972289200007,27.867709896000065],[83.57122401800007,27.868806646000053],[83.57103345500008,27.870791646000043],[83.57494351600008,27.871579895000025],[83.57392089100006,27.87334352000005],[83.57498195400007,27.87603864500005],[83.57134820500005,27.878545521000035],[83.56956770400006,27.880640645000028],[83.56724339200008,27.88203683200004],[83.56620045400007,27.883743896000055],[83.56124039200006,27.88496470800004],[83.55934264200005,27.886483958000042],[83.55730433000008,27.88647064500003],[83.55531107900003,27.88741639400007],[83.55301045400006,27.88659439500003],[83.55016858000005,27.88915064500003],[83.54564658000004,27.88783614400006],[83.54479626700004,27.88849220800006],[83.54581014200005,27.890325457000074],[83.54140182800006,27.893907520000027],[83.54056789200007,27.896898958000065],[83.54003164100004,27.901060209000036],[83.54218789300006,27.90264458300004],[83.54351357900003,27.904959396000038],[83.54232564200004,27.90831289600004],[83.54343801600004,27.91145070700003],[83.54263758000008,27.913711146000026],[83.54046732800003,27.91581133300008],[83.54058839100009,27.91715202000006],[83.53887139100004,27.919125145000066],[83.53702820400008,27.91998989500007],[83.53734145500005,27.921371833000023],[83.53518026700004,27.92402702000004],[83.53088545400004,27.926065769000047],[83.52970364100008,27.928090207000025]]]}},{"type":"Feature","properties":{"STATE_CODE":5,"DISTRICT":"PALPA","GaPa_NaPa":"Tinau","Type_GN":"Gaunpalika","Province":"5","provinceId":"5","provinceCode":"5","provinceName":"Lumbini","districtId":"506","districtName":"Palpa","municipalityId":"50608","municipalityCode":"50608","municipalityName":"Tinau Rural Municipality","municipalityNameNe":"तिनाउ गाउँपालिका","municipalityType":"rural_municipality"},"geometry":{"type":"Polygon","coordinates":[[[83.57926607800005,27.80464633300005],[83.57729739200005,27.80665527000008],[83.57591139200008,27.80626970800006],[83.57543733000006,27.804176521000045],[83.57283632800005,27.80562164500003],[83.56982664200007,27.806027458000074],[83.56557570400008,27.804116583000052],[83.56250376600008,27.801137458000028],[83.56408307900006,27.799312520000058],[83.56279082900005,27.79852545800003],[83.55995376600004,27.798875208000027],[83.55837670400007,27.797299645000066],[83.55554126600003,27.79975233300007],[83.55258776700003,27.79840027000006],[83.54983620400003,27.798770395000076],[83.54839014100008,27.797082395000075],[83.55048120500004,27.79541958300007],[83.54843639200004,27.793643832000043],[83.54672845500005,27.796537707000027],[83.54242326700006,27.796324957000024],[83.54035008000005,27.797092020000036],[83.53905226600006,27.795501396000077],[83.53762326700007,27.796200645000056],[83.53537307900007,27.796161520000055],[83.53402920400003,27.794742271000075],[83.53173445500005,27.795846895000068],[83.53025045400005,27.79501827000007],[83.52945676700006,27.79718170700005],[83.52758251600005,27.79548527000003],[83.52428170500008,27.797585896000044],[83.52153045400007,27.796867896000037],[83.52006339100006,27.79840845700005],[83.51728126700004,27.79814827000007],[83.51640401600008,27.80126583300006],[83.51643633000003,27.80608333200007],[83.51722682900004,27.808371769000075],[83.51621620400005,27.811737020000066],[83.51322101600005,27.81243051900003],[83.51082151700007,27.81229339500004],[83.50745470400005,27.81434377100004],[83.50697326600005,27.815865083000062],[83.50466908000004,27.81630589400004],[83.50130701700004,27.81810564500006],[83.49703320400005,27.818358645000046],[83.49510970400007,27.820086770000046],[83.49539326700005,27.821949395000047],[83.49700601700005,27.823852833000046],[83.50110014100005,27.82713714500005],[83.50179282900007,27.828928958000063],[83.49946920500008,27.829254520000063],[83.49553676600004,27.82851814600008],[83.49239501700004,27.826913645000047],[83.49066426800005,27.827184833000047],[83.48765257800005,27.828642582000043],[83.48531570500006,27.82600295700007],[83.48164064100007,27.823486896000077],[83.48131714200008,27.821793396000032],[83.48252026700004,27.820042458000046],[83.48064626600006,27.817575958000077],[83.48146757900008,27.816708082000048],[83.47821026800005,27.81383476900004],[83.47693907900003,27.81424508300006],[83.47465845300007,27.817093020000073],[83.46958782800004,27.817317333000062],[83.46812282900004,27.816273770000066],[83.46382839200004,27.81486270700003],[83.46072282900008,27.81444670700006],[83.46019858000005,27.812486145000037],[83.45557195500004,27.811581270000033],[83.45124808000008,27.812171083000067],[83.44855920400005,27.81043427000003],[83.44997676700007,27.809508082000036],[83.45051051700005,27.807452332000025],[83.45243301600004,27.806708583000045],[83.45491195500006,27.807043333000024],[83.45636332900006,27.805546332000063],[83.45810607900006,27.805040958000063],[83.45938751700004,27.803441707000047],[83.45892264100007,27.80014783200005],[83.45815857900004,27.798545082000032],[83.45546558000007,27.79887295700007],[83.44986901700008,27.800795770000036],[83.44852157900004,27.80054670800007],[83.44749776600008,27.802916332000052],[83.44609901600006,27.804580395000073],[83.44559426800004,27.806661020000035],[83.44425195400004,27.806644333000065],[83.43599976600007,27.81093633300003],[83.43373626600004,27.81175970700008],[83.43238801700005,27.81067114500007],[83.43064164100008,27.806979269000067],[83.43074589200006,27.804691770000034],[83.42948014100006,27.80331245700006],[83.42917245500007,27.801126957000065],[83.42982170300007,27.79913277000003],[83.42865926600007,27.794570083000053],[83.42332270300005,27.793221207000045],[83.42190595400007,27.791356020000023],[83.41907357900004,27.791969146000042],[83.41749220400004,27.794094769000026],[83.41466908000007,27.794520583000065],[83.41114801600008,27.797251582000058],[83.41006882900007,27.798860269000045],[83.40686576600007,27.801172833000066],[83.40388164200004,27.802326583000024],[83.39920420400006,27.805695396000033],[83.39694882900005,27.810412583000073],[83.39334332900006,27.81206202000004],[83.38890870300008,27.81844827100008],[83.38586326700005,27.820409020000056],[83.38247145300005,27.81981402100007],[83.37904601600007,27.81632839400004],[83.37873614100005,27.812637895000023],[83.37671808000005,27.81000014600005],[83.37397639100004,27.809726021000074],[83.36927614100006,27.81078539600003],[83.36465651700007,27.812808457000074],[83.36044832900006,27.812825145000033],[83.35559257900007,27.814393333000055],[83.35292720400008,27.815897144000076],[83.35055901800007,27.815006020000055],[83.35265414200006,27.81160876900003],[83.35578501700007,27.80919783300004],[83.35662339200007,27.807800583000073],[83.35500639100007,27.80429339500006],[83.35497501600008,27.799832458000026],[83.35553895400005,27.797093645000075],[83.35528926600006,27.795483708000063],[83.35364464200006,27.794004894000068],[83.35579576700007,27.790172333000044],[83.35512595300008,27.78935470700003],[83.35583576700003,27.78591483200006],[83.35434789200008,27.78416145800003],[83.35094414100007,27.783396395000068],[83.34961857900004,27.78231614400005],[83.34600851700003,27.782608208000056],[83.34534920400006,27.777679457000033],[83.34443651700008,27.77477120700007],[83.34332733000008,27.76075852100007],[83.34218033000008,27.757831082000052],[83.34414832800007,27.757944208000026],[83.34694601800004,27.755565707000073],[83.34831895400004,27.751235458000053],[83.34812776600006,27.74975214500006],[83.34980907900007,27.749529895000023],[83.35504045500005,27.751427145000036],[83.35664614100006,27.75241614500004],[83.35928389300005,27.752162144000067],[83.36049220400008,27.750854521000065],[83.36058314100006,27.74890764400004],[83.36320957800007,27.74529833300005],[83.36494282900009,27.741784146000043],[83.36712707900006,27.74096833300007],[83.36885539100007,27.737016270000026],[83.37304851600004,27.734891770000047],[83.37517407800004,27.73481789400006],[83.37522045400004,27.73652395700003],[83.37786470400005,27.741134333000048],[83.37807020400004,27.743188582000073],[83.38565801700008,27.74269220700006],[83.38636651600007,27.743266208000023],[83.38707751800007,27.74679158200007],[83.38853457900007,27.747425332000034],[83.39076333000008,27.748673895000024],[83.39370864100005,27.74787452000004],[83.39643320500005,27.746036208000078],[83.39829889100008,27.74361877000007],[83.39954451600005,27.74055095700004],[83.40169764100006,27.737891020000063],[83.40501345300004,27.736912520000033],[83.40734001700008,27.734792457000026],[83.41053201600005,27.734880582000073],[83.41345439200006,27.73773827000008],[83.41526289100005,27.738745519000076],[83.41673095400006,27.740893020000044],[83.42006820400007,27.741730646000065],[83.42404289100006,27.739696208000055],[83.42565839200006,27.741327458000058],[83.42840789300004,27.741208019000055],[83.43100932900006,27.739192458000048],[83.43407576700008,27.739198271000078],[83.43533451700006,27.737495332000037],[83.43441620300007,27.734912520000023],[83.43549376600004,27.73225214400003],[83.43663545500004,27.731464833000075],[83.43890057900006,27.732290833000036],[83.44056126700008,27.731992957000045],[83.44409301700006,27.72777645800005],[83.44487976700003,27.726082770000062],[83.44445232900006,27.724181207000072],[83.44665332900007,27.723745520000023],[83.44968507900006,27.726596146000077],[83.45162058000005,27.727030269000068],[83.45429695400009,27.72649483300006],[83.45701151700007,27.727963083000077],[83.46035133000004,27.726202645000058],[83.46517070400006,27.725668520000056],[83.46681782900004,27.723881083000038],[83.47075282900005,27.721623958000066],[83.47315301700007,27.72100133200007],[83.47764395500008,27.72129814500005],[83.48401051700006,27.724429083000075],[83.48603439200008,27.726049895000074],[83.48847876700006,27.729818144000035],[83.49137108000008,27.729228646000024],[83.49415207900006,27.725721082000064],[83.49654564200006,27.725964458000078],[83.50112445500008,27.729297958000075],[83.50207351700004,27.72908927000003],[83.50466689100006,27.726045707000026],[83.50881276700005,27.72495033200005],[83.51186207900008,27.725513957000032],[83.51583751600003,27.728968895000037],[83.51926433000006,27.726765082000043],[83.51986945500005,27.72582170800007],[83.52335282900003,27.72541858200003],[83.52562208000006,27.726290582000047],[83.52881951700004,27.725385394000057],[83.53082476700007,27.72418502000005],[83.53324357900004,27.725844895000023],[83.53589051700004,27.72391102000006],[83.53884457900006,27.72250170700005],[83.54171514100005,27.720214145000057],[83.54414120400008,27.72003939500007],[83.54650601600008,27.718984395000064],[83.54950757900008,27.716586582000048],[83.55337495400005,27.71621552000005],[83.55584370500003,27.716825895000056],[83.55911295500005,27.71638283300007],[83.56281870400005,27.714077271000065],[83.56584345500005,27.713170645000048],[83.56934795400008,27.712732582000058],[83.56975020400006,27.711348395000073],[83.57349789200003,27.708277708000026],[83.57782620400008,27.70669339600005],[83.58003364200005,27.705098082000063],[83.58269851700004,27.704794707000076],[83.58456689100007,27.705429895000066],[83.58642232900007,27.704954832000055],[83.58819926600006,27.705797270000062],[83.58765345500007,27.70775420800004],[83.58787164200004,27.70999327100003],[83.58981989300008,27.714888708000046],[83.58319720400004,27.71327139500005],[83.58062620600003,27.71166608200008],[83.57915101600008,27.709971520000067],[83.57799445500007,27.71074870800004],[83.57738301600006,27.712741520000066],[83.57390476700004,27.714574395000056],[83.57383139200005,27.71648308300007],[83.57174776700003,27.717449145000046],[83.57043795500005,27.71912164500003],[83.57012164200006,27.721293583000033],[83.56817289200006,27.72203214500007],[83.56790445300004,27.723231707000025],[83.56883139300004,27.72617470700004],[83.56730595300007,27.727898395000068],[83.57167926800008,27.730287958000076],[83.57599270500003,27.73491114500007],[83.57728439200008,27.737900332000038],[83.57899676700004,27.740403396000033],[83.57992589200006,27.74412927000003],[83.58278820500004,27.746924645000036],[83.58775364100006,27.74886876900007],[83.58973676700003,27.747669708000046],[83.59427382900003,27.743165770000076],[83.59699889200004,27.74389352000003],[83.59991089100004,27.747261770000023],[83.59917745400008,27.751449833000038],[83.59731595500006,27.75612645800004],[83.59665064100005,27.760964519000026],[83.59744732900003,27.765662457000076],[83.59713939200003,27.767565957000045],[83.59779864200004,27.76937745600003],[83.59959757800004,27.77188058200005],[83.59949782900009,27.774017146000062],[83.59702951600008,27.77646939500005],[83.59663026800007,27.777763458000038],[83.59412158000004,27.780120832000023],[83.59020320400003,27.781433771000025],[83.58854145400005,27.782604395000078],[83.58351064200008,27.783015770000077],[83.58365076700005,27.785773520000077],[83.58462907900008,27.788470645000075],[83.58481395400008,27.79115402000008],[83.58439432800003,27.793402394000054],[83.58487826700008,27.79608670700003],[83.58460689200007,27.79791577000003],[83.58222276800007,27.80034114500006],[83.58152982900003,27.801798833000078],[83.57914414200008,27.803210895000063],[83.57926607800005,27.80464633300005]]]}},{"type":"Feature","properties":{"STATE_CODE":5,"DISTRICT":"NAWALPARASI_W","GaPa_NaPa":"Bardaghat","Type_GN":"Nagarpalika","Province":"5","provinceId":"5","provinceCode":"5","provinceName":"Lumbini","districtId":"507","districtName":"Nawalparasi West","municipalityId":"50701","municipalityCode":"50701","municipalityName":"Bardaghat Urban Municipality","municipalityNameNe":"बर्दघाट नगरपालिका","municipalityType":"municipality"},"geometry":{"type":"Polygon","coordinates":[[[83.88448876700005,27.527681519000055],[83.88281064200004,27.529349894000063],[83.88088282900009,27.532180207000067],[83.87763864100003,27.53463701900006],[83.87398732900004,27.539900457000044],[83.87177176700004,27.541644957000074],[83.86875451700007,27.543167520000054],[83.86407951700005,27.544925394000074],[83.86048182900004,27.545578457000033],[83.85945826600005,27.54714345700006],[83.85772232900007,27.54798564400005],[83.85594814200005,27.550452394000047],[83.85409514100007,27.55620226900004],[83.85274595400006,27.558804894000048],[83.84908726700007,27.56016164400006],[83.84723795400004,27.55851914400006],[83.84582601700004,27.558341582000025],[83.84367045400006,27.556042019000074],[83.84325070400007,27.553850519000036],[83.84456339100007,27.550997519000077],[83.84392307900004,27.549049394000065],[83.84125545400008,27.54754808200005],[83.84055026600004,27.54563827000004],[83.83886739200005,27.546031207000055],[83.83947664200008,27.549260957000058],[83.83936282900004,27.55133008200005],[83.83769614200008,27.554636145000075],[83.83636820400005,27.556320207000056],[83.83470232900004,27.55958789400006],[83.83526389100007,27.561226770000076],[83.83386651600006,27.563118332000045],[83.83368132900006,27.565473895000025],[83.84158820500005,27.571722332000036],[83.84356339200008,27.57214433200005],[83.84309170400007,27.57396033200007],[83.83823414200003,27.58555533200007],[83.83517520400005,27.587772207000057],[83.83317570400004,27.587119894000068],[83.82982201700008,27.589816832000054],[83.82577539200008,27.591851645000077],[83.82218195400003,27.592298395000057],[83.81887882900008,27.59001733200006],[83.81610520400005,27.589086207000037],[83.81022970400005,27.58850295700006],[83.81002851700003,27.589667020000036],[83.81201982900006,27.593408769000064],[83.81054976700005,27.596031082000025],[83.80826520400007,27.59671839500004],[83.80412770400005,27.59642608200005],[83.80317995500008,27.595955395000033],[83.80070145400003,27.598454269000058],[83.79814039200005,27.59931258200004],[83.79700407900003,27.60117027000007],[83.79261064200006,27.604866644000026],[83.79194276700008,27.60645420700007],[83.79388101700005,27.60739126900006],[83.79634689100004,27.609527332000027],[83.79994889200003,27.609785269000042],[83.80201232900004,27.612324520000072],[83.80170976700003,27.614005144000032],[83.79929182900008,27.618467332000023],[83.79915407900006,27.619696832000045],[83.80083801600006,27.620804957000075],[83.80424282900003,27.620342707000077],[83.80720389200008,27.62061764500004],[83.80701639200004,27.623162707000063],[83.80519257900005,27.625141332000055],[83.80489432900004,27.62744476900008],[83.80308976700007,27.629231582000045],[83.80464464100004,27.632151457000077],[83.80675064200005,27.632416144000047],[83.81175839200006,27.635033769000074],[83.81238983000009,27.639752895000072],[83.81068626600006,27.640962332000072],[83.80899951600009,27.647607582000035],[83.81201114100008,27.648209645000065],[83.81272807900007,27.65092977000006],[83.81452951600005,27.652755332000027],[83.81401114200008,27.654392832000042],[83.81204264100006,27.654970082000034],[83.81305832900006,27.657514519000074],[83.81390382900008,27.662175207000075],[83.81055420400008,27.66209402000004],[83.80830676600004,27.66267533200005],[83.80176676700006,27.665319769000064],[83.79598001600004,27.666166520000047],[83.78863845400008,27.666205207000075],[83.78615401600007,27.666731645000027],[83.78087095400008,27.66653608200005],[83.77751664100003,27.666014020000034],[83.77037189100008,27.666376894000052],[83.76792407900007,27.66432627000006],[83.76520820400003,27.661038520000034],[83.76202507900007,27.66238020700007],[83.76086207900005,27.66409989400006],[83.76033501700005,27.667230957000072],[83.75767039200008,27.66678408200005],[83.75265182900006,27.66692183200007],[83.74897989100003,27.66656327000004],[83.75037232900007,27.659703832000048],[83.75027276600008,27.651654894000046],[83.74986589100007,27.649512832000028],[83.75043782900008,27.642146395000054],[83.74947039100005,27.637480520000054],[83.75004001600007,27.629884020000077],[83.74949789200008,27.627053457000045],[83.74921501600005,27.622226332000025],[83.74930407900007,27.615937707000057],[83.75040770400005,27.610327832000053],[83.74979207900003,27.60878326900007],[83.75170389200008,27.60690027000004],[83.75328776600008,27.604448082000033],[83.75292014100006,27.60192239500003],[83.75477045400004,27.600366457000064],[83.75624920400008,27.600310395000065],[83.75859039200003,27.596370144000048],[83.76178414100008,27.594107895000036],[83.76327126600006,27.590545207000048],[83.76351176600008,27.588835207000045],[83.76189714200007,27.588126207000073],[83.76193307900007,27.583064894000074],[83.76048801600007,27.582164332000048],[83.75761601600004,27.582197707000034],[83.75484882900008,27.579816769000047],[83.75484170400006,27.576885582000045],[83.75307270400003,27.573531582000044],[83.75375420400007,27.571143145000065],[83.75222414200005,27.570258145000025],[83.75183970400008,27.56833489400003],[83.75048820400008,27.56610308200004],[83.75221901600008,27.563795520000042],[83.74968007900003,27.561520957000027],[83.74798757900004,27.56142989500006],[83.74757032900004,27.55925158200006],[83.74851557900007,27.55834845700008],[83.74848276700004,27.556236332000026],[83.74652351700007,27.554653207000058],[83.74582570400008,27.55104152000007],[83.74496207900006,27.548842144000048],[83.74231864200004,27.547467582000024],[83.73802214200003,27.546189207000054],[83.73860064200005,27.544574582000052],[83.73757889200004,27.54107276900004],[83.73817095400005,27.539765144000057],[83.73681070400005,27.537709144000075],[83.73802832900003,27.53624245700007],[83.74391132900007,27.53588789400004],[83.74422132800004,27.53388695700005],[83.74529614100004,27.532149144000073],[83.74652651700006,27.531830957000068],[83.74759195400009,27.533617769000045],[83.75442576700004,27.53305914500004],[83.75725370400005,27.531464270000072],[83.75497532800006,27.52909545700004],[83.75434320400007,27.52693258200003],[83.75198439100006,27.524353707000046],[83.74926132900003,27.522629395000024],[83.74811457900006,27.520474582000077],[83.75007307900006,27.518478895000044],[83.74898045400005,27.516728020000073],[83.74645120400004,27.51845651900004],[83.74522439200007,27.517838269000038],[83.74510632900007,27.515827457000057],[83.74653745400008,27.51518702000004],[83.74453689100005,27.511414956000067],[83.74591964200005,27.508556207000026],[83.74464532900004,27.506500457000072],[83.74186932900005,27.50531295600007],[83.74288307900008,27.502636332000066],[83.73979651600007,27.50266670700006],[83.73792439200008,27.501345394000055],[83.74044001700008,27.497784832000036],[83.74428120400006,27.49514951900005],[83.74449945400005,27.49337408200006],[83.74343295400007,27.492376957000033],[83.74060832900005,27.49304195700006],[83.73834420400004,27.491961332000074],[83.73775526700007,27.490743957000063],[83.73943426600005,27.488025769000046],[83.73952695400004,27.485329395000065],[83.73754345400005,27.482552394000038],[83.73722670400008,27.480766894000055],[83.74040739100008,27.480393769000045],[83.74784201700004,27.47834045700006],[83.74774220400008,27.47634326900004],[83.74643864200004,27.475930207000033],[83.74635551600005,27.474206082000023],[83.74846482900006,27.472305394000045],[83.75003726700004,27.472854269000038],[83.75104132900003,27.473853457000075],[83.75358914200007,27.474823770000057],[83.75437576600007,27.475933144000066],[83.75773245400006,27.475422269000035],[83.75877339200008,27.475807707000058],[83.75915139200004,27.48040489400006],[83.76521926600003,27.480347582000036],[83.76320820400008,27.486204332000057],[83.76446732900007,27.488149332000035],[83.76441839200004,27.49183414500004],[83.77049470400004,27.493180144000064],[83.77341051600007,27.493180520000067],[83.77751664100003,27.49185570700007],[83.77636776600008,27.487187394000046],[83.77596764200007,27.48343639500007],[83.77814901700003,27.47842364400003],[83.78470682900007,27.47843845700004],[83.78795720400007,27.478739019000045],[83.78945251600004,27.478066582000054],[83.79671445500009,27.47820826900005],[83.79927951600007,27.478476019000027],[83.80268257900008,27.479545957000028],[83.80581326700008,27.482122770000046],[83.80732289100007,27.47997670700005],[83.80895701700007,27.478882269000053],[83.81092839200005,27.476249332000066],[83.81335582900005,27.47601564400003],[83.81499882900005,27.478080331000058],[83.81633339100006,27.47872295700006],[83.81842089100007,27.477486832000068],[83.82014082900008,27.477256645000068],[83.81924582900007,27.475285582000026],[83.82033651700004,27.473608082000055],[83.82259595400006,27.474116457000036],[83.82375357900008,27.47764264400007],[83.82563551600003,27.48135701900003],[83.82631420400008,27.485198457000024],[83.82639757900006,27.487956019000023],[83.82799189200006,27.489386394000064],[83.83245526600007,27.489179707000062],[83.83335239100006,27.49019395700003],[83.83744807900007,27.488350707000052],[83.83959864100007,27.48808920700003],[83.84187701700006,27.48603389400006],[83.84229826700005,27.484533769000052],[83.84779751700006,27.48317695700007],[83.85300770400005,27.483168957000032],[83.85498526600009,27.485691582000072],[83.85450014200006,27.48898564500007],[83.85528708000004,27.49016658200003],[83.85835989200007,27.490801645000033],[83.86160857900006,27.49214751900007],[83.86220720400007,27.49405033200003],[83.86756682900005,27.497749457000054],[83.87010201600003,27.50028370700005],[83.87272976600008,27.505282082000065],[83.87531582900004,27.507626582000057],[83.87773601700007,27.510404332000064],[83.87859914200004,27.51579364400004],[83.88037182900007,27.52014808200005],[83.88359314100006,27.52123839400008],[83.88479882900003,27.523125832000062],[83.88414482900004,27.527022332000058],[83.88448876700005,27.527681519000055]]]}},{"type":"Feature","properties":{"STATE_CODE":5,"DISTRICT":"NAWALPARASI_W","GaPa_NaPa":"Palhi Nandan","Type_GN":"Gaunpalika","Province":"5","provinceId":"5","provinceCode":"5","provinceName":"Lumbini","districtId":"507","districtName":"Nawalparasi West","municipalityId":"50704","municipalityCode":"50704","municipalityName":"Palhinandan Rural Municipality","municipalityNameNe":"पाल्हीनन्दन गाउँपालिका","municipalityType":"rural_municipality"},"geometry":{"type":"Polygon","coordinates":[[[83.70427176600003,27.46983789500007],[83.69901282900008,27.471040645000073],[83.69834007900005,27.473744770000053],[83.69572839100005,27.474472457000047],[83.69529495400008,27.476242894000052],[83.69705689100005,27.477623206000032],[83.69850176600005,27.479648144000066],[83.69864332900005,27.48154845700003],[83.69958601700006,27.483121020000056],[83.69794595400003,27.48515283200004],[83.69839964200008,27.487383270000066],[83.69551357900008,27.488755707000053],[83.69285070400008,27.49057089400003],[83.69137151600006,27.48981164500003],[83.69082870400007,27.491656269000032],[83.68859989100008,27.491682894000064],[83.68702945400008,27.490343519000078],[83.68590939200004,27.49056895700005],[83.68355101600008,27.493790395000076],[83.67570839100006,27.492269457000077],[83.67468820400006,27.497475144000077],[83.67162214100006,27.497560457000077],[83.66926189200007,27.498464269000067],[83.66500520400007,27.50197645700007],[83.66331376600004,27.50113295600005],[83.66102614100004,27.50091076900003],[83.65929845400007,27.498302582000065],[83.66143451600004,27.49781358200005],[83.66168939100004,27.49482658200003],[83.66039326600009,27.49364783200008],[83.66160351700006,27.49175752000008],[83.65749182800005,27.489328519000026],[83.65823701600004,27.487179894000064],[83.65658670400006,27.486433457000032],[83.65715489200005,27.48445364400004],[83.65567314100008,27.48302152000008],[83.64004426600007,27.486281082000062],[83.63622420400003,27.487212082000042],[83.63387914100008,27.486759207000034],[83.63098139200008,27.48767220700006],[83.62688082900007,27.487140020000027],[83.62583751700004,27.489170331000025],[83.62649264100008,27.49102464500004],[83.62497839200006,27.49151026900006],[83.62441551700005,27.488676832000067],[83.61963414100006,27.488842082000076],[83.61838557900006,27.490253519000078],[83.61588001700005,27.490120269000045],[83.61512795400006,27.489364520000038],[83.61286082900006,27.48960870700006],[83.61228676600007,27.485807144000034],[83.61373389200008,27.483421519000046],[83.61311464200008,27.481587520000062],[83.61485939200008,27.478640832000053],[83.61447332900008,27.47525501900003],[83.61618932800008,27.472346707000042],[83.61670332800009,27.46937845700006],[83.63584670400007,27.46090245700003],[83.65069576600007,27.45404458200005],[83.68053414100007,27.440010769000025],[83.69636451600007,27.432859019000034],[83.71094045400008,27.426041457000053],[83.71620751600005,27.428435145000037],[83.72202214200007,27.427900769000075],[83.72274032900003,27.42690708200007],[83.72527451700006,27.427225769000074],[83.72706801600003,27.428574207000054],[83.72729376700005,27.430761207000046],[83.72301995400005,27.435049207000077],[83.72383664100005,27.436815457000023],[83.72490957900004,27.44230995600003],[83.72047995400004,27.444140207000032],[83.71847507900003,27.447640644000046],[83.71775189100003,27.449983644000042],[83.71583532900007,27.450934269000072],[83.71587320400005,27.452931394000075],[83.71160932900005,27.455849331000024],[83.70939151700009,27.45788689400007],[83.71127157900008,27.46363589400005],[83.71091614200003,27.465697645000034],[83.70976839100007,27.466954395000073],[83.70599339100005,27.467941581000048],[83.70427176600003,27.46983789500007]]]}},{"type":"Feature","properties":{"STATE_CODE":5,"DISTRICT":"NAWALPARASI_W","GaPa_NaPa":"Pratappur","Type_GN":"Gaunpalika","Province":"5","provinceId":"5","provinceCode":"5","provinceName":"Lumbini","districtId":"507","districtName":"Nawalparasi West","municipalityId":"50706","municipalityCode":"50706","municipalityName":"Pratapapur Rural Municipality","municipalityNameNe":"प्रतापपुर गाउँपालिका","municipalityType":"rural_municipality"},"geometry":{"type":"Polygon","coordinates":[[[83.82259595400006,27.474116457000036],[83.82033651700004,27.473608082000055],[83.81924582900007,27.475285582000026],[83.82014082900008,27.477256645000068],[83.81842089100007,27.477486832000068],[83.81633339100006,27.47872295700006],[83.81499882900005,27.478080331000058],[83.81335582900005,27.47601564400003],[83.81092839200005,27.476249332000066],[83.80895701700007,27.478882269000053],[83.80732289100007,27.47997670700005],[83.80581326700008,27.482122770000046],[83.80268257900008,27.479545957000028],[83.79927951600007,27.478476019000027],[83.79671445500009,27.47820826900005],[83.78945251600004,27.478066582000054],[83.78795720400007,27.478739019000045],[83.78470682900007,27.47843845700004],[83.77814901700003,27.47842364400003],[83.77596764200007,27.48343639500007],[83.77636776600008,27.487187394000046],[83.77751664100003,27.49185570700007],[83.77341051600007,27.493180520000067],[83.77049470400004,27.493180144000064],[83.76441839200004,27.49183414500004],[83.76446732900007,27.488149332000035],[83.76320820400008,27.486204332000057],[83.76521926600003,27.480347582000036],[83.75915139200004,27.48040489400006],[83.75877339200008,27.475807707000058],[83.75773245400006,27.475422269000035],[83.75437576600007,27.475933144000066],[83.75358914200007,27.474823770000057],[83.75104132900003,27.473853457000075],[83.75003726700004,27.472854269000038],[83.75117332900004,27.471148081000024],[83.75163414100007,27.469005270000025],[83.74982270400005,27.468586832000028],[83.75108920400004,27.46594220700007],[83.74998832900008,27.46540314400005],[83.74990664200004,27.460964457000046],[83.75128614200008,27.45807626900006],[83.75415145400007,27.45573008200006],[83.75311457900006,27.45334758100006],[83.75548401600008,27.451117832000023],[83.75845839100003,27.451858707000042],[83.75991014100003,27.451075831000026],[83.76095451600008,27.449035519000063],[83.75968964200007,27.44456539400005],[83.75623051700006,27.44163489500005],[83.75614095400005,27.43950458200004],[83.75702907900006,27.438495207000074],[83.75536989100004,27.436197394000033],[83.76085489200005,27.433045520000064],[83.76522739200004,27.43099270700003],[83.76818057900005,27.429210519000037],[83.77198870400008,27.42631033200007],[83.76950720400004,27.425976769000044],[83.76919357900005,27.424922520000052],[83.76646395400007,27.423541457000056],[83.76574982900007,27.422502270000052],[83.76384157900003,27.422447145000035],[83.76339407900008,27.420936770000026],[83.76200432900004,27.42024170700006],[83.75888539200008,27.417016207000074],[83.75634245400005,27.417857957000024],[83.75395614100006,27.42119120600006],[83.75069039100003,27.421945832000063],[83.74898576600003,27.420162394000045],[83.74984664200008,27.418573082000023],[83.74865570400004,27.41615870700008],[83.74879789100004,27.41325027000005],[83.74738307900003,27.409082144000024],[83.76795345400006,27.399644894000062],[83.79281595400005,27.388051519000044],[83.81406789200008,27.378339894000078],[83.81534395400007,27.38228151900006],[83.81879214100007,27.389055707000068],[83.82256539100007,27.393605269000034],[83.82492170400008,27.394589832000065],[83.82508801600005,27.39638626900006],[83.82755801700006,27.398463082000035],[83.82788339200005,27.399785832000077],[83.82499364200004,27.401504019000072],[83.82427283000004,27.406013957000027],[83.82324726700006,27.407188331000043],[83.82229189200007,27.411442957000077],[83.82217195400005,27.415290207000055],[83.81927907900007,27.416820957000027],[83.81860039100007,27.418431269000052],[83.81929164100006,27.420201270000064],[83.81881989100003,27.421644832000027],[83.82007639200003,27.423607394000044],[83.82042207900008,27.42755683200005],[83.82308601700004,27.430798331000062],[83.82556401700003,27.432755644000054],[83.83050795400004,27.434508331000075],[83.83281014200008,27.432814145000066],[83.83687595400005,27.432453457000065],[83.83669382900007,27.435454394000033],[83.83512833000003,27.43582714400003],[83.82988682900003,27.43960283200005],[83.83531245400007,27.44497089500004],[83.83391189100007,27.447027269000046],[83.83422826600008,27.451481957000055],[83.83609045400004,27.454128832000038],[83.83578089200006,27.45611870700003],[83.83674020400008,27.458092082000064],[83.83866507900007,27.460028144000034],[83.83962770400007,27.46188639500008],[83.83911445400008,27.464514706000045],[83.84120514200004,27.46668333200006],[83.83846907900005,27.46817401900006],[83.82965820400005,27.470083832000057],[83.82613989100008,27.471133269000063],[83.82603951700008,27.472624707000023],[83.82259595400006,27.474116457000036]]]}},{"type":"Feature","properties":{"STATE_CODE":5,"DISTRICT":"NAWALPARASI_W","GaPa_NaPa":"Ramgram","Type_GN":"Nagarpalika","Province":"5","provinceId":"5","provinceCode":"5","provinceName":"Lumbini","districtId":"507","districtName":"Nawalparasi West","municipalityId":"50703","municipalityCode":"50703","municipalityName":"Ramgram Urban Municipality","municipalityNameNe":"रामग्राम नगरपालिका","municipalityType":"municipality"},"geometry":{"type":"Polygon","coordinates":[[[83.70324439200004,27.546807457000057],[83.69679232900006,27.548993582000037],[83.69894851700008,27.554055082000048],[83.70112464200008,27.556052269000077],[83.70193995400007,27.56074301900003],[83.70137507900006,27.562569582000037],[83.70384120400007,27.568290519000072],[83.70388089100004,27.57259827000007],[83.70220545400008,27.573174582000036],[83.69913057900004,27.57249102000003],[83.69396745400007,27.572971644000063],[83.69211370400006,27.572204769000052],[83.69063264100004,27.570619770000064],[83.69000526600007,27.567240394000066],[83.68826014200005,27.565959331000045],[83.68498176700007,27.559590895000042],[83.68626895400007,27.55881308200003],[83.68551614100005,27.55577189400003],[83.68295526600008,27.555296707000025],[83.68004776600003,27.55416402000003],[83.67795582900004,27.555348395000067],[83.67625514100007,27.554010832000074],[83.67475526700008,27.556277394000062],[83.67603445400005,27.558888894000063],[83.67512195400008,27.560078144000045],[83.67081764100004,27.560582582000052],[83.66863976600007,27.563314457000047],[83.66666670400008,27.559940769000036],[83.66435676600008,27.556866395000043],[83.66564401600004,27.554538582000077],[83.66367439200008,27.550533082000072],[83.66339870400003,27.547328207000078],[83.66210607900007,27.545212957000047],[83.66651095300006,27.541838894000023],[83.66625820400003,27.540127832000053],[83.66418664100007,27.540583207000054],[83.66357857900005,27.542389144000026],[83.66134951700008,27.543110332000026],[83.65883501600007,27.544839457000023],[83.65960045400004,27.546617144000038],[83.65690445400008,27.551003895000065],[83.65525489200007,27.554781707000075],[83.65389901700007,27.554178082000078],[83.65150714200007,27.55456927000006],[83.64906364200004,27.55603208200006],[83.64782270400008,27.558226769000044],[83.64158520400008,27.561123957000063],[83.63541964100006,27.56296726900007],[83.63467070300004,27.565192394000064],[83.63016995400005,27.56657276900006],[83.63098164100006,27.568991582000024],[83.63303982800005,27.570565332000058],[83.63234707800007,27.57318101900006],[83.63400182900006,27.574462520000054],[83.63314645400004,27.578203769000027],[83.63150976700007,27.577190769000026],[83.62748039100006,27.580379707000077],[83.63226889100008,27.58143952000006],[83.63124720300004,27.58413551900003],[83.62948232900004,27.58300708200005],[83.62613151600004,27.583458457000063],[83.62134076700005,27.582572207000055],[83.62127226700005,27.579654394000045],[83.62055407900004,27.577247020000073],[83.61504414200004,27.577802769000073],[83.61234089100003,27.578770020000036],[83.61167689200005,27.576579457000037],[83.61183520300006,27.572069144000068],[83.59650570400004,27.57474227000006],[83.59781520400009,27.572681395000075],[83.59713339100006,27.57146320700008],[83.59792857900004,27.569373770000027],[83.59825514100004,27.56635551900007],[83.59685351600007,27.565509769000073],[83.59640864200009,27.563660457000026],[83.59713726600006,27.562694519000047],[83.59662039200003,27.560432082000034],[83.59467220400006,27.55850389400007],[83.59508832900008,27.55601164500007],[83.59328332800004,27.554063582000026],[83.59233432900004,27.55145008200003],[83.59256595400007,27.550166770000033],[83.59521557900007,27.548064707000037],[83.59846189100006,27.547893644000055],[83.59804964100005,27.545859332000077],[83.59484795400004,27.54372895700004],[83.59274514100008,27.543296332000068],[83.59189432900007,27.541023832000064],[83.59266776600003,27.53981664500003],[83.59183426700008,27.538187270000037],[83.59356614100005,27.53517089500008],[83.59330851600004,27.53329277000006],[83.59167995400009,27.533784394000065],[83.59005770400006,27.532493457000044],[83.58869901700007,27.53190270700003],[83.58951639200006,27.529671207000035],[83.59095964100004,27.53031633200004],[83.59262182900005,27.52790901900005],[83.59183657800008,27.523763832000043],[83.59398789100004,27.520283832000075],[83.59591526600008,27.52124845700007],[83.59930832900005,27.518351895000023],[83.59936701700008,27.51552245700003],[83.59890795400008,27.512102519000052],[83.59687039100004,27.509470081000075],[83.59624826600003,27.507108020000032],[83.59741239200008,27.506572082000048],[83.59841070400006,27.50398676900005],[83.59741076700004,27.50154683200003],[83.59951126700008,27.49725876900004],[83.60145389100006,27.49775402000006],[83.60274407900005,27.496724269000026],[83.60466626600004,27.49682451900003],[83.60651314200004,27.49561126900005],[83.60514370400006,27.493957832000035],[83.60758457800006,27.493718769000054],[83.60848176600007,27.491356519000078],[83.61073389200004,27.489733645000058],[83.61286082900006,27.48960870700006],[83.61512795400006,27.489364520000038],[83.61588001700005,27.490120269000045],[83.61838557900006,27.490253519000078],[83.61963414100006,27.488842082000076],[83.62441551700005,27.488676832000067],[83.62497839200006,27.49151026900006],[83.62649264100008,27.49102464500004],[83.62583751700004,27.489170331000025],[83.62688082900007,27.487140020000027],[83.63098139200008,27.48767220700006],[83.63387914100008,27.486759207000034],[83.63622420400003,27.487212082000042],[83.64004426600007,27.486281082000062],[83.65567314100008,27.48302152000008],[83.65715489200005,27.48445364400004],[83.65658670400006,27.486433457000032],[83.65823701600004,27.487179894000064],[83.65749182800005,27.489328519000026],[83.66160351700006,27.49175752000008],[83.66039326600009,27.49364783200008],[83.66168939100004,27.49482658200003],[83.66143451600004,27.49781358200005],[83.65929845400007,27.498302582000065],[83.66102614100004,27.50091076900003],[83.66331376600004,27.50113295600005],[83.66500520400007,27.50197645700007],[83.66926189200007,27.498464269000067],[83.67162214100006,27.497560457000077],[83.67468820400006,27.497475144000077],[83.67570839100006,27.492269457000077],[83.68355101600008,27.493790395000076],[83.68590939200004,27.49056895700005],[83.68702945400008,27.490343519000078],[83.68859989100008,27.491682894000064],[83.69082870400007,27.491656269000032],[83.69137151600006,27.48981164500003],[83.69285070400008,27.49057089400003],[83.69551357900008,27.488755707000053],[83.69839964200008,27.487383270000066],[83.69794595400003,27.48515283200004],[83.69958601700006,27.483121020000056],[83.69864332900005,27.48154845700003],[83.69850176600005,27.479648144000066],[83.69705689100005,27.477623206000032],[83.69529495400008,27.476242894000052],[83.69572839100005,27.474472457000047],[83.69834007900005,27.473744770000053],[83.69901282900008,27.471040645000073],[83.70427176600003,27.46983789500007],[83.70371857900005,27.471280895000064],[83.70648245400008,27.47205170700005],[83.70732039200004,27.473545019000028],[83.71093389200007,27.475389394000047],[83.71095945400003,27.47841545700004],[83.71230470400008,27.481760145000067],[83.71380351700003,27.483383394000043],[83.71271945400008,27.484660645000076],[83.71575476600003,27.488132832000076],[83.71882614100008,27.489461394000045],[83.71736751700007,27.492739457000027],[83.71556139200004,27.492968145000077],[83.71730514200004,27.495875832000024],[83.71660201600008,27.497334394000063],[83.71786551700006,27.499771707000036],[83.71932820400008,27.504393769000046],[83.71839551700003,27.506420457000047],[83.71662189200003,27.507836207000025],[83.70474695400003,27.510318520000055],[83.70367845400006,27.511805519000063],[83.70461926700006,27.516686081000046],[83.70428357900005,27.518820020000078],[83.70494557800004,27.522910207000052],[83.70313939100004,27.523921832000042],[83.70667789200007,27.52945095700005],[83.70504401600004,27.531214394000074],[83.70510882900004,27.532766957000035],[83.70344089100007,27.53336589500003],[83.70318214200006,27.534987770000043],[83.70158520400008,27.53612389500006],[83.70343051600008,27.53844077000008],[83.70248676600005,27.540011519000075],[83.70239439100004,27.543380269000068],[83.70428757900004,27.544740457000046],[83.70324439200004,27.546807457000057]]]}},{"type":"Feature","properties":{"STATE_CODE":5,"DISTRICT":"NAWALPARASI_W","GaPa_NaPa":"Sarawal","Type_GN":"Gaunpalika","Province":"5","provinceId":"5","provinceCode":"5","provinceName":"Lumbini","districtId":"507","districtName":"Nawalparasi West","municipalityId":"50705","municipalityCode":"50705","municipalityName":"Sarawal Rural Municipality","municipalityNameNe":"सरावल गाउँपालिका","municipalityType":"rural_municipality"},"geometry":{"type":"Polygon","coordinates":[[[83.75003726700004,27.472854269000038],[83.74846482900006,27.472305394000045],[83.74635551600005,27.474206082000023],[83.74643864200004,27.475930207000033],[83.74774220400008,27.47634326900004],[83.74784201700004,27.47834045700006],[83.74040739100008,27.480393769000045],[83.73722670400008,27.480766894000055],[83.73754345400005,27.482552394000038],[83.73952695400004,27.485329395000065],[83.73943426600005,27.488025769000046],[83.73775526700007,27.490743957000063],[83.73834420400004,27.491961332000074],[83.74060832900005,27.49304195700006],[83.74343295400007,27.492376957000033],[83.74449945400005,27.49337408200006],[83.74428120400006,27.49514951900005],[83.74044001700008,27.497784832000036],[83.73792439200008,27.501345394000055],[83.73979651600007,27.50266670700006],[83.74288307900008,27.502636332000066],[83.74186932900005,27.50531295600007],[83.74464532900004,27.506500457000072],[83.74591964200005,27.508556207000026],[83.74453689100005,27.511414956000067],[83.74653745400008,27.51518702000004],[83.74510632900007,27.515827457000057],[83.74522439200007,27.517838269000038],[83.74645120400004,27.51845651900004],[83.74898045400005,27.516728020000073],[83.75007307900006,27.518478895000044],[83.74811457900006,27.520474582000077],[83.74926132900003,27.522629395000024],[83.75198439100006,27.524353707000046],[83.75434320400007,27.52693258200003],[83.75497532800006,27.52909545700004],[83.75725370400005,27.531464270000072],[83.75442576700004,27.53305914500004],[83.74759195400009,27.533617769000045],[83.74652651700006,27.531830957000068],[83.74529614100004,27.532149144000073],[83.74422132800004,27.53388695700005],[83.74391132900007,27.53588789400004],[83.73802832900003,27.53624245700007],[83.73681070400005,27.537709144000075],[83.73817095400005,27.539765144000057],[83.73757889200004,27.54107276900004],[83.73860064200005,27.544574582000052],[83.73802214200003,27.546189207000054],[83.74231864200004,27.547467582000024],[83.74496207900006,27.548842144000048],[83.74582570400008,27.55104152000007],[83.74652351700007,27.554653207000058],[83.74848276700004,27.556236332000026],[83.74851557900007,27.55834845700008],[83.74757032900004,27.55925158200006],[83.74798757900004,27.56142989500006],[83.74968007900003,27.561520957000027],[83.75221901600008,27.563795520000042],[83.75048820400008,27.56610308200004],[83.75183970400008,27.56833489400003],[83.75222414200005,27.570258145000025],[83.75375420400007,27.571143145000065],[83.75307270400003,27.573531582000044],[83.75484170400006,27.576885582000045],[83.75484882900008,27.579816769000047],[83.75761601600004,27.582197707000034],[83.76048801600007,27.582164332000048],[83.76193307900007,27.583064894000074],[83.76189714200007,27.588126207000073],[83.76351176600008,27.588835207000045],[83.76327126600006,27.590545207000048],[83.76178414100008,27.594107895000036],[83.75859039200003,27.596370144000048],[83.75624920400008,27.600310395000065],[83.75477045400004,27.600366457000064],[83.75292014100006,27.60192239500003],[83.75328776600008,27.604448082000033],[83.75170389200008,27.60690027000004],[83.74979207900003,27.60878326900007],[83.74735314200007,27.60708876900003],[83.74512839200008,27.60478308200004],[83.74276420400008,27.601624145000073],[83.74124682900003,27.60140020700004],[83.73331501700005,27.596488582000063],[83.73252020400008,27.594722519000072],[83.73065995400003,27.59455195700008],[83.73080782900007,27.592717707000077],[83.72945845400005,27.59079483200003],[83.72771226700007,27.589974582000025],[83.72746751600005,27.588843582000038],[83.72881370400006,27.58702070700008],[83.72837645400006,27.585871332000067],[83.72537676700006,27.58618583200007],[83.72422714100009,27.58559914400007],[83.72645051600006,27.58175620700007],[83.72418995400005,27.58096652000006],[83.72461264100008,27.57941939400007],[83.72361776700006,27.578377144000058],[83.71976539100007,27.57833558200008],[83.71904720400005,27.577447332000077],[83.72238689200003,27.573290832000055],[83.71979870400008,27.57111939400005],[83.71798989100006,27.56767908200004],[83.71902339200005,27.565172019000045],[83.71883982900005,27.56403658200003],[83.71657651600003,27.563646145000064],[83.71607439100006,27.56160526900004],[83.71391889200004,27.560413895000067],[83.71444251600008,27.55852851900005],[83.71302964100005,27.55685127000004],[83.71137132900003,27.55630183200003],[83.71116689200005,27.554363082000066],[83.71006620300005,27.553036207000048],[83.71132964100008,27.551549582000064],[83.71046120400007,27.550363082000047],[83.70854945400004,27.550458395000078],[83.70631801600007,27.549704520000034],[83.70541964100005,27.548039582000058],[83.70324439200004,27.546807457000057],[83.70428757900004,27.544740457000046],[83.70239439100004,27.543380269000068],[83.70248676600005,27.540011519000075],[83.70343051600008,27.53844077000008],[83.70158520400008,27.53612389500006],[83.70318214200006,27.534987770000043],[83.70344089100007,27.53336589500003],[83.70510882900004,27.532766957000035],[83.70504401600004,27.531214394000074],[83.70667789200007,27.52945095700005],[83.70313939100004,27.523921832000042],[83.70494557800004,27.522910207000052],[83.70428357900005,27.518820020000078],[83.70461926700006,27.516686081000046],[83.70367845400006,27.511805519000063],[83.70474695400003,27.510318520000055],[83.71662189200003,27.507836207000025],[83.71839551700003,27.506420457000047],[83.71932820400008,27.504393769000046],[83.71786551700006,27.499771707000036],[83.71660201600008,27.497334394000063],[83.71730514200004,27.495875832000024],[83.71556139200004,27.492968145000077],[83.71736751700007,27.492739457000027],[83.71882614100008,27.489461394000045],[83.71575476600003,27.488132832000076],[83.71271945400008,27.484660645000076],[83.71380351700003,27.483383394000043],[83.71230470400008,27.481760145000067],[83.71095945400003,27.47841545700004],[83.71093389200007,27.475389394000047],[83.70732039200004,27.473545019000028],[83.70648245400008,27.47205170700005],[83.70371857900005,27.471280895000064],[83.70427176600003,27.46983789500007],[83.70599339100005,27.467941581000048],[83.70976839100007,27.466954395000073],[83.71091614200003,27.465697645000034],[83.71127157900008,27.46363589400005],[83.70939151700009,27.45788689400007],[83.71160932900005,27.455849331000024],[83.71587320400005,27.452931394000075],[83.71583532900007,27.450934269000072],[83.71775189100003,27.449983644000042],[83.71847507900003,27.447640644000046],[83.72047995400004,27.444140207000032],[83.72490957900004,27.44230995600003],[83.72383664100005,27.436815457000023],[83.72301995400005,27.435049207000077],[83.72729376700005,27.430761207000046],[83.72706801600003,27.428574207000054],[83.72527451700006,27.427225769000074],[83.72274032900003,27.42690708200007],[83.72202214200007,27.427900769000075],[83.71620751600005,27.428435145000037],[83.71094045400008,27.426041457000053],[83.73750751600005,27.413865894000025],[83.74738307900003,27.409082144000024],[83.74879789100004,27.41325027000005],[83.74865570400004,27.41615870700008],[83.74984664200008,27.418573082000023],[83.74898576600003,27.420162394000045],[83.75069039100003,27.421945832000063],[83.75395614100006,27.42119120600006],[83.75634245400005,27.417857957000024],[83.75888539200008,27.417016207000074],[83.76200432900004,27.42024170700006],[83.76339407900008,27.420936770000026],[83.76384157900003,27.422447145000035],[83.76574982900007,27.422502270000052],[83.76646395400007,27.423541457000056],[83.76919357900005,27.424922520000052],[83.76950720400004,27.425976769000044],[83.77198870400008,27.42631033200007],[83.76818057900005,27.429210519000037],[83.76522739200004,27.43099270700003],[83.76085489200005,27.433045520000064],[83.75536989100004,27.436197394000033],[83.75702907900006,27.438495207000074],[83.75614095400005,27.43950458200004],[83.75623051700006,27.44163489500005],[83.75968964200007,27.44456539400005],[83.76095451600008,27.449035519000063],[83.75991014100003,27.451075831000026],[83.75845839100003,27.451858707000042],[83.75548401600008,27.451117832000023],[83.75311457900006,27.45334758100006],[83.75415145400007,27.45573008200006],[83.75128614200008,27.45807626900006],[83.74990664200004,27.460964457000046],[83.74998832900008,27.46540314400005],[83.75108920400004,27.46594220700007],[83.74982270400005,27.468586832000028],[83.75163414100007,27.469005270000025],[83.75117332900004,27.471148081000024],[83.75003726700004,27.472854269000038]]]}},{"type":"Feature","properties":{"STATE_CODE":5,"DISTRICT":"NAWALPARASI_W","GaPa_NaPa":"Sunwal","Type_GN":"Nagarpalika","Province":"5","provinceId":"5","provinceCode":"5","provinceName":"Lumbini","districtId":"507","districtName":"Nawalparasi West","municipalityId":"50702","municipalityCode":"50702","municipalityName":"Sunawal Urban Municipality","municipalityNameNe":"सुनवल नगरपालिका","municipalityType":"municipality"},"geometry":{"type":"Polygon","coordinates":[[[83.69732264100008,27.661933582000074],[83.69569764200008,27.664854395000077],[83.69260970500005,27.664755083000045],[83.69151939200003,27.66279183300003],[83.68819926600008,27.66405252000004],[83.68614420500006,27.663711644000045],[83.68023226600008,27.669630332000054],[83.67756058000003,27.670492895000052],[83.67588201600006,27.67255139400004],[83.67468433000005,27.67225527000005],[83.67142926700006,27.67342089500005],[83.66910095400004,27.675915521000036],[83.66789301700004,27.67640452100005],[83.66360026600006,27.67980364500005],[83.66352658000005,27.680667707000055],[83.65954532900008,27.683760582000048],[83.65944133000005,27.68664858300008],[83.65880020500003,27.688194958000054],[83.65618733000008,27.688899270000036],[83.65522508000004,27.690887020000048],[83.65173289200004,27.690749708000055],[83.64967657900007,27.691360520000046],[83.64117026800005,27.69079720700006],[83.63855751700004,27.691979520000075],[83.63725045400008,27.691863332000025],[83.63506614100004,27.693103145000066],[83.63454889200005,27.689432770000053],[83.63585495300003,27.688305770000056],[83.63568176600006,27.68645052000005],[83.63467370300003,27.68505339400008],[83.63580820400006,27.683679957000038],[83.63439264200008,27.682015457000034],[83.63459757800007,27.68023114500005],[83.63380701700004,27.679100832000074],[83.63555695400004,27.67821189500006],[83.63372820400008,27.676972832000047],[83.63140345400006,27.669533957000056],[83.63276051600008,27.66753151900008],[83.63147432900007,27.664197582000043],[83.62835039100008,27.663537145000078],[83.62567489200006,27.661440457000026],[83.62143082900008,27.65950427000007],[83.61995801600006,27.657690457000058],[83.61658707800007,27.65543608200005],[83.61310751700006,27.651154957000074],[83.61106301700005,27.649208644000055],[83.60574901600006,27.64852577000005],[83.60167432900005,27.64501658200004],[83.60060195400007,27.642820207000057],[83.60112264100007,27.641510770000025],[83.59988201700008,27.639137895000033],[83.60035964100007,27.637846332000038],[83.60243532900006,27.637175395000042],[83.60297407800005,27.636037395000074],[83.60158689200006,27.63454189400005],[83.59895326700007,27.63518645700003],[83.59723557900008,27.634084832000042],[83.59777782900005,27.632775395000067],[83.60002470400008,27.63109408200006],[83.59859182900004,27.629733832000056],[83.59670026600008,27.62979602000007],[83.59495982900006,27.630873957000063],[83.59382632900008,27.62959352000007],[83.59507364100006,27.626365957000075],[83.59123226600008,27.625154270000053],[83.58879470400007,27.625666082000066],[83.58920514100004,27.623455957000033],[83.58720176600008,27.620593332000055],[83.58366739100006,27.619079957000054],[83.58437926600004,27.617888520000065],[83.58327232900007,27.61635977000003],[83.58109289200007,27.617910144000064],[83.57887814100008,27.616991832000053],[83.57656695400004,27.617621145000044],[83.57523551700007,27.61553433200004],[83.57387526700006,27.610676520000027],[83.57551289200006,27.604280020000033],[83.57636939200006,27.60335970700004],[83.57548570400007,27.601563144000067],[83.57669570400003,27.600170082000034],[83.57781507900006,27.597014457000057],[83.58207676600006,27.593380894000063],[83.58131382900007,27.59093933200006],[83.58241489100004,27.589620394000065],[83.58388326600004,27.59018214400004],[83.58462964100005,27.58839726900004],[83.58429326600003,27.585063457000047],[83.58255626700003,27.58304320700006],[83.58286207900005,27.57878164500005],[83.58264964100005,27.57468551900007],[83.58898751600003,27.573230957000078],[83.59138120400007,27.57363739400006],[83.59226114100005,27.575623457000063],[83.59650570400004,27.57474227000006],[83.61183520300006,27.572069144000068],[83.61167689200005,27.576579457000037],[83.61234089100003,27.578770020000036],[83.61504414200004,27.577802769000073],[83.62055407900004,27.577247020000073],[83.62127226700005,27.579654394000045],[83.62134076700005,27.582572207000055],[83.62613151600004,27.583458457000063],[83.62948232900004,27.58300708200005],[83.63124720300004,27.58413551900003],[83.63226889100008,27.58143952000006],[83.62748039100006,27.580379707000077],[83.63150976700007,27.577190769000026],[83.63314645400004,27.578203769000027],[83.63400182900006,27.574462520000054],[83.63234707800007,27.57318101900006],[83.63303982800005,27.570565332000058],[83.63098164100006,27.568991582000024],[83.63016995400005,27.56657276900006],[83.63467070300004,27.565192394000064],[83.63541964100006,27.56296726900007],[83.64158520400008,27.561123957000063],[83.64782270400008,27.558226769000044],[83.64906364200004,27.55603208200006],[83.65150714200007,27.55456927000006],[83.65389901700007,27.554178082000078],[83.65525489200007,27.554781707000075],[83.65690445400008,27.551003895000065],[83.65960045400004,27.546617144000038],[83.65883501600007,27.544839457000023],[83.66134951700008,27.543110332000026],[83.66357857900005,27.542389144000026],[83.66418664100007,27.540583207000054],[83.66625820400003,27.540127832000053],[83.66651095300006,27.541838894000023],[83.66210607900007,27.545212957000047],[83.66339870400003,27.547328207000078],[83.66367439200008,27.550533082000072],[83.66564401600004,27.554538582000077],[83.66435676600008,27.556866395000043],[83.66666670400008,27.559940769000036],[83.66863976600007,27.563314457000047],[83.67081764100004,27.560582582000052],[83.67512195400008,27.560078144000045],[83.67603445400005,27.558888894000063],[83.67475526700008,27.556277394000062],[83.67625514100007,27.554010832000074],[83.67795582900004,27.555348395000067],[83.68004776600003,27.55416402000003],[83.68295526600008,27.555296707000025],[83.68551614100005,27.55577189400003],[83.68626895400007,27.55881308200003],[83.68498176700007,27.559590895000042],[83.68826014200005,27.565959331000045],[83.69000526600007,27.567240394000066],[83.69063264100004,27.570619770000064],[83.69211370400006,27.572204769000052],[83.69396745400007,27.572971644000063],[83.69913057900004,27.57249102000003],[83.70220545400008,27.573174582000036],[83.70388089100004,27.57259827000007],[83.70384120400007,27.568290519000072],[83.70137507900006,27.562569582000037],[83.70193995400007,27.56074301900003],[83.70112464200008,27.556052269000077],[83.69894851700008,27.554055082000048],[83.69679232900006,27.548993582000037],[83.70324439200004,27.546807457000057],[83.70541964100005,27.548039582000058],[83.70631801600007,27.549704520000034],[83.70854945400004,27.550458395000078],[83.71046120400007,27.550363082000047],[83.71132964100008,27.551549582000064],[83.71006620300005,27.553036207000048],[83.71116689200005,27.554363082000066],[83.71137132900003,27.55630183200003],[83.71302964100005,27.55685127000004],[83.71444251600008,27.55852851900005],[83.71391889200004,27.560413895000067],[83.71607439100006,27.56160526900004],[83.71657651600003,27.563646145000064],[83.71883982900005,27.56403658200003],[83.71902339200005,27.565172019000045],[83.71798989100006,27.56767908200004],[83.71979870400008,27.57111939400005],[83.72238689200003,27.573290832000055],[83.71904720400005,27.577447332000077],[83.71976539100007,27.57833558200008],[83.72361776700006,27.578377144000058],[83.72461264100008,27.57941939400007],[83.72418995400005,27.58096652000006],[83.72645051600006,27.58175620700007],[83.72422714100009,27.58559914400007],[83.72537676700006,27.58618583200007],[83.72837645400006,27.585871332000067],[83.72881370400006,27.58702070700008],[83.72746751600005,27.588843582000038],[83.72771226700007,27.589974582000025],[83.72945845400005,27.59079483200003],[83.73080782900007,27.592717707000077],[83.73065995400003,27.59455195700008],[83.73252020400008,27.594722519000072],[83.73331501700005,27.596488582000063],[83.74124682900003,27.60140020700004],[83.74276420400008,27.601624145000073],[83.74512839200008,27.60478308200004],[83.74735314200007,27.60708876900003],[83.74979207900003,27.60878326900007],[83.75040770400005,27.610327832000053],[83.74930407900007,27.615937707000057],[83.74921501600005,27.622226332000025],[83.74949789200008,27.627053457000045],[83.75004001600007,27.629884020000077],[83.74947039100005,27.637480520000054],[83.75043782900008,27.642146395000054],[83.74986589100007,27.649512832000028],[83.75027276600008,27.651654894000046],[83.75037232900007,27.659703832000048],[83.74897989100003,27.66656327000004],[83.74683207900006,27.66663383200006],[83.74433957900004,27.66779358200006],[83.74280089100006,27.669501082000068],[83.73530914100007,27.66908758200003],[83.73338451700005,27.67052577000004],[83.73095157900008,27.671200269000053],[83.72906870400004,27.67080402000005],[83.72722657900005,27.672267082000076],[83.72249589100005,27.669703394000067],[83.72098595400007,27.666951957000038],[83.71939070400003,27.665865645000054],[83.71794364100003,27.663229457000057],[83.71632695400007,27.662145270000053],[83.71407695300007,27.661955644000045],[83.71162414200006,27.660826832000055],[83.71014651600007,27.65893733200005],[83.70793970400007,27.65871164500004],[83.70675664100008,27.66065870700004],[83.70506664100003,27.66196833200007],[83.70363732900006,27.661344770000028],[83.70158845400005,27.662193332000072],[83.69732264100008,27.661933582000074]]]}},{"type":"Feature","properties":{"STATE_CODE":5,"DISTRICT":"NAWALPARASI_W","GaPa_NaPa":"Susta","Type_GN":"Gaunpalika","Province":"5","provinceId":"5","provinceCode":"5","provinceName":"Lumbini","districtId":"507","districtName":"Nawalparasi West","municipalityId":"50707","municipalityCode":"50707","municipalityName":"Susta Rural Municipality","municipalityNameNe":"सुस्ता गाउँपालिका","municipalityType":"rural_municipality"},"geometry":{"type":"Polygon","coordinates":[[[83.89975982900006,27.49858420700008],[83.89930932900006,27.500032582000074],[83.89652901700003,27.503476269000032],[83.89393832900004,27.505602207000038],[83.88894239200005,27.50828583200007],[83.88764395400005,27.508429207000063],[83.88472157900009,27.507384332000072],[83.88289832900006,27.507495645000063],[83.88078432900005,27.508759707000024],[83.87851732900003,27.509348957000043],[83.87773601700007,27.510404332000064],[83.87531582900004,27.507626582000057],[83.87272976600008,27.505282082000065],[83.87010201600003,27.50028370700005],[83.86756682900005,27.497749457000054],[83.86220720400007,27.49405033200003],[83.86160857900006,27.49214751900007],[83.85835989200007,27.490801645000033],[83.85528708000004,27.49016658200003],[83.85450014200006,27.48898564500007],[83.85498526600009,27.485691582000072],[83.85300770400005,27.483168957000032],[83.84779751700006,27.48317695700007],[83.84229826700005,27.484533769000052],[83.84187701700006,27.48603389400006],[83.83959864100007,27.48808920700003],[83.83744807900007,27.488350707000052],[83.83335239100006,27.49019395700003],[83.83245526600007,27.489179707000062],[83.82799189200006,27.489386394000064],[83.82639757900006,27.487956019000023],[83.82631420400008,27.485198457000024],[83.82563551600003,27.48135701900003],[83.82375357900008,27.47764264400007],[83.82259595400006,27.474116457000036],[83.82603951700008,27.472624707000023],[83.82613989100008,27.471133269000063],[83.82965820400005,27.470083832000057],[83.83846907900005,27.46817401900006],[83.84120514200004,27.46668333200006],[83.83911445400008,27.464514706000045],[83.83962770400007,27.46188639500008],[83.83866507900007,27.460028144000034],[83.83674020400008,27.458092082000064],[83.83578089200006,27.45611870700003],[83.83609045400004,27.454128832000038],[83.83422826600008,27.451481957000055],[83.83391189100007,27.447027269000046],[83.83531245400007,27.44497089500004],[83.82988682900003,27.43960283200005],[83.83512833000003,27.43582714400003],[83.83669382900007,27.435454394000033],[83.83687595400005,27.432453457000065],[83.83281014200008,27.432814145000066],[83.83050795400004,27.434508331000075],[83.82556401700003,27.432755644000054],[83.82308601700004,27.430798331000062],[83.82042207900008,27.42755683200005],[83.82007639200003,27.423607394000044],[83.81881989100003,27.421644832000027],[83.81929164100006,27.420201270000064],[83.81860039100007,27.418431269000052],[83.81927907900007,27.416820957000027],[83.82217195400005,27.415290207000055],[83.82229189200007,27.411442957000077],[83.82324726700006,27.407188331000043],[83.82427283000004,27.406013957000027],[83.82499364200004,27.401504019000072],[83.82788339200005,27.399785832000077],[83.82755801700006,27.398463082000035],[83.82508801600005,27.39638626900006],[83.82492170400008,27.394589832000065],[83.82256539100007,27.393605269000034],[83.81879214100007,27.389055707000068],[83.81534395400007,27.38228151900006],[83.81406789200008,27.378339894000078],[83.83205082900008,27.37009914400005],[83.83476126600004,27.368258770000068],[83.86483370400003,27.346452019000026],[83.86808682900005,27.347493144000055],[83.87348526700004,27.351578019000044],[83.87896351700005,27.35331820600004],[83.88511126700007,27.355979395000077],[83.88669557900005,27.357614394000052],[83.88970970400004,27.358063644000026],[83.88986757900005,27.359072456000035],[83.89269264200004,27.361369581000076],[83.89447195500009,27.367775082000037],[83.89940870500004,27.36995408200005],[83.90372195400005,27.374637207000035],[83.90557945400008,27.376263206000033],[83.90828889100004,27.38170783100003],[83.90830520400004,27.38604951900004],[83.90732364200005,27.38953295700003],[83.89848982900008,27.38935758100007],[83.89251345400004,27.38986758200008],[83.88733839200006,27.390730019000046],[83.88087676700007,27.390986456000064],[83.87521295400006,27.391877332000035],[83.87474926700008,27.392560582000044],[83.87602651600008,27.39659651900007],[83.87735232900008,27.40291158200006],[83.87761595400008,27.40570989400004],[83.87332495400005,27.41276458200008],[83.87231132900007,27.417924394000067],[83.86948501700004,27.424461269000062],[83.86940770400008,27.427022332000035],[83.87143026700005,27.429454519000046],[83.87858407900006,27.432886395000025],[83.88222226600004,27.434297582000056],[83.89322426700005,27.436802207000028],[83.89761357900005,27.437561457000072],[83.89471689200008,27.44095539500006],[83.89115439100004,27.443294956000045],[83.88980226600006,27.446313144000044],[83.88916314200003,27.45021414400003],[83.88916482900004,27.454885207000075],[83.89025845400005,27.458492082000078],[83.89185814200005,27.461458394000033],[83.88579251700008,27.463795769000058],[83.88794595400003,27.468251957000064],[83.88775470400003,27.47031651900005],[83.88863276700005,27.47240908200007],[83.88758026700003,27.476754269000025],[83.88717982900005,27.48077289400004],[83.88400182900006,27.481810520000067],[83.88265970400005,27.483716145000074],[83.88012451600008,27.484731645000068],[83.87775807900005,27.487225332000037],[83.87681214200006,27.489467520000062],[83.88235545400005,27.492297457000063],[83.88473489200004,27.494289707000064],[83.88571220500006,27.495942270000057],[83.88842714200007,27.495353269000077],[83.89069957900006,27.49665033200006],[83.89241789200008,27.49856970700006],[83.89611745400003,27.49940295700003],[83.89975982900006,27.49858420700008]]]}},{"type":"Feature","properties":{"STATE_CODE":5,"DISTRICT":"RUPANDEHI","GaPa_NaPa":"Butwal","Type_GN":"Upamahanagarpalika","Province":"5","provinceId":"5","provinceCode":"5","provinceName":"Lumbini","districtId":"508","districtName":"Rupandehi","municipalityId":"50802","municipalityCode":"50802","municipalityName":"Butwal Sub-Metropolitian City","municipalityNameNe":"बुटवल उपमहानगरपालिका","municipalityType":"sub_metropolitan"},"geometry":{"type":"Polygon","coordinates":[[[83.49415207900006,27.725721082000064],[83.49137108000008,27.729228646000024],[83.48847876700006,27.729818144000035],[83.48603439200008,27.726049895000074],[83.48401051700006,27.724429083000075],[83.47764395500008,27.72129814500005],[83.47315301700007,27.72100133200007],[83.47075282900005,27.721623958000066],[83.46681782900004,27.723881083000038],[83.46517070400006,27.725668520000056],[83.46035133000004,27.726202645000058],[83.45701151700007,27.727963083000077],[83.45429695400009,27.72649483300006],[83.45162058000005,27.727030269000068],[83.44968507900006,27.726596146000077],[83.44665332900007,27.723745520000023],[83.44445232900006,27.724181207000072],[83.44487976700003,27.726082770000062],[83.44409301700006,27.72777645800005],[83.44056126700008,27.731992957000045],[83.43890057900006,27.732290833000036],[83.43663545500004,27.731464833000075],[83.43549376600004,27.73225214400003],[83.43441620300007,27.734912520000023],[83.43533451700006,27.737495332000037],[83.43407576700008,27.739198271000078],[83.43100932900006,27.739192458000048],[83.42840789300004,27.741208019000055],[83.42565839200006,27.741327458000058],[83.42404289100006,27.739696208000055],[83.42006820400007,27.741730646000065],[83.41673095400006,27.740893020000044],[83.41526289100005,27.738745519000076],[83.41345439200006,27.73773827000008],[83.41053201600005,27.734880582000073],[83.40734001700008,27.734792457000026],[83.40501345300004,27.736912520000033],[83.40169764100006,27.737891020000063],[83.39954451600005,27.74055095700004],[83.39829889100008,27.74361877000007],[83.39643320500005,27.746036208000078],[83.39370864100005,27.74787452000004],[83.39076333000008,27.748673895000024],[83.38853457900007,27.747425332000034],[83.39007870400008,27.743810645000053],[83.39131182800008,27.742906770000047],[83.39276026600004,27.740171644000043],[83.39243089100006,27.738572645000033],[83.39335645400007,27.73606989500007],[83.39229701600004,27.735104082000078],[83.39240745400008,27.73200427000006],[83.39147482900006,27.731097582000075],[83.39232532800008,27.728287645000023],[83.39424357900003,27.72378327000007],[83.39441257800007,27.722046582000075],[83.39269745300004,27.717824145000066],[83.39057651700006,27.71596683200005],[83.38915514100006,27.713742582000066],[83.38775064100008,27.714049957000043],[83.38485576600004,27.712857082000028],[83.38310695300004,27.709593332000054],[83.38308920300005,27.70828908200008],[83.38477382800005,27.70492777000004],[83.38170145300006,27.704516957000067],[83.38159095400005,27.702810645000056],[83.38310195300005,27.70011420700007],[83.38307357900004,27.698505269000066],[83.38484520400004,27.69570170700007],[83.38508607800009,27.69433314500003],[83.38683489100003,27.690886395000064],[83.38631882900006,27.689115082000058],[83.38762195400005,27.68492845700007],[83.38776301600006,27.681512957000052],[83.38892601600008,27.680112395000037],[83.38756970400004,27.678835957000047],[83.38241595300008,27.67757658200003],[83.37934007900003,27.675507269000036],[83.37801989100006,27.67153458200005],[83.37143639100003,27.66907258200007],[83.37013726600009,27.666503332000048],[83.37109251600003,27.664930457000025],[83.36984470400006,27.662993332000042],[83.36806101600007,27.662082645000055],[83.36504626600004,27.661567957000045],[83.36512707900005,27.659314144000064],[83.36597995300008,27.65710001900004],[83.36348364100007,27.65521577000004],[83.36351601600006,27.653724457000067],[83.36499776600004,27.650558770000032],[83.36791076600008,27.649588270000038],[83.36883195300004,27.651731519000066],[83.37352201600004,27.65215445700005],[83.37717364100007,27.652983207000034],[83.37840676600007,27.652487832000077],[83.38115364100008,27.653510957000037],[83.38239214100008,27.65588795700006],[83.38692839200007,27.654394082000067],[83.38959820300005,27.65288720700005],[83.39094076600009,27.655438395000033],[83.39499982800004,27.655329770000037],[83.39833920300003,27.65705920700003],[83.40027307800005,27.655901020000044],[83.40224389100007,27.65732433200003],[83.40513220300005,27.65681101900003],[83.40776564100008,27.65726901900007],[83.41176151700006,27.657249957000033],[83.41329070300003,27.658168020000062],[83.41549782900006,27.656175895000047],[83.41491745400003,27.655058832000066],[83.41051239200004,27.650583707000067],[83.40625882800003,27.647219332000077],[83.40282926600008,27.643682332000026],[83.40438407900007,27.643172332000063],[83.40712226600004,27.643581207000068],[83.40912245400006,27.644564457000058],[83.41240501600004,27.644765707000033],[83.41322314100006,27.643534894000027],[83.41643451600004,27.641804269000033],[83.41858189200008,27.641815519000033],[83.42138782900008,27.639943145000075],[83.42253851600003,27.64041958200005],[83.42378151600008,27.638276645000076],[83.42346951600007,27.636592019000034],[83.42465914100006,27.635003957000038],[83.42473214100005,27.63339995700005],[83.42366207800006,27.63090214500005],[83.42143726600005,27.629396894000024],[83.42305645400006,27.62566927000006],[83.42731620300003,27.62395620700005],[83.42943832800006,27.624068769000075],[83.42880926600003,27.621166645000073],[83.42745439100008,27.61919120700003],[83.42756382900006,27.618004769000038],[83.43413426600006,27.615400770000065],[83.43557095400007,27.621025082000074],[83.43715251600008,27.624905832000024],[83.43993520300006,27.628879332000054],[83.44420064100007,27.637437082000076],[83.44528764100005,27.639057019000063],[83.44871820400004,27.641683645000057],[83.45171170400005,27.64472595700005],[83.45262795400004,27.645119832000034],[83.45200282800005,27.64757464400003],[83.45188182800007,27.65062933200005],[83.45114689200005,27.65552964500006],[83.45202820400004,27.661291520000077],[83.45180639100005,27.666313394000042],[83.45935476600005,27.66588283200008],[83.46276014100005,27.66644658200005],[83.46583526600006,27.66744452000006],[83.47106851600006,27.66791808200003],[83.47526620400004,27.667457957000067],[83.48061807900007,27.66730439400004],[83.48792314100007,27.669585707000067],[83.49138726600006,27.670455895000032],[83.49317920400006,27.672915207000074],[83.49745695400009,27.670981269000038],[83.50087395400004,27.66761120700005],[83.50230364200007,27.666707020000047],[83.50272945400008,27.668103020000046],[83.50056970300005,27.668812769000056],[83.49894132800006,27.671794395000063],[83.49918332900006,27.675626770000065],[83.49868545400005,27.676902020000057],[83.50169189100006,27.676836207000065],[83.50295276600008,27.678196770000056],[83.50444845400006,27.681088144000057],[83.50437432800004,27.682978707000075],[83.50534845400006,27.684146519000024],[83.50537051600008,27.68644139500003],[83.50614101600007,27.68877052000005],[83.50547126600009,27.691279520000023],[83.50570451600004,27.69289139500006],[83.50379451600008,27.699870519000058],[83.50083426700007,27.70531802000005],[83.49848995400004,27.706374582000024],[83.49645745400005,27.708551519000025],[83.49422176600007,27.71487252000003],[83.49153576600008,27.718680520000078],[83.49064557800006,27.720908832000077],[83.49271189100006,27.721782894000057],[83.49415207900006,27.725721082000064]]]}},{"type":"Feature","properties":{"STATE_CODE":5,"DISTRICT":"RUPANDEHI","GaPa_NaPa":"Devdaha","Type_GN":"Nagarpalika","Province":"5","provinceId":"5","provinceCode":"5","provinceName":"Lumbini","districtId":"508","districtName":"Rupandehi","municipalityId":"50801","municipalityCode":"50801","municipalityName":"Devdaha Urban Municipality","municipalityNameNe":"देबदह नगरपालिका","municipalityType":"municipality"},"geometry":{"type":"Polygon","coordinates":[[[83.58819926600006,27.705797270000062],[83.58642232900007,27.704954832000055],[83.58456689100007,27.705429895000066],[83.58269851700004,27.704794707000076],[83.58003364200005,27.705098082000063],[83.57782620400008,27.70669339600005],[83.57349789200003,27.708277708000026],[83.56975020400006,27.711348395000073],[83.56934795400008,27.712732582000058],[83.56584345500005,27.713170645000048],[83.56281870400005,27.714077271000065],[83.55911295500005,27.71638283300007],[83.55584370500003,27.716825895000056],[83.55337495400005,27.71621552000005],[83.54950757900008,27.716586582000048],[83.54650601600008,27.718984395000064],[83.54414120400008,27.72003939500007],[83.54171514100005,27.720214145000057],[83.53884457900006,27.72250170700005],[83.53589051700004,27.72391102000006],[83.53324357900004,27.725844895000023],[83.53082476700007,27.72418502000005],[83.52881951700004,27.725385394000057],[83.52562208000006,27.726290582000047],[83.52335282900003,27.72541858200003],[83.51986945500005,27.72582170800007],[83.51926433000006,27.726765082000043],[83.51583751600003,27.728968895000037],[83.51186207900008,27.725513957000032],[83.50881276700005,27.72495033200005],[83.50466689100006,27.726045707000026],[83.50207351700004,27.72908927000003],[83.50112445500008,27.729297958000075],[83.49654564200006,27.725964458000078],[83.49415207900006,27.725721082000064],[83.49271189100006,27.721782894000057],[83.49064557800006,27.720908832000077],[83.49153576600008,27.718680520000078],[83.49422176600007,27.71487252000003],[83.49645745400005,27.708551519000025],[83.49848995400004,27.706374582000024],[83.50083426700007,27.70531802000005],[83.50379451600008,27.699870519000058],[83.50570451600004,27.69289139500006],[83.50547126600009,27.691279520000023],[83.50614101600007,27.68877052000005],[83.50537051600008,27.68644139500003],[83.50534845400006,27.684146519000024],[83.50437432800004,27.682978707000075],[83.50444845400006,27.681088144000057],[83.50295276600008,27.678196770000056],[83.50169189100006,27.676836207000065],[83.49868545400005,27.676902020000057],[83.49918332900006,27.675626770000065],[83.49894132800006,27.671794395000063],[83.50056970300005,27.668812769000056],[83.50272945400008,27.668103020000046],[83.50230364200007,27.666707020000047],[83.50645782900006,27.664183394000077],[83.51477301700004,27.658330332000048],[83.51785864200008,27.656409520000068],[83.51923651600003,27.656145769000034],[83.53139895400005,27.656478520000064],[83.53205939100008,27.65239433200003],[83.53356239100003,27.651289145000078],[83.53418789100004,27.647872832000076],[83.53625420400004,27.646489769000027],[83.53684607900004,27.644776832000048],[83.54070064200005,27.641948832000026],[83.53883464100005,27.641899769000077],[83.53839095400008,27.640456457000028],[83.54135807900008,27.63908758200006],[83.54583951600006,27.634912144000054],[83.54526776600005,27.632412394000028],[83.54745239200008,27.63149214500004],[83.54976576600006,27.632774520000055],[83.55088951600004,27.632372020000048],[83.55077270400005,27.62746839400006],[83.54802464100004,27.625582020000024],[83.54410901600005,27.625210520000053],[83.54411757900004,27.621685957000068],[83.54591307800007,27.619857332000038],[83.54847857900006,27.620208707000074],[83.55001014100003,27.618701895000072],[83.55045682800005,27.61587595700007],[83.54881970400004,27.61517795700007],[83.54591632900008,27.615547582000033],[83.54531232900007,27.613661457000035],[83.54698882900004,27.612543207000044],[83.55072595400009,27.61238164400004],[83.55062957900003,27.60891764400003],[83.55214757900006,27.607205332000035],[83.55182607900008,27.60520970700003],[83.55224270400004,27.600856019000048],[83.55385689200006,27.59864764400004],[83.55391682900006,27.59589495700004],[83.55260926600005,27.593862269000056],[83.55111032800005,27.592744957000036],[83.55086089100007,27.591401520000034],[83.55226264100008,27.589093207000076],[83.54642282900005,27.585353332000068],[83.54539995400006,27.584052519000068],[83.54628745400004,27.58271058200006],[83.54803326600006,27.58234170700007],[83.54904614100008,27.581135519000043],[83.54842189100003,27.579269644000078],[83.54667476600008,27.576750270000048],[83.54418520400003,27.576800769000045],[83.53604401600006,27.578296957000077],[83.53549014100008,27.57616501900003],[83.53286114100007,27.57573420700004],[83.53264232800007,27.572994145000052],[83.53430270300004,27.570635019000065],[83.53247051600005,27.569089895000047],[83.53247457900005,27.566865020000023],[83.53374557900008,27.565255957000034],[83.53154801700003,27.561751082000058],[83.52939339100004,27.561867832000075],[83.52728676600003,27.560536082000056],[83.52920395300004,27.55775595700004],[83.53304207900004,27.555873457000075],[83.53490201600005,27.554467144000057],[83.53553907900005,27.552203770000062],[83.53377920400004,27.550616082000033],[83.52996151700006,27.552731082000037],[83.52913564200009,27.55151201900003],[83.52932039100006,27.549669144000063],[83.53215407900007,27.546675332000063],[83.53214332800007,27.54397883200005],[83.53501270400005,27.540050832000077],[83.53588139100003,27.541166270000076],[83.53914995400004,27.539353894000044],[83.54064732900008,27.539126457000066],[83.54578382900007,27.536801019000052],[83.54807845300007,27.53730051900004],[83.54947082900009,27.538440019000063],[83.55375564100007,27.538769769000055],[83.55531870400006,27.53677108200003],[83.55958307900005,27.536416770000073],[83.55949764100006,27.541489082000055],[83.55996789200003,27.543155832000025],[83.55820539100006,27.546455957000035],[83.55935439100006,27.54828964400008],[83.55894164100005,27.549497770000073],[83.56067970400005,27.551234020000038],[83.55850470400009,27.55414245700007],[83.55748282900004,27.558227957000042],[83.56130332900005,27.55853114400003],[83.56797870300005,27.555900707000035],[83.57250289200005,27.554750332000026],[83.57472045400004,27.554522457000076],[83.57910957900003,27.552992394000057],[83.58310101600006,27.55224627000007],[83.58767851700009,27.54970108200007],[83.59233432900004,27.55145008200003],[83.59328332800004,27.554063582000026],[83.59508832900008,27.55601164500007],[83.59467220400006,27.55850389400007],[83.59662039200003,27.560432082000034],[83.59713726600006,27.562694519000047],[83.59640864200009,27.563660457000026],[83.59685351600007,27.565509769000073],[83.59825514100004,27.56635551900007],[83.59792857900004,27.569373770000027],[83.59713339100006,27.57146320700008],[83.59781520400009,27.572681395000075],[83.59650570400004,27.57474227000006],[83.59226114100005,27.575623457000063],[83.59138120400007,27.57363739400006],[83.58898751600003,27.573230957000078],[83.58264964100005,27.57468551900007],[83.58286207900005,27.57878164500005],[83.58255626700003,27.58304320700006],[83.58429326600003,27.585063457000047],[83.58462964100005,27.58839726900004],[83.58388326600004,27.59018214400004],[83.58241489100004,27.589620394000065],[83.58131382900007,27.59093933200006],[83.58207676600006,27.593380894000063],[83.57781507900006,27.597014457000057],[83.57669570400003,27.600170082000034],[83.57548570400007,27.601563144000067],[83.57636939200006,27.60335970700004],[83.57551289200006,27.604280020000033],[83.57387526700006,27.610676520000027],[83.57523551700007,27.61553433200004],[83.57656695400004,27.617621145000044],[83.57887814100008,27.616991832000053],[83.58109289200007,27.617910144000064],[83.58327232900007,27.61635977000003],[83.58437926600004,27.617888520000065],[83.58366739100006,27.619079957000054],[83.58720176600008,27.620593332000055],[83.58920514100004,27.623455957000033],[83.58879470400007,27.625666082000066],[83.59123226600008,27.625154270000053],[83.59507364100006,27.626365957000075],[83.59382632900008,27.62959352000007],[83.59495982900006,27.630873957000063],[83.59670026600008,27.62979602000007],[83.59859182900004,27.629733832000056],[83.60002470400008,27.63109408200006],[83.59777782900005,27.632775395000067],[83.59723557900008,27.634084832000042],[83.59895326700007,27.63518645700003],[83.60158689200006,27.63454189400005],[83.60297407800005,27.636037395000074],[83.60243532900006,27.637175395000042],[83.60035964100007,27.637846332000038],[83.59988201700008,27.639137895000033],[83.60112264100007,27.641510770000025],[83.60060195400007,27.642820207000057],[83.60167432900005,27.64501658200004],[83.60574901600006,27.64852577000005],[83.61106301700005,27.649208644000055],[83.61310751700006,27.651154957000074],[83.61658707800007,27.65543608200005],[83.61995801600006,27.657690457000058],[83.62143082900008,27.65950427000007],[83.62567489200006,27.661440457000026],[83.62835039100008,27.663537145000078],[83.63147432900007,27.664197582000043],[83.63276051600008,27.66753151900008],[83.63140345400006,27.669533957000056],[83.63372820400008,27.676972832000047],[83.63555695400004,27.67821189500006],[83.63380701700004,27.679100832000074],[83.63459757800007,27.68023114500005],[83.63439264200008,27.682015457000034],[83.63580820400006,27.683679957000038],[83.63467370300003,27.68505339400008],[83.63568176600006,27.68645052000005],[83.63585495300003,27.688305770000056],[83.63454889200005,27.689432770000053],[83.63506614100004,27.693103145000066],[83.63335120500005,27.693579208000074],[83.62972695500008,27.692734708000046],[83.62550339300003,27.68850608200006],[83.62308014200005,27.688368582000066],[83.62168532900006,27.690643833000024],[83.61972932900005,27.692545145000054],[83.61428745500007,27.695898958000043],[83.61313526600009,27.69812733300006],[83.61271414200007,27.700278833000027],[83.61115582900004,27.70165764500007],[83.60696939200005,27.70273114500003],[83.60474045300003,27.704344958000036],[83.59939058000003,27.705642832000024],[83.59827976800005,27.70470089500003],[83.59424908000005,27.704745583000033],[83.59069839200004,27.706082208000055],[83.58819926600006,27.705797270000062]]]}},{"type":"Feature","properties":{"STATE_CODE":5,"DISTRICT":"RUPANDEHI","GaPa_NaPa":"Gaidahawa","Type_GN":"Gaunpalika","Province":"5","provinceId":"5","provinceCode":"5","provinceName":"Lumbini","districtId":"508","districtName":"Rupandehi","municipalityId":"50805","municipalityCode":"50805","municipalityName":"Gaidahawa Rural Municipality","municipalityNameNe":"गैडहवा गाउँपालिका","municipalityType":"rural_municipality"},"geometry":{"type":"Polygon","coordinates":[[[83.32859120300003,27.645039582000038],[83.32836207900004,27.64681876900005],[83.32901776600005,27.650610395000058],[83.32802045400007,27.65183083200003],[83.32264501600008,27.65035376900005],[83.32067107800003,27.650287707000075],[83.31424495400006,27.64869239500007],[83.31061051600005,27.646993395000038],[83.30867945300008,27.64692726900006],[83.30686951600006,27.647741894000035],[83.30478739100005,27.650317207000057],[83.30285226700005,27.648184332000028],[83.30343789100004,27.647440395000046],[83.30219045400008,27.642670895000037],[83.30041089100007,27.639906894000035],[83.30284707800007,27.638614957000073],[83.30442814100007,27.634353832000045],[83.30423464200004,27.63184601900008],[83.30629382900008,27.629387832000077],[83.30486339100008,27.62597352000006],[83.30484132800007,27.62344851900008],[83.30671932800004,27.619100770000045],[83.30727732900004,27.615924332000077],[83.30535395400005,27.614628582000023],[83.30529101600007,27.611198519000027],[83.30862464100005,27.610247207000043],[83.31076576600003,27.611085957000057],[83.31191251600006,27.60973326900006],[83.31488195400004,27.60866489500006],[83.31556551600005,27.60591095700005],[83.31475507800008,27.60513976900006],[83.31019557800005,27.606428144000063],[83.30947682800007,27.60475708200005],[83.30741257800008,27.605297394000047],[83.30593664100007,27.604520582000077],[83.30108451600006,27.607856020000042],[83.29995395400005,27.609973582000066],[83.30105414100007,27.61233701900005],[83.30110226700003,27.614787707000062],[83.29984601600006,27.61644433200007],[83.29806476600004,27.616356395000025],[83.29566914100008,27.618007207000062],[83.29409726600005,27.61563901900007],[83.29189164100006,27.620535457000074],[83.29046645400007,27.618646332000026],[83.28832595300008,27.617656082000053],[83.28629795400008,27.61885058200005],[83.28772064100008,27.621046582000076],[83.28537376600008,27.621799457000066],[83.28263201600004,27.620783457000073],[83.28159232900003,27.621908520000034],[83.28218026600007,27.62371670700003],[83.28462676600003,27.62403845700004],[83.28394801600007,27.62575883200003],[83.28190576600008,27.625996457000042],[83.28099076600006,27.624800269000048],[83.27767714100008,27.625566082000034],[83.27708251600006,27.621785832000057],[83.27409676600007,27.621824394000043],[83.27514676600003,27.61928014500006],[83.27869370300004,27.616042707000076],[83.27880814100007,27.615102395000065],[83.28096732900008,27.61360177000006],[83.28032464100005,27.610491394000064],[83.28134832800004,27.60859908200007],[83.28017551600004,27.60749864400003],[83.27804276600006,27.608347270000024],[83.27557957800008,27.60744995700003],[83.27282645400004,27.607988332000048],[83.27078889100005,27.607612145000076],[83.26700276600008,27.608413520000056],[83.26496907800004,27.610356769000077],[83.26134476600004,27.609800519000032],[83.26082970300007,27.606819332000043],[83.26178345300008,27.605675895000047],[83.26108507800006,27.604289019000078],[83.26199495400004,27.603260457000033],[83.26431976600009,27.60256651900005],[83.26467707800003,27.600783645000035],[83.26390489100004,27.59784626900006],[83.26275270300005,27.596860895000077],[83.26085489100006,27.597922520000054],[83.25982314100008,27.595229707000044],[83.26053432900005,27.589308207000045],[83.25992601600007,27.587407332000055],[83.25986882800004,27.58366595700005],[83.25913720300008,27.580940832000067],[83.25532201600004,27.580205145000036],[83.25450989100005,27.582481957000027],[83.24337445300006,27.584098332000053],[83.24549351600007,27.58775389500005],[83.24537126600006,27.58965308200004],[83.24418051600009,27.59087183200006],[83.24468564100005,27.594960895000042],[83.24437657900006,27.596033207000062],[83.24582432800008,27.59765214500004],[83.24493239100008,27.601866770000072],[83.24566464100008,27.604325707000044],[83.24475407800008,27.60543089400005],[83.24686176600005,27.60780477000003],[83.24799339100008,27.61141658200006],[83.24640145400008,27.61177120700006],[83.24657995300004,27.616413582000064],[83.24348651600008,27.616468957000052],[83.23977832900005,27.61747308200006],[83.23703132900005,27.61599814500005],[83.23487314100004,27.615622957000028],[83.23228495300003,27.613884770000027],[83.23323264100009,27.61175552000003],[83.23239939100006,27.610232332000066],[83.23360507800004,27.609462832000077],[83.23340432900005,27.607647582000027],[83.23123314100008,27.60357858200007],[83.22966257800005,27.602969707000057],[83.22692170400006,27.599267519000023],[83.22606914100004,27.59699964400005],[83.22352789100006,27.595832519000055],[83.22274989100003,27.593244519000052],[83.22153032900007,27.59173045700004],[83.22154964100008,27.58769383200007],[83.22070914100004,27.585732894000046],[83.21886782900003,27.58486739400007],[83.21637389100005,27.58500902000003],[83.21506576600007,27.579062832000034],[83.21379170300008,27.577995145000045],[83.21363820300007,27.575467144000072],[83.21091620300007,27.57407077000005],[83.20866845300003,27.56997395700006],[83.21125764100003,27.568860457000028],[83.21030820300007,27.565089207000028],[83.21078101600006,27.56403139500003],[83.20899420400008,27.563129957000058],[83.20836982800006,27.56161458200006],[83.20626251600004,27.55964858200008],[83.20785907800007,27.556309207000027],[83.21055657800008,27.55593645700003],[83.21132182900004,27.55402739400006],[83.21265864100008,27.552825519000066],[83.21266295400005,27.55115808200003],[83.21456070300007,27.549878144000047],[83.21661276600008,27.549544582000067],[83.21619864100006,27.54761527000005],[83.21919951600006,27.54663933200004],[83.21871745300007,27.541731207000055],[83.22044426600007,27.539439394000055],[83.22252345400005,27.53796408200003],[83.22245695300006,27.535955520000073],[83.22337857900004,27.534439832000032],[83.22645051600006,27.532825582000044],[83.22691407800005,27.53096889400007],[83.22593945300008,27.529634457000043],[83.22722145300008,27.527195645000063],[83.22925970300008,27.525144582000053],[83.22958370300006,27.522517707000077],[83.23051076600007,27.522416832000033],[83.23209739100008,27.522452644000055],[83.23291089100007,27.524047895000024],[83.23194964100009,27.524969957000053],[83.23176964100008,27.52723889400005],[83.23040682900006,27.528528769000047],[83.23253795400007,27.529921519000027],[83.23309220400006,27.531567207000023],[83.23670701600008,27.53341252000007],[83.23823514100008,27.534860520000052],[83.24208501600003,27.53526964400004],[83.24386607800005,27.537452269000028],[83.24433357900006,27.539972957000032],[83.24698051600006,27.53937126900007],[83.24829526600007,27.54165514400006],[83.25127895300005,27.540436956000065],[83.25061326600007,27.539165269000023],[83.25151107800008,27.537701207000055],[83.25064382800008,27.533777145000045],[83.24909839100008,27.530803895000076],[83.24897976600005,27.52943814500003],[83.25269089100004,27.52888501900003],[83.25513582800005,27.527129081000055],[83.25621195300005,27.529655270000035],[83.26034864100006,27.528614582000046],[83.26162782900008,27.52880414400005],[83.26144607800006,27.531052832000057],[83.26220695300003,27.532248207000066],[83.26236689100006,27.535065082000074],[83.26118714100005,27.536171207000052],[83.26466589100005,27.538931207000076],[83.26562795300003,27.54057670700007],[83.26360695400007,27.543370770000024],[83.26618814100004,27.543470082000056],[83.26697251600007,27.54166914500007],[83.27010151700006,27.540417457000046],[83.27430995400005,27.540046894000056],[83.27840389100004,27.540113332000033],[83.28015495400007,27.53910477000005],[83.28062126600008,27.53766308200005],[83.28740470300005,27.535622145000048],[83.28980176600004,27.537062707000075],[83.29256039100005,27.540878832000033],[83.29172182800005,27.54298883200005],[83.29330745300007,27.543637707000073],[83.29765345400006,27.53942220700003],[83.29959170400008,27.536663332000046],[83.30242364100008,27.537122082000053],[83.30512432800003,27.53626014500003],[83.30659032800008,27.537269270000024],[83.30948964200007,27.53703776900005],[83.31240489100009,27.53606164400003],[83.31247626600003,27.537970957000027],[83.31089401700007,27.539908144000037],[83.31340514100003,27.54404983200004],[83.31278064100007,27.54641595700008],[83.31374032800005,27.54725108200006],[83.31389764100004,27.550191957000038],[83.31238276600004,27.55232808200003],[83.31342332900005,27.55420826900007],[83.31484057800003,27.555214894000073],[83.31847726600006,27.55463933200008],[83.31990051700006,27.55278026900004],[83.32223932800008,27.552408082000056],[83.32441757900006,27.55090464400007],[83.32528989100007,27.54840427000005],[83.32833601600004,27.54904858200007],[83.32753189100004,27.55044814400003],[83.32799645300008,27.555592769000043],[83.32605264100005,27.557354645000032],[83.32783239200006,27.55842602000007],[83.33028232800007,27.557275832000073],[83.33211464200008,27.55771333200005],[83.33039670300008,27.55970651900003],[83.33103145300004,27.561661394000055],[83.32933314100006,27.56244295700003],[83.33058714100008,27.56426314400005],[83.33273270400008,27.57012439400006],[83.33095220400008,27.570034582000062],[83.33037670400006,27.572750769000038],[83.33290782900008,27.576235582000038],[83.33240501600005,27.57766826900007],[83.32822276600007,27.580588145000036],[83.32765057900008,27.582805707000034],[83.32796620300007,27.587058332000026],[83.32741801600008,27.59216870700004],[83.32651532900007,27.595666270000038],[83.32985901600006,27.599653707000073],[83.32974320400007,27.603590582000038],[83.32827407800005,27.605054645000052],[83.32849795400006,27.606603645000064],[83.32975551600003,27.607604769000034],[83.33382151600006,27.608734519000052],[83.33538020400005,27.60964002000003],[83.33706595400008,27.613587770000038],[83.33681826600008,27.61517283200004],[83.33893582900004,27.618736832000025],[83.33911332800005,27.620822582000073],[83.33721720400007,27.621959770000046],[83.33341970400005,27.622167207000075],[83.33135364100008,27.62307564500003],[83.32837145300005,27.62603964400006],[83.32798607900008,27.628734207000036],[83.33185370400008,27.630684332000044],[83.33215857900007,27.632903895000027],[83.33154020400008,27.635211457000025],[83.32998539100004,27.63658033200005],[83.32833326600007,27.639458270000034],[83.32701495300006,27.640769645000034],[83.32678432900008,27.642851145000066],[83.32737201600008,27.644537269000068],[83.32859120300003,27.645039582000038]]]}},{"type":"Feature","properties":{"STATE_CODE":5,"DISTRICT":"RUPANDEHI","GaPa_NaPa":"Kanchan","Type_GN":"Gaunpalika","Province":"5","provinceId":"5","provinceCode":"5","provinceName":"Lumbini","districtId":"508","districtName":"Rupandehi","municipalityId":"50804","municipalityCode":"50804","municipalityName":"Kanchan Rural Municipality","municipalityNameNe":"कञ्चन गाउँपालिका","municipalityType":"rural_municipality"},"geometry":{"type":"Polygon","coordinates":[[[83.30867945300008,27.64692726900006],[83.30870601600003,27.648840894000045],[83.30589539100004,27.65127958200003],[83.30405170300008,27.653549270000042],[83.30367220300008,27.655307332000064],[83.30056439100008,27.65730439500004],[83.29997057800006,27.658966582000062],[83.29705989100006,27.660483957000054],[83.29516832800005,27.660783457000036],[83.29392639100007,27.662941019000073],[83.29532720400005,27.667327769000053],[83.29220857900003,27.670529457000043],[83.28956295400008,27.676163582000072],[83.28867570300008,27.67696458200004],[83.28421001600003,27.678861770000026],[83.28148020400005,27.681426645000045],[83.27943164100003,27.681499520000045],[83.27753626600008,27.680435894000027],[83.27771339100008,27.67846701900004],[83.27668770400004,27.675456207000025],[83.27319251600005,27.670045207000044],[83.26924851600006,27.669356582000034],[83.26428857900004,27.66944989500007],[83.26481939100006,27.667672457000037],[83.26795126600007,27.665484582000033],[83.26805639100007,27.66330320700007],[83.26612251600005,27.66105689400007],[83.26383357900005,27.66014676900005],[83.26129220300004,27.661110207000036],[83.26070876600005,27.65898164400005],[83.26321976600008,27.659186770000076],[83.26432426600007,27.658062207000057],[83.26155151600005,27.655572207000034],[83.25948457800007,27.656095957000048],[83.25802614100007,27.65854308200005],[83.25561414100008,27.65925445700003],[83.25515720300007,27.662780957000052],[83.25423970400004,27.664711957000065],[83.25437532800004,27.666474957000048],[83.25347014100004,27.671716082000046],[83.25529664100003,27.671513832000073],[83.25685451600003,27.675021832000027],[83.25852889100008,27.67501045700004],[83.26159182800006,27.678278270000078],[83.26126614100008,27.68058251900004],[83.26166007800003,27.68287033200005],[83.26078914100003,27.684463145000052],[83.26042026600004,27.68846626900006],[83.26075876600004,27.691606645000036],[83.26231439100007,27.696495457000026],[83.26098639100007,27.697237458000075],[83.25577457800006,27.691634082000064],[83.25346951600005,27.690486770000064],[83.24944739100005,27.690652269000054],[83.24653295400003,27.691238895000026],[83.24060451600008,27.691770645000076],[83.23093545400008,27.69360583200006],[83.22941464100006,27.691999895000038],[83.22916626600005,27.690274645000045],[83.23027364100005,27.687803332000044],[83.23032564100004,27.68612264500007],[83.22911670400003,27.685651145000065],[83.22941332900007,27.683746144000054],[83.22831557900008,27.68111814400004],[83.23027001600008,27.67815289500004],[83.22900570300004,27.675964019000048],[83.22948370400007,27.67304239400005],[83.22898201600003,27.671214207000048],[83.23014682800004,27.668334832000028],[83.22953364100005,27.666645894000055],[83.22805401600004,27.666533894000054],[83.22709757800004,27.664816019000057],[83.22713164100008,27.663047207000034],[83.22555026600008,27.661388895000073],[83.22655814100006,27.660099457000058],[83.22546689100005,27.657884395000053],[83.22666864100006,27.65452458200008],[83.22631239100008,27.64739701900004],[83.22416782800008,27.647249645000045],[83.22261189100004,27.645478707000052],[83.22486451600008,27.642869457000074],[83.22510789100005,27.64127558200005],[83.22369845400004,27.639622770000074],[83.22586626600008,27.637658332000058],[83.22604245300005,27.636158832000035],[83.22782995400007,27.635345207000057],[83.22876164100006,27.633730332000027],[83.22873126600007,27.631958895000025],[83.23023326600008,27.629977145000055],[83.23031032900008,27.62752489500008],[83.23227732900006,27.625782582000056],[83.23261364100006,27.62464951900006],[83.23172789100005,27.622742457000072],[83.23233820300004,27.620415020000053],[83.23155151600008,27.614665957000057],[83.23228495300003,27.613884770000027],[83.23487314100004,27.615622957000028],[83.23703132900005,27.61599814500005],[83.23977832900005,27.61747308200006],[83.24348651600008,27.616468957000052],[83.24657995300004,27.616413582000064],[83.24640145400008,27.61177120700006],[83.24799339100008,27.61141658200006],[83.24686176600005,27.60780477000003],[83.24475407800008,27.60543089400005],[83.24566464100008,27.604325707000044],[83.24493239100008,27.601866770000072],[83.24582432800008,27.59765214500004],[83.24437657900006,27.596033207000062],[83.24468564100005,27.594960895000042],[83.24418051600009,27.59087183200006],[83.24537126600006,27.58965308200004],[83.24549351600007,27.58775389500005],[83.24337445300006,27.584098332000053],[83.25450989100005,27.582481957000027],[83.25532201600004,27.580205145000036],[83.25913720300008,27.580940832000067],[83.25986882800004,27.58366595700005],[83.25992601600007,27.587407332000055],[83.26053432900005,27.589308207000045],[83.25982314100008,27.595229707000044],[83.26085489100006,27.597922520000054],[83.26275270300005,27.596860895000077],[83.26390489100004,27.59784626900006],[83.26467707800003,27.600783645000035],[83.26431976600009,27.60256651900005],[83.26199495400004,27.603260457000033],[83.26108507800006,27.604289019000078],[83.26178345300008,27.605675895000047],[83.26082970300007,27.606819332000043],[83.26134476600004,27.609800519000032],[83.26496907800004,27.610356769000077],[83.26700276600008,27.608413520000056],[83.27078889100005,27.607612145000076],[83.27282645400004,27.607988332000048],[83.27557957800008,27.60744995700003],[83.27804276600006,27.608347270000024],[83.28017551600004,27.60749864400003],[83.28134832800004,27.60859908200007],[83.28032464100005,27.610491394000064],[83.28096732900008,27.61360177000006],[83.27880814100007,27.615102395000065],[83.27869370300004,27.616042707000076],[83.27514676600003,27.61928014500006],[83.27409676600007,27.621824394000043],[83.27708251600006,27.621785832000057],[83.27767714100008,27.625566082000034],[83.28099076600006,27.624800269000048],[83.28190576600008,27.625996457000042],[83.28394801600007,27.62575883200003],[83.28462676600003,27.62403845700004],[83.28218026600007,27.62371670700003],[83.28159232900003,27.621908520000034],[83.28263201600004,27.620783457000073],[83.28537376600008,27.621799457000066],[83.28772064100008,27.621046582000076],[83.28629795400008,27.61885058200005],[83.28832595300008,27.617656082000053],[83.29046645400007,27.618646332000026],[83.29189164100006,27.620535457000074],[83.29409726600005,27.61563901900007],[83.29566914100008,27.618007207000062],[83.29806476600004,27.616356395000025],[83.29984601600006,27.61644433200007],[83.30110226700003,27.614787707000062],[83.30105414100007,27.61233701900005],[83.29995395400005,27.609973582000066],[83.30108451600006,27.607856020000042],[83.30593664100007,27.604520582000077],[83.30741257800008,27.605297394000047],[83.30947682800007,27.60475708200005],[83.31019557800005,27.606428144000063],[83.31475507800008,27.60513976900006],[83.31556551600005,27.60591095700005],[83.31488195400004,27.60866489500006],[83.31191251600006,27.60973326900006],[83.31076576600003,27.611085957000057],[83.30862464100005,27.610247207000043],[83.30529101600007,27.611198519000027],[83.30535395400005,27.614628582000023],[83.30727732900004,27.615924332000077],[83.30671932800004,27.619100770000045],[83.30484132800007,27.62344851900008],[83.30486339100008,27.62597352000006],[83.30629382900008,27.629387832000077],[83.30423464200004,27.63184601900008],[83.30442814100007,27.634353832000045],[83.30284707800007,27.638614957000073],[83.30041089100007,27.639906894000035],[83.30219045400008,27.642670895000037],[83.30343789100004,27.647440395000046],[83.30285226700005,27.648184332000028],[83.30478739100005,27.650317207000057],[83.30686951600006,27.647741894000035],[83.30867945300008,27.64692726900006]]]}},{"type":"Feature","properties":{"STATE_CODE":5,"DISTRICT":"RUPANDEHI","GaPa_NaPa":"Kotahimai","Type_GN":"Gaunpalika","Province":"5","provinceId":"5","provinceCode":"5","provinceName":"Lumbini","districtId":"508","districtName":"Rupandehi","municipalityId":"50814","municipalityCode":"50814","municipalityName":"Kotahimai Rural Municipality","municipalityNameNe":"कोटहीमाई गाउँपालिका","municipalityType":"rural_municipality"},"geometry":{"type":"Polygon","coordinates":[[[83.39084689100008,27.479472332000057],[83.38920620300007,27.481010894000065],[83.38717482900006,27.481290769000054],[83.38387932900008,27.483674832000077],[83.37977164100005,27.480271894000055],[83.37820882900007,27.47854551900008],[83.37480357900006,27.46998958200004],[83.36962001600006,27.470674770000073],[83.36540995400009,27.467866645000072],[83.36300132900004,27.46537352000007],[83.36092339100009,27.466580269000076],[83.35778701600003,27.46637395700003],[83.35698689100008,27.465244331000065],[83.35408314100005,27.466302770000027],[83.35022207800006,27.467162520000045],[83.34931032900005,27.464856707000024],[83.34792689100004,27.463236895000023],[83.34636032800006,27.46292264500005],[83.34608801600007,27.461321519000023],[83.34780901600004,27.45871214400006],[83.34650339100006,27.45823214400008],[83.34278164100004,27.458934456000065],[83.34044220300007,27.457847082000058],[83.33693339200005,27.458681082000055],[83.33671764100006,27.460124206000046],[83.33819176600008,27.462890832000028],[83.33714439100004,27.465541707000057],[83.33591389100008,27.46687389400006],[83.33765564100008,27.469307895000043],[83.33767176600008,27.47074308200007],[83.33952120400005,27.47220727000007],[83.34184907800005,27.470131081000034],[83.34320945300004,27.470627144000048],[83.34561701700005,27.472917519000077],[83.34749670400004,27.472761582000032],[83.34932714100006,27.471468207000044],[83.35081907800009,27.471800082000073],[83.35152770400003,27.475767956000027],[83.35465651700008,27.475040144000047],[83.35577195400003,27.47535670700006],[83.35836307900007,27.478286269000023],[83.35508070400004,27.48094045700003],[83.35292739100004,27.480585207000047],[83.34998195400004,27.480862582000043],[83.34738414100008,27.48059545700005],[83.34741557900009,27.48288589400005],[83.34476607900007,27.483268332000023],[83.34544682900008,27.48742114500004],[83.34460132900006,27.488985394000053],[83.34288845400005,27.488372582000068],[83.33952451600004,27.48930889500008],[83.33692601600006,27.489445457000045],[83.32716739100005,27.488062832000026],[83.32339514100005,27.485460894000028],[83.32211626600008,27.48399026900006],[83.32169482900008,27.480962331000057],[83.32144564100008,27.478896457000076],[83.31897870400007,27.47387733200003],[83.31715976600003,27.469292394000036],[83.31686251600007,27.467339082000024],[83.31191020400007,27.467982644000074],[83.31119551600005,27.46488326900004],[83.30908070400005,27.45990183200007],[83.31054039100007,27.457296082000028],[83.30673864100004,27.455442769000058],[83.30414070300003,27.45495595700004],[83.30353695400004,27.451356144000044],[83.30131864100008,27.451809895000054],[83.29982139100008,27.450622207000038],[83.29854014100005,27.45103770600008],[83.29593214100004,27.449226207000038],[83.29607014100003,27.445763269000054],[83.30001082800004,27.44325145700003],[83.29767845400005,27.442614582000033],[83.29655845400003,27.441250582000066],[83.29787526600006,27.439896582000074],[83.30143964200005,27.439831019000053],[83.30209176600005,27.438988082000037],[83.30176151600006,27.436357645000044],[83.29954182900008,27.43351695700005],[83.30070470400005,27.42842545600007],[83.30672614100007,27.42764995700003],[83.31228295400007,27.427359332000037],[83.31740164100006,27.42774551900004],[83.32044626600003,27.429279019000035],[83.32349582900008,27.432033145000048],[83.32561964100006,27.432591769000055],[83.32815576600007,27.430794332000062],[83.33391826600007,27.430966457000068],[83.33518539100004,27.428531020000037],[83.33766820300008,27.426401395000028],[83.33596782900008,27.423604332000025],[83.33429801600005,27.42219058200004],[83.33435582900006,27.415561394000065],[83.33860376600006,27.418138207000027],[83.34009407900004,27.411287832000028],[83.34083939100003,27.40899426900006],[83.34316270300008,27.40569045700005],[83.34517026600008,27.403540457000076],[83.35343626600007,27.402762207000023],[83.35331939100007,27.40536108200007],[83.35376282800007,27.408499644000074],[83.35735945300007,27.41055389400003],[83.36049107900004,27.411642332000042],[83.36249907800004,27.413621457000033],[83.36590901600005,27.414650144000063],[83.36707351600006,27.416232707000063],[83.37000932900008,27.416185082000027],[83.37367114100005,27.41540733200003],[83.37451270400004,27.411561520000078],[83.37579051600005,27.411402519000035],[83.37682395400003,27.413846394000075],[83.37863789100004,27.41531445700008],[83.38547739100005,27.414094644000045],[83.38999026600004,27.412440145000062],[83.39594651600004,27.415365707000035],[83.39527014100008,27.417213082000046],[83.39727714100007,27.420509457000037],[83.39784126600006,27.422332895000068],[83.39679782900004,27.423898895000036],[83.39527339100005,27.424508270000047],[83.39366370400006,27.427649082000073],[83.39383751600008,27.429572332000077],[83.39225826700005,27.430068644000073],[83.38742476600004,27.434127270000033],[83.38627951600006,27.436001831000056],[83.38842120300006,27.439127394000025],[83.38596826600008,27.442194457000028],[83.38828626700007,27.443526957000074],[83.39203582900006,27.444705457000055],[83.39364714100003,27.446580831000063],[83.39746001700007,27.446209270000054],[83.40074926600005,27.44886352000003],[83.40236251600004,27.453949769000076],[83.40392482900006,27.457063582000046],[83.40196489100003,27.459781020000037],[83.40183964100004,27.463420144000054],[83.40463470400005,27.466067707000036],[83.40309132900006,27.467047145000038],[83.40144664100006,27.465519269000026],[83.40002945400005,27.46538226900003],[83.39755976600009,27.466592457000047],[83.39780895400008,27.469215457000075],[83.39611120400008,27.469363832000056],[83.39268645300007,27.470971332000033],[83.39065932800008,27.470499894000056],[83.39100795400003,27.47296089400004],[83.39210914100005,27.47447308200003],[83.39387045400008,27.475189269000055],[83.39393057900008,27.47760845600004],[83.39197626600009,27.478157270000054],[83.39084689100008,27.479472332000057]]]}},{"type":"Feature","properties":{"STATE_CODE":5,"DISTRICT":"RUPANDEHI","GaPa_NaPa":"Lumbini Sanskritik","Type_GN":"Nagarpalika","Province":"5","provinceId":"5","provinceCode":"5","provinceName":"Lumbini","districtId":"508","districtName":"Rupandehi","municipalityId":"50813","municipalityCode":"50813","municipalityName":"Lumbini Sanskritik Urban Municipality","municipalityNameNe":"लुम्बिनी साँस्कृतिक नगरपालिका","municipalityType":"municipality"},"geometry":{"type":"Polygon","coordinates":[[[83.31240489100009,27.53606164400003],[83.30948964200007,27.53703776900005],[83.30659032800008,27.537269270000024],[83.30512432800003,27.53626014500003],[83.30242364100008,27.537122082000053],[83.29959170400008,27.536663332000046],[83.29765345400006,27.53942220700003],[83.29330745300007,27.543637707000073],[83.29172182800005,27.54298883200005],[83.29256039100005,27.540878832000033],[83.28980176600004,27.537062707000075],[83.28740470300005,27.535622145000048],[83.28062126600008,27.53766308200005],[83.28015495400007,27.53910477000005],[83.27840389100004,27.540113332000033],[83.27430995400005,27.540046894000056],[83.27010151700006,27.540417457000046],[83.26697251600007,27.54166914500007],[83.26618814100004,27.543470082000056],[83.26360695400007,27.543370770000024],[83.26562795300003,27.54057670700007],[83.26466589100005,27.538931207000076],[83.26118714100005,27.536171207000052],[83.26236689100006,27.535065082000074],[83.26220695300003,27.532248207000066],[83.26144607800006,27.531052832000057],[83.26162782900008,27.52880414400005],[83.26034864100006,27.528614582000046],[83.25621195300005,27.529655270000035],[83.25513582800005,27.527129081000055],[83.25269089100004,27.52888501900003],[83.24897976600005,27.52943814500003],[83.24909839100008,27.530803895000076],[83.25064382800008,27.533777145000045],[83.25151107800008,27.537701207000055],[83.25061326600007,27.539165269000023],[83.25127895300005,27.540436956000065],[83.24829526600007,27.54165514400006],[83.24698051600006,27.53937126900007],[83.24433357900006,27.539972957000032],[83.24386607800005,27.537452269000028],[83.24208501600003,27.53526964400004],[83.23823514100008,27.534860520000052],[83.23670701600008,27.53341252000007],[83.23309220400006,27.531567207000023],[83.23253795400007,27.529921519000027],[83.23040682900006,27.528528769000047],[83.23176964100008,27.52723889400005],[83.23194964100009,27.524969957000053],[83.23291089100007,27.524047895000024],[83.23209739100008,27.522452644000055],[83.23051076600007,27.522416832000033],[83.23234345400004,27.520147957000063],[83.23281714100006,27.518043144000046],[83.23428832900004,27.516203207000046],[83.23335595300006,27.514889332000052],[83.23367482900005,27.51237745700007],[83.23277557800003,27.511810645000025],[83.23155195400005,27.506666082000038],[83.22915439100007,27.504459582000038],[83.23029251600008,27.501861957000074],[83.23194932900003,27.501232644000027],[83.22997664100006,27.497074395000027],[83.22910114100006,27.494386645000077],[83.22624232900006,27.49503189400008],[83.22612164100008,27.49225589400004],[83.22424182900005,27.492572519000078],[83.22315732900006,27.49131195700005],[83.22486726600005,27.489403520000053],[83.22374064100006,27.488636832000054],[83.22491820400006,27.485601769000027],[83.22166001600004,27.48244945700003],[83.22318576600009,27.48135458200005],[83.22104026600005,27.47980814400006],[83.22394026600006,27.479201645000046],[83.22405070400004,27.477065457000037],[83.22260295300003,27.47422558200003],[83.22328926600005,27.472681520000037],[83.22648564100007,27.472162269000023],[83.22550657800008,27.470942894000075],[83.22610245300007,27.46847989400004],[83.22838001500008,27.469417707000048],[83.22937020400008,27.468822894000027],[83.22825164100004,27.466833394000048],[83.22841714100008,27.463896457000033],[83.22744770300005,27.463040395000064],[83.22700320300004,27.460443019000024],[83.22590532900006,27.459581769000067],[83.22556357800005,27.456587832000025],[83.22449476600008,27.45456239400005],[83.22171339100004,27.454005331000076],[83.21973320400008,27.452608832000067],[83.22101214100007,27.450716081000053],[83.21919182800008,27.44925051900003],[83.21992545400008,27.446352895000075],[83.21903114100007,27.444908207000026],[83.21969276600004,27.442405019000034],[83.22201389100007,27.440475270000036],[83.22308770400008,27.438100707000046],[83.22635307900003,27.437872895000055],[83.22929189100006,27.435242394000056],[83.23179357800007,27.434486770000035],[83.23331589100007,27.43057576900003],[83.23230801600005,27.429401394000024],[83.23029307800005,27.428812582000035],[83.22517695300007,27.42485133200006],[83.22561307800004,27.423689395000054],[83.22482514100005,27.421135269000047],[83.22053701600004,27.418218582000065],[83.21903845300005,27.41767545700003],[83.22181732900003,27.415484207000077],[83.22817645400005,27.411485019000054],[83.23001620300005,27.410906269000066],[83.24218057800005,27.40625695600005],[83.25915595400005,27.394023395000033],[83.26085576600008,27.395835331000058],[83.26500164100008,27.401997019000078],[83.26736089100007,27.401174582000067],[83.26986270300006,27.395817332000036],[83.27083957900004,27.394572332000052],[83.27303470400005,27.393685769000058],[83.27563114100008,27.39459958200007],[83.27528107900008,27.39657664500004],[83.27400320300006,27.399162707000073],[83.27427632900003,27.40032164400003],[83.27617976600004,27.40163351900003],[83.27939301600009,27.402442207000036],[83.28443307900005,27.401148082000077],[83.28624295400004,27.401396582000075],[83.28889082900008,27.403361957000072],[83.29071589100005,27.406239207000056],[83.29108764100005,27.409894269000063],[83.29004720300009,27.413991207000038],[83.28841557800007,27.42233851900005],[83.28850682900008,27.425507082000024],[83.29109051600005,27.42830920700004],[83.29428951600005,27.429318269000078],[83.29776570400008,27.429085332000056],[83.30070470400005,27.42842545600007],[83.29954182900008,27.43351695700005],[83.30176151600006,27.436357645000044],[83.30209176600005,27.438988082000037],[83.30143964200005,27.439831019000053],[83.29787526600006,27.439896582000074],[83.29655845400003,27.441250582000066],[83.29767845400005,27.442614582000033],[83.30001082800004,27.44325145700003],[83.29607014100003,27.445763269000054],[83.29593214100004,27.449226207000038],[83.29854014100005,27.45103770600008],[83.29982139100008,27.450622207000038],[83.30131864100008,27.451809895000054],[83.30353695400004,27.451356144000044],[83.30414070300003,27.45495595700004],[83.30673864100004,27.455442769000058],[83.31054039100007,27.457296082000028],[83.30908070400005,27.45990183200007],[83.31119551600005,27.46488326900004],[83.31191020400007,27.467982644000074],[83.31686251600007,27.467339082000024],[83.31715976600003,27.469292394000036],[83.31897870400007,27.47387733200003],[83.32144564100008,27.478896457000076],[83.32169482900008,27.480962331000057],[83.31807814100006,27.482165395000038],[83.31425226600004,27.48447070700007],[83.31184776600008,27.48678976900004],[83.31184701600006,27.48838733100007],[83.31406057800007,27.490194332000044],[83.31312657800004,27.492987707000054],[83.31388970400008,27.494340832000034],[83.31369289100007,27.49618789400006],[83.31763576600008,27.49632239400006],[83.31926445300007,27.497099769000044],[83.31881389100005,27.499785019000058],[83.32140945300006,27.49775333200006],[83.32323626600004,27.500013582000065],[83.32507339100005,27.501422082000033],[83.32548764100005,27.503152519000025],[83.32835151600005,27.502658707000023],[83.32899795400004,27.504261582000026],[83.33176170400003,27.50656520700005],[83.33053007800004,27.508405019000065],[83.32781414100003,27.509680332000073],[83.32824389100006,27.511480832000075],[83.32582582800006,27.510988519000023],[83.32490339100008,27.51372333200004],[83.32283739100006,27.51359370700004],[83.32013145300004,27.51454627000004],[83.31895745300005,27.516239582000026],[83.32031382900004,27.51806720700006],[83.32351151600005,27.517848082000057],[83.32503364100006,27.518403832000047],[83.32572826600006,27.52029126900004],[83.32332995300004,27.522797832000037],[83.32145057900004,27.52384008200005],[83.31937982800008,27.52352995700005],[83.31588214100003,27.52394601900005],[83.31083664100004,27.523997832000077],[83.31112851700004,27.52498758200005],[83.30947851600007,27.526513770000065],[83.31091301600009,27.52965958200008],[83.30983901600007,27.530545519000043],[83.31070682900008,27.53192401900003],[83.31112589100007,27.535105394000027],[83.31240489100009,27.53606164400003]],[[83.27102745400003,27.505869894000057],[83.28631295300005,27.505788894000034],[83.28675914100006,27.504881832000024],[83.28651239100003,27.493501457000036],[83.28632726600006,27.478165770000032],[83.28591557900006,27.463086144000044],[83.28521657800007,27.462134895000077],[83.26995157800008,27.462175270000046],[83.26958889100007,27.462570519000053],[83.26983926600008,27.48147620700007],[83.27025695300006,27.50494070700006],[83.27102745400003,27.505869894000057]]]}},{"type":"Feature","properties":{"STATE_CODE":5,"DISTRICT":"RUPANDEHI","GaPa_NaPa":"Marchawari","Type_GN":"Gaunpalika","Province":"5","provinceId":"5","provinceCode":"5","provinceName":"Lumbini","districtId":"508","districtName":"Rupandehi","municipalityId":"50816","municipalityCode":"50816","municipalityName":"Marchawari Rural Municipality","municipalityNameNe":"मर्चवारी गाउँपालिका","municipalityType":"rural_municipality"},"geometry":{"type":"Polygon","coordinates":[[[83.29475726600003,27.335911957000064],[83.29638864100008,27.33471301900005],[83.29674951700008,27.333187144000078],[83.30191607800003,27.334352581000076],[83.30361851600009,27.333634519000043],[83.30679089100005,27.331206520000023],[83.30960532800003,27.333334769000032],[83.31423132900005,27.331775769000046],[83.31823889100008,27.33102589400005],[83.31752526600008,27.332653894000032],[83.31860345400008,27.334520707000024],[83.32065132900004,27.335731145000068],[83.32024114100005,27.33721620700004],[83.32372420400003,27.336310207000054],[83.32654570300008,27.33662620700005],[83.32736001600006,27.334953519000067],[83.32903632900008,27.33388301900004],[83.33135464100008,27.33410170700006],[83.33377307900008,27.33251564400007],[83.33701976600008,27.33350139500004],[83.33959382800003,27.33261101900007],[83.34244070300008,27.33429645600006],[83.34455814100005,27.33445308100005],[83.34674351700005,27.338281332000065],[83.34879707900006,27.338252519000037],[83.35099432900006,27.33958283100003],[83.35323539100006,27.339423957000065],[83.35477632800007,27.340435269000068],[83.35318389100007,27.342422644000067],[83.35758051700003,27.34439026900003],[83.36150564100006,27.343999832000065],[83.36128451600007,27.34796577000003],[83.35982764100004,27.349895144000072],[83.36567639100008,27.354114394000078],[83.36661320300004,27.355583144000036],[83.36811951600004,27.355068706000054],[83.37066976600005,27.355978269000047],[83.37173364100005,27.35796651900006],[83.37392514100003,27.357685269000058],[83.37520001600006,27.356752331000052],[83.37617576600007,27.35847158100006],[83.37569239100003,27.36173683100003],[83.37441939100006,27.36355889400005],[83.37484964100008,27.36682595700006],[83.37682489100007,27.369770519000042],[83.38284789100004,27.37005226900004],[83.38535001600007,27.371060707000026],[83.38744632800007,27.37261783200006],[83.39027201600004,27.37612101900004],[83.38849514200007,27.38034414400005],[83.39009782900007,27.383223645000044],[83.38753632800007,27.385301956000035],[83.38689620400004,27.386492832000044],[83.38666239100007,27.389350769000032],[83.38760589100008,27.390862269000024],[83.39112295400008,27.39198108200003],[83.39466589100005,27.395509832000073],[83.39806939200008,27.39557420700004],[83.39955807900003,27.397821332000035],[83.40195926600006,27.398472457000025],[83.40231120400006,27.39937208200007],[83.40552782900005,27.401908582000033],[83.40629170400007,27.403990020000037],[83.40758482800004,27.40531333200005],[83.40863376600004,27.409050019000063],[83.40809226700009,27.41073558200003],[83.40913189100007,27.41227214500003],[83.41164145400006,27.412461020000023],[83.41142689100008,27.414775270000064],[83.40938582900003,27.41491789500003],[83.40761245400006,27.418622207000055],[83.40379439200007,27.419454331000054],[83.40224926600007,27.421219020000024],[83.39784126600006,27.422332895000068],[83.39727714100007,27.420509457000037],[83.39527014100008,27.417213082000046],[83.39594651600004,27.415365707000035],[83.38999026600004,27.412440145000062],[83.38547739100005,27.414094644000045],[83.37863789100004,27.41531445700008],[83.37682395400003,27.413846394000075],[83.37579051600005,27.411402519000035],[83.37451270400004,27.411561520000078],[83.37367114100005,27.41540733200003],[83.37000932900008,27.416185082000027],[83.36707351600006,27.416232707000063],[83.36590901600005,27.414650144000063],[83.36249907800004,27.413621457000033],[83.36049107900004,27.411642332000042],[83.35735945300007,27.41055389400003],[83.35376282800007,27.408499644000074],[83.35331939100007,27.40536108200007],[83.35343626600007,27.402762207000023],[83.36148682900006,27.402485582000054],[83.36174176600008,27.395466894000037],[83.35977457800004,27.392822331000048],[83.35707295300006,27.391076895000026],[83.34931889100005,27.391415519000077],[83.34825182900005,27.389555707000056],[83.35002732900006,27.389376707000054],[83.34780895300008,27.38183876900007],[83.34603270300005,27.381042957000034],[83.34494457900007,27.381669644000056],[83.33816782900004,27.382707270000026],[83.33399676600004,27.382978456000046],[83.32997632900003,27.381844519000026],[83.32989245300007,27.377888519000066],[83.32706720400006,27.37790883200006],[83.32601420300006,27.376479894000056],[83.32334745300005,27.376900207000062],[83.32102895300005,27.375841957000034],[83.32002214100004,27.374474144000033],[83.31835232900005,27.375438519000056],[83.31590820400004,27.37268720700007],[83.31384126600005,27.373247957000046],[83.30993426600008,27.373323457000026],[83.30893326600005,27.37201427000008],[83.30951476600006,27.36954408200006],[83.31048851600008,27.36831689400003],[83.30720382800007,27.367228769000064],[83.30565976600008,27.36733389500006],[83.30386270400004,27.366223769000044],[83.30435801600004,27.36274227000007],[83.30621882900004,27.362090394000063],[83.30307495300008,27.35943464500008],[83.30315845400008,27.35699120700008],[83.30248432900004,27.353657395000027],[83.30536376600008,27.351886832000048],[83.30565545300004,27.34934301900006],[83.30708564100007,27.347488457000054],[83.30672626700004,27.34437052000004],[83.30802182900004,27.340996706000055],[83.30354726600007,27.336393831000066],[83.30035764100006,27.33484351900006],[83.29766526600008,27.336770581000053],[83.29475726600003,27.335911957000064]]]}},{"type":"Feature","properties":{"STATE_CODE":5,"DISTRICT":"RUPANDEHI","GaPa_NaPa":"Mayadevi","Type_GN":"Gaunpalika","Province":"5","provinceId":"5","provinceCode":"5","provinceName":"Lumbini","districtId":"508","districtName":"Rupandehi","municipalityId":"50812","municipalityCode":"50812","municipalityName":"Mayadevi Rural Municipality","municipalityNameNe":"मायादेवी गाउँपालिका","municipalityType":"rural_municipality"},"geometry":{"type":"Polygon","coordinates":[[[83.44344776600008,27.53503689400003],[83.44428732800003,27.534083520000024],[83.44312601600006,27.532081894000044],[83.44034264100003,27.531869895000057],[83.43592970400005,27.53222445700004],[83.43404282900008,27.53273570700003],[83.42900357800005,27.53291589400004],[83.42853989100007,27.532203207000066],[83.42591639200003,27.532894269000053],[83.42051489100004,27.531790957000055],[83.41904714100008,27.528943957000024],[83.41697982900007,27.529163207000067],[83.41413882900008,27.530897707000065],[83.41213845400006,27.53025745700006],[83.40990845400006,27.52780658200004],[83.40712270400007,27.522995270000024],[83.40213895400007,27.523226644000033],[83.39637626700005,27.522813644000053],[83.39210320400008,27.521596894000027],[83.39247670400005,27.523751144000073],[83.39194645400005,27.525587832000042],[83.38962651600008,27.525898082000026],[83.38857776700007,27.524623082000062],[83.38766695400005,27.520498832000044],[83.38643907900007,27.519922519000033],[83.38507820300003,27.516477706000046],[83.38338689100004,27.515513457000054],[83.37896195300004,27.516118832000075],[83.38053176600005,27.519167519000064],[83.38025770400003,27.520766082000023],[83.38103032900005,27.523468269000034],[83.38010470300009,27.527340707000064],[83.38191882900009,27.52899820700003],[83.38518057900006,27.530262769000046],[83.38605057900008,27.53580839400007],[83.38732370300005,27.537384520000046],[83.38819607900007,27.540933207000023],[83.38907595400008,27.542503082000053],[83.38846001600007,27.544066332000057],[83.38291232900008,27.54463977000006],[83.37708201600003,27.54431139500008],[83.37314901600007,27.54677808200006],[83.37313826600007,27.548853894000047],[83.37475970400004,27.549486332000072],[83.37384264100007,27.55472158200007],[83.37028470300004,27.556294019000063],[83.36981782800007,27.55425658200005],[83.36838964100008,27.55335658200005],[83.36822614100004,27.550903082000048],[83.36679120400004,27.549813457000027],[83.36608107800004,27.54671439400005],[83.36605076600006,27.54394789400004],[83.35981514100007,27.544724832000043],[83.35803095400007,27.54292952000003],[83.35588364100005,27.542865456000072],[83.35563907900007,27.54594439400006],[83.35210782800004,27.546638769000026],[83.35166826600005,27.54901483200007],[83.34980245300005,27.55082939500005],[83.34602326600003,27.550398769000026],[83.34589314100003,27.552652270000067],[83.34680207800005,27.553602020000028],[83.34667945400008,27.55785251900005],[83.34620139100008,27.55927408200006],[83.34368182900005,27.56011739400003],[83.34295039100004,27.56134595700007],[83.34432351600003,27.564141394000046],[83.34264545400003,27.566204894000066],[83.33847864200004,27.565569082000025],[83.33672020300008,27.567336457000067],[83.33673451600004,27.568487332000075],[83.33511007900006,27.570812707000073],[83.33273270400008,27.57012439400006],[83.33058714100008,27.56426314400005],[83.32933314100006,27.56244295700003],[83.33103145300004,27.561661394000055],[83.33039670300008,27.55970651900003],[83.33211464200008,27.55771333200005],[83.33028232800007,27.557275832000073],[83.32783239200006,27.55842602000007],[83.32605264100005,27.557354645000032],[83.32799645300008,27.555592769000043],[83.32753189100004,27.55044814400003],[83.32833601600004,27.54904858200007],[83.32528989100007,27.54840427000005],[83.32441757900006,27.55090464400007],[83.32223932800008,27.552408082000056],[83.31990051700006,27.55278026900004],[83.31847726600006,27.55463933200008],[83.31484057800003,27.555214894000073],[83.31342332900005,27.55420826900007],[83.31238276600004,27.55232808200003],[83.31389764100004,27.550191957000038],[83.31374032800005,27.54725108200006],[83.31278064100007,27.54641595700008],[83.31340514100003,27.54404983200004],[83.31089401700007,27.539908144000037],[83.31247626600003,27.537970957000027],[83.31240489100009,27.53606164400003],[83.31112589100007,27.535105394000027],[83.31070682900008,27.53192401900003],[83.30983901600007,27.530545519000043],[83.31091301600009,27.52965958200008],[83.30947851600007,27.526513770000065],[83.31112851700004,27.52498758200005],[83.31083664100004,27.523997832000077],[83.31588214100003,27.52394601900005],[83.31937982800008,27.52352995700005],[83.32145057900004,27.52384008200005],[83.32332995300004,27.522797832000037],[83.32572826600006,27.52029126900004],[83.32503364100006,27.518403832000047],[83.32351151600005,27.517848082000057],[83.32031382900004,27.51806720700006],[83.31895745300005,27.516239582000026],[83.32013145300004,27.51454627000004],[83.32283739100006,27.51359370700004],[83.32490339100008,27.51372333200004],[83.32582582800006,27.510988519000023],[83.32824389100006,27.511480832000075],[83.32781414100003,27.509680332000073],[83.33053007800004,27.508405019000065],[83.33176170400003,27.50656520700005],[83.32899795400004,27.504261582000026],[83.32835151600005,27.502658707000023],[83.32548764100005,27.503152519000025],[83.32507339100005,27.501422082000033],[83.32323626600004,27.500013582000065],[83.32140945300006,27.49775333200006],[83.31881389100005,27.499785019000058],[83.31926445300007,27.497099769000044],[83.31763576600008,27.49632239400006],[83.31369289100007,27.49618789400006],[83.31388970400008,27.494340832000034],[83.31312657800004,27.492987707000054],[83.31406057800007,27.490194332000044],[83.31184701600006,27.48838733100007],[83.31184776600008,27.48678976900004],[83.31425226600004,27.48447070700007],[83.31807814100006,27.482165395000038],[83.32169482900008,27.480962331000057],[83.32211626600008,27.48399026900006],[83.32339514100005,27.485460894000028],[83.32716739100005,27.488062832000026],[83.33692601600006,27.489445457000045],[83.33952451600004,27.48930889500008],[83.34288845400005,27.488372582000068],[83.34460132900006,27.488985394000053],[83.34544682900008,27.48742114500004],[83.34476607900007,27.483268332000023],[83.34741557900009,27.48288589400005],[83.34738414100008,27.48059545700005],[83.34998195400004,27.480862582000043],[83.35292739100004,27.480585207000047],[83.35508070400004,27.48094045700003],[83.35836307900007,27.478286269000023],[83.35577195400003,27.47535670700006],[83.35465651700008,27.475040144000047],[83.35152770400003,27.475767956000027],[83.35081907800009,27.471800082000073],[83.34932714100006,27.471468207000044],[83.34749670400004,27.472761582000032],[83.34561701700005,27.472917519000077],[83.34320945300004,27.470627144000048],[83.34184907800005,27.470131081000034],[83.33952120400005,27.47220727000007],[83.33767176600008,27.47074308200007],[83.33765564100008,27.469307895000043],[83.33591389100008,27.46687389400006],[83.33714439100004,27.465541707000057],[83.33819176600008,27.462890832000028],[83.33671764100006,27.460124206000046],[83.33693339200005,27.458681082000055],[83.34044220300007,27.457847082000058],[83.34278164100004,27.458934456000065],[83.34650339100006,27.45823214400008],[83.34780901600004,27.45871214400006],[83.34608801600007,27.461321519000023],[83.34636032800006,27.46292264500005],[83.34792689100004,27.463236895000023],[83.34931032900005,27.464856707000024],[83.35022207800006,27.467162520000045],[83.35408314100005,27.466302770000027],[83.35698689100008,27.465244331000065],[83.35778701600003,27.46637395700003],[83.36092339100009,27.466580269000076],[83.36300132900004,27.46537352000007],[83.36540995400009,27.467866645000072],[83.36962001600006,27.470674770000073],[83.37480357900006,27.46998958200004],[83.37820882900007,27.47854551900008],[83.37977164100005,27.480271894000055],[83.38387932900008,27.483674832000077],[83.38717482900006,27.481290769000054],[83.38920620300007,27.481010894000065],[83.39084689100008,27.479472332000057],[83.40865920400006,27.478766207000035],[83.40587589100005,27.480342894000046],[83.40690445300004,27.481741770000042],[83.40512039100008,27.48297745700006],[83.40440582900004,27.484581019000075],[83.40189882900006,27.48596026900003],[83.40166614100008,27.487696707000055],[83.39846589200005,27.48974533200004],[83.39568795400004,27.49199426900003],[83.39375501600006,27.492635706000044],[83.39460589100008,27.49511245700006],[83.39748795400004,27.496478894000063],[83.39866257900007,27.500926957000047],[83.40136482800006,27.504923457000075],[83.40490314200008,27.503963895000027],[83.40672020400007,27.503962582000042],[83.40869670400008,27.50649370700006],[83.40847532900005,27.508503270000062],[83.40934876600005,27.512408395000023],[83.41395051600006,27.516647457000033],[83.41788701600007,27.51600508200005],[83.42003589200004,27.516826394000077],[83.42331739100007,27.51966283200005],[83.42142601600005,27.521485020000057],[83.42390889100005,27.523214706000033],[83.42616770400008,27.522511020000024],[83.42778532800008,27.520028770000067],[83.42898195400005,27.51707101900007],[83.43309832900007,27.512432770000032],[83.43409801600006,27.511825332000058],[83.43838670400004,27.512411332000056],[83.44249176600005,27.513738832000058],[83.44430364100003,27.51932858200007],[83.44729714100004,27.519782769000074],[83.44689026600008,27.521999269000048],[83.44967051600008,27.523871894000024],[83.45172139100004,27.52623570700007],[83.45347276600006,27.525886082000056],[83.45441389100006,27.527782957000056],[83.45706520300007,27.52742776900004],[83.45708807900007,27.529731707000053],[83.45830645400008,27.533951519000027],[83.45381257800005,27.53459970700004],[83.44344776600008,27.53503689400003]]]}},{"type":"Feature","properties":{"STATE_CODE":5,"DISTRICT":"RUPANDEHI","GaPa_NaPa":"Omsatiya","Type_GN":"Gaunpalika","Province":"5","provinceId":"5","provinceCode":"5","provinceName":"Lumbini","districtId":"508","districtName":"Rupandehi","municipalityId":"50809","municipalityCode":"50809","municipalityName":"Om Satiya Rural Municipality","municipalityNameNe":"ओमसतिया गाउँपालिका","municipalityType":"rural_municipality"},"geometry":{"type":"Polygon","coordinates":[[[83.52913564200009,27.55151201900003],[83.52476707900007,27.55090602000007],[83.51862632900009,27.55358133200008],[83.51721995400004,27.55283858200005],[83.51321264100005,27.55335939400004],[83.51284420300004,27.554308082000034],[83.50807464100006,27.552641832000063],[83.50455332900003,27.552112581000074],[83.50370076700005,27.551263332000076],[83.50203907900004,27.552787269000078],[83.50208264200006,27.555619269000033],[83.50093764100006,27.55702770700003],[83.49683776600006,27.558669207000037],[83.49204195300007,27.554560770000023],[83.48663182900003,27.554324270000052],[83.48755226700007,27.555805645000078],[83.48608751600005,27.556833707000067],[83.47993289100003,27.556411395000055],[83.47831220400008,27.55752908200003],[83.47211257900005,27.559101019000025],[83.47212089100003,27.56265264500007],[83.46869951600007,27.563964145000057],[83.46614339100006,27.564101019000077],[83.46656370400007,27.56671108200004],[83.46475432900007,27.567205082000044],[83.46434539100005,27.565247145000058],[83.46383120400003,27.563218895000034],[83.46167882900005,27.562957832000052],[83.46095320400008,27.561449957000036],[83.45849864100006,27.562760457000024],[83.45824182800004,27.56079408200003],[83.45603007900007,27.56015814400007],[83.45563507900005,27.55856127000004],[83.45789151600007,27.55434377000006],[83.46144314200006,27.552949520000027],[83.46224189200007,27.551605519000077],[83.45856789100003,27.548716582000054],[83.45746801600006,27.543971457000055],[83.45501695300004,27.542921644000046],[83.45313207900006,27.543900332000078],[83.44898976600007,27.544982832000073],[83.44752595400007,27.542865019000033],[83.44593964200004,27.542605957000035],[83.44311257800007,27.53958227000004],[83.44188964100005,27.53730964400006],[83.44344776600008,27.53503689400003],[83.45381257800005,27.53459970700004],[83.45830645400008,27.533951519000027],[83.45708807900007,27.529731707000053],[83.45706520300007,27.52742776900004],[83.46069776700006,27.52640845700006],[83.47025045400005,27.524840832000052],[83.47236476700004,27.525546145000078],[83.47586951600005,27.528398019000065],[83.47530814100008,27.529882894000025],[83.47791870400005,27.531099957000038],[83.48161964200006,27.533776395000075],[83.48271757800006,27.53696439400005],[83.48487514200008,27.537346957000068],[83.48547432800007,27.538664707000066],[83.48913570300004,27.538624020000043],[83.49213870400007,27.537922019000064],[83.49468764100004,27.536667644000033],[83.49528332900007,27.53289926900004],[83.49504870300007,27.531280519000063],[83.49084870400003,27.52733445700005],[83.48935526700006,27.524115770000037],[83.48743564100005,27.524063582000053],[83.48748282900004,27.520778332000077],[83.48512007900007,27.51873426900005],[83.48144032800008,27.51825351900004],[83.48157314200006,27.51643751900008],[83.47916795300006,27.514113519000034],[83.47679789100005,27.51268520700006],[83.47667851600005,27.51009883200004],[83.47467882900008,27.50990170700004],[83.47445457800006,27.51141726900005],[83.47067895400005,27.510405582000033],[83.46869945400005,27.50712845700008],[83.46871639100004,27.504461332000062],[83.46745707900004,27.502877020000028],[83.46729820300004,27.500062582000055],[83.46928082900007,27.500289019000036],[83.46949695300003,27.497767082000053],[83.47227895400005,27.49883595700004],[83.47756807900004,27.498244457000055],[83.47823982900007,27.496060457000056],[83.48232532800006,27.49538745700005],[83.48258045300008,27.500968644000068],[83.48557507900006,27.501871082000036],[83.48697951700007,27.499346769000056],[83.48959376600004,27.499864082000045],[83.48992557800005,27.502606895000042],[83.49427076600006,27.50136139400007],[83.49812620300008,27.501073019000046],[83.50088676600006,27.50312051900005],[83.50359764100006,27.502356269000074],[83.50380457900008,27.499256582000044],[83.50691576600008,27.49987239400008],[83.50785164100006,27.501597395000033],[83.51091482900006,27.504144456000063],[83.50982526600006,27.504871707000063],[83.50638176700005,27.503981770000053],[83.50478426700005,27.504968957000074],[83.50544907900007,27.507189457000038],[83.50540020400007,27.509558582000068],[83.50663114100007,27.510273707000067],[83.51183845400004,27.510256020000043],[83.51236220400006,27.511135582000065],[83.51514339200008,27.51112051900003],[83.51536970400008,27.51275045700004],[83.52108732900007,27.512535582000055],[83.52296320300007,27.516244894000067],[83.52429007800004,27.51763945700003],[83.52680470400009,27.517697707000025],[83.52948364200006,27.521743582000056],[83.53602289200006,27.521557957000027],[83.53680495400005,27.521874207000053],[83.53686201600004,27.52532908200004],[83.54428501600006,27.525407769000026],[83.54505820400004,27.524205332000065],[83.55213432900007,27.522048519000066],[83.55431420400004,27.523231207000038],[83.55491839100006,27.525462520000076],[83.55362164200005,27.525659207000047],[83.55216801600005,27.528542832000028],[83.55316239100006,27.53288520700005],[83.55533689200007,27.531461582000077],[83.56034189100006,27.52966101900006],[83.56398082900006,27.52881276900007],[83.57178107800007,27.52926345700007],[83.57439289200005,27.528820207000024],[83.57804201600004,27.526753082000027],[83.58108614100007,27.52818164400003],[83.58313676600005,27.53120020700004],[83.58319670400004,27.532430144000045],[83.58708270400007,27.532759894000037],[83.59005770400006,27.532493457000044],[83.59167995400009,27.533784394000065],[83.59330851600004,27.53329277000006],[83.59356614100005,27.53517089500008],[83.59183426700008,27.538187270000037],[83.59266776600003,27.53981664500003],[83.59189432900007,27.541023832000064],[83.59274514100008,27.543296332000068],[83.59484795400004,27.54372895700004],[83.59804964100005,27.545859332000077],[83.59846189100006,27.547893644000055],[83.59521557900007,27.548064707000037],[83.59256595400007,27.550166770000033],[83.59233432900004,27.55145008200003],[83.58767851700009,27.54970108200007],[83.58310101600006,27.55224627000007],[83.57910957900003,27.552992394000057],[83.57472045400004,27.554522457000076],[83.57250289200005,27.554750332000026],[83.56797870300005,27.555900707000035],[83.56130332900005,27.55853114400003],[83.55748282900004,27.558227957000042],[83.55850470400009,27.55414245700007],[83.56067970400005,27.551234020000038],[83.55894164100005,27.549497770000073],[83.55935439100006,27.54828964400008],[83.55820539100006,27.546455957000035],[83.55996789200003,27.543155832000025],[83.55949764100006,27.541489082000055],[83.55958307900005,27.536416770000073],[83.55531870400006,27.53677108200003],[83.55375564100007,27.538769769000055],[83.54947082900009,27.538440019000063],[83.54807845300007,27.53730051900004],[83.54578382900007,27.536801019000052],[83.54064732900008,27.539126457000066],[83.53914995400004,27.539353894000044],[83.53588139100003,27.541166270000076],[83.53501270400005,27.540050832000077],[83.53214332800007,27.54397883200005],[83.53215407900007,27.546675332000063],[83.52932039100006,27.549669144000063],[83.52913564200009,27.55151201900003]]]}},{"type":"Feature","properties":{"STATE_CODE":5,"DISTRICT":"RUPANDEHI","GaPa_NaPa":"Rohini","Type_GN":"Gaunpalika","Province":"5","provinceId":"5","provinceCode":"5","provinceName":"Lumbini","districtId":"508","districtName":"Rupandehi","municipalityId":"50810","municipalityCode":"50810","municipalityName":"Rohini Rural Municipality","municipalityNameNe":"रोहिणी गाउँपालिका","municipalityType":"rural_municipality"},"geometry":{"type":"Polygon","coordinates":[[[83.59005770400006,27.532493457000044],[83.58708270400007,27.532759894000037],[83.58319670400004,27.532430144000045],[83.58313676600005,27.53120020700004],[83.58108614100007,27.52818164400003],[83.57804201600004,27.526753082000027],[83.57439289200005,27.528820207000024],[83.57178107800007,27.52926345700007],[83.56398082900006,27.52881276900007],[83.56034189100006,27.52966101900006],[83.55533689200007,27.531461582000077],[83.55316239100006,27.53288520700005],[83.55216801600005,27.528542832000028],[83.55362164200005,27.525659207000047],[83.55491839100006,27.525462520000076],[83.55431420400004,27.523231207000038],[83.55213432900007,27.522048519000066],[83.54505820400004,27.524205332000065],[83.54428501600006,27.525407769000026],[83.53686201600004,27.52532908200004],[83.53680495400005,27.521874207000053],[83.53602289200006,27.521557957000027],[83.52948364200006,27.521743582000056],[83.52680470400009,27.517697707000025],[83.52429007800004,27.51763945700003],[83.52296320300007,27.516244894000067],[83.52108732900007,27.512535582000055],[83.51536970400008,27.51275045700004],[83.51514339200008,27.51112051900003],[83.51236220400006,27.511135582000065],[83.51183845400004,27.510256020000043],[83.50663114100007,27.510273707000067],[83.50540020400007,27.509558582000068],[83.50544907900007,27.507189457000038],[83.50478426700005,27.504968957000074],[83.50638176700005,27.503981770000053],[83.50982526600006,27.504871707000063],[83.51091482900006,27.504144456000063],[83.50785164100006,27.501597395000033],[83.50691576600008,27.49987239400008],[83.50380457900008,27.499256582000044],[83.50359764100006,27.502356269000074],[83.50088676600006,27.50312051900005],[83.49812620300008,27.501073019000046],[83.49427076600006,27.50136139400007],[83.48992557800005,27.502606895000042],[83.48959376600004,27.499864082000045],[83.48697951700007,27.499346769000056],[83.48557507900006,27.501871082000036],[83.48258045300008,27.500968644000068],[83.48232532800006,27.49538745700005],[83.47823982900007,27.496060457000056],[83.47756807900004,27.498244457000055],[83.47227895400005,27.49883595700004],[83.47125845400006,27.497121707000076],[83.47208026600003,27.494996894000053],[83.46817214100008,27.494232957000065],[83.46633520300009,27.49536770700007],[83.46614332900003,27.49205895700004],[83.46838614100005,27.48807133200006],[83.47551707900004,27.487963019000063],[83.47559726600008,27.485196832000042],[83.47717014100004,27.484462644000075],[83.47706289200005,27.481989145000057],[83.47863614100004,27.480286832000047],[83.48225782900005,27.479233082000064],[83.48212707800008,27.47534920700008],[83.50963514100005,27.474106207000034],[83.51947632900004,27.47386745700004],[83.58225351700008,27.470831832000044],[83.61302157900008,27.469490144000076],[83.61670332800009,27.46937845700006],[83.61618932800008,27.472346707000042],[83.61447332900008,27.47525501900003],[83.61485939200008,27.478640832000053],[83.61311464200008,27.481587520000062],[83.61373389200008,27.483421519000046],[83.61228676600007,27.485807144000034],[83.61286082900006,27.48960870700006],[83.61073389200004,27.489733645000058],[83.60848176600007,27.491356519000078],[83.60758457800006,27.493718769000054],[83.60514370400006,27.493957832000035],[83.60651314200004,27.49561126900005],[83.60466626600004,27.49682451900003],[83.60274407900005,27.496724269000026],[83.60145389100006,27.49775402000006],[83.59951126700008,27.49725876900004],[83.59741076700004,27.50154683200003],[83.59841070400006,27.50398676900005],[83.59741239200008,27.506572082000048],[83.59624826600003,27.507108020000032],[83.59687039100004,27.509470081000075],[83.59890795400008,27.512102519000052],[83.59936701700008,27.51552245700003],[83.59930832900005,27.518351895000023],[83.59591526600008,27.52124845700007],[83.59398789100004,27.520283832000075],[83.59183657800008,27.523763832000043],[83.59262182900005,27.52790901900005],[83.59095964100004,27.53031633200004],[83.58951639200006,27.529671207000035],[83.58869901700007,27.53190270700003],[83.59005770400006,27.532493457000044]]]}},{"type":"Feature","properties":{"STATE_CODE":5,"DISTRICT":"RUPANDEHI","GaPa_NaPa":"Sainamaina","Type_GN":"Nagarpalika","Province":"5","provinceId":"5","provinceCode":"5","provinceName":"Lumbini","districtId":"508","districtName":"Rupandehi","municipalityId":"50803","municipalityCode":"50803","municipalityName":"Sainamaina Urban Municipality","municipalityNameNe":"सैनामैना नगरपालिका","municipalityType":"municipality"},"geometry":{"type":"Polygon","coordinates":[[[83.34218033000008,27.757831082000052],[83.33824333000007,27.761663957000053],[83.33669426700004,27.765147021000075],[83.33293251600008,27.765792333000036],[83.33106695400005,27.767218332000027],[83.32971732900006,27.767236644000036],[83.32634839200006,27.764124520000053],[83.32566051600008,27.762654583000028],[83.32126995400006,27.764643458000023],[83.31919189100006,27.763150832000065],[83.31668514200004,27.76319264400007],[83.31550801600008,27.762351958000067],[83.31232414200008,27.763638083000046],[83.30955007900008,27.76543833200003],[83.30750145300004,27.76572595700003],[83.30399464200008,27.767700707000074],[83.30208639200004,27.76640045700003],[83.30066045300003,27.76348027000006],[83.29852057900007,27.76054295800003],[83.29617164200005,27.76011595700004],[83.29351782900005,27.758689896000078],[83.28538151700008,27.756084833000045],[83.28146032800004,27.75678433300004],[83.27485539100007,27.75707477000003],[83.26974545500008,27.756682332000025],[83.26673239200005,27.755982707000044],[83.26179945300004,27.756994457000076],[83.26197464200004,27.75998045800003],[83.25885370400005,27.76560233200007],[83.25783164100005,27.766930332000072],[83.25669620300005,27.76599239500007],[83.25531307900008,27.762726894000025],[83.25341039100005,27.760622644000023],[83.24942957900004,27.758592957000076],[83.25089070400008,27.756405519000054],[83.25078576600004,27.754732895000075],[83.24807657900004,27.751044957000033],[83.24641826600003,27.752128020000043],[83.24377770400008,27.752436269000043],[83.24236570400006,27.750634707000074],[83.23952182900007,27.750185895000072],[83.23782389100006,27.75208539500005],[83.23482389100008,27.756628895000063],[83.23196120300008,27.758079645000066],[83.22866339100005,27.762499457000047],[83.22543145400005,27.76264164500003],[83.22383351600007,27.76141652000007],[83.22160932800006,27.761681520000025],[83.21673257900005,27.759318644000075],[83.21432795400005,27.759140270000046],[83.21389676600006,27.756358082000077],[83.21280220300008,27.75346601900003],[83.21423739100004,27.74945570700004],[83.21570126600005,27.74873070700005],[83.21546845300008,27.74719733300003],[83.21723289100004,27.74508645700007],[83.21682826600005,27.742841269000053],[83.21821157900007,27.741217832000075],[83.21955814100005,27.737987520000047],[83.21985239000009,27.736105144000078],[83.21885582800007,27.73352052000007],[83.22016045400005,27.73166420700005],[83.21903295300007,27.729839207000055],[83.21766620400007,27.72951564400006],[83.21746607800003,27.726912957000025],[83.21894370400008,27.72573220700008],[83.21912851600007,27.723903332000077],[83.22081264100007,27.722992270000077],[83.22159695400006,27.719844582000064],[83.22390620300007,27.71747933200004],[83.22458420300006,27.71429045700006],[83.22440507900006,27.712414395000053],[83.22312214100003,27.71004933300003],[83.22451751600005,27.707317957000043],[83.22472207900006,27.705547895000052],[83.22370001600007,27.703802520000067],[83.22711632900007,27.703205645000025],[83.22638632800005,27.699634269000057],[83.22902301600004,27.69920902000007],[83.22877332900003,27.69681358200006],[83.22772476600005,27.695239645000072],[83.23124207900008,27.69483727000005],[83.23093545400008,27.69360583200006],[83.24060451600008,27.691770645000076],[83.24653295400003,27.691238895000026],[83.24944739100005,27.690652269000054],[83.25346951600005,27.690486770000064],[83.25577457800006,27.691634082000064],[83.26098639100007,27.697237458000075],[83.26231439100007,27.696495457000026],[83.26075876600004,27.691606645000036],[83.26042026600004,27.68846626900006],[83.26078914100003,27.684463145000052],[83.26166007800003,27.68287033200005],[83.26126614100008,27.68058251900004],[83.26159182800006,27.678278270000078],[83.25852889100008,27.67501045700004],[83.25685451600003,27.675021832000027],[83.25529664100003,27.671513832000073],[83.25347014100004,27.671716082000046],[83.25437532800004,27.666474957000048],[83.25423970400004,27.664711957000065],[83.25515720300007,27.662780957000052],[83.25561414100008,27.65925445700003],[83.25802614100007,27.65854308200005],[83.25948457800007,27.656095957000048],[83.26155151600005,27.655572207000034],[83.26432426600007,27.658062207000057],[83.26321976600008,27.659186770000076],[83.26070876600005,27.65898164400005],[83.26129220300004,27.661110207000036],[83.26383357900005,27.66014676900005],[83.26612251600005,27.66105689400007],[83.26805639100007,27.66330320700007],[83.26795126600007,27.665484582000033],[83.26481939100006,27.667672457000037],[83.26428857900004,27.66944989500007],[83.26924851600006,27.669356582000034],[83.27319251600005,27.670045207000044],[83.27668770400004,27.675456207000025],[83.27771339100008,27.67846701900004],[83.27753626600008,27.680435894000027],[83.27943164100003,27.681499520000045],[83.28148020400005,27.681426645000045],[83.28421001600003,27.678861770000026],[83.28867570300008,27.67696458200004],[83.28956295400008,27.676163582000072],[83.29220857900003,27.670529457000043],[83.29532720400005,27.667327769000053],[83.29392639100007,27.662941019000073],[83.29516832800005,27.660783457000036],[83.29705989100006,27.660483957000054],[83.29997057800006,27.658966582000062],[83.30056439100008,27.65730439500004],[83.30367220300008,27.655307332000064],[83.30405170300008,27.653549270000042],[83.30589539100004,27.65127958200003],[83.30870601600003,27.648840894000045],[83.30867945300008,27.64692726900006],[83.31061051600005,27.646993395000038],[83.31424495400006,27.64869239500007],[83.32067107800003,27.650287707000075],[83.32264501600008,27.65035376900005],[83.32802045400007,27.65183083200003],[83.32901776600005,27.650610395000058],[83.32836207900004,27.64681876900005],[83.32859120300003,27.645039582000038],[83.33184395400008,27.646050332000073],[83.33230864100005,27.64702733200005],[83.33614332800005,27.647736207000037],[83.33713482900004,27.64709108200003],[83.33900070300007,27.650006270000063],[83.33860445400006,27.65138077000006],[83.34077801600006,27.653322582000044],[83.34700339100004,27.652781207000032],[83.35253189100007,27.659497332000058],[83.35598920400008,27.65905764400003],[83.35697126600007,27.659694019000028],[83.36133732900004,27.658243020000043],[83.36339664100007,27.658311207000054],[83.36512707900005,27.659314144000064],[83.36504626600004,27.661567957000045],[83.36806101600007,27.662082645000055],[83.36984470400006,27.662993332000042],[83.37109251600003,27.664930457000025],[83.37013726600009,27.666503332000048],[83.37143639100003,27.66907258200007],[83.37801989100006,27.67153458200005],[83.37934007900003,27.675507269000036],[83.38241595300008,27.67757658200003],[83.38756970400004,27.678835957000047],[83.38892601600008,27.680112395000037],[83.38776301600006,27.681512957000052],[83.38762195400005,27.68492845700007],[83.38631882900006,27.689115082000058],[83.38683489100003,27.690886395000064],[83.38508607800009,27.69433314500003],[83.38484520400004,27.69570170700007],[83.38307357900004,27.698505269000066],[83.38310195300005,27.70011420700007],[83.38159095400005,27.702810645000056],[83.38170145300006,27.704516957000067],[83.38477382800005,27.70492777000004],[83.38308920300005,27.70828908200008],[83.38310695300004,27.709593332000054],[83.38485576600004,27.712857082000028],[83.38775064100008,27.714049957000043],[83.38915514100006,27.713742582000066],[83.39057651700006,27.71596683200005],[83.39269745300004,27.717824145000066],[83.39441257800007,27.722046582000075],[83.39424357900003,27.72378327000007],[83.39232532800008,27.728287645000023],[83.39147482900006,27.731097582000075],[83.39240745400008,27.73200427000006],[83.39229701600004,27.735104082000078],[83.39335645400007,27.73606989500007],[83.39243089100006,27.738572645000033],[83.39276026600004,27.740171644000043],[83.39131182800008,27.742906770000047],[83.39007870400008,27.743810645000053],[83.38853457900007,27.747425332000034],[83.38707751800007,27.74679158200007],[83.38636651600007,27.743266208000023],[83.38565801700008,27.74269220700006],[83.37807020400004,27.743188582000073],[83.37786470400005,27.741134333000048],[83.37522045400004,27.73652395700003],[83.37517407800004,27.73481789400006],[83.37304851600004,27.734891770000047],[83.36885539100007,27.737016270000026],[83.36712707900006,27.74096833300007],[83.36494282900009,27.741784146000043],[83.36320957800007,27.74529833300005],[83.36058314100006,27.74890764400004],[83.36049220400008,27.750854521000065],[83.35928389300005,27.752162144000067],[83.35664614100006,27.75241614500004],[83.35504045500005,27.751427145000036],[83.34980907900007,27.749529895000023],[83.34812776600006,27.74975214500006],[83.34831895400004,27.751235458000053],[83.34694601800004,27.755565707000073],[83.34414832800007,27.757944208000026],[83.34218033000008,27.757831082000052]]]}},{"type":"Feature","properties":{"STATE_CODE":5,"DISTRICT":"RUPANDEHI","GaPa_NaPa":"Sammarimai","Type_GN":"Gaunpalika","Province":"5","provinceId":"5","provinceCode":"5","provinceName":"Lumbini","districtId":"508","districtName":"Rupandehi","municipalityId":"50815","municipalityCode":"50815","municipalityName":"Sammarimai Rural Municipality","municipalityNameNe":"सम्मरीमाई गाउँपालिका","municipalityType":"rural_municipality"},"geometry":{"type":"Polygon","coordinates":[[[83.35343626600007,27.402762207000023],[83.34517026600008,27.403540457000076],[83.34316270300008,27.40569045700005],[83.34083939100003,27.40899426900006],[83.34009407900004,27.411287832000028],[83.33860376600006,27.418138207000027],[83.33435582900006,27.415561394000065],[83.33429801600005,27.42219058200004],[83.33596782900008,27.423604332000025],[83.33766820300008,27.426401395000028],[83.33518539100004,27.428531020000037],[83.33391826600007,27.430966457000068],[83.32815576600007,27.430794332000062],[83.32561964100006,27.432591769000055],[83.32349582900008,27.432033145000048],[83.32044626600003,27.429279019000035],[83.31740164100006,27.42774551900004],[83.31228295400007,27.427359332000037],[83.30672614100007,27.42764995700003],[83.30070470400005,27.42842545600007],[83.29776570400008,27.429085332000056],[83.29428951600005,27.429318269000078],[83.29109051600005,27.42830920700004],[83.28850682900008,27.425507082000024],[83.28841557800007,27.42233851900005],[83.29004720300009,27.413991207000038],[83.29108764100005,27.409894269000063],[83.29071589100005,27.406239207000056],[83.28889082900008,27.403361957000072],[83.28624295400004,27.401396582000075],[83.28443307900005,27.401148082000077],[83.27939301600009,27.402442207000036],[83.27617976600004,27.40163351900003],[83.27427632900003,27.40032164400003],[83.27400320300006,27.399162707000073],[83.27528107900008,27.39657664500004],[83.27563114100008,27.39459958200007],[83.27303470400005,27.393685769000058],[83.27083957900004,27.394572332000052],[83.26986270300006,27.395817332000036],[83.26736089100007,27.401174582000067],[83.26500164100008,27.401997019000078],[83.26085576600008,27.395835331000058],[83.25915595400005,27.394023395000033],[83.27430001600004,27.383432206000066],[83.27429226600003,27.383116269000027],[83.26764420400008,27.36536383200007],[83.27481276600008,27.35246264500006],[83.29459826600004,27.33618420700003],[83.29475726600003,27.335911957000064],[83.29766526600008,27.336770581000053],[83.30035764100006,27.33484351900006],[83.30354726600007,27.336393831000066],[83.30802182900004,27.340996706000055],[83.30672626700004,27.34437052000004],[83.30708564100007,27.347488457000054],[83.30565545300004,27.34934301900006],[83.30536376600008,27.351886832000048],[83.30248432900004,27.353657395000027],[83.30315845400008,27.35699120700008],[83.30307495300008,27.35943464500008],[83.30621882900004,27.362090394000063],[83.30435801600004,27.36274227000007],[83.30386270400004,27.366223769000044],[83.30565976600008,27.36733389500006],[83.30720382800007,27.367228769000064],[83.31048851600008,27.36831689400003],[83.30951476600006,27.36954408200006],[83.30893326600005,27.37201427000008],[83.30993426600008,27.373323457000026],[83.31384126600005,27.373247957000046],[83.31590820400004,27.37268720700007],[83.31835232900005,27.375438519000056],[83.32002214100004,27.374474144000033],[83.32102895300005,27.375841957000034],[83.32334745300005,27.376900207000062],[83.32601420300006,27.376479894000056],[83.32706720400006,27.37790883200006],[83.32989245300007,27.377888519000066],[83.32997632900003,27.381844519000026],[83.33399676600004,27.382978456000046],[83.33816782900004,27.382707270000026],[83.34494457900007,27.381669644000056],[83.34603270300005,27.381042957000034],[83.34780895300008,27.38183876900007],[83.35002732900006,27.389376707000054],[83.34825182900005,27.389555707000056],[83.34931889100005,27.391415519000077],[83.35707295300006,27.391076895000026],[83.35977457800004,27.392822331000048],[83.36174176600008,27.395466894000037],[83.36148682900006,27.402485582000054],[83.35343626600007,27.402762207000023]]]}},{"type":"Feature","properties":{"STATE_CODE":5,"DISTRICT":"RUPANDEHI","GaPa_NaPa":"Siddharthanagar","Type_GN":"Nagarpalika","Province":"5","provinceId":"5","provinceCode":"5","provinceName":"Lumbini","districtId":"508","districtName":"Rupandehi","municipalityId":"50811","municipalityCode":"50811","municipalityName":"Siddharthanagar Urban Municipality","municipalityNameNe":"सिद्धार्थनगर नगरपालिका","municipalityType":"municipality"},"geometry":{"type":"Polygon","coordinates":[[[83.47227895400005,27.49883595700004],[83.46949695300003,27.497767082000053],[83.46928082900007,27.500289019000036],[83.46729820300004,27.500062582000055],[83.46745707900004,27.502877020000028],[83.46871639100004,27.504461332000062],[83.46869945400005,27.50712845700008],[83.47067895400005,27.510405582000033],[83.47445457800006,27.51141726900005],[83.47467882900008,27.50990170700004],[83.47667851600005,27.51009883200004],[83.47679789100005,27.51268520700006],[83.47916795300006,27.514113519000034],[83.48157314200006,27.51643751900008],[83.48144032800008,27.51825351900004],[83.48512007900007,27.51873426900005],[83.48748282900004,27.520778332000077],[83.48743564100005,27.524063582000053],[83.48935526700006,27.524115770000037],[83.49084870400003,27.52733445700005],[83.49504870300007,27.531280519000063],[83.49528332900007,27.53289926900004],[83.49468764100004,27.536667644000033],[83.49213870400007,27.537922019000064],[83.48913570300004,27.538624020000043],[83.48547432800007,27.538664707000066],[83.48487514200008,27.537346957000068],[83.48271757800006,27.53696439400005],[83.48161964200006,27.533776395000075],[83.47791870400005,27.531099957000038],[83.47530814100008,27.529882894000025],[83.47586951600005,27.528398019000065],[83.47236476700004,27.525546145000078],[83.47025045400005,27.524840832000052],[83.46069776700006,27.52640845700006],[83.45706520300007,27.52742776900004],[83.45441389100006,27.527782957000056],[83.45347276600006,27.525886082000056],[83.45172139100004,27.52623570700007],[83.44967051600008,27.523871894000024],[83.44689026600008,27.521999269000048],[83.44729714100004,27.519782769000074],[83.44430364100003,27.51932858200007],[83.44249176600005,27.513738832000058],[83.43838670400004,27.512411332000056],[83.43409801600006,27.511825332000058],[83.43309832900007,27.512432770000032],[83.42898195400005,27.51707101900007],[83.42778532800008,27.520028770000067],[83.42616770400008,27.522511020000024],[83.42390889100005,27.523214706000033],[83.42142601600005,27.521485020000057],[83.42331739100007,27.51966283200005],[83.42003589200004,27.516826394000077],[83.41788701600007,27.51600508200005],[83.41395051600006,27.516647457000033],[83.40934876600005,27.512408395000023],[83.40847532900005,27.508503270000062],[83.40869670400008,27.50649370700006],[83.40672020400007,27.503962582000042],[83.40490314200008,27.503963895000027],[83.40136482800006,27.504923457000075],[83.39866257900007,27.500926957000047],[83.39748795400004,27.496478894000063],[83.39460589100008,27.49511245700006],[83.39375501600006,27.492635706000044],[83.39568795400004,27.49199426900003],[83.39846589200005,27.48974533200004],[83.40166614100008,27.487696707000055],[83.40189882900006,27.48596026900003],[83.40440582900004,27.484581019000075],[83.40512039100008,27.48297745700006],[83.40690445300004,27.481741770000042],[83.40587589100005,27.480342894000046],[83.40865920400006,27.478766207000035],[83.42289907800006,27.478191957000035],[83.44935801600008,27.476760144000025],[83.46844614100007,27.475891082000032],[83.48212707800008,27.47534920700008],[83.48225782900005,27.479233082000064],[83.47863614100004,27.480286832000047],[83.47706289200005,27.481989145000057],[83.47717014100004,27.484462644000075],[83.47559726600008,27.485196832000042],[83.47551707900004,27.487963019000063],[83.46838614100005,27.48807133200006],[83.46614332900003,27.49205895700004],[83.46633520300009,27.49536770700007],[83.46817214100008,27.494232957000065],[83.47208026600003,27.494996894000053],[83.47125845400006,27.497121707000076],[83.47227895400005,27.49883595700004]]]}},{"type":"Feature","properties":{"STATE_CODE":5,"DISTRICT":"RUPANDEHI","GaPa_NaPa":"Siyari","Type_GN":"Gaunpalika","Province":"5","provinceId":"5","provinceCode":"5","provinceName":"Lumbini","districtId":"508","districtName":"Rupandehi","municipalityId":"50807","municipalityCode":"50807","municipalityName":"Siyari Rural Municipality","municipalityNameNe":"सियारी गाउँपालिका","municipalityType":"rural_municipality"},"geometry":{"type":"Polygon","coordinates":[[[83.42456539100004,27.59513701900005],[83.41938245300008,27.599163520000047],[83.41492476600007,27.59906808200003],[83.41223820400006,27.600455707000037],[83.41164857900003,27.603145082000026],[83.41340720300008,27.60311870700008],[83.41462151600007,27.605666832000054],[83.41461851600008,27.609035644000073],[83.41410701600006,27.611019145000057],[83.41513832800007,27.613047520000066],[83.41309076600004,27.61354883200005],[83.41125320400005,27.616393145000075],[83.40827745400009,27.61718601900003],[83.40749595400007,27.61870576900003],[83.40462570300008,27.620649832000026],[83.40486670400009,27.62356614400005],[83.40307201600007,27.624282769000047],[83.40177857800006,27.62355283200003],[83.39680782800008,27.62433008200003],[83.39481326600009,27.623263145000067],[83.39129632900006,27.619007957000065],[83.39086251600008,27.61609076900004],[83.39292407900007,27.614917457000047],[83.39464714200005,27.616671457000052],[83.40011007900006,27.61697270700006],[83.39562514200009,27.61392739400003],[83.39229632900003,27.610979519000068],[83.39194120400003,27.609461645000067],[83.39014020300004,27.608377457000074],[83.38455882900007,27.607594645000063],[83.38334132800009,27.60630983200008],[83.38184107900008,27.60835201900005],[83.38033507900008,27.608595769000033],[83.37940926600004,27.606664645000023],[83.37708376700004,27.60503408200003],[83.37413095400007,27.605751895000026],[83.37464076600008,27.603901707000034],[83.37433026600007,27.601253519000068],[83.37111864100007,27.599973145000035],[83.37153045400004,27.598715894000065],[83.37035226600005,27.596569269000042],[83.36545945400007,27.596034769000028],[83.36568395400008,27.591753082000025],[83.36380539100008,27.59057795700005],[83.36323664100007,27.589180957000053],[83.36306914100004,27.582776394000064],[83.36367589100007,27.58186308200004],[83.36062032900008,27.58047033200006],[83.35622295400003,27.580774957000074],[83.35402807900005,27.578966395000066],[83.35085726600005,27.578315332000045],[83.34606576700008,27.57922020700005],[83.34418864100007,27.577406207000024],[83.34268626600004,27.57741489500006],[83.33848726600007,27.57294308200005],[83.33815620400009,27.570987457000058],[83.33673451600004,27.568487332000075],[83.33672020300008,27.567336457000067],[83.33847864200004,27.565569082000025],[83.34264545400003,27.566204894000066],[83.34432351600003,27.564141394000046],[83.34295039100004,27.56134595700007],[83.34368182900005,27.56011739400003],[83.34620139100008,27.55927408200006],[83.34667945400008,27.55785251900005],[83.34680207800005,27.553602020000028],[83.34589314100003,27.552652270000067],[83.34602326600003,27.550398769000026],[83.34980245300005,27.55082939500005],[83.35166826600005,27.54901483200007],[83.35210782800004,27.546638769000026],[83.35563907900007,27.54594439400006],[83.35588364100005,27.542865456000072],[83.35803095400007,27.54292952000003],[83.35981514100007,27.544724832000043],[83.36605076600006,27.54394789400004],[83.36608107800004,27.54671439400005],[83.36679120400004,27.549813457000027],[83.36822614100004,27.550903082000048],[83.36838964100008,27.55335658200005],[83.36981782800007,27.55425658200005],[83.37028470300004,27.556294019000063],[83.37384264100007,27.55472158200007],[83.37475970400004,27.549486332000072],[83.37313826600007,27.548853894000047],[83.37314901600007,27.54677808200006],[83.37708201600003,27.54431139500008],[83.38291232900008,27.54463977000006],[83.38846001600007,27.544066332000057],[83.38907595400008,27.542503082000053],[83.38819607900007,27.540933207000023],[83.38732370300005,27.537384520000046],[83.38605057900008,27.53580839400007],[83.38518057900006,27.530262769000046],[83.38191882900009,27.52899820700003],[83.38010470300009,27.527340707000064],[83.38103032900005,27.523468269000034],[83.38025770400003,27.520766082000023],[83.38053176600005,27.519167519000064],[83.37896195300004,27.516118832000075],[83.38338689100004,27.515513457000054],[83.38507820300003,27.516477706000046],[83.38643907900007,27.519922519000033],[83.38766695400005,27.520498832000044],[83.38857776700007,27.524623082000062],[83.38962651600008,27.525898082000026],[83.39194645400005,27.525587832000042],[83.39247670400005,27.523751144000073],[83.39210320400008,27.521596894000027],[83.39637626700005,27.522813644000053],[83.40213895400007,27.523226644000033],[83.40712270400007,27.522995270000024],[83.40990845400006,27.52780658200004],[83.41213845400006,27.53025745700006],[83.41413882900008,27.530897707000065],[83.41697982900007,27.529163207000067],[83.41904714100008,27.528943957000024],[83.42051489100004,27.531790957000055],[83.42591639200003,27.532894269000053],[83.42853989100007,27.532203207000066],[83.42900357800005,27.53291589400004],[83.43404282900008,27.53273570700003],[83.43592970400005,27.53222445700004],[83.44034264100003,27.531869895000057],[83.44312601600006,27.532081894000044],[83.44428732800003,27.534083520000024],[83.44344776600008,27.53503689400003],[83.44188964100005,27.53730964400006],[83.44311257800007,27.53958227000004],[83.44593964200004,27.542605957000035],[83.44752595400007,27.542865019000033],[83.44898976600007,27.544982832000073],[83.45313207900006,27.543900332000078],[83.45501695300004,27.542921644000046],[83.45746801600006,27.543971457000055],[83.45856789100003,27.548716582000054],[83.46224189200007,27.551605519000077],[83.46144314200006,27.552949520000027],[83.45789151600007,27.55434377000006],[83.45563507900005,27.55856127000004],[83.45603007900007,27.56015814400007],[83.45824182800004,27.56079408200003],[83.45849864100006,27.562760457000024],[83.46095320400008,27.561449957000036],[83.46167882900005,27.562957832000052],[83.46383120400003,27.563218895000034],[83.46434539100005,27.565247145000058],[83.46290864100007,27.567227270000046],[83.46020776700004,27.568329207000033],[83.45853639100005,27.57048439500005],[83.45850632900004,27.573124332000077],[83.45708082900006,27.572583957000063],[83.45125107900003,27.568158769000036],[83.44878795400007,27.56916883200006],[83.44657407900007,27.567294020000077],[83.44569239100008,27.564246582000067],[83.44394357900006,27.566024457000026],[83.44044276600005,27.568433769000023],[83.43825982900006,27.567172645000028],[83.43435482800004,27.566276832000028],[83.43463439100003,27.563721394000027],[83.43637676600008,27.560386707000077],[83.43449945300006,27.556080457000064],[83.43434226600004,27.55415514500004],[83.43203657900006,27.55017664500008],[83.42848507800005,27.553009707000058],[83.42666989100007,27.554881832000035],[83.42428026600004,27.561165207000045],[83.42434770400007,27.56267052000004],[83.42267814100006,27.56400164400003],[83.42157157800006,27.563590894000072],[83.41842782900005,27.565558957000064],[83.41583001600003,27.568702519000055],[83.41763814100005,27.570474644000058],[83.42052964100003,27.571673645000033],[83.42033182900008,27.572990582000045],[83.41802839100006,27.574560457000075],[83.41878682900006,27.57845820700004],[83.42032132900005,27.581068582000057],[83.42244851600003,27.586217582000074],[83.42456539100004,27.59513701900005]]]}},{"type":"Feature","properties":{"STATE_CODE":5,"DISTRICT":"RUPANDEHI","GaPa_NaPa":"Sudhdhodhan","Type_GN":"Gaunpalika","Province":"5","provinceId":"5","provinceCode":"5","provinceName":"Lumbini","districtId":"508","districtName":"Rupandehi","municipalityId":"50806","municipalityCode":"50806","municipalityName":"Suddhodhan Rural Municipality","municipalityNameNe":"सुद्धोधन गाउँपालिका","municipalityType":"rural_municipality"},"geometry":{"type":"Polygon","coordinates":[[[83.36512707900005,27.659314144000064],[83.36339664100007,27.658311207000054],[83.36133732900004,27.658243020000043],[83.35697126600007,27.659694019000028],[83.35598920400008,27.65905764400003],[83.35253189100007,27.659497332000058],[83.34700339100004,27.652781207000032],[83.34077801600006,27.653322582000044],[83.33860445400006,27.65138077000006],[83.33900070300007,27.650006270000063],[83.33713482900004,27.64709108200003],[83.33614332800005,27.647736207000037],[83.33230864100005,27.64702733200005],[83.33184395400008,27.646050332000073],[83.32859120300003,27.645039582000038],[83.32737201600008,27.644537269000068],[83.32678432900008,27.642851145000066],[83.32701495300006,27.640769645000034],[83.32833326600007,27.639458270000034],[83.32998539100004,27.63658033200005],[83.33154020400008,27.635211457000025],[83.33215857900007,27.632903895000027],[83.33185370400008,27.630684332000044],[83.32798607900008,27.628734207000036],[83.32837145300005,27.62603964400006],[83.33135364100008,27.62307564500003],[83.33341970400005,27.622167207000075],[83.33721720400007,27.621959770000046],[83.33911332800005,27.620822582000073],[83.33893582900004,27.618736832000025],[83.33681826600008,27.61517283200004],[83.33706595400008,27.613587770000038],[83.33538020400005,27.60964002000003],[83.33382151600006,27.608734519000052],[83.32975551600003,27.607604769000034],[83.32849795400006,27.606603645000064],[83.32827407800005,27.605054645000052],[83.32974320400007,27.603590582000038],[83.32985901600006,27.599653707000073],[83.32651532900007,27.595666270000038],[83.32741801600008,27.59216870700004],[83.32796620300007,27.587058332000026],[83.32765057900008,27.582805707000034],[83.32822276600007,27.580588145000036],[83.33240501600005,27.57766826900007],[83.33290782900008,27.576235582000038],[83.33037670400006,27.572750769000038],[83.33095220400008,27.570034582000062],[83.33273270400008,27.57012439400006],[83.33511007900006,27.570812707000073],[83.33673451600004,27.568487332000075],[83.33815620400009,27.570987457000058],[83.33848726600007,27.57294308200005],[83.34268626600004,27.57741489500006],[83.34418864100007,27.577406207000024],[83.34606576700008,27.57922020700005],[83.35085726600005,27.578315332000045],[83.35402807900005,27.578966395000066],[83.35622295400003,27.580774957000074],[83.36062032900008,27.58047033200006],[83.36367589100007,27.58186308200004],[83.36306914100004,27.582776394000064],[83.36323664100007,27.589180957000053],[83.36380539100008,27.59057795700005],[83.36568395400008,27.591753082000025],[83.36545945400007,27.596034769000028],[83.37035226600005,27.596569269000042],[83.37153045400004,27.598715894000065],[83.37111864100007,27.599973145000035],[83.37433026600007,27.601253519000068],[83.37464076600008,27.603901707000034],[83.37413095400007,27.605751895000026],[83.37708376700004,27.60503408200003],[83.37940926600004,27.606664645000023],[83.38033507900008,27.608595769000033],[83.38184107900008,27.60835201900005],[83.38334132800009,27.60630983200008],[83.38455882900007,27.607594645000063],[83.39014020300004,27.608377457000074],[83.39194120400003,27.609461645000067],[83.39229632900003,27.610979519000068],[83.39562514200009,27.61392739400003],[83.40011007900006,27.61697270700006],[83.39464714200005,27.616671457000052],[83.39292407900007,27.614917457000047],[83.39086251600008,27.61609076900004],[83.39129632900006,27.619007957000065],[83.39481326600009,27.623263145000067],[83.39680782800008,27.62433008200003],[83.40177857800006,27.62355283200003],[83.40307201600007,27.624282769000047],[83.40486670400009,27.62356614400005],[83.40462570300008,27.620649832000026],[83.40749595400007,27.61870576900003],[83.40827745400009,27.61718601900003],[83.41125320400005,27.616393145000075],[83.41309076600004,27.61354883200005],[83.41513832800007,27.613047520000066],[83.41410701600006,27.611019145000057],[83.41461851600008,27.609035644000073],[83.41462151600007,27.605666832000054],[83.41340720300008,27.60311870700008],[83.41164857900003,27.603145082000026],[83.41223820400006,27.600455707000037],[83.41492476600007,27.59906808200003],[83.41938245300008,27.599163520000047],[83.42456539100004,27.59513701900005],[83.42462695400008,27.599598332000028],[83.42898364100006,27.61020114400003],[83.43319414100006,27.613068269000053],[83.43413426600006,27.615400770000065],[83.42756382900006,27.618004769000038],[83.42745439100008,27.61919120700003],[83.42880926600003,27.621166645000073],[83.42943832800006,27.624068769000075],[83.42731620300003,27.62395620700005],[83.42305645400006,27.62566927000006],[83.42143726600005,27.629396894000024],[83.42366207800006,27.63090214500005],[83.42473214100005,27.63339995700005],[83.42465914100006,27.635003957000038],[83.42346951600007,27.636592019000034],[83.42378151600008,27.638276645000076],[83.42253851600003,27.64041958200005],[83.42138782900008,27.639943145000075],[83.41858189200008,27.641815519000033],[83.41643451600004,27.641804269000033],[83.41322314100006,27.643534894000027],[83.41240501600004,27.644765707000033],[83.40912245400006,27.644564457000058],[83.40712226600004,27.643581207000068],[83.40438407900007,27.643172332000063],[83.40282926600008,27.643682332000026],[83.40625882800003,27.647219332000077],[83.41051239200004,27.650583707000067],[83.41491745400003,27.655058832000066],[83.41549782900006,27.656175895000047],[83.41329070300003,27.658168020000062],[83.41176151700006,27.657249957000033],[83.40776564100008,27.65726901900007],[83.40513220300005,27.65681101900003],[83.40224389100007,27.65732433200003],[83.40027307800005,27.655901020000044],[83.39833920300003,27.65705920700003],[83.39499982800004,27.655329770000037],[83.39094076600009,27.655438395000033],[83.38959820300005,27.65288720700005],[83.38692839200007,27.654394082000067],[83.38239214100008,27.65588795700006],[83.38115364100008,27.653510957000037],[83.37840676600007,27.652487832000077],[83.37717364100007,27.652983207000034],[83.37352201600004,27.65215445700005],[83.36883195300004,27.651731519000066],[83.36791076600008,27.649588270000038],[83.36499776600004,27.650558770000032],[83.36351601600006,27.653724457000067],[83.36348364100007,27.65521577000004],[83.36597995300008,27.65710001900004],[83.36512707900005,27.659314144000064]]]}},{"type":"Feature","properties":{"STATE_CODE":5,"DISTRICT":"RUPANDEHI","GaPa_NaPa":"Tillotama","Type_GN":"Nagarpalika","Province":"5","provinceId":"5","provinceCode":"5","provinceName":"Lumbini","districtId":"508","districtName":"Rupandehi","municipalityId":"50808","municipalityCode":"50808","municipalityName":"Tilottama Urban Municipality","municipalityNameNe":"तिलोत्तमा नगरापालिका","municipalityType":"municipality"},"geometry":{"type":"Polygon","coordinates":[[[83.50230364200007,27.666707020000047],[83.50087395400004,27.66761120700005],[83.49745695400009,27.670981269000038],[83.49317920400006,27.672915207000074],[83.49138726600006,27.670455895000032],[83.48792314100007,27.669585707000067],[83.48061807900007,27.66730439400004],[83.47526620400004,27.667457957000067],[83.47106851600006,27.66791808200003],[83.46583526600006,27.66744452000006],[83.46276014100005,27.66644658200005],[83.45935476600005,27.66588283200008],[83.45180639100005,27.666313394000042],[83.45202820400004,27.661291520000077],[83.45114689200005,27.65552964500006],[83.45188182800007,27.65062933200005],[83.45200282800005,27.64757464400003],[83.45262795400004,27.645119832000034],[83.45171170400005,27.64472595700005],[83.44871820400004,27.641683645000057],[83.44528764100005,27.639057019000063],[83.44420064100007,27.637437082000076],[83.43993520300006,27.628879332000054],[83.43715251600008,27.624905832000024],[83.43557095400007,27.621025082000074],[83.43413426600006,27.615400770000065],[83.43319414100006,27.613068269000053],[83.42898364100006,27.61020114400003],[83.42462695400008,27.599598332000028],[83.42456539100004,27.59513701900005],[83.42244851600003,27.586217582000074],[83.42032132900005,27.581068582000057],[83.41878682900006,27.57845820700004],[83.41802839100006,27.574560457000075],[83.42033182900008,27.572990582000045],[83.42052964100003,27.571673645000033],[83.41763814100005,27.570474644000058],[83.41583001600003,27.568702519000055],[83.41842782900005,27.565558957000064],[83.42157157800006,27.563590894000072],[83.42267814100006,27.56400164400003],[83.42434770400007,27.56267052000004],[83.42428026600004,27.561165207000045],[83.42666989100007,27.554881832000035],[83.42848507800005,27.553009707000058],[83.43203657900006,27.55017664500008],[83.43434226600004,27.55415514500004],[83.43449945300006,27.556080457000064],[83.43637676600008,27.560386707000077],[83.43463439100003,27.563721394000027],[83.43435482800004,27.566276832000028],[83.43825982900006,27.567172645000028],[83.44044276600005,27.568433769000023],[83.44394357900006,27.566024457000026],[83.44569239100008,27.564246582000067],[83.44657407900007,27.567294020000077],[83.44878795400007,27.56916883200006],[83.45125107900003,27.568158769000036],[83.45708082900006,27.572583957000063],[83.45850632900004,27.573124332000077],[83.45853639100005,27.57048439500005],[83.46020776700004,27.568329207000033],[83.46290864100007,27.567227270000046],[83.46434539100005,27.565247145000058],[83.46475432900007,27.567205082000044],[83.46656370400007,27.56671108200004],[83.46614339100006,27.564101019000077],[83.46869951600007,27.563964145000057],[83.47212089100003,27.56265264500007],[83.47211257900005,27.559101019000025],[83.47831220400008,27.55752908200003],[83.47993289100003,27.556411395000055],[83.48608751600005,27.556833707000067],[83.48755226700007,27.555805645000078],[83.48663182900003,27.554324270000052],[83.49204195300007,27.554560770000023],[83.49683776600006,27.558669207000037],[83.50093764100006,27.55702770700003],[83.50208264200006,27.555619269000033],[83.50203907900004,27.552787269000078],[83.50370076700005,27.551263332000076],[83.50455332900003,27.552112581000074],[83.50807464100006,27.552641832000063],[83.51284420300004,27.554308082000034],[83.51321264100005,27.55335939400004],[83.51721995400004,27.55283858200005],[83.51862632900009,27.55358133200008],[83.52476707900007,27.55090602000007],[83.52913564200009,27.55151201900003],[83.52996151700006,27.552731082000037],[83.53377920400004,27.550616082000033],[83.53553907900005,27.552203770000062],[83.53490201600005,27.554467144000057],[83.53304207900004,27.555873457000075],[83.52920395300004,27.55775595700004],[83.52728676600003,27.560536082000056],[83.52939339100004,27.561867832000075],[83.53154801700003,27.561751082000058],[83.53374557900008,27.565255957000034],[83.53247457900005,27.566865020000023],[83.53247051600005,27.569089895000047],[83.53430270300004,27.570635019000065],[83.53264232800007,27.572994145000052],[83.53286114100007,27.57573420700004],[83.53549014100008,27.57616501900003],[83.53604401600006,27.578296957000077],[83.54418520400003,27.576800769000045],[83.54667476600008,27.576750270000048],[83.54842189100003,27.579269644000078],[83.54904614100008,27.581135519000043],[83.54803326600006,27.58234170700007],[83.54628745400004,27.58271058200006],[83.54539995400006,27.584052519000068],[83.54642282900005,27.585353332000068],[83.55226264100008,27.589093207000076],[83.55086089100007,27.591401520000034],[83.55111032800005,27.592744957000036],[83.55260926600005,27.593862269000056],[83.55391682900006,27.59589495700004],[83.55385689200006,27.59864764400004],[83.55224270400004,27.600856019000048],[83.55182607900008,27.60520970700003],[83.55214757900006,27.607205332000035],[83.55062957900003,27.60891764400003],[83.55072595400009,27.61238164400004],[83.54698882900004,27.612543207000044],[83.54531232900007,27.613661457000035],[83.54591632900008,27.615547582000033],[83.54881970400004,27.61517795700007],[83.55045682800005,27.61587595700007],[83.55001014100003,27.618701895000072],[83.54847857900006,27.620208707000074],[83.54591307800007,27.619857332000038],[83.54411757900004,27.621685957000068],[83.54410901600005,27.625210520000053],[83.54802464100004,27.625582020000024],[83.55077270400005,27.62746839400006],[83.55088951600004,27.632372020000048],[83.54976576600006,27.632774520000055],[83.54745239200008,27.63149214500004],[83.54526776600005,27.632412394000028],[83.54583951600006,27.634912144000054],[83.54135807900008,27.63908758200006],[83.53839095400008,27.640456457000028],[83.53883464100005,27.641899769000077],[83.54070064200005,27.641948832000026],[83.53684607900004,27.644776832000048],[83.53625420400004,27.646489769000027],[83.53418789100004,27.647872832000076],[83.53356239100003,27.651289145000078],[83.53205939100008,27.65239433200003],[83.53139895400005,27.656478520000064],[83.51923651600003,27.656145769000034],[83.51785864200008,27.656409520000068],[83.51477301700004,27.658330332000048],[83.50645782900006,27.664183394000077],[83.50230364200007,27.666707020000047]]]}},{"type":"Feature","properties":{"STATE_CODE":5,"DISTRICT":"KAPILBASTU","GaPa_NaPa":"Banganga","Type_GN":"Nagarpalika","Province":"5","provinceId":"5","provinceCode":"5","provinceName":"Lumbini","districtId":"509","districtName":"Kapilbastu","municipalityId":"50901","municipalityCode":"50901","municipalityName":"Banganga Urban Municipality","municipalityNameNe":"बाणगंगा नगरपालिका","municipalityType":"municipality"},"geometry":{"type":"Polygon","coordinates":[[[83.21432795400005,27.759140270000046],[83.21246882900004,27.758728145000077],[83.20438076500005,27.760058207000043],[83.19962239100005,27.758873270000038],[83.19652789100007,27.75740220700004],[83.19316082800003,27.75644176900005],[83.18999082800008,27.75462264500004],[83.18749620400007,27.753951457000028],[83.18392270300006,27.756342395000047],[83.18177801500008,27.75692314400004],[83.18018620400005,27.758420957000055],[83.17736957800008,27.757012082000074],[83.17601957800008,27.756886707000035],[83.17141807800004,27.757698582000046],[83.16556226500006,27.758040145000052],[83.16202870300003,27.759070207000036],[83.15764889100006,27.758199770000033],[83.15417964100004,27.75923001900003],[83.14951832900005,27.75986933200005],[83.14376445300007,27.76118983200007],[83.13964920400008,27.76373645700005],[83.13876176600007,27.76465601900003],[83.13685320400003,27.764589957000055],[83.13371195300005,27.766871707000064],[83.13009814000003,27.76847358200007],[83.12889282800006,27.767886082000075],[83.12739682800003,27.76562258200005],[83.12497726600003,27.764738645000023],[83.12344220300008,27.761667145000047],[83.12152882800007,27.765172582000048],[83.11818332900003,27.766432832000078],[83.11637089100003,27.766042207000055],[83.11289564100008,27.769372832000045],[83.11045339100008,27.770277707000048],[83.10869595300005,27.768856207000056],[83.10567507900004,27.768313207000062],[83.10198526600004,27.769076770000026],[83.10058514000008,27.772686707000048],[83.09815245300007,27.77517083200007],[83.09726957900006,27.778599145000044],[83.09539651500006,27.78280383200007],[83.09172226600003,27.78242552000006],[83.09152589100006,27.78045227000007],[83.09257420400007,27.777632019000066],[83.09167095300006,27.776529520000054],[83.09255951500006,27.775201895000066],[83.09185707900008,27.773755519000076],[83.09207839000004,27.771234457000048],[83.09113707800003,27.770991395000067],[83.08940082800007,27.772803019000037],[83.08915182900006,27.77444620700004],[83.08718257800007,27.77388270700004],[83.08490376600008,27.76954233200007],[83.07941582800004,27.767378207000036],[83.08043682900006,27.763793020000037],[83.07932482900003,27.762400270000057],[83.07915426600005,27.75901245700004],[83.07967489100008,27.75647989500004],[83.07793007800007,27.755554457000073],[83.07594164100004,27.75273214400005],[83.07437682800008,27.751370144000077],[83.07247170300008,27.746447708000062],[83.07100270300003,27.74344370700004],[83.06939770300005,27.741946145000043],[83.06951170300005,27.737075582000045],[83.06992576600004,27.733375894000062],[83.07432864100008,27.73235614500004],[83.07753939100007,27.728469707000045],[83.08017457900007,27.72432664400003],[83.08048514100005,27.72266808200004],[83.08021714000006,27.718650082000067],[83.08169207900005,27.715636457000073],[83.08233020300008,27.712549582000065],[83.08018764100007,27.71110264500004],[83.08100982800005,27.708515582000075],[83.08045714100007,27.705908145000024],[83.08209357800007,27.704576519000057],[83.08200982800008,27.700925269000038],[83.08558064100004,27.694865957000047],[83.08568970400006,27.69242077000007],[83.08511126600007,27.691151207000075],[83.08582151500008,27.68873489400005],[83.08409232900004,27.686929708000036],[83.08157439100006,27.682416207000074],[83.08160420300004,27.677946707000046],[83.07943689100006,27.67272027000007],[83.08156020400008,27.672030395000036],[83.08664739100004,27.674015707000024],[83.09835926600005,27.67667139400004],[83.10186489100005,27.67569908200005],[83.10340126600005,27.67614677000006],[83.11150826600004,27.681167394000056],[83.11586720300005,27.681795457000078],[83.11801820300008,27.681639957000073],[83.12004064000007,27.679448394000076],[83.11679814100006,27.67824095700007],[83.11213720300003,27.67485602000005],[83.11273707800007,27.67404758200007],[83.11514051600005,27.673839582000028],[83.11751676600005,27.672126395000078],[83.11531676600003,27.666629519000026],[83.11336820300005,27.664545770000075],[83.10804082800007,27.662246269000036],[83.10376895300004,27.65946820700003],[83.10270657800004,27.656356644000027],[83.09975776600004,27.650462082000047],[83.09885945300005,27.64941383200005],[83.10197607800006,27.64585776900003],[83.10341701600004,27.643161769000073],[83.10602639100006,27.643636645000072],[83.10786251600007,27.64058664500004],[83.10953632900004,27.638907395000047],[83.11343220300006,27.639302395000072],[83.11711501600007,27.63845495700008],[83.11768414000005,27.636834020000038],[83.11581301600006,27.62986358200004],[83.11807832800008,27.630803082000057],[83.12745026600004,27.629736394000076],[83.12958164100007,27.632766582000045],[83.13153664100008,27.634006270000043],[83.13268764100008,27.632303207000064],[83.13572520300005,27.63131583200004],[83.14062732900004,27.630412144000047],[83.14089220300008,27.62630045700007],[83.14056670400004,27.619926582000062],[83.14166220400006,27.617952270000046],[83.14106857800004,27.615784769000072],[83.13879551600007,27.611844645000076],[83.13868057800005,27.608842957000036],[83.13806932800009,27.607212332000074],[83.14037126600005,27.605092144000025],[83.13964426500007,27.602420645000052],[83.14242726600008,27.60196626900006],[83.14485776600003,27.603082332000042],[83.14647739100008,27.60277420700004],[83.15025576600004,27.600766644000032],[83.14971264100006,27.59836708200004],[83.15227114100009,27.598227020000024],[83.15257457800004,27.59618914400005],[83.15413489100007,27.594436520000045],[83.15370645300004,27.593125145000045],[83.15605976600006,27.59269495700005],[83.15906070400007,27.595382457000028],[83.16116420300006,27.598615020000068],[83.16204820400003,27.59718758200006],[83.16122814100004,27.596036394000066],[83.16237782800005,27.591767520000076],[83.16210239100008,27.589065020000078],[83.16636757900005,27.58792408200003],[83.16666670400008,27.586466082000072],[83.17101120400008,27.585706832000028],[83.17356470300007,27.58635151900006],[83.17638326600007,27.586126894000074],[83.17791301600005,27.589840894000076],[83.17841726600005,27.59278170700003],[83.18010470300004,27.595621144000063],[83.19146351600006,27.590841082000054],[83.19002889100005,27.58682314500004],[83.19279814100008,27.586787394000055],[83.19755401600008,27.585718332000056],[83.20159564100004,27.585488957000052],[83.20507539100004,27.583408207000048],[83.21275307900004,27.585498519000055],[83.21472226600008,27.58564951900007],[83.21717364100004,27.588197270000023],[83.22154964100008,27.58769383200007],[83.22153032900007,27.59173045700004],[83.22274989100003,27.593244519000052],[83.22352789100006,27.595832519000055],[83.22606914100004,27.59699964400005],[83.22692170400006,27.599267519000023],[83.22966257800005,27.602969707000057],[83.23123314100008,27.60357858200007],[83.23340432900005,27.607647582000027],[83.23360507800004,27.609462832000077],[83.23239939100006,27.610232332000066],[83.23323264100009,27.61175552000003],[83.23228495300003,27.613884770000027],[83.23155151600008,27.614665957000057],[83.23233820300004,27.620415020000053],[83.23172789100005,27.622742457000072],[83.23261364100006,27.62464951900006],[83.23227732900006,27.625782582000056],[83.23031032900008,27.62752489500008],[83.23023326600008,27.629977145000055],[83.22873126600007,27.631958895000025],[83.22876164100006,27.633730332000027],[83.22782995400007,27.635345207000057],[83.22604245300005,27.636158832000035],[83.22586626600008,27.637658332000058],[83.22369845400004,27.639622770000074],[83.22510789100005,27.64127558200005],[83.22486451600008,27.642869457000074],[83.22261189100004,27.645478707000052],[83.22416782800008,27.647249645000045],[83.22631239100008,27.64739701900004],[83.22666864100006,27.65452458200008],[83.22546689100005,27.657884395000053],[83.22655814100006,27.660099457000058],[83.22555026600008,27.661388895000073],[83.22713164100008,27.663047207000034],[83.22709757800004,27.664816019000057],[83.22805401600004,27.666533894000054],[83.22953364100005,27.666645894000055],[83.23014682800004,27.668334832000028],[83.22898201600003,27.671214207000048],[83.22948370400007,27.67304239400005],[83.22900570300004,27.675964019000048],[83.23027001600008,27.67815289500004],[83.22831557900008,27.68111814400004],[83.22941332900007,27.683746144000054],[83.22911670400003,27.685651145000065],[83.23032564100004,27.68612264500007],[83.23027364100005,27.687803332000044],[83.22916626600005,27.690274645000045],[83.22941464100006,27.691999895000038],[83.23093545400008,27.69360583200006],[83.23124207900008,27.69483727000005],[83.22772476600005,27.695239645000072],[83.22877332900003,27.69681358200006],[83.22902301600004,27.69920902000007],[83.22638632800005,27.699634269000057],[83.22711632900007,27.703205645000025],[83.22370001600007,27.703802520000067],[83.22472207900006,27.705547895000052],[83.22451751600005,27.707317957000043],[83.22312214100003,27.71004933300003],[83.22440507900006,27.712414395000053],[83.22458420300006,27.71429045700006],[83.22390620300007,27.71747933200004],[83.22159695400006,27.719844582000064],[83.22081264100007,27.722992270000077],[83.21912851600007,27.723903332000077],[83.21894370400008,27.72573220700008],[83.21746607800003,27.726912957000025],[83.21766620400007,27.72951564400006],[83.21903295300007,27.729839207000055],[83.22016045400005,27.73166420700005],[83.21885582800007,27.73352052000007],[83.21985239000009,27.736105144000078],[83.21955814100005,27.737987520000047],[83.21821157900007,27.741217832000075],[83.21682826600005,27.742841269000053],[83.21723289100004,27.74508645700007],[83.21546845300008,27.74719733300003],[83.21570126600005,27.74873070700005],[83.21423739100004,27.74945570700004],[83.21280220300008,27.75346601900003],[83.21389676600006,27.756358082000077],[83.21432795400005,27.759140270000046]]]}},{"type":"Feature","properties":{"STATE_CODE":5,"DISTRICT":"KAPILBASTU","GaPa_NaPa":"Bijayanagar","Type_GN":"Gaunpalika","Province":"5","provinceId":"5","provinceCode":"5","provinceName":"Lumbini","districtId":"509","districtName":"Kapilbastu","municipalityId":"50904","municipalityCode":"50904","municipalityName":"Bijayanagar Rural Municipality","municipalityNameNe":"बिजयनगर गाउँपालिका","municipalityType":"rural_municipality"},"geometry":{"type":"Polygon","coordinates":[[[82.82397789000004,27.572247395000034],[82.82159845300004,27.57502495700004],[82.82202376600003,27.576635020000026],[82.82496789000004,27.578927457000077],[82.82512639000004,27.579770394000036],[82.82349745300007,27.583932895000032],[82.82506826500008,27.589110645000062],[82.82686651600005,27.59066239400005],[82.83060076600003,27.590441145000057],[82.83202320300006,27.591529395000066],[82.83230782800007,27.597170082000048],[82.83077389000005,27.600913770000034],[82.83419489000005,27.60330708200007],[82.83577670300008,27.605274207000036],[82.83539145300006,27.606703707000065],[82.83359407800003,27.607846020000068],[82.82919795300006,27.61210939500006],[82.82788157800007,27.61560670700004],[82.82790051600006,27.61730808200008],[82.82965151600007,27.619450457000028],[82.82925382800005,27.62173939400003],[82.82793376500007,27.623995769000032],[82.82779451600004,27.627737645000025],[82.82694020300005,27.63194958200006],[82.82990445300004,27.63181439500005],[82.83169770300003,27.632506394000075],[82.83265126600008,27.634887957000046],[82.83219157900004,27.637020707000033],[82.83025195400006,27.637550394000073],[82.82760301600007,27.636639082000045],[82.82367557800006,27.636569707000035],[82.82261032800005,27.637512770000058],[82.82220120300008,27.64058226900005],[82.82449164000008,27.642560082000045],[82.82422676500005,27.64458389400005],[82.81912107800008,27.64794514400006],[82.81556926600007,27.652163270000074],[82.81623739100007,27.65353170700007],[82.81796989000009,27.65389170700007],[82.81985639100003,27.655597707000027],[82.81796726500005,27.65734139400007],[82.81427657800003,27.65745883200003],[82.81202207800004,27.659237707000045],[82.81178745300008,27.66074958200005],[82.80761739000008,27.661417707000055],[82.80606814100008,27.66337402000005],[82.80312214100007,27.66553033200006],[82.80191370300008,27.669274207000058],[82.79272876500005,27.672727707000035],[82.79574914000005,27.677399457000035],[82.79441732800007,27.681866394000053],[82.79256470300004,27.686491207000074],[82.79154764000003,27.687996270000042],[82.78793364100005,27.690737519000038],[82.78634982800008,27.696289644000046],[82.78410207800005,27.699257145000047],[82.78357195300003,27.702862332000052],[82.78146607800005,27.707329082000058],[82.77872451600007,27.709651332000078],[82.77855326600007,27.712788145000047],[82.77788751500003,27.714686457000028],[82.77819614000003,27.718274207000036],[82.77698464100007,27.72113333200008],[82.77173570300005,27.72531945700007],[82.76913957800008,27.728486582000073],[82.76625370300007,27.730687707000072],[82.76589520300007,27.733051207000074],[82.76895757800008,27.734551769000063],[82.76937345300007,27.73559551900007],[82.76653576600006,27.73699389500007],[82.76517882800005,27.739043895000066],[82.76525139000006,27.74264539400008],[82.76387414100003,27.74465689400006],[82.76398039000009,27.748527082000066],[82.76532839100008,27.749310707000063],[82.76456876500004,27.753387582000073],[82.76329976500006,27.754732207000075],[82.76281964000003,27.75816626900007],[82.76435307800006,27.758531894000043],[82.76479914100008,27.759997894000037],[82.76151145300008,27.761308644000053],[82.75966695300008,27.760608457000046],[82.75893995300004,27.76242714400007],[82.75737764100006,27.761637020000023],[82.75670139100004,27.76322833200004],[82.75324445300004,27.76449445700007],[82.75505101600004,27.765690707000033],[82.75251345300006,27.76642814400003],[82.74907370300008,27.769090894000044],[82.74697514100006,27.769552395000062],[82.74405851500006,27.769433458000037],[82.74043801500005,27.76981564500005],[82.73795882800005,27.769461394000075],[82.73603257800005,27.77053802000006],[82.73337532800008,27.77417083200004],[82.73388782800004,27.771093707000034],[82.73309151600006,27.766705020000074],[82.72800020300008,27.764521708000075],[82.72741745300004,27.76305889400004],[82.72580582800003,27.76178058200003],[82.72573557800007,27.758804145000056],[82.72376464100006,27.757874395000044],[82.72010251500006,27.758666332000075],[82.71728857800008,27.757421957000076],[82.71404795300003,27.75771227000007],[82.71212376500006,27.759666207000066],[82.70833776600006,27.75944814500008],[82.70505126500007,27.75822839500006],[82.70159689000008,27.758577269000057],[82.69806032800005,27.756504520000078],[82.69852970300008,27.75497026900007],[82.70107932800005,27.753141957000025],[82.70153876500007,27.75099620700007],[82.70369064000005,27.749843207000026],[82.70376314100008,27.747682519000023],[82.70284064000003,27.745117707000077],[82.70537926500003,27.742639457000053],[82.70581139000006,27.738796832000048],[82.70816357800004,27.735443645000032],[82.70784151600003,27.73147433200006],[82.70859557800009,27.72894327000006],[82.70814757800008,27.726484394000067],[82.71009439100004,27.724666082000056],[82.70996057800005,27.721707020000053],[82.70960832800006,27.717223082000032],[82.70799607700008,27.713176395000062],[82.70720764100008,27.705622207000033],[82.70905614100008,27.699067332000027],[82.71276095300004,27.694418082000027],[82.71765601500005,27.691641082000046],[82.72024795300007,27.687272332000077],[82.71678214000008,27.68086214400006],[82.71721295300006,27.679537269000036],[82.71623132800005,27.67700133200003],[82.71824001600004,27.675059332000046],[82.71793976500004,27.672367207000036],[82.71517226600008,27.67074870700003],[82.71548957800007,27.669542395000065],[82.71738601500005,27.668871832000036],[82.71737470300008,27.666667457000074],[82.71370457800003,27.66491201900004],[82.71507989000008,27.662921269000037],[82.71838526500005,27.66190727000003],[82.72177370300005,27.66164752000003],[82.72113901500006,27.659493832000067],[82.72142351600007,27.657610332000047],[82.72288395300006,27.657179332000055],[82.72587776500006,27.658953144000066],[82.72754426500006,27.658232957000052],[82.72915814100008,27.655271894000066],[82.73077332800005,27.654569207000065],[82.73261245300006,27.652081707000036],[82.73233564000003,27.65062845700004],[82.73337351600009,27.64862320700007],[82.73280214100004,27.647742582000035],[82.73063257700005,27.647720457000048],[82.73050489000008,27.645043457000043],[82.73297920300007,27.644993957000054],[82.73458720300005,27.646278832000064],[82.73528589100005,27.642587332000062],[82.73793420300007,27.643132645000037],[82.73978926500007,27.63947195700007],[82.73944295300004,27.636862957000062],[82.73705982800004,27.635765082000034],[82.73860232800007,27.632927332000065],[82.74017726600005,27.63219483200004],[82.73921657800008,27.63055714500007],[82.73581295300005,27.628969394000023],[82.73589501600009,27.62778114500003],[82.73853132800008,27.626275457000077],[82.73671989000007,27.62422620700005],[82.73363132800006,27.624500332000025],[82.73317845300005,27.623268832000065],[82.73715145300008,27.622601145000033],[82.73805764000008,27.620752582000023],[82.73602951500004,27.62028964500007],[82.73525076500005,27.61796320700006],[82.73714545200005,27.615893519000053],[82.73652345300007,27.614527332000023],[82.73822232800006,27.611248707000072],[82.73685689100006,27.609472019000066],[82.73799451500008,27.60789402000006],[82.74436651500008,27.604299082000068],[82.74560482800007,27.601706644000046],[82.74736320300008,27.600134207000053],[82.74663170200006,27.59606420700004],[82.74688114000008,27.59514589500003],[82.75172195300007,27.593644020000056],[82.75675707700003,27.589156519000028],[82.75778689100008,27.587575145000073],[82.75725220300006,27.586094769000056],[82.75438257800005,27.58468601900006],[82.75280870300008,27.579647394000062],[82.75300139000007,27.576975520000076],[82.75068801500004,27.575549082000066],[82.75108189100007,27.573720644000048],[82.74975214100004,27.57110502000006],[82.75050307800007,27.569719707000047],[82.75298626600005,27.567230832000064],[82.75340032800005,27.565479269000036],[82.75239695300007,27.563899957000046],[82.74989601500005,27.56260045700003],[82.75248139100006,27.56188814500007],[82.75590507800007,27.559886019000032],[82.76248282800003,27.559789082000066],[82.76532870300008,27.559144332000074],[82.76838126600006,27.55756045700008],[82.76931214000007,27.555497519000028],[82.77316257800004,27.553690520000032],[82.77584820300007,27.558429707000073],[82.77841776500009,27.559120144000076],[82.78359426600008,27.559337019000054],[82.78645876500008,27.558881519000067],[82.79371170300004,27.559729770000047],[82.79472170300005,27.561308894000035],[82.79711357800005,27.56319552000008],[82.80216251500008,27.560987457000067],[82.80315651500007,27.55900377000006],[82.80250807800007,27.55769408200007],[82.80490814000007,27.555032082000025],[82.80654589100004,27.554698707000057],[82.80783995300004,27.552755957000045],[82.81078882800006,27.550825019000058],[82.81725095300004,27.54968889400004],[82.82004689100006,27.549520894000068],[82.82368957800009,27.55033695700007],[82.82385720300005,27.55227420700004],[82.82567170300007,27.55640945700003],[82.82670101500008,27.559809269000027],[82.82665120300004,27.56330826900006],[82.82441664100008,27.570188957000028],[82.82397789000004,27.572247395000034]]]}},{"type":"Feature","properties":{"STATE_CODE":5,"DISTRICT":"KAPILBASTU","GaPa_NaPa":"Buddhabhumi","Type_GN":"Nagarpalika","Province":"5","provinceId":"5","provinceCode":"5","provinceName":"Lumbini","districtId":"509","districtName":"Kapilbastu","municipalityId":"50902","municipalityCode":"50902","municipalityName":"Buddhabhumi Urban Municipality","municipalityNameNe":"बुद्धभूमी नगरपालिका","municipalityType":"municipality"},"geometry":{"type":"Polygon","coordinates":[[[83.07941582800004,27.767378207000036],[83.07682376600008,27.764662457000043],[83.07478564000007,27.764326207000067],[83.07160195300008,27.765259270000058],[83.06871539100007,27.764317020000078],[83.06954157800004,27.762874020000027],[83.06852745300006,27.75987314400004],[83.06872976600005,27.758421457000054],[83.06539620300003,27.75827945700007],[83.06219707800005,27.75995670700007],[83.06372295300008,27.763193520000073],[83.06107251500003,27.76434426900005],[83.05953945400006,27.763537394000025],[83.05799676600003,27.76112170700003],[83.05682751600006,27.76041658200006],[83.05458382800003,27.756515957000033],[83.05374026600003,27.757748895000077],[83.05310645400004,27.762333770000055],[83.05123126600006,27.763476144000037],[83.05200545300005,27.76453970700004],[83.05116126600007,27.766826207000065],[83.05188214100008,27.76838570700005],[83.05041582800004,27.769533082000066],[83.04878851600006,27.773224457000026],[83.03846451600003,27.779930832000048],[83.03494264100004,27.78359302000007],[83.03466051600003,27.78778314500005],[83.03534582900005,27.792311769000037],[83.03287551600005,27.795611145000066],[83.02835807800005,27.79694895700004],[83.02544239000008,27.797406769000077],[83.02397451500008,27.798693769000067],[83.02243432800003,27.802883957000063],[83.02221989100008,27.80556964500005],[83.02283645300008,27.80788439400004],[83.02128482900008,27.80911208200007],[83.01837176500004,27.809490707000066],[83.01838845400005,27.81123045700008],[83.02168851600004,27.816768145000026],[83.02203907800003,27.818747083000062],[83.02055814000005,27.819824082000025],[83.01972957800007,27.817446895000046],[83.01844514100003,27.81681277000007],[83.01380420300006,27.812605707000046],[83.01266545300007,27.81102045800003],[83.01067582800005,27.805469395000046],[83.00805926500004,27.80272508200005],[83.00612670300006,27.798437895000063],[83.00090614100003,27.794803770000044],[82.99902714100006,27.792944582000075],[82.99324557800009,27.792081332000066],[82.98506464000008,27.79434539500005],[82.98305057800007,27.79296789500006],[82.97527182800007,27.79419864500005],[82.97002720300003,27.792842019000034],[82.96511614100007,27.795011895000073],[82.96263014100003,27.795430957000065],[82.96000239100005,27.79277595700006],[82.95769045300005,27.792203520000044],[82.95493276500008,27.790197207000062],[82.95147989100008,27.791700770000034],[82.94685807800005,27.790000519000046],[82.94396670400005,27.78990170700007],[82.94080039100004,27.78784689400004],[82.93908739100004,27.787729957000067],[82.93654064000003,27.785111207000057],[82.93441557800008,27.78501364500005],[82.93184420300008,27.78415676900005],[82.93060245300006,27.78446983200007],[82.92721895300008,27.78739239400005],[82.92330270400004,27.78633314500007],[82.92117745400003,27.78459052000005],[82.91925189100004,27.78561108200006],[82.91607820300004,27.788959270000078],[82.91356020300003,27.787969332000046],[82.91199189100007,27.788042707000045],[82.91265276600006,27.77953302000003],[82.91342745300005,27.778257583000027],[82.91289976500008,27.775261708000073],[82.91127070300007,27.77244214500007],[82.90949989100005,27.771383582000055],[82.90854139000004,27.76976058200006],[82.90829226600005,27.767495645000054],[82.90698901600007,27.762905270000033],[82.90822701600007,27.762407332000066],[82.90933920300006,27.759131082000067],[82.90949276600008,27.755939770000055],[82.90741845300005,27.752663145000042],[82.90809945400008,27.74983701900004],[82.90716382800008,27.746729583000047],[82.90792757800006,27.743261020000034],[82.91173445400005,27.73863645700004],[82.91561107800004,27.735250957000062],[82.91824070400008,27.732051957000067],[82.91921107800005,27.732064020000053],[82.91949739100005,27.72955058200006],[82.91888232800005,27.72840864500006],[82.91613514000005,27.72748914500005],[82.91341989100005,27.724570895000056],[82.91349576500005,27.722574707000035],[82.91488976500005,27.721191332000046],[82.91397026500005,27.718605207000053],[82.91584782800004,27.71728876900005],[82.91282845300003,27.71537214400007],[82.91407739100003,27.712178082000037],[82.91658795300003,27.713456707000034],[82.91797907800003,27.712608019000072],[82.91859432800004,27.710568644000034],[82.92021264000005,27.711066395000046],[82.91935789100006,27.712614270000074],[82.92184214100007,27.712552395000046],[82.92282020300007,27.711380019000046],[82.92279232800007,27.70941458200008],[82.92101607800004,27.707482957000025],[82.92512039100006,27.70575277000006],[82.92544876600004,27.704451207000034],[82.92247820300008,27.703164645000072],[82.92477357800004,27.70175889400008],[82.92339826600005,27.699694957000077],[82.92621657800004,27.697167270000023],[82.92690339000006,27.694492207000053],[82.92521101600005,27.692877145000068],[82.92578126600006,27.690717833000065],[82.92382782800007,27.688917957000058],[82.92208339000007,27.685939707000045],[82.92359807800005,27.684821145000058],[82.92295607900007,27.682760707000057],[82.92036914100004,27.68299551900003],[82.91719582900004,27.681513207000023],[82.91838832800005,27.67868870700005],[82.92020589100008,27.678720957000053],[82.91885595400004,27.675308020000045],[82.91632414000009,27.67427970700004],[82.91783732800008,27.671719395000025],[82.91711526600005,27.670409645000063],[82.91461720300003,27.66962295700006],[82.91830926600005,27.665938082000025],[82.91861401600005,27.664196394000044],[82.91655464100006,27.662914520000072],[82.91701226500004,27.660352769000042],[82.91404982800003,27.65811395700007],[82.91507051600007,27.655737083000076],[82.91770864100005,27.655064957000036],[82.91851657900008,27.653819208000073],[82.91765439000005,27.649514270000054],[82.91803270300005,27.64795364400004],[82.91966064000007,27.64695777000003],[82.91860507900003,27.645627395000076],[82.91561001600007,27.646127457000034],[82.91452439100004,27.645604520000063],[82.91479526600006,27.64207333300004],[82.91607195300008,27.641614020000077],[82.91936620300004,27.642819770000074],[82.91861701600004,27.640936707000037],[82.91714907800008,27.64026420700003],[82.91760482800004,27.638877957000034],[82.92013214000008,27.63800189500006],[82.92190226500009,27.635533770000052],[82.92069139100005,27.633031208000034],[82.92347589100007,27.632687332000046],[82.92459132800008,27.63432952000005],[82.92341151600004,27.63593583200003],[82.92467276600007,27.637240770000062],[82.92688501500004,27.635863457000028],[82.92622226600008,27.63216033200007],[82.92906339100006,27.631458020000025],[82.93058107800005,27.632448957000065],[82.92951020300006,27.634191583000074],[82.93106789100005,27.634887207000077],[82.93249801600007,27.633388832000037],[82.93117464100004,27.631201332000046],[82.93268245300004,27.630111894000038],[82.93453307900006,27.631385082000065],[82.93541839100004,27.629731269000047],[82.93479701600006,27.62748152000006],[82.93737782800008,27.627415582000026],[82.93596801500007,27.624209895000035],[82.93527732800004,27.62136620700005],[82.93345357800007,27.61710370700007],[82.93222851600007,27.616548270000067],[82.93291670300005,27.614543207000054],[82.93346470300008,27.61020183200003],[82.93301326600005,27.60865958200003],[82.92803445300007,27.603695832000028],[82.92082889000005,27.603518144000077],[82.91098607800006,27.60387220700005],[82.91264864000004,27.599503582000068],[82.91304926600003,27.596149395000054],[82.91247207800006,27.594294707000074],[82.91652889000005,27.592282269000066],[82.91876376500005,27.589664395000057],[82.92041539000007,27.584546457000044],[82.92235626600007,27.58569645700004],[82.92287814000008,27.587167082000065],[82.93419426600008,27.58597958200005],[82.93653164100004,27.586144207000075],[82.93751745400004,27.58810801900006],[82.94052095300003,27.588469332000045],[82.93778432800008,27.591162707000024],[82.93773570300004,27.594169957000076],[82.94206220300003,27.59975577000006],[82.94492251500003,27.602464707000024],[82.94768101600005,27.602034394000043],[82.95300501600008,27.599653645000046],[82.95585845300008,27.598880894000047],[82.95900707800007,27.59695514400005],[82.96049264100003,27.60180377000006],[82.96037732800005,27.605167019000078],[82.96275920400006,27.60673495700007],[82.96693157800007,27.60541220700003],[82.97198145300007,27.604258395000045],[82.97232420300008,27.60254164400004],[82.96914701600008,27.600931957000057],[82.96779470300004,27.599495895000075],[82.96868045400004,27.59621958200006],[82.97040957800004,27.59551270700007],[82.97390895300003,27.59531745700008],[82.97490576600006,27.59402970700006],[82.97559489000008,27.591449082000054],[82.97794932800008,27.588296395000043],[82.97826932800007,27.586689957000033],[82.97704082800004,27.585394832000077],[82.97517382800004,27.585223145000043],[82.97275495400004,27.58584833200007],[82.97079551600007,27.58533970700006],[82.97174107800004,27.582079582000063],[82.97200032800004,27.578782769000043],[82.97747926600005,27.578942769000037],[82.98145420300006,27.57966695700003],[82.98436726600005,27.579489832000036],[82.98802095400004,27.577321019000067],[82.99132126600006,27.573457457000075],[82.99211514100006,27.57186120700004],[82.99243820400005,27.56864827000004],[82.99139526600004,27.565987394000047],[82.98995095300006,27.56407026900007],[82.99070439100007,27.561559895000073],[82.99487676500007,27.56094264400008],[82.99520001600007,27.558569145000035],[82.99305451500004,27.556364957000028],[82.99365914100008,27.554715395000073],[82.99310357800005,27.553201957000056],[82.99281032800008,27.549271644000044],[82.99764201600004,27.549252457000023],[83.00210807800005,27.54959589400005],[83.00752495300003,27.548942020000027],[83.01257839100003,27.547039832000053],[83.01436307900008,27.547900895000055],[83.01505076600006,27.55115708200003],[83.01494282900006,27.555314707000036],[83.01664095400008,27.559085769000035],[83.01741476500007,27.562417082000024],[83.02016257800005,27.566894957000045],[83.02170295300004,27.57021583200003],[83.02351957800005,27.571232645000066],[83.02753289100008,27.571881332000032],[83.03204357800007,27.57317183200007],[83.03599239100004,27.573034582000048],[83.03790051600004,27.57221976900007],[83.04003982800003,27.57240377000005],[83.04418482900007,27.576168832000064],[83.05243832900004,27.578632895000055],[83.05466782900004,27.580270394000024],[83.05575507800006,27.582130207000034],[83.05558176600005,27.586251332000074],[83.05597564100003,27.588381769000023],[83.05725320300007,27.589536644000077],[83.06299745400008,27.589631894000036],[83.06487664100007,27.589924457000052],[83.06851832900009,27.591690769000024],[83.07106295400007,27.595225395000057],[83.07102395300006,27.597515332000057],[83.06859582800007,27.60259833200007],[83.06878176500004,27.604494895000073],[83.07076932800004,27.607473019000054],[83.07547720300005,27.60987814500004],[83.07443664100003,27.612867582000035],[83.06889726600008,27.61454308200007],[83.06702532800006,27.616407770000023],[83.06798770300009,27.618298269000036],[83.06699714000007,27.621001394000075],[83.07086376500007,27.620970957000054],[83.07082957800003,27.622360644000025],[83.06937776600006,27.624598207000076],[83.06732126600008,27.625240957000074],[83.06698507800007,27.62754014500007],[83.06499995400003,27.62789902000003],[83.06330826600004,27.630283832000032],[83.06555607800004,27.630578832000026],[83.06303389000004,27.632678207000026],[83.06477814100003,27.63336464400004],[83.06724464100006,27.635247207000077],[83.06750920400003,27.63670202000003],[83.06580045300007,27.639732020000054],[83.06677276500005,27.64036126900004],[83.07792214100004,27.64125045700007],[83.08857326600008,27.641399832000047],[83.08961907800006,27.64254614400005],[83.09001514100004,27.64478476900007],[83.09123832800003,27.646584270000062],[83.09307970300006,27.64770870700005],[83.09641976600005,27.64816145700007],[83.09885945300005,27.64941383200005],[83.09975776600004,27.650462082000047],[83.10270657800004,27.656356644000027],[83.10376895300004,27.65946820700003],[83.10804082800007,27.662246269000036],[83.11336820300005,27.664545770000075],[83.11531676600003,27.666629519000026],[83.11751676600005,27.672126395000078],[83.11514051600005,27.673839582000028],[83.11273707800007,27.67404758200007],[83.11213720300003,27.67485602000005],[83.11679814100006,27.67824095700007],[83.12004064000007,27.679448394000076],[83.11801820300008,27.681639957000073],[83.11586720300005,27.681795457000078],[83.11150826600004,27.681167394000056],[83.10340126600005,27.67614677000006],[83.10186489100005,27.67569908200005],[83.09835926600005,27.67667139400004],[83.08664739100004,27.674015707000024],[83.08156020400008,27.672030395000036],[83.07943689100006,27.67272027000007],[83.08160420300004,27.677946707000046],[83.08157439100006,27.682416207000074],[83.08409232900004,27.686929708000036],[83.08582151500008,27.68873489400005],[83.08511126600007,27.691151207000075],[83.08568970400006,27.69242077000007],[83.08558064100004,27.694865957000047],[83.08200982800008,27.700925269000038],[83.08209357800007,27.704576519000057],[83.08045714100007,27.705908145000024],[83.08100982800005,27.708515582000075],[83.08018764100007,27.71110264500004],[83.08233020300008,27.712549582000065],[83.08169207900005,27.715636457000073],[83.08021714000006,27.718650082000067],[83.08048514100005,27.72266808200004],[83.08017457900007,27.72432664400003],[83.07753939100007,27.728469707000045],[83.07432864100008,27.73235614500004],[83.06992576600004,27.733375894000062],[83.06951170300005,27.737075582000045],[83.06939770300005,27.741946145000043],[83.07100270300003,27.74344370700004],[83.07247170300008,27.746447708000062],[83.07437682800008,27.751370144000077],[83.07594164100004,27.75273214400005],[83.07793007800007,27.755554457000073],[83.07967489100008,27.75647989500004],[83.07915426600005,27.75901245700004],[83.07932482900003,27.762400270000057],[83.08043682900006,27.763793020000037],[83.07941582800004,27.767378207000036]]]}},{"type":"Feature","properties":{"STATE_CODE":5,"DISTRICT":"KAPILBASTU","GaPa_NaPa":"Kapilbastu","Type_GN":"Nagarpalika","Province":"5","provinceId":"5","provinceCode":"5","provinceName":"Lumbini","districtId":"509","districtName":"Kapilbastu","municipalityId":"50907","municipalityCode":"50907","municipalityName":"Kapilbastu Urban Municipality","municipalityNameNe":"कपिलबस्तु नगरपालिका","municipalityType":"municipality"},"geometry":{"type":"Polygon","coordinates":[[[83.14242726600008,27.60196626900006],[83.13964426500007,27.602420645000052],[83.14037126600005,27.605092144000025],[83.13806932800009,27.607212332000074],[83.13868057800005,27.608842957000036],[83.13879551600007,27.611844645000076],[83.14106857800004,27.615784769000072],[83.14166220400006,27.617952270000046],[83.14056670400004,27.619926582000062],[83.14089220300008,27.62630045700007],[83.14062732900004,27.630412144000047],[83.13572520300005,27.63131583200004],[83.13268764100008,27.632303207000064],[83.13153664100008,27.634006270000043],[83.12958164100007,27.632766582000045],[83.12745026600004,27.629736394000076],[83.11807832800008,27.630803082000057],[83.11581301600006,27.62986358200004],[83.11768414000005,27.636834020000038],[83.11711501600007,27.63845495700008],[83.11343220300006,27.639302395000072],[83.10953632900004,27.638907395000047],[83.10786251600007,27.64058664500004],[83.10602639100006,27.643636645000072],[83.10341701600004,27.643161769000073],[83.10197607800006,27.64585776900003],[83.09885945300005,27.64941383200005],[83.09641976600005,27.64816145700007],[83.09307970300006,27.64770870700005],[83.09123832800003,27.646584270000062],[83.09001514100004,27.64478476900007],[83.08961907800006,27.64254614400005],[83.08857326600008,27.641399832000047],[83.07792214100004,27.64125045700007],[83.06677276500005,27.64036126900004],[83.06580045300007,27.639732020000054],[83.06750920400003,27.63670202000003],[83.06724464100006,27.635247207000077],[83.06477814100003,27.63336464400004],[83.06303389000004,27.632678207000026],[83.06555607800004,27.630578832000026],[83.06330826600004,27.630283832000032],[83.06499995400003,27.62789902000003],[83.06698507800007,27.62754014500007],[83.06732126600008,27.625240957000074],[83.06937776600006,27.624598207000076],[83.07082957800003,27.622360644000025],[83.07086376500007,27.620970957000054],[83.06699714000007,27.621001394000075],[83.06798770300009,27.618298269000036],[83.06702532800006,27.616407770000023],[83.06889726600008,27.61454308200007],[83.07443664100003,27.612867582000035],[83.07547720300005,27.60987814500004],[83.07076932800004,27.607473019000054],[83.06878176500004,27.604494895000073],[83.06859582800007,27.60259833200007],[83.07102395300006,27.597515332000057],[83.07106295400007,27.595225395000057],[83.06851832900009,27.591690769000024],[83.06487664100007,27.589924457000052],[83.06299745400008,27.589631894000036],[83.05725320300007,27.589536644000077],[83.05597564100003,27.588381769000023],[83.05558176600005,27.586251332000074],[83.05575507800006,27.582130207000034],[83.05466782900004,27.580270394000024],[83.05243832900004,27.578632895000055],[83.04418482900007,27.576168832000064],[83.04003982800003,27.57240377000005],[83.03790051600004,27.57221976900007],[83.03599239100004,27.573034582000048],[83.03204357800007,27.57317183200007],[83.02753289100008,27.571881332000032],[83.02351957800005,27.571232645000066],[83.02170295300004,27.57021583200003],[83.02016257800005,27.566894957000045],[83.01741476500007,27.562417082000024],[83.01664095400008,27.559085769000035],[83.01494282900006,27.555314707000036],[83.01505076600006,27.55115708200003],[83.01436307900008,27.547900895000055],[83.01257839100003,27.547039832000053],[83.00752495300003,27.548942020000027],[83.00210807800005,27.54959589400005],[82.99764201600004,27.549252457000023],[82.99281032800008,27.549271644000044],[82.98989889100005,27.544478395000056],[82.98742257800006,27.542192769000053],[82.98629289100006,27.537994582000067],[82.98726226500008,27.53552195700007],[82.99108164100005,27.532226207000065],[82.99499445300006,27.529657519000068],[82.99624295300003,27.527836644000047],[82.99685332800004,27.522890707000045],[82.99600051600004,27.519669269000076],[82.99469057800007,27.517744207000078],[83.00470320300008,27.51518308200008],[83.00770982800003,27.514760082000066],[83.01591451600007,27.512284457000078],[83.01683957800003,27.511135832000036],[83.01285426600003,27.506572332000076],[83.01764257800005,27.505920332000073],[83.01752095400008,27.501566957000023],[83.01374932900006,27.497792520000075],[83.01130326600008,27.497235894000028],[83.01049014100005,27.49577927000007],[83.01081470300005,27.494206707000046],[83.01315545300008,27.49363214500005],[83.01657182900004,27.491291707000073],[83.01898107800008,27.48803245700003],[83.02529739100004,27.484254582000062],[83.02843007800004,27.48525127000005],[83.02890082800008,27.48620895700003],[83.03216401600008,27.486247519000074],[83.03417701600006,27.48900745700007],[83.03660364000007,27.488739957000064],[83.03739626500004,27.489679582000065],[83.03749526600006,27.494258394000042],[83.04036657900008,27.49757470700007],[83.04089614100008,27.502021144000025],[83.03810101600004,27.505203582000036],[83.03772845300006,27.51032289400007],[83.04120095400003,27.51392770700005],[83.04223226600004,27.51356252000005],[83.04609820300004,27.515188832000035],[83.04857020300005,27.51518545700003],[83.05091307800006,27.513303832000076],[83.05237451600004,27.510583644000064],[83.05243895300003,27.508975270000064],[83.05360039100003,27.507211957000038],[83.05327826600006,27.50600714500007],[83.05536389100007,27.505621957000074],[83.05575232900009,27.503402082000036],[83.05787982900006,27.50347745700003],[83.06015870400006,27.508012332000078],[83.06198639100006,27.50969658200006],[83.06557739000004,27.511837207000042],[83.06837264100005,27.514457581000045],[83.07118989100007,27.51369126900005],[83.07140495300007,27.516332582000075],[83.07458776600004,27.52008127000005],[83.07708226600005,27.519064395000044],[83.07998551600008,27.519483019000063],[83.08200682800003,27.517912457000023],[83.08194220300004,27.516323519000025],[83.08321082900005,27.515366206000067],[83.08695270400005,27.51543814400003],[83.08858695300006,27.514557644000035],[83.09237195300005,27.51453501900005],[83.09230701600006,27.511738957000034],[83.08748945300005,27.50919833200004],[83.08877945300003,27.50551983200006],[83.09538064100008,27.504730394000035],[83.10019676600007,27.503786895000076],[83.10660532800006,27.50552270700007],[83.10847651600005,27.506958457000053],[83.10991839000008,27.51065008200004],[83.10948895300004,27.51231708200004],[83.10996270300006,27.514384644000074],[83.10910320300007,27.516260957000043],[83.11211407900004,27.516564519000042],[83.11413476600006,27.514264645000026],[83.11621864100005,27.513898832000052],[83.11674307800007,27.51905345600005],[83.12007557800007,27.521215832000053],[83.12115432800005,27.527903770000023],[83.12329557800007,27.52939520700005],[83.12486501600006,27.52925620700006],[83.12577295300008,27.53103089500007],[83.12968732900003,27.53606908200004],[83.12800782800008,27.539713895000034],[83.12459589100007,27.542300769000065],[83.12326907800008,27.544729269000072],[83.11907364100006,27.54759539400004],[83.11695964000006,27.550382144000025],[83.11630151600008,27.55563076900006],[83.11512270400004,27.56103402000008],[83.11689707800008,27.565127019000045],[83.11594695300005,27.567257707000067],[83.11673870300007,27.571816082000055],[83.11805932800007,27.57338589400007],[83.11944726600007,27.57652195600008],[83.12990070300003,27.579207520000068],[83.13156320300004,27.585995957000023],[83.14127620300007,27.59590083200004],[83.14297345300008,27.599074769000026],[83.14242726600008,27.60196626900006]]]}},{"type":"Feature","properties":{"STATE_CODE":5,"DISTRICT":"KAPILBASTU","GaPa_NaPa":"Krishnanagar","Type_GN":"Nagarpalika","Province":"5","provinceId":"5","provinceCode":"5","provinceName":"Lumbini","districtId":"509","districtName":"Kapilbastu","municipalityId":"50905","municipalityCode":"50905","municipalityName":"Krishnanagar Urban Municipality","municipalityNameNe":"कृष्णनगर नगरपालिका","municipalityType":"municipality"},"geometry":{"type":"Polygon","coordinates":[[[82.87150870300007,27.56813145700005],[82.86736107800004,27.56948758200008],[82.86054570300007,27.572365020000063],[82.85758139000006,27.571499020000033],[82.85561082800007,27.569736457000033],[82.85409882800008,27.570443769000065],[82.84250332800008,27.56896233200007],[82.84153857800004,27.568970019000062],[82.83534014100007,27.570669019000036],[82.83534870300008,27.571510645000046],[82.83143745300004,27.572188520000054],[82.82397789000004,27.572247395000034],[82.82441664100008,27.570188957000028],[82.82665120300004,27.56330826900006],[82.82670101500008,27.559809269000027],[82.82567170300007,27.55640945700003],[82.82385720300005,27.55227420700004],[82.82368957800009,27.55033695700007],[82.82004689100006,27.549520894000068],[82.81725095300004,27.54968889400004],[82.81078882800006,27.550825019000058],[82.80783995300004,27.552755957000045],[82.80654589100004,27.554698707000057],[82.80490814000007,27.555032082000025],[82.80250807800007,27.55769408200007],[82.80315651500007,27.55900377000006],[82.80216251500008,27.560987457000067],[82.79711357800005,27.56319552000008],[82.79472170300005,27.561308894000035],[82.79371170300004,27.559729770000047],[82.78645876500008,27.558881519000067],[82.78359426600008,27.559337019000054],[82.77841776500009,27.559120144000076],[82.77584820300007,27.558429707000073],[82.77316257800004,27.553690520000032],[82.76931214000007,27.555497519000028],[82.76838126600006,27.55756045700008],[82.76532870300008,27.559144332000074],[82.76248282800003,27.559789082000066],[82.75590507800007,27.559886019000032],[82.75248139100006,27.56188814500007],[82.74989601500005,27.56260045700003],[82.74768207800008,27.562345831000073],[82.74549432700007,27.560505394000074],[82.74606176500004,27.55836258200003],[82.74874132800005,27.55578083200004],[82.74854451500005,27.554495270000075],[82.74455089100007,27.55422914500008],[82.74295089100008,27.55337083200004],[82.74301195300006,27.55206508200007],[82.74019457800006,27.55063395700006],[82.74274989100007,27.549258207000037],[82.74025282800005,27.548003770000037],[82.73986826500004,27.54629008200004],[82.74266345300003,27.54464801900008],[82.74356707800007,27.539933957000073],[82.74424857800005,27.538825582000072],[82.74375764100006,27.537034207000033],[82.74601445300004,27.535445957000036],[82.74500701500006,27.53372664500006],[82.74619495300004,27.530165769000064],[82.74917432800004,27.526050207000026],[82.75045676600007,27.526562644000023],[82.75143451600007,27.522654644000056],[82.74930676500009,27.519578395000053],[82.74838701500005,27.520817769000075],[82.74549164000007,27.52044201900003],[82.74423539000009,27.52113901900003],[82.74410657800007,27.51802658200006],[82.74068270300006,27.518566457000077],[82.73873689100003,27.517871957000068],[82.73815064100006,27.515215520000027],[82.73924314100003,27.51392139400008],[82.73914014000007,27.510502332000044],[82.73727820300007,27.508427769000036],[82.73694676600007,27.505985769000063],[82.73714207800003,27.50276120700005],[82.73774914100005,27.502362832000074],[82.76778451600006,27.50075720700005],[82.78728076500005,27.50001695700007],[82.80390364000004,27.496345519000045],[82.82294520400006,27.499671207000063],[82.83493851500003,27.50188620700004],[82.85104851600005,27.499314957000024],[82.86093345300003,27.498750957000027],[82.87233501500003,27.498428644000057],[82.88178501600004,27.49848008200007],[82.89483514100004,27.499640269000054],[82.89417770300008,27.501492020000057],[82.89475414100008,27.504896769000027],[82.89549851500004,27.50629033200005],[82.89503039000004,27.510523895000063],[82.89320432800008,27.511840582000048],[82.89375120300008,27.51346039400005],[82.89597832800007,27.51575920700003],[82.89720576500008,27.518772082000055],[82.89916651600004,27.52045270700006],[82.89902132800006,27.52350208200005],[82.89971957800003,27.525084770000035],[82.89731807900006,27.52840726900007],[82.89238964000003,27.52940595700005],[82.89014451600008,27.532402457000046],[82.89099264100008,27.533990894000056],[82.89572245300008,27.53446395700007],[82.89389914100008,27.539041019000024],[82.89288651500004,27.540407019000043],[82.89087064000006,27.541507770000067],[82.88786257800007,27.541750019000062],[82.88339407900008,27.539936270000055],[82.88217789100008,27.538554645000033],[82.87934914000004,27.53958558200003],[82.87469964000007,27.54053170700007],[82.86562657800005,27.54184783200003],[82.86382689100003,27.54178126900007],[82.86167514100003,27.544340270000077],[82.86229832800007,27.54644145700007],[82.86172507800006,27.551556207000033],[82.86247607800004,27.552622770000028],[82.86569451600008,27.554668457000048],[82.86690520400003,27.556338894000078],[82.86897951500004,27.55777051900003],[82.87034182800005,27.559478269000067],[82.86957970300006,27.563404707000075],[82.87112451600007,27.565903707000075],[82.87150870300007,27.56813145700005]]]}},{"type":"Feature","properties":{"STATE_CODE":5,"DISTRICT":"KAPILBASTU","GaPa_NaPa":"Maharajgunj","Type_GN":"Nagarpalika","Province":"5","provinceId":"5","provinceCode":"5","provinceName":"Lumbini","districtId":"509","districtName":"Kapilbastu","municipalityId":"50906","municipalityCode":"50906","municipalityName":"Maharajganj Urban Municipality","municipalityNameNe":"महाराजगन्ज नगरपालिका","municipalityType":"municipality"},"geometry":{"type":"Polygon","coordinates":[[[82.99281032800008,27.549271644000044],[82.99310357800005,27.553201957000056],[82.99365914100008,27.554715395000073],[82.99305451500004,27.556364957000028],[82.99520001600007,27.558569145000035],[82.99487676500007,27.56094264400008],[82.99070439100007,27.561559895000073],[82.98995095300006,27.56407026900007],[82.99139526600004,27.565987394000047],[82.99243820400005,27.56864827000004],[82.99211514100006,27.57186120700004],[82.99132126600006,27.573457457000075],[82.98802095400004,27.577321019000067],[82.98436726600005,27.579489832000036],[82.98145420300006,27.57966695700003],[82.97747926600005,27.578942769000037],[82.97200032800004,27.578782769000043],[82.97174107800004,27.582079582000063],[82.97079551600007,27.58533970700006],[82.97275495400004,27.58584833200007],[82.97517382800004,27.585223145000043],[82.97704082800004,27.585394832000077],[82.97826932800007,27.586689957000033],[82.97794932800008,27.588296395000043],[82.97559489000008,27.591449082000054],[82.97490576600006,27.59402970700006],[82.97390895300003,27.59531745700008],[82.97040957800004,27.59551270700007],[82.96868045400004,27.59621958200006],[82.96779470300004,27.599495895000075],[82.96914701600008,27.600931957000057],[82.97232420300008,27.60254164400004],[82.97198145300007,27.604258395000045],[82.96693157800007,27.60541220700003],[82.96275920400006,27.60673495700007],[82.96037732800005,27.605167019000078],[82.96049264100003,27.60180377000006],[82.95900707800007,27.59695514400005],[82.95585845300008,27.598880894000047],[82.95300501600008,27.599653645000046],[82.94768101600005,27.602034394000043],[82.94492251500003,27.602464707000024],[82.94206220300003,27.59975577000006],[82.93773570300004,27.594169957000076],[82.93778432800008,27.591162707000024],[82.94052095300003,27.588469332000045],[82.93751745400004,27.58810801900006],[82.93653164100004,27.586144207000075],[82.93419426600008,27.58597958200005],[82.92287814000008,27.587167082000065],[82.92235626600007,27.58569645700004],[82.92041539000007,27.584546457000044],[82.91876376500005,27.589664395000057],[82.91652889000005,27.592282269000066],[82.91247207800006,27.594294707000074],[82.90415301500008,27.59222127000004],[82.90392795300005,27.589065207000033],[82.90471157800005,27.587902645000042],[82.90150214100004,27.587229707000063],[82.89876364100007,27.587296082000023],[82.89721157900004,27.586257144000058],[82.89650639000007,27.58415770700003],[82.89755307800004,27.582875457000057],[82.89700707800006,27.580247082000028],[82.89594876500007,27.579694895000046],[82.88852851500008,27.579335644000025],[82.88751139000004,27.576272520000032],[82.88468520300006,27.575963269000056],[82.88220851500006,27.57364651900008],[82.87365445300009,27.569504894000033],[82.87150870300007,27.56813145700005],[82.87112451600007,27.565903707000075],[82.86957970300006,27.563404707000075],[82.87034182800005,27.559478269000067],[82.86897951500004,27.55777051900003],[82.86690520400003,27.556338894000078],[82.86569451600008,27.554668457000048],[82.86247607800004,27.552622770000028],[82.86172507800006,27.551556207000033],[82.86229832800007,27.54644145700007],[82.86167514100003,27.544340270000077],[82.86382689100003,27.54178126900007],[82.86562657800005,27.54184783200003],[82.87469964000007,27.54053170700007],[82.87934914000004,27.53958558200003],[82.88217789100008,27.538554645000033],[82.88339407900008,27.539936270000055],[82.88786257800007,27.541750019000062],[82.89087064000006,27.541507770000067],[82.89288651500004,27.540407019000043],[82.89389914100008,27.539041019000024],[82.89572245300008,27.53446395700007],[82.89099264100008,27.533990894000056],[82.89014451600008,27.532402457000046],[82.89238964000003,27.52940595700005],[82.89731807900006,27.52840726900007],[82.89971957800003,27.525084770000035],[82.89902132800006,27.52350208200005],[82.89916651600004,27.52045270700006],[82.89720576500008,27.518772082000055],[82.89597832800007,27.51575920700003],[82.89375120300008,27.51346039400005],[82.89320432800008,27.511840582000048],[82.89503039000004,27.510523895000063],[82.89549851500004,27.50629033200005],[82.89475414100008,27.504896769000027],[82.89417770300008,27.501492020000057],[82.89483514100004,27.499640269000054],[82.89997251600005,27.49994952000003],[82.91529395300006,27.501161832000037],[82.92713070400004,27.501152082000033],[82.93142289100007,27.50099558200003],[82.94154764100006,27.491156457000045],[82.94674089100005,27.476866019000056],[82.95620432800007,27.467760957000053],[82.96284582800007,27.465824957000052],[82.96564770300006,27.467251456000042],[82.96781801500003,27.46920345700005],[82.96875414100003,27.47074920700004],[82.96796582800005,27.471598520000043],[82.96272232800004,27.472123645000067],[82.96179707800007,27.47337126900004],[82.96223351500004,27.476343832000055],[82.96441332800003,27.47907895700007],[82.96410070300004,27.483149269000023],[82.96514639000003,27.486859707000065],[82.97083720400008,27.48890551900007],[82.97244407800008,27.490176457000075],[82.97521776500008,27.49444995700003],[82.97595026500005,27.497736082000074],[82.97542251500005,27.50069252000003],[82.97427032800005,27.502624457000024],[82.97228989000007,27.50408545700003],[82.96788595300006,27.50546758200005],[82.95828207800008,27.506016457000044],[82.95729976600006,27.506900332000043],[82.95973401500004,27.51095964500007],[82.96239207800005,27.513393707000034],[82.96552345300006,27.51465126900007],[82.96884495300003,27.513786957000036],[82.97410989100007,27.510028457000033],[82.97790557800005,27.509038832000044],[82.98255170400006,27.508502019000048],[82.98534045300005,27.508567519000053],[82.98772164100006,27.51024552000007],[82.99261657800008,27.515278832000035],[82.99469057800007,27.517744207000078],[82.99600051600004,27.519669269000076],[82.99685332800004,27.522890707000045],[82.99624295300003,27.527836644000047],[82.99499445300006,27.529657519000068],[82.99108164100005,27.532226207000065],[82.98726226500008,27.53552195700007],[82.98629289100006,27.537994582000067],[82.98742257800006,27.542192769000053],[82.98989889100005,27.544478395000056],[82.99281032800008,27.549271644000044]]]}},{"type":"Feature","properties":{"STATE_CODE":5,"DISTRICT":"KAPILBASTU","GaPa_NaPa":"Mayadevi","Type_GN":"Gaunpalika","Province":"5","provinceId":"5","provinceCode":"5","provinceName":"Lumbini","districtId":"509","districtName":"Kapilbastu","municipalityId":"50909","municipalityCode":"50909","municipalityName":"Mayadevi Rural Municipality","municipalityNameNe":"मायादेवी गाउँपालिका","municipalityType":"rural_municipality"},"geometry":{"type":"Polygon","coordinates":[[[83.15605976600006,27.59269495700005],[83.15370645300004,27.593125145000045],[83.15413489100007,27.594436520000045],[83.15257457800004,27.59618914400005],[83.15227114100009,27.598227020000024],[83.14971264100006,27.59836708200004],[83.15025576600004,27.600766644000032],[83.14647739100008,27.60277420700004],[83.14485776600003,27.603082332000042],[83.14242726600008,27.60196626900006],[83.14297345300008,27.599074769000026],[83.14127620300007,27.59590083200004],[83.13156320300004,27.585995957000023],[83.12990070300003,27.579207520000068],[83.11944726600007,27.57652195600008],[83.11805932800007,27.57338589400007],[83.11673870300007,27.571816082000055],[83.11594695300005,27.567257707000067],[83.11689707800008,27.565127019000045],[83.11512270400004,27.56103402000008],[83.11630151600008,27.55563076900006],[83.11695964000006,27.550382144000025],[83.11907364100006,27.54759539400004],[83.12326907800008,27.544729269000072],[83.12459589100007,27.542300769000065],[83.12800782800008,27.539713895000034],[83.12968732900003,27.53606908200004],[83.12577295300008,27.53103089500007],[83.12486501600006,27.52925620700006],[83.12329557800007,27.52939520700005],[83.12115432800005,27.527903770000023],[83.12007557800007,27.521215832000053],[83.11674307800007,27.51905345600005],[83.11621864100005,27.513898832000052],[83.11413476600006,27.514264645000026],[83.11211407900004,27.516564519000042],[83.10910320300007,27.516260957000043],[83.10996270300006,27.514384644000074],[83.10948895300004,27.51231708200004],[83.10991839000008,27.51065008200004],[83.10847651600005,27.506958457000053],[83.10660532800006,27.50552270700007],[83.10019676600007,27.503786895000076],[83.09538064100008,27.504730394000035],[83.08877945300003,27.50551983200006],[83.08822014100008,27.504755832000058],[83.08563989100008,27.505255645000034],[83.08361826600003,27.50391783200007],[83.08222039100008,27.500645957000074],[83.08032839100008,27.50028370700005],[83.07742539100008,27.50068645700003],[83.07628595300008,27.499406270000065],[83.07357664100005,27.498068395000075],[83.07299607900006,27.495368082000027],[83.07045895400006,27.493801019000045],[83.07082451600007,27.492345895000028],[83.07473745300007,27.490045644000077],[83.07654345300006,27.489813957000024],[83.08677757800007,27.490131957000074],[83.08985164000006,27.48831089500004],[83.08948576600005,27.48499839400006],[83.08974326600008,27.482452644000034],[83.08920557800008,27.48084483100007],[83.08450014100004,27.476617144000045],[83.08512770300007,27.473110332000033],[83.08762345400004,27.469162270000027],[83.08752032800004,27.46625089500003],[83.08662157800006,27.464144332000046],[83.08288801600008,27.46309089400006],[83.08289089100003,27.461019519000047],[83.08177651600005,27.459775707000063],[83.07907207800008,27.459660832000054],[83.07319782800005,27.454890270000078],[83.07146364100004,27.451383582000062],[83.07685007900005,27.452610769000046],[83.07865307800006,27.452629519000027],[83.11445195400006,27.454296644000067],[83.12401289100006,27.455061082000043],[83.14946132800003,27.456374082000025],[83.15714145300007,27.45705033200005],[83.16650370300005,27.457460895000054],[83.17088814100003,27.457098957000028],[83.17602839000006,27.455619957000067],[83.17463170400003,27.457195644000024],[83.17719845300007,27.457763707000026],[83.17899026600008,27.459396581000078],[83.18019345300007,27.45930439500006],[83.18160739100006,27.460770394000065],[83.18146614100004,27.462046644000054],[83.18321714100006,27.465109832000053],[83.18303501600008,27.466823645000034],[83.18406132800004,27.468828832000042],[83.18428345400008,27.471589707000078],[83.18374020400006,27.473732394000024],[83.18143589100004,27.47598201900007],[83.17699007800007,27.47576851900004],[83.17014282800005,27.477072707000048],[83.17062326600006,27.478332395000052],[83.16862820400007,27.47986839400005],[83.16884926600005,27.486566707000065],[83.16730195400004,27.48863558200003],[83.16643314100008,27.492333145000032],[83.16545114100006,27.494209082000054],[83.16562370300005,27.495649644000025],[83.16403520300008,27.496700644000043],[83.16308695300006,27.50000058200004],[83.16003607900007,27.503007957000023],[83.15942795400008,27.504195707000065],[83.15761932900006,27.514810082000054],[83.15899639100007,27.51663927000004],[83.16120057800003,27.51767245700006],[83.16239639100007,27.520222706000027],[83.16288745400004,27.522768519000067],[83.16639582900007,27.528672020000045],[83.16585001600004,27.53354027000006],[83.16473657800003,27.536588707000078],[83.16389320400003,27.547059957000045],[83.16313732800006,27.549756332000072],[83.16323651600004,27.554071082000064],[83.16221545300004,27.558503207000058],[83.16494195300004,27.561563457000034],[83.15883526500005,27.56289395700003],[83.15959507800005,27.568230394000068],[83.15767982800008,27.568403832000058],[83.15545570300003,27.570136707000074],[83.15582282900004,27.572002707000024],[83.15414432800003,27.573445582000033],[83.15463457900006,27.57613589500005],[83.15572039100005,27.578976457000067],[83.15683701600005,27.578951707000044],[83.15677082800005,27.582888645000025],[83.15475026600006,27.58623383200006],[83.15488489100005,27.587996832000044],[83.15614707800006,27.590060082000036],[83.15605976600006,27.59269495700005]]]}},{"type":"Feature","properties":{"STATE_CODE":5,"DISTRICT":"KAPILBASTU","GaPa_NaPa":"Shivaraj","Type_GN":"Nagarpalika","Province":"5","provinceId":"5","provinceCode":"5","provinceName":"Lumbini","districtId":"509","districtName":"Kapilbastu","municipalityId":"50903","municipalityCode":"50903","municipalityName":"Shivaraj Urban Municipality","municipalityNameNe":"शिवराज नगरपालिका","municipalityType":"municipality"},"geometry":{"type":"Polygon","coordinates":[[[82.91199189100007,27.788042707000045],[82.90895957900005,27.78825795700004],[82.90577407800004,27.79024533200004],[82.90403101600003,27.792781020000064],[82.90085857800005,27.793482270000027],[82.89743145300008,27.793421145000025],[82.89364626600008,27.791547583000067],[82.89062720300007,27.791257144000042],[82.88511801600004,27.79248977000003],[82.88171214000005,27.792505145000064],[82.87918120300003,27.793531520000045],[82.87451614000008,27.792227832000037],[82.86688889100003,27.79269345700004],[82.86466814100004,27.79078227000008],[82.86162820300007,27.790319645000068],[82.85609095300003,27.792110395000066],[82.85080057800008,27.792066457000033],[82.84613370300008,27.793135394000046],[82.84410732800006,27.790365895000036],[82.84257482800007,27.79013870700004],[82.83983045300005,27.790964020000047],[82.83564939100006,27.79093120700003],[82.83241926600004,27.792781020000064],[82.82858407800006,27.792044582000074],[82.82386426600004,27.793299519000072],[82.81951857800004,27.795229832000075],[82.81746301500004,27.795510082000078],[82.81569632800006,27.79365164400008],[82.81390420300005,27.793473895000034],[82.80918301500003,27.794807269000046],[82.80623351500003,27.794842707000043],[82.80730245300003,27.79340576900006],[82.80765501600007,27.791346645000033],[82.80607070300005,27.790295145000073],[82.80543045300004,27.787566457000025],[82.80577257900006,27.785624582000025],[82.80724407800005,27.781989082000052],[82.80609914100006,27.777505207000047],[82.80422351600004,27.775677332000043],[82.80138376600007,27.775758832000065],[82.79979620300008,27.773671582000077],[82.79447589100005,27.772693520000075],[82.79218107800006,27.77187027000008],[82.78770545300006,27.772022895000077],[82.78573557800007,27.769812582000043],[82.78467839100006,27.776553707000062],[82.78355764100007,27.777310957000054],[82.77996151500008,27.776855082000054],[82.77435689100008,27.777340207000066],[82.77196489100004,27.77687676900007],[82.76724007800004,27.77675577000008],[82.76559582800007,27.777077207000048],[82.76089257800004,27.77695620800006],[82.75821639000003,27.777288645000056],[82.75177920300007,27.776948644000072],[82.74987426600006,27.777357832000064],[82.74808970300006,27.77671895700007],[82.74413751600008,27.77663577000004],[82.73754582800007,27.775959770000043],[82.73341882800008,27.774793958000032],[82.73337532800008,27.77417083200004],[82.73603257800005,27.77053802000006],[82.73795882800005,27.769461394000075],[82.74043801500005,27.76981564500005],[82.74405851500006,27.769433458000037],[82.74697514100006,27.769552395000062],[82.74907370300008,27.769090894000044],[82.75251345300006,27.76642814400003],[82.75505101600004,27.765690707000033],[82.75324445300004,27.76449445700007],[82.75670139100004,27.76322833200004],[82.75737764100006,27.761637020000023],[82.75893995300004,27.76242714400007],[82.75966695300008,27.760608457000046],[82.76151145300008,27.761308644000053],[82.76479914100008,27.759997894000037],[82.76435307800006,27.758531894000043],[82.76281964000003,27.75816626900007],[82.76329976500006,27.754732207000075],[82.76456876500004,27.753387582000073],[82.76532839100008,27.749310707000063],[82.76398039000009,27.748527082000066],[82.76387414100003,27.74465689400006],[82.76525139000006,27.74264539400008],[82.76517882800005,27.739043895000066],[82.76653576600006,27.73699389500007],[82.76937345300007,27.73559551900007],[82.76895757800008,27.734551769000063],[82.76589520300007,27.733051207000074],[82.76625370300007,27.730687707000072],[82.76913957800008,27.728486582000073],[82.77173570300005,27.72531945700007],[82.77698464100007,27.72113333200008],[82.77819614000003,27.718274207000036],[82.77788751500003,27.714686457000028],[82.77855326600007,27.712788145000047],[82.77872451600007,27.709651332000078],[82.78146607800005,27.707329082000058],[82.78357195300003,27.702862332000052],[82.78410207800005,27.699257145000047],[82.78634982800008,27.696289644000046],[82.78793364100005,27.690737519000038],[82.79154764000003,27.687996270000042],[82.79256470300004,27.686491207000074],[82.79441732800007,27.681866394000053],[82.79574914000005,27.677399457000035],[82.79272876500005,27.672727707000035],[82.80191370300008,27.669274207000058],[82.80312214100007,27.66553033200006],[82.80606814100008,27.66337402000005],[82.80761739000008,27.661417707000055],[82.81178745300008,27.66074958200005],[82.81202207800004,27.659237707000045],[82.81427657800003,27.65745883200003],[82.81796726500005,27.65734139400007],[82.81985639100003,27.655597707000027],[82.81796989000009,27.65389170700007],[82.81623739100007,27.65353170700007],[82.81556926600007,27.652163270000074],[82.81912107800008,27.64794514400006],[82.82422676500005,27.64458389400005],[82.82449164000008,27.642560082000045],[82.82220120300008,27.64058226900005],[82.82261032800005,27.637512770000058],[82.82367557800006,27.636569707000035],[82.82760301600007,27.636639082000045],[82.83025195400006,27.637550394000073],[82.83219157900004,27.637020707000033],[82.83265126600008,27.634887957000046],[82.83169770300003,27.632506394000075],[82.82990445300004,27.63181439500005],[82.82694020300005,27.63194958200006],[82.82779451600004,27.627737645000025],[82.82793376500007,27.623995769000032],[82.82925382800005,27.62173939400003],[82.82965151600007,27.619450457000028],[82.82790051600006,27.61730808200008],[82.82788157800007,27.61560670700004],[82.82919795300006,27.61210939500006],[82.83359407800003,27.607846020000068],[82.83539145300006,27.606703707000065],[82.83577670300008,27.605274207000036],[82.83419489000005,27.60330708200007],[82.83077389000005,27.600913770000034],[82.83230782800007,27.597170082000048],[82.83202320300006,27.591529395000066],[82.83060076600003,27.590441145000057],[82.82686651600005,27.59066239400005],[82.82506826500008,27.589110645000062],[82.82349745300007,27.583932895000032],[82.82512639000004,27.579770394000036],[82.82496789000004,27.578927457000077],[82.82202376600003,27.576635020000026],[82.82159845300004,27.57502495700004],[82.82397789000004,27.572247395000034],[82.83143745300004,27.572188520000054],[82.83534870300008,27.571510645000046],[82.83534014100007,27.570669019000036],[82.84153857800004,27.568970019000062],[82.84250332800008,27.56896233200007],[82.85409882800008,27.570443769000065],[82.85561082800007,27.569736457000033],[82.85758139000006,27.571499020000033],[82.86054570300007,27.572365020000063],[82.86736107800004,27.56948758200008],[82.87150870300007,27.56813145700005],[82.87365445300009,27.569504894000033],[82.88220851500006,27.57364651900008],[82.88468520300006,27.575963269000056],[82.88751139000004,27.576272520000032],[82.88852851500008,27.579335644000025],[82.89594876500007,27.579694895000046],[82.89700707800006,27.580247082000028],[82.89755307800004,27.582875457000057],[82.89650639000007,27.58415770700003],[82.89721157900004,27.586257144000058],[82.89876364100007,27.587296082000023],[82.90150214100004,27.587229707000063],[82.90471157800005,27.587902645000042],[82.90392795300005,27.589065207000033],[82.90415301500008,27.59222127000004],[82.91247207800006,27.594294707000074],[82.91304926600003,27.596149395000054],[82.91264864000004,27.599503582000068],[82.91098607800006,27.60387220700005],[82.92082889000005,27.603518144000077],[82.92803445300007,27.603695832000028],[82.93301326600005,27.60865958200003],[82.93346470300008,27.61020183200003],[82.93291670300005,27.614543207000054],[82.93222851600007,27.616548270000067],[82.93345357800007,27.61710370700007],[82.93527732800004,27.62136620700005],[82.93596801500007,27.624209895000035],[82.93737782800008,27.627415582000026],[82.93479701600006,27.62748152000006],[82.93541839100004,27.629731269000047],[82.93453307900006,27.631385082000065],[82.93268245300004,27.630111894000038],[82.93117464100004,27.631201332000046],[82.93249801600007,27.633388832000037],[82.93106789100005,27.634887207000077],[82.92951020300006,27.634191583000074],[82.93058107800005,27.632448957000065],[82.92906339100006,27.631458020000025],[82.92622226600008,27.63216033200007],[82.92688501500004,27.635863457000028],[82.92467276600007,27.637240770000062],[82.92341151600004,27.63593583200003],[82.92459132800008,27.63432952000005],[82.92347589100007,27.632687332000046],[82.92069139100005,27.633031208000034],[82.92190226500009,27.635533770000052],[82.92013214000008,27.63800189500006],[82.91760482800004,27.638877957000034],[82.91714907800008,27.64026420700003],[82.91861701600004,27.640936707000037],[82.91936620300004,27.642819770000074],[82.91607195300008,27.641614020000077],[82.91479526600006,27.64207333300004],[82.91452439100004,27.645604520000063],[82.91561001600007,27.646127457000034],[82.91860507900003,27.645627395000076],[82.91966064000007,27.64695777000003],[82.91803270300005,27.64795364400004],[82.91765439000005,27.649514270000054],[82.91851657900008,27.653819208000073],[82.91770864100005,27.655064957000036],[82.91507051600007,27.655737083000076],[82.91404982800003,27.65811395700007],[82.91701226500004,27.660352769000042],[82.91655464100006,27.662914520000072],[82.91861401600005,27.664196394000044],[82.91830926600005,27.665938082000025],[82.91461720300003,27.66962295700006],[82.91711526600005,27.670409645000063],[82.91783732800008,27.671719395000025],[82.91632414000009,27.67427970700004],[82.91885595400004,27.675308020000045],[82.92020589100008,27.678720957000053],[82.91838832800005,27.67868870700005],[82.91719582900004,27.681513207000023],[82.92036914100004,27.68299551900003],[82.92295607900007,27.682760707000057],[82.92359807800005,27.684821145000058],[82.92208339000007,27.685939707000045],[82.92382782800007,27.688917957000058],[82.92578126600006,27.690717833000065],[82.92521101600005,27.692877145000068],[82.92690339000006,27.694492207000053],[82.92621657800004,27.697167270000023],[82.92339826600005,27.699694957000077],[82.92477357800004,27.70175889400008],[82.92247820300008,27.703164645000072],[82.92544876600004,27.704451207000034],[82.92512039100006,27.70575277000006],[82.92101607800004,27.707482957000025],[82.92279232800007,27.70941458200008],[82.92282020300007,27.711380019000046],[82.92184214100007,27.712552395000046],[82.91935789100006,27.712614270000074],[82.92021264000005,27.711066395000046],[82.91859432800004,27.710568644000034],[82.91797907800003,27.712608019000072],[82.91658795300003,27.713456707000034],[82.91407739100003,27.712178082000037],[82.91282845300003,27.71537214400007],[82.91584782800004,27.71728876900005],[82.91397026500005,27.718605207000053],[82.91488976500005,27.721191332000046],[82.91349576500005,27.722574707000035],[82.91341989100005,27.724570895000056],[82.91613514000005,27.72748914500005],[82.91888232800005,27.72840864500006],[82.91949739100005,27.72955058200006],[82.91921107800005,27.732064020000053],[82.91824070400008,27.732051957000067],[82.91561107800004,27.735250957000062],[82.91173445400005,27.73863645700004],[82.90792757800006,27.743261020000034],[82.90716382800008,27.746729583000047],[82.90809945400008,27.74983701900004],[82.90741845300005,27.752663145000042],[82.90949276600008,27.755939770000055],[82.90933920300006,27.759131082000067],[82.90822701600007,27.762407332000066],[82.90698901600007,27.762905270000033],[82.90829226600005,27.767495645000054],[82.90854139000004,27.76976058200006],[82.90949989100005,27.771383582000055],[82.91127070300007,27.77244214500007],[82.91289976500008,27.775261708000073],[82.91342745300005,27.778257583000027],[82.91265276600006,27.77953302000003],[82.91199189100007,27.788042707000045]]]}},{"type":"Feature","properties":{"STATE_CODE":5,"DISTRICT":"KAPILBASTU","GaPa_NaPa":"Suddhodhan","Type_GN":"Gaunpalika","Province":"5","provinceId":"5","provinceCode":"5","provinceName":"Lumbini","districtId":"509","districtName":"Kapilbastu","municipalityId":"50910","municipalityCode":"50910","municipalityName":"Shuddhodhan Rural Municipality","municipalityNameNe":"शुद्धोधन गाउँपालिका","municipalityType":"rural_municipality"},"geometry":{"type":"Polygon","coordinates":[[[83.22154964100008,27.58769383200007],[83.21717364100004,27.588197270000023],[83.21472226600008,27.58564951900007],[83.21275307900004,27.585498519000055],[83.20507539100004,27.583408207000048],[83.20159564100004,27.585488957000052],[83.19755401600008,27.585718332000056],[83.19279814100008,27.586787394000055],[83.19002889100005,27.58682314500004],[83.19146351600006,27.590841082000054],[83.18010470300004,27.595621144000063],[83.17841726600005,27.59278170700003],[83.17791301600005,27.589840894000076],[83.17638326600007,27.586126894000074],[83.17356470300007,27.58635151900006],[83.17101120400008,27.585706832000028],[83.16666670400008,27.586466082000072],[83.16636757900005,27.58792408200003],[83.16210239100008,27.589065020000078],[83.16237782800005,27.591767520000076],[83.16122814100004,27.596036394000066],[83.16204820400003,27.59718758200006],[83.16116420300006,27.598615020000068],[83.15906070400007,27.595382457000028],[83.15605976600006,27.59269495700005],[83.15614707800006,27.590060082000036],[83.15488489100005,27.587996832000044],[83.15475026600006,27.58623383200006],[83.15677082800005,27.582888645000025],[83.15683701600005,27.578951707000044],[83.15572039100005,27.578976457000067],[83.15463457900006,27.57613589500005],[83.15414432800003,27.573445582000033],[83.15582282900004,27.572002707000024],[83.15545570300003,27.570136707000074],[83.15767982800008,27.568403832000058],[83.15959507800005,27.568230394000068],[83.15883526500005,27.56289395700003],[83.16494195300004,27.561563457000034],[83.16221545300004,27.558503207000058],[83.16323651600004,27.554071082000064],[83.16313732800006,27.549756332000072],[83.16389320400003,27.547059957000045],[83.16473657800003,27.536588707000078],[83.16585001600004,27.53354027000006],[83.16639582900007,27.528672020000045],[83.16288745400004,27.522768519000067],[83.16239639100007,27.520222706000027],[83.16120057800003,27.51767245700006],[83.15899639100007,27.51663927000004],[83.15761932900006,27.514810082000054],[83.15942795400008,27.504195707000065],[83.16003607900007,27.503007957000023],[83.16308695300006,27.50000058200004],[83.16403520300008,27.496700644000043],[83.16562370300005,27.495649644000025],[83.16545114100006,27.494209082000054],[83.16643314100008,27.492333145000032],[83.16730195400004,27.48863558200003],[83.16884926600005,27.486566707000065],[83.16862820400007,27.47986839400005],[83.17062326600006,27.478332395000052],[83.17014282800005,27.477072707000048],[83.17699007800007,27.47576851900004],[83.18143589100004,27.47598201900007],[83.18374020400006,27.473732394000024],[83.18428345400008,27.471589707000078],[83.18406132800004,27.468828832000042],[83.18303501600008,27.466823645000034],[83.18321714100006,27.465109832000053],[83.18146614100004,27.462046644000054],[83.18160739100006,27.460770394000065],[83.18019345300007,27.45930439500006],[83.17899026600008,27.459396581000078],[83.17719845300007,27.457763707000026],[83.17463170400003,27.457195644000024],[83.17602839000006,27.455619957000067],[83.18010895300006,27.454865582000025],[83.18988020300003,27.454236770000023],[83.19801151600007,27.44589902000007],[83.20162870300004,27.44000802000005],[83.20723195300008,27.431614457000023],[83.21252245300008,27.424141832000032],[83.21903845300005,27.41767545700003],[83.22053701600004,27.418218582000065],[83.22482514100005,27.421135269000047],[83.22561307800004,27.423689395000054],[83.22517695300007,27.42485133200006],[83.23029307800005,27.428812582000035],[83.23230801600005,27.429401394000024],[83.23331589100007,27.43057576900003],[83.23179357800007,27.434486770000035],[83.22929189100006,27.435242394000056],[83.22635307900003,27.437872895000055],[83.22308770400008,27.438100707000046],[83.22201389100007,27.440475270000036],[83.21969276600004,27.442405019000034],[83.21903114100007,27.444908207000026],[83.21992545400008,27.446352895000075],[83.21919182800008,27.44925051900003],[83.22101214100007,27.450716081000053],[83.21973320400008,27.452608832000067],[83.22171339100004,27.454005331000076],[83.22449476600008,27.45456239400005],[83.22556357800005,27.456587832000025],[83.22590532900006,27.459581769000067],[83.22700320300004,27.460443019000024],[83.22744770300005,27.463040395000064],[83.22841714100008,27.463896457000033],[83.22825164100004,27.466833394000048],[83.22937020400008,27.468822894000027],[83.22838001500008,27.469417707000048],[83.22610245300007,27.46847989400004],[83.22550657800008,27.470942894000075],[83.22648564100007,27.472162269000023],[83.22328926600005,27.472681520000037],[83.22260295300003,27.47422558200003],[83.22405070400004,27.477065457000037],[83.22394026600006,27.479201645000046],[83.22104026600005,27.47980814400006],[83.22318576600009,27.48135458200005],[83.22166001600004,27.48244945700003],[83.22491820400006,27.485601769000027],[83.22374064100006,27.488636832000054],[83.22486726600005,27.489403520000053],[83.22315732900006,27.49131195700005],[83.22424182900005,27.492572519000078],[83.22612164100008,27.49225589400004],[83.22624232900006,27.49503189400008],[83.22910114100006,27.494386645000077],[83.22997664100006,27.497074395000027],[83.23194932900003,27.501232644000027],[83.23029251600008,27.501861957000074],[83.22915439100007,27.504459582000038],[83.23155195400005,27.506666082000038],[83.23277557800003,27.511810645000025],[83.23367482900005,27.51237745700007],[83.23335595300006,27.514889332000052],[83.23428832900004,27.516203207000046],[83.23281714100006,27.518043144000046],[83.23234345400004,27.520147957000063],[83.23051076600007,27.522416832000033],[83.22958370300006,27.522517707000077],[83.22925970300008,27.525144582000053],[83.22722145300008,27.527195645000063],[83.22593945300008,27.529634457000043],[83.22691407800005,27.53096889400007],[83.22645051600006,27.532825582000044],[83.22337857900004,27.534439832000032],[83.22245695300006,27.535955520000073],[83.22252345400005,27.53796408200003],[83.22044426600007,27.539439394000055],[83.21871745300007,27.541731207000055],[83.21919951600006,27.54663933200004],[83.21619864100006,27.54761527000005],[83.21661276600008,27.549544582000067],[83.21456070300007,27.549878144000047],[83.21266295400005,27.55115808200003],[83.21265864100008,27.552825519000066],[83.21132182900004,27.55402739400006],[83.21055657800008,27.55593645700003],[83.20785907800007,27.556309207000027],[83.20626251600004,27.55964858200008],[83.20836982800006,27.56161458200006],[83.20899420400008,27.563129957000058],[83.21078101600006,27.56403139500003],[83.21030820300007,27.565089207000028],[83.21125764100003,27.568860457000028],[83.20866845300003,27.56997395700006],[83.21091620300007,27.57407077000005],[83.21363820300007,27.575467144000072],[83.21379170300008,27.577995145000045],[83.21506576600007,27.579062832000034],[83.21637389100005,27.58500902000003],[83.21886782900003,27.58486739400007],[83.22070914100004,27.585732894000046],[83.22154964100008,27.58769383200007]]]}},{"type":"Feature","properties":{"STATE_CODE":5,"DISTRICT":"KAPILBASTU","GaPa_NaPa":"Yashodhara","Type_GN":"Gaunpalika","Province":"5","provinceId":"5","provinceCode":"5","provinceName":"Lumbini","districtId":"509","districtName":"Kapilbastu","municipalityId":"50908","municipalityCode":"50908","municipalityName":"Yasodhara Rural Municipality","municipalityNameNe":"यसोधरा गाउँपालिका","municipalityType":"rural_municipality"},"geometry":{"type":"Polygon","coordinates":[[[83.08877945300003,27.50551983200006],[83.08748945300005,27.50919833200004],[83.09230701600006,27.511738957000034],[83.09237195300005,27.51453501900005],[83.08858695300006,27.514557644000035],[83.08695270400005,27.51543814400003],[83.08321082900005,27.515366206000067],[83.08194220300004,27.516323519000025],[83.08200682800003,27.517912457000023],[83.07998551600008,27.519483019000063],[83.07708226600005,27.519064395000044],[83.07458776600004,27.52008127000005],[83.07140495300007,27.516332582000075],[83.07118989100007,27.51369126900005],[83.06837264100005,27.514457581000045],[83.06557739000004,27.511837207000042],[83.06198639100006,27.50969658200006],[83.06015870400006,27.508012332000078],[83.05787982900006,27.50347745700003],[83.05575232900009,27.503402082000036],[83.05536389100007,27.505621957000074],[83.05327826600006,27.50600714500007],[83.05360039100003,27.507211957000038],[83.05243895300003,27.508975270000064],[83.05237451600004,27.510583644000064],[83.05091307800006,27.513303832000076],[83.04857020300005,27.51518545700003],[83.04609820300004,27.515188832000035],[83.04223226600004,27.51356252000005],[83.04120095400003,27.51392770700005],[83.03772845300006,27.51032289400007],[83.03810101600004,27.505203582000036],[83.04089614100008,27.502021144000025],[83.04036657900008,27.49757470700007],[83.03749526600006,27.494258394000042],[83.03739626500004,27.489679582000065],[83.03660364000007,27.488739957000064],[83.03417701600006,27.48900745700007],[83.03216401600008,27.486247519000074],[83.02890082800008,27.48620895700003],[83.02843007800004,27.48525127000005],[83.02529739100004,27.484254582000062],[83.01898107800008,27.48803245700003],[83.01657182900004,27.491291707000073],[83.01315545300008,27.49363214500005],[83.01081470300005,27.494206707000046],[83.01049014100005,27.49577927000007],[83.01130326600008,27.497235894000028],[83.01374932900006,27.497792520000075],[83.01752095400008,27.501566957000023],[83.01764257800005,27.505920332000073],[83.01285426600003,27.506572332000076],[83.01683957800003,27.511135832000036],[83.01591451600007,27.512284457000078],[83.00770982800003,27.514760082000066],[83.00470320300008,27.51518308200008],[82.99469057800007,27.517744207000078],[82.99261657800008,27.515278832000035],[82.98772164100006,27.51024552000007],[82.98534045300005,27.508567519000053],[82.98255170400006,27.508502019000048],[82.97790557800005,27.509038832000044],[82.97410989100007,27.510028457000033],[82.96884495300003,27.513786957000036],[82.96552345300006,27.51465126900007],[82.96239207800005,27.513393707000034],[82.95973401500004,27.51095964500007],[82.95729976600006,27.506900332000043],[82.95828207800008,27.506016457000044],[82.96788595300006,27.50546758200005],[82.97228989000007,27.50408545700003],[82.97427032800005,27.502624457000024],[82.97542251500005,27.50069252000003],[82.97595026500005,27.497736082000074],[82.97521776500008,27.49444995700003],[82.97244407800008,27.490176457000075],[82.97083720400008,27.48890551900007],[82.96514639000003,27.486859707000065],[82.96410070300004,27.483149269000023],[82.96441332800003,27.47907895700007],[82.96223351500004,27.476343832000055],[82.96179707800007,27.47337126900004],[82.96272232800004,27.472123645000067],[82.96796582800005,27.471598520000043],[82.96875414100003,27.47074920700004],[82.96781801500003,27.46920345700005],[82.96564770300006,27.467251456000042],[82.96284582800007,27.465824957000052],[82.96860401600009,27.464085269000066],[82.98821951600007,27.46066408200005],[83.00079376600007,27.45789833200007],[83.02185864100005,27.453636707000044],[83.03613582800006,27.448690957000053],[83.05440039000007,27.449924020000026],[83.07036907800006,27.451152894000074],[83.07146364100004,27.451383582000062],[83.07319782800005,27.454890270000078],[83.07907207800008,27.459660832000054],[83.08177651600005,27.459775707000063],[83.08289089100003,27.461019519000047],[83.08288801600008,27.46309089400006],[83.08662157800006,27.464144332000046],[83.08752032800004,27.46625089500003],[83.08762345400004,27.469162270000027],[83.08512770300007,27.473110332000033],[83.08450014100004,27.476617144000045],[83.08920557800008,27.48084483100007],[83.08974326600008,27.482452644000034],[83.08948576600005,27.48499839400006],[83.08985164000006,27.48831089500004],[83.08677757800007,27.490131957000074],[83.07654345300006,27.489813957000024],[83.07473745300007,27.490045644000077],[83.07082451600007,27.492345895000028],[83.07045895400006,27.493801019000045],[83.07299607900006,27.495368082000027],[83.07357664100005,27.498068395000075],[83.07628595300008,27.499406270000065],[83.07742539100008,27.50068645700003],[83.08032839100008,27.50028370700005],[83.08222039100008,27.500645957000074],[83.08361826600003,27.50391783200007],[83.08563989100008,27.505255645000034],[83.08822014100008,27.504755832000058],[83.08877945300003,27.50551983200006]]]}},{"type":"Feature","properties":{"STATE_CODE":5,"DISTRICT":"ARGHAKHANCHI","GaPa_NaPa":"Bhumekasthan","Type_GN":"Nagarpalika","Province":"5","provinceId":"5","provinceCode":"5","provinceName":"Lumbini","districtId":"505","districtName":"Arghakhanchi","municipalityId":"50503","municipalityCode":"50503","municipalityName":"Bhumikasthan Urban Municipality","municipalityNameNe":"भुमिकास्थान नगरपालिका","municipalityType":"municipality"},"geometry":{"type":"Polygon","coordinates":[[[83.07465389100008,28.030578770000034],[83.07221314100008,28.03234920700004],[83.07123070300008,28.033718832000034],[83.07111701600007,28.038927582000042],[83.06989926500006,28.041845645000024],[83.06710420300004,28.04445739500005],[83.06496064000004,28.044571395000048],[83.06061157900007,28.04632639500005],[83.05649276600008,28.046785457000055],[83.05019820300004,28.04645558200008],[83.04604876600007,28.047678957000073],[83.04363151600006,28.050405644000023],[83.03927401600004,28.05040239500005],[83.03795489000004,28.051708457000075],[83.03732389100009,28.054379832000052],[83.03630795400005,28.05536314400007],[83.03390626500004,28.056122395000045],[83.03074664100006,28.055991832000075],[83.02738670300005,28.056509582000047],[83.02549770300004,28.057272270000055],[83.02323051600007,28.059219083000073],[83.01894782800008,28.06007077000004],[83.01520764100007,28.06022214500007],[83.01500995300006,28.06234377000004],[83.01349326600007,28.06569683300006],[83.01349207800007,28.067456583000023],[83.01181514000007,28.06996689500005],[83.01033132800006,28.07408502000004],[83.00648901600005,28.075498895000067],[83.00260857900008,28.074863895000078],[83.00000014100004,28.07284820700005],[82.99699895400005,28.073176020000062],[82.99670889100008,28.074419270000078],[82.99924957800005,28.07818302000004],[82.99958701600008,28.08085002000007],[82.99910439100006,28.08282964500006],[82.99983207800005,28.083811832000038],[82.99840601500006,28.085098708000032],[82.99712657800006,28.088771395000038],[82.99496645300007,28.089434707000066],[82.99397957800005,28.08630720800005],[82.99043101600006,28.07956914500005],[82.98911301600003,28.07837495700005],[82.98707589100007,28.073671707000074],[82.98521239100006,28.071428833000027],[82.97998195300005,28.068727833000025],[82.97723126600005,28.065517145000058],[82.97706370400005,28.061357833000045],[82.97456164000005,28.05950045700007],[82.97327607800008,28.05718052000003],[82.97070064100006,28.054311770000027],[82.96904026600004,28.053099019000058],[82.96648907800005,28.052827145000037],[82.96373564100008,28.046868207000045],[82.96281095300003,28.040862145000062],[82.96529507900004,28.040201832000037],[82.96714039100004,28.040459333000058],[82.97233964100008,28.03824227000007],[82.97448282800008,28.034100145000025],[82.97447626600007,28.032881770000074],[82.97646289000005,28.031500019000077],[82.97642726600003,28.028911957000048],[82.97736201500004,28.027269645000047],[82.97860370400008,28.023037333000048],[82.97748089100008,28.02151727000006],[82.97826382800008,28.01964602000004],[82.97623757800005,28.017519207000078],[82.97652232800004,28.014599582000073],[82.97394807800003,28.01430289500007],[82.97389514100007,28.01237802000003],[82.97555757800006,28.006535645000042],[82.97375189100006,28.005570082000077],[82.97028182900004,28.006002145000025],[82.97026445300008,28.00268545700004],[82.96759007800006,28.003628770000034],[82.96534420400008,28.00039464500003],[82.96215314100004,27.998825082000053],[82.95628551500005,27.997483394000028],[82.95622232900007,27.99606152000007],[82.95433607800004,27.993944458000044],[82.95527895300006,27.992798770000036],[82.95900220300007,27.991929020000043],[82.96178464000008,27.992051582000045],[82.96574420300004,27.989719145000038],[82.96621382800004,27.98785239500006],[82.96766176500006,27.98807533300004],[82.96897489100007,27.99020827000004],[82.96950914000007,27.992833958000062],[82.97087139100006,27.99335177000006],[82.97674589100006,27.991274833000034],[82.97847214100005,27.98867727000004],[82.97701914000004,27.986290707000023],[82.97774264100008,27.98413014500005],[82.97974320300006,27.984029957000075],[82.98255689100006,27.982974582000054],[82.98388639100006,27.981321645000037],[82.98662514100005,27.98153814500006],[82.98871751500008,27.98058564400003],[82.99014051600005,27.977545769000074],[82.99273864100007,27.97600126900005],[82.99617395300004,27.975945145000026],[83.00000001600006,27.978468333000023],[83.00174795300006,27.977131833000044],[83.00116982900005,27.97552802000007],[83.00395401600008,27.969684458000074],[83.00542532800006,27.96882864500003],[83.00925951600004,27.96803058200004],[83.01138395300006,27.966193520000047],[83.01235964100005,27.96348633200006],[83.01856801600007,27.956789207000043],[83.01806282800004,27.95417070800005],[83.01934670400004,27.952090645000055],[83.01648132800005,27.949588333000065],[83.01727789100005,27.94801020700004],[83.01960507800004,27.94697764500006],[83.01488195300004,27.94180883300004],[83.01478932900005,27.94127345800007],[83.01750926600005,27.937288145000025],[83.01783882900008,27.93617370800007],[83.01504676600007,27.932636332000072],[83.01512107800005,27.931716332000065],[83.01786739100004,27.928132770000047],[83.01664870300004,27.923354457000073],[83.01568751600007,27.922023145000026],[83.01882282800005,27.92201627000003],[83.02089145300005,27.922516083000062],[83.02434232900004,27.921739582000043],[83.02621745300007,27.92034508300003],[83.02783189100006,27.920579769000028],[83.02861257800004,27.919310520000067],[83.03077951600005,27.919005394000067],[83.03169120300004,27.917924269000025],[83.03202720300004,27.915318520000028],[83.03356770300007,27.912854270000025],[83.03452382900008,27.910013583000023],[83.03482939000008,27.906640458000027],[83.03828951600008,27.906725583000025],[83.04109726600007,27.909899333000055],[83.04696170300008,27.911668269000074],[83.05127007900006,27.91262533200006],[83.05334595300008,27.91377451900007],[83.05704126600006,27.913723083000036],[83.06036257800008,27.914767832000052],[83.06267939000008,27.91444070700004],[83.06751364100006,27.91256020700007],[83.07026451600007,27.910773833000064],[83.07129051600003,27.90848845800008],[83.07504889100005,27.908339957000067],[83.07592426600007,27.90785402000006],[83.07902076500005,27.908075520000068],[83.07982864100006,27.909177457000055],[83.08604532900006,27.906136833000062],[83.08762751600005,27.90728895700005],[83.09037495300004,27.91067339500006],[83.09445401600004,27.914005583000062],[83.09809264100005,27.914622958000052],[83.10000895400003,27.91315083300003],[83.10196057800005,27.91273039500004],[83.10661532900008,27.913487145000033],[83.11016370400006,27.911827020000032],[83.11492270400004,27.912845833000063],[83.11874264100004,27.91178283200003],[83.12257345400008,27.913614519000078],[83.12789176600006,27.91721089500004],[83.12868232900007,27.91911570700006],[83.12576814100004,27.92281777000005],[83.12912270400005,27.926489583000034],[83.13046382800007,27.92949214500004],[83.13090807900005,27.93635164500006],[83.12748089100006,27.93417302000006],[83.12755426500007,27.933101769000075],[83.12590689100006,27.928860832000055],[83.12405151600007,27.928925770000035],[83.12308332800006,27.931132958000035],[83.12074020300008,27.932365770000047],[83.11609470300004,27.937116957000057],[83.11592770400006,27.941903645000025],[83.11921764100003,27.94691552000006],[83.12165195400007,27.948693207000076],[83.12231114100007,27.95021358300005],[83.12028076600006,27.951209145000064],[83.11823032800004,27.950846395000042],[83.11355489000005,27.953083770000035],[83.11169664000005,27.954529270000023],[83.11032382900004,27.957331708000027],[83.10551726500006,27.96162345700003],[83.10391276600006,27.964011395000057],[83.09988001600004,27.96326758300006],[83.09629357800003,27.96378108300007],[83.09837076500008,27.968045457000073],[83.09997964100006,27.969328457000074],[83.09846757800005,27.970548208000025],[83.09555739000007,27.971801645000028],[83.09463626600007,27.973799083000074],[83.09123682800004,27.975498145000074],[83.08801770400004,27.97447733300004],[83.08535207800008,27.976357145000065],[83.08237582800007,27.97749476900003],[83.08073632800006,27.977186020000033],[83.07968714000003,27.975895207000065],[83.07833607900005,27.976233582000077],[83.07690245300006,27.978561395000042],[83.07648257800008,27.980862208000076],[83.07704051600007,27.982348270000045],[83.07579176500008,27.985345145000053],[83.07669132900008,27.986675582000032],[83.07719539100003,27.99210514500004],[83.07515157800003,27.993539895000026],[83.07282070300005,27.991267957000048],[83.07174464100007,27.991181770000026],[83.06826482900004,27.992918083000063],[83.06410939000006,27.995579208000038],[83.05927089100004,27.99541533200005],[83.05854451600004,27.997355207000055],[83.06036420300006,28.000000645000057],[83.06225757900006,28.00189070700003],[83.06283326600004,28.00450283200007],[83.06503882800007,28.00764270700006],[83.06712989100004,28.01261370800006],[83.06879864100006,28.015488145000063],[83.07133582800003,28.017177144000073],[83.07192739000004,28.021831144000032],[83.07087220300008,28.02372377000006],[83.06595457800006,28.025330645000054],[83.06326545400003,28.02565751900005],[83.06161082800008,28.02759558200006],[83.05936101600008,28.029220458000054],[83.05900370400008,28.030289708000055],[83.06094114100006,28.031151270000066],[83.06329264100003,28.029928707000067],[83.06630782800005,28.030283145000055],[83.06863182900008,28.029520520000062],[83.07179557800004,28.02997289500007],[83.07410839100004,28.02969289500004],[83.07465389100008,28.030578770000034]]]}},{"type":"Feature","properties":{"STATE_CODE":5,"DISTRICT":"ARGHAKHANCHI","GaPa_NaPa":"Chhatradev","Type_GN":"Gaunpalika","Province":"5","provinceId":"5","provinceCode":"5","provinceName":"Lumbini","districtId":"505","districtName":"Arghakhanchi","municipalityId":"50501","municipalityCode":"50501","municipalityName":"Chhatradev Rural Municipality","municipalityNameNe":"छत्रदेव गाउँपालिका","municipalityType":"rural_municipality"},"geometry":{"type":"Polygon","coordinates":[[[83.20290939100005,28.072455020000064],[83.19718457900007,28.074109332000035],[83.19754357900007,28.076886583000032],[83.19696932900007,28.07996064500003],[83.19494357900004,28.082746520000057],[83.19051089100003,28.083634207000046],[83.18838595400007,28.083594582000046],[83.18664364100005,28.085569708000037],[83.18588582800004,28.087467208000078],[83.18139307800004,28.085464020000074],[83.18086001600005,28.084129707000045],[83.18326757900007,28.082463207000046],[83.18765032800007,28.078576895000026],[83.18721282800004,28.07688670700003],[83.18960114100008,28.07481608300003],[83.19006701600006,28.073074770000062],[83.18871095300005,28.069926082000052],[83.18881457900005,28.06874670700006],[83.19660182800004,28.060588895000024],[83.19765376600003,28.060599583000055],[83.20061507900004,28.058714833000067],[83.19905389100006,28.057870958000024],[83.19837495300004,28.05373127000007],[83.19942320300004,28.05320720700007],[83.20066870300008,28.04996102000007],[83.19758657800008,28.05021602000005],[83.19609676600004,28.049713207000025],[83.19439576600007,28.05113364500005],[83.19238939100006,28.049276270000064],[83.19139320300008,28.047431644000028],[83.19243139100007,28.045186020000074],[83.19253564100006,28.043221457000072],[83.19124751600003,28.03834495700005],[83.18636245300007,28.03707064500003],[83.18263564000006,28.033842458000038],[83.17893507800005,28.031839395000077],[83.17563345300005,28.029464145000077],[83.17621245400005,28.028143207000028],[83.17457064100006,28.022912457000075],[83.17435407900007,28.018184332000033],[83.17490970300008,28.01533802000006],[83.17232995300003,28.012777520000043],[83.17237157800008,28.010943457000053],[83.17345207800008,28.009986583000057],[83.17401007900008,28.006790582000065],[83.17253095400008,28.003771895000057],[83.17407832800006,28.00158814400004],[83.17774820400007,28.00204558200005],[83.17848126600006,28.00159420800003],[83.17846314100007,27.997785583000052],[83.18126964100009,27.997310457000026],[83.18207532900004,27.993416457000023],[83.18421139100008,27.992497332000028],[83.18645907900003,27.988693082000054],[83.19156589100004,27.98512445700004],[83.19412301500006,27.984431020000045],[83.19620989100008,27.982227582000064],[83.19802076600007,27.98133795700005],[83.20018757900004,27.979306333000068],[83.20467545300005,27.97982427000005],[83.20565064100003,27.978812332000075],[83.21175057800008,27.977620020000074],[83.21220145400008,27.976740395000036],[83.21105332800005,27.974028583000063],[83.21222095300004,27.971652645000063],[83.21344232900003,27.970917333000045],[83.21159776600007,27.96739608200005],[83.21214120300004,27.964520207000078],[83.21346626600007,27.96060639500007],[83.21190714100004,27.957917020000025],[83.21348026500004,27.955175644000064],[83.21284507800004,27.952577332000033],[83.21472395300003,27.94975420800006],[83.21699607900007,27.94822158200003],[83.21959745400005,27.947503082000026],[83.22032739100007,27.946654333000026],[83.22071170400005,27.945810395000024],[83.22027651600007,27.942152832000033],[83.22264682900004,27.940358957000058],[83.22152176500003,27.938085020000074],[83.22242476600007,27.937223707000044],[83.22757289100008,27.93648783200007],[83.22885995400009,27.938063145000058],[83.23139482800008,27.93596770700003],[83.23266882900003,27.937829458000067],[83.23381270400006,27.93594733200007],[83.23528614100007,27.934879270000067],[83.23418476600006,27.932093457000065],[83.23759614100004,27.932985519000056],[83.23886057800007,27.934362082000064],[83.24035339100004,27.934142458000053],[83.24185176600008,27.93631670700006],[83.24276551600008,27.935990083000036],[83.24439151600006,27.938223707000077],[83.24289720300004,27.940243895000037],[83.24486276600004,27.940969895000023],[83.24728770300004,27.939676832000032],[83.24620420400004,27.938161458000025],[83.25102757900004,27.936646707000023],[83.25315939100005,27.937626270000067],[83.25562532800006,27.94079395700004],[83.25765932900003,27.93960677000007],[83.25753970300008,27.937460332000057],[83.25847839100004,27.936118457000077],[83.26200551600004,27.93821545700007],[83.26221920400008,27.936533395000026],[83.26342045300004,27.93590583200006],[83.26453514100007,27.93791989500005],[83.26635364100008,27.938489145000062],[83.26666945300008,27.93616008200007],[83.26952632800004,27.938339020000058],[83.27164195300008,27.936464020000074],[83.27223076600006,27.938831707000077],[83.27193182900004,27.941354895000075],[83.27410032800003,27.940840645000037],[83.27641195300004,27.943296332000045],[83.27780507900007,27.942748582000036],[83.27957089100005,27.945483457000023],[83.28162657800004,27.945176082000046],[83.28474057800008,27.947457582000027],[83.28518864100005,27.94853839500007],[83.28766420300008,27.95046233200003],[83.29000814100004,27.950718082000037],[83.29207582800007,27.95257664500008],[83.29307620400004,27.952211770000076],[83.29466626600004,27.949717707000048],[83.29506307800006,27.950240957000062],[83.29922026600008,27.95036145800003],[83.30007120300007,27.951735332000055],[83.30289314100008,27.95270858200007],[83.30458914100006,27.95480864500007],[83.30466582800005,27.956111020000037],[83.30260964100006,27.957373145000076],[83.30098251600003,27.959618895000062],[83.30299232900006,27.962833020000062],[83.30333782800005,27.964175019000038],[83.30304932800004,27.967352644000073],[83.29897920400003,27.96815777000006],[83.29481201600004,27.966875208000033],[83.29174864100008,27.966933957000037],[83.29026101600004,27.96780620800007],[83.28841770400004,27.967349957000067],[83.28687382900006,27.96787445700005],[83.28215926600006,27.967536333000055],[83.27970401600004,27.97005727000004],[83.27946101600008,27.97206408200003],[83.27596620400004,27.975635457000067],[83.27221264100007,27.980085332000044],[83.27057101600008,27.982829270000025],[83.26871001600006,27.98308114500003],[83.26712820400007,27.98513945700006],[83.26560120300007,27.985837520000075],[83.26488207800008,27.988773583000068],[83.26123776600008,27.987862832000076],[83.26026782800005,27.986961895000036],[83.25563282800005,27.98599377000005],[83.25420239100004,27.987152520000052],[83.25341307800005,27.99029802000007],[83.25411476600004,27.995080520000045],[83.25061576600007,27.997004207000032],[83.24801395300005,27.997549520000064],[83.24670107900005,28.00005127000003],[83.24539857900004,28.006481207000036],[83.24602726600006,28.008102395000037],[83.24373164100007,28.008459832000028],[83.24184914100005,28.00781095700006],[83.24160932800004,28.00966426900004],[83.24031789100007,28.01040395800004],[83.24018995400007,28.01383045700004],[83.23884814100006,28.01573858200004],[83.23941945400009,28.01724445800005],[83.23805864100007,28.01786864500008],[83.23570820300006,28.020594645000074],[83.23486645300005,28.023356145000037],[83.23535957900003,28.02926345700007],[83.23585026600006,28.03066958200003],[83.23495064100007,28.032571145000077],[83.23566982800008,28.034213145000024],[83.23535082900008,28.038056020000056],[83.23458170300006,28.040553895000073],[83.23263926600004,28.044791582000073],[83.23168332900008,28.048409708000065],[83.22882251600004,28.051173395000035],[83.22573245400008,28.053073770000026],[83.22243445300006,28.054108832000054],[83.22163895400007,28.058052708000048],[83.22087439100005,28.059099770000046],[83.21721001600008,28.059514395000065],[83.21671557800005,28.06083595700005],[83.21342120400004,28.064352645000042],[83.21307257800004,28.065810395000028],[83.21136989100006,28.066642270000045],[83.20735326600004,28.06666420700003],[83.20416876600007,28.06943902000006],[83.20290939100005,28.072455020000064]]]}},{"type":"Feature","properties":{"STATE_CODE":5,"DISTRICT":"ARGHAKHANCHI","GaPa_NaPa":"Malarani","Type_GN":"Gaunpalika","Province":"5","provinceId":"5","provinceCode":"5","provinceName":"Lumbini","districtId":"505","districtName":"Arghakhanchi","municipalityId":"50502","municipalityCode":"50502","municipalityName":"Malarani Rural Municipality","municipalityNameNe":"मालारानी गाउँपालिका","municipalityType":"rural_municipality"},"geometry":{"type":"Polygon","coordinates":[[[83.05299095400005,28.11144114500007],[83.05023564100009,28.110691145000033],[83.05272539100008,28.108513083000048],[83.05276845300006,28.106679145000044],[83.04703126600003,28.10075983200005],[83.04445814100006,28.10094952000003],[83.04248239000003,28.103130958000065],[83.04205326600004,28.105002832000025],[83.04072982900004,28.104781520000074],[83.03611989100006,28.100575270000036],[83.03241951600006,28.098994770000047],[83.02903664100006,28.09950333200004],[83.02691070300006,28.10212345800005],[83.02334801600006,28.10513489500005],[83.02152739100006,28.105444583000065],[83.01838414100007,28.107312770000078],[83.01453157900005,28.107772458000056],[83.01171120300006,28.11121083200004],[83.00588995300006,28.111838833000036],[83.00447657800004,28.11381620800006],[83.00208864100006,28.108117895000078],[83.00255114100008,28.107011270000044],[83.00368457900004,28.10520327000006],[83.00454139000004,28.098082395000063],[83.00390820300004,28.095699770000067],[83.00105751600006,28.094652520000068],[82.99897176600007,28.09452452000005],[82.99746945300006,28.091537707000043],[82.99564314100007,28.09101445700003],[82.99496645300007,28.089434707000066],[82.99712657800006,28.088771395000038],[82.99840601500006,28.085098708000032],[82.99983207800005,28.083811832000038],[82.99910439100006,28.08282964500006],[82.99958701600008,28.08085002000007],[82.99924957800005,28.07818302000004],[82.99670889100008,28.074419270000078],[82.99699895400005,28.073176020000062],[83.00000014100004,28.07284820700005],[83.00260857900008,28.074863895000078],[83.00648901600005,28.075498895000067],[83.01033132800006,28.07408502000004],[83.01181514000007,28.06996689500005],[83.01349207800007,28.067456583000023],[83.01349326600007,28.06569683300006],[83.01500995300006,28.06234377000004],[83.01520764100007,28.06022214500007],[83.01894782800008,28.06007077000004],[83.02323051600007,28.059219083000073],[83.02549770300004,28.057272270000055],[83.02738670300005,28.056509582000047],[83.03074664100006,28.055991832000075],[83.03390626500004,28.056122395000045],[83.03630795400005,28.05536314400007],[83.03732389100009,28.054379832000052],[83.03795489000004,28.051708457000075],[83.03927401600004,28.05040239500005],[83.04363151600006,28.050405644000023],[83.04604876600007,28.047678957000073],[83.05019820300004,28.04645558200008],[83.05649276600008,28.046785457000055],[83.06061157900007,28.04632639500005],[83.06496064000004,28.044571395000048],[83.06710420300004,28.04445739500005],[83.06989926500006,28.041845645000024],[83.07111701600007,28.038927582000042],[83.07123070300008,28.033718832000034],[83.07221314100008,28.03234920700004],[83.07465389100008,28.030578770000034],[83.07460376600005,28.032985833000055],[83.07540164100004,28.034162082000023],[83.07766776600005,28.034301457000026],[83.08145789000008,28.032054833000075],[83.08497232800005,28.031313458000056],[83.08743276600006,28.034668957000065],[83.08968251600004,28.035956395000028],[83.09148257800007,28.035501270000054],[83.09343851500006,28.038144895000073],[83.09633689100008,28.03879120700003],[83.09826589100004,28.038280395000072],[83.09708814100009,28.036679895000077],[83.09737526600009,28.03404652000006],[83.09970001600004,28.03256589500006],[83.10244451600005,28.03174233200008],[83.10503001600006,28.031696020000027],[83.10728514100003,28.032545457000026],[83.11071845400005,28.03252939500004],[83.11498332900004,28.03141302000006],[83.11645945300006,28.030511020000063],[83.11977882900004,28.025931895000042],[83.12143651500008,28.024934020000046],[83.12215926600004,28.022075458000074],[83.12582932900006,28.022019895000028],[83.12928407900006,28.022926270000028],[83.13084289100004,28.022590957000034],[83.13392082800004,28.01979689500007],[83.13731289100008,28.02267233200007],[83.13846839100006,28.02419802000003],[83.14173945400006,28.024125957000024],[83.14303395300004,28.026020207000045],[83.14588357800005,28.02635383200004],[83.14824364100008,28.027877895000074],[83.15128826600005,28.02816064500007],[83.15276157800008,28.029850708000026],[83.15366532800005,28.03255470700003],[83.15512295300005,28.033382707000044],[83.15761376500006,28.036229520000063],[83.15920051600006,28.035014145000048],[83.16282164100005,28.03476095700006],[83.16590439000004,28.03519714500004],[83.16890257900008,28.03696839500003],[83.17210114100004,28.035782895000068],[83.17412514100005,28.032977020000033],[83.17432957800008,28.031261270000073],[83.17563345300005,28.029464145000077],[83.17893507800005,28.031839395000077],[83.18263564000006,28.033842458000038],[83.18636245300007,28.03707064500003],[83.19124751600003,28.03834495700005],[83.19253564100006,28.043221457000072],[83.19243139100007,28.045186020000074],[83.19139320300008,28.047431644000028],[83.19238939100006,28.049276270000064],[83.19439576600007,28.05113364500005],[83.19609676600004,28.049713207000025],[83.19758657800008,28.05021602000005],[83.20066870300008,28.04996102000007],[83.19942320300004,28.05320720700007],[83.19837495300004,28.05373127000007],[83.19905389100006,28.057870958000024],[83.20061507900004,28.058714833000067],[83.19765376600003,28.060599583000055],[83.19660182800004,28.060588895000024],[83.18881457900005,28.06874670700006],[83.18871095300005,28.069926082000052],[83.19006701600006,28.073074770000062],[83.18960114100008,28.07481608300003],[83.18721282800004,28.07688670700003],[83.18765032800007,28.078576895000026],[83.18326757900007,28.082463207000046],[83.18086001600005,28.084129707000045],[83.17697726600005,28.080146832000025],[83.17321370300004,28.078831395000066],[83.17154064100004,28.073864333000074],[83.16952920300008,28.072776082000075],[83.16629995300008,28.068850957000052],[83.16419032800007,28.068104895000033],[83.16033732800008,28.06539195700003],[83.15817826600005,28.061089708000054],[83.15234245300007,28.059591770000054],[83.15014395400004,28.060803270000065],[83.13955526600006,28.062041458000067],[83.13729145400004,28.06388183200005],[83.13660782900007,28.06555389500005],[83.13352545300006,28.06612558300003],[83.12934564100004,28.06785889500003],[83.12731645300005,28.069150145000037],[83.12627264100007,28.070639394000068],[83.12726189100005,28.073815645000025],[83.12854976500006,28.075231707000057],[83.12846295400004,28.078342458000066],[83.12764076600007,28.08398445800003],[83.12478932900007,28.08471533200003],[83.12219551500004,28.083015645000046],[83.11682920300007,28.081029645000058],[83.11222101600003,28.081426333000024],[83.10426414100004,28.07704952000006],[83.10237764100003,28.079173770000068],[83.09838657800003,28.081983645000037],[83.09893857900005,28.08424345700007],[83.09829514100005,28.086533770000074],[83.09896532800008,28.090136770000072],[83.10110226500007,28.092490458000043],[83.10071901500004,28.09443727000007],[83.09668207800007,28.095969770000067],[83.09228364100005,28.097206457000027],[83.08865839100008,28.09606333200003],[83.08719957800008,28.096430458000043],[83.08520107800007,28.095225895000056],[83.08005920300008,28.09300077000006],[83.07639401600005,28.09069514500004],[83.07344414100004,28.091934207000065],[83.06919582800003,28.096183145000055],[83.06850826600004,28.098204520000024],[83.06815682900003,28.10309570800007],[83.06856276500008,28.105336582000064],[83.07235389100003,28.107950145000075],[83.07058045300005,28.109330145000058],[83.06741070300006,28.108825895000052],[83.06493632800004,28.109533207000027],[83.06256176500005,28.10683670800006],[83.05896189100008,28.106577395000045],[83.05758182900007,28.107330520000062],[83.05481945300005,28.110844644000053],[83.05299095400005,28.11144114500007]]]}},{"type":"Feature","properties":{"STATE_CODE":5,"DISTRICT":"ARGHAKHANCHI","GaPa_NaPa":"Panini","Type_GN":"Gaunpalika","Province":"5","provinceId":"5","provinceCode":"5","provinceName":"Lumbini","districtId":"505","districtName":"Arghakhanchi","municipalityId":"50505","municipalityCode":"50505","municipalityName":"Panini Rural Municipality","municipalityNameNe":"पाणिनी गाउँपालिका","municipalityType":"rural_municipality"},"geometry":{"type":"Polygon","coordinates":[[[83.22032739100007,27.946654333000026],[83.21793145400005,27.946198519000063],[83.21643570400005,27.944940020000047],[83.21233851600005,27.946268145000033],[83.20996539100008,27.944384145000072],[83.20744576600003,27.944268145000024],[83.20538495300008,27.947295395000026],[83.20325745300005,27.94709814500004],[83.19475301600005,27.947587895000026],[83.19396895400007,27.948206020000043],[83.19102826600005,27.947861583000076],[83.18726076600007,27.949982832000046],[83.18356707800007,27.950123458000064],[83.18216070300008,27.94890127000008],[83.17753551600003,27.950967457000047],[83.17553051600004,27.953214020000075],[83.17556070400008,27.955716333000055],[83.17248382800005,27.956507894000026],[83.17101764100005,27.95562814500005],[83.17234170300009,27.950525707000054],[83.17180407800004,27.94693502000007],[83.17022639100009,27.945246895000025],[83.17093295300003,27.943556708000074],[83.16959170300004,27.94144127000004],[83.16893357800006,27.93900958200004],[83.16633107900003,27.93712795700003],[83.16829257800003,27.93176539500007],[83.16942851600004,27.930551645000037],[83.16779976600003,27.927696645000026],[83.16548732800004,27.926953895000054],[83.16499589100005,27.925082833000033],[83.16352101600006,27.92395245800003],[83.16589589100005,27.92296058200003],[83.16632076600007,27.920858020000026],[83.16792457900004,27.919319958000074],[83.17044789100004,27.918371707000063],[83.17264782900008,27.920104207000065],[83.17514626600007,27.921008208000046],[83.18016020400006,27.920237145000044],[83.18133551600005,27.917306457000052],[83.18144470300007,27.915037332000054],[83.18089757800004,27.910156019000055],[83.18555445300007,27.907090270000026],[83.18689157800003,27.906608582000047],[83.18695282800007,27.90388564500006],[83.18883401500005,27.90242564500005],[83.18992151600008,27.897973644000047],[83.18836064100003,27.896211332000064],[83.18653982900008,27.895345457000076],[83.18309457900006,27.89258370700003],[83.18138651600003,27.890037520000078],[83.18555939100008,27.88687639500006],[83.18780045400007,27.88386170700005],[83.18838751600003,27.881455457000072],[83.19015095300006,27.88023839500005],[83.19190295400006,27.875808332000076],[83.19169364100009,27.87420064500003],[83.19293089100006,27.86969533200005],[83.19553164100006,27.868095020000055],[83.19894864100007,27.866824333000068],[83.20136089100004,27.864938519000077],[83.20505882900005,27.863592582000024],[83.21014739100008,27.86347289500003],[83.21136214100005,27.86037970700005],[83.21175339100006,27.853804770000067],[83.21146376600007,27.85107083200006],[83.20867657800005,27.844870332000028],[83.20645526600003,27.84218839500005],[83.20359689100007,27.83782183200003],[83.20237839100008,27.83657608200008],[83.20027807800005,27.83582608200004],[83.19811757900004,27.834022145000063],[83.19726557900003,27.832491895000032],[83.19776457900008,27.826068832000033],[83.19891520300007,27.82305208200006],[83.20088932800007,27.822982207000052],[83.20066126500006,27.821200770000075],[83.20118839100007,27.818487207000032],[83.20307995300004,27.817633957000055],[83.20491132800004,27.81584176900003],[83.20741920300009,27.81625102000004],[83.20899520300009,27.81401958200007],[83.21125126500004,27.813184083000067],[83.21186876500008,27.81425708200004],[83.21462932800006,27.816100395000035],[83.21633795300005,27.818170145000067],[83.21865545300005,27.818194582000046],[83.22245945300006,27.822200644000077],[83.22506951600008,27.824327269000037],[83.22599714100005,27.823125332000075],[83.22768782800006,27.824276458000043],[83.23301457800005,27.82308777000003],[83.23725782900004,27.824760645000026],[83.24129782900008,27.827355020000027],[83.24309389100006,27.827572520000047],[83.24732483000008,27.829378146000067],[83.25015314100006,27.83169952000003],[83.25193014200005,27.83180164500004],[83.25463982900004,27.830153395000025],[83.26039189200003,27.829701457000056],[83.26196164100008,27.828247770000075],[83.26744889200006,27.827042833000064],[83.27166220300006,27.827505083000062],[83.27650920300005,27.826138394000054],[83.27957801700006,27.827106584000035],[83.28230926600008,27.826638021000065],[83.28427701600003,27.825736646000053],[83.28663276700007,27.825872958000048],[83.28800632900004,27.82692695700007],[83.28940445400008,27.82668370700003],[83.29227183000006,27.828108645000043],[83.29410614200003,27.830927145000032],[83.29280639200005,27.833941769000035],[83.29461607800005,27.835767332000046],[83.29527445400004,27.83841508200004],[83.29903351600007,27.84033183200006],[83.29954201600003,27.84297433300003],[83.30037883000006,27.844097645000033],[83.30250989100006,27.84478308200005],[83.30370176700006,27.846427208000023],[83.30637557800003,27.848313395000048],[83.31197545500004,27.85117314400003],[83.30677882900005,27.85371033200005],[83.30531376600004,27.855336520000037],[83.30569795500008,27.85809120700003],[83.30934595400004,27.85689108200006],[83.31259583000008,27.857712770000035],[83.31468970400005,27.85962752000006],[83.31921657900006,27.859922957000038],[83.32392132900003,27.864998021000076],[83.32581789200003,27.86588277000004],[83.32859351700006,27.869463520000068],[83.33035014100005,27.871031207000044],[83.32936895400007,27.873208270000077],[83.33186201700005,27.87442302000005],[83.33250501700007,27.87712239500007],[83.33003001600008,27.878793646000076],[83.32837345500008,27.877666457000032],[83.32560851700003,27.877348333000043],[83.32273651700007,27.878329269000062],[83.32209014100005,27.879774646000044],[83.32246257900005,27.881956082000045],[83.32006976700006,27.88252195800004],[83.31746264200007,27.885681457000032],[83.31551995400008,27.886289958000077],[83.31091564100007,27.889428207000037],[83.31218189100008,27.892099208000047],[83.31343364200006,27.898283208000066],[83.31305776700003,27.901546207000024],[83.31147707900004,27.90365027000007],[83.30876770400005,27.90593133300007],[83.30320651600005,27.90603420800005],[83.30031451700006,27.908045645000072],[83.29947745400005,27.91063170700005],[83.30862701700005,27.914579020000076],[83.30907420400007,27.916616458000078],[83.31081776600007,27.918506958000023],[83.31040689100007,27.924012520000076],[83.31096420300008,27.92595570700007],[83.30988870300007,27.927696708000042],[83.30705695400007,27.928061582000055],[83.30418089100004,27.92666620700004],[83.30166820400007,27.926312770000038],[83.29881176600009,27.926810457000045],[83.29585757900009,27.92508964500007],[83.29341676600006,27.924429582000073],[83.28934257900005,27.924483020000025],[83.28382107800007,27.925600644000042],[83.28183576600009,27.927514957000028],[83.28060314100009,27.931278769000073],[83.28151239100004,27.93560433300007],[83.28496576600008,27.93718364500006],[83.28526682800003,27.940806520000024],[83.28596576600006,27.942218083000057],[83.28784914100004,27.94366958300003],[83.29285476600006,27.94344270700003],[83.29521795300008,27.945555395000042],[83.29466626600004,27.949717707000048],[83.29307620400004,27.952211770000076],[83.29207582800007,27.95257664500008],[83.29000814100004,27.950718082000037],[83.28766420300008,27.95046233200003],[83.28518864100005,27.94853839500007],[83.28474057800008,27.947457582000027],[83.28162657800004,27.945176082000046],[83.27957089100005,27.945483457000023],[83.27780507900007,27.942748582000036],[83.27641195300004,27.943296332000045],[83.27410032800003,27.940840645000037],[83.27193182900004,27.941354895000075],[83.27223076600006,27.938831707000077],[83.27164195300008,27.936464020000074],[83.26952632800004,27.938339020000058],[83.26666945300008,27.93616008200007],[83.26635364100008,27.938489145000062],[83.26453514100007,27.93791989500005],[83.26342045300004,27.93590583200006],[83.26221920400008,27.936533395000026],[83.26200551600004,27.93821545700007],[83.25847839100004,27.936118457000077],[83.25753970300008,27.937460332000057],[83.25765932900003,27.93960677000007],[83.25562532800006,27.94079395700004],[83.25315939100005,27.937626270000067],[83.25102757900004,27.936646707000023],[83.24620420400004,27.938161458000025],[83.24728770300004,27.939676832000032],[83.24486276600004,27.940969895000023],[83.24289720300004,27.940243895000037],[83.24439151600006,27.938223707000077],[83.24276551600008,27.935990083000036],[83.24185176600008,27.93631670700006],[83.24035339100004,27.934142458000053],[83.23886057800007,27.934362082000064],[83.23759614100004,27.932985519000056],[83.23418476600006,27.932093457000065],[83.23528614100007,27.934879270000067],[83.23381270400006,27.93594733200007],[83.23266882900003,27.937829458000067],[83.23139482800008,27.93596770700003],[83.22885995400009,27.938063145000058],[83.22757289100008,27.93648783200007],[83.22242476600007,27.937223707000044],[83.22152176500003,27.938085020000074],[83.22264682900004,27.940358957000058],[83.22027651600007,27.942152832000033],[83.22071170400005,27.945810395000024],[83.22032739100007,27.946654333000026]]]}},{"type":"Feature","properties":{"STATE_CODE":5,"DISTRICT":"ARGHAKHANCHI","GaPa_NaPa":"Sandhikharka","Type_GN":"Nagarpalika","Province":"5","provinceId":"5","provinceCode":"5","provinceName":"Lumbini","districtId":"505","districtName":"Arghakhanchi","municipalityId":"50504","municipalityCode":"50504","municipalityName":"Sandhikharka Urban Municipality","municipalityNameNe":"सन्धिखर्क नगरपालिका","municipalityType":"municipality"},"geometry":{"type":"Polygon","coordinates":[[[83.17563345300005,28.029464145000077],[83.17432957800008,28.031261270000073],[83.17412514100005,28.032977020000033],[83.17210114100004,28.035782895000068],[83.16890257900008,28.03696839500003],[83.16590439000004,28.03519714500004],[83.16282164100005,28.03476095700006],[83.15920051600006,28.035014145000048],[83.15761376500006,28.036229520000063],[83.15512295300005,28.033382707000044],[83.15366532800005,28.03255470700003],[83.15276157800008,28.029850708000026],[83.15128826600005,28.02816064500007],[83.14824364100008,28.027877895000074],[83.14588357800005,28.02635383200004],[83.14303395300004,28.026020207000045],[83.14173945400006,28.024125957000024],[83.13846839100006,28.02419802000003],[83.13731289100008,28.02267233200007],[83.13392082800004,28.01979689500007],[83.13084289100004,28.022590957000034],[83.12928407900006,28.022926270000028],[83.12582932900006,28.022019895000028],[83.12215926600004,28.022075458000074],[83.12143651500008,28.024934020000046],[83.11977882900004,28.025931895000042],[83.11645945300006,28.030511020000063],[83.11498332900004,28.03141302000006],[83.11071845400005,28.03252939500004],[83.10728514100003,28.032545457000026],[83.10503001600006,28.031696020000027],[83.10244451600005,28.03174233200008],[83.09970001600004,28.03256589500006],[83.09737526600009,28.03404652000006],[83.09708814100009,28.036679895000077],[83.09826589100004,28.038280395000072],[83.09633689100008,28.03879120700003],[83.09343851500006,28.038144895000073],[83.09148257800007,28.035501270000054],[83.08968251600004,28.035956395000028],[83.08743276600006,28.034668957000065],[83.08497232800005,28.031313458000056],[83.08145789000008,28.032054833000075],[83.07766776600005,28.034301457000026],[83.07540164100004,28.034162082000023],[83.07460376600005,28.032985833000055],[83.07465389100008,28.030578770000034],[83.07410839100004,28.02969289500004],[83.07179557800004,28.02997289500007],[83.06863182900008,28.029520520000062],[83.06630782800005,28.030283145000055],[83.06329264100003,28.029928707000067],[83.06094114100006,28.031151270000066],[83.05900370400008,28.030289708000055],[83.05936101600008,28.029220458000054],[83.06161082800008,28.02759558200006],[83.06326545400003,28.02565751900005],[83.06595457800006,28.025330645000054],[83.07087220300008,28.02372377000006],[83.07192739000004,28.021831144000032],[83.07133582800003,28.017177144000073],[83.06879864100006,28.015488145000063],[83.06712989100004,28.01261370800006],[83.06503882800007,28.00764270700006],[83.06283326600004,28.00450283200007],[83.06225757900006,28.00189070700003],[83.06036420300006,28.000000645000057],[83.05854451600004,27.997355207000055],[83.05927089100004,27.99541533200005],[83.06410939000006,27.995579208000038],[83.06826482900004,27.992918083000063],[83.07174464100007,27.991181770000026],[83.07282070300005,27.991267957000048],[83.07515157800003,27.993539895000026],[83.07719539100003,27.99210514500004],[83.07669132900008,27.986675582000032],[83.07579176500008,27.985345145000053],[83.07704051600007,27.982348270000045],[83.07648257800008,27.980862208000076],[83.07690245300006,27.978561395000042],[83.07833607900005,27.976233582000077],[83.07968714000003,27.975895207000065],[83.08073632800006,27.977186020000033],[83.08237582800007,27.97749476900003],[83.08535207800008,27.976357145000065],[83.08801770400004,27.97447733300004],[83.09123682800004,27.975498145000074],[83.09463626600007,27.973799083000074],[83.09555739000007,27.971801645000028],[83.09846757800005,27.970548208000025],[83.09997964100006,27.969328457000074],[83.09837076500008,27.968045457000073],[83.09629357800003,27.96378108300007],[83.09988001600004,27.96326758300006],[83.10391276600006,27.964011395000057],[83.10551726500006,27.96162345700003],[83.11032382900004,27.957331708000027],[83.11169664000005,27.954529270000023],[83.11355489000005,27.953083770000035],[83.11823032800004,27.950846395000042],[83.12028076600006,27.951209145000064],[83.12231114100007,27.95021358300005],[83.12165195400007,27.948693207000076],[83.11921764100003,27.94691552000006],[83.11592770400006,27.941903645000025],[83.11609470300004,27.937116957000057],[83.12074020300008,27.932365770000047],[83.12308332800006,27.931132958000035],[83.12405151600007,27.928925770000035],[83.12590689100006,27.928860832000055],[83.12755426500007,27.933101769000075],[83.12748089100006,27.93417302000006],[83.13090807900005,27.93635164500006],[83.13046382800007,27.92949214500004],[83.12912270400005,27.926489583000034],[83.12576814100004,27.92281777000005],[83.12868232900007,27.91911570700006],[83.12789176600006,27.91721089500004],[83.12257345400008,27.913614519000078],[83.11874264100004,27.91178283200003],[83.12123045400006,27.910237395000024],[83.12465557800004,27.90581439500005],[83.12768476600007,27.903595394000035],[83.13592657900006,27.90038933200003],[83.13873939100006,27.89990152000007],[83.13848089100009,27.894414895000068],[83.13965307900008,27.89074908200007],[83.14370907900008,27.89049458200003],[83.14595939100008,27.891189895000025],[83.14848432800005,27.893051145000072],[83.14980826600004,27.89481470800007],[83.15082626600008,27.898124145000054],[83.15303382900004,27.89878077000003],[83.15645832900003,27.901238457000034],[83.15983339100006,27.904442707000044],[83.16168732800008,27.903109269000026],[83.16344782800007,27.902808583000024],[83.16262789000007,27.898009082000044],[83.16234101600008,27.894203270000048],[83.16475457900003,27.891190020000067],[83.17078426600006,27.890960144000076],[83.17576039100004,27.891472832000034],[83.17988082800008,27.891179270000066],[83.18138651600003,27.890037520000078],[83.18309457900006,27.89258370700003],[83.18653982900008,27.895345457000076],[83.18836064100003,27.896211332000064],[83.18992151600008,27.897973644000047],[83.18883401500005,27.90242564500005],[83.18695282800007,27.90388564500006],[83.18689157800003,27.906608582000047],[83.18555445300007,27.907090270000026],[83.18089757800004,27.910156019000055],[83.18144470300007,27.915037332000054],[83.18133551600005,27.917306457000052],[83.18016020400006,27.920237145000044],[83.17514626600007,27.921008208000046],[83.17264782900008,27.920104207000065],[83.17044789100004,27.918371707000063],[83.16792457900004,27.919319958000074],[83.16632076600007,27.920858020000026],[83.16589589100005,27.92296058200003],[83.16352101600006,27.92395245800003],[83.16499589100005,27.925082833000033],[83.16548732800004,27.926953895000054],[83.16779976600003,27.927696645000026],[83.16942851600004,27.930551645000037],[83.16829257800003,27.93176539500007],[83.16633107900003,27.93712795700003],[83.16893357800006,27.93900958200004],[83.16959170300004,27.94144127000004],[83.17093295300003,27.943556708000074],[83.17022639100009,27.945246895000025],[83.17180407800004,27.94693502000007],[83.17234170300009,27.950525707000054],[83.17101764100005,27.95562814500005],[83.17248382800005,27.956507894000026],[83.17556070400008,27.955716333000055],[83.17553051600004,27.953214020000075],[83.17753551600003,27.950967457000047],[83.18216070300008,27.94890127000008],[83.18356707800007,27.950123458000064],[83.18726076600007,27.949982832000046],[83.19102826600005,27.947861583000076],[83.19396895400007,27.948206020000043],[83.19475301600005,27.947587895000026],[83.20325745300005,27.94709814500004],[83.20538495300008,27.947295395000026],[83.20744576600003,27.944268145000024],[83.20996539100008,27.944384145000072],[83.21233851600005,27.946268145000033],[83.21643570400005,27.944940020000047],[83.21793145400005,27.946198519000063],[83.22032739100007,27.946654333000026],[83.21959745400005,27.947503082000026],[83.21699607900007,27.94822158200003],[83.21472395300003,27.94975420800006],[83.21284507800004,27.952577332000033],[83.21348026500004,27.955175644000064],[83.21190714100004,27.957917020000025],[83.21346626600007,27.96060639500007],[83.21214120300004,27.964520207000078],[83.21159776600007,27.96739608200005],[83.21344232900003,27.970917333000045],[83.21222095300004,27.971652645000063],[83.21105332800005,27.974028583000063],[83.21220145400008,27.976740395000036],[83.21175057800008,27.977620020000074],[83.20565064100003,27.978812332000075],[83.20467545300005,27.97982427000005],[83.20018757900004,27.979306333000068],[83.19802076600007,27.98133795700005],[83.19620989100008,27.982227582000064],[83.19412301500006,27.984431020000045],[83.19156589100004,27.98512445700004],[83.18645907900003,27.988693082000054],[83.18421139100008,27.992497332000028],[83.18207532900004,27.993416457000023],[83.18126964100009,27.997310457000026],[83.17846314100007,27.997785583000052],[83.17848126600006,28.00159420800003],[83.17774820400007,28.00204558200005],[83.17407832800006,28.00158814400004],[83.17253095400008,28.003771895000057],[83.17401007900008,28.006790582000065],[83.17345207800008,28.009986583000057],[83.17237157800008,28.010943457000053],[83.17232995300003,28.012777520000043],[83.17490970300008,28.01533802000006],[83.17435407900007,28.018184332000033],[83.17457064100006,28.022912457000075],[83.17621245400005,28.028143207000028],[83.17563345300005,28.029464145000077]]]}},{"type":"Feature","properties":{"STATE_CODE":5,"DISTRICT":"ARGHAKHANCHI","GaPa_NaPa":"Sitganga","Type_GN":"Nagarpalika","Province":"5","provinceId":"5","provinceCode":"5","provinceName":"Lumbini","districtId":"505","districtName":"Arghakhanchi","municipalityId":"50506","municipalityCode":"50506","municipalityName":"Shitaganga Urban Municipality","municipalityNameNe":"शितगंगा नगरपालिका","municipalityType":"municipality"},"geometry":{"type":"Polygon","coordinates":[[[83.01568751600007,27.922023145000026],[83.01394901600008,27.920314145000077],[83.01167264100008,27.920218832000046],[83.01092476500008,27.922216957000046],[83.01093057800006,27.924439333000066],[83.00870695300006,27.92686914400008],[83.00662101600005,27.931770332000042],[83.00550101600004,27.931491519000076],[83.00401164100003,27.929073395000046],[83.00136207800006,27.931833832000052],[82.99999982800006,27.932412832000068],[82.99641976500004,27.930613395000023],[82.99411114100008,27.929967082000076],[82.99295820300006,27.928762894000045],[82.99272289000004,27.92591608200007],[82.98923420300008,27.92557014500005],[82.98722126500007,27.92945858300004],[82.98585770300008,27.929971957000078],[82.97899201600006,27.92625720700005],[82.97541520300007,27.92808070700005],[82.97296726600007,27.927918082000076],[82.97070551600007,27.92609402000005],[82.96635276500007,27.928094207000072],[82.96427257800008,27.92849370700003],[82.96281551600003,27.926445457000057],[82.95887945300007,27.927595707000023],[82.95650620300006,27.927758270000027],[82.95495445300008,27.929661958000054],[82.95171845300007,27.929914895000024],[82.94943370400006,27.93067133200003],[82.94469376600006,27.93076370800003],[82.94326976500008,27.92757158200004],[82.93971439100005,27.925446020000038],[82.93278626600005,27.923853832000077],[82.93113745300008,27.923098770000024],[82.92953526500008,27.919289207000077],[82.92787907800005,27.917559333000042],[82.92807251600004,27.914621083000043],[82.92727764000006,27.91284152000003],[82.92406895300007,27.910666395000078],[82.92137482800007,27.907933395000043],[82.92013064100007,27.90493427000007],[82.91771520300006,27.903985770000077],[82.91289476600008,27.904746458000034],[82.90861926600007,27.90764352000008],[82.90538095300008,27.908621707000066],[82.90294107800008,27.908340644000077],[82.90077639100008,27.91168052000006],[82.89727564100008,27.913949333000062],[82.89509470300004,27.91363858300008],[82.89264032800008,27.91200120800005],[82.89151014000004,27.90826039500007],[82.89004926500007,27.90649789500003],[82.88887482800004,27.906292145000066],[82.88376339000007,27.90677652000005],[82.88192626600005,27.905308645000048],[82.88185676600006,27.90370170800003],[82.87980926600005,27.901282270000024],[82.87800876600005,27.901055520000057],[82.87605176600005,27.90202326900004],[82.87363889000005,27.905660770000054],[82.87039507800006,27.909101957000075],[82.86874451600005,27.909440333000077],[82.86460714100008,27.90770070800005],[82.86476220300005,27.906106832000035],[82.86337301500004,27.903609145000075],[82.86132632900006,27.903459145000056],[82.85657614000007,27.904638082000076],[82.85332132800005,27.90332733200006],[82.85127489100006,27.90138126900007],[82.84915776500003,27.901108644000033],[82.84444189000004,27.903778832000057],[82.84076120300006,27.904253270000027],[82.83757301600008,27.906234394000023],[82.83595582800007,27.90653208200007],[82.83360145300009,27.905821770000045],[82.83045157800007,27.90635233300003],[82.82623745300003,27.90549752000004],[82.82520845300007,27.90233470800007],[82.82256945300009,27.900017707000075],[82.82250564000003,27.89673227000003],[82.82075301600008,27.89533202000007],[82.81962764000008,27.893082020000065],[82.81656782800007,27.88976189400006],[82.81522907800007,27.887306957000078],[82.81487220300005,27.88492364500007],[82.81016139100007,27.880587395000077],[82.80811320300006,27.879811645000075],[82.80715920300008,27.877574395000067],[82.80768532800005,27.87589808200005],[82.80579682800004,27.873476707000066],[82.80744689100004,27.871735707000028],[82.81121976600008,27.871384770000077],[82.81194639100005,27.86982751900007],[82.81096489000004,27.867930707000028],[82.80956164100007,27.867194332000054],[82.80737639100005,27.867308582000078],[82.80434526600004,27.86823670800004],[82.79987201500006,27.86652152000005],[82.79520020300004,27.86572502000007],[82.79402326500008,27.86427983300007],[82.79595464100004,27.86232933200006],[82.79776245300008,27.861526145000028],[82.80102045300004,27.860988207000048],[82.80874520300006,27.859232207000048],[82.80957989100006,27.857596957000055],[82.80714689000007,27.855716770000072],[82.80509945300008,27.855351707000068],[82.79764007800009,27.85662927000004],[82.79501539100005,27.856238645000076],[82.79228232900005,27.854488770000046],[82.79128964100005,27.85218333200004],[82.79118782800003,27.850348207000025],[82.78568920300006,27.846681145000048],[82.78307420300007,27.842946770000026],[82.78163307800008,27.842128582000043],[82.77663539100007,27.841921957000068],[82.77292920300005,27.841022707000036],[82.76508657800008,27.837934020000034],[82.76074170300006,27.83689339400007],[82.75603776600008,27.83399033200004],[82.75465657800004,27.83206464500006],[82.75416351500007,27.829458894000027],[82.75068489000006,27.827884269000037],[82.75042220300008,27.822902644000067],[82.75469364000008,27.821616895000034],[82.75765601500007,27.81937395700004],[82.75900995300003,27.817495457000064],[82.75877514000007,27.813432332000048],[82.76143726500004,27.81122720700006],[82.76495457800007,27.810331457000075],[82.76947832800005,27.810638020000056],[82.77192832800006,27.809671645000037],[82.77305489000008,27.80731045700003],[82.77533951600003,27.804621144000066],[82.78137351600003,27.802587582000058],[82.78423220300004,27.79868033200006],[82.78653564100006,27.796142082000074],[82.78944764100004,27.794281519000037],[82.79013389000005,27.795492395000053],[82.78854020300008,27.80189708200004],[82.79018839000008,27.80445645800006],[82.79273639100006,27.805480457000044],[82.79675282800008,27.805553832000044],[82.80073945300006,27.80199452000005],[82.79950145300006,27.79632083200005],[82.80017039100005,27.794494644000054],[82.80206101500005,27.793813895000028],[82.80623351500003,27.794842707000043],[82.80918301500003,27.794807269000046],[82.81390420300005,27.793473895000034],[82.81569632800006,27.79365164400008],[82.81746301500004,27.795510082000078],[82.81951857800004,27.795229832000075],[82.82386426600004,27.793299519000072],[82.82858407800006,27.792044582000074],[82.83241926600004,27.792781020000064],[82.83564939100006,27.79093120700003],[82.83983045300005,27.790964020000047],[82.84257482800007,27.79013870700004],[82.84410732800006,27.790365895000036],[82.84613370300008,27.793135394000046],[82.85080057800008,27.792066457000033],[82.85609095300003,27.792110395000066],[82.86162820300007,27.790319645000068],[82.86466814100004,27.79078227000008],[82.86688889100003,27.79269345700004],[82.87451614000008,27.792227832000037],[82.87918120300003,27.793531520000045],[82.88171214000005,27.792505145000064],[82.88511801600004,27.79248977000003],[82.89062720300007,27.791257144000042],[82.89364626600008,27.791547583000067],[82.89743145300008,27.793421145000025],[82.90085857800005,27.793482270000027],[82.90403101600003,27.792781020000064],[82.90577407800004,27.79024533200004],[82.90895957900005,27.78825795700004],[82.91199189100007,27.788042707000045],[82.91356020300003,27.787969332000046],[82.91607820300004,27.788959270000078],[82.91925189100004,27.78561108200006],[82.92117745400003,27.78459052000005],[82.92330270400004,27.78633314500007],[82.92721895300008,27.78739239400005],[82.93060245300006,27.78446983200007],[82.93184420300008,27.78415676900005],[82.93441557800008,27.78501364500005],[82.93654064000003,27.785111207000057],[82.93908739100004,27.787729957000067],[82.94080039100004,27.78784689400004],[82.94396670400005,27.78990170700007],[82.94685807800005,27.790000519000046],[82.95147989100008,27.791700770000034],[82.95493276500008,27.790197207000062],[82.95769045300005,27.792203520000044],[82.96000239100005,27.79277595700006],[82.96263014100003,27.795430957000065],[82.96511614100007,27.795011895000073],[82.97002720300003,27.792842019000034],[82.97527182800007,27.79419864500005],[82.98305057800007,27.79296789500006],[82.98506464000008,27.79434539500005],[82.99324557800009,27.792081332000066],[82.99902714100006,27.792944582000075],[83.00090614100003,27.794803770000044],[83.00612670300006,27.798437895000063],[83.00805926500004,27.80272508200005],[83.01067582800005,27.805469395000046],[83.01266545300007,27.81102045800003],[83.01380420300006,27.812605707000046],[83.01844514100003,27.81681277000007],[83.01972957800007,27.817446895000046],[83.02055814000005,27.819824082000025],[83.02203907800003,27.818747083000062],[83.02168851600004,27.816768145000026],[83.01838845400005,27.81123045700008],[83.01837176500004,27.809490707000066],[83.02128482900008,27.80911208200007],[83.02283645300008,27.80788439400004],[83.02221989100008,27.80556964500005],[83.02243432800003,27.802883957000063],[83.02397451500008,27.798693769000067],[83.02544239000008,27.797406769000077],[83.02835807800005,27.79694895700004],[83.03287551600005,27.795611145000066],[83.03534582900005,27.792311769000037],[83.03466051600003,27.78778314500005],[83.03494264100004,27.78359302000007],[83.03846451600003,27.779930832000048],[83.04878851600006,27.773224457000026],[83.05041582800004,27.769533082000066],[83.05188214100008,27.76838570700005],[83.05116126600007,27.766826207000065],[83.05200545300005,27.76453970700004],[83.05123126600006,27.763476144000037],[83.05310645400004,27.762333770000055],[83.05374026600003,27.757748895000077],[83.05458382800003,27.756515957000033],[83.05682751600006,27.76041658200006],[83.05799676600003,27.76112170700003],[83.05953945400006,27.763537394000025],[83.06107251500003,27.76434426900005],[83.06372295300008,27.763193520000073],[83.06219707800005,27.75995670700007],[83.06539620300003,27.75827945700007],[83.06872976600005,27.758421457000054],[83.06852745300006,27.75987314400004],[83.06954157800004,27.762874020000027],[83.06871539100007,27.764317020000078],[83.07160195300008,27.765259270000058],[83.07478564000007,27.764326207000067],[83.07682376600008,27.764662457000043],[83.07941582800004,27.767378207000036],[83.08490376600008,27.76954233200007],[83.08718257800007,27.77388270700004],[83.08915182900006,27.77444620700004],[83.08940082800007,27.772803019000037],[83.09113707800003,27.770991395000067],[83.09207839000004,27.771234457000048],[83.09185707900008,27.773755519000076],[83.09255951500006,27.775201895000066],[83.09167095300006,27.776529520000054],[83.09257420400007,27.777632019000066],[83.09152589100006,27.78045227000007],[83.09172226600003,27.78242552000006],[83.09539651500006,27.78280383200007],[83.09726957900006,27.778599145000044],[83.09815245300007,27.77517083200007],[83.10058514000008,27.772686707000048],[83.10198526600004,27.769076770000026],[83.10567507900004,27.768313207000062],[83.10869595300005,27.768856207000056],[83.11045339100008,27.770277707000048],[83.11289564100008,27.769372832000045],[83.11637089100003,27.766042207000055],[83.11818332900003,27.766432832000078],[83.12152882800007,27.765172582000048],[83.12344220300008,27.761667145000047],[83.12497726600003,27.764738645000023],[83.12739682800003,27.76562258200005],[83.12889282800006,27.767886082000075],[83.13009814000003,27.76847358200007],[83.13371195300005,27.766871707000064],[83.13685320400003,27.764589957000055],[83.13876176600007,27.76465601900003],[83.13964920400008,27.76373645700005],[83.14376445300007,27.76118983200007],[83.14951832900005,27.75986933200005],[83.15417964100004,27.75923001900003],[83.15764889100006,27.758199770000033],[83.16202870300003,27.759070207000036],[83.16556226500006,27.758040145000052],[83.17141807800004,27.757698582000046],[83.17601957800008,27.756886707000035],[83.17736957800008,27.757012082000074],[83.18018620400005,27.758420957000055],[83.18177801500008,27.75692314400004],[83.18392270300006,27.756342395000047],[83.18749620400007,27.753951457000028],[83.18999082800008,27.75462264500004],[83.19316082800003,27.75644176900005],[83.19652789100007,27.75740220700004],[83.19962239100005,27.758873270000038],[83.20438076500005,27.760058207000043],[83.21246882900004,27.758728145000077],[83.21432795400005,27.759140270000046],[83.21673257900005,27.759318644000075],[83.22160932800006,27.761681520000025],[83.22383351600007,27.76141652000007],[83.22543145400005,27.76264164500003],[83.22866339100005,27.762499457000047],[83.23196120300008,27.758079645000066],[83.23482389100008,27.756628895000063],[83.23782389100006,27.75208539500005],[83.23952182900007,27.750185895000072],[83.24236570400006,27.750634707000074],[83.24377770400008,27.752436269000043],[83.24641826600003,27.752128020000043],[83.24807657900004,27.751044957000033],[83.25078576600004,27.754732895000075],[83.25089070400008,27.756405519000054],[83.24942957900004,27.758592957000076],[83.25341039100005,27.760622644000023],[83.25531307900008,27.762726894000025],[83.25669620300005,27.76599239500007],[83.25783164100005,27.766930332000072],[83.25775876600005,27.77028064600006],[83.25978239100004,27.77179645700005],[83.26010589100008,27.77310239600007],[83.25901632900008,27.775206145000027],[83.25986051600006,27.780964333000043],[83.26055901700005,27.782057895000037],[83.26043789100004,27.784825770000054],[83.25770295400008,27.788594958000033],[83.25485739100003,27.78986802000003],[83.25196501700003,27.790323957000055],[83.24908670400004,27.789742019000073],[83.24724564200005,27.79015389500006],[83.24732051700005,27.79526489500006],[83.24799995400008,27.79783627000006],[83.25041114100009,27.800647208000044],[83.25126264200009,27.804372520000072],[83.24923320400006,27.805205270000044],[83.24962364100008,27.80839114500003],[83.24787826700003,27.808920896000075],[83.24817489200007,27.81024695800005],[83.24704039100004,27.811323833000074],[83.24547820400005,27.811225082000078],[83.24491264100004,27.81397464500003],[83.24323070400004,27.814525020000076],[83.24273357900006,27.81589864500006],[83.24108570400006,27.816927521000025],[83.23583020500007,27.82204289500004],[83.23301457800005,27.82308777000003],[83.22768782800006,27.824276458000043],[83.22599714100005,27.823125332000075],[83.22506951600008,27.824327269000037],[83.22245945300006,27.822200644000077],[83.21865545300005,27.818194582000046],[83.21633795300005,27.818170145000067],[83.21462932800006,27.816100395000035],[83.21186876500008,27.81425708200004],[83.21125126500004,27.813184083000067],[83.20899520300009,27.81401958200007],[83.20741920300009,27.81625102000004],[83.20491132800004,27.81584176900003],[83.20307995300004,27.817633957000055],[83.20118839100007,27.818487207000032],[83.20066126500006,27.821200770000075],[83.20088932800007,27.822982207000052],[83.19891520300007,27.82305208200006],[83.19776457900008,27.826068832000033],[83.19726557900003,27.832491895000032],[83.19811757900004,27.834022145000063],[83.20027807800005,27.83582608200004],[83.20237839100008,27.83657608200008],[83.20359689100007,27.83782183200003],[83.20645526600003,27.84218839500005],[83.20867657800005,27.844870332000028],[83.21146376600007,27.85107083200006],[83.21175339100006,27.853804770000067],[83.21136214100005,27.86037970700005],[83.21014739100008,27.86347289500003],[83.20505882900005,27.863592582000024],[83.20136089100004,27.864938519000077],[83.19894864100007,27.866824333000068],[83.19553164100006,27.868095020000055],[83.19293089100006,27.86969533200005],[83.19169364100009,27.87420064500003],[83.19190295400006,27.875808332000076],[83.19015095300006,27.88023839500005],[83.18838751600003,27.881455457000072],[83.18780045400007,27.88386170700005],[83.18555939100008,27.88687639500006],[83.18138651600003,27.890037520000078],[83.17988082800008,27.891179270000066],[83.17576039100004,27.891472832000034],[83.17078426600006,27.890960144000076],[83.16475457900003,27.891190020000067],[83.16234101600008,27.894203270000048],[83.16262789000007,27.898009082000044],[83.16344782800007,27.902808583000024],[83.16168732800008,27.903109269000026],[83.15983339100006,27.904442707000044],[83.15645832900003,27.901238457000034],[83.15303382900004,27.89878077000003],[83.15082626600008,27.898124145000054],[83.14980826600004,27.89481470800007],[83.14848432800005,27.893051145000072],[83.14595939100008,27.891189895000025],[83.14370907900008,27.89049458200003],[83.13965307900008,27.89074908200007],[83.13848089100009,27.894414895000068],[83.13873939100006,27.89990152000007],[83.13592657900006,27.90038933200003],[83.12768476600007,27.903595394000035],[83.12465557800004,27.90581439500005],[83.12123045400006,27.910237395000024],[83.11874264100004,27.91178283200003],[83.11492270400004,27.912845833000063],[83.11016370400006,27.911827020000032],[83.10661532900008,27.913487145000033],[83.10196057800005,27.91273039500004],[83.10000895400003,27.91315083300003],[83.09809264100005,27.914622958000052],[83.09445401600004,27.914005583000062],[83.09037495300004,27.91067339500006],[83.08762751600005,27.90728895700005],[83.08604532900006,27.906136833000062],[83.07982864100006,27.909177457000055],[83.07902076500005,27.908075520000068],[83.07592426600007,27.90785402000006],[83.07504889100005,27.908339957000067],[83.07129051600003,27.90848845800008],[83.07026451600007,27.910773833000064],[83.06751364100006,27.91256020700007],[83.06267939000008,27.91444070700004],[83.06036257800008,27.914767832000052],[83.05704126600006,27.913723083000036],[83.05334595300008,27.91377451900007],[83.05127007900006,27.91262533200006],[83.04696170300008,27.911668269000074],[83.04109726600007,27.909899333000055],[83.03828951600008,27.906725583000025],[83.03482939000008,27.906640458000027],[83.03452382900008,27.910013583000023],[83.03356770300007,27.912854270000025],[83.03202720300004,27.915318520000028],[83.03169120300004,27.917924269000025],[83.03077951600005,27.919005394000067],[83.02861257800004,27.919310520000067],[83.02783189100006,27.920579769000028],[83.02621745300007,27.92034508300003],[83.02434232900004,27.921739582000043],[83.02089145300005,27.922516083000062],[83.01882282800005,27.92201627000003],[83.01568751600007,27.922023145000026]]]}},{"type":"Feature","properties":{"STATE_CODE":5,"DISTRICT":"PYUTHAN","GaPa_NaPa":"Ayirabati","Type_GN":"Gaunpalika","Province":"5","provinceId":"5","provinceCode":"5","provinceName":"Lumbini","districtId":"503","districtName":"Pyuthan","municipalityId":"50308","municipalityCode":"50308","municipalityName":"Aairawati Rural Municipality","municipalityNameNe":"ऐरावती गाउँपालिका","municipalityType":"rural_municipality"},"geometry":{"type":"Polygon","coordinates":[[[82.96281095300003,28.040862145000062],[82.96050757800003,28.04272414500008],[82.95797032800004,28.041764083000032],[82.95550082800008,28.043304332000048],[82.95254864100008,28.04360445700007],[82.95157264100004,28.044564895000065],[82.94913082800008,28.044480833000023],[82.94807557800004,28.046167082000068],[82.94336782800008,28.046476145000042],[82.94010745400004,28.04821083300004],[82.93722445400005,28.049084207000078],[82.93405701500006,28.049271770000075],[82.93128751500007,28.046060082000054],[82.92692251600005,28.04402033300005],[82.92536120300008,28.04183320800007],[82.92174932800003,28.039943583000024],[82.92100970300004,28.038439770000025],[82.92204720300003,28.036945270000047],[82.91819895300006,28.03767083300005],[82.91805676500007,28.038662395000074],[82.91598995400005,28.039970457000038],[82.91566264000005,28.042151770000032],[82.91423539100003,28.043480645000045],[82.91221620300007,28.042596083000035],[82.90770126600006,28.043431145000056],[82.90346914000008,28.04508720700005],[82.90137245300008,28.04552177000005],[82.89884276600003,28.04888558300007],[82.89608826600005,28.050472083000045],[82.89380751500005,28.052477457000066],[82.89338757800004,28.05393383200004],[82.88932926600006,28.05606464400006],[82.88808764100008,28.056264395000028],[82.88626007800008,28.055110270000057],[82.88556657800007,28.053737457000068],[82.87959239100007,28.046816707000062],[82.87677445400004,28.044790270000078],[82.87426982800008,28.041252520000057],[82.87220720300007,28.042167333000066],[82.87087564100005,28.043627395000044],[82.86855514100006,28.048759020000034],[82.86673389000003,28.050435957000047],[82.86045476500004,28.052795832000072],[82.85923457800004,28.052501457000062],[82.85929039100006,28.049352395000028],[82.86109095300003,28.047810645000027],[82.86225789000008,28.044729457000074],[82.85473539100008,28.04423827000005],[82.85094076500008,28.042706269000064],[82.84959451500004,28.04262058200004],[82.84757601600006,28.043724894000036],[82.84433926500003,28.044724270000074],[82.84117545300006,28.044426832000056],[82.83662914000007,28.042421082000033],[82.83374357800005,28.040059332000055],[82.83255357800005,28.036786895000034],[82.83102620300008,28.03397414500006],[82.83033264100004,28.031154895000043],[82.82877926500004,28.027904145000036],[82.82867645300007,28.026303708000057],[82.82717920300007,28.02228864500006],[82.82412251600005,28.022409207000067],[82.82306870300005,28.01985977000004],[82.82042170300008,28.018316458000072],[82.81903645300008,28.01674333300008],[82.81680314100004,28.015828457000055],[82.81073151500004,28.01559108200007],[82.80809351500005,28.014620645000036],[82.80875182800008,28.012056707000056],[82.81047776600008,28.009389145000057],[82.81072682800004,28.006505770000047],[82.81141932800006,28.00522126900006],[82.81343507800005,28.005929082000023],[82.82221776600005,28.003813895000064],[82.82555207800004,28.003921395000077],[82.82889532800004,28.004847832000053],[82.83047057800007,28.006190082000046],[82.83320876600004,28.01025183200005],[82.83972695300008,28.009988833000023],[82.84403101600003,28.01060270800008],[82.85018770300007,28.010532458000057],[82.85293982800005,28.009975645000054],[82.85563720300007,28.01029595800003],[82.85882564100007,28.00858977000007],[82.86153995300003,28.008510770000044],[82.85833070300004,28.00441408300003],[82.85695807800005,28.00013189400005],[82.85425070300005,27.99828864500006],[82.85871270300004,27.992164333000062],[82.86208314000004,27.98889383200003],[82.86377151600004,27.98637864500006],[82.86624595300003,27.985359020000033],[82.86948170300008,27.983294270000044],[82.86736195300006,27.982026895000047],[82.86642095300004,27.978772582000033],[82.86519189100005,27.976790582000035],[82.86376220300008,27.97587189500007],[82.86534382800005,27.97362877000006],[82.86491995300008,27.971064582000054],[82.86225376600004,27.96967758200003],[82.86208064000004,27.96873983300003],[82.86591657800005,27.96935127000006],[82.87390270300006,27.965071645000023],[82.87742289000005,27.967275332000042],[82.87945170400008,27.96669620700004],[82.87978557800005,27.964271332000067],[82.87907939000007,27.963008957000056],[82.88160351500005,27.961732208000058],[82.88371089000003,27.962144145000025],[82.88915551600007,27.961488770000074],[82.89235795300004,27.95980664500007],[82.89547826600005,27.960251395000057],[82.89717620300007,27.959547582000027],[82.89967389100008,27.959808957000064],[82.90205964100005,27.95933395700007],[82.90275020300004,27.958139207000045],[82.90111739100007,27.955053270000064],[82.90626464100006,27.95011495700004],[82.90969201600006,27.949122395000074],[82.91377639100006,27.94962620800004],[82.91733195400008,27.950450645000046],[82.91857195300008,27.949395458000026],[82.91793420300007,27.946841019000033],[82.92031307800005,27.94504120700003],[82.92303101500005,27.943957020000028],[82.92508470300004,27.94162439400003],[82.93022714100005,27.94195770700003],[82.93253070300005,27.942783332000033],[82.93406439100005,27.94196720800005],[82.93355132800008,27.93932576900005],[82.93371645300005,27.937201708000032],[82.93585064100006,27.935826208000037],[82.94060814100004,27.934644520000063],[82.94247526600003,27.933675208000068],[82.94469376600006,27.93076370800003],[82.94943370400006,27.93067133200003],[82.95171845300007,27.929914895000024],[82.95495445300008,27.929661958000054],[82.95650620300006,27.927758270000027],[82.95887945300007,27.927595707000023],[82.96281551600003,27.926445457000057],[82.96427257800008,27.92849370700003],[82.96635276500007,27.928094207000072],[82.97070551600007,27.92609402000005],[82.97296726600007,27.927918082000076],[82.97541520300007,27.92808070700005],[82.97899201600006,27.92625720700005],[82.98585770300008,27.929971957000078],[82.98722126500007,27.92945858300004],[82.98923420300008,27.92557014500005],[82.99272289000004,27.92591608200007],[82.99295820300006,27.928762894000045],[82.99411114100008,27.929967082000076],[82.99641976500004,27.930613395000023],[82.99999982800006,27.932412832000068],[83.00136207800006,27.931833832000052],[83.00401164100003,27.929073395000046],[83.00550101600004,27.931491519000076],[83.00662101600005,27.931770332000042],[83.00870695300006,27.92686914400008],[83.01093057800006,27.924439333000066],[83.01092476500008,27.922216957000046],[83.01167264100008,27.920218832000046],[83.01394901600008,27.920314145000077],[83.01568751600007,27.922023145000026],[83.01664870300004,27.923354457000073],[83.01786739100004,27.928132770000047],[83.01512107800005,27.931716332000065],[83.01504676600007,27.932636332000072],[83.01783882900008,27.93617370800007],[83.01750926600005,27.937288145000025],[83.01478932900005,27.94127345800007],[83.01488195300004,27.94180883300004],[83.01960507800004,27.94697764500006],[83.01727789100005,27.94801020700004],[83.01648132800005,27.949588333000065],[83.01934670400004,27.952090645000055],[83.01806282800004,27.95417070800005],[83.01856801600007,27.956789207000043],[83.01235964100005,27.96348633200006],[83.01138395300006,27.966193520000047],[83.00925951600004,27.96803058200004],[83.00542532800006,27.96882864500003],[83.00395401600008,27.969684458000074],[83.00116982900005,27.97552802000007],[83.00174795300006,27.977131833000044],[83.00000001600006,27.978468333000023],[82.99617395300004,27.975945145000026],[82.99273864100007,27.97600126900005],[82.99014051600005,27.977545769000074],[82.98871751500008,27.98058564400003],[82.98662514100005,27.98153814500006],[82.98388639100006,27.981321645000037],[82.98255689100006,27.982974582000054],[82.97974320300006,27.984029957000075],[82.97774264100008,27.98413014500005],[82.97701914000004,27.986290707000023],[82.97847214100005,27.98867727000004],[82.97674589100006,27.991274833000034],[82.97087139100006,27.99335177000006],[82.96950914000007,27.992833958000062],[82.96897489100007,27.99020827000004],[82.96766176500006,27.98807533300004],[82.96621382800004,27.98785239500006],[82.96574420300004,27.989719145000038],[82.96178464000008,27.992051582000045],[82.95900220300007,27.991929020000043],[82.95527895300006,27.992798770000036],[82.95433607800004,27.993944458000044],[82.95622232900007,27.99606152000007],[82.95628551500005,27.997483394000028],[82.96215314100004,27.998825082000053],[82.96534420400008,28.00039464500003],[82.96759007800006,28.003628770000034],[82.97026445300008,28.00268545700004],[82.97028182900004,28.006002145000025],[82.97375189100006,28.005570082000077],[82.97555757800006,28.006535645000042],[82.97389514100007,28.01237802000003],[82.97394807800003,28.01430289500007],[82.97652232800004,28.014599582000073],[82.97623757800005,28.017519207000078],[82.97826382800008,28.01964602000004],[82.97748089100008,28.02151727000006],[82.97860370400008,28.023037333000048],[82.97736201500004,28.027269645000047],[82.97642726600003,28.028911957000048],[82.97646289000005,28.031500019000077],[82.97447626600007,28.032881770000074],[82.97448282800008,28.034100145000025],[82.97233964100008,28.03824227000007],[82.96714039100004,28.040459333000058],[82.96529507900004,28.040201832000037],[82.96281095300003,28.040862145000062]]]}},{"type":"Feature","properties":{"STATE_CODE":5,"DISTRICT":"PYUTHAN","GaPa_NaPa":"Gaumukhi","Type_GN":"Gaunpalika","Province":"5","provinceId":"5","provinceCode":"5","provinceName":"Lumbini","districtId":"503","districtName":"Pyuthan","municipalityId":"50301","municipalityCode":"50301","municipalityName":"Gaumukhi Rural Municipality","municipalityNameNe":"गौमुखी गाउँपालिका","municipalityType":"rural_municipality"},"geometry":{"type":"Polygon","coordinates":[[[83.09919045300006,28.272669895000035],[83.09937564100005,28.275723645000028],[83.09796345400008,28.277798958000062],[83.09517276600008,28.277381208000065],[83.09172082800006,28.280999645000065],[83.08930926600004,28.28566052000008],[83.08677839100005,28.28927145800003],[83.08298351600007,28.291077957000027],[83.08109757800008,28.29118939500006],[83.08045451600003,28.293199770000058],[83.07805364100005,28.297310020000054],[83.07697039100003,28.298295395000025],[83.07230082800004,28.300856020000026],[83.07073957800003,28.30329777000003],[83.07108082800005,28.30913433300003],[83.07080251600007,28.311196708000068],[83.06887157900007,28.31318027100008],[83.06639695300004,28.314465145000042],[83.06316976600004,28.317608333000067],[83.06061464000004,28.31740577000005],[83.05322920400005,28.31884602100007],[83.05186464000008,28.31962164600003],[83.04993882900004,28.32216214500005],[83.04672351600004,28.32446127000003],[83.04545826600008,28.324490832000038],[83.04202307900005,28.322111333000066],[83.03576514100007,28.321555145000048],[83.03141770300005,28.323523270000067],[83.02601601600009,28.32500308300007],[83.02019882800005,28.325629208000066],[83.01791470300003,28.328419520000068],[83.01759045300008,28.330237708000027],[83.01559876600004,28.332339583000078],[83.01224939100007,28.333554020000065],[83.00861976600004,28.332437957000025],[83.00532220300005,28.332998270000076],[83.00273382900008,28.330669082000043],[82.99946832800003,28.322069958000043],[82.99763020300009,28.319295020000027],[82.99823520300004,28.316562832000045],[82.99766964100007,28.312134583000045],[82.99583432800006,28.310444833000076],[82.99523857900004,28.308969458000036],[82.99252120300008,28.307453645000066],[82.99193995300004,28.305159520000075],[82.99036439000008,28.302102082000033],[82.99122601600004,28.300651020000032],[82.99003351600004,28.298975020000057],[82.98527876600008,28.295120207000025],[82.98439151600007,28.293159896000077],[82.98497720300008,28.291573707000055],[82.98524920300008,28.28698458200006],[82.98478682900003,28.284603270000048],[82.98368670300005,28.28296395800004],[82.98301607800005,28.280317083000057],[82.98405070300004,28.27905458200007],[82.98435601600005,28.276857208000024],[82.98703464100004,28.273414020000075],[82.98818620300005,28.268330521000053],[82.98537339100005,28.26564527000005],[82.98235364100003,28.263533645000052],[82.98177445300007,28.26260439500004],[82.97834414100004,28.262411833000044],[82.97436926600005,28.258948270000076],[82.97290782800007,28.256331583000076],[82.97007195300006,28.25284033300005],[82.96743814000007,28.250774207000063],[82.96705314100006,28.248589708000054],[82.96791364100005,28.24796445800007],[82.97087589000006,28.24795745800003],[82.97349839100008,28.24674989500005],[82.97464670300008,28.24317133200003],[82.97532814100003,28.23764902000005],[82.97101607800005,28.23686989500004],[82.96741839000003,28.23420539500006],[82.96650564000004,28.230848208000054],[82.96205501500003,28.22639033300004],[82.96194582800007,28.21993258200007],[82.96109639000008,28.217033833000073],[82.95844426600007,28.21410558200006],[82.95337026600004,28.210380395000072],[82.95043320300005,28.210486520000075],[82.94741476600007,28.209865458000024],[82.94582726600004,28.210069832000045],[82.94278814000006,28.209353708000037],[82.94069482900005,28.208067395000057],[82.94084932800007,28.207055582000066],[82.94314895300005,28.20559339500005],[82.94475745300008,28.205348582000056],[82.95002082800005,28.202519333000055],[82.94974570400007,28.197671145000072],[82.95314845300004,28.196068333000028],[82.95808914000008,28.19575183300003],[82.96115501600008,28.196567020000032],[82.96722632800004,28.194041020000043],[82.97162957800003,28.193891395000037],[82.97537132800005,28.193068958000026],[82.97679332800004,28.192256083000075],[82.97904882800003,28.19217139500006],[82.98214807800008,28.19098520700004],[82.98023645300003,28.186876145000042],[82.98159214100008,28.185300145000042],[82.98106164100005,28.183904270000028],[82.98180407900009,28.180227770000045],[82.98044657900004,28.17663727000007],[82.98269695400006,28.176417083000047],[82.98899464000004,28.17665327000003],[82.99583157800004,28.17599514500006],[82.99839614100006,28.177739832000043],[82.99953120400005,28.17787677000007],[83.00000001500007,28.175718833000076],[83.00352607800005,28.17610552000008],[83.00853032800006,28.173721020000073],[83.01286476600006,28.173032645000035],[83.01996857900008,28.170502645000056],[83.02341982900003,28.171465832000024],[83.02513320300005,28.17341833300003],[83.02549245400007,28.175780770000074],[83.02706764100003,28.176971958000024],[83.02875676600007,28.179571708000026],[83.03171939000003,28.18172702000004],[83.03721332800006,28.183651832000066],[83.03810551600003,28.185609708000072],[83.03924082800006,28.19138883200003],[83.03840695300005,28.194110645000023],[83.03706332800004,28.196558082000024],[83.03761389100003,28.20129977000005],[83.03633657900008,28.20357864500005],[83.03606614100005,28.205904958000076],[83.03323739000007,28.211356083000055],[83.03172120300007,28.216306520000046],[83.03032226600004,28.217991020000056],[83.02942876600008,28.22021595700005],[83.02865270300003,28.224375270000053],[83.02902920300005,28.227531958000043],[83.03031214100008,28.231579520000025],[83.02908151600008,28.235999520000064],[83.02644776500006,28.235874770000066],[83.02698764100006,28.238211395000064],[83.03091551600005,28.24043677000003],[83.03304695300005,28.241148958000053],[83.03876464100006,28.240124395000066],[83.04103076600006,28.24045620800007],[83.04480682900004,28.242989145000024],[83.04821864100006,28.24291820700006],[83.05295301500007,28.24350158200008],[83.05697870300008,28.24276002000005],[83.06125557800004,28.24242170800005],[83.06515351600007,28.24160233300006],[83.07270695300008,28.23899158300003],[83.07817501600005,28.233803395000052],[83.07980951600007,28.233591020000063],[83.08113101600009,28.235567270000047],[83.08238776600007,28.238973457000043],[83.08457576600006,28.24309652000005],[83.08707895300006,28.246138707000057],[83.09048764100004,28.247639207000077],[83.09123739000006,28.25027033300006],[83.09302851600006,28.25321745800005],[83.09421901600007,28.254278957000054],[83.09553476600007,28.256846083000028],[83.09686257800007,28.26040602000006],[83.09751357800008,28.26469695800006],[83.09743207800005,28.268804833000047],[83.09919045300006,28.272669895000035]]]}},{"type":"Feature","properties":{"STATE_CODE":5,"DISTRICT":"PYUTHAN","GaPa_NaPa":"Jhimruk","Type_GN":"Gaunpalika","Province":"5","provinceId":"5","provinceCode":"5","provinceName":"Lumbini","districtId":"503","districtName":"Pyuthan","municipalityId":"50303","municipalityCode":"50303","municipalityName":"Jhimaruk Rural Municipality","municipalityNameNe":"झिमरुक गाउँपालिका","municipalityType":"rural_municipality"},"geometry":{"type":"Polygon","coordinates":[[[83.03721332800006,28.183651832000066],[83.03171939000003,28.18172702000004],[83.02875676600007,28.179571708000026],[83.02706764100003,28.176971958000024],[83.02549245400007,28.175780770000074],[83.02513320300005,28.17341833300003],[83.02341982900003,28.171465832000024],[83.01996857900008,28.170502645000056],[83.01286476600006,28.173032645000035],[83.00853032800006,28.173721020000073],[83.00352607800005,28.17610552000008],[83.00000001500007,28.175718833000076],[82.99953120400005,28.17787677000007],[82.99839614100006,28.177739832000043],[82.99583157800004,28.17599514500006],[82.98899464000004,28.17665327000003],[82.98269695400006,28.176417083000047],[82.98044657900004,28.17663727000007],[82.98180407900009,28.180227770000045],[82.98106164100005,28.183904270000028],[82.98159214100008,28.185300145000042],[82.98023645300003,28.186876145000042],[82.98214807800008,28.19098520700004],[82.97904882800003,28.19217139500006],[82.97679332800004,28.192256083000075],[82.97537132800005,28.193068958000026],[82.97162957800003,28.193891395000037],[82.96722632800004,28.194041020000043],[82.96115501600008,28.196567020000032],[82.95808914000008,28.19575183300003],[82.95314845300004,28.196068333000028],[82.94974570400007,28.197671145000072],[82.94591945300004,28.194905083000037],[82.94461082800007,28.194802520000053],[82.94083039000003,28.191867457000058],[82.93670582800007,28.189274832000024],[82.93742945400004,28.18614677000005],[82.93487014100003,28.183464582000056],[82.93475745300003,28.180930207000074],[82.93581657900006,28.179848770000035],[82.93331207800009,28.178653833000055],[82.92887501600006,28.177599457000042],[82.92693795400004,28.175052957000048],[82.92682120300003,28.173165957000037],[82.92567207800005,28.171595770000067],[82.92549145300006,28.169669895000027],[82.92412576600003,28.168404770000052],[82.91920689000005,28.168853332000026],[82.91831507800003,28.16734377000006],[82.91792289100005,28.16466945700006],[82.91796901600009,28.160338145000026],[82.91980826500009,28.157713020000074],[82.91852089000008,28.15386970700007],[82.91755689100006,28.149742520000075],[82.91679245300008,28.148267770000075],[82.91306332800008,28.147728333000032],[82.90968182800003,28.146429082000054],[82.90839414100003,28.142793270000027],[82.91309357900008,28.142404207000027],[82.91585157800006,28.140149645000065],[82.91587532800008,28.135989645000052],[82.91517851600008,28.134037083000067],[82.91561232800007,28.129440270000032],[82.91479395300007,28.126266332000057],[82.91624470400006,28.12299514500006],[82.91908251600006,28.12322514500005],[82.92523282800005,28.124471395000057],[82.92819907800003,28.12592733300005],[82.92815095300006,28.124052145000064],[82.93113907800006,28.121126708000077],[82.93247689100008,28.118768207000073],[82.93267526500006,28.116206833000035],[82.93377789000004,28.11404052000006],[82.93719801600008,28.11487477000003],[82.93903007800003,28.115890645000036],[82.94013870300006,28.117981645000043],[82.93918714100005,28.12022358300004],[82.94125114000008,28.120571208000058],[82.94437270300006,28.118427145000055],[82.94403251600005,28.11567883200007],[82.94434907800007,28.111552583000048],[82.94353870300006,28.109172957000055],[82.94559295300007,28.108049395000023],[82.94759595300008,28.105722958000058],[82.95080814100004,28.104341958000077],[82.95225595300008,28.102478270000063],[82.95655339100006,28.102883145000078],[82.96074082800004,28.103713708000043],[82.96417339100003,28.104364582000073],[82.96810501500005,28.102758582000035],[82.96989620300008,28.101470207000034],[82.97163182800006,28.101498957000047],[82.97267195400008,28.103230520000068],[82.97350651600004,28.106203583000024],[82.97487676600008,28.106062645000065],[82.97745507800005,28.10696633300006],[82.98150995300006,28.11014833300004],[82.98253707800006,28.109873895000078],[82.98076789100008,28.105571895000026],[82.98463470300004,28.103734708000047],[82.98823932800008,28.106881582000028],[82.99114451600008,28.108276958000033],[82.99365326600008,28.108299958000032],[82.99654526600006,28.10520989500003],[83.00000001600006,28.10408452000007],[83.00255114100008,28.107011270000044],[83.00208864100006,28.108117895000078],[83.00447657800004,28.11381620800006],[83.00588995300006,28.111838833000036],[83.01171120300006,28.11121083200004],[83.01453157900005,28.107772458000056],[83.01838414100007,28.107312770000078],[83.02152739100006,28.105444583000065],[83.02334801600006,28.10513489500005],[83.02691070300006,28.10212345800005],[83.02903664100006,28.09950333200004],[83.03241951600006,28.098994770000047],[83.03611989100006,28.100575270000036],[83.04072982900004,28.104781520000074],[83.04205326600004,28.105002832000025],[83.04248239000003,28.103130958000065],[83.04445814100006,28.10094952000003],[83.04703126600003,28.10075983200005],[83.05276845300006,28.106679145000044],[83.05272539100008,28.108513083000048],[83.05023564100009,28.110691145000033],[83.05299095400005,28.11144114500007],[83.05504807800008,28.11346558200006],[83.05595120400005,28.115310582000063],[83.05493801500006,28.11981364500008],[83.05552326600008,28.12127289500006],[83.05767914000006,28.122323333000054],[83.06107926600004,28.126516020000054],[83.06049582800006,28.129503707000026],[83.05892051600006,28.13141964500005],[83.05496789100005,28.13450139500003],[83.05353570400007,28.13930389500007],[83.05148170300004,28.14023277000007],[83.05294520300004,28.14240877000003],[83.05464095300005,28.14235283200003],[83.05762501600003,28.140979083000047],[83.05882757900008,28.144603957000072],[83.05748257800008,28.144536020000032],[83.05523770300005,28.147663395000052],[83.05532107800008,28.14984114500004],[83.05282626500008,28.150399270000037],[83.05065295400004,28.152450833000046],[83.04625664100007,28.153746832000024],[83.04401370300008,28.15498114500008],[83.04046345300003,28.155942270000025],[83.03887776500005,28.157551082000055],[83.03881982800004,28.15994445700005],[83.04009814100004,28.162042583000073],[83.04151920400005,28.162844457000062],[83.04358995300004,28.165888895000023],[83.04380145300007,28.168699270000047],[83.04094420300004,28.16769108300008],[83.03674220300007,28.168135395000036],[83.03483695300008,28.169507270000054],[83.03300495300005,28.171644395000044],[83.03143539000007,28.17474445700003],[83.03512939100005,28.175436207000075],[83.03584820300006,28.17750783300005],[83.03564982800003,28.18075077000003],[83.03721332800006,28.183651832000066]]]}},{"type":"Feature","properties":{"STATE_CODE":5,"DISTRICT":"PYUTHAN","GaPa_NaPa":"Mallarani","Type_GN":"Gaunpalika","Province":"5","provinceId":"5","provinceCode":"5","provinceName":"Lumbini","districtId":"503","districtName":"Pyuthan","municipalityId":"50307","municipalityCode":"50307","municipalityName":"Mallarani Rural Municipality","municipalityNameNe":"मल्लरानी गाउँपालिका","municipalityType":"rural_municipality"},"geometry":{"type":"Polygon","coordinates":[[[83.00255114100008,28.107011270000044],[83.00000001600006,28.10408452000007],[82.99654526600006,28.10520989500003],[82.99365326600008,28.108299958000032],[82.99114451600008,28.108276958000033],[82.98823932800008,28.106881582000028],[82.98463470300004,28.103734708000047],[82.98076789100008,28.105571895000026],[82.98253707800006,28.109873895000078],[82.98150995300006,28.11014833300004],[82.97745507800005,28.10696633300006],[82.97487676600008,28.106062645000065],[82.97350651600004,28.106203583000024],[82.97267195400008,28.103230520000068],[82.97163182800006,28.101498957000047],[82.96989620300008,28.101470207000034],[82.96810501500005,28.102758582000035],[82.96417339100003,28.104364582000073],[82.96074082800004,28.103713708000043],[82.95858382800003,28.10156752000006],[82.95946857800004,28.09932939500004],[82.96068301600008,28.09829177000006],[82.96095889100008,28.09468177000008],[82.95732095400007,28.09246802000007],[82.95286726600006,28.09107139500003],[82.94852451600008,28.090607270000078],[82.94581276600007,28.09291927000004],[82.94540901600004,28.096419957000023],[82.94320107800007,28.097181332000048],[82.94147864100006,28.096752895000066],[82.94071251600008,28.092013645000065],[82.93951845400005,28.09035970700006],[82.93770857800007,28.089720770000042],[82.93498176600008,28.087157020000063],[82.93084020300006,28.085022082000023],[82.93022720300007,28.083476395000048],[82.92761151500008,28.084297520000064],[82.92586876600006,28.086928020000073],[82.92498495300003,28.089515645000063],[82.92169526600009,28.08930708300005],[82.91708107800008,28.09011902000003],[82.91598401600004,28.089763020000078],[82.91161651600004,28.090538270000025],[82.90952376500007,28.088486645000046],[82.90917351600007,28.087362583000072],[82.90661064100004,28.085300457000073],[82.90437995300005,28.08820202000004],[82.90067320300005,28.091457270000035],[82.90098876500008,28.093880582000054],[82.90035545300003,28.095337457000028],[82.89668407800008,28.100867020000067],[82.89211645300009,28.103611957000055],[82.88798026600006,28.103508583000064],[82.88609845300005,28.104057332000025],[82.88375170300003,28.105698708000034],[82.87999057800005,28.107330770000033],[82.87735807800004,28.107807895000064],[82.87442945300006,28.10932027000007],[82.87380995300003,28.107607332000043],[82.87168632800007,28.10541045800005],[82.86914539100007,28.104135145000043],[82.87480582800004,28.09949808300007],[82.88060926600008,28.09656977000003],[82.88277145300003,28.09281070700007],[82.88237982900006,28.09189608300005],[82.88337407800003,28.08988270800006],[82.88139170400007,28.088025582000057],[82.87858945300007,28.088733645000048],[82.87865801600003,28.085961458000043],[82.87982014100004,28.083374208000066],[82.87716501500006,28.083546520000027],[82.87109639100004,28.08623558200003],[82.86618432800003,28.088918207000063],[82.86344757800003,28.090966707000064],[82.86212126600003,28.092853083000023],[82.86131526500003,28.095305520000068],[82.85910420300007,28.09658664500006],[82.85391876600005,28.092392207000046],[82.85150139000007,28.088784833000034],[82.85242557800007,28.087285520000023],[82.85190876600007,28.085169458000053],[82.84886739100006,28.08117327000008],[82.84932345300007,28.079834770000048],[82.84908989100006,28.07611927000005],[82.85174020300008,28.075848207000035],[82.85179257800007,28.07477927000008],[82.85346351500004,28.07301089500004],[82.85349189100003,28.071713895000073],[82.85213695300007,28.069153207000056],[82.85174289100007,28.066413270000055],[82.84682907800004,28.066624770000033],[82.84163145300005,28.068194082000048],[82.83702026600008,28.068518332000053],[82.83547632800008,28.070170207000047],[82.82974845300004,28.073045395000065],[82.82679639000008,28.07332020700005],[82.82321164100006,28.07930645700003],[82.82257314000003,28.082078270000068],[82.81936226500005,28.07979908200008],[82.81771232800008,28.077296458000035],[82.81673595300003,28.073547457000075],[82.81792351600006,28.072296583000025],[82.81775995300006,28.070772270000077],[82.81968420300007,28.06579389500007],[82.82180345300003,28.063445520000073],[82.82454214100005,28.06326820700008],[82.82735939100007,28.064693270000078],[82.82981664000005,28.064172833000043],[82.83062826600008,28.061648395000077],[82.82840020300006,28.059131895000064],[82.82766351600003,28.055856583000036],[82.82556907800006,28.053873644000078],[82.82512170300004,28.051778395000042],[82.82724120400007,28.04713995700007],[82.82912714000008,28.04506239500006],[82.83196307800006,28.04393145800003],[82.83401507800005,28.043797707000067],[82.83662914000007,28.042421082000033],[82.84117545300006,28.044426832000056],[82.84433926500003,28.044724270000074],[82.84757601600006,28.043724894000036],[82.84959451500004,28.04262058200004],[82.85094076500008,28.042706269000064],[82.85473539100008,28.04423827000005],[82.86225789000008,28.044729457000074],[82.86109095300003,28.047810645000027],[82.85929039100006,28.049352395000028],[82.85923457800004,28.052501457000062],[82.86045476500004,28.052795832000072],[82.86673389000003,28.050435957000047],[82.86855514100006,28.048759020000034],[82.87087564100005,28.043627395000044],[82.87220720300007,28.042167333000066],[82.87426982800008,28.041252520000057],[82.87677445400004,28.044790270000078],[82.87959239100007,28.046816707000062],[82.88556657800007,28.053737457000068],[82.88626007800008,28.055110270000057],[82.88808764100008,28.056264395000028],[82.88932926600006,28.05606464400006],[82.89338757800004,28.05393383200004],[82.89380751500005,28.052477457000066],[82.89608826600005,28.050472083000045],[82.89884276600003,28.04888558300007],[82.90137245300008,28.04552177000005],[82.90346914000008,28.04508720700005],[82.90770126600006,28.043431145000056],[82.91221620300007,28.042596083000035],[82.91423539100003,28.043480645000045],[82.91566264000005,28.042151770000032],[82.91598995400005,28.039970457000038],[82.91805676500007,28.038662395000074],[82.91819895300006,28.03767083300005],[82.92204720300003,28.036945270000047],[82.92100970300004,28.038439770000025],[82.92174932800003,28.039943583000024],[82.92536120300008,28.04183320800007],[82.92692251600005,28.04402033300005],[82.93128751500007,28.046060082000054],[82.93405701500006,28.049271770000075],[82.93722445400005,28.049084207000078],[82.94010745400004,28.04821083300004],[82.94336782800008,28.046476145000042],[82.94807557800004,28.046167082000068],[82.94913082800008,28.044480833000023],[82.95157264100004,28.044564895000065],[82.95254864100008,28.04360445700007],[82.95550082800008,28.043304332000048],[82.95797032800004,28.041764083000032],[82.96050757800003,28.04272414500008],[82.96281095300003,28.040862145000062],[82.96373564100008,28.046868207000045],[82.96648907800005,28.052827145000037],[82.96904026600004,28.053099019000058],[82.97070064100006,28.054311770000027],[82.97327607800008,28.05718052000003],[82.97456164000005,28.05950045700007],[82.97706370400005,28.061357833000045],[82.97723126600005,28.065517145000058],[82.97998195300005,28.068727833000025],[82.98521239100006,28.071428833000027],[82.98707589100007,28.073671707000074],[82.98911301600003,28.07837495700005],[82.99043101600006,28.07956914500005],[82.99397957800005,28.08630720800005],[82.99496645300007,28.089434707000066],[82.99564314100007,28.09101445700003],[82.99746945300006,28.091537707000043],[82.99897176600007,28.09452452000005],[83.00105751600006,28.094652520000068],[83.00390820300004,28.095699770000067],[83.00454139000004,28.098082395000063],[83.00368457900004,28.10520327000006],[83.00255114100008,28.107011270000044]]]}},{"type":"Feature","properties":{"STATE_CODE":5,"DISTRICT":"PYUTHAN","GaPa_NaPa":"Mandavi","Type_GN":"Gaunpalika","Province":"5","provinceId":"5","provinceCode":"5","provinceName":"Lumbini","districtId":"503","districtName":"Pyuthan","municipalityId":"50306","municipalityCode":"50306","municipalityName":"Mandavi Rural Municipality","municipalityNameNe":"माण्डवी गाउँपालिका","municipalityType":"rural_municipality"},"geometry":{"type":"Polygon","coordinates":[[[82.81771232800008,28.077296458000035],[82.81555832900005,28.078232207000042],[82.81499007800005,28.07930570700006],[82.81181464100007,28.078590145000078],[82.80931107800006,28.076362020000033],[82.80844189100003,28.074939895000057],[82.80485139100006,28.073275270000067],[82.80185851500005,28.071239020000064],[82.80153370300008,28.078130645000044],[82.80319345300006,28.079395082000076],[82.80274701600007,28.082145895000053],[82.80073064000004,28.08401427000007],[82.79806320300008,28.08487983300006],[82.79608970300006,28.08451514500007],[82.79483545300008,28.085404270000026],[82.79333082800008,28.089009770000075],[82.79031357800005,28.091421957000023],[82.78845907800007,28.094552832000034],[82.78703470300007,28.095711145000053],[82.78415651600005,28.09938333200006],[82.78325639000008,28.101509520000036],[82.78102539000008,28.10349764500006],[82.77359289000003,28.099569020000047],[82.76961214000005,28.09666139500007],[82.76514626500006,28.09184527000008],[82.76229132800006,28.087837582000077],[82.76042301600006,28.086877707000042],[82.75503157800006,28.086749957000052],[82.75116857800003,28.08785183200007],[82.75016964100007,28.08868202000008],[82.74536095300004,28.088593020000076],[82.74053320300004,28.087549333000027],[82.73689401600006,28.085487707000027],[82.73370139000008,28.08194114500003],[82.72934451500004,28.079261332000044],[82.72839976600005,28.07772527000003],[82.72486389100004,28.074479832000065],[82.72306945300005,28.07240114500007],[82.71913057800003,28.072357708000027],[82.71646476500007,28.071509332000062],[82.71435207800005,28.07270783200005],[82.70991782800007,28.078121270000054],[82.70831607700006,28.07951620800003],[82.70730276600005,28.081794270000046],[82.70675695300008,28.085707832000026],[82.70517214100005,28.088729457000056],[82.70242189100009,28.090539894000074],[82.69975807800006,28.09066583200007],[82.69866726600003,28.08872208200006],[82.69866995300004,28.083591957000067],[82.69729339000008,28.07935333200004],[82.69707389100006,28.07675233200007],[82.69231676500004,28.071829583000067],[82.69086832800008,28.069616207000024],[82.69049407800009,28.065867645000026],[82.68844357800003,28.063743207000073],[82.68708045300008,28.061476395000057],[82.68647645300007,28.058413707000057],[82.68664270300008,28.053682207000065],[82.68561395300003,28.052066083000057],[82.68710489000006,28.05099745700005],[82.68917995200007,28.051154895000025],[82.69175651600005,28.050595145000045],[82.69289270300004,28.052191958000037],[82.69778120300003,28.051715020000074],[82.70187845300006,28.052852520000044],[82.70652257800003,28.053058832000033],[82.71196039000006,28.05130502000003],[82.71372720300008,28.05036952000006],[82.71580714000004,28.048333832000026],[82.72026239000007,28.04652089500007],[82.71826189000006,28.045563770000058],[82.71476089100008,28.043022333000067],[82.71418245300003,28.04141514400004],[82.71205945300005,28.040188270000044],[82.71002445300007,28.03593458200004],[82.70540201600005,28.03562495700004],[82.70347176600006,28.03430045700003],[82.70267520300007,28.03168045700005],[82.70052476600006,28.02932514400004],[82.69843357800005,28.025885207000044],[82.69862989000006,28.022803082000053],[82.69685251600004,28.021290457000077],[82.69684707800008,28.018813269000077],[82.69804532800003,28.017477770000028],[82.69744189100004,28.016287645000034],[82.69872882800007,28.01333545700004],[82.70210782700008,28.009457645000055],[82.70432945300007,28.008458895000047],[82.70711026600003,28.00587033200003],[82.71456832800004,28.00265095700007],[82.71859707700008,28.002569020000067],[82.72336414100005,28.00186883200007],[82.73172532800004,27.993993645000046],[82.73383757800008,27.992573769000046],[82.73721082800006,27.99115189500003],[82.74246739000006,27.990410395000026],[82.74619626600008,27.993544333000045],[82.74697120300004,27.99522083200003],[82.74831951500005,27.99573170700006],[82.75477532800005,28.000841645000037],[82.75742457800004,28.000687395000057],[82.75804451600004,28.002955833000044],[82.76163995300004,28.00338533200005],[82.76631395300006,28.002529457000037],[82.77372426600004,28.00392233200006],[82.77863714100005,28.003462958000057],[82.78400670300005,28.00378352000007],[82.79015864100006,28.00321964500006],[82.79537614000003,28.003500145000032],[82.80069076600006,28.005060395000044],[82.80297245300005,28.00458402000004],[82.80518601600005,28.005844082000067],[82.80626982800004,28.005244332000075],[82.80969476500007,28.00586514500003],[82.81072682800004,28.006505770000047],[82.81047776600008,28.009389145000057],[82.80875182800008,28.012056707000056],[82.80809351500005,28.014620645000036],[82.81073151500004,28.01559108200007],[82.81680314100004,28.015828457000055],[82.81903645300008,28.01674333300008],[82.82042170300008,28.018316458000072],[82.82306870300005,28.01985977000004],[82.82412251600005,28.022409207000067],[82.82717920300007,28.02228864500006],[82.82867645300007,28.026303708000057],[82.82877926500004,28.027904145000036],[82.83033264100004,28.031154895000043],[82.83102620300008,28.03397414500006],[82.83255357800005,28.036786895000034],[82.83374357800005,28.040059332000055],[82.83662914000007,28.042421082000033],[82.83401507800005,28.043797707000067],[82.83196307800006,28.04393145800003],[82.82912714000008,28.04506239500006],[82.82724120400007,28.04713995700007],[82.82512170300004,28.051778395000042],[82.82556907800006,28.053873644000078],[82.82766351600003,28.055856583000036],[82.82840020300006,28.059131895000064],[82.83062826600008,28.061648395000077],[82.82981664000005,28.064172833000043],[82.82735939100007,28.064693270000078],[82.82454214100005,28.06326820700008],[82.82180345300003,28.063445520000073],[82.81968420300007,28.06579389500007],[82.81775995300006,28.070772270000077],[82.81792351600006,28.072296583000025],[82.81673595300003,28.073547457000075],[82.81771232800008,28.077296458000035]]]}},{"type":"Feature","properties":{"STATE_CODE":5,"DISTRICT":"PYUTHAN","GaPa_NaPa":"Naubahini","Type_GN":"Gaunpalika","Province":"5","provinceId":"5","provinceCode":"5","provinceName":"Lumbini","districtId":"503","districtName":"Pyuthan","municipalityId":"50302","municipalityCode":"50302","municipalityName":"Naubahini Rural Municipality","municipalityNameNe":"नौबहिनी गाउँपालिका","municipalityType":"rural_municipality"},"geometry":{"type":"Polygon","coordinates":[[[82.95669445300007,28.36000770700008],[82.95408239100004,28.360238082000023],[82.94854520300004,28.36243126900007],[82.94680926600006,28.361908020000044],[82.94286707800006,28.361809832000063],[82.94077889100004,28.35938639400007],[82.93780207800006,28.35493914500006],[82.93440651500003,28.351206020000063],[82.93267113900004,28.350745707000044],[82.92929076600007,28.348485770000025],[82.92843407800007,28.344943831000023],[82.92713032800003,28.343322770000043],[82.92821001400006,28.340969207000057],[82.92669195200006,28.33600301900003],[82.92703007800003,28.333027707000042],[82.92454345300007,28.329118707000077],[82.92349207800004,28.32446070800006],[82.92234157700005,28.321550458000047],[82.92008732800008,28.31891102000003],[82.91644657800003,28.317839895000077],[82.91423939000003,28.315293331000078],[82.90914420200005,28.312089770000057],[82.90605601600004,28.31082932100003],[82.90390126500006,28.307655270000055],[82.90328064000005,28.304200770000023],[82.90213464000004,28.30135795800004],[82.90227426600006,28.299734770000043],[82.90086176600005,28.298435207000068],[82.89862501600004,28.29756439500005],[82.89625678200008,28.294721596000045],[82.89375276600003,28.295354707000058],[82.89214957700005,28.295007894000037],[82.88969751600007,28.29309958300007],[82.88875539100007,28.290950958000053],[82.89097795300006,28.28588389600003],[82.89107557800008,28.27987689500003],[82.89071401500007,28.27698170700006],[82.88889201600006,28.275859145000027],[82.88755132800009,28.27330120700003],[82.88532626500006,28.270880395000063],[82.88094851600005,28.267665833000024],[82.87946014100004,28.267901770000037],[82.87640870300004,28.265943333000052],[82.87450757800008,28.263775396000028],[82.87125145300007,28.263304145000063],[82.86594239800007,28.25922620600005],[82.86284682900003,28.25745895700004],[82.85786932800005,28.257712957000024],[82.85524201500004,28.25636902000008],[82.85072095300006,28.255884395000066],[82.85032195300005,28.254811645000075],[82.85189920300007,28.24975333200007],[82.85193395300007,28.246922333000043],[82.85319720300004,28.243986520000078],[82.85479939100009,28.23847495700005],[82.85428320300008,28.23537764500003],[82.85235014000006,28.232405957000026],[82.84795201600008,28.232493082000076],[82.84388160700007,28.23184013300005],[82.84077607800003,28.230941207000058],[82.83875539100006,28.228349895000065],[82.83855526500008,28.22618920700006],[82.83563423100009,28.223516464000056],[82.83317820300005,28.221915645000024],[82.83132482800005,28.219898707000027],[82.82820026500008,28.21865820800008],[82.82424676500005,28.216284770000073],[82.81945070300003,28.214747707000072],[82.81845239000006,28.21329077000007],[82.82086589000005,28.211757145000036],[82.82128301500006,28.21036427000007],[82.82497251500007,28.20742483300006],[82.82670364000006,28.20542727000003],[82.82661251700006,28.20324720700006],[82.82740882800005,28.19956314500007],[82.82698782900007,28.198354770000037],[82.82376970300004,28.195545458000026],[82.82240164000007,28.194985520000046],[82.82048695300006,28.192812270000047],[82.81719645300007,28.18793789500006],[82.81615070300006,28.187283645000036],[82.81897282800008,28.184869208000066],[82.82135957800006,28.18348652000003],[82.82360826500008,28.180230083000026],[82.82551464000005,28.18029608300003],[82.82974732800005,28.18184833300006],[82.83351076600007,28.179613208000035],[82.83599695300006,28.179950207000047],[82.83941307800006,28.179031645000066],[82.84603514100007,28.17641420700005],[82.84849776600004,28.173362207000025],[82.85061976600008,28.169923770000025],[82.85255832800004,28.168507395000063],[82.85470289100004,28.165583457000025],[82.85517976600005,28.16297039500006],[82.85842020400008,28.162726770000063],[82.86199507800006,28.163345333000052],[82.86373870300008,28.16267170800006],[82.86678182800006,28.162863833000074],[82.87088789100005,28.161767458000043],[82.87066595300007,28.16029695700007],[82.87214945300008,28.15975645700007],[82.87845970300003,28.154991520000067],[82.87945526600004,28.16215145700005],[82.88006782800005,28.164049270000078],[82.88256976500008,28.16499689500006],[82.88570939100003,28.166940208000028],[82.88726020300004,28.168780207000054],[82.88852757800004,28.17132639500005],[82.89170676500004,28.173134395000034],[82.89450464100008,28.171293520000063],[82.89640882800006,28.168590333000054],[82.89715170300008,28.166473333000056],[82.89707901600008,28.16350827000008],[82.89612645300008,28.160978270000044],[82.89704426600008,28.156868332000045],[82.89781945300007,28.15593370700003],[82.90125176600003,28.15476345700006],[82.90362476500007,28.15160133300003],[82.90677951600009,28.151335458000062],[82.90979689100004,28.148796582000045],[82.91306332800008,28.147728333000032],[82.91679245300008,28.148267770000075],[82.91755689100006,28.149742520000075],[82.91852089000008,28.15386970700007],[82.91980826500009,28.157713020000074],[82.91796901600009,28.160338145000026],[82.91792289100005,28.16466945700006],[82.91831507800003,28.16734377000006],[82.91920689000005,28.168853332000026],[82.92412576600003,28.168404770000052],[82.92549145300006,28.169669895000027],[82.92567207800005,28.171595770000067],[82.92682120300003,28.173165957000037],[82.92693795400004,28.175052957000048],[82.92887501600006,28.177599457000042],[82.93331207800009,28.178653833000055],[82.93581657900006,28.179848770000035],[82.93475745300003,28.180930207000074],[82.93487014100003,28.183464582000056],[82.93742945400004,28.18614677000005],[82.93670582800007,28.189274832000024],[82.94083039000003,28.191867457000058],[82.94461082800007,28.194802520000053],[82.94591945300004,28.194905083000037],[82.94974570400007,28.197671145000072],[82.95002082800005,28.202519333000055],[82.94475745300008,28.205348582000056],[82.94314895300005,28.20559339500005],[82.94084932800007,28.207055582000066],[82.94069482900005,28.208067395000057],[82.94278814000006,28.209353708000037],[82.94582726600004,28.210069832000045],[82.94741476600007,28.209865458000024],[82.95043320300005,28.210486520000075],[82.95337026600004,28.210380395000072],[82.95844426600007,28.21410558200006],[82.96109639000008,28.217033833000073],[82.96194582800007,28.21993258200007],[82.96205501500003,28.22639033300004],[82.96650564000004,28.230848208000054],[82.96741839000003,28.23420539500006],[82.97101607800005,28.23686989500004],[82.97532814100003,28.23764902000005],[82.97464670300008,28.24317133200003],[82.97349839100008,28.24674989500005],[82.97087589000006,28.24795745800003],[82.96791364100005,28.24796445800007],[82.96705314100006,28.248589708000054],[82.96743814000007,28.250774207000063],[82.97007195300006,28.25284033300005],[82.97290782800007,28.256331583000076],[82.97436926600005,28.258948270000076],[82.97834414100004,28.262411833000044],[82.98177445300007,28.26260439500004],[82.98235364100003,28.263533645000052],[82.98537339100005,28.26564527000005],[82.98818620300005,28.268330521000053],[82.98703464100004,28.273414020000075],[82.98435601600005,28.276857208000024],[82.98405070300004,28.27905458200007],[82.98301607800005,28.280317083000057],[82.98368670300005,28.28296395800004],[82.98478682900003,28.284603270000048],[82.98524920300008,28.28698458200006],[82.98497720300008,28.291573707000055],[82.98439151600007,28.293159896000077],[82.98527876600008,28.295120207000025],[82.99003351600004,28.298975020000057],[82.99122601600004,28.300651020000032],[82.99036439000008,28.302102082000033],[82.99193995300004,28.305159520000075],[82.99252120300008,28.307453645000066],[82.99523857900004,28.308969458000036],[82.99583432800006,28.310444833000076],[82.99766964100007,28.312134583000045],[82.99823520300004,28.316562832000045],[82.99763020300009,28.319295020000027],[82.99946832800003,28.322069958000043],[83.00273382900008,28.330669082000043],[83.00532220300005,28.332998270000076],[83.00304732800004,28.33621464500004],[83.00115932800009,28.34020758300005],[83.00085676600008,28.342123082000057],[82.99972201500003,28.34306902000003],[82.99911564100006,28.345792146000065],[82.99545339100007,28.35126327000006],[82.99095389100006,28.353021333000072],[82.98489314000005,28.35678233300007],[82.98203457900007,28.359265208000068],[82.97934589100004,28.359441395000033],[82.97385914000006,28.358700833000057],[82.96932920400008,28.35750258300004],[82.96323539100007,28.35961089500006],[82.95924626500005,28.359357145000047],[82.95669445300007,28.36000770700008]]]}},{"type":"Feature","properties":{"STATE_CODE":5,"DISTRICT":"PYUTHAN","GaPa_NaPa":"Pyuthan","Type_GN":"Nagarpalika","Province":"5","provinceId":"5","provinceCode":"5","provinceName":"Lumbini","districtId":"503","districtName":"Pyuthan","municipalityId":"50304","municipalityCode":"50304","municipalityName":"Pyuthan Urban Municipality","municipalityNameNe":"प्यूठान नगरपालिका","municipalityType":"municipality"},"geometry":{"type":"Polygon","coordinates":[[[82.80125107800006,28.186677958000075],[82.79501645400006,28.18845733300003],[82.79393970300004,28.186214395000036],[82.79225670300008,28.184733145000052],[82.79056614000007,28.181663582000056],[82.78996482800005,28.17909764500007],[82.79217064100004,28.176416645000074],[82.79210057900008,28.174351770000044],[82.79375945400005,28.167672770000024],[82.79125301600004,28.162549770000055],[82.79130989100008,28.160941708000053],[82.78998976500003,28.157640770000057],[82.79053326600007,28.15427733200005],[82.79457564100005,28.150613020000037],[82.79631301500007,28.148273020000033],[82.79692370300006,28.144680083000026],[82.80026501600008,28.14294508200004],[82.80143564000008,28.13910652000004],[82.79605270300004,28.136270833000026],[82.79175264000008,28.13480039500007],[82.79080182800004,28.13090939500006],[82.78855939100004,28.127794270000038],[82.78745876600004,28.124540395000054],[82.78915489100007,28.12055314500003],[82.78931145300004,28.119101645000057],[82.78773376500004,28.115811895000036],[82.78571420300005,28.113307895000048],[82.78390832800005,28.112847457000044],[82.78041351500008,28.110777020000057],[82.77850626600008,28.10877014500005],[82.78102539000008,28.10349764500006],[82.78325639000008,28.101509520000036],[82.78415651600005,28.09938333200006],[82.78703470300007,28.095711145000053],[82.78845907800007,28.094552832000034],[82.79031357800005,28.091421957000023],[82.79333082800008,28.089009770000075],[82.79483545300008,28.085404270000026],[82.79608970300006,28.08451514500007],[82.79806320300008,28.08487983300006],[82.80073064000004,28.08401427000007],[82.80274701600007,28.082145895000053],[82.80319345300006,28.079395082000076],[82.80153370300008,28.078130645000044],[82.80185851500005,28.071239020000064],[82.80485139100006,28.073275270000067],[82.80844189100003,28.074939895000057],[82.80931107800006,28.076362020000033],[82.81181464100007,28.078590145000078],[82.81499007800005,28.07930570700006],[82.81555832900005,28.078232207000042],[82.81771232800008,28.077296458000035],[82.81936226500005,28.07979908200008],[82.82257314000003,28.082078270000068],[82.82321164100006,28.07930645700003],[82.82679639000008,28.07332020700005],[82.82974845300004,28.073045395000065],[82.83547632800008,28.070170207000047],[82.83702026600008,28.068518332000053],[82.84163145300005,28.068194082000048],[82.84682907800004,28.066624770000033],[82.85174289100007,28.066413270000055],[82.85213695300007,28.069153207000056],[82.85349189100003,28.071713895000073],[82.85346351500004,28.07301089500004],[82.85179257800007,28.07477927000008],[82.85174020300008,28.075848207000035],[82.84908989100006,28.07611927000005],[82.84932345300007,28.079834770000048],[82.84886739100006,28.08117327000008],[82.85190876600007,28.085169458000053],[82.85242557800007,28.087285520000023],[82.85150139000007,28.088784833000034],[82.85391876600005,28.092392207000046],[82.85910420300007,28.09658664500006],[82.86131526500003,28.095305520000068],[82.86212126600003,28.092853083000023],[82.86344757800003,28.090966707000064],[82.86618432800003,28.088918207000063],[82.87109639100004,28.08623558200003],[82.87716501500006,28.083546520000027],[82.87982014100004,28.083374208000066],[82.87865801600003,28.085961458000043],[82.87858945300007,28.088733645000048],[82.88139170400007,28.088025582000057],[82.88337407800003,28.08988270800006],[82.88237982900006,28.09189608300005],[82.88277145300003,28.09281070700007],[82.88060926600008,28.09656977000003],[82.87480582800004,28.09949808300007],[82.86914539100007,28.104135145000043],[82.87168632800007,28.10541045800005],[82.87380995300003,28.107607332000043],[82.87442945300006,28.10932027000007],[82.87735807800004,28.107807895000064],[82.87999057800005,28.107330770000033],[82.88375170300003,28.105698708000034],[82.88609845300005,28.104057332000025],[82.88798026600006,28.103508583000064],[82.89211645300009,28.103611957000055],[82.89668407800008,28.100867020000067],[82.90035545300003,28.095337457000028],[82.90098876500008,28.093880582000054],[82.90067320300005,28.091457270000035],[82.90437995300005,28.08820202000004],[82.90661064100004,28.085300457000073],[82.90917351600007,28.087362583000072],[82.90952376500007,28.088486645000046],[82.91161651600004,28.090538270000025],[82.91598401600004,28.089763020000078],[82.91708107800008,28.09011902000003],[82.92169526600009,28.08930708300005],[82.92498495300003,28.089515645000063],[82.92586876600006,28.086928020000073],[82.92761151500008,28.084297520000064],[82.93022720300007,28.083476395000048],[82.93084020300006,28.085022082000023],[82.93498176600008,28.087157020000063],[82.93770857800007,28.089720770000042],[82.93951845400005,28.09035970700006],[82.94071251600008,28.092013645000065],[82.94147864100006,28.096752895000066],[82.94320107800007,28.097181332000048],[82.94540901600004,28.096419957000023],[82.94581276600007,28.09291927000004],[82.94852451600008,28.090607270000078],[82.95286726600006,28.09107139500003],[82.95732095400007,28.09246802000007],[82.96095889100008,28.09468177000008],[82.96068301600008,28.09829177000006],[82.95946857800004,28.09932939500004],[82.95858382800003,28.10156752000006],[82.96074082800004,28.103713708000043],[82.95655339100006,28.102883145000078],[82.95225595300008,28.102478270000063],[82.95080814100004,28.104341958000077],[82.94759595300008,28.105722958000058],[82.94559295300007,28.108049395000023],[82.94353870300006,28.109172957000055],[82.94434907800007,28.111552583000048],[82.94403251600005,28.11567883200007],[82.94437270300006,28.118427145000055],[82.94125114000008,28.120571208000058],[82.93918714100005,28.12022358300004],[82.94013870300006,28.117981645000043],[82.93903007800003,28.115890645000036],[82.93719801600008,28.11487477000003],[82.93377789000004,28.11404052000006],[82.93267526500006,28.116206833000035],[82.93247689100008,28.118768207000073],[82.93113907800006,28.121126708000077],[82.92815095300006,28.124052145000064],[82.92819907800003,28.12592733300005],[82.92523282800005,28.124471395000057],[82.91908251600006,28.12322514500005],[82.91624470400006,28.12299514500006],[82.91479395300007,28.126266332000057],[82.91561232800007,28.129440270000032],[82.91517851600008,28.134037083000067],[82.91587532800008,28.135989645000052],[82.91585157800006,28.140149645000065],[82.91309357900008,28.142404207000027],[82.90839414100003,28.142793270000027],[82.90968182800003,28.146429082000054],[82.91306332800008,28.147728333000032],[82.90979689100004,28.148796582000045],[82.90677951600009,28.151335458000062],[82.90362476500007,28.15160133300003],[82.90125176600003,28.15476345700006],[82.89781945300007,28.15593370700003],[82.89704426600008,28.156868332000045],[82.89612645300008,28.160978270000044],[82.89707901600008,28.16350827000008],[82.89715170300008,28.166473333000056],[82.89640882800006,28.168590333000054],[82.89450464100008,28.171293520000063],[82.89170676500004,28.173134395000034],[82.88852757800004,28.17132639500005],[82.88726020300004,28.168780207000054],[82.88570939100003,28.166940208000028],[82.88256976500008,28.16499689500006],[82.88006782800005,28.164049270000078],[82.87945526600004,28.16215145700005],[82.87845970300003,28.154991520000067],[82.87214945300008,28.15975645700007],[82.87066595300007,28.16029695700007],[82.87088789100005,28.161767458000043],[82.86678182800006,28.162863833000074],[82.86373870300008,28.16267170800006],[82.86199507800006,28.163345333000052],[82.85842020400008,28.162726770000063],[82.85517976600005,28.16297039500006],[82.85470289100004,28.165583457000025],[82.85255832800004,28.168507395000063],[82.85061976600008,28.169923770000025],[82.84849776600004,28.173362207000025],[82.84603514100007,28.17641420700005],[82.83941307800006,28.179031645000066],[82.83599695300006,28.179950207000047],[82.83351076600007,28.179613208000035],[82.82974732800005,28.18184833300006],[82.82551464000005,28.18029608300003],[82.82360826500008,28.180230083000026],[82.82135957800006,28.18348652000003],[82.81897282800008,28.184869208000066],[82.81615070300006,28.187283645000036],[82.81414095300005,28.186564582000074],[82.80668067900007,28.186254501000064],[82.80125107800006,28.186677958000075]]]}},{"type":"Feature","properties":{"STATE_CODE":5,"DISTRICT":"PYUTHAN","GaPa_NaPa":"Sarumarani","Type_GN":"Gaunpalika","Province":"5","provinceId":"5","provinceCode":"5","provinceName":"Lumbini","districtId":"503","districtName":"Pyuthan","municipalityId":"50309","municipalityCode":"50309","municipalityName":"Sarumarani Rural Municipality","municipalityNameNe":"सरुमारानी गाउँपालिका","municipalityType":"rural_municipality"},"geometry":{"type":"Polygon","coordinates":[[[82.94469376600006,27.93076370800003],[82.94247526600003,27.933675208000068],[82.94060814100004,27.934644520000063],[82.93585064100006,27.935826208000037],[82.93371645300005,27.937201708000032],[82.93355132800008,27.93932576900005],[82.93406439100005,27.94196720800005],[82.93253070300005,27.942783332000033],[82.93022714100005,27.94195770700003],[82.92508470300004,27.94162439400003],[82.92303101500005,27.943957020000028],[82.92031307800005,27.94504120700003],[82.91793420300007,27.946841019000033],[82.91857195300008,27.949395458000026],[82.91733195400008,27.950450645000046],[82.91377639100006,27.94962620800004],[82.90969201600006,27.949122395000074],[82.90626464100006,27.95011495700004],[82.90111739100007,27.955053270000064],[82.90275020300004,27.958139207000045],[82.90205964100005,27.95933395700007],[82.89967389100008,27.959808957000064],[82.89717620300007,27.959547582000027],[82.89547826600005,27.960251395000057],[82.89235795300004,27.95980664500007],[82.88915551600007,27.961488770000074],[82.88371089000003,27.962144145000025],[82.88160351500005,27.961732208000058],[82.87907939000007,27.963008957000056],[82.87978557800005,27.964271332000067],[82.87945170400008,27.96669620700004],[82.87742289000005,27.967275332000042],[82.87390270300006,27.965071645000023],[82.86591657800005,27.96935127000006],[82.86208064000004,27.96873983300003],[82.86225376600004,27.96967758200003],[82.86491995300008,27.971064582000054],[82.86534382800005,27.97362877000006],[82.86376220300008,27.97587189500007],[82.86519189100005,27.976790582000035],[82.86642095300004,27.978772582000033],[82.86736195300006,27.982026895000047],[82.86948170300008,27.983294270000044],[82.86624595300003,27.985359020000033],[82.86377151600004,27.98637864500006],[82.86208314000004,27.98889383200003],[82.85871270300004,27.992164333000062],[82.85425070300005,27.99828864500006],[82.85695807800005,28.00013189400005],[82.85833070300004,28.00441408300003],[82.86153995300003,28.008510770000044],[82.85882564100007,28.00858977000007],[82.85563720300007,28.01029595800003],[82.85293982800005,28.009975645000054],[82.85018770300007,28.010532458000057],[82.84403101600003,28.01060270800008],[82.83972695300008,28.009988833000023],[82.83320876600004,28.01025183200005],[82.83047057800007,28.006190082000046],[82.82889532800004,28.004847832000053],[82.82555207800004,28.003921395000077],[82.82221776600005,28.003813895000064],[82.81343507800005,28.005929082000023],[82.81141932800006,28.00522126900006],[82.81072682800004,28.006505770000047],[82.80969476500007,28.00586514500003],[82.80626982800004,28.005244332000075],[82.80518601600005,28.005844082000067],[82.80297245300005,28.00458402000004],[82.80069076600006,28.005060395000044],[82.79537614000003,28.003500145000032],[82.79015864100006,28.00321964500006],[82.78400670300005,28.00378352000007],[82.77863714100005,28.003462958000057],[82.77372426600004,28.00392233200006],[82.76631395300006,28.002529457000037],[82.76163995300004,28.00338533200005],[82.75804451600004,28.002955833000044],[82.75742457800004,28.000687395000057],[82.75477532800005,28.000841645000037],[82.74831951500005,27.99573170700006],[82.74697120300004,27.99522083200003],[82.74619626600008,27.993544333000045],[82.74246739000006,27.990410395000026],[82.74355420300003,27.989319395000052],[82.74378070300008,27.986474332000057],[82.74631482800004,27.983300645000043],[82.74707832800004,27.981313208000074],[82.74691451600006,27.976659707000067],[82.74842920300006,27.974482832000035],[82.75080332800007,27.97600695700004],[82.75620482800008,27.97668308300007],[82.75895139100004,27.977547145000074],[82.76059707800005,27.97695058200003],[82.76252139000007,27.977295020000042],[82.76462676500006,27.976725145000046],[82.76196882800008,27.972579395000025],[82.76150876500003,27.969301707000056],[82.76476851600006,27.968493957000078],[82.76758107800003,27.96828908300006],[82.76818820300008,27.967495832000054],[82.76812670300006,27.96264701900003],[82.76541339100004,27.960565144000043],[82.76374145300008,27.957466020000027],[82.76225220300006,27.95587564500005],[82.76015582800005,27.954694895000046],[82.75514107800007,27.946972208000034],[82.75354920300003,27.945218332000024],[82.75356664100008,27.94325570700005],[82.75566014000003,27.94236545700005],[82.75733757800003,27.944911957000045],[82.75931351500003,27.943693395000025],[82.76421776600006,27.94235683200003],[82.76635926500006,27.941119395000044],[82.76716226600007,27.93807858200006],[82.76927151500007,27.935609020000072],[82.77164989000005,27.934161520000032],[82.77297907800005,27.931272082000078],[82.77763226500008,27.925745332000076],[82.77503451600006,27.92369626900006],[82.77222670300006,27.922319895000044],[82.77126251500005,27.921268957000052],[82.77343764000005,27.917737269000042],[82.77269564100004,27.90592901900004],[82.77405914000008,27.902633708000053],[82.77645376600003,27.899579895000045],[82.77625301500007,27.895386270000074],[82.77624151500004,27.89350458200005],[82.77768726500005,27.89269614500006],[82.77924882800005,27.893756832000065],[82.77976645300004,27.896626707000053],[82.78204839000006,27.897093582000025],[82.78487964100003,27.89126170700007],[82.78900070300006,27.892177832000073],[82.78960289100007,27.889469020000035],[82.79166695300006,27.88881708200006],[82.79303095300008,27.88331964400004],[82.79300226600003,27.880778958000064],[82.79631145300004,27.88040402000007],[82.79927220300004,27.88191889500007],[82.80241426600008,27.878153645000054],[82.80520414100005,27.878613333000033],[82.80715920300008,27.877574395000067],[82.80811320300006,27.879811645000075],[82.81016139100007,27.880587395000077],[82.81487220300005,27.88492364500007],[82.81522907800007,27.887306957000078],[82.81656782800007,27.88976189400006],[82.81962764000008,27.893082020000065],[82.82075301600008,27.89533202000007],[82.82250564000003,27.89673227000003],[82.82256945300009,27.900017707000075],[82.82520845300007,27.90233470800007],[82.82623745300003,27.90549752000004],[82.83045157800007,27.90635233300003],[82.83360145300009,27.905821770000045],[82.83595582800007,27.90653208200007],[82.83757301600008,27.906234394000023],[82.84076120300006,27.904253270000027],[82.84444189000004,27.903778832000057],[82.84915776500003,27.901108644000033],[82.85127489100006,27.90138126900007],[82.85332132800005,27.90332733200006],[82.85657614000007,27.904638082000076],[82.86132632900006,27.903459145000056],[82.86337301500004,27.903609145000075],[82.86476220300005,27.906106832000035],[82.86460714100008,27.90770070800005],[82.86874451600005,27.909440333000077],[82.87039507800006,27.909101957000075],[82.87363889000005,27.905660770000054],[82.87605176600005,27.90202326900004],[82.87800876600005,27.901055520000057],[82.87980926600005,27.901282270000024],[82.88185676600006,27.90370170800003],[82.88192626600005,27.905308645000048],[82.88376339000007,27.90677652000005],[82.88887482800004,27.906292145000066],[82.89004926500007,27.90649789500003],[82.89151014000004,27.90826039500007],[82.89264032800008,27.91200120800005],[82.89509470300004,27.91363858300008],[82.89727564100008,27.913949333000062],[82.90077639100008,27.91168052000006],[82.90294107800008,27.908340644000077],[82.90538095300008,27.908621707000066],[82.90861926600007,27.90764352000008],[82.91289476600008,27.904746458000034],[82.91771520300006,27.903985770000077],[82.92013064100007,27.90493427000007],[82.92137482800007,27.907933395000043],[82.92406895300007,27.910666395000078],[82.92727764000006,27.91284152000003],[82.92807251600004,27.914621083000043],[82.92787907800005,27.917559333000042],[82.92953526500008,27.919289207000077],[82.93113745300008,27.923098770000024],[82.93278626600005,27.923853832000077],[82.93971439100005,27.925446020000038],[82.94326976500008,27.92757158200004],[82.94469376600006,27.93076370800003]]]}},{"type":"Feature","properties":{"STATE_CODE":5,"DISTRICT":"PYUTHAN","GaPa_NaPa":"Sworgadwary","Type_GN":"Nagarpalika","Province":"5","provinceId":"5","provinceCode":"5","provinceName":"Lumbini","districtId":"503","districtName":"Pyuthan","municipalityId":"50305","municipalityCode":"50305","municipalityName":"Sworgadwari Urban Municipality","municipalityNameNe":"स्वर्गद्धारी नगरपालिका","municipalityType":"municipality"},"geometry":{"type":"Polygon","coordinates":[[[82.78996482800005,28.17909764500007],[82.78854089200007,28.177713392000044],[82.78470802300006,28.17782402100005],[82.78199195800005,28.177499771000043],[82.77825101600007,28.17914027000006],[82.77471364500008,28.179632170000048],[82.77029414100008,28.18069333300008],[82.76804720400008,28.180488145000027],[82.76640510600004,28.179582596000046],[82.76297569400003,28.18020820600003],[82.75999789100007,28.17976352000005],[82.75819739000008,28.182057333000046],[82.75582695000008,28.188241959000038],[82.75447654700008,28.19027519200006],[82.75111198400003,28.192598343000043],[82.74824070300008,28.19236008200005],[82.74726295500005,28.193189621000045],[82.74796382800008,28.19623564500006],[82.74426460300003,28.19798469600005],[82.74280738800007,28.200094223000065],[82.73711204500006,28.200929641000073],[82.73526191700006,28.206823349000047],[82.73443031300008,28.207403183000054],[82.73032569900005,28.206121445000065],[82.72804450900009,28.20788002000006],[82.72077751100005,28.208665848000066],[82.71897697500003,28.209180832000072],[82.71424407800004,28.209601020000036],[82.71095901600006,28.20834958200004],[82.70675468400003,28.207490921000044],[82.70294595300004,28.209496708000074],[82.69930120300006,28.210698270000023],[82.69841339000004,28.210114520000047],[82.69810951600005,28.20776545800004],[82.69717201500004,28.206610520000027],[82.69860226500003,28.205566083000065],[82.69832195300006,28.20350595800005],[82.69260232800008,28.199668145000032],[82.69198839100005,28.19858620900004],[82.69121314100005,28.194470645000024],[82.68923157800003,28.192179895000038],[82.68717595300006,28.186874457000044],[82.68557451500004,28.185625206000054],[82.68388578100007,28.186578503000078],[82.68364524800006,28.18826103200007],[82.68424415600003,28.19243812600007],[82.68060757700005,28.191972958000065],[82.67440751500004,28.19057077000008],[82.67188082800004,28.19145320800004],[82.66967214000005,28.189577333000045],[82.66710732800004,28.188699645000042],[82.66526964100007,28.18944195800003],[82.66425320300004,28.190808208000078],[82.65983445200004,28.190618332000042],[82.65446345300006,28.187091520000024],[82.65173745300007,28.18675333300007],[82.65054295300007,28.185081208000042],[82.64475914000008,28.18319445800006],[82.64332282800007,28.183166708000044],[82.64186939100006,28.181243770000037],[82.63865057800007,28.180884708000065],[82.63757245300008,28.18016558200003],[82.63325957700005,28.17969845700003],[82.62653539100006,28.178004644000055],[82.62675995200004,28.17672102000006],[82.62414014000007,28.17457639400004],[82.62127895300006,28.17479127000007],[82.61733901400004,28.170539645000076],[82.61543982700005,28.169870768000067],[82.61429726400007,28.16778376800005],[82.61334126500003,28.162752332000025],[82.61232870200007,28.16040945700007],[82.61233488900007,28.15835208200008],[82.61052695200004,28.154430957000045],[82.60894313900008,28.151865706000024],[82.60616351500005,28.150170270000046],[82.60474639000006,28.150464895000027],[82.60187739000008,28.148044395000056],[82.59452476500007,28.148178957000027],[82.59196514100006,28.14713520600003],[82.59043738900004,28.14224895700005],[82.59036620200004,28.139884020000068],[82.59410720100004,28.137982333000025],[82.59510776400003,28.136402145000034],[82.60098513900004,28.13314376900007],[82.60247051500005,28.131347395000034],[82.60619689000004,28.13068602000004],[82.60598320200006,28.12832183200004],[82.60716070300003,28.126806518000024],[82.60730795300003,28.123805394000044],[82.60930051400004,28.11929564500008],[82.60857039000007,28.116470581000044],[82.60889051500004,28.112056645000052],[82.60794589100004,28.109096270000066],[82.60863101500007,28.10571476800004],[82.60847957700008,28.10229320700006],[82.60638076400005,28.09910226900007],[82.60398388900006,28.096961769000075],[82.60233814000009,28.093561082000065],[82.60991907800008,28.092661270000065],[82.61266089100008,28.09132420700007],[82.61441926600008,28.087845208000033],[82.61799682700007,28.08564789500008],[82.62071851600007,28.082627457000058],[82.62177089100004,28.07980002000005],[82.62419345300003,28.076530582000032],[82.62669245300003,28.074868207000065],[82.62741714000003,28.072258457000032],[82.62671720300006,28.070473770000035],[82.62867839000006,28.069559394000066],[82.63073914100005,28.070495894000032],[82.63483082800008,28.07015539500003],[82.63814039000005,28.069177583000055],[82.64174064100007,28.06883202000006],[82.64493814100007,28.066801645000055],[82.65012189100008,28.06500052000007],[82.65041620200003,28.063913770000056],[82.65265282800004,28.063170958000057],[82.65547432800008,28.06335208200005],[82.65828645300007,28.059885020000024],[82.66233220200007,28.059753083000032],[82.66423682800007,28.058282645000077],[82.66647820300005,28.05862927000004],[82.66974545300008,28.056813333000036],[82.67169776600008,28.058305395000048],[82.67498714000004,28.05503664500003],[82.67643457800006,28.054385083000057],[82.67922057800007,28.05464427000004],[82.68157189000004,28.053353895000043],[82.68561395300003,28.052066083000057],[82.68664270300008,28.053682207000065],[82.68647645300007,28.058413707000057],[82.68708045300008,28.061476395000057],[82.68844357800003,28.063743207000073],[82.69049407800009,28.065867645000026],[82.69086832800008,28.069616207000024],[82.69231676500004,28.071829583000067],[82.69707389100006,28.07675233200007],[82.69729339000008,28.07935333200004],[82.69866995300004,28.083591957000067],[82.69866726600003,28.08872208200006],[82.69975807800006,28.09066583200007],[82.70242189100009,28.090539894000074],[82.70517214100005,28.088729457000056],[82.70675695300008,28.085707832000026],[82.70730276600005,28.081794270000046],[82.70831607700006,28.07951620800003],[82.70991782800007,28.078121270000054],[82.71435207800005,28.07270783200005],[82.71646476500007,28.071509332000062],[82.71913057800003,28.072357708000027],[82.72306945300005,28.07240114500007],[82.72486389100004,28.074479832000065],[82.72839976600005,28.07772527000003],[82.72934451500004,28.079261332000044],[82.73370139000008,28.08194114500003],[82.73689401600006,28.085487707000027],[82.74053320300004,28.087549333000027],[82.74536095300004,28.088593020000076],[82.75016964100007,28.08868202000008],[82.75116857800003,28.08785183200007],[82.75503157800006,28.086749957000052],[82.76042301600006,28.086877707000042],[82.76229132800006,28.087837582000077],[82.76514626500006,28.09184527000008],[82.76961214000005,28.09666139500007],[82.77359289000003,28.099569020000047],[82.78102539000008,28.10349764500006],[82.77850626600008,28.10877014500005],[82.78041351500008,28.110777020000057],[82.78390832800005,28.112847457000044],[82.78571420300005,28.113307895000048],[82.78773376500004,28.115811895000036],[82.78931145300004,28.119101645000057],[82.78915489100007,28.12055314500003],[82.78745876600004,28.124540395000054],[82.78855939100004,28.127794270000038],[82.79080182800004,28.13090939500006],[82.79175264000008,28.13480039500007],[82.79605270300004,28.136270833000026],[82.80143564000008,28.13910652000004],[82.80026501600008,28.14294508200004],[82.79692370300006,28.144680083000026],[82.79631301500007,28.148273020000033],[82.79457564100005,28.150613020000037],[82.79053326600007,28.15427733200005],[82.78998976500003,28.157640770000057],[82.79130989100008,28.160941708000053],[82.79125301600004,28.162549770000055],[82.79375945400005,28.167672770000024],[82.79210057900008,28.174351770000044],[82.79217064100004,28.176416645000074],[82.78996482800005,28.17909764500007]]]}},{"type":"Feature","properties":{"STATE_CODE":5,"DISTRICT":"ROLPA","GaPa_NaPa":"Duikholi","Type_GN":"Gaunpalika","Province":"5","provinceId":"5","provinceCode":"5","provinceName":"Lumbini","districtId":"502","districtName":"Rolpa","municipalityId":"50204","municipalityCode":"50204","municipalityName":"Gangadev Rural Municipality","municipalityNameNe":"गंगादेव गाउँपालिका","municipalityType":"rural_municipality"},"geometry":{"type":"Polygon","coordinates":[[[82.64254632800004,28.494846020000068],[82.63984782800009,28.49805395800007],[82.63684776500008,28.49927589500004],[82.63511085500005,28.500642776000063],[82.62992726500005,28.502041895000048],[82.62872245300008,28.503326895000043],[82.62599939000006,28.504167895000023],[82.62401601500005,28.506579583000075],[82.61959282800007,28.508605583000076],[82.61750757800007,28.508970145000035],[82.61581489100007,28.51061095800003],[82.61303520200005,28.509546280000052],[82.60709944300004,28.509649229000047],[82.60263633700004,28.50684928900006],[82.59975089100004,28.506755833000057],[82.59619607800005,28.51093527200004],[82.59379476500004,28.512563959000033],[82.59010620300006,28.514337209000075],[82.58680970300009,28.512647146000063],[82.58242826500003,28.513580520000062],[82.57849314100008,28.51393870800007],[82.57559770200004,28.51592058400007],[82.57065651500005,28.517506396000044],[82.56849720300005,28.520515459000023],[82.56658745300007,28.521614208000074],[82.56392170300006,28.522138709000046],[82.56089270300004,28.523313520000045],[82.55424501600004,28.52363770900007],[82.55005170300007,28.52427877100007],[82.54687195300005,28.525489958000037],[82.54618644700008,28.52637290800004],[82.54566389100006,28.529925458000037],[82.54461670300003,28.531705334000037],[82.54281420300003,28.538110520000032],[82.53726151600006,28.542221771000072],[82.53721251500008,28.545652270000062],[82.53774257800006,28.548398770000063],[82.53772057700007,28.55246795900007],[82.53646189100004,28.554552271000034],[82.53365089000005,28.556087457000046],[82.53095007800005,28.558120020000047],[82.52823889100006,28.558070333000046],[82.52437826500005,28.555910270000027],[82.52387809700008,28.55429267900007],[82.52208920300006,28.553652145000058],[82.51867395200009,28.554467583000076],[82.51640892000006,28.552782059000037],[82.51091895200005,28.551109646000043],[82.50825689100003,28.552093271000047],[82.50168470300008,28.55387733300006],[82.49699220300005,28.553702458000032],[82.49407655000005,28.552494823000075],[82.49357032800003,28.551282882000066],[82.49373436000008,28.54833412100004],[82.49596195800007,28.543806523000057],[82.49485969500006,28.53994941700006],[82.49290732800006,28.537979646000053],[82.48645607800006,28.535316395000052],[82.48292632800008,28.531211145000043],[82.48125289100005,28.53018270800004],[82.47655351600008,28.52885564500008],[82.47490876500007,28.529200583000033],[82.47155952400004,28.52645301800004],[82.46846645200003,28.525410708000038],[82.46517567200004,28.52133301200007],[82.46805000300003,28.51830482500003],[82.47023963900006,28.516962051000064],[82.47149467400004,28.512620926000068],[82.47293281600008,28.511285782000073],[82.47485923700003,28.507936478000033],[82.47709465100007,28.50507164000004],[82.47785377500009,28.50000190700007],[82.47880363400003,28.49829673800008],[82.47868537900007,28.496099472000026],[82.47963523900006,28.495237350000025],[82.47979545600003,28.493104935000076],[82.48110389800007,28.490800857000067],[82.47846794100008,28.485311508000052],[82.47876167300007,28.48226356500004],[82.47685432400004,28.474191665000035],[82.47587013300006,28.47211647000006],[82.47595787100005,28.47028541700007],[82.47829246500004,28.46787452700005],[82.47923851000007,28.466215134000038],[82.48131752000006,28.464578629000073],[82.48368644700008,28.463556290000042],[82.48731422400004,28.46288490300003],[82.48981666500003,28.460702896000043],[82.49125480700008,28.458234787000038],[82.49132728500007,28.45617485100007],[82.49380302400004,28.455938339000056],[82.49899864100007,28.454542160000074],[82.50000190700007,28.453645707000078],[82.50351142900007,28.453523636000057],[82.50603294300004,28.454763412000034],[82.50904655500005,28.454484940000043],[82.51370430000009,28.452997208000056],[82.51711845400007,28.451288223000063],[82.52088356000007,28.451036454000075],[82.52039146400006,28.44853401200004],[82.51900672900007,28.446977616000027],[82.51593971300008,28.439729690000036],[82.51473426800004,28.437891007000076],[82.51479911800004,28.435411454000075],[82.51347923300006,28.433992386000057],[82.51210975700008,28.42902565000003],[82.51286125200005,28.426244736000058],[82.51200676000008,28.42055320700007],[82.51246452300006,28.419736862000036],[82.51123237600007,28.415929795000068],[82.50917244000004,28.41385078500008],[82.50925636300008,28.412168503000032],[82.50827217200003,28.410215378000032],[82.50956916800004,28.409421921000046],[82.50955009500007,28.407339096000044],[82.51044654900005,28.40598869300004],[82.51232337900007,28.404951096000048],[82.51373863300006,28.40508079500006],[82.51654243500008,28.403818130000047],[82.51710319500006,28.40548515300003],[82.51970481900008,28.40481758100003],[82.52126503000005,28.40731239300004],[82.52185630800005,28.411787033000053],[82.52379417400005,28.413175583000054],[82.52839851400006,28.41813850400007],[82.53083992000006,28.42374229400008],[82.53248405500005,28.424840927000048],[82.53435325600003,28.42491340600003],[82.53579521200004,28.423952103000033],[82.53832435600003,28.424257279000074],[82.54112815900004,28.425210953000033],[82.54448890700007,28.424585342000057],[82.54762458800008,28.42469978300005],[82.55015754700008,28.425382614000057],[82.55302619900004,28.42693138100003],[82.55558204700003,28.430036545000064],[82.55902290300008,28.433263778000025],[82.56123161300007,28.43404197700005],[82.56231117300007,28.433149338000078],[82.56134986900008,28.42948341400006],[82.56137657200009,28.423051834000034],[82.56285667400005,28.42079353300005],[82.56648063700004,28.418981552000048],[82.56705665600003,28.419809342000065],[82.56667137200003,28.42266655000003],[82.56574821500004,28.42497062600006],[82.56743431100006,28.427061081000033],[82.57127189700003,28.428552627000045],[82.57734489500007,28.42931556700006],[82.58106041000008,28.432119369000077],[82.58406639100008,28.43236732500003],[82.58840370200005,28.435754776000067],[82.58947046400004,28.43448565800003],[82.59366014000005,28.435106145000077],[82.59528160200006,28.43441581700006],[82.59766578700004,28.43481636000007],[82.60313088700008,28.434396083000024],[82.60524559000004,28.433328629000073],[82.60848426800004,28.430967331000033],[82.61066246200005,28.426847458000054],[82.61474418600005,28.42709159900005],[82.61510658300006,28.42425346400006],[82.61784553600006,28.423246384000038],[82.62261009200006,28.423681259000034],[82.62457757600004,28.421961330000045],[82.62650363900008,28.422603394000078],[82.62951469400008,28.42234230100007],[82.63333320700008,28.424936295000066],[82.63768196100006,28.42581367500003],[82.63954734900005,28.424222946000043],[82.64420270300008,28.42255970700006],[82.64689445500005,28.42415046700006],[82.65074451700008,28.42343683100006],[82.65314293000006,28.42426109300004],[82.65734291000007,28.423261643000046],[82.66130938900005,28.423635895000075],[82.65983772300007,28.426813125000024],[82.65848732000006,28.42843055700007],[82.65500068700004,28.431364059000032],[82.65364265400007,28.43362617500003],[82.65256309500006,28.438238144000024],[82.64980776500005,28.438677333000044],[82.64603233400004,28.440370560000076],[82.64443016100006,28.441713333000052],[82.64017677300006,28.439786911000056],[82.63593864400008,28.442083359000037],[82.63293266300008,28.44418144200006],[82.62969398500007,28.447629928000026],[82.63251520300008,28.448820770000054],[82.63437801600008,28.45131864500007],[82.62936470200003,28.454070020000074],[82.62825520300004,28.455340145000037],[82.62416214000007,28.45813670800004],[82.61807276500008,28.464774833000035],[82.61726445300008,28.47011752000003],[82.61579351600005,28.471248520000074],[82.61731307800005,28.47263102000005],[82.61830895300005,28.47516995700005],[82.61984989100006,28.476606771000036],[82.62056989100006,28.478497770000047],[82.62243026600004,28.480490458000077],[82.62317020300003,28.482665833000055],[82.62502601500006,28.48410583200007],[82.62783239100008,28.484431958000073],[82.62931938700007,28.485989963000065],[82.63420814100004,28.486887333000027],[82.63627420300008,28.488545833000046],[82.63957382800004,28.489424832000054],[82.64108257800007,28.493042520000074],[82.64254632800004,28.494846020000068]]]}},{"type":"Feature","properties":{"STATE_CODE":5,"DISTRICT":"ROLPA","GaPa_NaPa":"Lungri","Type_GN":"Gaunpalika","Province":"5","provinceId":"5","provinceCode":"5","provinceName":"Lumbini","districtId":"502","districtName":"Rolpa","municipalityId":"50210","municipalityCode":"50210","municipalityName":"Lungri Rural Municipality","municipalityNameNe":"लुङ्ग्री गाउँपालिका","municipalityType":"rural_municipality"},"geometry":{"type":"Polygon","coordinates":[[[82.90605601600004,28.31082932100003],[82.90435981700006,28.31185722300006],[82.90194892900007,28.314229965000038],[82.89887046800004,28.313566208000054],[82.89446449300004,28.313573837000035],[82.89135169900004,28.314577102000044],[82.88891029300004,28.318574906000038],[82.88665199300004,28.319841385000075],[82.88625145000003,28.32275962800003],[82.88231468200007,28.322072983000055],[82.87479209900005,28.32234001100005],[82.87289619500007,28.32206153900006],[82.87140083300005,28.320829392000064],[82.86935997000006,28.32351112400005],[82.86756324700008,28.32506752000006],[82.86364555400007,28.32576560900003],[82.86072701600006,28.32759914500008],[82.85598564100007,28.328947068000048],[82.85354423500007,28.32798957800003],[82.84959602300006,28.32457160900003],[82.84424781800004,28.318651199000044],[82.84244346600008,28.318254471000046],[82.83915519800007,28.318479538000076],[82.83734321600008,28.319272995000063],[82.83547762200004,28.31862439200006],[82.83220100400007,28.316419602000053],[82.83061790500005,28.314554215000044],[82.82874870300003,28.31385612500003],[82.82724189800007,28.310495376000063],[82.82644844100008,28.309804916000076],[82.82340301400006,28.310091707000026],[82.82064628600006,28.312086106000038],[82.81353187600007,28.31595420800005],[82.81288326300006,28.318708704000073],[82.81112988700005,28.321799957000053],[82.80922508200007,28.322462082000072],[82.80774498000005,28.323965072000078],[82.80526924200007,28.32831764200006],[82.80311835100008,28.32968290900004],[82.80225563100004,28.334486007000066],[82.80028724600004,28.337289810000073],[82.80015754700008,28.33958244300004],[82.79881932500007,28.34588983100008],[82.79704763900008,28.34823620700007],[82.79378700200004,28.343969345000062],[82.79330635100007,28.342340469000078],[82.79122734000003,28.34054756200004],[82.79170799300005,28.33798790000003],[82.78973960900004,28.335737228000028],[82.78851509100008,28.335424423000063],[82.78217125000003,28.32874107300006],[82.78116035500005,28.32689094600005],[82.77892112700005,28.324670791000074],[82.77902030900003,28.323637009000038],[82.77752876300008,28.320692062000035],[82.77782631000008,28.319082261000062],[82.77473640500006,28.318140030000052],[82.77159309300004,28.31242179900005],[82.77030754100008,28.312009812000042],[82.76975440900003,28.30741691600008],[82.77005958600006,28.30565452600007],[82.76943397500008,28.303113937000035],[82.76783180200005,28.300970077000045],[82.76810264600005,28.298707962000037],[82.76608467100004,28.29706001200003],[82.76635932600004,28.29320514500006],[82.76507377600007,28.291467667000063],[82.76461982300003,28.289640430000077],[82.76063256000003,28.286497999000062],[82.75882530200005,28.28492927600007],[82.75818824800007,28.281988144000024],[82.75607872000006,28.280164719000027],[82.75295829800007,28.274766922000026],[82.75009346000007,28.273092270000063],[82.74675560000009,28.273077011000055],[82.74689292900007,28.27093696600008],[82.74479866000007,28.268556595000064],[82.74506187400004,28.267179489000057],[82.74410820000008,28.264253617000065],[82.74120521600008,28.259634018000042],[82.74001503000005,28.25679588400004],[82.73520469600004,28.249830246000045],[82.73402977000006,28.246805191000078],[82.73663139300004,28.24447059700003],[82.73878288200007,28.244298935000074],[82.74047279300004,28.24340248200008],[82.74805259700008,28.245302200000026],[82.75255012500008,28.248258591000024],[82.75563621600008,28.248903275000032],[82.75938987800004,28.247224808000055],[82.76228523300006,28.247621536000054],[82.76392936800005,28.24656105100007],[82.76221275500006,28.243726731000038],[82.76442909200006,28.243223191000027],[82.76606178300005,28.241075516000024],[82.76889991800005,28.240552903000037],[82.77179527400006,28.241140366000025],[82.77352333200008,28.242200852000053],[82.77651024000005,28.24198341400006],[82.77755165200006,28.238687515000038],[82.77966880900004,28.237230301000068],[82.78147316000008,28.23681831400006],[82.78512382700006,28.23473548900006],[82.78587913600006,28.231573105000052],[82.78930473400004,28.230443955000055],[82.79026985200005,28.22825431800004],[82.79411125200005,28.226331711000057],[82.79385566800005,28.223714829000073],[82.79226493800007,28.22108650200005],[82.79221153300006,28.21978950500005],[82.79618644700008,28.217470169000023],[82.79757499800007,28.213644027000043],[82.79765510600004,28.21123695400007],[82.79668617400006,28.205556870000066],[82.79551887600007,28.201417923000065],[82.79837227000007,28.198339463000025],[82.79883766200004,28.19671821600008],[82.79846000800006,28.19273948700004],[82.79894447400005,28.19127082800003],[82.79743004000005,28.189847946000043],[82.80125107800006,28.186677958000075],[82.80668067900007,28.186254501000064],[82.81414095300005,28.186564582000074],[82.81615070300006,28.187283645000036],[82.81719645300007,28.18793789500006],[82.82048695300006,28.192812270000047],[82.82240164000007,28.194985520000046],[82.82376970300004,28.195545458000026],[82.82698782900007,28.198354770000037],[82.82740882800005,28.19956314500007],[82.82661251700006,28.20324720700006],[82.82670364000006,28.20542727000003],[82.82497251500007,28.20742483300006],[82.82128301500006,28.21036427000007],[82.82086589000005,28.211757145000036],[82.81845239000006,28.21329077000007],[82.81945070300003,28.214747707000072],[82.82424676500005,28.216284770000073],[82.82820026500008,28.21865820800008],[82.83132482800005,28.219898707000027],[82.83317820300005,28.221915645000024],[82.83563423100009,28.223516464000056],[82.83855526500008,28.22618920700006],[82.83875539100006,28.228349895000065],[82.84077607800003,28.230941207000058],[82.84388160700007,28.23184013300005],[82.84795201600008,28.232493082000076],[82.85235014000006,28.232405957000026],[82.85428320300008,28.23537764500003],[82.85479939100009,28.23847495700005],[82.85319720300004,28.243986520000078],[82.85193395300007,28.246922333000043],[82.85189920300007,28.24975333200007],[82.85032195300005,28.254811645000075],[82.85072095300006,28.255884395000066],[82.85524201500004,28.25636902000008],[82.85786932800005,28.257712957000024],[82.86284682900003,28.25745895700004],[82.86594239800007,28.25922620600005],[82.87125145300007,28.263304145000063],[82.87450757800008,28.263775396000028],[82.87640870300004,28.265943333000052],[82.87946014100004,28.267901770000037],[82.88094851600005,28.267665833000024],[82.88532626500006,28.270880395000063],[82.88755132800009,28.27330120700003],[82.88889201600006,28.275859145000027],[82.89071401500007,28.27698170700006],[82.89107557800008,28.27987689500003],[82.89097795300006,28.28588389600003],[82.88875539100007,28.290950958000053],[82.88969751600007,28.29309958300007],[82.89214957700005,28.295007894000037],[82.89375276600003,28.295354707000058],[82.89625678200008,28.294721596000045],[82.89862501600004,28.29756439500005],[82.90086176600005,28.298435207000068],[82.90227426600006,28.299734770000043],[82.90213464000004,28.30135795800004],[82.90328064000005,28.304200770000023],[82.90390126500006,28.307655270000055],[82.90605601600004,28.31082932100003]]]}},{"type":"Feature","properties":{"STATE_CODE":5,"DISTRICT":"ROLPA","GaPa_NaPa":"Madi","Type_GN":"Gaunpalika","Province":"5","provinceId":"5","provinceCode":"5","provinceName":"Lumbini","districtId":"502","districtName":"Rolpa","municipalityId":"50205","municipalityCode":"50205","municipalityName":"Madi Rural Municipality","municipalityNameNe":"मादी गाउँपालिका","municipalityType":"rural_municipality"},"geometry":{"type":"Polygon","coordinates":[[[82.58947046400004,28.43448565800003],[82.58840370200005,28.435754776000067],[82.58406639100008,28.43236732500003],[82.58106041000008,28.432119369000077],[82.57734489500007,28.42931556700006],[82.57127189700003,28.428552627000045],[82.56743431100006,28.427061081000033],[82.56574821500004,28.42497062600006],[82.56667137200003,28.42266655000003],[82.56705665600003,28.419809342000065],[82.56648063700004,28.418981552000048],[82.56285667400005,28.42079353300005],[82.56137657200009,28.423051834000034],[82.56134986900008,28.42948341400006],[82.56231117300007,28.433149338000078],[82.56123161300007,28.43404197700005],[82.55902290300008,28.433263778000025],[82.55558204700003,28.430036545000064],[82.55302619900004,28.42693138100003],[82.55015754700008,28.425382614000057],[82.54762458800008,28.42469978300005],[82.54448890700007,28.424585342000057],[82.54112815900004,28.425210953000033],[82.53832435600003,28.424257279000074],[82.53579521200004,28.423952103000033],[82.53435325600003,28.42491340600003],[82.53248405500005,28.424840927000048],[82.53083992000006,28.42374229400008],[82.52839851400006,28.41813850400007],[82.52379417400005,28.413175583000054],[82.52185630800005,28.411787033000053],[82.52126503000005,28.40731239300004],[82.51970481900008,28.40481758100003],[82.51710319500006,28.40548515300003],[82.51654243500008,28.403818130000047],[82.51373863300006,28.40508079500006],[82.51232337900007,28.404951096000048],[82.51044654900005,28.40598869300004],[82.50955009500007,28.407339096000044],[82.50956916800004,28.409421921000046],[82.50827217200003,28.410215378000032],[82.50925636300008,28.412168503000032],[82.50917244000004,28.41385078500008],[82.51123237600007,28.415929795000068],[82.51246452300006,28.419736862000036],[82.51200676000008,28.42055320700007],[82.51286125200005,28.426244736000058],[82.51210975700008,28.42902565000003],[82.51347923300006,28.433992386000057],[82.51479911800004,28.435411454000075],[82.51473426800004,28.437891007000076],[82.51593971300008,28.439729690000036],[82.51900672900007,28.446977616000027],[82.52039146400006,28.44853401200004],[82.52088356000007,28.451036454000075],[82.51711845400007,28.451288223000063],[82.51370430000009,28.452997208000056],[82.50904655500005,28.454484940000043],[82.50603294300004,28.454763412000034],[82.50351142900007,28.453523636000057],[82.50000190700007,28.453645707000078],[82.49899864100007,28.454542160000074],[82.49380302400004,28.455938339000056],[82.49132728500007,28.45617485100007],[82.49125480700008,28.458234787000038],[82.48981666500003,28.460702896000043],[82.48731422400004,28.46288490300003],[82.48368644700008,28.463556290000042],[82.48131752000006,28.464578629000073],[82.47923851000007,28.466215134000038],[82.47425651600008,28.461381912000036],[82.47297096300008,28.458517074000042],[82.47370719900005,28.45747947700005],[82.47413063000005,28.45428276000007],[82.47359275800005,28.45167732300007],[82.47078132600006,28.448068619000026],[82.46652031000008,28.444051742000056],[82.46563911400006,28.43720054700003],[82.46555137600006,28.433820724000043],[82.46100425700007,28.43515968300005],[82.45530891400006,28.43524360600003],[82.45229148800007,28.434747696000045],[82.44857597400005,28.433019638000076],[82.44821739200006,28.43099022000007],[82.44869041500004,28.427659988000073],[82.44985771200004,28.425657272000024],[82.44998359700008,28.42328834600005],[82.45175207800008,28.420456020000074],[82.45176682800007,28.419061708000072],[82.45444689000004,28.417526208000027],[82.45479957700007,28.41631108300004],[82.45726470300008,28.415576395000073],[82.45857895300009,28.413868208000054],[82.45956611600008,28.410688400000026],[82.46055412300007,28.40981483400003],[82.45782701500008,28.406472645000065],[82.45497826500008,28.40679408300008],[82.45153939100004,28.40664358300006],[82.44876264000004,28.40587908300006],[82.44631326500007,28.407662395000045],[82.44434576500004,28.408254020000072],[82.44222982800005,28.407868145000066],[82.44165489000005,28.406768833000058],[82.43915070300005,28.405590708000034],[82.43929007800006,28.399766895000027],[82.44001032700004,28.398367458000052],[82.44038126500004,28.39494364500007],[82.43941651600005,28.391565583000045],[82.43992789000004,28.386886082000046],[82.43732195300004,28.385361583000076],[82.43485701500003,28.385022083000024],[82.43385614000005,28.383818957000074],[82.43331720300006,28.381442458000038],[82.43154932800007,28.379155583000056],[82.42979764000006,28.377876833000073],[82.42830370200005,28.369606770000075],[82.42554032800007,28.36571052100004],[82.42513114000008,28.362955833000058],[82.42117426500005,28.362433208000027],[82.41872214100005,28.36317170600006],[82.41806602500003,28.36018180900004],[82.41872215300003,28.35797309900005],[82.42028999300004,28.35608482400005],[82.42479515000008,28.353155136000055],[82.42688560500005,28.352308274000052],[82.43056295100007,28.349932270000068],[82.43802982700004,28.350374832000057],[82.44283626400005,28.349863957000025],[82.44856834400008,28.348932266000077],[82.45030401400004,28.349096644000042],[82.45294380200005,28.347234726000067],[82.45478276300008,28.347059267000077],[82.45710979900008,28.34499545400007],[82.46154975900004,28.34515571600008],[82.46502113400004,28.34369087300007],[82.469347,28.343484879000073],[82.47200089100005,28.34441339500006],[82.47418276200005,28.345781646000034],[82.47761995100007,28.34654983200005],[82.47910264000006,28.34773608000006],[82.48155107600007,28.347720708000054],[82.48301470200005,28.346843145000037],[82.48658845100005,28.346242517000064],[82.48697501400005,28.34461639400007],[82.49279594400008,28.340532303000032],[82.49579429600004,28.339944840000044],[82.50000032700007,28.340368142000045],[82.50345920200004,28.339072956000052],[82.50649070700007,28.33959770200005],[82.50897613900008,28.337732521000078],[82.51423857500004,28.33844414400005],[82.51677763900005,28.340844894000043],[82.51859092700005,28.341764450000028],[82.52207170100007,28.342298707000054],[82.52793020000007,28.340879956000038],[82.53034432700008,28.341848956000035],[82.53270530700007,28.340295791000074],[82.53633951400008,28.339355268000077],[82.53770339100004,28.341842330000077],[82.53804232500005,28.344742454000027],[82.54019888700003,28.348711080000044],[82.54087670100006,28.35126289200008],[82.54493663900007,28.352628208000056],[82.54950932600008,28.355210269000054],[82.55335913900007,28.358393583000066],[82.55526307600007,28.362402080000038],[82.55733157600008,28.365855142000044],[82.55896832800005,28.370763142000044],[82.55850470000007,28.375037580000026],[82.55927467400005,28.377374649000046],[82.56128120500006,28.376379013000076],[82.56427514000006,28.377604767000037],[82.56381551600003,28.380293395000024],[82.56402113800004,28.383065704000046],[82.56633338900008,28.38568207900005],[82.56838682500006,28.390339329000028],[82.57170932600008,28.39327983000004],[82.57286020000004,28.39628314400005],[82.57705988900005,28.399665706000064],[82.57775782500005,28.400778393000053],[82.57630819900004,28.403745456000024],[82.57662601300007,28.40626407900004],[82.57583970100006,28.407442455000023],[82.57754551500005,28.410868830000027],[82.57865920200004,28.415435021000064],[82.57839457400007,28.421633580000048],[82.57978876200008,28.424483708000025],[82.58216038800003,28.426060457000062],[82.58305051300005,28.427515769000024],[82.58743957600007,28.430083395000054],[82.58850513800007,28.431350955000028],[82.58947046400004,28.43448565800003]]]}},{"type":"Feature","properties":{"STATE_CODE":5,"DISTRICT":"ROLPA","GaPa_NaPa":"Rolpa","Type_GN":"Nagarpalika","Province":"5","provinceId":"5","provinceCode":"5","provinceName":"Lumbini","districtId":"502","districtName":"Rolpa","municipalityId":"50207","municipalityCode":"50207","municipalityName":"Rolpa Urban Municipality","municipalityNameNe":"रोल्पा नगरपालिका","municipalityType":"municipality"},"geometry":{"type":"Polygon","coordinates":[[[82.66130938900005,28.423635895000075],[82.65734291000007,28.423261643000046],[82.65314293000006,28.42426109300004],[82.65074451700008,28.42343683100006],[82.64689445500005,28.42415046700006],[82.64420270300008,28.42255970700006],[82.63954734900005,28.424222946000043],[82.63768196100006,28.42581367500003],[82.63333320700008,28.424936295000066],[82.62951469400008,28.42234230100007],[82.62650363900008,28.422603394000078],[82.62457757600004,28.421961330000045],[82.62261009200006,28.423681259000034],[82.61784553600006,28.423246384000038],[82.61510658300006,28.42425346400006],[82.61474418600005,28.42709159900005],[82.61066246200005,28.426847458000054],[82.60848426800004,28.430967331000033],[82.60524559000004,28.433328629000073],[82.60313088700008,28.434396083000024],[82.59766578700004,28.43481636000007],[82.59528160200006,28.43441581700006],[82.59366014000005,28.435106145000077],[82.58947046400004,28.43448565800003],[82.58850513800007,28.431350955000028],[82.58743957600007,28.430083395000054],[82.58305051300005,28.427515769000024],[82.58216038800003,28.426060457000062],[82.57978876200008,28.424483708000025],[82.57839457400007,28.421633580000048],[82.57865920200004,28.415435021000064],[82.57754551500005,28.410868830000027],[82.57583970100006,28.407442455000023],[82.57662601300007,28.40626407900004],[82.57630819900004,28.403745456000024],[82.57775782500005,28.400778393000053],[82.57705988900005,28.399665706000064],[82.57286020000004,28.39628314400005],[82.57170932600008,28.39327983000004],[82.56838682500006,28.390339329000028],[82.56633338900008,28.38568207900005],[82.56402113800004,28.383065704000046],[82.56381551600003,28.380293395000024],[82.56427514000006,28.377604767000037],[82.56128120500006,28.376379013000076],[82.55927467400005,28.377374649000046],[82.55850470000007,28.375037580000026],[82.55896832800005,28.370763142000044],[82.55733157600008,28.365855142000044],[82.55526307600007,28.362402080000038],[82.55335913900007,28.358393583000066],[82.54950932600008,28.355210269000054],[82.54493663900007,28.352628208000056],[82.54087670100006,28.35126289200008],[82.54019888700003,28.348711080000044],[82.53804232500005,28.344742454000027],[82.53770339100004,28.341842330000077],[82.53633951400008,28.339355268000077],[82.53655370000007,28.334306768000033],[82.53481651400006,28.33251051800005],[82.53166001500006,28.330238768000072],[82.52726582500009,28.328456644000028],[82.52488820200006,28.326786456000036],[82.52351314000003,28.324610458000052],[82.52417570200004,28.322488143000044],[82.52687339000005,28.322136018000037],[82.53284957800008,28.319671645000028],[82.53637307500009,28.320300518000067],[82.53774251400006,28.32005802100008],[82.53982595000008,28.318453831000056],[82.54076007600008,28.315759082000056],[82.54180870000005,28.31557626800003],[82.54579388900004,28.317076083000075],[82.54879857700007,28.317234392000046],[82.55237307500005,28.318431892000035],[82.55720320200004,28.316912957000056],[82.56028657500008,28.314574581000045],[82.56243445100006,28.311102892000065],[82.56290782600007,28.30938214500003],[82.56193032600004,28.304591642000048],[82.56290845100006,28.302009957000053],[82.56615720100007,28.297324767000077],[82.56845251400006,28.29552833200006],[82.57018970300004,28.297376145000044],[82.57171270300006,28.297416894000037],[82.57585063800008,28.29546589200004],[82.58158401300005,28.29576695700007],[82.58488288900008,28.295277830000032],[82.58429545100006,28.29135327000006],[82.58780157700005,28.29025708100005],[82.58911851400006,28.28908414400007],[82.58776426400004,28.28697889500006],[82.58786163900004,28.28423451900005],[82.58381457700006,28.28110427000007],[82.58285582800005,28.279797269000028],[82.58633863900008,28.278585771000053],[82.58574007600004,28.276874208000038],[82.58290764000003,28.27489795500003],[82.58292813900005,28.27291520500006],[82.58427701200003,28.270826706000037],[82.58365213600007,28.268677142000058],[82.58122151400005,28.267979645000025],[82.57702970200006,28.26508914300007],[82.57505751200006,28.265111455000067],[82.57247113900007,28.263902333000033],[82.57086295200008,28.265787269000043],[82.56762163900004,28.267348205000076],[82.56573357700006,28.267292332000068],[82.56185282800004,28.265983704000064],[82.56072514000005,28.265094333000036],[82.55438251200007,28.26265645600006],[82.55027520300007,28.260393143000044],[82.55166764000006,28.258413708000035],[82.55317351400004,28.251786082000024],[82.55487463900005,28.250491144000023],[82.56045120000005,28.24881745500005],[82.56183182500007,28.247832645000074],[82.56488238900005,28.248997144000043],[82.57229045200006,28.248968707000074],[82.57411813800007,28.248200455000074],[82.58141557700003,28.243775894000066],[82.58569107800008,28.241918456000064],[82.58801951200007,28.242109455000048],[82.59015988900006,28.236870770000053],[82.59170088900004,28.236665582000057],[82.59551801300006,28.237722268000027],[82.60109139000008,28.235900206000053],[82.60324689000004,28.233794955000064],[82.60539463800006,28.232569331000036],[82.60379338700005,28.229850395000028],[82.60020663800003,28.226887831000056],[82.60147664000004,28.22521114500006],[82.60461788800006,28.22711789300007],[82.60630982600009,28.226977206000072],[82.60895601200008,28.225729582000042],[82.61148651400003,28.225831957000025],[82.61809407500004,28.223588767000024],[82.62010163700006,28.223855017000062],[82.62314796400005,28.226179123000065],[82.62488365200005,28.228059769000026],[82.62628746000007,28.226774216000024],[82.62971014000004,28.22593908300007],[82.63443120000005,28.228501705000042],[82.63569068900006,28.229967118000047],[82.63867281800003,28.230112175000045],[82.64067621700008,28.231088665000073],[82.64129066500004,28.232404709000036],[82.64394187900007,28.23398780800005],[82.64438438400003,28.23513603300006],[82.64287376400006,28.23646736200004],[82.64004813700006,28.23731520800004],[82.63635020900006,28.236333623000064],[82.63449287400005,28.23480033900006],[82.63251304600004,28.236539841000024],[82.63361282500006,28.239628768000046],[82.63434410100007,28.239755630000047],[82.63849432700005,28.24312683200003],[82.64138050400004,28.24645209700003],[82.64377595300004,28.24802052000007],[82.64614482800005,28.248917083000038],[82.64679145800005,28.250253678000036],[82.64963032800006,28.25089614500007],[82.65139089600007,28.25227851300008],[82.65354207600006,28.252802706000068],[82.65823664000004,28.252763145000074],[82.66220501500004,28.251094270000067],[82.66543239100008,28.251583770000025],[82.66914176900008,28.253496170000062],[82.67204475400007,28.254159929000025],[82.67467308100004,28.25359916700006],[82.68060112000006,28.25546455400007],[82.68591476400007,28.255928706000077],[82.68636894500008,28.259050175000027],[82.68536949100007,28.260671615000035],[82.68611335700007,28.26264762900007],[82.68799018600004,28.265508655000076],[82.69017219600005,28.267736435000074],[82.69406700200005,28.269624710000073],[82.69719882800007,28.272825519000037],[82.70092964200006,28.272932053000034],[82.70152854900005,28.273794174000045],[82.70093727100004,28.275857925000025],[82.70274901400006,28.275881019000053],[82.70430946400006,28.274415970000064],[82.70763206500004,28.27387046800004],[82.70946693400003,28.272581100000025],[82.71270561200004,28.273588181000036],[82.71562767100005,28.273313522000024],[82.72397422800003,28.276624680000054],[82.72577858000005,28.276647568000044],[82.72641944900005,28.277742386000057],[82.72632032500007,28.28058770800004],[82.72730445900004,28.282083512000042],[82.72611801300008,28.282862083000055],[82.71926689200006,28.28204917900007],[82.71663856500004,28.283639908000055],[82.71312345000007,28.28161676800005],[82.71091270500006,28.28124427800003],[82.70922720200008,28.283319395000035],[82.71003226400006,28.28609276800006],[82.70852088900006,28.288496018000046],[82.70442390400007,28.288503647000027],[82.69896895300008,28.287661769000067],[82.69588082500007,28.28356258100007],[82.69362089900005,28.28250319400007],[82.69111442500008,28.284292221000044],[82.69140434300004,28.28710365300003],[82.68663701500003,28.286763145000066],[82.68414013900008,28.28568558300003],[82.68047523500007,28.28559684800007],[82.67777442900007,28.28644752500003],[82.67958057700008,28.287809517000028],[82.68009170000005,28.28924476900005],[82.67916976500004,28.292777645000058],[82.67777920300006,28.29477877000005],[82.67714288900004,28.296917957000062],[82.67780094200003,28.299020186000064],[82.67701149000004,28.30171394300004],[82.67735862700005,28.305532455000048],[82.67683620300005,28.30633351800003],[82.67318534900005,28.307451248000064],[82.66936683700004,28.311716080000053],[82.66924476700007,28.31463813700003],[82.67116355900004,28.31907844600005],[82.67275047300006,28.32103157000006],[82.67601966800004,28.323183060000076],[82.67813682600007,28.32584190400007],[82.68181419400008,28.327016830000048],[82.68505287200009,28.329931259000034],[82.68782615700007,28.331350326000063],[82.68838300800007,28.336068794000028],[82.69056892400005,28.339380265000045],[82.69331932100005,28.341028213000072],[82.69709587100004,28.345411300000023],[82.69428062400004,28.348230362000038],[82.69377327000007,28.34994697600007],[82.69426155100007,28.351758957000072],[82.69567680400007,28.35334968600006],[82.69915962200008,28.35545539800006],[82.70076561000008,28.357061386000055],[82.70565605200005,28.357606888000078],[82.70653724600004,28.35850715600003],[82.70381355300003,28.359647751000068],[82.70324897800003,28.36075019900005],[82.70349693300005,28.363405228000033],[82.70214653000005,28.366514206000033],[82.70383262700005,28.369684219000078],[82.70628166200004,28.371274948000064],[82.70776176500004,28.373167038000076],[82.70850181500003,28.375307083000052],[82.71054490100005,28.37687333200006],[82.70928013900004,28.378522832000044],[82.71038563700006,28.381339644000036],[82.71033076200007,28.384163520000072],[82.70962626300008,28.38919889300007],[82.71226113800003,28.39174364400003],[82.71311170000007,28.394348269000034],[82.71243345200008,28.39716851700007],[82.71469513800008,28.404043392000062],[82.71597938900004,28.40632720700006],[82.71684632400007,28.409313204000057],[82.71594482700004,28.41276301700003],[82.71286245100003,28.415314704000025],[82.71226401400008,28.416874705000055],[82.70898289100006,28.418465583000057],[82.70802663800004,28.41943333300003],[82.70796757600004,28.42324977100003],[82.70753738800005,28.42544064300006],[82.70462088700003,28.42883964500004],[82.70425070200008,28.43147101900007],[82.69863251600003,28.431703895000055],[82.68970057700005,28.430136144000073],[82.68833895200004,28.428771708000056],[82.68328551500008,28.42678964600003],[82.67961114000008,28.426571333000027],[82.67695914000006,28.42722233300003],[82.67243157700005,28.424383206000073],[82.66960507800007,28.42128989500003],[82.66857670200005,28.42095720700007],[82.66480489000008,28.42205727000004],[82.66130938900005,28.423635895000075]]]}},{"type":"Feature","properties":{"STATE_CODE":5,"DISTRICT":"ROLPA","GaPa_NaPa":"Runtigadi","Type_GN":"Gaunpalika","Province":"5","provinceId":"5","provinceCode":"5","provinceName":"Lumbini","districtId":"502","districtName":"Rolpa","municipalityId":"50208","municipalityCode":"50208","municipalityName":"Runtigadhi Rural Municipality","municipalityNameNe":"रुन्टीगढी गाउँपालिका","municipalityType":"rural_municipality"},"geometry":{"type":"Polygon","coordinates":[[[82.55027520300007,28.260393143000044],[82.54730682800005,28.26165870400007],[82.54517607800005,28.261216456000056],[82.54180926300006,28.25978870800003],[82.53949007500006,28.25929464400008],[82.53375470100008,28.259576207000066],[82.53085888900006,28.26090539300003],[82.52832726200006,28.258766643000058],[82.52507370200004,28.258853393000038],[82.52162670000007,28.25714676800004],[82.51896395100005,28.256520142000056],[82.51721426300008,28.25527401900007],[82.51379457600007,28.25400514300003],[82.51160201400006,28.25509564200007],[82.50899301400005,28.253589644000044],[82.50927663900006,28.252248270000052],[82.51176101500005,28.25052476700006],[82.51477395100005,28.250000267000075],[82.51870676400006,28.245104956000034],[82.51960245100008,28.240084081000077],[82.51832326500005,28.23557426800005],[82.51706813800007,28.23268895700005],[82.51718295300003,28.230741083000055],[82.51611495200007,28.22741114300004],[82.51451038600004,28.225792080000076],[82.50900676300006,28.223656770000048],[82.50790026400006,28.221817458000032],[82.50766551300006,28.218523579000077],[82.50568857800005,28.214813642000024],[82.50582888800005,28.213536083000065],[82.50737401300006,28.211673830000052],[82.50758520200003,28.21012858100005],[82.50376739000006,28.211429143000032],[82.50262601500003,28.212553582000055],[82.49817963900006,28.214784833000067],[82.49613682800003,28.216909706000024],[82.49403351300003,28.217625268000063],[82.49101457600005,28.216604705000066],[82.48464013900008,28.219074269000032],[82.48418770200004,28.219873267000025],[82.47850039100007,28.22186814400004],[82.47542188900007,28.225952894000045],[82.47429932800003,28.229707520000034],[82.47044245100005,28.230288207000058],[82.46915882500008,28.22978995400007],[82.46546876500008,28.232182455000043],[82.46231163700008,28.235512018000065],[82.45723132600006,28.237179268000034],[82.45405782600005,28.239144081000063],[82.45170189000004,28.239599957000053],[82.44716582500007,28.238493082000048],[82.44547469900004,28.238472579000074],[82.44246826400007,28.241752829000063],[82.44231432700008,28.24327945400006],[82.43920120200005,28.24650214500008],[82.43826039000004,28.246063082000035],[82.43698288900003,28.243371645000025],[82.43414001500008,28.24186301900005],[82.43281251500008,28.24184308300005],[82.42928626500003,28.239608331000056],[82.42858407800009,28.237815457000067],[82.43008926600004,28.23478133200007],[82.43020164000006,28.23098120700007],[82.42951751400005,28.229912332000026],[82.42679607800005,28.229124082000055],[82.42604714000004,28.22792045700004],[82.42409426500006,28.229617019000045],[82.42152139000007,28.229842269000073],[82.41963638800007,28.228923395000038],[82.41910345300005,28.22695501900006],[82.41674857700008,28.224545207000062],[82.40897632600007,28.22093039400005],[82.40761570200004,28.215503144000024],[82.40558976600005,28.21293645700007],[82.40632170200007,28.211408395000035],[82.40424301500008,28.20572683200004],[82.40494220200003,28.202037957000073],[82.40362620200005,28.199206770000046],[82.40399813900007,28.197125207000056],[82.40316801500006,28.195861395000065],[82.40349732800007,28.193629207000072],[82.40251795200004,28.192441332000044],[82.40349664000007,28.18817208100006],[82.40498107700006,28.185928019000073],[82.40509420200004,28.18421008100006],[82.40340876400006,28.182905394000045],[82.40110951500003,28.180016581000075],[82.40104976500004,28.178853083000035],[82.40287370100003,28.177219208000054],[82.40241020100007,28.17530864500003],[82.40045626500006,28.171599581000066],[82.40080245200005,28.170571832000064],[82.39869182700005,28.168750333000048],[82.40188170300007,28.168018394000057],[82.40504470200005,28.16411251900007],[82.41085832800007,28.160806456000046],[82.41582357600004,28.159453581000037],[82.42024763900008,28.156549520000056],[82.42413101500006,28.155076645000065],[82.42732526400005,28.154382457000054],[82.42967801500004,28.15496476800007],[82.43265857600005,28.153902644000027],[82.43904139000006,28.148920082000075],[82.44754688800003,28.147431832000052],[82.44966632600006,28.147513208000078],[82.45667201400005,28.14632670700007],[82.45978313900008,28.14465583200007],[82.46132457700008,28.144395770000074],[82.46623732800003,28.14149401900005],[82.46867557700006,28.141731895000078],[82.47169876400005,28.140255645000025],[82.47518601400003,28.140155020000066],[82.47703632700006,28.142661644000043],[82.47938251500005,28.144159082000044],[82.48165089000008,28.143787143000054],[82.48384645100003,28.139890020000053],[82.48323770300004,28.136760957000035],[82.48412620200008,28.13373520700003],[82.48649020100004,28.13035277000006],[82.48847538900003,28.131199769000034],[82.48887726500004,28.132422519000045],[82.49139557700005,28.133538956000052],[82.49273488900008,28.13569908200003],[82.49452876500004,28.13618258300005],[82.49703564000004,28.134765583000046],[82.49735001500005,28.136596207000025],[82.49981738900004,28.14007708200006],[82.50293632700004,28.14211270800007],[82.50318307700007,28.145257833000073],[82.50422301600008,28.14837783200005],[82.50590413900005,28.149751957000035],[82.50915376500006,28.14999039500003],[82.51241526500007,28.148812144000033],[82.51352195200008,28.149103895000053],[82.51805370200003,28.14856420700005],[82.52166482700005,28.146891019000066],[82.52155301500005,28.14541895700006],[82.52017926500008,28.14284595600003],[82.51776976600007,28.13967745700006],[82.51847207700007,28.138945083000067],[82.52236857800006,28.138984894000032],[82.52419770100005,28.138600832000066],[82.52599764100006,28.13672295600003],[82.52917782600008,28.13533364400007],[82.53291332700007,28.135653457000046],[82.53567695300006,28.13367758100003],[82.54000064000007,28.132494144000077],[82.54082982700004,28.13182170700003],[82.54403026600005,28.13140683200004],[82.54649870100008,28.133745332000046],[82.54813351600006,28.134333394000066],[82.55029270200004,28.13368851900003],[82.55412820300006,28.135258519000047],[82.55574051600007,28.13672383200003],[82.55913726500006,28.136094082000056],[82.56380251500008,28.133476581000025],[82.56329839000006,28.13220795700005],[82.56109701400004,28.131205769000076],[82.56283082600004,28.12943727000004],[82.56263270300008,28.127907956000058],[82.56365389000007,28.125513832000024],[82.56503457800005,28.12485827000006],[82.56400613900007,28.122738207000054],[82.56688626500005,28.120979394000074],[82.56660976500007,28.118666457000074],[82.56858751500005,28.11696801900007],[82.56914788900008,28.11532258300008],[82.57176870200004,28.114578394000034],[82.57312307800004,28.11327952000005],[82.57643051500008,28.113185332000057],[82.57991320200006,28.109688645000062],[82.58317645300008,28.11062701900005],[82.58450526500008,28.11016927000003],[82.58557782800005,28.108391332000053],[82.58744139000004,28.107990956000037],[82.58823576400005,28.106059020000032],[82.58988551500005,28.105200706000062],[82.59065870200004,28.102887269000064],[82.59339995300007,28.10292445700003],[82.59691332800008,28.101302333000035],[82.59783501400005,28.10034620700003],[82.59901676600003,28.095988456000043],[82.59901920200008,28.093082894000077],[82.59989757700004,28.092566145000035],[82.60233814000009,28.093561082000065],[82.60398388900006,28.096961769000075],[82.60638076400005,28.09910226900007],[82.60847957700008,28.10229320700006],[82.60863101500007,28.10571476800004],[82.60794589100004,28.109096270000066],[82.60889051500004,28.112056645000052],[82.60857039000007,28.116470581000044],[82.60930051400004,28.11929564500008],[82.60730795300003,28.123805394000044],[82.60716070300003,28.126806518000024],[82.60598320200006,28.12832183200004],[82.60619689000004,28.13068602000004],[82.60247051500005,28.131347395000034],[82.60098513900004,28.13314376900007],[82.59510776400003,28.136402145000034],[82.59410720100004,28.137982333000025],[82.59036620200004,28.139884020000068],[82.59043738900004,28.14224895700005],[82.59196514100006,28.14713520600003],[82.59452476500007,28.148178957000027],[82.60187739000008,28.148044395000056],[82.60474639000006,28.150464895000027],[82.60616351500005,28.150170270000046],[82.60894313900008,28.151865706000024],[82.61052695200004,28.154430957000045],[82.61233488900007,28.15835208200008],[82.61232870200007,28.16040945700007],[82.61334126500003,28.162752332000025],[82.61429726400007,28.16778376800005],[82.61543982700005,28.169870768000067],[82.61733901400004,28.170539645000076],[82.62127895300006,28.17479127000007],[82.62414014000007,28.17457639400004],[82.62675995200004,28.17672102000006],[82.62653539100006,28.178004644000055],[82.63325957700005,28.17969845700003],[82.63059657700006,28.18400551800005],[82.62657088800006,28.18449308000004],[82.62565939100006,28.185686392000036],[82.62588076500003,28.19136908100006],[82.62840332500008,28.195427954000024],[82.62860679600004,28.19674873400004],[82.62624201500006,28.200802517000056],[82.62186438700007,28.201875208000047],[82.62013838800004,28.203464017000044],[82.61742255200005,28.208405235000043],[82.61691856400006,28.21171379100008],[82.61766732600006,28.21418408100004],[82.61958884600006,28.218450548000078],[82.62076145200007,28.222361456000044],[82.62010163700006,28.223855017000062],[82.61809407500004,28.223588767000024],[82.61148651400003,28.225831957000025],[82.60895601200008,28.225729582000042],[82.60630982600009,28.226977206000072],[82.60461788800006,28.22711789300007],[82.60147664000004,28.22521114500006],[82.60020663800003,28.226887831000056],[82.60379338700005,28.229850395000028],[82.60539463800006,28.232569331000036],[82.60324689000004,28.233794955000064],[82.60109139000008,28.235900206000053],[82.59551801300006,28.237722268000027],[82.59170088900004,28.236665582000057],[82.59015988900006,28.236870770000053],[82.58801951200007,28.242109455000048],[82.58569107800008,28.241918456000064],[82.58141557700003,28.243775894000066],[82.57411813800007,28.248200455000074],[82.57229045200006,28.248968707000074],[82.56488238900005,28.248997144000043],[82.56183182500007,28.247832645000074],[82.56045120000005,28.24881745500005],[82.55487463900005,28.250491144000023],[82.55317351400004,28.251786082000024],[82.55166764000006,28.258413708000035],[82.55027520300007,28.260393143000044]]]}},{"type":"Feature","properties":{"STATE_CODE":5,"DISTRICT":"ROLPA","GaPa_NaPa":"Sukidaha","Type_GN":"Gaunpalika","Province":"5","provinceId":"5","provinceCode":"5","provinceName":"Lumbini","districtId":"502","districtName":"Rolpa","municipalityId":"50203","municipalityCode":"50203","municipalityName":"Pariwartan Rural Municipality","municipalityNameNe":"परिवर्तन गाउँपालिका","municipalityType":"rural_municipality"},"geometry":{"type":"Polygon","coordinates":[[[82.46517567200004,28.52133301200007],[82.46172114000007,28.520872583000028],[82.44968920300005,28.52298664500006],[82.44616082800007,28.522773895000057],[82.44361701500003,28.52363333200003],[82.43962026500003,28.52561133200004],[82.43469810500005,28.526025772000025],[82.43204382700003,28.524443895000047],[82.42932095300006,28.52553508300008],[82.42663801600008,28.52590164600008],[82.42469051500007,28.52700939500005],[82.42296470300005,28.52707033300004],[82.42005910500006,28.528634922000037],[82.41861964000003,28.524343395000074],[82.41823387200003,28.519498825000028],[82.41878507800004,28.51738695800003],[82.41768482800006,28.51661795800004],[82.41607475300003,28.51321983400004],[82.41375541700006,28.51284599300004],[82.41257667500008,28.51018333500008],[82.41232889000008,28.508092583000064],[82.41037957700007,28.50679089500005],[82.40939345300006,28.50359789500004],[82.41140556300007,28.50000190700007],[82.41118431100006,28.499486924000053],[82.41363014000007,28.496360020000054],[82.41356468200007,28.492544174000045],[82.41116523700003,28.488382340000044],[82.40861101500008,28.48751745800007],[82.40763282800003,28.486471176000066],[82.40721702600007,28.484327316000076],[82.40800757800008,28.480523833000063],[82.40751838700004,28.478075027000045],[82.40524799300005,28.475537343000042],[82.40320396400006,28.472505570000067],[82.40229225200005,28.469697953000036],[82.39849232700004,28.468803646000026],[82.39776039100008,28.46653556800004],[82.39848899800006,28.46186637900007],[82.39749795300008,28.460316145000036],[82.39328676500008,28.457999707000056],[82.38859432800007,28.457564958000034],[82.38543807800005,28.455916520000073],[82.38143730100006,28.452974319000077],[82.37569657700004,28.448185270000067],[82.37552070600003,28.44590568500007],[82.37745094300004,28.440355301000068],[82.37750053400003,28.438444137000033],[82.37883949300004,28.435773850000032],[82.37878608700004,28.431177139000056],[82.37732907700007,28.429386458000067],[82.37109807700006,28.425952770000038],[82.36947507800005,28.425513395000053],[82.36740664000007,28.426098145000026],[82.35958595300008,28.424337958000024],[82.35305307800007,28.423796208000056],[82.35225026500007,28.421760333000066],[82.35323657800006,28.417802770000037],[82.35577732800004,28.414783958000044],[82.35481045300008,28.411344332000056],[82.35567489000005,28.40979495700003],[82.35824870200008,28.40858945800005],[82.36291201500006,28.40801952100003],[82.36418264000008,28.40533133300005],[82.36693451500008,28.403747208000027],[82.36745201500008,28.402422270000045],[82.36560107700006,28.396857520000026],[82.36470770300008,28.395282895000037],[82.36444764000004,28.391910645000053],[82.36545807700008,28.388189646000058],[82.36826820300007,28.386911645000055],[82.37005851500004,28.383945270000027],[82.37302795200003,28.380935333000025],[82.37512470300004,28.379450145000078],[82.37702920300006,28.377199833000077],[82.37940651500008,28.375720708000074],[82.38498670300004,28.373498520000055],[82.39029614000003,28.37326620600004],[82.39352095200007,28.374155895000058],[82.39662220100007,28.37295789500007],[82.39902351400008,28.372746083000038],[82.40181282800006,28.373732520000033],[82.40627814000004,28.373181208000062],[82.41053801500004,28.373250019000068],[82.41297239000005,28.372026895000033],[82.41363270200003,28.370560520000026],[82.41291482600008,28.36628858200004],[82.41496376300006,28.366213206000054],[82.41622495200005,28.363184021000052],[82.41872214100005,28.36317170600006],[82.42117426500005,28.362433208000027],[82.42513114000008,28.362955833000058],[82.42554032800007,28.36571052100004],[82.42830370200005,28.369606770000075],[82.42979764000006,28.377876833000073],[82.43154932800007,28.379155583000056],[82.43331720300006,28.381442458000038],[82.43385614000005,28.383818957000074],[82.43485701500003,28.385022083000024],[82.43732195300004,28.385361583000076],[82.43992789000004,28.386886082000046],[82.43941651600005,28.391565583000045],[82.44038126500004,28.39494364500007],[82.44001032700004,28.398367458000052],[82.43929007800006,28.399766895000027],[82.43915070300005,28.405590708000034],[82.44165489000005,28.406768833000058],[82.44222982800005,28.407868145000066],[82.44434576500004,28.408254020000072],[82.44631326500007,28.407662395000045],[82.44876264000004,28.40587908300006],[82.45153939100004,28.40664358300006],[82.45497826500008,28.40679408300008],[82.45782701500008,28.406472645000065],[82.46055412300007,28.40981483400003],[82.45956611600008,28.410688400000026],[82.45857895300009,28.413868208000054],[82.45726470300008,28.415576395000073],[82.45479957700007,28.41631108300004],[82.45444689000004,28.417526208000027],[82.45176682800007,28.419061708000072],[82.45175207800008,28.420456020000074],[82.44998359700008,28.42328834600005],[82.44985771200004,28.425657272000024],[82.44869041500004,28.427659988000073],[82.44821739200006,28.43099022000007],[82.44857597400005,28.433019638000076],[82.45229148800007,28.434747696000045],[82.45530891400006,28.43524360600003],[82.46100425700007,28.43515968300005],[82.46555137600006,28.433820724000043],[82.46563911400006,28.43720054700003],[82.46652031000008,28.444051742000056],[82.47078132600006,28.448068619000026],[82.47359275800005,28.45167732300007],[82.47413063000005,28.45428276000007],[82.47370719900005,28.45747947700005],[82.47297096300008,28.458517074000042],[82.47425651600008,28.461381912000036],[82.47923851000007,28.466215134000038],[82.47829246500004,28.46787452700005],[82.47595787100005,28.47028541700007],[82.47587013300006,28.47211647000006],[82.47685432400004,28.474191665000035],[82.47876167300007,28.48226356500004],[82.47846794100008,28.485311508000052],[82.48110389800007,28.490800857000067],[82.47979545600003,28.493104935000076],[82.47963523900006,28.495237350000025],[82.47868537900007,28.496099472000026],[82.47880363400003,28.49829673800008],[82.47785377500009,28.50000190700007],[82.47709465100007,28.50507164000004],[82.47485923700003,28.507936478000033],[82.47293281600008,28.511285782000073],[82.47149467400004,28.512620926000068],[82.47023963900006,28.516962051000064],[82.46805000300003,28.51830482500003],[82.46517567200004,28.52133301200007]]]}},{"type":"Feature","properties":{"STATE_CODE":5,"DISTRICT":"ROLPA","GaPa_NaPa":"Sunchhahari","Type_GN":"Gaunpalika","Province":"5","provinceId":"5","provinceCode":"5","provinceName":"Lumbini","districtId":"502","districtName":"Rolpa","municipalityId":"50201","municipalityCode":"50201","municipalityName":"Sunchhahari Rural Municipality","municipalityNameNe":"सुनछहरी गाउँपालिका","municipalityType":"rural_municipality"},"geometry":{"type":"Polygon","coordinates":[[[82.88124782700004,28.476209020000056],[82.87920339000004,28.47629145700006],[82.87603995300003,28.477366207000046],[82.87315464000005,28.477644645000055],[82.87119257800003,28.47862102000005],[82.86688145300008,28.472022519000063],[82.86492551400005,28.467142396000042],[82.86320139000009,28.463671833000035],[82.86169876400004,28.46163564400007],[82.86080151400006,28.459184895000078],[82.86086863900005,28.456972394000047],[82.85912920300007,28.45510564500006],[82.85782407900007,28.45278683300006],[82.85761076500006,28.450723082000025],[82.85609020300006,28.448479146000068],[82.85599732800006,28.44718114500006],[82.85457789000003,28.445508895000046],[82.85541595300003,28.443474268000045],[82.85315914000006,28.439906645000065],[82.85116614000003,28.437712770000076],[82.84251139000008,28.43437508200003],[82.83954501400007,28.432881207000037],[82.83646326500008,28.43021989500005],[82.83264089000005,28.42465564300005],[82.83144157800007,28.42237577000003],[82.82910732800008,28.41989670600003],[82.82846920200006,28.417827018000025],[82.82966820300004,28.41231695700003],[82.82630364000005,28.409783895000032],[82.82386657700005,28.406972207000024],[82.82390764100006,28.403690144000052],[82.82480445300007,28.40242095700006],[82.82270420200007,28.400205520000043],[82.81973182900003,28.398990894000065],[82.81790601500006,28.397179270000038],[82.81593045200003,28.398741332000043],[82.81361026500008,28.398969332000036],[82.81236076400006,28.39744920800007],[82.81334045300008,28.396196646000078],[82.81233032700004,28.392770019000068],[82.80949695200007,28.392474583000023],[82.80564876500006,28.395229269000026],[82.80215595300007,28.396881583000038],[82.79996570200007,28.39707208300007],[82.79774476500006,28.398142207000035],[82.79601032800008,28.399848145000078],[82.79120989000006,28.40139158200003],[82.78795057900004,28.403250833000072],[82.78596213900005,28.40858201900005],[82.78443201600004,28.409236081000074],[82.78219895300003,28.411357082000052],[82.77971995300004,28.412422208000066],[82.77734807800005,28.415421645000038],[82.77408751600007,28.41536977000004],[82.77134889000007,28.41660614500006],[82.76866501500007,28.41677145700004],[82.76716639100005,28.418264833000023],[82.76520313900005,28.41914264500008],[82.76257013900005,28.42216877000004],[82.75511620300006,28.428088081000055],[82.75256245300005,28.429835583000056],[82.75075164000003,28.432259957000042],[82.74656970300003,28.43500983100006],[82.74587339000004,28.436108769000043],[82.74306588900004,28.437838020000072],[82.74117332700007,28.43797389300005],[82.73955164000006,28.439215458000035],[82.73754764000006,28.442610082000044],[82.73301932700008,28.44167239400008],[82.73119870200009,28.442939082000066],[82.72826764000007,28.447705518000078],[82.72478457800008,28.449416770000028],[82.72411295200004,28.443168332000027],[82.72199151500007,28.442140020000068],[82.71980339000004,28.443554207000034],[82.71383482800007,28.444023583000046],[82.70980576600004,28.442140083000027],[82.70571257800003,28.435965208000027],[82.70461526500003,28.433782332000078],[82.70425070200008,28.43147101900007],[82.70462088700003,28.42883964500004],[82.70753738800005,28.42544064300006],[82.70796757600004,28.42324977100003],[82.70802663800004,28.41943333300003],[82.70898289100006,28.418465583000057],[82.71226401400008,28.416874705000055],[82.71286245100003,28.415314704000025],[82.71594482700004,28.41276301700003],[82.71684632400007,28.409313204000057],[82.71597938900004,28.40632720700006],[82.71469513800008,28.404043392000062],[82.71243345200008,28.39716851700007],[82.71311170000007,28.394348269000034],[82.71226113800003,28.39174364400003],[82.70962626300008,28.38919889300007],[82.71033076200007,28.384163520000072],[82.71038563700006,28.381339644000036],[82.70928013900004,28.378522832000044],[82.71054490100005,28.37687333200006],[82.71374782500004,28.375048079000067],[82.71529579200006,28.372144699000046],[82.71789801500006,28.369023205000076],[82.71681022600006,28.36667060900004],[82.71666908300006,28.364610672000026],[82.71560859600004,28.360139847000028],[82.71352645100006,28.357821956000066],[82.71397590700008,28.354429245000063],[82.71545600800005,28.351282120000064],[82.71491050700007,28.34782600400007],[82.71598243700004,28.345064163000075],[82.71788597100004,28.343542099000047],[82.71943514100008,28.338681767000026],[82.72064781200004,28.337617874000046],[82.72560691800004,28.337236404000066],[82.72619801300004,28.334582831000034],[82.72581672700005,28.33309364300004],[82.72765541100006,28.331956864000063],[82.72960853600006,28.329423905000056],[82.72969245900003,28.32615852300006],[82.72695039000007,28.322881520000067],[82.72542381300008,28.31836891100005],[82.72397422800003,28.31565284800007],[82.72602313800007,28.31120958300005],[82.72951316800004,28.310483933000057],[82.73212623600006,28.306238174000043],[82.73282093200004,28.30299818900005],[82.73462104800007,28.297990799000047],[82.73552513100003,28.296945571000037],[82.73656345100005,28.293896017000066],[82.73560157800006,28.29198308200006],[82.74194908200008,28.28951072700005],[82.74395561200004,28.28798866300008],[82.74508857800004,28.289812088000076],[82.74948692300006,28.286638260000075],[82.74912834200006,28.28497505200005],[82.75023079000005,28.284185410000077],[82.75264167700004,28.284223557000075],[82.76063256000003,28.286497999000062],[82.76461982300003,28.289640430000077],[82.76507377600007,28.291467667000063],[82.76635932600004,28.29320514500006],[82.76608467100004,28.29706001200003],[82.76810264600005,28.298707962000037],[82.76783180200005,28.300970077000045],[82.76943397500008,28.303113937000035],[82.77005958600006,28.30565452600007],[82.76975440900003,28.30741691600008],[82.77030754100008,28.312009812000042],[82.77159309300004,28.31242179900005],[82.77473640500006,28.318140030000052],[82.77782631000008,28.319082261000062],[82.77752876300008,28.320692062000035],[82.77902030900003,28.323637009000038],[82.77892112700005,28.324670791000074],[82.78116035500005,28.32689094600005],[82.78217125000003,28.32874107300006],[82.78851509100008,28.335424423000063],[82.78973960900004,28.335737228000028],[82.79170799300005,28.33798790000003],[82.79122734000003,28.34054756200004],[82.79330635100007,28.342340469000078],[82.79378700200004,28.343969345000062],[82.79704763900008,28.34823620700007],[82.79881932500007,28.34588983100008],[82.80015754700008,28.33958244300004],[82.80028724600004,28.337289810000073],[82.80225563100004,28.334486007000066],[82.80311835100008,28.32968290900004],[82.80526924200007,28.32831764200006],[82.80774498000005,28.323965072000078],[82.80922508200007,28.322462082000072],[82.81112988700005,28.321799957000053],[82.81288326300006,28.318708704000073],[82.81353187600007,28.31595420800005],[82.82064628600006,28.312086106000038],[82.82340301400006,28.310091707000026],[82.82644844100008,28.309804916000076],[82.82724189800007,28.310495376000063],[82.82874870300003,28.31385612500003],[82.83061790500005,28.314554215000044],[82.83220100400007,28.316419602000053],[82.83547762200004,28.31862439200006],[82.83734321600008,28.319272995000063],[82.83915519800007,28.318479538000076],[82.84244346600008,28.318254471000046],[82.84424781800004,28.318651199000044],[82.84959602300006,28.32457160900003],[82.85354423500007,28.32798957800003],[82.85598564100007,28.328947068000048],[82.86072701600006,28.32759914500008],[82.86364555400007,28.32576560900003],[82.86756324700008,28.32506752000006],[82.86935997000006,28.32351112400005],[82.87140083300005,28.320829392000064],[82.87289619500007,28.32206153900006],[82.87479209900005,28.32234001100005],[82.88231468200007,28.322072983000055],[82.88625145000003,28.32275962800003],[82.88665199300004,28.319841385000075],[82.88891029300004,28.318574906000038],[82.89135169900004,28.314577102000044],[82.89446449300004,28.313573837000035],[82.89887046800004,28.313566208000054],[82.90194892900007,28.314229965000038],[82.90435981700006,28.31185722300006],[82.90605601600004,28.31082932100003],[82.90914420200005,28.312089770000057],[82.91423939000003,28.315293331000078],[82.91644657800003,28.317839895000077],[82.92008732800008,28.31891102000003],[82.92234157700005,28.321550458000047],[82.92349207800004,28.32446070800006],[82.92454345300007,28.329118707000077],[82.92703007800003,28.333027707000042],[82.92669195200006,28.33600301900003],[82.92821001400006,28.340969207000057],[82.92713032800003,28.343322770000043],[82.92843407800007,28.344943831000023],[82.92929076600007,28.348485770000025],[82.93267113900004,28.350745707000044],[82.93440651500003,28.351206020000063],[82.93780207800006,28.35493914500006],[82.94077889100004,28.35938639400007],[82.94286707800006,28.361809832000063],[82.94680926600006,28.361908020000044],[82.94854520300004,28.36243126900007],[82.95408239100004,28.360238082000023],[82.95669445300007,28.36000770700008],[82.95774670300005,28.36136483200005],[82.95868232800007,28.36428683200006],[82.95831332800003,28.366808520000063],[82.95666220200008,28.37214270800007],[82.95305226500005,28.373849894000045],[82.95117501600004,28.375938081000072],[82.95007076500008,28.378266833000055],[82.95017282900005,28.380503332000046],[82.95228870400007,28.38405483200006],[82.94921189100006,28.387112896000076],[82.94784870300003,28.391461019000076],[82.94460601500003,28.39323402000008],[82.94408107700008,28.394619645000034],[82.94557070300004,28.398292707000053],[82.94377595200007,28.39875708200003],[82.94030057800006,28.39836914400007],[82.93968213900007,28.40093845800004],[82.93784964000008,28.40197545700005],[82.93513451500007,28.401144332000058],[82.93149457700008,28.401197081000078],[82.92934276400007,28.402075831000047],[82.92465001600004,28.401113896000027],[82.91979082800003,28.401756771000066],[82.91786013900008,28.40330933100006],[82.92025026500005,28.406082894000065],[82.92115089000004,28.409022832000062],[82.92025420300007,28.412390771000048],[82.92054595200005,28.416523832000053],[82.92014689000007,28.418066019000037],[82.91741720300007,28.421899832000065],[82.91610089000005,28.423100832000046],[82.91420114100004,28.427545833000067],[82.91529595200006,28.42964820800006],[82.91525226500005,28.43171201900003],[82.91618845200009,28.43419433200006],[82.91229601500004,28.436308707000023],[82.90960307800003,28.439630582000063],[82.90800776600008,28.442893456000036],[82.90418757800006,28.445621833000075],[82.90260570200007,28.44722220700004],[82.90100263900007,28.447807020000027],[82.89597707800004,28.44757233200005],[82.89209351600005,28.450241206000044],[82.89092970300004,28.450376082000048],[82.88828682800005,28.45231952000006],[82.88856239100005,28.45651339500006],[82.88731795300004,28.457389771000067],[82.88480651400005,28.461136707000037],[82.88476201500004,28.466072458000042],[82.88254889000007,28.467947020000054],[82.88236226500004,28.47054664500007],[82.88066814100006,28.47325339400004],[82.88124782700004,28.476209020000056]]]}},{"type":"Feature","properties":{"STATE_CODE":5,"DISTRICT":"ROLPA","GaPa_NaPa":"Suwarnabati","Type_GN":"Gaunpalika","Province":"5","provinceId":"5","provinceCode":"5","provinceName":"Lumbini","districtId":"502","districtName":"Rolpa","municipalityId":"50209","municipalityCode":"50209","municipalityName":"Sunil Smriti Rural Municipality","municipalityNameNe":"सुनिल स्मृति गाउँपालिका","municipalityType":"rural_municipality"},"geometry":{"type":"Polygon","coordinates":[[[82.76063256000003,28.286497999000062],[82.75264167700004,28.284223557000075],[82.75023079000005,28.284185410000077],[82.74912834200006,28.28497505200005],[82.74948692300006,28.286638260000075],[82.74508857800004,28.289812088000076],[82.74395561200004,28.28798866300008],[82.74194908200008,28.28951072700005],[82.73560157800006,28.29198308200006],[82.73656345100005,28.293896017000066],[82.73552513100003,28.296945571000037],[82.73462104800007,28.297990799000047],[82.73282093200004,28.30299818900005],[82.73212623600006,28.306238174000043],[82.72951316800004,28.310483933000057],[82.72602313800007,28.31120958300005],[82.72397422800003,28.31565284800007],[82.72542381300008,28.31836891100005],[82.72695039000007,28.322881520000067],[82.72969245900003,28.32615852300006],[82.72960853600006,28.329423905000056],[82.72765541100006,28.331956864000063],[82.72581672700005,28.33309364300004],[82.72619801300004,28.334582831000034],[82.72560691800004,28.337236404000066],[82.72064781200004,28.337617874000046],[82.71943514100008,28.338681767000026],[82.71788597100004,28.343542099000047],[82.71598243700004,28.345064163000075],[82.71491050700007,28.34782600400007],[82.71545600800005,28.351282120000064],[82.71397590700008,28.354429245000063],[82.71352645100006,28.357821956000066],[82.71560859600004,28.360139847000028],[82.71666908300006,28.364610672000026],[82.71681022600006,28.36667060900004],[82.71789801500006,28.369023205000076],[82.71529579200006,28.372144699000046],[82.71374782500004,28.375048079000067],[82.71054490100005,28.37687333200006],[82.70850181500003,28.375307083000052],[82.70776176500004,28.373167038000076],[82.70628166200004,28.371274948000064],[82.70383262700005,28.369684219000078],[82.70214653000005,28.366514206000033],[82.70349693300005,28.363405228000033],[82.70324897800003,28.36075019900005],[82.70381355300003,28.359647751000068],[82.70653724600004,28.35850715600003],[82.70565605200005,28.357606888000078],[82.70076561000008,28.357061386000055],[82.69915962200008,28.35545539800006],[82.69567680400007,28.35334968600006],[82.69426155100007,28.351758957000072],[82.69377327000007,28.34994697600007],[82.69428062400004,28.348230362000038],[82.69709587100004,28.345411300000023],[82.69331932100005,28.341028213000072],[82.69056892400005,28.339380265000045],[82.68838300800007,28.336068794000028],[82.68782615700007,28.331350326000063],[82.68505287200009,28.329931259000034],[82.68181419400008,28.327016830000048],[82.67813682600007,28.32584190400007],[82.67601966800004,28.323183060000076],[82.67275047300006,28.32103157000006],[82.67116355900004,28.31907844600005],[82.66924476700007,28.31463813700003],[82.66936683700004,28.311716080000053],[82.67318534900005,28.307451248000064],[82.67683620300005,28.30633351800003],[82.67735862700005,28.305532455000048],[82.67701149000004,28.30171394300004],[82.67780094200003,28.299020186000064],[82.67714288900004,28.296917957000062],[82.67777920300006,28.29477877000005],[82.67916976500004,28.292777645000058],[82.68009170000005,28.28924476900005],[82.67958057700008,28.287809517000028],[82.67777442900007,28.28644752500003],[82.68047523500007,28.28559684800007],[82.68414013900008,28.28568558300003],[82.68663701500003,28.286763145000066],[82.69140434300004,28.28710365300003],[82.69111442500008,28.284292221000044],[82.69362089900005,28.28250319400007],[82.69588082500007,28.28356258100007],[82.69896895300008,28.287661769000067],[82.70442390400007,28.288503647000027],[82.70852088900006,28.288496018000046],[82.71003226400006,28.28609276800006],[82.70922720200008,28.283319395000035],[82.71091270500006,28.28124427800003],[82.71312345000007,28.28161676800005],[82.71663856500004,28.283639908000055],[82.71926689200006,28.28204917900007],[82.72611801300008,28.282862083000055],[82.72730445900004,28.282083512000042],[82.72632032500007,28.28058770800004],[82.72641944900005,28.277742386000057],[82.72577858000005,28.276647568000044],[82.72397422800003,28.276624680000054],[82.71562767100005,28.273313522000024],[82.71270561200004,28.273588181000036],[82.70946693400003,28.272581100000025],[82.70763206500004,28.27387046800004],[82.70430946400006,28.274415970000064],[82.70274901400006,28.275881019000053],[82.70093727100004,28.275857925000025],[82.70152854900005,28.273794174000045],[82.70092964200006,28.272932053000034],[82.69719882800007,28.272825519000037],[82.69406700200005,28.269624710000073],[82.69017219600005,28.267736435000074],[82.68799018600004,28.265508655000076],[82.68611335700007,28.26264762900007],[82.68536949100007,28.260671615000035],[82.68636894500008,28.259050175000027],[82.68591476400007,28.255928706000077],[82.68060112000006,28.25546455400007],[82.67467308100004,28.25359916700006],[82.67204475400007,28.254159929000025],[82.66914176900008,28.253496170000062],[82.66543239100008,28.251583770000025],[82.66220501500004,28.251094270000067],[82.65823664000004,28.252763145000074],[82.65354207600006,28.252802706000068],[82.65139089600007,28.25227851300008],[82.64963032800006,28.25089614500007],[82.64679145800005,28.250253678000036],[82.64614482800005,28.248917083000038],[82.64377595300004,28.24802052000007],[82.64138050400004,28.24645209700003],[82.63849432700005,28.24312683200003],[82.63434410100007,28.239755630000047],[82.63361282500006,28.239628768000046],[82.63251304600004,28.236539841000024],[82.63449287400005,28.23480033900006],[82.63635020900006,28.236333623000064],[82.64004813700006,28.23731520800004],[82.64287376400006,28.23646736200004],[82.64438438400003,28.23513603300006],[82.64394187900007,28.23398780800005],[82.64129066500004,28.232404709000036],[82.64067621700008,28.231088665000073],[82.63867281800003,28.230112175000045],[82.63569068900006,28.229967118000047],[82.63443120000005,28.228501705000042],[82.62971014000004,28.22593908300007],[82.62628746000007,28.226774216000024],[82.62488365200005,28.228059769000026],[82.62314796400005,28.226179123000065],[82.62010163700006,28.223855017000062],[82.62076145200007,28.222361456000044],[82.61958884600006,28.218450548000078],[82.61766732600006,28.21418408100004],[82.61691856400006,28.21171379100008],[82.61742255200005,28.208405235000043],[82.62013838800004,28.203464017000044],[82.62186438700007,28.201875208000047],[82.62624201500006,28.200802517000056],[82.62860679600004,28.19674873400004],[82.62840332500008,28.195427954000024],[82.62588076500003,28.19136908100006],[82.62565939100006,28.185686392000036],[82.62657088800006,28.18449308000004],[82.63059657700006,28.18400551800005],[82.63325957700005,28.17969845700003],[82.63757245300008,28.18016558200003],[82.63865057800007,28.180884708000065],[82.64186939100006,28.181243770000037],[82.64332282800007,28.183166708000044],[82.64475914000008,28.18319445800006],[82.65054295300007,28.185081208000042],[82.65173745300007,28.18675333300007],[82.65446345300006,28.187091520000024],[82.65983445200004,28.190618332000042],[82.66425320300004,28.190808208000078],[82.66526964100007,28.18944195800003],[82.66710732800004,28.188699645000042],[82.66967214000005,28.189577333000045],[82.67188082800004,28.19145320800004],[82.67440751500004,28.19057077000008],[82.68060757700005,28.191972958000065],[82.68424415600003,28.19243812600007],[82.68364524800006,28.18826103200007],[82.68388578100007,28.186578503000078],[82.68557451500004,28.185625206000054],[82.68717595300006,28.186874457000044],[82.68923157800003,28.192179895000038],[82.69121314100005,28.194470645000024],[82.69198839100005,28.19858620900004],[82.69260232800008,28.199668145000032],[82.69832195300006,28.20350595800005],[82.69860226500003,28.205566083000065],[82.69717201500004,28.206610520000027],[82.69810951600005,28.20776545800004],[82.69841339000004,28.210114520000047],[82.69930120300006,28.210698270000023],[82.70294595300004,28.209496708000074],[82.70675468400003,28.207490921000044],[82.71095901600006,28.20834958200004],[82.71424407800004,28.209601020000036],[82.71897697500003,28.209180832000072],[82.72077751100005,28.208665848000066],[82.72804450900009,28.20788002000006],[82.73032569900005,28.206121445000065],[82.73443031300008,28.207403183000054],[82.73526191700006,28.206823349000047],[82.73711204500006,28.200929641000073],[82.74280738800007,28.200094223000065],[82.74426460300003,28.19798469600005],[82.74796382800008,28.19623564500006],[82.74726295500005,28.193189621000045],[82.74824070300008,28.19236008200005],[82.75111198400003,28.192598343000043],[82.75447654700008,28.19027519200006],[82.75582695000008,28.188241959000038],[82.75819739000008,28.182057333000046],[82.75999789100007,28.17976352000005],[82.76297569400003,28.18020820600003],[82.76640510600004,28.179582596000046],[82.76804720400008,28.180488145000027],[82.77029414100008,28.18069333300008],[82.77471364500008,28.179632170000048],[82.77825101600007,28.17914027000006],[82.78199195800005,28.177499771000043],[82.78470802300006,28.17782402100005],[82.78854089200007,28.177713392000044],[82.78996482800005,28.17909764500007],[82.79056614000007,28.181663582000056],[82.79225670300008,28.184733145000052],[82.79393970300004,28.186214395000036],[82.79501645400006,28.18845733300003],[82.80125107800006,28.186677958000075],[82.79743004000005,28.189847946000043],[82.79894447400005,28.19127082800003],[82.79846000800006,28.19273948700004],[82.79883766200004,28.19671821600008],[82.79837227000007,28.198339463000025],[82.79551887600007,28.201417923000065],[82.79668617400006,28.205556870000066],[82.79765510600004,28.21123695400007],[82.79757499800007,28.213644027000043],[82.79618644700008,28.217470169000023],[82.79221153300006,28.21978950500005],[82.79226493800007,28.22108650200005],[82.79385566800005,28.223714829000073],[82.79411125200005,28.226331711000057],[82.79026985200005,28.22825431800004],[82.78930473400004,28.230443955000055],[82.78587913600006,28.231573105000052],[82.78512382700006,28.23473548900006],[82.78147316000008,28.23681831400006],[82.77966880900004,28.237230301000068],[82.77755165200006,28.238687515000038],[82.77651024000005,28.24198341400006],[82.77352333200008,28.242200852000053],[82.77179527400006,28.241140366000025],[82.76889991800005,28.240552903000037],[82.76606178300005,28.241075516000024],[82.76442909200006,28.243223191000027],[82.76221275500006,28.243726731000038],[82.76392936800005,28.24656105100007],[82.76228523300006,28.247621536000054],[82.75938987800004,28.247224808000055],[82.75563621600008,28.248903275000032],[82.75255012500008,28.248258591000024],[82.74805259700008,28.245302200000026],[82.74047279300004,28.24340248200008],[82.73878288200007,28.244298935000074],[82.73663139300004,28.24447059700003],[82.73402977000006,28.246805191000078],[82.73520469600004,28.249830246000045],[82.74001503000005,28.25679588400004],[82.74120521600008,28.259634018000042],[82.74410820000008,28.264253617000065],[82.74506187400004,28.267179489000057],[82.74479866000007,28.268556595000064],[82.74689292900007,28.27093696600008],[82.74675560000009,28.273077011000055],[82.75009346000007,28.273092270000063],[82.75295829800007,28.274766922000026],[82.75607872000006,28.280164719000027],[82.75818824800007,28.281988144000024],[82.75882530200005,28.28492927600007],[82.76063256000003,28.286497999000062]]]}},{"type":"Feature","properties":{"STATE_CODE":5,"DISTRICT":"ROLPA","GaPa_NaPa":"Thawang","Type_GN":"Gaunpalika","Province":"5","provinceId":"5","provinceCode":"5","provinceName":"Lumbini","districtId":"502","districtName":"Rolpa","municipalityId":"50202","municipalityCode":"50202","municipalityName":"Thawang Rural Municipality","municipalityNameNe":"थबाङ्ग गाउँपालिका","municipalityType":"rural_municipality"},"geometry":{"type":"Polygon","coordinates":[[[82.87119257800003,28.47862102000005],[82.86964164100004,28.479257833000077],[82.86526870300008,28.479374833000065],[82.86315939100007,28.478382645000067],[82.85963089000006,28.477800396000077],[82.85782539100006,28.47824545800006],[82.85538789100008,28.477766958000075],[82.85353101600003,28.478743957000063],[82.85139139100005,28.478055895000068],[82.84932814000007,28.47824827100004],[82.84596732800009,28.479307145000064],[82.84331526500006,28.47834839500007],[82.83726589100007,28.47787495800003],[82.83488020300007,28.478102646000025],[82.83159651600005,28.47984989500003],[82.83039414000007,28.481768396000064],[82.82822320300005,28.48381164500006],[82.82613482800008,28.484213271000044],[82.82204689000008,28.486700083000073],[82.81984764000003,28.487389333000067],[82.81681551600008,28.487631457000077],[82.81446276600008,28.488603583000042],[82.81249076500006,28.490113646000054],[82.81155807800008,28.492855458000065],[82.80766414100003,28.493299645000036],[82.80356189000008,28.495061582000062],[82.80219326500008,28.49640533300004],[82.80017020300005,28.49667395800003],[82.79738095300007,28.498214958000062],[82.79536032800007,28.49829408200003],[82.79262982800003,28.50047164500006],[82.79040032800003,28.500722520000068],[82.78577439000009,28.49911720800003],[82.78230245300006,28.499136083000053],[82.77804726500005,28.500095395000073],[82.77401707800004,28.500090645000057],[82.76915276500006,28.500667083000053],[82.76563289100005,28.501632271000062],[82.75936320300008,28.505969707000077],[82.75516682800009,28.505062833000068],[82.75391895300004,28.505597333000026],[82.75051745300004,28.50890483300003],[82.74700282800006,28.510144770000068],[82.74460195300009,28.51223189500007],[82.74338876500008,28.51516008300007],[82.74478607800006,28.518676458000073],[82.74415101500006,28.521725083000035],[82.74433007800008,28.524882708000064],[82.73992114000004,28.52631045800007],[82.73727545300005,28.526464083000064],[82.73254145300007,28.52568908300003],[82.72742432800004,28.523534270000027],[82.72559857800007,28.523433707000038],[82.72331782800006,28.52216252000005],[82.72048095300005,28.521973395000032],[82.71595545300005,28.518594208000025],[82.71297626600006,28.514126458000078],[82.70781707800006,28.51005308300006],[82.70483895300003,28.50904564600006],[82.69941089100007,28.511427833000027],[82.69689732800003,28.51223845800007],[82.69250876500007,28.511833145000026],[82.69271820300008,28.513407520000044],[82.69631151600004,28.51748002100004],[82.69628189100007,28.520457458000067],[82.69414251600006,28.522056646000067],[82.69207026500004,28.522241957000062],[82.68911414100006,28.52369783300003],[82.68706564100006,28.52250952000003],[82.68403239100007,28.519732520000048],[82.68832870300008,28.515544333000037],[82.68707851500005,28.515566083000067],[82.68360039100008,28.51731452000007],[82.68290507700004,28.515180520000058],[82.67762739000005,28.512636520000058],[82.67422276600007,28.51019414500007],[82.67211089100005,28.507752896000056],[82.67037620200006,28.504686020000065],[82.66945470200005,28.50195414600006],[82.66772689000004,28.502196645000026],[82.66180114100007,28.49880427000005],[82.66072270300003,28.497119833000056],[82.65922195300004,28.492660957000055],[82.65594526500007,28.49365277000004],[82.64859426600003,28.49389345700007],[82.64618076500005,28.49454389500005],[82.64254632800004,28.494846020000068],[82.64108257800007,28.493042520000074],[82.63957382800004,28.489424832000054],[82.63627420300008,28.488545833000046],[82.63420814100004,28.486887333000027],[82.62931938700007,28.485989963000065],[82.62783239100008,28.484431958000073],[82.62502601500006,28.48410583200007],[82.62317020300003,28.482665833000055],[82.62243026600004,28.480490458000077],[82.62056989100006,28.478497770000047],[82.61984989100006,28.476606771000036],[82.61830895300005,28.47516995700005],[82.61731307800005,28.47263102000005],[82.61579351600005,28.471248520000074],[82.61726445300008,28.47011752000003],[82.61807276500008,28.464774833000035],[82.62416214000007,28.45813670800004],[82.62825520300004,28.455340145000037],[82.62936470200003,28.454070020000074],[82.63437801600008,28.45131864500007],[82.63251520300008,28.448820770000054],[82.62969398500007,28.447629928000026],[82.63293266300008,28.44418144200006],[82.63593864400008,28.442083359000037],[82.64017677300006,28.439786911000056],[82.64443016100006,28.441713333000052],[82.64603233400004,28.440370560000076],[82.64980776500005,28.438677333000044],[82.65256309500006,28.438238144000024],[82.65364265400007,28.43362617500003],[82.65500068700004,28.431364059000032],[82.65848732000006,28.42843055700007],[82.65983772300007,28.426813125000024],[82.66130938900005,28.423635895000075],[82.66480489000008,28.42205727000004],[82.66857670200005,28.42095720700007],[82.66960507800007,28.42128989500003],[82.67243157700005,28.424383206000073],[82.67695914000006,28.42722233300003],[82.67961114000008,28.426571333000027],[82.68328551500008,28.42678964600003],[82.68833895200004,28.428771708000056],[82.68970057700005,28.430136144000073],[82.69863251600003,28.431703895000055],[82.70425070200008,28.43147101900007],[82.70461526500003,28.433782332000078],[82.70571257800003,28.435965208000027],[82.70980576600004,28.442140083000027],[82.71383482800007,28.444023583000046],[82.71980339000004,28.443554207000034],[82.72199151500007,28.442140020000068],[82.72411295200004,28.443168332000027],[82.72478457800008,28.449416770000028],[82.72826764000007,28.447705518000078],[82.73119870200009,28.442939082000066],[82.73301932700008,28.44167239400008],[82.73754764000006,28.442610082000044],[82.73955164000006,28.439215458000035],[82.74117332700007,28.43797389300005],[82.74306588900004,28.437838020000072],[82.74587339000004,28.436108769000043],[82.74656970300003,28.43500983100006],[82.75075164000003,28.432259957000042],[82.75256245300005,28.429835583000056],[82.75511620300006,28.428088081000055],[82.76257013900005,28.42216877000004],[82.76520313900005,28.41914264500008],[82.76716639100005,28.418264833000023],[82.76866501500007,28.41677145700004],[82.77134889000007,28.41660614500006],[82.77408751600007,28.41536977000004],[82.77734807800005,28.415421645000038],[82.77971995300004,28.412422208000066],[82.78219895300003,28.411357082000052],[82.78443201600004,28.409236081000074],[82.78596213900005,28.40858201900005],[82.78795057900004,28.403250833000072],[82.79120989000006,28.40139158200003],[82.79601032800008,28.399848145000078],[82.79774476500006,28.398142207000035],[82.79996570200007,28.39707208300007],[82.80215595300007,28.396881583000038],[82.80564876500006,28.395229269000026],[82.80949695200007,28.392474583000023],[82.81233032700004,28.392770019000068],[82.81334045300008,28.396196646000078],[82.81236076400006,28.39744920800007],[82.81361026500008,28.398969332000036],[82.81593045200003,28.398741332000043],[82.81790601500006,28.397179270000038],[82.81973182900003,28.398990894000065],[82.82270420200007,28.400205520000043],[82.82480445300007,28.40242095700006],[82.82390764100006,28.403690144000052],[82.82386657700005,28.406972207000024],[82.82630364000005,28.409783895000032],[82.82966820300004,28.41231695700003],[82.82846920200006,28.417827018000025],[82.82910732800008,28.41989670600003],[82.83144157800007,28.42237577000003],[82.83264089000005,28.42465564300005],[82.83646326500008,28.43021989500005],[82.83954501400007,28.432881207000037],[82.84251139000008,28.43437508200003],[82.85116614000003,28.437712770000076],[82.85315914000006,28.439906645000065],[82.85541595300003,28.443474268000045],[82.85457789000003,28.445508895000046],[82.85599732800006,28.44718114500006],[82.85609020300006,28.448479146000068],[82.85761076500006,28.450723082000025],[82.85782407900007,28.45278683300006],[82.85912920300007,28.45510564500006],[82.86086863900005,28.456972394000047],[82.86080151400006,28.459184895000078],[82.86169876400004,28.46163564400007],[82.86320139000009,28.463671833000035],[82.86492551400005,28.467142396000042],[82.86688145300008,28.472022519000063],[82.87119257800003,28.47862102000005]]]}},{"type":"Feature","properties":{"STATE_CODE":5,"DISTRICT":"ROLPA","GaPa_NaPa":"Tribeni","Type_GN":"Gaunpalika","Province":"5","provinceId":"5","provinceCode":"5","provinceName":"Lumbini","districtId":"502","districtName":"Rolpa","municipalityId":"50206","municipalityCode":"50206","municipalityName":"Tribeni Rural Municipality","municipalityNameNe":"त्रिवेणी गाउँपालिका","municipalityType":"rural_municipality"},"geometry":{"type":"Polygon","coordinates":[[[82.41872214100005,28.36317170600006],[82.41622495200005,28.363184021000052],[82.41496376300006,28.366213206000054],[82.41291482600008,28.36628858200004],[82.41363270200003,28.370560520000026],[82.41297239000005,28.372026895000033],[82.41053801500004,28.373250019000068],[82.40627814000004,28.373181208000062],[82.40181282800006,28.373732520000033],[82.39902351400008,28.372746083000038],[82.39662220100007,28.37295789500007],[82.39352095200007,28.374155895000058],[82.39029614000003,28.37326620600004],[82.38498670300004,28.373498520000055],[82.38546089000005,28.37269283200004],[82.38469714000007,28.364556895000078],[82.38256264000006,28.363590457000043],[82.38019639000004,28.359939582000038],[82.37832589000004,28.35887120600006],[82.37848101600008,28.357651458000078],[82.38039332700004,28.356483831000048],[82.38141595200005,28.35323402000006],[82.38118657600006,28.35161889400007],[82.37800007600003,28.349541895000073],[82.37444176400004,28.348134019000042],[82.37289607600007,28.346026769000048],[82.36785889000004,28.34381927000004],[82.36505807800006,28.340707081000062],[82.36490264100007,28.338967082000067],[82.36611445200003,28.335232708000035],[82.36530507600008,28.332454771000073],[82.36621376500005,28.32968895700003],[82.36923345200006,28.329809832000024],[82.36851188900005,28.32722270800008],[82.36902470200005,28.32476095800007],[82.36803720200004,28.32270895700003],[82.36608045100007,28.32166151900003],[82.36580363900003,28.319002332000025],[82.37033388900005,28.318850895000026],[82.37440276500007,28.317566957000054],[82.37699445200008,28.31620083200005],[82.37861482800008,28.313948894000077],[82.37932795300003,28.310591706000025],[82.37910976500007,28.30820039400004],[82.37799282600008,28.306587394000076],[82.37816564000008,28.30451701900006],[82.38248826500006,28.298612458000036],[82.38435776400007,28.296926394000025],[82.38358407800007,28.29613114500006],[82.38478707700006,28.29405926900006],[82.38515801500006,28.29189889500003],[82.38824588900007,28.290730645000053],[82.39322507800006,28.285170957000048],[82.39712970300008,28.28279845700007],[82.39754401400006,28.281882832000065],[82.39738270200007,28.27694633300007],[82.40070945200006,28.27216583200004],[82.40175276400004,28.271516706000057],[82.40217445200005,28.268496269000025],[82.40525857700004,28.265017519000025],[82.40541445200006,28.262139645000047],[82.40848795200003,28.260440895000045],[82.40947020300007,28.258937331000027],[82.41213151500006,28.258115769000028],[82.41385370200004,28.256410583000047],[82.41517876400007,28.253723644000047],[82.41776976500006,28.253089894000027],[82.42031807600006,28.253751520000037],[82.42392332700007,28.25256570700003],[82.42648838900004,28.251083958000038],[82.42860564000006,28.252192019000063],[82.43050695100004,28.25138258100003],[82.43197738900005,28.249454206000053],[82.43523357700008,28.248808707000023],[82.43836270300005,28.24766589500007],[82.43920120200005,28.24650214500008],[82.44231432700008,28.24327945400006],[82.44246826400007,28.241752829000063],[82.44547469900004,28.238472579000074],[82.44716582500007,28.238493082000048],[82.45170189000004,28.239599957000053],[82.45405782600005,28.239144081000063],[82.45723132600006,28.237179268000034],[82.46231163700008,28.235512018000065],[82.46546876500008,28.232182455000043],[82.46915882500008,28.22978995400007],[82.47044245100005,28.230288207000058],[82.47429932800003,28.229707520000034],[82.47542188900007,28.225952894000045],[82.47850039100007,28.22186814400004],[82.48418770200004,28.219873267000025],[82.48464013900008,28.219074269000032],[82.49101457600005,28.216604705000066],[82.49403351300003,28.217625268000063],[82.49613682800003,28.216909706000024],[82.49817963900006,28.214784833000067],[82.50262601500003,28.212553582000055],[82.50376739000006,28.211429143000032],[82.50758520200003,28.21012858100005],[82.50737401300006,28.211673830000052],[82.50582888800005,28.213536083000065],[82.50568857800005,28.214813642000024],[82.50766551300006,28.218523579000077],[82.50790026400006,28.221817458000032],[82.50900676300006,28.223656770000048],[82.51451038600004,28.225792080000076],[82.51611495200007,28.22741114300004],[82.51718295300003,28.230741083000055],[82.51706813800007,28.23268895700005],[82.51832326500005,28.23557426800005],[82.51960245100008,28.240084081000077],[82.51870676400006,28.245104956000034],[82.51477395100005,28.250000267000075],[82.51176101500005,28.25052476700006],[82.50927663900006,28.252248270000052],[82.50899301400005,28.253589644000044],[82.51160201400006,28.25509564200007],[82.51379457600007,28.25400514300003],[82.51721426300008,28.25527401900007],[82.51896395100005,28.256520142000056],[82.52162670000007,28.25714676800004],[82.52507370200004,28.258853393000038],[82.52832726200006,28.258766643000058],[82.53085888900006,28.26090539300003],[82.53375470100008,28.259576207000066],[82.53949007500006,28.25929464400008],[82.54180926300006,28.25978870800003],[82.54517607800005,28.261216456000056],[82.54730682800005,28.26165870400007],[82.55027520300007,28.260393143000044],[82.55438251200007,28.26265645600006],[82.56072514000005,28.265094333000036],[82.56185282800004,28.265983704000064],[82.56573357700006,28.267292332000068],[82.56762163900004,28.267348205000076],[82.57086295200008,28.265787269000043],[82.57247113900007,28.263902333000033],[82.57505751200006,28.265111455000067],[82.57702970200006,28.26508914300007],[82.58122151400005,28.267979645000025],[82.58365213600007,28.268677142000058],[82.58427701200003,28.270826706000037],[82.58292813900005,28.27291520500006],[82.58290764000003,28.27489795500003],[82.58574007600004,28.276874208000038],[82.58633863900008,28.278585771000053],[82.58285582800005,28.279797269000028],[82.58381457700006,28.28110427000007],[82.58786163900004,28.28423451900005],[82.58776426400004,28.28697889500006],[82.58911851400006,28.28908414400007],[82.58780157700005,28.29025708100005],[82.58429545100006,28.29135327000006],[82.58488288900008,28.295277830000032],[82.58158401300005,28.29576695700007],[82.57585063800008,28.29546589200004],[82.57171270300006,28.297416894000037],[82.57018970300004,28.297376145000044],[82.56845251400006,28.29552833200006],[82.56615720100007,28.297324767000077],[82.56290845100006,28.302009957000053],[82.56193032600004,28.304591642000048],[82.56290782600007,28.30938214500003],[82.56243445100006,28.311102892000065],[82.56028657500008,28.314574581000045],[82.55720320200004,28.316912957000056],[82.55237307500005,28.318431892000035],[82.54879857700007,28.317234392000046],[82.54579388900004,28.317076083000075],[82.54180870000005,28.31557626800003],[82.54076007600008,28.315759082000056],[82.53982595000008,28.318453831000056],[82.53774251400006,28.32005802100008],[82.53637307500009,28.320300518000067],[82.53284957800008,28.319671645000028],[82.52687339000005,28.322136018000037],[82.52417570200004,28.322488143000044],[82.52351314000003,28.324610458000052],[82.52488820200006,28.326786456000036],[82.52726582500009,28.328456644000028],[82.53166001500006,28.330238768000072],[82.53481651400006,28.33251051800005],[82.53655370000007,28.334306768000033],[82.53633951400008,28.339355268000077],[82.53270530700007,28.340295791000074],[82.53034432700008,28.341848956000035],[82.52793020000007,28.340879956000038],[82.52207170100007,28.342298707000054],[82.51859092700005,28.341764450000028],[82.51677763900005,28.340844894000043],[82.51423857500004,28.33844414400005],[82.50897613900008,28.337732521000078],[82.50649070700007,28.33959770200005],[82.50345920200004,28.339072956000052],[82.50000032700007,28.340368142000045],[82.49579429600004,28.339944840000044],[82.49279594400008,28.340532303000032],[82.48697501400005,28.34461639400007],[82.48658845100005,28.346242517000064],[82.48301470200005,28.346843145000037],[82.48155107600007,28.347720708000054],[82.47910264000006,28.34773608000006],[82.47761995100007,28.34654983200005],[82.47418276200005,28.345781646000034],[82.47200089100005,28.34441339500006],[82.469347,28.343484879000073],[82.46502113400004,28.34369087300007],[82.46154975900004,28.34515571600008],[82.45710979900008,28.34499545400007],[82.45478276300008,28.347059267000077],[82.45294380200005,28.347234726000067],[82.45030401400004,28.349096644000042],[82.44856834400008,28.348932266000077],[82.44283626400005,28.349863957000025],[82.43802982700004,28.350374832000057],[82.43056295100007,28.349932270000068],[82.42688560500005,28.352308274000052],[82.42479515000008,28.353155136000055],[82.42028999300004,28.35608482400005],[82.41872215300003,28.35797309900005],[82.41806602500003,28.36018180900004],[82.41872214100005,28.36317170600006]]]}},{"type":"Feature","properties":{"STATE_CODE":5,"DISTRICT":"DANG","GaPa_NaPa":"Babai","Type_GN":"Gaunpalika","Province":"5","provinceId":"5","provinceCode":"5","provinceName":"Lumbini","districtId":"510","districtName":"Dang","municipalityId":"51005","municipalityCode":"51005","municipalityName":"Babai Rural Municipality","municipalityNameNe":"बबई गाउँपालिका","municipalityType":"rural_municipality"},"geometry":{"type":"Polygon","coordinates":[[[82.13053526500005,28.253473333000045],[82.12867751400006,28.254111332000036],[82.12491870200006,28.25387614500005],[82.11965495200008,28.251408395000055],[82.11735832700003,28.25285070800004],[82.11567989000008,28.253099083000052],[82.11347114000006,28.254409770000052],[82.11017770200004,28.258150020000073],[82.10778376400003,28.258828208000068],[82.10583657800004,28.25829127000003],[82.10256432700004,28.258863645000076],[82.09553432700005,28.25458633200003],[82.09413407700004,28.25176620800005],[82.09441514000008,28.250035770000068],[82.09328264000004,28.24903864500004],[82.08788051500005,28.24834627000007],[82.08311070300005,28.248451832000057],[82.07968107700003,28.24488958200004],[82.07575207700006,28.241877145000046],[82.07136870200003,28.239071145000025],[82.07048682700008,28.23692352000006],[82.06877945200006,28.23757983200005],[82.06364532700007,28.240525707000074],[82.05613688900007,28.24198039500004],[82.05395245300008,28.240894083000057],[82.05075426500008,28.235937333000038],[82.04879263900006,28.23418127000008],[82.04772251500003,28.231554395000046],[82.04426995200004,28.23030383200006],[82.04219226500004,28.223386832000074],[82.03994070300007,28.21908577000005],[82.03753707700008,28.217138958000078],[82.03835670200004,28.214772895000067],[82.03423476400008,28.214894333000075],[82.03276314000004,28.213964645000033],[82.02876557700006,28.208322957000064],[82.02831470200005,28.204727895000076],[82.02537032800007,28.20143802000007],[82.02075220300003,28.201686895000023],[82.01883032700005,28.20090477000008],[82.01574114000005,28.204280333000042],[82.01102207700006,28.205788520000056],[82.00893476500005,28.20794945700004],[82.00413714000007,28.210895145000052],[82.00151539000007,28.21510170700003],[81.99854276400004,28.21782170800003],[81.99456464000008,28.220492583000066],[81.99114157700006,28.220262520000063],[81.98522170200005,28.222058270000048],[81.98028326500008,28.221022083000037],[81.97463789000005,28.222350645000063],[81.97390220200003,28.223109458000067],[81.97187420200004,28.22805795800008],[81.96654607700003,28.235741708000035],[81.96511670200005,28.241883895000058],[81.96741776500005,28.242352707000066],[81.97077270200003,28.243917208000028],[81.97590138900006,28.242795520000072],[81.97824726400006,28.244958145000055],[81.98047607700005,28.249707082000043],[81.98318513900006,28.250673520000078],[81.98607682800008,28.250788082000042],[81.98723414000006,28.253471207000075],[81.98562376400008,28.254992208000033],[81.98588739000007,28.258577457000058],[81.98414395200007,28.25901195800003],[81.98296726500007,28.257549458000028],[81.98175895200006,28.25804770800005],[81.98136657700007,28.259794458000044],[81.97727076400008,28.25857852000007],[81.97456601500005,28.256140895000044],[81.97219920200007,28.25540645800004],[81.97096745200008,28.257332895000047],[81.96863313900008,28.258502333000024],[81.96823657700008,28.262063020000028],[81.96587845200008,28.26540970800005],[81.96355395200004,28.266355645000033],[81.96320082700004,28.270089770000027],[81.96177495200004,28.275548145000073],[81.95925351400007,28.27679777000003],[81.95723632700003,28.27850852000006],[81.95574182800004,28.28104577000005],[81.95273320200005,28.281560958000057],[81.94984395200004,28.28266839500003],[81.94755501400005,28.282373020000023],[81.94557407700006,28.283018457000026],[81.94450045300005,28.281649707000042],[81.94092563900006,28.279813082000032],[81.93844939000007,28.279132958000048],[81.93799270200003,28.276607021000075],[81.93662270200008,28.274987520000025],[81.93417445200004,28.269325645000038],[81.93735151400006,28.26602570700004],[81.94029870300005,28.263850895000076],[81.94216151500007,28.25958077000007],[81.94945745200005,28.254600707000066],[81.95149389000005,28.251649083000075],[81.95425176400005,28.24889102000003],[81.95506564000004,28.24723602000006],[81.95493170200007,28.243347457000027],[81.95362045200005,28.241080208000028],[81.94907326500004,28.238122458000078],[81.94669013900005,28.237572707000027],[81.94312951500007,28.23405520700004],[81.94016339000007,28.231869145000076],[81.93642463900005,28.232503958000052],[81.93406670200005,28.231825207000043],[81.93239151500006,28.23238939500004],[81.92944826500008,28.232436457000063],[81.92801014000008,28.23184158300006],[81.92502689000008,28.229542520000052],[81.92311352000007,28.226878989000056],[81.92427062900003,28.223835009000027],[81.92272186300005,28.22022630600003],[81.92770385700004,28.217189807000068],[81.92959594700005,28.21325876000003],[81.92851257300003,28.209331530000043],[81.93319158700007,28.207494508000025],[81.93644382700006,28.207918832000075],[81.93981933500004,28.206203478000077],[81.94073486300005,28.20427514800008],[81.94033813500005,28.201625841000066],[81.94504547100007,28.19950868500007],[81.94766998300008,28.199417132000065],[81.94892883300008,28.198732393000057],[81.95084555200003,28.19574661100006],[81.95435333200004,28.19380189700007],[81.95643615700004,28.19445421100005],[81.96146392800006,28.194086092000077],[81.96258544900007,28.195009249000066],[81.96450042700008,28.19426347600006],[81.96601867700008,28.19172670200004],[81.96492451500006,28.18807008300007],[81.96540926500006,28.186117395000053],[81.96707916200006,28.18435480000005],[81.97063446100003,28.182380694000074],[81.97254943800004,28.182195681000053],[81.97502136200006,28.18481447000005],[81.97764587400007,28.184009570000057],[81.98055267400008,28.181903857000066],[81.98065185600007,28.179456729000037],[81.98233032200005,28.177660006000053],[81.98565673900004,28.177454012000055],[81.98789215100004,28.175586718000034],[81.98840332100008,28.172985095000058],[81.99105072000003,28.170257586000048],[81.99583435000005,28.166667956000026],[81.99812316800006,28.165384310000036],[82,28.16350747900003],[82.00113677900003,28.16125108600005],[82.00439820200006,28.157901645000038],[82.00778932700007,28.15254777000007],[82.00942993100006,28.150939959000027],[82.01158370200005,28.147484145000078],[82.01397664000007,28.144736583000054],[82.01635001500006,28.140060083000037],[82.01782432700008,28.138774457000068],[82.02037245300005,28.132018707000043],[82.02046276500005,28.128121708000037],[82.02001239000003,28.125043207000033],[82.02079414000008,28.12394770800006],[82.02036907800004,28.12105170700005],[82.01896964000008,28.119322645000068],[82.01829645200007,28.11601802000007],[82.02005382700008,28.110863145000053],[82.01932420200006,28.108113832000072],[82.02109376500005,28.10513839500004],[82.02136626400005,28.100928645000067],[82.02284889000003,28.09917589500003],[82.02482620200004,28.098272208000026],[82.03392182700009,28.096308832000034],[82.03876970300007,28.09490045700005],[82.04296357700008,28.095721457000025],[82.04581757700004,28.095063520000053],[82.05204820200004,28.089817770000025],[82.05367726500003,28.090037645000052],[82.05566520200006,28.091432458000043],[82.05805664000007,28.090326582000046],[82.06015557800004,28.087934645000075],[82.06450907700008,28.086576582000077],[82.06779970300005,28.084703270000034],[82.07332595200006,28.08374870800003],[82.07653570200006,28.080747708000047],[82.07908407800005,28.079342457000052],[82.08096339000008,28.07985558300004],[82.08477295300008,28.07872908300004],[82.08707307800006,28.076883457000065],[82.09015539000006,28.079322645000047],[82.09001164000006,28.086626832000036],[82.08920926400003,28.090813770000068],[82.09014076500006,28.093427957000074],[82.09506701500004,28.095254520000026],[82.09604357700005,28.09678089500005],[82.09784864000005,28.097826832000067],[82.09735351500007,28.099804833000064],[82.09813901500007,28.10123120700007],[82.09850976500007,28.103910708000058],[82.09958382700006,28.10593714500004],[82.10122051400003,28.106806145000064],[82.10122420300007,28.108597458000077],[82.10218345200008,28.109963708000066],[82.10405051500004,28.110144958000035],[82.10577239000008,28.113048207000077],[82.10967089000007,28.114785520000055],[82.11615514000005,28.119244958000024],[82.11671014000007,28.120986707000043],[82.12234120200003,28.12660802000005],[82.12577370200006,28.130870895000044],[82.13093289000005,28.132294958000045],[82.13254914000004,28.133761582000034],[82.13354395300007,28.137056208000047],[82.13690707700005,28.141842832000066],[82.13965639000008,28.143742145000033],[82.14214482800008,28.14401477000007],[82.14480557700006,28.142359145000057],[82.14747145200005,28.142266895000034],[82.15106851500008,28.14344827000008],[82.15553807700007,28.145398208000074],[82.15726264000006,28.146827520000045],[82.16179326500009,28.149103895000053],[82.16485439000007,28.15023977000004],[82.16278001500007,28.153086520000045],[82.16180488900005,28.155657645000076],[82.15869070300005,28.159239582000055],[82.15584864000004,28.159917832000076],[82.15366489000007,28.161330520000035],[82.15293801500007,28.163042207000046],[82.15353539000006,28.165453395000043],[82.15288914000007,28.167566082000064],[82.15441820200004,28.169071458000076],[82.15509901400003,28.17148420700005],[82.15443314000004,28.17331045700007],[82.15661432700006,28.177856020000036],[82.15529976500005,28.180037457000026],[82.15394039000006,28.180597145000036],[82.15320751500008,28.182651832000033],[82.15321857800006,28.185282270000073],[82.15395982800004,28.187920145000078],[82.15408239000004,28.192040895000048],[82.15337426500008,28.195582083000033],[82.15234514000008,28.197271520000072],[82.15334770300007,28.199625145000027],[82.15504057700008,28.20169770800004],[82.15486526500007,28.205586332000053],[82.15578051500006,28.211645145000034],[82.15536663900008,28.213895645000036],[82.15841107700004,28.22057033200008],[82.15983070200008,28.223064770000065],[82.16300182700007,28.22715958300006],[82.16665264000005,28.230665957000042],[82.16844489000005,28.23178770800007],[82.17137901500007,28.23483077000003],[82.17091826500007,28.238245833000065],[82.17107701400005,28.241991770000027],[82.17018020200004,28.24379970700005],[82.17041714000004,28.24601764500005],[82.17195526500007,28.251423395000074],[82.17026395200008,28.25123714500006],[82.16588120200004,28.246460270000057],[82.16267282800004,28.241637083000057],[82.16101901500008,28.24112770800008],[82.15582770300006,28.24108602000007],[82.15473620200004,28.240330395000058],[82.15411170200008,28.237996207000037],[82.15022526500007,28.238938145000077],[82.14883920200003,28.23743595700006],[82.14565514000003,28.236988895000025],[82.14442976400005,28.239025145000028],[82.14471301500004,28.24097420800007],[82.13989176500007,28.245005395000078],[82.13617095200004,28.248871645000065],[82.13509226500008,28.25106895700003],[82.13053526500005,28.253473333000045]]]}},{"type":"Feature","properties":{"STATE_CODE":5,"DISTRICT":"DANG","GaPa_NaPa":"Banglachuli","Type_GN":"Gaunpalika","Province":"5","provinceId":"5","provinceCode":"5","provinceName":"Lumbini","districtId":"510","districtName":"Dang","municipalityId":"51001","municipalityCode":"51001","municipalityName":"Bangalachuli Rural Municipality","municipalityNameNe":"बंगलाचुली गाउँपालिका","municipalityType":"rural_municipality"},"geometry":{"type":"Polygon","coordinates":[[[82.68561395300003,28.052066083000057],[82.68157189000004,28.053353895000043],[82.67922057800007,28.05464427000004],[82.67643457800006,28.054385083000057],[82.67498714000004,28.05503664500003],[82.67169776600008,28.058305395000048],[82.66974545300008,28.056813333000036],[82.66647820300005,28.05862927000004],[82.66423682800007,28.058282645000077],[82.66233220200007,28.059753083000032],[82.65828645300007,28.059885020000024],[82.65547432800008,28.06335208200005],[82.65265282800004,28.063170958000057],[82.65041620200003,28.063913770000056],[82.65012189100008,28.06500052000007],[82.64493814100007,28.066801645000055],[82.64174064100007,28.06883202000006],[82.63814039000005,28.069177583000055],[82.63483082800008,28.07015539500003],[82.63073914100005,28.070495894000032],[82.62867839000006,28.069559394000066],[82.62671720300006,28.070473770000035],[82.62741714000003,28.072258457000032],[82.62669245300003,28.074868207000065],[82.62419345300003,28.076530582000032],[82.62177089100004,28.07980002000005],[82.62071851600007,28.082627457000058],[82.61799682700007,28.08564789500008],[82.61441926600008,28.087845208000033],[82.61266089100008,28.09132420700007],[82.60991907800008,28.092661270000065],[82.60233814000009,28.093561082000065],[82.59989757700004,28.092566145000035],[82.59901920200008,28.093082894000077],[82.59767001500006,28.093369082000038],[82.59664345300007,28.09195539500007],[82.59478107800004,28.091343020000068],[82.58964657800004,28.086507770000026],[82.58785332700006,28.081900645000076],[82.58436957800006,28.077813020000065],[82.58154257800004,28.076511520000054],[82.58004370200007,28.075135645000046],[82.57751932800005,28.071578958000032],[82.57358132800005,28.066933707000032],[82.56996126500007,28.06498295800003],[82.56402345300006,28.064079458000037],[82.56024882800006,28.06470545700006],[82.55853389100008,28.064091894000057],[82.55590076500005,28.060418645000027],[82.55487189000007,28.060073895000073],[82.54920951600008,28.059951020000028],[82.54736432800007,28.060597020000046],[82.54498370300007,28.06051764500006],[82.54450920300008,28.062159458000053],[82.54189395200007,28.06129702000004],[82.53726670300006,28.06044245700008],[82.53415851500006,28.061291332000053],[82.53019720200007,28.05988420700004],[82.52831132800003,28.05993614500005],[82.52559245300006,28.05862783200007],[82.52336732800006,28.05682402000008],[82.52358320300004,28.055867582000076],[82.52714732800007,28.05146389500004],[82.52918376500008,28.05082027000003],[82.53194757800009,28.05073476900003],[82.53359895200003,28.049725958000067],[82.53570214000007,28.047343582000053],[82.53773570300007,28.048477457000047],[82.54082089000008,28.048316270000043],[82.54260570200006,28.044707645000074],[82.54250082800007,28.04317702000003],[82.54635026500006,28.039136770000027],[82.54723614100004,28.037194707000026],[82.54997695300005,28.038342707000027],[82.55398707800003,28.038348894000023],[82.55919976600006,28.037706582000055],[82.56128314100005,28.03673802000003],[82.56437132700006,28.03660789500003],[82.56806445300003,28.035125958000037],[82.57029526600007,28.034957458000065],[82.57225214000005,28.033224895000046],[82.57510657800003,28.03237020800003],[82.57647570300009,28.03344020700007],[82.58200082700006,28.035714958000028],[82.58469870200008,28.036045083000033],[82.58840532800008,28.03460552000007],[82.59399232800007,28.03395445700005],[82.59436557700008,28.030790895000052],[82.59512026500005,28.028867519000073],[82.59493464100007,28.026519394000047],[82.59689182700004,28.02315089500007],[82.59961839100004,28.019993270000043],[82.60380770300003,28.013841083000045],[82.60698189100003,28.010854707000078],[82.60995864100005,28.009544770000048],[82.61404582800003,28.00905814400005],[82.61804882800004,28.007941207000044],[82.62104332800004,28.00811783300003],[82.62401926600006,28.00705577000008],[82.62327370300005,28.00591127000007],[82.61957857800007,28.003823520000026],[82.61588176500004,28.002326707000066],[82.61327776500008,28.000222707000034],[82.61190051500006,27.996946645000037],[82.61011314000007,27.99433645700003],[82.61014239100007,27.992353707000063],[82.60874532700007,27.98951958200007],[82.60866270300005,27.987840333000065],[82.60740564100007,27.985711457000036],[82.60545901500006,27.98517739500005],[82.60342976600003,27.983000020000077],[82.60151295200006,27.981913457000076],[82.60044664100008,27.97850964500003],[82.59921039100004,27.976437332000046],[82.59960470300007,27.972937770000044],[82.60145307800008,27.969687644000032],[82.60477914000006,27.968151270000078],[82.61009420300007,27.964029208000056],[82.61053814000007,27.962971082000024],[82.61363695300008,27.95925964500003],[82.61425645200006,27.956712082000024],[82.61223120300008,27.95464320800005],[82.61027457700004,27.95106577000007],[82.60719226500004,27.950626270000043],[82.60509514100005,27.946492332000048],[82.60343301500006,27.94582120700005],[82.60184182700004,27.94221127000003],[82.60006495300007,27.94071777000005],[82.59776564100008,27.939676895000048],[82.59955839000008,27.93513352000008],[82.59891207700008,27.93275589500007],[82.59505695300004,27.92986058300005],[82.59156895300003,27.93062120700006],[82.58979845300007,27.928782520000027],[82.58841651500006,27.92551745700007],[82.58961576600007,27.924367895000046],[82.59426826500004,27.92288814500006],[82.59759482700008,27.925241269000026],[82.59752676500005,27.922743145000027],[82.59897857800007,27.923069270000042],[82.60062632800003,27.92456145700004],[82.60248570300007,27.922107707000066],[82.60399951500005,27.92119583300007],[82.60784457800008,27.923290019000035],[82.60928189000003,27.92041233200007],[82.61129595200003,27.92040108200007],[82.61230857800007,27.92140839500007],[82.61394607800008,27.919428332000052],[82.61520807800008,27.919560645000047],[82.61618845300006,27.921253458000024],[82.61877520200005,27.92022133300003],[82.62220914100004,27.91983158200003],[82.62334076500008,27.917291332000048],[82.62519176500007,27.917239895000023],[82.62625857800003,27.918692145000023],[82.63010470300009,27.918840957000043],[82.63181601500008,27.91686820700005],[82.63574682800004,27.917705770000055],[82.63957251600004,27.916820895000058],[82.64316151600008,27.917751958000053],[82.64470026500004,27.917252645000076],[82.64619539000006,27.918111207000038],[82.64929364000005,27.918279270000028],[82.65177307800008,27.917166457000064],[82.65405920300003,27.917506957000057],[82.65552145300006,27.91666614500008],[82.65792664100007,27.91773189500003],[82.65933764100004,27.916696582000043],[82.66367564000006,27.916041644000074],[82.66974570300005,27.91567402000004],[82.67650195300007,27.913862020000067],[82.67825482800004,27.91409095700004],[82.67870551500005,27.909948582000027],[82.68313070300007,27.90966389500005],[82.68665770300004,27.90977877000006],[82.68988539000009,27.910675832000038],[82.69159457800004,27.913976895000076],[82.69576382800005,27.911857332000068],[82.69999645300004,27.912677958000074],[82.70038114000005,27.914224770000033],[82.70224076600005,27.91554183200003],[82.70136389100009,27.916629957000055],[82.70251882800005,27.917967394000073],[82.70493451500005,27.917949520000036],[82.70555407800003,27.916610708000064],[82.70782039000005,27.917297520000034],[82.70670926500009,27.918464769000025],[82.70737364000007,27.91964870700008],[82.70931914000005,27.919531582000047],[82.71070714000007,27.918574458000023],[82.71246095300006,27.92021520700007],[82.71585645300007,27.918243520000033],[82.71523514000006,27.916868332000035],[82.72121826600005,27.915983207000068],[82.72301295300008,27.916933894000067],[82.72438020300007,27.916380270000047],[82.72572726600004,27.914488583000036],[82.72826989000004,27.91425714500008],[82.73288595300005,27.911847332000036],[82.73671076600004,27.911537270000053],[82.73865476500004,27.91279370700005],[82.73974514000008,27.909873020000077],[82.74068532800004,27.908956583000077],[82.74374020300007,27.91004033300004],[82.74478589000006,27.90842777000006],[82.75061751500004,27.908507833000044],[82.75158932800008,27.907458520000034],[82.75470595300004,27.90622783300006],[82.75546982800006,27.906807770000057],[82.75610551600005,27.909847957000068],[82.75717132800008,27.90992976900003],[82.75794632800006,27.90772577000007],[82.75727170300007,27.906205895000028],[82.76031489100006,27.90431108200005],[82.76282739000004,27.907063520000065],[82.76492570300007,27.90466833200003],[82.76819482800005,27.90644158300006],[82.76893832800005,27.902294708000056],[82.77029976500006,27.899105457000076],[82.77299907800005,27.898615145000065],[82.77523432800007,27.895787832000053],[82.77625301500007,27.895386270000074],[82.77645376600003,27.899579895000045],[82.77405914000008,27.902633708000053],[82.77269564100004,27.90592901900004],[82.77343764000005,27.917737269000042],[82.77126251500005,27.921268957000052],[82.77222670300006,27.922319895000044],[82.77503451600006,27.92369626900006],[82.77763226500008,27.925745332000076],[82.77297907800005,27.931272082000078],[82.77164989000005,27.934161520000032],[82.76927151500007,27.935609020000072],[82.76716226600007,27.93807858200006],[82.76635926500006,27.941119395000044],[82.76421776600006,27.94235683200003],[82.75931351500003,27.943693395000025],[82.75733757800003,27.944911957000045],[82.75566014000003,27.94236545700005],[82.75356664100008,27.94325570700005],[82.75354920300003,27.945218332000024],[82.75514107800007,27.946972208000034],[82.76015582800005,27.954694895000046],[82.76225220300006,27.95587564500005],[82.76374145300008,27.957466020000027],[82.76541339100004,27.960565144000043],[82.76812670300006,27.96264701900003],[82.76818820300008,27.967495832000054],[82.76758107800003,27.96828908300006],[82.76476851600006,27.968493957000078],[82.76150876500003,27.969301707000056],[82.76196882800008,27.972579395000025],[82.76462676500006,27.976725145000046],[82.76252139000007,27.977295020000042],[82.76059707800005,27.97695058200003],[82.75895139100004,27.977547145000074],[82.75620482800008,27.97668308300007],[82.75080332800007,27.97600695700004],[82.74842920300006,27.974482832000035],[82.74691451600006,27.976659707000067],[82.74707832800004,27.981313208000074],[82.74631482800004,27.983300645000043],[82.74378070300008,27.986474332000057],[82.74355420300003,27.989319395000052],[82.74246739000006,27.990410395000026],[82.73721082800006,27.99115189500003],[82.73383757800008,27.992573769000046],[82.73172532800004,27.993993645000046],[82.72336414100005,28.00186883200007],[82.71859707700008,28.002569020000067],[82.71456832800004,28.00265095700007],[82.70711026600003,28.00587033200003],[82.70432945300007,28.008458895000047],[82.70210782700008,28.009457645000055],[82.69872882800007,28.01333545700004],[82.69744189100004,28.016287645000034],[82.69804532800003,28.017477770000028],[82.69684707800008,28.018813269000077],[82.69685251600004,28.021290457000077],[82.69862989000006,28.022803082000053],[82.69843357800005,28.025885207000044],[82.70052476600006,28.02932514400004],[82.70267520300007,28.03168045700005],[82.70347176600006,28.03430045700003],[82.70540201600005,28.03562495700004],[82.71002445300007,28.03593458200004],[82.71205945300005,28.040188270000044],[82.71418245300003,28.04141514400004],[82.71476089100008,28.043022333000067],[82.71826189000006,28.045563770000058],[82.72026239000007,28.04652089500007],[82.71580714000004,28.048333832000026],[82.71372720300008,28.05036952000006],[82.71196039000006,28.05130502000003],[82.70652257800003,28.053058832000033],[82.70187845300006,28.052852520000044],[82.69778120300003,28.051715020000074],[82.69289270300004,28.052191958000037],[82.69175651600005,28.050595145000045],[82.68917995200007,28.051154895000025],[82.68710489000006,28.05099745700005],[82.68561395300003,28.052066083000057]]]}},{"type":"Feature","properties":{"STATE_CODE":5,"DISTRICT":"DANG","GaPa_NaPa":"Dangisharan","Type_GN":"Gaunpalika","Province":"5","provinceId":"5","provinceCode":"5","provinceName":"Lumbini","districtId":"510","districtName":"Dang","municipalityId":"51006","municipalityCode":"51006","municipalityName":"Dangisharan Rural Municipality","municipalityNameNe":"दंगीशरण गाउँपालिका","municipalityType":"rural_municipality"},"geometry":{"type":"Polygon","coordinates":[[[82.21488639000006,28.125866458000075],[82.21364264000005,28.127856020000024],[82.21401214000008,28.129422958000077],[82.21224532800005,28.132193270000073],[82.20998707800004,28.132747895000023],[82.20867964000007,28.134627395000052],[82.20605732700005,28.136818583000036],[82.20314226500005,28.138224895000064],[82.20366939000007,28.14109439500004],[82.20250495300007,28.14348933200006],[82.20356670200005,28.146593333000055],[82.20373676500003,28.14877114500007],[82.20281220200008,28.15082552000007],[82.19988057700004,28.151694958000064],[82.19654420200004,28.154282520000038],[82.19411670300008,28.158100520000062],[82.19116420200004,28.155037770000035],[82.18884076500007,28.15337495700004],[82.18610876500009,28.149795707000067],[82.18376114000006,28.144579770000064],[82.18496220300005,28.142814145000045],[82.18559245300008,28.140184958000077],[82.18472926500004,28.13864927000003],[82.18181289000006,28.136253708000027],[82.18258182800008,28.134715207000056],[82.17776220300004,28.13153733200005],[82.17738976500004,28.130292895000025],[82.17561589000007,28.12947564500007],[82.17613595300008,28.12717002000005],[82.17434457800005,28.12602577000007],[82.17488157700006,28.122876208000037],[82.17645245200004,28.12055477000007],[82.17522182800008,28.118895832000078],[82.17672176500008,28.114860458000067],[82.17685514000004,28.112740833000032],[82.17588082700007,28.11130758300004],[82.17410138900004,28.112403458000074],[82.16918620200005,28.11202808200005],[82.16902526500007,28.109674145000042],[82.16739126500005,28.109054082000057],[82.16607957700006,28.11023389500008],[82.16460589000008,28.109136458000023],[82.16403670200003,28.106853645000058],[82.16129301500007,28.10418539500006],[82.15878632700003,28.10521052000007],[82.15796801500005,28.107317832000035],[82.15587488900007,28.107109895000065],[82.15175432700005,28.10755064500006],[82.14918907800006,28.107391708000023],[82.14747714000003,28.109233457000073],[82.14270307700008,28.109244019000073],[82.13874682700003,28.107300645000066],[82.13401282700005,28.111170645000072],[82.13009514000004,28.113089083000034],[82.12650164000007,28.11396014500008],[82.12433864000008,28.11383127000005],[82.12221201500006,28.114692457000046],[82.11916370300008,28.117406645000074],[82.11671014000007,28.120986707000043],[82.11615514000005,28.119244958000024],[82.10967089000007,28.114785520000055],[82.10577239000008,28.113048207000077],[82.10405051500004,28.110144958000035],[82.10218345200008,28.109963708000066],[82.10122420300007,28.108597458000077],[82.10122051400003,28.106806145000064],[82.09958382700006,28.10593714500004],[82.09850976500007,28.103910708000058],[82.09813901500007,28.10123120700007],[82.09735351500007,28.099804833000064],[82.09784864000005,28.097826832000067],[82.09604357700005,28.09678089500005],[82.09506701500004,28.095254520000026],[82.09014076500006,28.093427957000074],[82.08920926400003,28.090813770000068],[82.09001164000006,28.086626832000036],[82.09015539000006,28.079322645000047],[82.09274938900006,28.07780845700006],[82.09583332700004,28.07738683300005],[82.09757189000004,28.076562958000068],[82.10136257700003,28.07348683300006],[82.10422201500006,28.072527583000067],[82.10704907800005,28.07299895700004],[82.10929364000003,28.072601770000063],[82.11229613900008,28.070102520000034],[82.11583914000005,28.06933377000007],[82.11864913900007,28.06767295800006],[82.12037864000007,28.06723020800007],[82.12498501400006,28.062957832000052],[82.12704557800004,28.06323870700004],[82.13171795200003,28.06099608200003],[82.13543532700004,28.05756770800008],[82.13905701500005,28.056357770000034],[82.14197782800005,28.05580333200004],[82.14566413900008,28.05453627000003],[82.14890826500005,28.052993083000047],[82.15353807800005,28.04982958200003],[82.15783738900006,28.047943333000035],[82.16427995200007,28.045844895000073],[82.16698320300003,28.045492582000065],[82.17217757700007,28.04598983300008],[82.17477676500005,28.046592520000047],[82.17621557800004,28.045549208000068],[82.17811582700006,28.04216452000003],[82.18060864000006,28.04089102000006],[82.18159195200008,28.039075457000024],[82.18208970200004,28.03598939500006],[82.18511782800005,28.033752332000063],[82.19105032800007,28.032850457000052],[82.19334520200005,28.030791082000064],[82.19469620200005,28.02787352000007],[82.19841751500007,28.028238145000046],[82.20220370300007,28.02677695700004],[82.20562445300004,28.02441195700004],[82.20527451500004,28.02192883200007],[82.20641589000007,28.02077270700005],[82.20806270200006,28.020941020000066],[82.20993714000008,28.02219470700004],[82.21238401500005,28.02081270800005],[82.21174414000006,28.01889620700007],[82.21228801500007,28.01757383200004],[82.21528939000007,28.01532508200006],[82.21657270300005,28.01527089500007],[82.21900651500005,28.013545957000076],[82.22068995200004,28.01561339500006],[82.22368295200005,28.018373019000023],[82.22549682800008,28.01943527000003],[82.22919332700008,28.020435520000035],[82.22865095300006,28.02450127000003],[82.23077376500004,28.028899582000065],[82.23052138900005,28.03152345700005],[82.22741639000003,28.033617770000035],[82.22453589000008,28.03617483200003],[82.22133026500006,28.03613564400007],[82.21800457700004,28.03852958300007],[82.21842376500007,28.04074808200005],[82.22167082800007,28.04084558200003],[82.22351151500004,28.042557333000047],[82.22607889000005,28.043366895000077],[82.22771589000007,28.044599895000033],[82.23377907700007,28.046718145000057],[82.23579395200005,28.04824314500007],[82.23393414000003,28.05262083200006],[82.23010076500003,28.05550914500003],[82.22712739000008,28.05816633300003],[82.22368851500005,28.060662895000064],[82.21670057700004,28.064831020000042],[82.21357739000007,28.067505020000056],[82.21139313900005,28.067616832000056],[82.20891220300007,28.066788145000032],[82.20621576500008,28.066816395000046],[82.20408751500008,28.06807589500005],[82.20402038900005,28.06906914500007],[82.21148232700006,28.074436082000034],[82.21547264000003,28.078382832000045],[82.22020970300008,28.08180377000008],[82.22245214000003,28.083999208000023],[82.22662726500005,28.09048652000007],[82.22938032700006,28.093141958000047],[82.23340720300007,28.096332020000034],[82.23758189000006,28.098575270000026],[82.24661082700004,28.101166895000063],[82.24923726500003,28.102659020000033],[82.25149595300007,28.104576395000038],[82.25295876500007,28.106855145000054],[82.25264876500006,28.11231083200005],[82.25561332700005,28.119588707000048],[82.25540864000004,28.121514957000045],[82.24971357700008,28.119931394000048],[82.24588932800003,28.118323770000075],[82.24202007700006,28.118983770000057],[82.24030545200003,28.117925395000043],[82.23632645300006,28.117557583000064],[82.22990357800006,28.12039027000003],[82.22680351500009,28.12106552000006],[82.22482164000007,28.120498957000052],[82.21671264000008,28.120884708000062],[82.21183001400004,28.120673020000027],[82.20969845200005,28.121152083000027],[82.21258670200007,28.124535457000036],[82.21488639000006,28.125866458000075]]]}},{"type":"Feature","properties":{"STATE_CODE":5,"DISTRICT":"DANG","GaPa_NaPa":"Gadhawa","Type_GN":"Gaunpalika","Province":"5","provinceId":"5","provinceCode":"5","provinceName":"Lumbini","districtId":"510","districtName":"Dang","municipalityId":"51009","municipalityCode":"51009","municipalityName":"Gadhawa Rural Municipality","municipalityNameNe":"गढवा गाउँपालिका","municipalityType":"rural_municipality"},"geometry":{"type":"Polygon","coordinates":[[[82.60234614000007,27.833557332000055],[82.59949645300009,27.83394133200005],[82.59661095300004,27.833611957000073],[82.59419239100004,27.83513270700007],[82.59247045300003,27.83513320700007],[82.58676657800004,27.833254332000024],[82.58490870300005,27.833041270000024],[82.58216801500004,27.83463070700003],[82.58003539000003,27.834856958000046],[82.57738545300003,27.833963332000053],[82.57573351500008,27.83489158200007],[82.57384514100005,27.83756802000005],[82.57137332800005,27.838449395000055],[82.56963270300008,27.838248583000052],[82.56475582700006,27.834443958000065],[82.56250245300004,27.833818144000077],[82.56067901500006,27.83410145700003],[82.55811482800004,27.836258520000058],[82.55731851600007,27.83769852000006],[82.55479120300004,27.83945433200006],[82.55228551500005,27.839263394000056],[82.54820501500006,27.835592894000058],[82.54285957800005,27.83601027000003],[82.53999720300004,27.835625832000062],[82.53789532800005,27.834782394000058],[82.53244251600006,27.833610082000064],[82.53028139000008,27.83526777000003],[82.53047214000009,27.838629019000052],[82.52875595200004,27.84070876900006],[82.52491239000005,27.841461895000066],[82.51853139000008,27.840520457000025],[82.51588539000005,27.839251207000075],[82.51425414100004,27.839341957000045],[82.51125764000005,27.840994957000078],[82.50550801500003,27.84347070700005],[82.50447276500006,27.843542957000068],[82.49564101500005,27.838700395000046],[82.49020601500007,27.836850645000027],[82.48732226500005,27.835361207000062],[82.48586589000007,27.835295708000046],[82.48332757800006,27.836342769000055],[82.48305926500007,27.832756269000072],[82.48447251600004,27.83007452000004],[82.48778332800003,27.82646314400006],[82.48816907800006,27.821209270000054],[82.48883945300008,27.81733526900007],[82.48872526600007,27.80482477000004],[82.49270214000006,27.800170582000078],[82.49300289000007,27.79799483200003],[82.49598339000005,27.796568395000065],[82.49717689000005,27.793875332000027],[82.49641257800005,27.789376145000062],[82.49732157800008,27.784946769000044],[82.49676932700004,27.782507270000053],[82.49507389000007,27.781695395000042],[82.49453751500005,27.778454832000023],[82.49175632800006,27.775263332000065],[82.49154439100005,27.772556144000077],[82.49197164000003,27.769426958000054],[82.49159576600005,27.764700144000074],[82.49366776500005,27.76139308200004],[82.49634532700009,27.75916902000006],[82.49969639100004,27.75534033200006],[82.49968214100005,27.753375520000077],[82.49663764000007,27.752169957000035],[82.49657357800004,27.74901452000006],[82.49357526500006,27.74788058200005],[82.49283945200006,27.746830457000044],[82.49087076500007,27.747278082000037],[82.49044132700004,27.74548914500008],[82.48785532700003,27.74576289500004],[82.48760432700004,27.743250145000047],[82.48526826500006,27.742079644000057],[82.48527957700009,27.738941332000024],[82.48599776500004,27.737634145000072],[82.48792101500004,27.737394582000036],[82.48980901500005,27.73228701900007],[82.48827189100007,27.73028445700004],[82.48881576600007,27.727205895000054],[82.48780526600007,27.725887895000028],[82.48708920300004,27.720806082000024],[82.48587720300003,27.720239208000066],[82.48309845300008,27.71596908300006],[82.48030570300006,27.717681957000025],[82.47928176500005,27.717519207000066],[82.47646876500005,27.71909914500003],[82.47415345200005,27.717777020000028],[82.47197926500007,27.717335395000077],[82.47229039100006,27.716057395000064],[82.47143407800007,27.71402258200004],[82.47286239000005,27.709851769000068],[82.47170014000005,27.706746270000053],[82.47062501500005,27.702040332000024],[82.47048264000006,27.699691082000072],[82.46943920300004,27.69767620700003],[82.47034351500008,27.69522333200007],[82.46985545300004,27.692988270000058],[82.47075957700008,27.69047895700004],[82.46671057700007,27.685637582000027],[82.46680151600003,27.68134783200003],[82.46760276500004,27.680382832000078],[82.46732639000004,27.67686633200003],[82.47514876500009,27.676329769000063],[82.48367132800007,27.68246764400004],[82.48593607700008,27.680618269000036],[82.49199470200006,27.68105852000008],[82.49441476500004,27.68402164400004],[82.50223726500008,27.68483820700004],[82.51837576500003,27.69023683200004],[82.52545676500006,27.688133082000036],[82.52878470300004,27.687699207000037],[82.53289345200005,27.686395895000032],[82.54085882800007,27.687432082000043],[82.54308432700003,27.685553707000054],[82.54542895300006,27.686902645000032],[82.55141214000008,27.68865964400004],[82.55647039000007,27.688326645000075],[82.56383676500008,27.691611394000063],[82.57867739000005,27.695687769000074],[82.58686757800007,27.698427020000054],[82.59310607800006,27.696690207000074],[82.59562314000004,27.69675858200003],[82.59938526600007,27.700390645000027],[82.60203695300004,27.70404745700006],[82.60698239000004,27.705784832000063],[82.62093451500004,27.702238082000065],[82.62486601600006,27.70467089400006],[82.62948507800007,27.709005519000073],[82.62976801500008,27.711336645000074],[82.64046332800007,27.708935582000038],[82.65718139000006,27.713130395000064],[82.66615807800008,27.72191220700006],[82.66845464100004,27.71548414500006],[82.67361189100006,27.714071707000073],[82.68263645300004,27.71358033200005],[82.69120626600005,27.71494533200007],[82.69723395300008,27.71820589500004],[82.70140320300004,27.721663144000047],[82.70390864000007,27.716181645000063],[82.70719701600007,27.71646958200006],[82.70996057800005,27.721707020000053],[82.71009439100004,27.724666082000056],[82.70814757800008,27.726484394000067],[82.70859557800009,27.72894327000006],[82.70784151600003,27.73147433200006],[82.70816357800004,27.735443645000032],[82.70581139000006,27.738796832000048],[82.70537926500003,27.742639457000053],[82.70284064000003,27.745117707000077],[82.70376314100008,27.747682519000023],[82.70369064000005,27.749843207000026],[82.70153876500007,27.75099620700007],[82.70107932800005,27.753141957000025],[82.69852970300008,27.75497026900007],[82.69806032800005,27.756504520000078],[82.70159689000008,27.758577269000057],[82.70505126500007,27.75822839500006],[82.70833776600006,27.75944814500008],[82.71212376500006,27.759666207000066],[82.71404795300003,27.75771227000007],[82.71728857800008,27.757421957000076],[82.72010251500006,27.758666332000075],[82.72376464100006,27.757874395000044],[82.72573557800007,27.758804145000056],[82.72580582800003,27.76178058200003],[82.72741745300004,27.76305889400004],[82.72800020300008,27.764521708000075],[82.73309151600006,27.766705020000074],[82.73388782800004,27.771093707000034],[82.73337532800008,27.77417083200004],[82.73341882800008,27.774793958000032],[82.73754582800007,27.775959770000043],[82.74413751600008,27.77663577000004],[82.74808970300006,27.77671895700007],[82.74987426600006,27.777357832000064],[82.75177920300007,27.776948644000072],[82.75821639000003,27.777288645000056],[82.76089257800004,27.77695620800006],[82.76559582800007,27.777077207000048],[82.76724007800004,27.77675577000008],[82.77196489100004,27.77687676900007],[82.77435689100008,27.777340207000066],[82.77996151500008,27.776855082000054],[82.78355764100007,27.777310957000054],[82.78467839100006,27.776553707000062],[82.78573557800007,27.769812582000043],[82.78770545300006,27.772022895000077],[82.79218107800006,27.77187027000008],[82.79447589100005,27.772693520000075],[82.79979620300008,27.773671582000077],[82.80138376600007,27.775758832000065],[82.80422351600004,27.775677332000043],[82.80609914100006,27.777505207000047],[82.80724407800005,27.781989082000052],[82.80577257900006,27.785624582000025],[82.80543045300004,27.787566457000025],[82.80607070300005,27.790295145000073],[82.80765501600007,27.791346645000033],[82.80730245300003,27.79340576900006],[82.80623351500003,27.794842707000043],[82.80206101500005,27.793813895000028],[82.80017039100005,27.794494644000054],[82.79950145300006,27.79632083200005],[82.80073945300006,27.80199452000005],[82.79675282800008,27.805553832000044],[82.79273639100006,27.805480457000044],[82.79018839000008,27.80445645800006],[82.78854020300008,27.80189708200004],[82.79013389000005,27.795492395000053],[82.78944764100004,27.794281519000037],[82.78653564100006,27.796142082000074],[82.78423220300004,27.79868033200006],[82.78137351600003,27.802587582000058],[82.77533951600003,27.804621144000066],[82.77305489000008,27.80731045700003],[82.77192832800006,27.809671645000037],[82.76947832800005,27.810638020000056],[82.76495457800007,27.810331457000075],[82.76143726500004,27.81122720700006],[82.75877514000007,27.813432332000048],[82.75900995300003,27.817495457000064],[82.75765601500007,27.81937395700004],[82.75469364000008,27.821616895000034],[82.75042220300008,27.822902644000067],[82.74841895300005,27.823398895000025],[82.74400876500005,27.822366207000073],[82.74185232700006,27.822775207000063],[82.73914414100005,27.822373707000054],[82.73635457800003,27.820972019000067],[82.73174026600003,27.820898082000042],[82.71971345300005,27.82216558300007],[82.71524232800004,27.823890582000047],[82.71257126500007,27.82545170700007],[82.70875914000004,27.826740457000028],[82.70462839100009,27.826749144000075],[82.69994401600007,27.825432644000045],[82.68993751500005,27.82358508200008],[82.68796532700009,27.82382577000004],[82.68588164000005,27.822705019000068],[82.68104776600006,27.82211295700006],[82.67761732800005,27.82209814500004],[82.67188270200006,27.821449707000056],[82.66932020300004,27.821664270000042],[82.66565526600004,27.82113252000005],[82.65658945300004,27.818319270000075],[82.64888751600006,27.818036583000037],[82.64061807800005,27.818244207000077],[82.62905970300005,27.82099283200006],[82.62578307700005,27.821136207000052],[82.62421101500007,27.821991394000065],[82.62200595200005,27.822176957000067],[82.61606032800006,27.820890207000048],[82.61136739000005,27.82043476900003],[82.60999895300006,27.821582832000047],[82.61186001500005,27.825547395000058],[82.61139201500004,27.826697770000067],[82.60711189000006,27.83016733200003],[82.60606101600007,27.831523832000073],[82.60234614000007,27.833557332000055]]]}},{"type":"Feature","properties":{"STATE_CODE":5,"DISTRICT":"DANG","GaPa_NaPa":"Ghorahi","Type_GN":"Upamahanagarpalika","Province":"5","provinceId":"5","provinceCode":"5","provinceName":"Lumbini","districtId":"510","districtName":"Dang","municipalityId":"51002","municipalityCode":"51002","municipalityName":"Ghorahi Sub-Metropolitian City","municipalityNameNe":"घोराही उपमहानगरपालिका","municipalityType":"sub_metropolitan"},"geometry":{"type":"Polygon","coordinates":[[[82.59901920200008,28.093082894000077],[82.59901676600003,28.095988456000043],[82.59783501400005,28.10034620700003],[82.59691332800008,28.101302333000035],[82.59339995300007,28.10292445700003],[82.59065870200004,28.102887269000064],[82.58988551500005,28.105200706000062],[82.58823576400005,28.106059020000032],[82.58744139000004,28.107990956000037],[82.58557782800005,28.108391332000053],[82.58450526500008,28.11016927000003],[82.58317645300008,28.11062701900005],[82.57991320200006,28.109688645000062],[82.57643051500008,28.113185332000057],[82.57312307800004,28.11327952000005],[82.57176870200004,28.114578394000034],[82.56914788900008,28.11532258300008],[82.56858751500005,28.11696801900007],[82.56660976500007,28.118666457000074],[82.56688626500005,28.120979394000074],[82.56400613900007,28.122738207000054],[82.56503457800005,28.12485827000006],[82.56365389000007,28.125513832000024],[82.56263270300008,28.127907956000058],[82.56283082600004,28.12943727000004],[82.56109701400004,28.131205769000076],[82.56329839000006,28.13220795700005],[82.56380251500008,28.133476581000025],[82.55913726500006,28.136094082000056],[82.55574051600007,28.13672383200003],[82.55412820300006,28.135258519000047],[82.55029270200004,28.13368851900003],[82.54813351600006,28.134333394000066],[82.54649870100008,28.133745332000046],[82.54403026600005,28.13140683200004],[82.54082982700004,28.13182170700003],[82.54000064000007,28.132494144000077],[82.53567695300006,28.13367758100003],[82.53291332700007,28.135653457000046],[82.52917782600008,28.13533364400007],[82.52599764100006,28.13672295600003],[82.52419770100005,28.138600832000066],[82.52236857800006,28.138984894000032],[82.51847207700007,28.138945083000067],[82.51776976600007,28.13967745700006],[82.52017926500008,28.14284595600003],[82.52155301500005,28.14541895700006],[82.52166482700005,28.146891019000066],[82.51805370200003,28.14856420700005],[82.51352195200008,28.149103895000053],[82.51241526500007,28.148812144000033],[82.50915376500006,28.14999039500003],[82.50590413900005,28.149751957000035],[82.50422301600008,28.14837783200005],[82.50318307700007,28.145257833000073],[82.50293632700004,28.14211270800007],[82.49981738900004,28.14007708200006],[82.49735001500005,28.136596207000025],[82.49703564000004,28.134765583000046],[82.49452876500004,28.13618258300005],[82.49273488900008,28.13569908200003],[82.49139557700005,28.133538956000052],[82.48887726500004,28.132422519000045],[82.48847538900003,28.131199769000034],[82.48649020100004,28.13035277000006],[82.48412620200008,28.13373520700003],[82.48323770300004,28.136760957000035],[82.48384645100003,28.139890020000053],[82.48165089000008,28.143787143000054],[82.47938251500005,28.144159082000044],[82.47703632700006,28.142661644000043],[82.47518601400003,28.140155020000066],[82.47169876400005,28.140255645000025],[82.46867557700006,28.141731895000078],[82.46623732800003,28.14149401900005],[82.46132457700008,28.144395770000074],[82.45978313900008,28.14465583200007],[82.45667201400005,28.14632670700007],[82.44966632600006,28.147513208000078],[82.44754688800003,28.147431832000052],[82.43904139000006,28.148920082000075],[82.43265857600005,28.153902644000027],[82.43161495200007,28.15285102000007],[82.43102651500004,28.150423020000062],[82.42961857800003,28.14915408300004],[82.42783682700008,28.145454895000057],[82.42628051500003,28.14388070700005],[82.42563620300007,28.139574082000024],[82.42641170200005,28.138507958000048],[82.42891795300005,28.138366833000077],[82.43038857700003,28.135217958000055],[82.42871620200003,28.13092658200003],[82.42560551500003,28.127451020000024],[82.42423907700004,28.12654708200006],[82.42070901500006,28.12603327000005],[82.41597001500008,28.12782614500003],[82.41313670300008,28.125958083000057],[82.41078414000003,28.126404208000054],[82.40503376500004,28.123492270000042],[82.40030807800008,28.12333527000004],[82.39762776500004,28.12500039500003],[82.39547351500005,28.12327177000003],[82.39401939000004,28.120288395000046],[82.39123239000008,28.11733433300003],[82.38909826500003,28.11354339500008],[82.38860689000006,28.109029645000078],[82.38802895200007,28.106878833000053],[82.38915732800007,28.105739457000027],[82.39035420300007,28.10216964500006],[82.39162014000004,28.100169333000053],[82.39181245200007,28.098256582000033],[82.39062632700006,28.09476058300004],[82.39154832800006,28.090843895000035],[82.39147282700003,28.087855457000046],[82.38958014000008,28.08627070800003],[82.38914045300004,28.083240895000074],[82.39032526500006,28.081072208000023],[82.39335332800005,28.079031395000072],[82.39325457700005,28.07478439500005],[82.38968751500005,28.073473770000078],[82.38767545200005,28.071335145000035],[82.38349807800006,28.068879957000036],[82.38171345300003,28.06735939500004],[82.37852126500007,28.06689739500007],[82.37495689000008,28.06586608200007],[82.37186789000003,28.06700920700007],[82.37040701500007,28.068440520000024],[82.36678520300006,28.069597895000072],[82.36343039000008,28.06643001900005],[82.36228188900003,28.06586164500004],[82.35997870300008,28.06640564500003],[82.35751807800006,28.064850770000078],[82.35273182700007,28.062599145000036],[82.35254832700008,28.059467332000054],[82.35136807700007,28.058233707000056],[82.34745989000004,28.057270457000072],[82.34429870200006,28.055228145000058],[82.34198551500003,28.05500939500007],[82.33862214000004,28.053517207000027],[82.33922526500004,28.049597145000064],[82.33673657700007,28.049623645000054],[82.33691170300006,28.048157770000046],[82.33891345200004,28.046446270000047],[82.34176720300007,28.046386832000053],[82.34277851400003,28.044892520000076],[82.34000620300003,28.040285770000025],[82.34027170200005,28.03867464500007],[82.33875295300004,28.03507758300003],[82.33511382700004,28.028645020000056],[82.33572276500007,28.02602214500007],[82.33544464000005,28.023881582000058],[82.33860170200006,28.024448707000033],[82.34202970300004,28.02322414500003],[82.34604001500009,28.023918082000023],[82.34818007700005,28.022845833000076],[82.34970939000004,28.023462520000066],[82.35406832700005,28.021736582000074],[82.35680757700004,28.018481270000052],[82.35616082700005,28.01545783200004],[82.35475995300004,28.011638644000072],[82.35347351500008,28.010665520000032],[82.34859314000005,28.00963283200008],[82.34807439000008,28.008803208000074],[82.35174107700004,28.00521845800006],[82.35083914000006,28.003219519000027],[82.34706401500006,28.00365583200005],[82.34407882700003,28.00311208200003],[82.34212801500007,28.000047145000053],[82.34381432700008,27.998544020000054],[82.34710145200006,27.99746502000005],[82.34917870300006,27.997561957000073],[82.35228832800004,27.99672602000004],[82.35345145300005,27.995681269000045],[82.35599107800005,27.995311083000047],[82.35794889000005,27.993387707000068],[82.35720951500008,27.991276583000058],[82.35548764000004,27.990673208000032],[82.35197207700008,27.98727189400006],[82.35100964000003,27.98382289500006],[82.34828314000004,27.978092270000047],[82.34904907800006,27.97582195700005],[82.34772545300007,27.973091582000052],[82.34621720300004,27.97170989500006],[82.34307432800006,27.97052464500007],[82.34007589000004,27.967914395000037],[82.33857595300003,27.96786577000006],[82.33543507800005,27.964965707000033],[82.33708464000006,27.964997020000055],[82.33870495300005,27.96369539500006],[82.34475301500004,27.962244395000027],[82.34561751500007,27.959219645000076],[82.34901151600008,27.957844082000065],[82.34966376500006,27.955890707000037],[82.35283582700004,27.954145020000055],[82.35578270200006,27.955943395000077],[82.35880501500003,27.954977332000055],[82.36102939000006,27.955023020000056],[82.36499039000006,27.953350458000045],[82.36899001500007,27.950267332000067],[82.37047289000003,27.948488332000068],[82.37318270300005,27.94725214500005],[82.37677826500004,27.94725008300003],[82.38062820200008,27.945372895000048],[82.38427720300007,27.94458720700004],[82.38689432800004,27.94138220800005],[82.39153857700006,27.93928008300003],[82.39268651500004,27.937619333000043],[82.39550239100004,27.936426707000066],[82.39716764000008,27.934404269000026],[82.40129195200007,27.935451958000044],[82.40341301500007,27.93524764500006],[82.40701045300005,27.93248570800006],[82.40847601500008,27.933941582000045],[82.41765364000008,27.93211483300007],[82.42165414000004,27.930243957000073],[82.42855657800004,27.929820582000048],[82.43080451500003,27.927403645000027],[82.43286745200004,27.926612895000062],[82.43632820200008,27.92785377000007],[82.43922907700005,27.926758645000064],[82.44308532800005,27.92683558300007],[82.44725832800003,27.927430207000043],[82.45093339000005,27.926491457000054],[82.45833345300008,27.92272477000006],[82.45904489100008,27.919669395000028],[82.45837526500003,27.916800082000066],[82.45968132700006,27.914577645000065],[82.46292945200008,27.913850645000025],[82.46433882700006,27.912182020000046],[82.46668532800004,27.914194207000037],[82.46960489100007,27.91443833200003],[82.47155257700007,27.915306395000073],[82.47522151500004,27.912981770000044],[82.47695351500005,27.911104332000036],[82.48191351500003,27.90840483200003],[82.48204895300006,27.907489707000025],[82.48536345300005,27.90653583200003],[82.48750101500008,27.905039645000045],[82.48893307800006,27.90590627000006],[82.49365039000008,27.906281582000076],[82.49401957800006,27.908982458000025],[82.49540345300005,27.910722582000062],[82.49642757800007,27.914686457000073],[82.49979089000004,27.918877519000034],[82.50487107800006,27.92147970700006],[82.50783326500004,27.92104026900006],[82.51349951500003,27.919087020000063],[82.51654470300008,27.917653520000044],[82.52187726600005,27.91745814500007],[82.52355957700007,27.917900332000045],[82.52333107800007,27.915278708000073],[82.51943357700003,27.913127519000057],[82.52255582800007,27.91209845700007],[82.52194464100006,27.909303520000037],[82.52483707800008,27.907965208000064],[82.52502889000004,27.91029764500007],[82.52660770300008,27.911695207000037],[82.53000451500003,27.912006707000046],[82.53075801600005,27.91405864500007],[82.53312276500003,27.91347927000004],[82.53931926500007,27.915146895000078],[82.54404757800006,27.914445645000058],[82.54830645300007,27.912825707000025],[82.54933864000003,27.910395583000025],[82.54921820300007,27.908790332000024],[82.55010314000003,27.906205270000044],[82.55263601500008,27.903872145000037],[82.55429032800004,27.901450770000054],[82.55712214000005,27.899197394000055],[82.55869757800008,27.89872433200003],[82.56245076500005,27.896541332000027],[82.56531776500003,27.89702245700005],[82.56790945200004,27.898472957000024],[82.57051801600005,27.899009895000063],[82.56732745300008,27.90332858200003],[82.56518245200004,27.905591583000046],[82.56327264000004,27.909079707000046],[82.56027295300004,27.91111939500007],[82.56208901500008,27.913913269000034],[82.56211270200004,27.916128895000043],[82.56119157800003,27.918467769000074],[82.56076670300007,27.921924019000073],[82.56200101500008,27.923777707000056],[82.56465607800004,27.92417770800006],[82.56572120300007,27.927139645000068],[82.56801626500004,27.928510333000077],[82.57023151500005,27.927046708000034],[82.57301976500008,27.927199707000057],[82.57534764100006,27.92667558200003],[82.57792195300004,27.926801457000067],[82.58083257800007,27.924832645000038],[82.58735039000004,27.92514108200004],[82.58841651500006,27.92551745700007],[82.58979845300007,27.928782520000027],[82.59156895300003,27.93062120700006],[82.59505695300004,27.92986058300005],[82.59891207700008,27.93275589500007],[82.59955839000008,27.93513352000008],[82.59776564100008,27.939676895000048],[82.60006495300007,27.94071777000005],[82.60184182700004,27.94221127000003],[82.60343301500006,27.94582120700005],[82.60509514100005,27.946492332000048],[82.60719226500004,27.950626270000043],[82.61027457700004,27.95106577000007],[82.61223120300008,27.95464320800005],[82.61425645200006,27.956712082000024],[82.61363695300008,27.95925964500003],[82.61053814000007,27.962971082000024],[82.61009420300007,27.964029208000056],[82.60477914000006,27.968151270000078],[82.60145307800008,27.969687644000032],[82.59960470300007,27.972937770000044],[82.59921039100004,27.976437332000046],[82.60044664100008,27.97850964500003],[82.60151295200006,27.981913457000076],[82.60342976600003,27.983000020000077],[82.60545901500006,27.98517739500005],[82.60740564100007,27.985711457000036],[82.60866270300005,27.987840333000065],[82.60874532700007,27.98951958200007],[82.61014239100007,27.992353707000063],[82.61011314000007,27.99433645700003],[82.61190051500006,27.996946645000037],[82.61327776500008,28.000222707000034],[82.61588176500004,28.002326707000066],[82.61957857800007,28.003823520000026],[82.62327370300005,28.00591127000007],[82.62401926600006,28.00705577000008],[82.62104332800004,28.00811783300003],[82.61804882800004,28.007941207000044],[82.61404582800003,28.00905814400005],[82.60995864100005,28.009544770000048],[82.60698189100003,28.010854707000078],[82.60380770300003,28.013841083000045],[82.59961839100004,28.019993270000043],[82.59689182700004,28.02315089500007],[82.59493464100007,28.026519394000047],[82.59512026500005,28.028867519000073],[82.59436557700008,28.030790895000052],[82.59399232800007,28.03395445700005],[82.58840532800008,28.03460552000007],[82.58469870200008,28.036045083000033],[82.58200082700006,28.035714958000028],[82.57647570300009,28.03344020700007],[82.57510657800003,28.03237020800003],[82.57225214000005,28.033224895000046],[82.57029526600007,28.034957458000065],[82.56806445300003,28.035125958000037],[82.56437132700006,28.03660789500003],[82.56128314100005,28.03673802000003],[82.55919976600006,28.037706582000055],[82.55398707800003,28.038348894000023],[82.54997695300005,28.038342707000027],[82.54723614100004,28.037194707000026],[82.54635026500006,28.039136770000027],[82.54250082800007,28.04317702000003],[82.54260570200006,28.044707645000074],[82.54082089000008,28.048316270000043],[82.53773570300007,28.048477457000047],[82.53570214000007,28.047343582000053],[82.53359895200003,28.049725958000067],[82.53194757800009,28.05073476900003],[82.52918376500008,28.05082027000003],[82.52714732800007,28.05146389500004],[82.52358320300004,28.055867582000076],[82.52336732800006,28.05682402000008],[82.52559245300006,28.05862783200007],[82.52831132800003,28.05993614500005],[82.53019720200007,28.05988420700004],[82.53415851500006,28.061291332000053],[82.53726670300006,28.06044245700008],[82.54189395200007,28.06129702000004],[82.54450920300008,28.062159458000053],[82.54498370300007,28.06051764500006],[82.54736432800007,28.060597020000046],[82.54920951600008,28.059951020000028],[82.55487189000007,28.060073895000073],[82.55590076500005,28.060418645000027],[82.55853389100008,28.064091894000057],[82.56024882800006,28.06470545700006],[82.56402345300006,28.064079458000037],[82.56996126500007,28.06498295800003],[82.57358132800005,28.066933707000032],[82.57751932800005,28.071578958000032],[82.58004370200007,28.075135645000046],[82.58154257800004,28.076511520000054],[82.58436957800006,28.077813020000065],[82.58785332700006,28.081900645000076],[82.58964657800004,28.086507770000026],[82.59478107800004,28.091343020000068],[82.59664345300007,28.09195539500007],[82.59767001500006,28.093369082000038],[82.59901920200008,28.093082894000077]]]}},{"type":"Feature","properties":{"STATE_CODE":5,"DISTRICT":"DANG","GaPa_NaPa":"Lamahi","Type_GN":"Nagarpalika","Province":"5","provinceId":"5","provinceCode":"5","provinceName":"Lumbini","districtId":"510","districtName":"Dang","municipalityId":"51007","municipalityCode":"51007","municipalityName":"Lamahi Urban Municipality","municipalityNameNe":"लमही नगरपालिका","municipalityType":"municipality"},"geometry":{"type":"Polygon","coordinates":[[[82.21900651500005,28.013545957000076],[82.21657270300005,28.01527089500007],[82.21528939000007,28.01532508200006],[82.21228801500007,28.01757383200004],[82.21174414000006,28.01889620700007],[82.21238401500005,28.02081270800005],[82.20993714000008,28.02219470700004],[82.20806270200006,28.020941020000066],[82.20641589000007,28.02077270700005],[82.20527451500004,28.02192883200007],[82.20562445300004,28.02441195700004],[82.20220370300007,28.02677695700004],[82.19841751500007,28.028238145000046],[82.19469620200005,28.02787352000007],[82.19601920300005,28.023521207000044],[82.19501251500003,28.01795752000004],[82.19419132700006,28.016398957000035],[82.19152382800007,28.01403739500006],[82.19112170300008,28.011972082000057],[82.19171170300007,28.00598608200005],[82.19258795300004,28.00331852000005],[82.19218588900003,28.002187207000077],[82.18956264000008,27.999764395000057],[82.18779557800008,27.994915457000047],[82.18799838900009,27.991622145000065],[82.18922895200006,27.989799770000047],[82.18900051500003,27.988037520000034],[82.19088988900006,27.985634207000032],[82.19214907800006,27.98255727000003],[82.19202707800008,27.981112145000054],[82.19411401400004,27.979762957000048],[82.19449214000008,27.975960395000072],[82.19786595300008,27.972810895000066],[82.20010676500004,27.969714020000026],[82.20285295200006,27.967458770000064],[82.20478407700006,27.966756020000048],[82.20906057700006,27.966168020000055],[82.20991864000007,27.96551977000007],[82.20995801500004,27.962498520000054],[82.21134207700004,27.960040707000076],[82.21120970200008,27.958255020000024],[82.21218876500006,27.956389707000028],[82.21702339000007,27.953553958000043],[82.22269007800008,27.952815645000044],[82.22657826500006,27.949737583000058],[82.23273982700005,27.943891145000066],[82.23321414000003,27.942366332000063],[82.23270401500008,27.940453207000076],[82.23327882800004,27.937043645000074],[82.23205957800008,27.934708208000075],[82.23235707700007,27.932828457000028],[82.23474163900005,27.931081207000034],[82.24128014000007,27.92933933200004],[82.24347539000007,27.927995207000038],[82.24558195200007,27.923955832000047],[82.24710232700005,27.92219364500005],[82.24970776500004,27.922799519000023],[82.25024589000003,27.92596439500005],[82.25198895300008,27.928547520000052],[82.25569476500004,27.930544269000052],[82.25812251500008,27.935359145000064],[82.25994245300006,27.936759333000055],[82.26190239000005,27.937032395000074],[82.26513945300007,27.93523170700007],[82.26545689000005,27.933096770000077],[82.26474970200007,27.93017489500005],[82.26513526500008,27.92865302000007],[82.26703620300003,27.92573195700004],[82.27156570300008,27.923596582000073],[82.27788576500006,27.923892269000078],[82.27990457800007,27.923573457000032],[82.28353164000004,27.917804770000032],[82.28667564000006,27.917012895000028],[82.28982326500005,27.917601645000047],[82.29711764000007,27.917090957000028],[82.30626045200006,27.912679645000026],[82.31099020200008,27.909780832000024],[82.31233526500006,27.90843251900003],[82.31536626500008,27.906528770000023],[82.31768645300008,27.90397758200004],[82.31907226500005,27.900458395000044],[82.32106957800005,27.898104207000074],[82.32504639000007,27.895496395000066],[82.32694832700008,27.894970457000056],[82.33287489000008,27.894622269000024],[82.33611501500008,27.895075957000074],[82.33979339000007,27.89662627000007],[82.34550976500003,27.89576514500004],[82.35293264000006,27.893531207000024],[82.36047426500005,27.889707394000027],[82.36378964100004,27.88725164500005],[82.36696901500005,27.885859770000025],[82.37030895200007,27.885632582000028],[82.37414482800006,27.88602533200003],[82.38229276500005,27.89010170800003],[82.38443389000008,27.89019077000006],[82.38756520200008,27.88957720800005],[82.39342789100004,27.887316207000026],[82.39412564100007,27.885637458000076],[82.39421370300005,27.882505207000065],[82.39235920300007,27.878555582000047],[82.39265976500008,27.875653519000025],[82.39497970200006,27.87283039500005],[82.39946720300009,27.872739769000077],[82.40562526500008,27.874655395000048],[82.41126551500008,27.873646020000024],[82.41342926500005,27.87296283200004],[82.41563014000008,27.871476082000072],[82.41909595300007,27.867117894000046],[82.42353014000008,27.86321220700006],[82.42783189000005,27.861620145000074],[82.42972576600005,27.862257020000072],[82.43257376500003,27.864167645000066],[82.43443726500004,27.86639070700005],[82.43766689000006,27.867629457000078],[82.44263064000006,27.865612645000056],[82.44816157700006,27.86240758200006],[82.45172776500004,27.860842770000033],[82.45350970300007,27.861119520000045],[82.45916364000004,27.86291877000008],[82.46463626500008,27.861796020000043],[82.46708682700006,27.860445644000038],[82.47098270300006,27.855689145000042],[82.47593276500004,27.84919089400006],[82.47797270200005,27.845248145000028],[82.48332757800006,27.836342769000055],[82.48586589000007,27.835295708000046],[82.48732226500005,27.835361207000062],[82.49020601500007,27.836850645000027],[82.49564101500005,27.838700395000046],[82.50447276500006,27.843542957000068],[82.50550801500003,27.84347070700005],[82.51125764000005,27.840994957000078],[82.51425414100004,27.839341957000045],[82.51588539000005,27.839251207000075],[82.51853139000008,27.840520457000025],[82.52491239000005,27.841461895000066],[82.52875595200004,27.84070876900006],[82.53047214000009,27.838629019000052],[82.53028139000008,27.83526777000003],[82.53244251600006,27.833610082000064],[82.53789532800005,27.834782394000058],[82.53999720300004,27.835625832000062],[82.54285957800005,27.83601027000003],[82.54820501500006,27.835592894000058],[82.55228551500005,27.839263394000056],[82.55479120300004,27.83945433200006],[82.55731851600007,27.83769852000006],[82.55811482800004,27.836258520000058],[82.56067901500006,27.83410145700003],[82.56250245300004,27.833818144000077],[82.56475582700006,27.834443958000065],[82.56963270300008,27.838248583000052],[82.57137332800005,27.838449395000055],[82.57384514100005,27.83756802000005],[82.57573351500008,27.83489158200007],[82.57738545300003,27.833963332000053],[82.58003539000003,27.834856958000046],[82.58216801500004,27.83463070700003],[82.58490870300005,27.833041270000024],[82.58676657800004,27.833254332000024],[82.59247045300003,27.83513320700007],[82.59419239100004,27.83513270700007],[82.59661095300004,27.833611957000073],[82.59949645300009,27.83394133200005],[82.60234614000007,27.833557332000055],[82.60541720300006,27.834138894000034],[82.60760982700003,27.83384970700007],[82.61132689000004,27.83465420700003],[82.61470070300004,27.836632832000078],[82.61571457800005,27.838215457000047],[82.61497551500008,27.83972408300008],[82.61522420300008,27.841678083000033],[82.61355576500006,27.842173394000042],[82.61747570300008,27.84439208200007],[82.61736051500003,27.845670145000042],[82.61971264100004,27.848213645000044],[82.61658076500004,27.849409582000078],[82.61401920300005,27.849092833000043],[82.61359720300004,27.85018283200003],[82.61774201600008,27.85251426900004],[82.61925176500006,27.855040332000044],[82.61812251500004,27.857485895000025],[82.62025582800004,27.858614957000043],[82.61948964000004,27.860182020000025],[82.62020932800004,27.861784207000028],[82.62398451500007,27.86211295700008],[82.62297601600005,27.863497144000064],[82.62475839000007,27.864730832000077],[82.62616520300008,27.869733019000023],[82.62533114000007,27.870494020000024],[82.62496657800006,27.87312545700007],[82.62555682700008,27.874435332000076],[82.62518745200003,27.879762645000028],[82.62718914100003,27.88544752000007],[82.62867676600007,27.893254582000054],[82.62843489100004,27.900027145000024],[82.62958607800005,27.902380332000064],[82.62994682800007,27.904964833000065],[82.62891689000008,27.909380895000027],[82.62895520300003,27.91397008200005],[82.63181601500008,27.91686820700005],[82.63010470300009,27.918840957000043],[82.62625857800003,27.918692145000023],[82.62519176500007,27.917239895000023],[82.62334076500008,27.917291332000048],[82.62220914100004,27.91983158200003],[82.61877520200005,27.92022133300003],[82.61618845300006,27.921253458000024],[82.61520807800008,27.919560645000047],[82.61394607800008,27.919428332000052],[82.61230857800007,27.92140839500007],[82.61129595200003,27.92040108200007],[82.60928189000003,27.92041233200007],[82.60784457800008,27.923290019000035],[82.60399951500005,27.92119583300007],[82.60248570300007,27.922107707000066],[82.60062632800003,27.92456145700004],[82.59897857800007,27.923069270000042],[82.59752676500005,27.922743145000027],[82.59759482700008,27.925241269000026],[82.59426826500004,27.92288814500006],[82.58961576600007,27.924367895000046],[82.58841651500006,27.92551745700007],[82.58735039000004,27.92514108200004],[82.58083257800007,27.924832645000038],[82.57792195300004,27.926801457000067],[82.57534764100006,27.92667558200003],[82.57301976500008,27.927199707000057],[82.57023151500005,27.927046708000034],[82.56801626500004,27.928510333000077],[82.56572120300007,27.927139645000068],[82.56465607800004,27.92417770800006],[82.56200101500008,27.923777707000056],[82.56076670300007,27.921924019000073],[82.56119157800003,27.918467769000074],[82.56211270200004,27.916128895000043],[82.56208901500008,27.913913269000034],[82.56027295300004,27.91111939500007],[82.56327264000004,27.909079707000046],[82.56518245200004,27.905591583000046],[82.56732745300008,27.90332858200003],[82.57051801600005,27.899009895000063],[82.56790945200004,27.898472957000024],[82.56531776500003,27.89702245700005],[82.56245076500005,27.896541332000027],[82.55869757800008,27.89872433200003],[82.55712214000005,27.899197394000055],[82.55429032800004,27.901450770000054],[82.55263601500008,27.903872145000037],[82.55010314000003,27.906205270000044],[82.54921820300007,27.908790332000024],[82.54933864000003,27.910395583000025],[82.54830645300007,27.912825707000025],[82.54404757800006,27.914445645000058],[82.53931926500007,27.915146895000078],[82.53312276500003,27.91347927000004],[82.53075801600005,27.91405864500007],[82.53000451500003,27.912006707000046],[82.52660770300008,27.911695207000037],[82.52502889000004,27.91029764500007],[82.52483707800008,27.907965208000064],[82.52194464100006,27.909303520000037],[82.52255582800007,27.91209845700007],[82.51943357700003,27.913127519000057],[82.52333107800007,27.915278708000073],[82.52355957700007,27.917900332000045],[82.52187726600005,27.91745814500007],[82.51654470300008,27.917653520000044],[82.51349951500003,27.919087020000063],[82.50783326500004,27.92104026900006],[82.50487107800006,27.92147970700006],[82.49979089000004,27.918877519000034],[82.49642757800007,27.914686457000073],[82.49540345300005,27.910722582000062],[82.49401957800006,27.908982458000025],[82.49365039000008,27.906281582000076],[82.48893307800006,27.90590627000006],[82.48750101500008,27.905039645000045],[82.48536345300005,27.90653583200003],[82.48204895300006,27.907489707000025],[82.48191351500003,27.90840483200003],[82.47695351500005,27.911104332000036],[82.47522151500004,27.912981770000044],[82.47155257700007,27.915306395000073],[82.46960489100007,27.91443833200003],[82.46668532800004,27.914194207000037],[82.46433882700006,27.912182020000046],[82.46292945200008,27.913850645000025],[82.45968132700006,27.914577645000065],[82.45837526500003,27.916800082000066],[82.45904489100008,27.919669395000028],[82.45833345300008,27.92272477000006],[82.45093339000005,27.926491457000054],[82.44725832800003,27.927430207000043],[82.44308532800005,27.92683558300007],[82.43922907700005,27.926758645000064],[82.43632820200008,27.92785377000007],[82.43286745200004,27.926612895000062],[82.43080451500003,27.927403645000027],[82.42855657800004,27.929820582000048],[82.42165414000004,27.930243957000073],[82.41765364000008,27.93211483300007],[82.40847601500008,27.933941582000045],[82.40701045300005,27.93248570800006],[82.40341301500007,27.93524764500006],[82.40129195200007,27.935451958000044],[82.39716764000008,27.934404269000026],[82.39550239100004,27.936426707000066],[82.39268651500004,27.937619333000043],[82.39153857700006,27.93928008300003],[82.38689432800004,27.94138220800005],[82.38427720300007,27.94458720700004],[82.38062820200008,27.945372895000048],[82.37677826500004,27.94725008300003],[82.37318270300005,27.94725214500005],[82.37047289000003,27.948488332000068],[82.36899001500007,27.950267332000067],[82.36499039000006,27.953350458000045],[82.36102939000006,27.955023020000056],[82.35880501500003,27.954977332000055],[82.35578270200006,27.955943395000077],[82.35283582700004,27.954145020000055],[82.34966376500006,27.955890707000037],[82.34901151600008,27.957844082000065],[82.34561751500007,27.959219645000076],[82.34475301500004,27.962244395000027],[82.33870495300005,27.96369539500006],[82.33708464000006,27.964997020000055],[82.33543507800005,27.964965707000033],[82.33174851600006,27.964017769000066],[82.32983626500004,27.964058833000024],[82.32807889000009,27.96642433200003],[82.32599389000006,27.96735814500005],[82.32436451500007,27.968926020000026],[82.32263495200004,27.969369020000045],[82.31938132800008,27.96918820700006],[82.31498357800007,27.970105645000046],[82.31222120200005,27.969989895000026],[82.31094914100004,27.97259870700003],[82.30657320200004,27.974242145000062],[82.30652101500004,27.976130957000066],[82.30487064000005,27.977680708000037],[82.30366970300008,27.980785145000027],[82.30259014000006,27.98183083200007],[82.29881245300004,27.98354514500005],[82.29701532700005,27.98341320700007],[82.29467132800005,27.98521302000006],[82.28994645200004,27.98408427000004],[82.28589826500007,27.985775895000074],[82.28370220200009,27.989358707000065],[82.28131176500005,27.991447520000065],[82.27901382700009,27.994816894000053],[82.27766107800005,27.99574320800008],[82.27508520300006,27.996033332000025],[82.27463551500006,27.996806770000035],[82.26713282800006,27.995734583000058],[82.26484445300008,27.99490508200006],[82.26338214000003,27.995162269000048],[82.25865301500005,27.997450332000028],[82.25568564000008,27.99719777000007],[82.25491301500006,28.000000082000042],[82.25321076400007,28.00182945800003],[82.25018895300008,28.002759395000055],[82.24827720200005,28.00423195700006],[82.24504039000004,28.005540395000025],[82.23825501500005,28.005872457000066],[82.23637420300008,28.006789583000057],[82.23326814000006,28.010727270000075],[82.22963339000006,28.010716957000056],[82.22722720200005,28.012119145000042],[82.22216832700008,28.01268989500005],[82.21900651500005,28.013545957000076]]]}},{"type":"Feature","properties":{"STATE_CODE":5,"DISTRICT":"DANG","GaPa_NaPa":"Rajpur","Type_GN":"Gaunpalika","Province":"5","provinceId":"5","provinceCode":"5","provinceName":"Lumbini","districtId":"510","districtName":"Dang","municipalityId":"51010","municipalityCode":"51010","municipalityName":"Rajpur Rural Municipality","municipalityNameNe":"राजपुर गाउँपालिका","municipalityType":"rural_municipality"},"geometry":{"type":"Polygon","coordinates":[[[82.48332757800006,27.836342769000055],[82.47797270200005,27.845248145000028],[82.47593276500004,27.84919089400006],[82.47098270300006,27.855689145000042],[82.46708682700006,27.860445644000038],[82.46463626500008,27.861796020000043],[82.45916364000004,27.86291877000008],[82.45350970300007,27.861119520000045],[82.45172776500004,27.860842770000033],[82.44816157700006,27.86240758200006],[82.44263064000006,27.865612645000056],[82.43766689000006,27.867629457000078],[82.43443726500004,27.86639070700005],[82.43257376500003,27.864167645000066],[82.42972576600005,27.862257020000072],[82.42783189000005,27.861620145000074],[82.42353014000008,27.86321220700006],[82.41909595300007,27.867117894000046],[82.41563014000008,27.871476082000072],[82.41342926500005,27.87296283200004],[82.41126551500008,27.873646020000024],[82.40562526500008,27.874655395000048],[82.39946720300009,27.872739769000077],[82.39497970200006,27.87283039500005],[82.39265976500008,27.875653519000025],[82.39235920300007,27.878555582000047],[82.39421370300005,27.882505207000065],[82.39412564100007,27.885637458000076],[82.39342789100004,27.887316207000026],[82.38756520200008,27.88957720800005],[82.38443389000008,27.89019077000006],[82.38229276500005,27.89010170800003],[82.37414482800006,27.88602533200003],[82.37030895200007,27.885632582000028],[82.36696901500005,27.885859770000025],[82.36378964100004,27.88725164500005],[82.36047426500005,27.889707394000027],[82.35293264000006,27.893531207000024],[82.34550976500003,27.89576514500004],[82.33979339000007,27.89662627000007],[82.33611501500008,27.895075957000074],[82.33287489000008,27.894622269000024],[82.32694832700008,27.894970457000056],[82.32504639000007,27.895496395000066],[82.32106957800005,27.898104207000074],[82.31907226500005,27.900458395000044],[82.31768645300008,27.90397758200004],[82.31536626500008,27.906528770000023],[82.31233526500006,27.90843251900003],[82.31099020200008,27.909780832000024],[82.30626045200006,27.912679645000026],[82.29711764000007,27.917090957000028],[82.28982326500005,27.917601645000047],[82.28667564000006,27.917012895000028],[82.28353164000004,27.917804770000032],[82.27990457800007,27.923573457000032],[82.27788576500006,27.923892269000078],[82.27156570300008,27.923596582000073],[82.26703620300003,27.92573195700004],[82.26513526500008,27.92865302000007],[82.26474970200007,27.93017489500005],[82.26545689000005,27.933096770000077],[82.26513945300007,27.93523170700007],[82.26190239000005,27.937032395000074],[82.25994245300006,27.936759333000055],[82.25812251500008,27.935359145000064],[82.25569476500004,27.930544269000052],[82.25198895300008,27.928547520000052],[82.25024589000003,27.92596439500005],[82.24970776500004,27.922799519000023],[82.24710232700005,27.92219364500005],[82.24558195200007,27.923955832000047],[82.24347539000007,27.927995207000038],[82.24128014000007,27.92933933200004],[82.23474163900005,27.931081207000034],[82.23235707700007,27.932828457000028],[82.23205957800008,27.934708208000075],[82.23327882800004,27.937043645000074],[82.23270401500008,27.940453207000076],[82.23321414000003,27.942366332000063],[82.23273982700005,27.943891145000066],[82.22657826500006,27.949737583000058],[82.22269007800008,27.952815645000044],[82.21702339000007,27.953553958000043],[82.21218876500006,27.956389707000028],[82.21120970200008,27.958255020000024],[82.21134207700004,27.960040707000076],[82.20995801500004,27.962498520000054],[82.20991864000007,27.96551977000007],[82.20906057700006,27.966168020000055],[82.20478407700006,27.966756020000048],[82.20285295200006,27.967458770000064],[82.20010676500004,27.969714020000026],[82.19786595300008,27.972810895000066],[82.19449214000008,27.975960395000072],[82.19504757800007,27.972343520000038],[82.19181676500006,27.969957582000063],[82.19199289000005,27.96759839500004],[82.19352707700006,27.965746395000053],[82.19413926500005,27.963823395000077],[82.19348382700008,27.96072245700003],[82.19422857700005,27.95924277000006],[82.19340782700004,27.95686964500004],[82.19452414000006,27.954233895000073],[82.19264345200008,27.953095019000045],[82.18955807800006,27.95244495700007],[82.18778826500005,27.952609145000054],[82.18469470300005,27.951670145000037],[82.18192951500004,27.95206170800003],[82.17897376500008,27.95158170700006],[82.17600682700004,27.952177832000075],[82.16957026500006,27.95530327000006],[82.16470276500007,27.956384582000055],[82.15861564000005,27.960104458000046],[82.15203145300006,27.96174127000006],[82.14894314000009,27.961895645000027],[82.14414345300008,27.958860582000057],[82.14314570200008,27.958580082000026],[82.13854495200007,27.961034520000055],[82.13515551500006,27.962032644000033],[82.13394357700008,27.958464457000048],[82.13229314000006,27.95815308300007],[82.12979657700004,27.95460895800005],[82.12832395300006,27.953677957000025],[82.12498426500008,27.949971395000034],[82.12138732700004,27.948635769000077],[82.11927732800007,27.948835707000057],[82.11756464000007,27.949925833000066],[82.11562595300006,27.95010627000005],[82.11613414000004,27.952513957000065],[82.11170707700006,27.950318457000037],[82.10883445200005,27.95066877000005],[82.10471082800007,27.948499895000054],[82.10188570200006,27.948899332000053],[82.09900282700005,27.94998952000003],[82.09710376500004,27.953467895000074],[82.09706276500003,27.95512870700003],[82.09289776400004,27.953131332000055],[82.09194989000008,27.950846582000054],[82.08988326500008,27.94980483300003],[82.08705807700005,27.950334832000067],[82.08565976500006,27.95145589400005],[82.08074464000003,27.95242858200004],[82.07692264000008,27.952438270000073],[82.07283370200008,27.951662457000054],[82.07097845200008,27.952137208000067],[82.06914751500005,27.95024270700003],[82.06869013900007,27.94663639500004],[82.06796201400005,27.945186832000047],[82.06823839000003,27.943519645000038],[82.06667607700007,27.942311145000076],[82.06738501400008,27.939088394000066],[82.06879682800007,27.93862395700006],[82.06926439000006,27.934827708000057],[82.07075314000008,27.931416082000055],[82.06981295200006,27.929201082000077],[82.06730682700004,27.927963832000046],[82.06784582700004,27.92698045700007],[82.06706826500005,27.925140958000043],[82.06979782700006,27.924894145000053],[82.06923539000007,27.92213926900007],[82.07293332700004,27.922469207000063],[82.08244338900005,27.90897739500008],[82.09197832800004,27.89927277000004],[82.09329257700006,27.894526708000058],[82.10279707800004,27.885992645000044],[82.11593920200005,27.877552645000037],[82.12412214000005,27.86569320700005],[82.12524551500007,27.864892145000056],[82.14132995200004,27.859787394000023],[82.14995076500009,27.857992082000067],[82.15202895200008,27.857900332000042],[82.15577257700005,27.865955020000058],[82.15633051500004,27.86589620700005],[82.17896664000006,27.85458408200003],[82.19578901500006,27.848058957000035],[82.21043432700003,27.84281208300007],[82.21886095200006,27.834266145000072],[82.22985301500006,27.823334707000072],[82.23239151500007,27.820640832000038],[82.24996495300007,27.812584207000043],[82.25467714000007,27.809989770000072],[82.25850857800003,27.80706033200005],[82.28041057800004,27.790818082000044],[82.29015170300005,27.783859832000076],[82.30580670300003,27.772461582000062],[82.30999139000005,27.770136583000067],[82.33850439000008,27.754655082000056],[82.36908514000004,27.742504520000068],[82.37488232700008,27.73389645700007],[82.37571076500006,27.733028707000074],[82.38408032800004,27.720401394000078],[82.39488320300006,27.709687144000043],[82.40370282800006,27.702622207000047],[82.41479939000004,27.698060270000042],[82.42921364000006,27.688109644000065],[82.43898420300008,27.684917707000068],[82.45066620200004,27.67854427000003],[82.46732639000004,27.67686633200003],[82.46760276500004,27.680382832000078],[82.46680151600003,27.68134783200003],[82.46671057700007,27.685637582000027],[82.47075957700008,27.69047895700004],[82.46985545300004,27.692988270000058],[82.47034351500008,27.69522333200007],[82.46943920300004,27.69767620700003],[82.47048264000006,27.699691082000072],[82.47062501500005,27.702040332000024],[82.47170014000005,27.706746270000053],[82.47286239000005,27.709851769000068],[82.47143407800007,27.71402258200004],[82.47229039100006,27.716057395000064],[82.47197926500007,27.717335395000077],[82.47415345200005,27.717777020000028],[82.47646876500005,27.71909914500003],[82.47928176500005,27.717519207000066],[82.48030570300006,27.717681957000025],[82.48309845300008,27.71596908300006],[82.48587720300003,27.720239208000066],[82.48708920300004,27.720806082000024],[82.48780526600007,27.725887895000028],[82.48881576600007,27.727205895000054],[82.48827189100007,27.73028445700004],[82.48980901500005,27.73228701900007],[82.48792101500004,27.737394582000036],[82.48599776500004,27.737634145000072],[82.48527957700009,27.738941332000024],[82.48526826500006,27.742079644000057],[82.48760432700004,27.743250145000047],[82.48785532700003,27.74576289500004],[82.49044132700004,27.74548914500008],[82.49087076500007,27.747278082000037],[82.49283945200006,27.746830457000044],[82.49357526500006,27.74788058200005],[82.49657357800004,27.74901452000006],[82.49663764000007,27.752169957000035],[82.49968214100005,27.753375520000077],[82.49969639100004,27.75534033200006],[82.49634532700009,27.75916902000006],[82.49366776500005,27.76139308200004],[82.49159576600005,27.764700144000074],[82.49197164000003,27.769426958000054],[82.49154439100005,27.772556144000077],[82.49175632800006,27.775263332000065],[82.49453751500005,27.778454832000023],[82.49507389000007,27.781695395000042],[82.49676932700004,27.782507270000053],[82.49732157800008,27.784946769000044],[82.49641257800005,27.789376145000062],[82.49717689000005,27.793875332000027],[82.49598339000005,27.796568395000065],[82.49300289000007,27.79799483200003],[82.49270214000006,27.800170582000078],[82.48872526600007,27.80482477000004],[82.48883945300008,27.81733526900007],[82.48816907800006,27.821209270000054],[82.48778332800003,27.82646314400006],[82.48447251600004,27.83007452000004],[82.48305926500007,27.832756269000072],[82.48332757800006,27.836342769000055]]]}},{"type":"Feature","properties":{"STATE_CODE":5,"DISTRICT":"DANG","GaPa_NaPa":"Rapti","Type_GN":"Gaunpalika","Province":"5","provinceId":"5","provinceCode":"5","provinceName":"Lumbini","districtId":"510","districtName":"Dang","municipalityId":"51008","municipalityCode":"51008","municipalityName":"Rapti Rural Municipality","municipalityNameNe":"राप्ती गाउँपालिका","municipalityType":"rural_municipality"},"geometry":{"type":"Polygon","coordinates":[[[82.77625301500007,27.895386270000074],[82.77523432800007,27.895787832000053],[82.77299907800005,27.898615145000065],[82.77029976500006,27.899105457000076],[82.76893832800005,27.902294708000056],[82.76819482800005,27.90644158300006],[82.76492570300007,27.90466833200003],[82.76282739000004,27.907063520000065],[82.76031489100006,27.90431108200005],[82.75727170300007,27.906205895000028],[82.75794632800006,27.90772577000007],[82.75717132800008,27.90992976900003],[82.75610551600005,27.909847957000068],[82.75546982800006,27.906807770000057],[82.75470595300004,27.90622783300006],[82.75158932800008,27.907458520000034],[82.75061751500004,27.908507833000044],[82.74478589000006,27.90842777000006],[82.74374020300007,27.91004033300004],[82.74068532800004,27.908956583000077],[82.73974514000008,27.909873020000077],[82.73865476500004,27.91279370700005],[82.73671076600004,27.911537270000053],[82.73288595300005,27.911847332000036],[82.72826989000004,27.91425714500008],[82.72572726600004,27.914488583000036],[82.72438020300007,27.916380270000047],[82.72301295300008,27.916933894000067],[82.72121826600005,27.915983207000068],[82.71523514000006,27.916868332000035],[82.71585645300007,27.918243520000033],[82.71246095300006,27.92021520700007],[82.71070714000007,27.918574458000023],[82.70931914000005,27.919531582000047],[82.70737364000007,27.91964870700008],[82.70670926500009,27.918464769000025],[82.70782039000005,27.917297520000034],[82.70555407800003,27.916610708000064],[82.70493451500005,27.917949520000036],[82.70251882800005,27.917967394000073],[82.70136389100009,27.916629957000055],[82.70224076600005,27.91554183200003],[82.70038114000005,27.914224770000033],[82.69999645300004,27.912677958000074],[82.69576382800005,27.911857332000068],[82.69159457800004,27.913976895000076],[82.68988539000009,27.910675832000038],[82.68665770300004,27.90977877000006],[82.68313070300007,27.90966389500005],[82.67870551500005,27.909948582000027],[82.67825482800004,27.91409095700004],[82.67650195300007,27.913862020000067],[82.66974570300005,27.91567402000004],[82.66367564000006,27.916041644000074],[82.65933764100004,27.916696582000043],[82.65792664100007,27.91773189500003],[82.65552145300006,27.91666614500008],[82.65405920300003,27.917506957000057],[82.65177307800008,27.917166457000064],[82.64929364000005,27.918279270000028],[82.64619539000006,27.918111207000038],[82.64470026500004,27.917252645000076],[82.64316151600008,27.917751958000053],[82.63957251600004,27.916820895000058],[82.63574682800004,27.917705770000055],[82.63181601500008,27.91686820700005],[82.62895520300003,27.91397008200005],[82.62891689000008,27.909380895000027],[82.62994682800007,27.904964833000065],[82.62958607800005,27.902380332000064],[82.62843489100004,27.900027145000024],[82.62867676600007,27.893254582000054],[82.62718914100003,27.88544752000007],[82.62518745200003,27.879762645000028],[82.62555682700008,27.874435332000076],[82.62496657800006,27.87312545700007],[82.62533114000007,27.870494020000024],[82.62616520300008,27.869733019000023],[82.62475839000007,27.864730832000077],[82.62297601600005,27.863497144000064],[82.62398451500007,27.86211295700008],[82.62020932800004,27.861784207000028],[82.61948964000004,27.860182020000025],[82.62025582800004,27.858614957000043],[82.61812251500004,27.857485895000025],[82.61925176500006,27.855040332000044],[82.61774201600008,27.85251426900004],[82.61359720300004,27.85018283200003],[82.61401920300005,27.849092833000043],[82.61658076500004,27.849409582000078],[82.61971264100004,27.848213645000044],[82.61736051500003,27.845670145000042],[82.61747570300008,27.84439208200007],[82.61355576500006,27.842173394000042],[82.61522420300008,27.841678083000033],[82.61497551500008,27.83972408300008],[82.61571457800005,27.838215457000047],[82.61470070300004,27.836632832000078],[82.61132689000004,27.83465420700003],[82.60760982700003,27.83384970700007],[82.60541720300006,27.834138894000034],[82.60234614000007,27.833557332000055],[82.60606101600007,27.831523832000073],[82.60711189000006,27.83016733200003],[82.61139201500004,27.826697770000067],[82.61186001500005,27.825547395000058],[82.60999895300006,27.821582832000047],[82.61136739000005,27.82043476900003],[82.61606032800006,27.820890207000048],[82.62200595200005,27.822176957000067],[82.62421101500007,27.821991394000065],[82.62578307700005,27.821136207000052],[82.62905970300005,27.82099283200006],[82.64061807800005,27.818244207000077],[82.64888751600006,27.818036583000037],[82.65658945300004,27.818319270000075],[82.66565526600004,27.82113252000005],[82.66932020300004,27.821664270000042],[82.67188270200006,27.821449707000056],[82.67761732800005,27.82209814500004],[82.68104776600006,27.82211295700006],[82.68588164000005,27.822705019000068],[82.68796532700009,27.82382577000004],[82.68993751500005,27.82358508200008],[82.69994401600007,27.825432644000045],[82.70462839100009,27.826749144000075],[82.70875914000004,27.826740457000028],[82.71257126500007,27.82545170700007],[82.71524232800004,27.823890582000047],[82.71971345300005,27.82216558300007],[82.73174026600003,27.820898082000042],[82.73635457800003,27.820972019000067],[82.73914414100005,27.822373707000054],[82.74185232700006,27.822775207000063],[82.74400876500005,27.822366207000073],[82.74841895300005,27.823398895000025],[82.75042220300008,27.822902644000067],[82.75068489000006,27.827884269000037],[82.75416351500007,27.829458894000027],[82.75465657800004,27.83206464500006],[82.75603776600008,27.83399033200004],[82.76074170300006,27.83689339400007],[82.76508657800008,27.837934020000034],[82.77292920300005,27.841022707000036],[82.77663539100007,27.841921957000068],[82.78163307800008,27.842128582000043],[82.78307420300007,27.842946770000026],[82.78568920300006,27.846681145000048],[82.79118782800003,27.850348207000025],[82.79128964100005,27.85218333200004],[82.79228232900005,27.854488770000046],[82.79501539100005,27.856238645000076],[82.79764007800009,27.85662927000004],[82.80509945300008,27.855351707000068],[82.80714689000007,27.855716770000072],[82.80957989100006,27.857596957000055],[82.80874520300006,27.859232207000048],[82.80102045300004,27.860988207000048],[82.79776245300008,27.861526145000028],[82.79595464100004,27.86232933200006],[82.79402326500008,27.86427983300007],[82.79520020300004,27.86572502000007],[82.79987201500006,27.86652152000005],[82.80434526600004,27.86823670800004],[82.80737639100005,27.867308582000078],[82.80956164100007,27.867194332000054],[82.81096489000004,27.867930707000028],[82.81194639100005,27.86982751900007],[82.81121976600008,27.871384770000077],[82.80744689100004,27.871735707000028],[82.80579682800004,27.873476707000066],[82.80768532800005,27.87589808200005],[82.80715920300008,27.877574395000067],[82.80520414100005,27.878613333000033],[82.80241426600008,27.878153645000054],[82.79927220300004,27.88191889500007],[82.79631145300004,27.88040402000007],[82.79300226600003,27.880778958000064],[82.79303095300008,27.88331964400004],[82.79166695300006,27.88881708200006],[82.78960289100007,27.889469020000035],[82.78900070300006,27.892177832000073],[82.78487964100003,27.89126170700007],[82.78204839000006,27.897093582000025],[82.77976645300004,27.896626707000053],[82.77924882800005,27.893756832000065],[82.77768726500005,27.89269614500006],[82.77624151500004,27.89350458200005],[82.77625301500007,27.895386270000074]]]}},{"type":"Feature","properties":{"STATE_CODE":5,"DISTRICT":"DANG","GaPa_NaPa":"Shantinagar","Type_GN":"Gaunpalika","Province":"5","provinceId":"5","provinceCode":"5","provinceName":"Lumbini","districtId":"510","districtName":"Dang","municipalityId":"51004","municipalityCode":"51004","municipalityName":"Shantinagar Rural Municipality","municipalityNameNe":"शान्तिनगर गाउँपालिका","municipalityType":"rural_municipality"},"geometry":{"type":"Polygon","coordinates":[[[82.24585245300005,28.237779833000047],[82.23957614000005,28.239332645000047],[82.23503057700003,28.239824957000053],[82.22920539000006,28.243644957000072],[82.22696551500007,28.246108333000052],[82.22468926500005,28.24785008200007],[82.21875582700005,28.249401083000066],[82.21419657800004,28.246811145000038],[82.20917332700003,28.24588108300003],[82.20446676500006,28.24358995800003],[82.20034714000008,28.242850082000075],[82.19522239000008,28.247014395000065],[82.19186332700008,28.248230457000034],[82.18877045300007,28.248358895000024],[82.18425139000004,28.24964120800007],[82.18193226400007,28.249699645000078],[82.17766814000004,28.24886333300003],[82.17335482700008,28.251260270000046],[82.17195526500007,28.251423395000074],[82.17041714000004,28.24601764500005],[82.17018020200004,28.24379970700005],[82.17107701400005,28.241991770000027],[82.17091826500007,28.238245833000065],[82.17137901500007,28.23483077000003],[82.16844489000005,28.23178770800007],[82.16665264000005,28.230665957000042],[82.16300182700007,28.22715958300006],[82.15983070200008,28.223064770000065],[82.15841107700004,28.22057033200008],[82.15536663900008,28.213895645000036],[82.15578051500006,28.211645145000034],[82.15486526500007,28.205586332000053],[82.15504057700008,28.20169770800004],[82.15334770300007,28.199625145000027],[82.15234514000008,28.197271520000072],[82.15337426500008,28.195582083000033],[82.15408239000004,28.192040895000048],[82.15395982800004,28.187920145000078],[82.15321857800006,28.185282270000073],[82.15320751500008,28.182651832000033],[82.15394039000006,28.180597145000036],[82.15529976500005,28.180037457000026],[82.15661432700006,28.177856020000036],[82.15443314000004,28.17331045700007],[82.15509901400003,28.17148420700005],[82.15441820200004,28.169071458000076],[82.15288914000007,28.167566082000064],[82.15353539000006,28.165453395000043],[82.15293801500007,28.163042207000046],[82.15366489000007,28.161330520000035],[82.15584864000004,28.159917832000076],[82.15869070300005,28.159239582000055],[82.16180488900005,28.155657645000076],[82.16278001500007,28.153086520000045],[82.16485439000007,28.15023977000004],[82.16179326500009,28.149103895000053],[82.15726264000006,28.146827520000045],[82.15553807700007,28.145398208000074],[82.15106851500008,28.14344827000008],[82.14747145200005,28.142266895000034],[82.14480557700006,28.142359145000057],[82.14214482800008,28.14401477000007],[82.13965639000008,28.143742145000033],[82.13690707700005,28.141842832000066],[82.13354395300007,28.137056208000047],[82.13254914000004,28.133761582000034],[82.13093289000005,28.132294958000045],[82.12577370200006,28.130870895000044],[82.12234120200003,28.12660802000005],[82.11671014000007,28.120986707000043],[82.11916370300008,28.117406645000074],[82.12221201500006,28.114692457000046],[82.12433864000008,28.11383127000005],[82.12650164000007,28.11396014500008],[82.13009514000004,28.113089083000034],[82.13401282700005,28.111170645000072],[82.13874682700003,28.107300645000066],[82.14270307700008,28.109244019000073],[82.14747714000003,28.109233457000073],[82.14918907800006,28.107391708000023],[82.15175432700005,28.10755064500006],[82.15587488900007,28.107109895000065],[82.15796801500005,28.107317832000035],[82.15878632700003,28.10521052000007],[82.16129301500007,28.10418539500006],[82.16403670200003,28.106853645000058],[82.16460589000008,28.109136458000023],[82.16607957700006,28.11023389500008],[82.16739126500005,28.109054082000057],[82.16902526500007,28.109674145000042],[82.16918620200005,28.11202808200005],[82.17410138900004,28.112403458000074],[82.17588082700007,28.11130758300004],[82.17685514000004,28.112740833000032],[82.17672176500008,28.114860458000067],[82.17522182800008,28.118895832000078],[82.17645245200004,28.12055477000007],[82.17488157700006,28.122876208000037],[82.17434457800005,28.12602577000007],[82.17613595300008,28.12717002000005],[82.17561589000007,28.12947564500007],[82.17738976500004,28.130292895000025],[82.17776220300004,28.13153733200005],[82.18258182800008,28.134715207000056],[82.18181289000006,28.136253708000027],[82.18472926500004,28.13864927000003],[82.18559245300008,28.140184958000077],[82.18496220300005,28.142814145000045],[82.18376114000006,28.144579770000064],[82.18610876500009,28.149795707000067],[82.18884076500007,28.15337495700004],[82.19116420200004,28.155037770000035],[82.19411670300008,28.158100520000062],[82.19654420200004,28.154282520000038],[82.19988057700004,28.151694958000064],[82.20281220200008,28.15082552000007],[82.20373676500003,28.14877114500007],[82.20356670200005,28.146593333000055],[82.20250495300007,28.14348933200006],[82.20366939000007,28.14109439500004],[82.20314226500005,28.138224895000064],[82.20605732700005,28.136818583000036],[82.20867964000007,28.134627395000052],[82.20998707800004,28.132747895000023],[82.21224532800005,28.132193270000073],[82.21401214000008,28.129422958000077],[82.21364264000005,28.127856020000024],[82.21488639000006,28.125866458000075],[82.21673264000003,28.125638020000054],[82.21878395300007,28.126382333000038],[82.22071507800007,28.126232082000058],[82.22218639000005,28.127046832000076],[82.22400607700007,28.12935214500004],[82.22486307700007,28.131476457000076],[82.22626176500006,28.137133332000076],[82.22584526400004,28.14006539500008],[82.22678457800004,28.142531833000078],[82.22636807700007,28.14535333300006],[82.22707864000006,28.14711570700007],[82.22885907700004,28.149175333000073],[82.23069145300008,28.15031620800005],[82.23187126500005,28.15236989500005],[82.23581057700005,28.155152145000045],[82.23830889000004,28.156298207000077],[82.24003457700007,28.159481645000028],[82.23909314000008,28.16128820800003],[82.23907145300007,28.16333233200004],[82.23986739000009,28.165132207000056],[82.23903151500008,28.169035957000062],[82.23999220200005,28.17142764500005],[82.24240576500006,28.172418707000077],[82.24570901500005,28.17707445800005],[82.24526157800005,28.181033270000057],[82.24602889000005,28.183859833000042],[82.24488457700005,28.188822208000033],[82.24512026500008,28.191035458000044],[82.24738151400004,28.194881645000066],[82.24874451500006,28.19832089500005],[82.25078589000003,28.200041645000056],[82.25088620300005,28.204063208000036],[82.25025395200004,28.207394270000066],[82.24950870200007,28.208023770000068],[82.24975201500007,28.210273020000045],[82.25312776500004,28.212446270000044],[82.25534870200005,28.214952582000024],[82.25515645300004,28.216046332000076],[82.25206145300007,28.21912020700006],[82.24961195200007,28.217658207000056],[82.24905701500006,28.221787208000023],[82.24732257700003,28.225527708000072],[82.24616401500003,28.229786208000064],[82.24651626400004,28.233519020000074],[82.24585245300005,28.237779833000047]]]}},{"type":"Feature","properties":{"STATE_CODE":5,"DISTRICT":"DANG","GaPa_NaPa":"Tulsipur","Type_GN":"Upamahanagarpalika","Province":"5","provinceId":"5","provinceCode":"5","provinceName":"Lumbini","districtId":"510","districtName":"Dang","municipalityId":"51003","municipalityCode":"51003","municipalityName":"Tulsipur Sub-Metropolitian City","municipalityNameNe":"तुल्सीपुर उपमहानगरपालिका","municipalityType":"sub_metropolitan"},"geometry":{"type":"Polygon","coordinates":[[[82.28595445200006,28.246928770000068],[82.28337313900005,28.248121582000067],[82.28044420300006,28.24782195800003],[82.27734414000008,28.248347270000068],[82.27533826500007,28.24662664500005],[82.27258014000006,28.245483770000078],[82.26982295300007,28.244895770000028],[82.26620320200004,28.24342914500005],[82.26224170200004,28.243763520000073],[82.25985113900003,28.243365958000027],[82.25855339000003,28.239860833000023],[82.25213589000003,28.23891814500007],[82.24984976500008,28.239437645000066],[82.24734889000007,28.238853582000047],[82.24585245300005,28.237779833000047],[82.24651626400004,28.233519020000074],[82.24616401500003,28.229786208000064],[82.24732257700003,28.225527708000072],[82.24905701500006,28.221787208000023],[82.24961195200007,28.217658207000056],[82.25206145300007,28.21912020700006],[82.25515645300004,28.216046332000076],[82.25534870200005,28.214952582000024],[82.25312776500004,28.212446270000044],[82.24975201500007,28.210273020000045],[82.24950870200007,28.208023770000068],[82.25025395200004,28.207394270000066],[82.25088620300005,28.204063208000036],[82.25078589000003,28.200041645000056],[82.24874451500006,28.19832089500005],[82.24738151400004,28.194881645000066],[82.24512026500008,28.191035458000044],[82.24488457700005,28.188822208000033],[82.24602889000005,28.183859833000042],[82.24526157800005,28.181033270000057],[82.24570901500005,28.17707445800005],[82.24240576500006,28.172418707000077],[82.23999220200005,28.17142764500005],[82.23903151500008,28.169035957000062],[82.23986739000009,28.165132207000056],[82.23907145300007,28.16333233200004],[82.23909314000008,28.16128820800003],[82.24003457700007,28.159481645000028],[82.23830889000004,28.156298207000077],[82.23581057700005,28.155152145000045],[82.23187126500005,28.15236989500005],[82.23069145300008,28.15031620800005],[82.22885907700004,28.149175333000073],[82.22707864000006,28.14711570700007],[82.22636807700007,28.14535333300006],[82.22678457800004,28.142531833000078],[82.22584526400004,28.14006539500008],[82.22626176500006,28.137133332000076],[82.22486307700007,28.131476457000076],[82.22400607700007,28.12935214500004],[82.22218639000005,28.127046832000076],[82.22071507800007,28.126232082000058],[82.21878395300007,28.126382333000038],[82.21673264000003,28.125638020000054],[82.21488639000006,28.125866458000075],[82.21258670200007,28.124535457000036],[82.20969845200005,28.121152083000027],[82.21183001400004,28.120673020000027],[82.21671264000008,28.120884708000062],[82.22482164000007,28.120498957000052],[82.22680351500009,28.12106552000006],[82.22990357800006,28.12039027000003],[82.23632645300006,28.117557583000064],[82.24030545200003,28.117925395000043],[82.24202007700006,28.118983770000057],[82.24588932800003,28.118323770000075],[82.24971357700008,28.119931394000048],[82.25540864000004,28.121514957000045],[82.25561332700005,28.119588707000048],[82.25264876500006,28.11231083200005],[82.25295876500007,28.106855145000054],[82.25149595300007,28.104576395000038],[82.24923726500003,28.102659020000033],[82.24661082700004,28.101166895000063],[82.23758189000006,28.098575270000026],[82.23340720300007,28.096332020000034],[82.22938032700006,28.093141958000047],[82.22662726500005,28.09048652000007],[82.22245214000003,28.083999208000023],[82.22020970300008,28.08180377000008],[82.21547264000003,28.078382832000045],[82.21148232700006,28.074436082000034],[82.20402038900005,28.06906914500007],[82.20408751500008,28.06807589500005],[82.20621576500008,28.066816395000046],[82.20891220300007,28.066788145000032],[82.21139313900005,28.067616832000056],[82.21357739000007,28.067505020000056],[82.21670057700004,28.064831020000042],[82.22368851500005,28.060662895000064],[82.22712739000008,28.05816633300003],[82.23010076500003,28.05550914500003],[82.23393414000003,28.05262083200006],[82.23579395200005,28.04824314500007],[82.23377907700007,28.046718145000057],[82.22771589000007,28.044599895000033],[82.22607889000005,28.043366895000077],[82.22351151500004,28.042557333000047],[82.22167082800007,28.04084558200003],[82.21842376500007,28.04074808200005],[82.21800457700004,28.03852958300007],[82.22133026500006,28.03613564400007],[82.22453589000008,28.03617483200003],[82.22741639000003,28.033617770000035],[82.23052138900005,28.03152345700005],[82.23077376500004,28.028899582000065],[82.22865095300006,28.02450127000003],[82.22919332700008,28.020435520000035],[82.22549682800008,28.01943527000003],[82.22368295200005,28.018373019000023],[82.22068995200004,28.01561339500006],[82.21900651500005,28.013545957000076],[82.22216832700008,28.01268989500005],[82.22722720200005,28.012119145000042],[82.22963339000006,28.010716957000056],[82.23326814000006,28.010727270000075],[82.23637420300008,28.006789583000057],[82.23825501500005,28.005872457000066],[82.24504039000004,28.005540395000025],[82.24827720200005,28.00423195700006],[82.25018895300008,28.002759395000055],[82.25321076400007,28.00182945800003],[82.25491301500006,28.000000082000042],[82.25568564000008,27.99719777000007],[82.25865301500005,27.997450332000028],[82.26338214000003,27.995162269000048],[82.26484445300008,27.99490508200006],[82.26713282800006,27.995734583000058],[82.27463551500006,27.996806770000035],[82.27508520300006,27.996033332000025],[82.27766107800005,27.99574320800008],[82.27901382700009,27.994816894000053],[82.28131176500005,27.991447520000065],[82.28370220200009,27.989358707000065],[82.28589826500007,27.985775895000074],[82.28994645200004,27.98408427000004],[82.29467132800005,27.98521302000006],[82.29701532700005,27.98341320700007],[82.29881245300004,27.98354514500005],[82.30259014000006,27.98183083200007],[82.30366970300008,27.980785145000027],[82.30487064000005,27.977680708000037],[82.30652101500004,27.976130957000066],[82.30657320200004,27.974242145000062],[82.31094914100004,27.97259870700003],[82.31222120200005,27.969989895000026],[82.31498357800007,27.970105645000046],[82.31938132800008,27.96918820700006],[82.32263495200004,27.969369020000045],[82.32436451500007,27.968926020000026],[82.32599389000006,27.96735814500005],[82.32807889000009,27.96642433200003],[82.32983626500004,27.964058833000024],[82.33174851600006,27.964017769000066],[82.33543507800005,27.964965707000033],[82.33857595300003,27.96786577000006],[82.34007589000004,27.967914395000037],[82.34307432800006,27.97052464500007],[82.34621720300004,27.97170989500006],[82.34772545300007,27.973091582000052],[82.34904907800006,27.97582195700005],[82.34828314000004,27.978092270000047],[82.35100964000003,27.98382289500006],[82.35197207700008,27.98727189400006],[82.35548764000004,27.990673208000032],[82.35720951500008,27.991276583000058],[82.35794889000005,27.993387707000068],[82.35599107800005,27.995311083000047],[82.35345145300005,27.995681269000045],[82.35228832800004,27.99672602000004],[82.34917870300006,27.997561957000073],[82.34710145200006,27.99746502000005],[82.34381432700008,27.998544020000054],[82.34212801500007,28.000047145000053],[82.34407882700003,28.00311208200003],[82.34706401500006,28.00365583200005],[82.35083914000006,28.003219519000027],[82.35174107700004,28.00521845800006],[82.34807439000008,28.008803208000074],[82.34859314000005,28.00963283200008],[82.35347351500008,28.010665520000032],[82.35475995300004,28.011638644000072],[82.35616082700005,28.01545783200004],[82.35680757700004,28.018481270000052],[82.35406832700005,28.021736582000074],[82.34970939000004,28.023462520000066],[82.34818007700005,28.022845833000076],[82.34604001500009,28.023918082000023],[82.34202970300004,28.02322414500003],[82.33860170200006,28.024448707000033],[82.33544464000005,28.023881582000058],[82.33572276500007,28.02602214500007],[82.33511382700004,28.028645020000056],[82.33875295300004,28.03507758300003],[82.34027170200005,28.03867464500007],[82.34000620300003,28.040285770000025],[82.34277851400003,28.044892520000076],[82.34176720300007,28.046386832000053],[82.33891345200004,28.046446270000047],[82.33691170300006,28.048157770000046],[82.33673657700007,28.049623645000054],[82.33922526500004,28.049597145000064],[82.33862214000004,28.053517207000027],[82.34198551500003,28.05500939500007],[82.34429870200006,28.055228145000058],[82.34745989000004,28.057270457000072],[82.35136807700007,28.058233707000056],[82.35254832700008,28.059467332000054],[82.35273182700007,28.062599145000036],[82.35751807800006,28.064850770000078],[82.35997870300008,28.06640564500003],[82.36228188900003,28.06586164500004],[82.36343039000008,28.06643001900005],[82.36678520300006,28.069597895000072],[82.37040701500007,28.068440520000024],[82.37186789000003,28.06700920700007],[82.37495689000008,28.06586608200007],[82.37852126500007,28.06689739500007],[82.38171345300003,28.06735939500004],[82.38349807800006,28.068879957000036],[82.38767545200005,28.071335145000035],[82.38968751500005,28.073473770000078],[82.39325457700005,28.07478439500005],[82.39335332800005,28.079031395000072],[82.39032526500006,28.081072208000023],[82.38914045300004,28.083240895000074],[82.38958014000008,28.08627070800003],[82.39147282700003,28.087855457000046],[82.39154832800006,28.090843895000035],[82.39062632700006,28.09476058300004],[82.39181245200007,28.098256582000033],[82.39162014000004,28.100169333000053],[82.39035420300007,28.10216964500006],[82.38915732800007,28.105739457000027],[82.38802895200007,28.106878833000053],[82.38860689000006,28.109029645000078],[82.38909826500003,28.11354339500008],[82.39123239000008,28.11733433300003],[82.39401939000004,28.120288395000046],[82.39547351500005,28.12327177000003],[82.39762776500004,28.12500039500003],[82.40030807800008,28.12333527000004],[82.40503376500004,28.123492270000042],[82.41078414000003,28.126404208000054],[82.41313670300008,28.125958083000057],[82.41597001500008,28.12782614500003],[82.42070901500006,28.12603327000005],[82.42423907700004,28.12654708200006],[82.42560551500003,28.127451020000024],[82.42871620200003,28.13092658200003],[82.43038857700003,28.135217958000055],[82.42891795300005,28.138366833000077],[82.42641170200005,28.138507958000048],[82.42563620300007,28.139574082000024],[82.42628051500003,28.14388070700005],[82.42783682700008,28.145454895000057],[82.42961857800003,28.14915408300004],[82.43102651500004,28.150423020000062],[82.43161495200007,28.15285102000007],[82.43265857600005,28.153902644000027],[82.42967801500004,28.15496476800007],[82.42732526400005,28.154382457000054],[82.42413101500006,28.155076645000065],[82.42024763900008,28.156549520000056],[82.41582357600004,28.159453581000037],[82.41085832800007,28.160806456000046],[82.40504470200005,28.16411251900007],[82.40188170300007,28.168018394000057],[82.39869182700005,28.168750333000048],[82.39669332800008,28.17114620700005],[82.39559039000005,28.174288707000073],[82.39573370300008,28.17606495800004],[82.39819939000006,28.180118520000065],[82.39857395300004,28.18302033300006],[82.39644895300006,28.184918957000036],[82.39437832700008,28.18919020800007],[82.39189920200005,28.188477770000077],[82.38896801500005,28.18839477000006],[82.38055414000007,28.184455270000058],[82.37845339100005,28.18538783200006],[82.37186814000006,28.18907027000006],[82.36901220300007,28.189696708000042],[82.36727907700003,28.191618020000078],[82.36739264000005,28.193141895000053],[82.36540064000008,28.194892208000056],[82.36495670300008,28.196624582000027],[82.36124551600005,28.19855433200007],[82.36024257800005,28.200540458000035],[82.35844195300007,28.201993145000074],[82.35679995300006,28.205411395000056],[82.35592126500006,28.206060833000038],[82.35128101500004,28.207060958000056],[82.34902882800003,28.208515770000076],[82.34824201500004,28.21024920700006],[82.34849020300004,28.212570457000027],[82.34794907700007,28.216225958000052],[82.34533595300007,28.218363208000028],[82.34212239000004,28.22020633300008],[82.34146714000008,28.221985957000072],[82.33943414000004,28.223388770000042],[82.33438939000007,28.224139645000037],[82.33095101500004,28.22426564500006],[82.32938589000008,28.22514714500005],[82.32391939000007,28.22430008300006],[82.32177214000006,28.224765270000034],[82.31481695200006,28.223043333000078],[82.31370807700006,28.22863977000003],[82.31187270300006,28.23155170800004],[82.30739564000004,28.23122683300005],[82.30447370300004,28.232213582000043],[82.30359789000005,28.233613896000065],[82.30303239000006,28.236811457000044],[82.30321539000005,28.243697207000025],[82.30174095300004,28.24584539500006],[82.29988589000004,28.245030582000027],[82.29687514000005,28.245444958000064],[82.29399707800007,28.246681395000053],[82.28913345300003,28.245563270000048],[82.28595445200006,28.246928770000068]]]}},{"type":"Feature","properties":{"STATE_CODE":5,"DISTRICT":"BANKE","GaPa_NaPa":"Baijanath","Type_GN":"Gaunpalika","Province":"5","provinceId":"5","provinceCode":"5","provinceName":"Lumbini","districtId":"511","districtName":"Banke","municipalityId":"51103","municipalityCode":"51103","municipalityName":"Baijanath Rural Municipality","municipalityNameNe":"बैजनाथ गाउँपालिका","municipalityType":"rural_municipality"},"geometry":{"type":"Polygon","coordinates":[[[81.73837338900006,28.315004332000058],[81.73479026500007,28.31589002000004],[81.72828132700005,28.315823395000052],[81.72666389000005,28.316145645000063],[81.72365570100004,28.31959095700006],[81.72076632700004,28.318940645000055],[81.71881313900008,28.319959458000028],[81.71656107700005,28.32319083300007],[81.71290570200006,28.324394520000055],[81.71040464000004,28.32943202000007],[81.70817857700007,28.330104645000063],[81.70492951500006,28.333706520000078],[81.70160138900007,28.334632895000027],[81.69896364000004,28.334289957000067],[81.69118526500006,28.33636014500007],[81.68761263900006,28.337743145000047],[81.68568089000007,28.337543082000025],[81.68093470100007,28.336080020000054],[81.67745476400006,28.335934895000037],[81.67541845200003,28.337535583000033],[81.67609732700004,28.334901520000074],[81.67775257700004,28.332632645000047],[81.68220213900008,28.333803958000033],[81.68311163900006,28.333454208000035],[81.68375720200004,28.33113389500005],[81.68623132700003,28.33222027000005],[81.68712032700006,28.329501582000034],[81.68577576400008,28.326697207000052],[81.68706020200005,28.324709833000043],[81.68459964000004,28.320629395000026],[81.68297538900003,28.316732208000076],[81.68302189000008,28.315432395000073],[81.67982864000004,28.31394795800003],[81.68018901500005,28.317490707000047],[81.68195913900007,28.319293521000077],[81.68256726400006,28.32239489500006],[81.68179757600006,28.324445145000027],[81.67857145200009,28.322243395000044],[81.67674570200006,28.317798770000024],[81.67428251400008,28.314128896000057],[81.67419901400007,28.310688645000027],[81.67295026400006,28.307533895000063],[81.67043307600005,28.30443727000005],[81.66391332700005,28.28722502000005],[81.66287264000005,28.287722020000047],[81.66066938900008,28.290354395000065],[81.65520488900006,28.29368377000003],[81.65231132700006,28.29205739500003],[81.65141826400009,28.29045295800006],[81.65156338900005,28.28853902000003],[81.64861595200006,28.28535377000003],[81.64783538900008,28.282410957000025],[81.64283138900004,28.27986695800007],[81.64732170200006,28.277975395000055],[81.64832976500008,28.277032020000036],[81.64605995200003,28.27435564500007],[81.64804570200005,28.271780957000033],[81.64782582700008,28.269769457000052],[81.64942738900004,28.26796145700007],[81.64875638900008,28.265943082000035],[81.64615845100008,28.267027083000073],[81.64462451400004,28.266332645000034],[81.64400607700009,28.263817583000048],[81.64219145200008,28.262086645000068],[81.63942782600003,28.26167545800007],[81.63623270200003,28.260264395000036],[81.63416076500005,28.25850970700003],[81.63222113900008,28.258766895000065],[81.62505557700007,28.25475670700007],[81.62434845200005,28.25355283300007],[81.62399951400005,28.250513082000055],[81.62261263900007,28.248962645000063],[81.61891820200003,28.248571020000043],[81.61590245100007,28.24953227000003],[81.61305563900004,28.24697295800007],[81.61247632700008,28.244146270000044],[81.61251970200004,28.240470708000032],[81.61097720200007,28.237379832000045],[81.60722845100008,28.235647958000072],[81.60308351500004,28.236128832000077],[81.59927213900005,28.234318020000046],[81.59788526400007,28.234714457000052],[81.59630182700005,28.23792064500003],[81.59290526400008,28.234968520000052],[81.59079613900008,28.23585077000007],[81.59109520100003,28.23776952000003],[81.59236626500007,28.23955545800004],[81.59123201400007,28.240167333000045],[81.58804570200004,28.23652820800004],[81.58556295200003,28.23500914500005],[81.58400988900007,28.232396333000054],[81.58396226400004,28.230785583000056],[81.58498638900005,28.228450520000024],[81.58381688900005,28.22783514500003],[81.57957382600006,28.229479832000038],[81.57719732600003,28.227883458000065],[81.57792245200005,28.22640483200007],[81.57983889000008,28.225598020000064],[81.57999138900004,28.222824458000048],[81.57825282700009,28.222484395000038],[81.57570588900006,28.219009207000056],[81.57086713900003,28.215160082000068],[81.56808438900003,28.213630645000023],[81.56576238900004,28.213468770000077],[81.56425251400003,28.214436207000062],[81.56379764000008,28.21197427000004],[81.56329738900007,28.210448833000044],[81.56383445100005,28.208792833000075],[81.56335920200007,28.20717477000005],[81.56072157600005,28.20593558300004],[81.55865414000004,28.205950895000058],[81.55406045200004,28.204577458000074],[81.55161770200004,28.203303520000077],[81.55006082600005,28.203560270000025],[81.54629076400005,28.20281502000006],[81.54378988900004,28.203740958000026],[81.54102495100005,28.202461395000057],[81.53869332700003,28.19866202000003],[81.53571038900003,28.197532083000056],[81.53285913900004,28.19713033200003],[81.52984195200008,28.19484970800005],[81.52949201500007,28.191798332000076],[81.53149713900007,28.190037457000074],[81.53218607700006,28.188385458000027],[81.53213545100004,28.184592895000037],[81.52916813900003,28.180457395000076],[81.52557445200006,28.179676958000073],[81.52238645100005,28.179824645000053],[81.52018988900005,28.179110895000065],[81.51985545200006,28.176309958000047],[81.52561907700004,28.17395270800006],[81.52087088900004,28.17211633200003],[81.52441176400004,28.168395708000048],[81.52321507600004,28.165787520000038],[81.52175913900004,28.164822895000043],[81.52320813900008,28.163838145000057],[81.52787651400007,28.163086958000065],[81.52895776400004,28.162153208000063],[81.52818570200003,28.15917339500004],[81.53082120200008,28.15733345800004],[81.53261901400003,28.159088583000027],[81.53480176400006,28.158748395000032],[81.53476095100007,28.16232470700004],[81.53574070100007,28.16337683200004],[81.53762782600006,28.162839270000063],[81.54139688900005,28.16341102000007],[81.54131432700007,28.16698520800003],[81.54309801400007,28.16790089500006],[81.54460813900005,28.166942832000075],[81.54778351400006,28.166515020000077],[81.54950145100008,28.169114083000068],[81.55500857600003,28.165987332000043],[81.55810670100004,28.16601758300004],[81.56094282700008,28.17110514500007],[81.56129907700006,28.172297207000042],[81.55875445200007,28.175775457000043],[81.56057132600006,28.17543189500003],[81.56416432600008,28.17715445700003],[81.56526545100007,28.17868864500008],[81.56851313900006,28.180441832000042],[81.56978945100008,28.179360332000044],[81.57466163900006,28.182390395000027],[81.58024401500006,28.18377477000007],[81.58024876400003,28.18524577000005],[81.58386401400008,28.187786707000043],[81.58439320200006,28.188982520000025],[81.58638857700004,28.189231207000034],[81.58745926400007,28.187800707000065],[81.59212632700007,28.187990395000043],[81.59429664000004,28.187306395000064],[81.59874638900004,28.185044333000064],[81.60012357700003,28.182569957000055],[81.60082713900005,28.178715457000067],[81.60262507600004,28.177495957000076],[81.60163563900005,28.174957520000078],[81.59904239000008,28.17202227000007],[81.60045932600008,28.17052695700005],[81.60304938900003,28.170296708000024],[81.60448476400006,28.168934395000065],[81.60620726400003,28.168933520000053],[81.60833551500008,28.167414645000065],[81.60658545200005,28.166806458000053],[81.60330045200004,28.16421502000003],[81.60117488900005,28.16176283200008],[81.60132845200008,28.15792877000007],[81.59991114000007,28.15703927000004],[81.59640370200003,28.15247439500007],[81.59947976400008,28.150326583000037],[81.59840776400006,28.148679645000072],[81.59983388900008,28.14626602000004],[81.60298245100006,28.143815458000063],[81.60465757700007,28.146217770000078],[81.60653382700008,28.147597020000035],[81.60573457700008,28.149200333000067],[81.60777164000007,28.153236708000065],[81.60955907700009,28.15396202000005],[81.61145438900007,28.156198520000032],[81.61337301400005,28.155361895000055],[81.61542782600003,28.15575208200005],[81.61698338900004,28.157083020000073],[81.61896057600006,28.157148583000037],[81.62142888900007,28.158159457000068],[81.62433995100008,28.156377333000023],[81.62601401400008,28.15617789500004],[81.62543807700007,28.15903695700007],[81.62805095100003,28.16124058300005],[81.62957751400006,28.163246145000073],[81.62607926400005,28.165656083000044],[81.62623188900005,28.167038458000036],[81.62825495200008,28.16968477000006],[81.62907876400004,28.172320770000056],[81.62833595100005,28.17505645800003],[81.62907488900004,28.17916395700007],[81.63215182700003,28.18169933300004],[81.63256107700005,28.18461245700007],[81.63214826400008,28.187048833000063],[81.63434370200008,28.188933958000064],[81.63493970100006,28.191318270000068],[81.63478351400005,28.193760207000025],[81.63594357700003,28.195162708000055],[81.63837539000008,28.200144395000052],[81.63778251400004,28.201410645000067],[81.63492276400007,28.20396439500007],[81.63545057700009,28.205026958000076],[81.63514807700005,28.208150957000043],[81.63754470100008,28.208336083000063],[81.64127226400007,28.209277582000027],[81.64745539000006,28.20981252000007],[81.64937451400004,28.213372770000035],[81.65121151400007,28.21366183200007],[81.65601857600006,28.213535082000078],[81.66132770200005,28.21148795700003],[81.66639413900003,28.211212958000033],[81.67051182600005,28.215118645000075],[81.67414395100008,28.215691895000077],[81.67470070200005,28.218051458000048],[81.67652626400007,28.21952245700004],[81.67696170200009,28.221634395000024],[81.67561763900005,28.225217145000045],[81.67558532700008,28.22716445800006],[81.67717613900004,28.229374395000036],[81.67965851400004,28.22963733200004],[81.68115013900007,28.22613277000005],[81.69153301400007,28.23056377000006],[81.69338089000007,28.231497457000046],[81.69416282700007,28.233727145000046],[81.70426420100006,28.237400458000025],[81.70443876400003,28.24070489500008],[81.70501045200007,28.24191802000007],[81.70655907700007,28.248705708000045],[81.70750945100008,28.251399207000077],[81.71033407700008,28.261598270000036],[81.71205595100008,28.268953520000025],[81.71366376500004,28.273405582000066],[81.71433707700004,28.276240332000043],[81.71565470200005,28.278054145000056],[81.71884263900006,28.279783708000025],[81.71949101500007,28.280689520000067],[81.71998545200006,28.283904333000066],[81.72145532700006,28.285586333000026],[81.72305514000004,28.286202832000072],[81.72537976400008,28.289216083000042],[81.72373995100008,28.291729083000064],[81.72399832700006,28.295168395000076],[81.72575926400003,28.300449770000057],[81.72848757700007,28.302316895000047],[81.72959901400003,28.30380452000003],[81.73164407700006,28.30480883200005],[81.73315482700008,28.306797458000062],[81.73621439000004,28.307489458000077],[81.73793232700007,28.30983558300005],[81.73807470200006,28.311438957000064],[81.73721107700004,28.313941208000074],[81.73837338900006,28.315004332000058]]]}},{"type":"Feature","properties":{"STATE_CODE":5,"DISTRICT":"BANKE","GaPa_NaPa":"Duduwa","Type_GN":"Gaunpalika","Province":"5","provinceId":"5","provinceCode":"5","provinceName":"Lumbini","districtId":"511","districtName":"Banke","municipalityId":"51107","municipalityCode":"51107","municipalityName":"Duduwa Rural Municipality","municipalityNameNe":"डुडुवा गाउँपालिका","municipalityType":"rural_municipality"},"geometry":{"type":"Polygon","coordinates":[[[81.75409813900006,27.96941364500003],[81.75597345200003,27.973753457000043],[81.75785201500008,27.979182958000024],[81.75746263900004,27.984378958000036],[81.75586851400004,27.988864207000063],[81.75210676400008,27.996772708000037],[81.74898589000009,27.99706727000006],[81.74483782700008,27.998166020000042],[81.74177395200007,27.997600457000033],[81.73713364000008,27.99427714500007],[81.73384438900007,27.99278977000006],[81.73138057600005,27.99221852000005],[81.72797838900004,27.992157645000077],[81.72524776400007,27.993119707000062],[81.72299101500005,27.99462520700007],[81.72160420200004,27.99698802000006],[81.72094426400008,28.000001707000024],[81.72106907700004,28.001945583000065],[81.72240620200006,28.00584189500006],[81.72334807700008,28.006886145000067],[81.72632101400006,28.008075269000074],[81.73194801500006,28.011396020000063],[81.73845770200006,28.01669045700004],[81.73958213900005,28.019017332000033],[81.74017245200008,28.025408395000056],[81.74004032700003,28.029598957000076],[81.73813107600006,28.034690270000056],[81.73594845200006,28.036071582000034],[81.73630626400006,28.038756832000047],[81.73869420200003,28.04323395700004],[81.73969851500004,28.046540707000077],[81.73836545200004,28.049273457000027],[81.73439389000004,28.05251439500006],[81.72885701500007,28.055722957000057],[81.72210532700007,28.05866020800005],[81.71994263900007,28.06008170800004],[81.71865126400007,28.061721958000078],[81.71757432700008,28.065973833000044],[81.71753451400008,28.069552458000032],[81.71947107700004,28.07415183200004],[81.72268113900003,28.07913927000004],[81.72524482700004,28.082076957000027],[81.72588413900007,28.084830645000068],[81.72674176500004,28.085909145000073],[81.73233995100009,28.086626145000025],[81.73596463900003,28.090431082000066],[81.73567232700003,28.092330145000062],[81.73647045200005,28.09538989500004],[81.73356182700007,28.094035895000047],[81.72857813900004,28.092992958000025],[81.72945976500006,28.09506408200008],[81.72825488900008,28.097218394000038],[81.72834207700004,28.100333770000077],[81.72622738900003,28.10161977000007],[81.72160032700003,28.102406770000073],[81.72056245200008,28.10416983300007],[81.72178289000004,28.10478164500006],[81.71959601400005,28.106812458000036],[81.72017588900007,28.111053395000056],[81.71758376500009,28.114065458000027],[81.71663932700005,28.11881077000004],[81.71558182700005,28.119463832000065],[81.71431445100006,28.122633645000064],[81.71369432700004,28.126219770000034],[81.71456095200006,28.12736370700003],[81.71106563900008,28.12532189500007],[81.71071639000007,28.122918582000068],[81.70907426500008,28.121566520000044],[81.70651589000005,28.121085707000077],[81.70456470200008,28.121504082000058],[81.70330670200008,28.120222270000056],[81.69909545200005,28.117572395000025],[81.69566301400005,28.11639633200008],[81.69432176500004,28.114503332000027],[81.69084870200004,28.11221726900004],[81.69167839000005,28.11085033200004],[81.68768338900009,28.108702208000068],[81.68453157700003,28.104358895000075],[81.68730245200004,28.10332070800007],[81.68834570200005,28.09883908200004],[81.69102813900008,28.09733639500007],[81.69025663900004,28.094671207000033],[81.69058045200006,28.09148827000007],[81.68890145200004,28.090535583000076],[81.68695307700006,28.08672327000005],[81.68587695100007,28.08833283200005],[81.68462988900006,28.088370645000055],[81.68342389000009,28.086359582000057],[81.68438701400004,28.08487920700003],[81.68725651400007,28.08403458300006],[81.69041832600004,28.082355832000076],[81.69067176500005,28.080910582000058],[81.68841095100004,28.081048270000053],[81.68585832700006,28.081999645000053],[81.68482726400003,28.081488145000037],[81.68586551400006,28.078728020000028],[81.68550057700008,28.076647270000024],[81.68160076400005,28.077460957000028],[81.68001801400004,28.076796457000057],[81.67811264000005,28.074572208000063],[81.67572126500005,28.074247833000072],[81.67979851400008,28.071220082000025],[81.67858195100007,28.068498332000047],[81.68231276400007,28.067550207000068],[81.68375320200005,28.06443620700003],[81.68211920100003,28.063480895000055],[81.68105457700005,28.061241207000023],[81.68104282700006,28.058461582000064],[81.67947695200007,28.052851333000035],[81.67822695200005,28.050431957000058],[81.68166851500007,28.04717489500007],[81.68161182700004,28.043932957000038],[81.68533464000006,28.043158583000036],[81.68780520200005,28.041553332000035],[81.68831063900006,28.039258395000047],[81.68425238900005,28.037821145000066],[81.68292126400007,28.036839520000058],[81.68250538900008,28.03451089500004],[81.68289132700005,28.032000019000066],[81.68240020200005,28.03093295800005],[81.67950339000004,28.02792845700003],[81.67952451400004,28.02592252000005],[81.68052832700005,28.02098314500006],[81.68421220200008,28.02011189500007],[81.68904388900006,28.017524645000037],[81.68887882600006,28.011368145000063],[81.68690801500009,28.00728964500007],[81.68135613900006,28.006161957000074],[81.68008901500008,28.00520039500003],[81.67903863900005,28.00218439500003],[81.67355645200007,27.999027770000055],[81.67248026400006,27.99673164400008],[81.66851132700003,28.003007645000025],[81.66650120100007,28.008389583000053],[81.66490195100005,28.01074614500004],[81.66310976500006,28.016596270000036],[81.66323120200008,28.01878202000006],[81.66246307600005,28.02070583300008],[81.65875657700008,28.02123583200006],[81.65881495200006,28.02288264500004],[81.65588826400005,28.025712458000044],[81.65389995200007,28.025629395000067],[81.65057845200005,28.02816095700007],[81.64977764000008,28.029358270000046],[81.64790313900005,28.028110395000056],[81.64540888900007,28.027837832000046],[81.64197907700003,28.021376145000033],[81.64050776400006,28.014652520000027],[81.63732220200006,28.015005769000027],[81.63728826400006,28.010757332000026],[81.63534970200004,28.010003707000067],[81.63306638900008,28.010291770000038],[81.63359126400007,28.008529458000055],[81.63274720200008,28.007220145000076],[81.63110564000004,28.00703139500007],[81.62859901400003,28.001571394000052],[81.62981557700004,28.001480082000057],[81.63788295200004,27.997340958000052],[81.64109613900007,27.997014645000036],[81.64252126400004,27.99545114500006],[81.64529570100007,27.993709895000052],[81.66487370200008,27.991858957000034],[81.69511964000003,27.989360582000074],[81.70016539000005,27.988089582000043],[81.72700870200003,27.966680457000052],[81.74050876500007,27.956128082000077],[81.75889857700008,27.94157420700003],[81.75799382700006,27.945728520000046],[81.76404620200003,27.950611457000036],[81.76564851400008,27.952536144000078],[81.76656807700004,27.955193457000064],[81.76570476400008,27.95708902000007],[81.75960638900006,27.96075764400007],[81.75779026500004,27.96133395800007],[81.75308295200006,27.96174114400003],[81.75313226400004,27.966562520000025],[81.75409813900006,27.96941364500003]]]}},{"type":"Feature","properties":{"STATE_CODE":5,"DISTRICT":"BANKE","GaPa_NaPa":"Janki","Type_GN":"Gaunpalika","Province":"5","provinceId":"5","provinceCode":"5","provinceName":"Lumbini","districtId":"511","districtName":"Banke","municipalityId":"51105","municipalityCode":"51105","municipalityName":"Janaki Rural Municipality","municipalityNameNe":"जानकी गाउँपालिका","municipalityType":"rural_municipality"},"geometry":{"type":"Polygon","coordinates":[[[81.67417882700005,28.130794645000037],[81.67154564000003,28.12984864500004],[81.66505114000006,28.132777333000035],[81.66410576400006,28.133634708000045],[81.66254457700006,28.138757207000026],[81.65961832700003,28.139240707000056],[81.66145420200007,28.143890895000027],[81.66075120200009,28.145997083000054],[81.65744326400005,28.145591082000067],[81.65551457700008,28.14416764500004],[81.65362438900007,28.14362614500004],[81.65017695200004,28.14359964500005],[81.64923132700005,28.142239145000076],[81.64756401500006,28.14286745800007],[81.64351082700006,28.143073770000058],[81.64269107700005,28.144011770000077],[81.64137782700004,28.14277702000004],[81.63854457600007,28.138575582000044],[81.63634282600003,28.136974832000078],[81.63396770100007,28.13615564500003],[81.63278082600004,28.136474645000078],[81.63144257700003,28.134624020000047],[81.62932220100004,28.135362457000042],[81.62424838900006,28.13344527000004],[81.61975313900007,28.134180895000043],[81.61748676400003,28.13366995800004],[81.61627913900008,28.132249458000047],[81.61118001500006,28.130740270000047],[81.60907713900008,28.130539833000057],[81.60748913900005,28.128881707000062],[81.60543120200003,28.127841707000073],[81.60206020200008,28.12763089500004],[81.59932413900003,28.12625077000007],[81.60019357700008,28.125166207000063],[81.59873238900008,28.123512020000078],[81.59726013900007,28.12019495800007],[81.59378351500004,28.118204270000035],[81.59197882700005,28.117896208000047],[81.59048588900004,28.115529020000054],[81.58864838900007,28.11388308200003],[81.58974807600003,28.112896895000063],[81.58836932600008,28.109728270000062],[81.58380695200003,28.103807020000033],[81.58282163900003,28.103346457000043],[81.57910007700008,28.10345695700005],[81.58024676400004,28.102105145000053],[81.57954470200008,28.10073170800007],[81.57677695200005,28.09943252000005],[81.57676701400004,28.097221395000076],[81.57933782700007,28.09501295800004],[81.57589013900008,28.092148457000064],[81.57146938900007,28.094563145000052],[81.57012401500003,28.09287427000004],[81.56853601400007,28.092215270000054],[81.56608382600007,28.09243520700005],[81.56372626400008,28.09494714500005],[81.56163901400004,28.095282832000066],[81.55954301400004,28.09318858300003],[81.55916351400003,28.09188601900007],[81.56185613900004,28.090922832000047],[81.56442651400005,28.088850083000068],[81.56735770100005,28.087563207000073],[81.56973382600006,28.08547077000003],[81.56842970200006,28.084106645000077],[81.57009720200006,28.082258582000065],[81.56830982700006,28.079572020000057],[81.56979676400005,28.079080832000045],[81.57362413900006,28.078945145000034],[81.57432876500008,28.076537082000073],[81.57257132700005,28.072663645000034],[81.56901920200005,28.070331895000038],[81.56685120100008,28.06984220700008],[81.56474138900006,28.070254770000076],[81.56442713900003,28.072185208000064],[81.56183707700006,28.07370527000006],[81.56073007700007,28.075212458000067],[81.56158145200004,28.07640258200007],[81.55968020100005,28.077694145000066],[81.55726613900003,28.07551989500007],[81.55505538900007,28.075012145000073],[81.55365076400005,28.076060270000028],[81.54849170100005,28.072953770000026],[81.55048195100005,28.071260332000065],[81.55895445200008,28.06785295800006],[81.56012432600005,28.066577894000034],[81.56013757700003,28.064720957000077],[81.55706682700009,28.064246082000068],[81.55701582700004,28.06237127000003],[81.55283026400008,28.064495582000063],[81.55019607700007,28.06308470700003],[81.54604645200004,28.06327727000007],[81.54496557700008,28.064075770000045],[81.54128757700005,28.06143695700007],[81.54262145100006,28.05822770800006],[81.54088920200007,28.057070332000023],[81.54133226500005,28.055254520000062],[81.53951420100003,28.05344989500003],[81.54911326400008,28.04909777000006],[81.56100976500005,28.042111645000034],[81.57722664000005,28.030995395000048],[81.58889557600008,28.024483833000033],[81.58847895100007,28.025965770000028],[81.59056376400008,28.028479332000074],[81.59147145100007,28.030546707000042],[81.59130695200008,28.032435958000065],[81.59005376400006,28.033456645000058],[81.58983645200004,28.03638852000006],[81.58853588900007,28.03794414500004],[81.58677613900005,28.03795395700007],[81.58615695200007,28.040197082000077],[81.58773345200007,28.04144258200006],[81.58810782600005,28.043410707000078],[81.58726557600005,28.04438227000003],[81.58976720200008,28.045962145000033],[81.58979939000005,28.047893458000033],[81.59651970200008,28.054865707000033],[81.59580120200008,28.056716707000078],[81.59262895200004,28.059871145000045],[81.59443063900005,28.063951770000074],[81.58979914000008,28.067083145000026],[81.59156570100004,28.069728895000026],[81.59183232600003,28.071965958000078],[81.60370870100007,28.066343520000032],[81.61056582700007,28.06384483200003],[81.61310538900005,28.066139457000077],[81.61687045100007,28.06431983300007],[81.61935463900005,28.065030645000036],[81.62062738900005,28.067513520000034],[81.62117213900007,28.06978314500003],[81.62286013900007,28.07102770700004],[81.62420388900006,28.076199770000073],[81.62307138900007,28.079095145000053],[81.62483626500006,28.08194133300003],[81.62988757600004,28.07966195700004],[81.63120032700004,28.083040333000042],[81.63109020200005,28.084108082000057],[81.63283195100007,28.087416708000035],[81.63359120200005,28.09117214500003],[81.63598895200005,28.091670958000066],[81.64738164000005,28.095146458000045],[81.64710063900003,28.097699645000034],[81.64612801400006,28.10089908300006],[81.64410901400004,28.099532270000054],[81.64294695200005,28.099664020000034],[81.64135826400008,28.101754020000044],[81.63813682700004,28.10346345800008],[81.63646032700007,28.103103519000058],[81.63622601400004,28.107053020000023],[81.63453495100003,28.109522457000025],[81.63489089000007,28.11119720800008],[81.63931738900004,28.111381958000038],[81.64171757700007,28.11092627000005],[81.64226795200005,28.113184457000045],[81.64353582600006,28.11519558300006],[81.64394539000006,28.117736457000035],[81.64577170200005,28.118199332000074],[81.64655526400009,28.11688483200004],[81.65022282700005,28.11587927000005],[81.65270845100008,28.113877458000047],[81.65484988900005,28.113968770000042],[81.65711263900005,28.113202082000043],[81.65908238900005,28.11122070700003],[81.66094607600007,28.114402020000057],[81.66635495200006,28.115903270000047],[81.66867626400006,28.115862707000076],[81.67097976400004,28.119400520000056],[81.66854726400004,28.123683457000027],[81.66722789000005,28.127114895000034],[81.66954432700004,28.128599395000037],[81.67338145200006,28.129453832000024],[81.67417882700005,28.130794645000037]]]}},{"type":"Feature","properties":{"STATE_CODE":5,"DISTRICT":"BANKE","GaPa_NaPa":"Khajura","Type_GN":"Gaunpalika","Province":"5","provinceId":"5","provinceCode":"5","provinceName":"Lumbini","districtId":"511","districtName":"Banke","municipalityId":"51104","municipalityCode":"51104","municipalityName":"Khajura Rural Municipality","municipalityNameNe":"खजुरा गाउँपालिका","municipalityType":"rural_municipality"},"geometry":{"type":"Polygon","coordinates":[[[81.62601401400008,28.15617789500004],[81.62433995100008,28.156377333000023],[81.62142888900007,28.158159457000068],[81.61896057600006,28.157148583000037],[81.61698338900004,28.157083020000073],[81.61542782600003,28.15575208200005],[81.61337301400005,28.155361895000055],[81.61145438900007,28.156198520000032],[81.60955907700009,28.15396202000005],[81.60777164000007,28.153236708000065],[81.60573457700008,28.149200333000067],[81.60653382700008,28.147597020000035],[81.60465757700007,28.146217770000078],[81.60298245100006,28.143815458000063],[81.59983388900008,28.14626602000004],[81.59840776400006,28.148679645000072],[81.59947976400008,28.150326583000037],[81.59640370200003,28.15247439500007],[81.59991114000007,28.15703927000004],[81.60132845200008,28.15792877000007],[81.60117488900005,28.16176283200008],[81.60330045200004,28.16421502000003],[81.60658545200005,28.166806458000053],[81.60833551500008,28.167414645000065],[81.60620726400003,28.168933520000053],[81.60448476400006,28.168934395000065],[81.60304938900003,28.170296708000024],[81.60045932600008,28.17052695700005],[81.59904239000008,28.17202227000007],[81.60163563900005,28.174957520000078],[81.60262507600004,28.177495957000076],[81.60082713900005,28.178715457000067],[81.60012357700003,28.182569957000055],[81.59874638900004,28.185044333000064],[81.59429664000004,28.187306395000064],[81.59212632700007,28.187990395000043],[81.58745926400007,28.187800707000065],[81.58638857700004,28.189231207000034],[81.58439320200006,28.188982520000025],[81.58386401400008,28.187786707000043],[81.58024876400003,28.18524577000005],[81.58024401500006,28.18377477000007],[81.57466163900006,28.182390395000027],[81.56978945100008,28.179360332000044],[81.56851313900006,28.180441832000042],[81.56526545100007,28.17868864500008],[81.56416432600008,28.17715445700003],[81.56057132600006,28.17543189500003],[81.55875445200007,28.175775457000043],[81.56129907700006,28.172297207000042],[81.56094282700008,28.17110514500007],[81.55810670100004,28.16601758300004],[81.55500857600003,28.165987332000043],[81.54950145100008,28.169114083000068],[81.54778351400006,28.166515020000077],[81.54460813900005,28.166942832000075],[81.54309801400007,28.16790089500006],[81.54131432700007,28.16698520800003],[81.54139688900005,28.16341102000007],[81.53762782600006,28.162839270000063],[81.53574070100007,28.16337683200004],[81.53476095100007,28.16232470700004],[81.53480176400006,28.158748395000032],[81.53261901400003,28.159088583000027],[81.53082120200008,28.15733345800004],[81.52818570200003,28.15917339500004],[81.52895776400004,28.162153208000063],[81.52787651400007,28.163086958000065],[81.52320813900008,28.163838145000057],[81.52175913900004,28.164822895000043],[81.52067501400006,28.164398333000065],[81.51888926400005,28.162223333000043],[81.51946513900003,28.16020627000006],[81.52259770200004,28.161205207000023],[81.52462520200004,28.159561645000053],[81.52418113900006,28.157126582000046],[81.52257945100007,28.156004582000037],[81.52042988900007,28.155960832000062],[81.51834495100007,28.15664789500005],[81.51675113900006,28.15598383300005],[81.51584345100008,28.153958832000058],[81.51598301400008,28.152144333000024],[81.51522651400006,28.15006008200004],[81.51382907600004,28.14849270700006],[81.51242745200005,28.148576958000035],[81.50914526500003,28.15191489500006],[81.50751620100004,28.151686270000027],[81.50628745200004,28.148759958000028],[81.50510945200006,28.147812145000046],[81.50199245200008,28.14689627000007],[81.50052832700004,28.14394589500006],[81.50170007700007,28.141383020000035],[81.50256095200007,28.137663770000074],[81.50415620200005,28.135340770000028],[81.50592195200005,28.13382702000007],[81.50542120200004,28.130304582000065],[81.50616251400004,28.127731957000037],[81.50560451400008,28.126933020000024],[81.50255713900003,28.128108457000053],[81.50045632700005,28.127082770000072],[81.50080576400006,28.126149707000025],[81.50453701400005,28.124522769000066],[81.50758120200004,28.122144707000075],[81.50287157700006,28.119007770000053],[81.50372557700007,28.116200083000024],[81.50816520200004,28.114155332000053],[81.50979307700004,28.11129283200006],[81.51269013900009,28.10830370700006],[81.51274051400003,28.10698364500007],[81.51107495100007,28.10496820800006],[81.50804757700007,28.104458270000066],[81.50642957700006,28.105484082000032],[81.50521126400008,28.104256645000078],[81.50764013900005,28.100479645000064],[81.50766526400008,28.099735020000026],[81.51013032600008,28.097047645000032],[81.51316313900008,28.096603145000074],[81.51379251400004,28.095592208000028],[81.51192238900006,28.091720645000066],[81.51353963900004,28.09083014500004],[81.51698020100008,28.09044270700008],[81.51872889000003,28.08888152000003],[81.52098807700008,28.088451020000036],[81.52557863900006,28.085983207000027],[81.52638882700006,28.08321389500003],[81.52278195200006,28.08283508200003],[81.52148438900008,28.08099214500004],[81.52001663900006,28.07614439500003],[81.51526251400009,28.07400083300007],[81.51234282600007,28.073623645000055],[81.50915776400007,28.074262770000075],[81.50697376400007,28.07616614500006],[81.50439513900005,28.074066020000032],[81.50617632700005,28.071584270000074],[81.50826657600004,28.070597332000034],[81.50671388900008,28.068759707000027],[81.51825088900006,28.06323608200006],[81.53951420100003,28.05344989500003],[81.54133226500005,28.055254520000062],[81.54088920200007,28.057070332000023],[81.54262145100006,28.05822770800006],[81.54128757700005,28.06143695700007],[81.54496557700008,28.064075770000045],[81.54604645200004,28.06327727000007],[81.55019607700007,28.06308470700003],[81.55283026400008,28.064495582000063],[81.55701582700004,28.06237127000003],[81.55706682700009,28.064246082000068],[81.56013757700003,28.064720957000077],[81.56012432600005,28.066577894000034],[81.55895445200008,28.06785295800006],[81.55048195100005,28.071260332000065],[81.54849170100005,28.072953770000026],[81.55365076400005,28.076060270000028],[81.55505538900007,28.075012145000073],[81.55726613900003,28.07551989500007],[81.55968020100005,28.077694145000066],[81.56158145200004,28.07640258200007],[81.56073007700007,28.075212458000067],[81.56183707700006,28.07370527000006],[81.56442713900003,28.072185208000064],[81.56474138900006,28.070254770000076],[81.56685120100008,28.06984220700008],[81.56901920200005,28.070331895000038],[81.57257132700005,28.072663645000034],[81.57432876500008,28.076537082000073],[81.57362413900006,28.078945145000034],[81.56979676400005,28.079080832000045],[81.56830982700006,28.079572020000057],[81.57009720200006,28.082258582000065],[81.56842970200006,28.084106645000077],[81.56973382600006,28.08547077000003],[81.56735770100005,28.087563207000073],[81.56442651400005,28.088850083000068],[81.56185613900004,28.090922832000047],[81.55916351400003,28.09188601900007],[81.55954301400004,28.09318858300003],[81.56163901400004,28.095282832000066],[81.56372626400008,28.09494714500005],[81.56608382600007,28.09243520700005],[81.56853601400007,28.092215270000054],[81.57012401500003,28.09287427000004],[81.57146938900007,28.094563145000052],[81.57589013900008,28.092148457000064],[81.57933782700007,28.09501295800004],[81.57676701400004,28.097221395000076],[81.57677695200005,28.09943252000005],[81.57954470200008,28.10073170800007],[81.58024676400004,28.102105145000053],[81.57910007700008,28.10345695700005],[81.58282163900003,28.103346457000043],[81.58380695200003,28.103807020000033],[81.58836932600008,28.109728270000062],[81.58974807600003,28.112896895000063],[81.58864838900007,28.11388308200003],[81.59048588900004,28.115529020000054],[81.59197882700005,28.117896208000047],[81.59378351500004,28.118204270000035],[81.59726013900007,28.12019495800007],[81.59873238900008,28.123512020000078],[81.60019357700008,28.125166207000063],[81.59932413900003,28.12625077000007],[81.60206020200008,28.12763089500004],[81.60543120200003,28.127841707000073],[81.60748913900005,28.128881707000062],[81.60907713900008,28.130539833000057],[81.61118001500006,28.130740270000047],[81.61627913900008,28.132249458000047],[81.61748676400003,28.13366995800004],[81.61975313900007,28.134180895000043],[81.62424838900006,28.13344527000004],[81.62932220100004,28.135362457000042],[81.63144257700003,28.134624020000047],[81.63278082600004,28.136474645000078],[81.63396770100007,28.13615564500003],[81.63634282600003,28.136974832000078],[81.63854457600007,28.138575582000044],[81.64137782700004,28.14277702000004],[81.64269107700005,28.144011770000077],[81.64230032600005,28.14934508300007],[81.64172588900004,28.151400958000067],[81.64276039000003,28.154870707000043],[81.64260426400006,28.156552333000036],[81.64364207700004,28.15916020800006],[81.64217401400003,28.160277145000066],[81.63809570200004,28.16129570800007],[81.63586870200004,28.159807957000055],[81.63173132600008,28.15845077000006],[81.63091926500005,28.15619152000005],[81.63123288900005,28.154973958000028],[81.62986176500004,28.15352727000004],[81.62567932700006,28.154446645000064],[81.62601401400008,28.15617789500004]]]}},{"type":"Feature","properties":{"STATE_CODE":5,"DISTRICT":"BANKE","GaPa_NaPa":"Kohalpur","Type_GN":"Nagarpalika","Province":"5","provinceId":"5","provinceCode":"5","provinceName":"Lumbini","districtId":"511","districtName":"Banke","municipalityId":"51102","municipalityCode":"51102","municipalityName":"Kohalpur Urban Municipality","municipalityNameNe":"कोहलपुर नगरपालिका","municipalityType":"municipality"},"geometry":{"type":"Polygon","coordinates":[[[81.74687276400005,28.313135083000077],[81.74556645200005,28.312907582000037],[81.74045126400006,28.31417408200008],[81.73837338900006,28.315004332000058],[81.73721107700004,28.313941208000074],[81.73807470200006,28.311438957000064],[81.73793232700007,28.30983558300005],[81.73621439000004,28.307489458000077],[81.73315482700008,28.306797458000062],[81.73164407700006,28.30480883200005],[81.72959901400003,28.30380452000003],[81.72848757700007,28.302316895000047],[81.72575926400003,28.300449770000057],[81.72399832700006,28.295168395000076],[81.72373995100008,28.291729083000064],[81.72537976400008,28.289216083000042],[81.72305514000004,28.286202832000072],[81.72145532700006,28.285586333000026],[81.71998545200006,28.283904333000066],[81.71949101500007,28.280689520000067],[81.71884263900006,28.279783708000025],[81.71565470200005,28.278054145000056],[81.71433707700004,28.276240332000043],[81.71366376500004,28.273405582000066],[81.71205595100008,28.268953520000025],[81.71033407700008,28.261598270000036],[81.70750945100008,28.251399207000077],[81.70655907700007,28.248705708000045],[81.70501045200007,28.24191802000007],[81.70443876400003,28.24070489500008],[81.70426420100006,28.237400458000025],[81.69416282700007,28.233727145000046],[81.69338089000007,28.231497457000046],[81.69153301400007,28.23056377000006],[81.68115013900007,28.22613277000005],[81.67965851400004,28.22963733200004],[81.67717613900004,28.229374395000036],[81.67558532700008,28.22716445800006],[81.67561763900005,28.225217145000045],[81.67696170200009,28.221634395000024],[81.67652626400007,28.21952245700004],[81.67470070200005,28.218051458000048],[81.67414395100008,28.215691895000077],[81.67051182600005,28.215118645000075],[81.66639413900003,28.211212958000033],[81.66132770200005,28.21148795700003],[81.65601857600006,28.213535082000078],[81.65121151400007,28.21366183200007],[81.64937451400004,28.213372770000035],[81.64745539000006,28.20981252000007],[81.64127226400007,28.209277582000027],[81.63754470100008,28.208336083000063],[81.63514807700005,28.208150957000043],[81.63545057700009,28.205026958000076],[81.63492276400007,28.20396439500007],[81.63778251400004,28.201410645000067],[81.63837539000008,28.200144395000052],[81.63594357700003,28.195162708000055],[81.63478351400005,28.193760207000025],[81.63493970100006,28.191318270000068],[81.63434370200008,28.188933958000064],[81.63214826400008,28.187048833000063],[81.63256107700005,28.18461245700007],[81.63215182700003,28.18169933300004],[81.62907488900004,28.17916395700007],[81.62833595100005,28.17505645800003],[81.62907876400004,28.172320770000056],[81.62825495200008,28.16968477000006],[81.62623188900005,28.167038458000036],[81.62607926400005,28.165656083000044],[81.62957751400006,28.163246145000073],[81.62805095100003,28.16124058300005],[81.62543807700007,28.15903695700007],[81.62601401400008,28.15617789500004],[81.62567932700006,28.154446645000064],[81.62986176500004,28.15352727000004],[81.63123288900005,28.154973958000028],[81.63091926500005,28.15619152000005],[81.63173132600008,28.15845077000006],[81.63586870200004,28.159807957000055],[81.63809570200004,28.16129570800007],[81.64217401400003,28.160277145000066],[81.64364207700004,28.15916020800006],[81.64260426400006,28.156552333000036],[81.64276039000003,28.154870707000043],[81.64172588900004,28.151400958000067],[81.64230032600005,28.14934508300007],[81.64269107700005,28.144011770000077],[81.64351082700006,28.143073770000058],[81.64756401500006,28.14286745800007],[81.64923132700005,28.142239145000076],[81.65017695200004,28.14359964500005],[81.65362438900007,28.14362614500004],[81.65551457700008,28.14416764500004],[81.65744326400005,28.145591082000067],[81.66075120200009,28.145997083000054],[81.66145420200007,28.143890895000027],[81.65961832700003,28.139240707000056],[81.66254457700006,28.138757207000026],[81.66410576400006,28.133634708000045],[81.66505114000006,28.132777333000035],[81.67154564000003,28.12984864500004],[81.67417882700005,28.130794645000037],[81.67624601400007,28.131276332000027],[81.67967557700007,28.132865707000065],[81.68303938900004,28.132298520000063],[81.68830076400008,28.133644020000077],[81.68913995100007,28.13133620700006],[81.69042882700006,28.12980220700007],[81.69394707600003,28.128340457000036],[81.69574488900008,28.12700920800006],[81.69350132700004,28.125220083000045],[81.69484957700007,28.123153332000072],[81.69970814000004,28.124143958000047],[81.70103576500009,28.123209833000033],[81.70167538900006,28.120708957000033],[81.70330670200008,28.120222270000056],[81.70456470200008,28.121504082000058],[81.70651589000005,28.121085707000077],[81.70907426500008,28.121566520000044],[81.71071639000007,28.122918582000068],[81.71106563900008,28.12532189500007],[81.71456095200006,28.12736370700003],[81.71790301400006,28.130286082000055],[81.71994807700008,28.131423770000026],[81.72269057700004,28.13436727000004],[81.72232332700008,28.137482770000076],[81.72487370100004,28.14040458200003],[81.72681957700007,28.143501145000073],[81.72743301400004,28.146033895000073],[81.72991232700008,28.149964582000052],[81.72975432700008,28.152478832000043],[81.73042276500007,28.155318083000054],[81.73226163900006,28.15618145700006],[81.73220413900003,28.160452770000063],[81.73335863900007,28.16128139500006],[81.73380913900007,28.163505832000055],[81.73734370200003,28.170485583000072],[81.73942420200007,28.172001832000035],[81.73621482700008,28.175829833000023],[81.74033557700005,28.179564208000045],[81.74048545100004,28.182746895000037],[81.74240326400007,28.18473320700008],[81.74278470100006,28.18649552000005],[81.74424526500007,28.18715770700004],[81.74533601400003,28.188839333000033],[81.74760570200004,28.190492083000038],[81.74828364000007,28.19239264500004],[81.75163538900006,28.19326320700003],[81.75375838900004,28.193224457000042],[81.75470514000006,28.194026957000062],[81.75575932700008,28.196645082000032],[81.75838164000004,28.199137208000025],[81.76042695200005,28.20483633200007],[81.76192414000008,28.206659958000046],[81.76311970100005,28.206797707000078],[81.76442738900005,28.204985458000067],[81.76718945200008,28.205858957000032],[81.76821413900007,28.207750645000033],[81.77124032700004,28.211079520000055],[81.77612595200003,28.213660083000036],[81.77865170200005,28.21370664500006],[81.78673713900008,28.217101082000056],[81.78718614000007,28.21815883200003],[81.78711270200006,28.221518708000076],[81.78787595200004,28.222944770000026],[81.78766638900004,28.22468095800008],[81.78921263900008,28.226576270000066],[81.78916795100008,28.228638645000046],[81.79013701400004,28.23146452000003],[81.78882082700005,28.23478645700004],[81.78895282700006,28.23662220700004],[81.79227151400005,28.23787777000007],[81.79349763900007,28.24063220800008],[81.79521426500008,28.242530957000042],[81.79587795200007,28.246554333000063],[81.79778870200005,28.250044770000045],[81.79954445200008,28.251345332000028],[81.80222857600006,28.25216445700005],[81.80236738900004,28.25411289500005],[81.80601657700004,28.254829207000057],[81.80829882700004,28.25665445800007],[81.81028713900008,28.256834457000025],[81.81335251400003,28.257906020000064],[81.81597426500008,28.259887082000034],[81.81575257700007,28.26163914500006],[81.81793895200008,28.262794770000028],[81.81769426400007,28.264623708000045],[81.82031457700003,28.265704520000043],[81.82238782700006,28.26763233300005],[81.82268295200004,28.269388020000065],[81.82496920200003,28.27000602000004],[81.82607232700008,28.27367464500003],[81.82759463900004,28.27517933200005],[81.83074439000006,28.27538583300003],[81.82804089000007,28.276859708000075],[81.82388201400005,28.276679520000073],[81.81907282700007,28.278359957000077],[81.81632251400003,28.278651645000025],[81.81340782700005,28.28130420800005],[81.81096157700006,28.282724333000033],[81.80764226400004,28.28236270800005],[81.80623757700005,28.280211895000036],[81.80193557700005,28.275905395000052],[81.79989851400006,28.27351002000006],[81.79509520200008,28.27386745700005],[81.79323001500006,28.27779270700006],[81.79402920200005,28.281163270000036],[81.79269876500007,28.283835520000025],[81.79248482700007,28.28635239500005],[81.79103964000006,28.288165708000065],[81.78982501500008,28.293251332000068],[81.78895082700006,28.294560395000076],[81.78703301500008,28.295476208000025],[81.78207076500007,28.295073771000034],[81.78039888900008,28.29677545800007],[81.77824301500004,28.29783914500007],[81.77557401500007,28.297310582000023],[81.77271463900007,28.299707020000028],[81.76923339000007,28.300640458000032],[81.76601857700007,28.305500207000023],[81.76301420200008,28.30907952000007],[81.75815170200008,28.307624333000035],[81.75558564000005,28.307345207000026],[81.75094007600006,28.310349020000046],[81.74985264000009,28.312335895000047],[81.74687276400005,28.313135083000077]]]}},{"type":"Feature","properties":{"STATE_CODE":5,"DISTRICT":"BANKE","GaPa_NaPa":"Narainapur","Type_GN":"Gaunpalika","Province":"5","provinceId":"5","provinceCode":"5","provinceName":"Lumbini","districtId":"511","districtName":"Banke","municipalityId":"51108","municipalityCode":"51108","municipalityName":"Narainapur Rural Municipality","municipalityNameNe":"नरैनापुर गाउँपालिका","municipalityType":"rural_municipality"},"geometry":{"type":"Polygon","coordinates":[[[81.96359389000008,27.923033832000044],[81.96172839000008,27.926582395000025],[81.96101695200008,27.92965127000008],[81.96025901500008,27.936734270000045],[81.95867032700005,27.937864395000076],[81.95817732700004,27.93935689500006],[81.95507301500004,27.941853583000068],[81.95204051500008,27.940741958000046],[81.94904870300007,27.942610458000047],[81.94566945200006,27.943549708000035],[81.94163420200005,27.94334052000005],[81.94018620200006,27.942700582000043],[81.93871420200009,27.944066645000078],[81.93595545200003,27.943534895000028],[81.93437188900003,27.942566457000055],[81.92916376500006,27.94290177000005],[81.92733607700006,27.94272008200005],[81.92344113900003,27.945704144000047],[81.92222939000004,27.945583645000056],[81.92047863900007,27.947436457000038],[81.91741270200004,27.94956645700006],[81.91452770300003,27.949962457000026],[81.91127520200007,27.951764207000053],[81.90823395200005,27.951791082000057],[81.90468376400008,27.954021020000027],[81.90310764000003,27.956149957000036],[81.90104820200008,27.95714945700007],[81.89975901500003,27.960111270000027],[81.89816139000004,27.96235308200005],[81.89539101400004,27.962064333000058],[81.89385645200008,27.962873020000075],[81.89265401400007,27.964897832000077],[81.89258395200005,27.966965020000032],[81.89156882700007,27.968135833000076],[81.88873507700004,27.969280020000042],[81.88879926400006,27.971217644000035],[81.88803901400007,27.973891708000053],[81.88418120300008,27.976398394000057],[81.88303114000007,27.976243332000024],[81.88064251400004,27.97941508200006],[81.87867214000005,27.979420895000032],[81.87746970300003,27.981429895000076],[81.87585757700003,27.981561957000054],[81.87335107700005,27.982863957000063],[81.87263307700005,27.984127520000072],[81.87087470200004,27.983238395000058],[81.86605876500005,27.983706520000055],[81.86159101500004,27.981376832000024],[81.85895557700007,27.981253395000067],[81.85741082700008,27.98212039400005],[81.85555914000008,27.98155433200003],[81.85352445200004,27.983157645000063],[81.85082620200006,27.983853457000066],[81.84581257700006,27.986203832000058],[81.84061663900007,27.98727351900004],[81.83777920200004,27.989226707000057],[81.83615020200006,27.989177958000028],[81.83510301400008,27.991582707000077],[81.83349332700004,27.99249039500006],[81.82937263900004,27.991709832000026],[81.82629970200009,27.99365977000008],[81.82586888900005,27.997163957000055],[81.82128545200004,27.994294395000054],[81.81828239000004,27.99172214400005],[81.81619101400008,27.99130139500005],[81.81556382700006,27.98978214500005],[81.81199007700008,27.988609707000023],[81.80966920100008,27.987059832000057],[81.81019720200004,27.984834332000048],[81.80829357700003,27.981190395000056],[81.80772976400004,27.97801014500004],[81.80601363900007,27.97631677000004],[81.80454463900008,27.975887645000057],[81.80475345200006,27.97440183200007],[81.80146507700005,27.971264520000034],[81.79665157700003,27.971612770000036],[81.79435088900004,27.97099664500007],[81.79296507700008,27.97150552000005],[81.78997426400008,27.97104895700005],[81.78809226500005,27.972524019000048],[81.78636220200008,27.971383269000057],[81.78294813900004,27.97152901900006],[81.78003932700005,27.970365582000056],[81.77864720200006,27.96857970800005],[81.77669451500003,27.970321332000026],[81.77414938900006,27.97086589500003],[81.76864963900005,27.97292283300004],[81.76650407700004,27.974640582000063],[81.76576920100007,27.97233195800004],[81.76421213900005,27.97029420700005],[81.76195751400007,27.96870252000008],[81.76283720200007,27.96613677000005],[81.75918189000004,27.968189895000023],[81.75634582700008,27.968385958000056],[81.75409813900006,27.96941364500003],[81.75313226400004,27.966562520000025],[81.75308295200006,27.96174114400003],[81.75779026500004,27.96133395800007],[81.75960638900006,27.96075764400007],[81.76570476400008,27.95708902000007],[81.76656807700004,27.955193457000064],[81.76564851400008,27.952536144000078],[81.76404620200003,27.950611457000036],[81.75799382700006,27.945728520000046],[81.75889857700008,27.94157420700003],[81.76967201500008,27.932981208000058],[81.77782376400006,27.926649458000043],[81.80655570200008,27.90381320700004],[81.80720276500006,27.903128020000054],[81.81111563900004,27.903080269000043],[81.81543595200003,27.90444233200003],[81.81764232700004,27.903747895000038],[81.82299895200003,27.90333695700008],[81.82624764000008,27.90177870800005],[81.82731507700004,27.900461457000063],[81.83277545200008,27.898864958000047],[81.83543057700007,27.897436457000026],[81.83734026500008,27.895105457000057],[81.84105657700007,27.891603645000032],[81.84288995200006,27.89035602000007],[81.84944189000004,27.88708708200005],[81.85716376400006,27.88121364500006],[81.86365157700004,27.87703745700003],[81.86788576400005,27.87481777000005],[81.87101314000006,27.872325208000063],[81.87544670200003,27.86928727000003],[81.87982689000006,27.86548014500005],[81.88281301400008,27.860903457000063],[81.88478445200008,27.85872027000005],[81.88734688900007,27.856869520000032],[81.89472032700007,27.85590808200004],[81.89968520200006,27.85465064400006],[81.90143663900005,27.853702832000067],[81.90400326400004,27.85362970700004],[81.90745582700004,27.855080332000057],[81.90908095200007,27.855049333000068],[81.91605645200008,27.856688645000077],[81.91816657700008,27.856819020000046],[81.92210632800004,27.858130645000074],[81.92802501500006,27.859647770000038],[81.92795645300004,27.86784295700005],[81.92771570200006,27.873110582000038],[81.92709939000008,27.87535970700003],[81.93190001500005,27.882522519000076],[81.93991976500007,27.887804020000033],[81.93998270200007,27.893622395000023],[81.94961857700008,27.90338901900003],[81.95282089000005,27.91008814500003],[81.96119520200006,27.91627520700007],[81.96359389000008,27.923033832000044]]]}},{"type":"Feature","properties":{"STATE_CODE":5,"DISTRICT":"BANKE","GaPa_NaPa":"Nepalgunj","Type_GN":"Upamahanagarpalika","Province":"5","provinceId":"5","provinceCode":"5","provinceName":"Lumbini","districtId":"511","districtName":"Banke","municipalityId":"51106","municipalityCode":"51106","municipalityName":"Nepalganj Sub-Metropolitian City","municipalityNameNe":"नेपालगञ्ज उपमहानगरपालिका","municipalityType":"sub_metropolitan"},"geometry":{"type":"Polygon","coordinates":[[[81.70330670200008,28.120222270000056],[81.70167538900006,28.120708957000033],[81.70103576500009,28.123209833000033],[81.69970814000004,28.124143958000047],[81.69484957700007,28.123153332000072],[81.69350132700004,28.125220083000045],[81.69574488900008,28.12700920800006],[81.69394707600003,28.128340457000036],[81.69042882700006,28.12980220700007],[81.68913995100007,28.13133620700006],[81.68830076400008,28.133644020000077],[81.68303938900004,28.132298520000063],[81.67967557700007,28.132865707000065],[81.67624601400007,28.131276332000027],[81.67417882700005,28.130794645000037],[81.67338145200006,28.129453832000024],[81.66954432700004,28.128599395000037],[81.66722789000005,28.127114895000034],[81.66854726400004,28.123683457000027],[81.67097976400004,28.119400520000056],[81.66867626400006,28.115862707000076],[81.66635495200006,28.115903270000047],[81.66094607600007,28.114402020000057],[81.65908238900005,28.11122070700003],[81.65711263900005,28.113202082000043],[81.65484988900005,28.113968770000042],[81.65270845100008,28.113877458000047],[81.65022282700005,28.11587927000005],[81.64655526400009,28.11688483200004],[81.64577170200005,28.118199332000074],[81.64394539000006,28.117736457000035],[81.64353582600006,28.11519558300006],[81.64226795200005,28.113184457000045],[81.64171757700007,28.11092627000005],[81.63931738900004,28.111381958000038],[81.63489089000007,28.11119720800008],[81.63453495100003,28.109522457000025],[81.63622601400004,28.107053020000023],[81.63646032700007,28.103103519000058],[81.63813682700004,28.10346345800008],[81.64135826400008,28.101754020000044],[81.64294695200005,28.099664020000034],[81.64410901400004,28.099532270000054],[81.64612801400006,28.10089908300006],[81.64710063900003,28.097699645000034],[81.64738164000005,28.095146458000045],[81.63598895200005,28.091670958000066],[81.63359120200005,28.09117214500003],[81.63283195100007,28.087416708000035],[81.63109020200005,28.084108082000057],[81.63120032700004,28.083040333000042],[81.62988757600004,28.07966195700004],[81.62483626500006,28.08194133300003],[81.62307138900007,28.079095145000053],[81.62420388900006,28.076199770000073],[81.62286013900007,28.07102770700004],[81.62117213900007,28.06978314500003],[81.62062738900005,28.067513520000034],[81.61935463900005,28.065030645000036],[81.61687045100007,28.06431983300007],[81.61310538900005,28.066139457000077],[81.61056582700007,28.06384483200003],[81.60370870100007,28.066343520000032],[81.59183232600003,28.071965958000078],[81.59156570100004,28.069728895000026],[81.58979914000008,28.067083145000026],[81.59443063900005,28.063951770000074],[81.59262895200004,28.059871145000045],[81.59580120200008,28.056716707000078],[81.59651970200008,28.054865707000033],[81.58979939000005,28.047893458000033],[81.58976720200008,28.045962145000033],[81.58726557600005,28.04438227000003],[81.58810782600005,28.043410707000078],[81.58773345200007,28.04144258200006],[81.58615695200007,28.040197082000077],[81.58677613900005,28.03795395700007],[81.58853588900007,28.03794414500004],[81.58983645200004,28.03638852000006],[81.59005376400006,28.033456645000058],[81.59130695200008,28.032435958000065],[81.59147145100007,28.030546707000042],[81.59056376400008,28.028479332000074],[81.58847895100007,28.025965770000028],[81.58889557600008,28.024483833000033],[81.60038838900005,28.019829019000042],[81.61531701400008,28.011604270000078],[81.61890588900008,28.010297582000078],[81.62107763900008,28.00850308200006],[81.62592138900004,28.00145277000007],[81.62859901400003,28.001571394000052],[81.63110564000004,28.00703139500007],[81.63274720200008,28.007220145000076],[81.63359126400007,28.008529458000055],[81.63306638900008,28.010291770000038],[81.63534970200004,28.010003707000067],[81.63728826400006,28.010757332000026],[81.63732220200006,28.015005769000027],[81.64050776400006,28.014652520000027],[81.64197907700003,28.021376145000033],[81.64540888900007,28.027837832000046],[81.64790313900005,28.028110395000056],[81.64977764000008,28.029358270000046],[81.65057845200005,28.02816095700007],[81.65389995200007,28.025629395000067],[81.65588826400005,28.025712458000044],[81.65881495200006,28.02288264500004],[81.65875657700008,28.02123583200006],[81.66246307600005,28.02070583300008],[81.66323120200008,28.01878202000006],[81.66310976500006,28.016596270000036],[81.66490195100005,28.01074614500004],[81.66650120100007,28.008389583000053],[81.66851132700003,28.003007645000025],[81.67248026400006,27.99673164400008],[81.67355645200007,27.999027770000055],[81.67903863900005,28.00218439500003],[81.68008901500008,28.00520039500003],[81.68135613900006,28.006161957000074],[81.68690801500009,28.00728964500007],[81.68887882600006,28.011368145000063],[81.68904388900006,28.017524645000037],[81.68421220200008,28.02011189500007],[81.68052832700005,28.02098314500006],[81.67952451400004,28.02592252000005],[81.67950339000004,28.02792845700003],[81.68240020200005,28.03093295800005],[81.68289132700005,28.032000019000066],[81.68250538900008,28.03451089500004],[81.68292126400007,28.036839520000058],[81.68425238900005,28.037821145000066],[81.68831063900006,28.039258395000047],[81.68780520200005,28.041553332000035],[81.68533464000006,28.043158583000036],[81.68161182700004,28.043932957000038],[81.68166851500007,28.04717489500007],[81.67822695200005,28.050431957000058],[81.67947695200007,28.052851333000035],[81.68104282700006,28.058461582000064],[81.68105457700005,28.061241207000023],[81.68211920100003,28.063480895000055],[81.68375320200005,28.06443620700003],[81.68231276400007,28.067550207000068],[81.67858195100007,28.068498332000047],[81.67979851400008,28.071220082000025],[81.67572126500005,28.074247833000072],[81.67811264000005,28.074572208000063],[81.68001801400004,28.076796457000057],[81.68160076400005,28.077460957000028],[81.68550057700008,28.076647270000024],[81.68586551400006,28.078728020000028],[81.68482726400003,28.081488145000037],[81.68585832700006,28.081999645000053],[81.68841095100004,28.081048270000053],[81.69067176500005,28.080910582000058],[81.69041832600004,28.082355832000076],[81.68725651400007,28.08403458300006],[81.68438701400004,28.08487920700003],[81.68342389000009,28.086359582000057],[81.68462988900006,28.088370645000055],[81.68587695100007,28.08833283200005],[81.68695307700006,28.08672327000005],[81.68890145200004,28.090535583000076],[81.69058045200006,28.09148827000007],[81.69025663900004,28.094671207000033],[81.69102813900008,28.09733639500007],[81.68834570200005,28.09883908200004],[81.68730245200004,28.10332070800007],[81.68453157700003,28.104358895000075],[81.68768338900009,28.108702208000068],[81.69167839000005,28.11085033200004],[81.69084870200004,28.11221726900004],[81.69432176500004,28.114503332000027],[81.69566301400005,28.11639633200008],[81.69909545200005,28.117572395000025],[81.70330670200008,28.120222270000056]]]}},{"type":"Feature","properties":{"STATE_CODE":5,"DISTRICT":"BANKE","GaPa_NaPa":"Rapti Sonari","Type_GN":"Gaunpalika","Province":"5","provinceId":"5","provinceCode":"5","provinceName":"Lumbini","districtId":"511","districtName":"Banke","municipalityId":"51101","municipalityCode":"51101","municipalityName":"Rapti Sonari Rural Municipality","municipalityNameNe":"राप्ती सोनारी गाउँपालिका","municipalityType":"rural_municipality"},"geometry":{"type":"Polygon","coordinates":[[[81.92311352000007,28.226878989000056],[81.92069026400003,28.226708770000073],[81.91739051400003,28.227642395000032],[81.91494326400004,28.228870332000042],[81.91111401500007,28.23211989500004],[81.90664332700004,28.232526458000052],[81.90549970200004,28.232188832000077],[81.90250688900005,28.233153895000044],[81.89798176500005,28.233312270000056],[81.89420788900009,28.235647270000072],[81.89043882700008,28.23674127000004],[81.88889251500007,28.24020777000004],[81.88470095200006,28.243389020000052],[81.88041970200004,28.24103414500007],[81.87848170200004,28.239034145000062],[81.87376101400008,28.23961264500008],[81.87000701500006,28.23868452000005],[81.86555589000005,28.23825927000007],[81.86237113900006,28.23880283300008],[81.86536532700006,28.243212708000044],[81.86617620200008,28.245427645000063],[81.86666451500008,28.248702708000053],[81.86329995200003,28.254957708000063],[81.86033682700008,28.256580520000057],[81.85568888900008,28.260318770000026],[81.85210995200003,28.265613708000046],[81.84865745200005,28.268493770000077],[81.84693251400006,28.269253520000063],[81.84563257700006,28.271657582000046],[81.84354351500008,28.272318020000057],[81.83985601400008,28.27242645700005],[81.83458051500008,28.274135082000043],[81.83295138900007,28.27413377000005],[81.83074439000006,28.27538583300003],[81.82759463900004,28.27517933200005],[81.82607232700008,28.27367464500003],[81.82496920200003,28.27000602000004],[81.82268295200004,28.269388020000065],[81.82238782700006,28.26763233300005],[81.82031457700003,28.265704520000043],[81.81769426400007,28.264623708000045],[81.81793895200008,28.262794770000028],[81.81575257700007,28.26163914500006],[81.81597426500008,28.259887082000034],[81.81335251400003,28.257906020000064],[81.81028713900008,28.256834457000025],[81.80829882700004,28.25665445800007],[81.80601657700004,28.254829207000057],[81.80236738900004,28.25411289500005],[81.80222857600006,28.25216445700005],[81.79954445200008,28.251345332000028],[81.79778870200005,28.250044770000045],[81.79587795200007,28.246554333000063],[81.79521426500008,28.242530957000042],[81.79349763900007,28.24063220800008],[81.79227151400005,28.23787777000007],[81.78895282700006,28.23662220700004],[81.78882082700005,28.23478645700004],[81.79013701400004,28.23146452000003],[81.78916795100008,28.228638645000046],[81.78921263900008,28.226576270000066],[81.78766638900004,28.22468095800008],[81.78787595200004,28.222944770000026],[81.78711270200006,28.221518708000076],[81.78718614000007,28.21815883200003],[81.78673713900008,28.217101082000056],[81.77865170200005,28.21370664500006],[81.77612595200003,28.213660083000036],[81.77124032700004,28.211079520000055],[81.76821413900007,28.207750645000033],[81.76718945200008,28.205858957000032],[81.76442738900005,28.204985458000067],[81.76311970100005,28.206797707000078],[81.76192414000008,28.206659958000046],[81.76042695200005,28.20483633200007],[81.75838164000004,28.199137208000025],[81.75575932700008,28.196645082000032],[81.75470514000006,28.194026957000062],[81.75375838900004,28.193224457000042],[81.75163538900006,28.19326320700003],[81.74828364000007,28.19239264500004],[81.74760570200004,28.190492083000038],[81.74533601400003,28.188839333000033],[81.74424526500007,28.18715770700004],[81.74278470100006,28.18649552000005],[81.74240326400007,28.18473320700008],[81.74048545100004,28.182746895000037],[81.74033557700005,28.179564208000045],[81.73621482700008,28.175829833000023],[81.73942420200007,28.172001832000035],[81.73734370200003,28.170485583000072],[81.73380913900007,28.163505832000055],[81.73335863900007,28.16128139500006],[81.73220413900003,28.160452770000063],[81.73226163900006,28.15618145700006],[81.73042276500007,28.155318083000054],[81.72975432700008,28.152478832000043],[81.72991232700008,28.149964582000052],[81.72743301400004,28.146033895000073],[81.72681957700007,28.143501145000073],[81.72487370100004,28.14040458200003],[81.72232332700008,28.137482770000076],[81.72269057700004,28.13436727000004],[81.71994807700008,28.131423770000026],[81.71790301400006,28.130286082000055],[81.71456095200006,28.12736370700003],[81.71369432700004,28.126219770000034],[81.71431445100006,28.122633645000064],[81.71558182700005,28.119463832000065],[81.71663932700005,28.11881077000004],[81.71758376500009,28.114065458000027],[81.72017588900007,28.111053395000056],[81.71959601400005,28.106812458000036],[81.72178289000004,28.10478164500006],[81.72056245200008,28.10416983300007],[81.72160032700003,28.102406770000073],[81.72622738900003,28.10161977000007],[81.72834207700004,28.100333770000077],[81.72825488900008,28.097218394000038],[81.72945976500006,28.09506408200008],[81.72857813900004,28.092992958000025],[81.73356182700007,28.094035895000047],[81.73647045200005,28.09538989500004],[81.73567232700003,28.092330145000062],[81.73596463900003,28.090431082000066],[81.73233995100009,28.086626145000025],[81.72674176500004,28.085909145000073],[81.72588413900007,28.084830645000068],[81.72524482700004,28.082076957000027],[81.72268113900003,28.07913927000004],[81.71947107700004,28.07415183200004],[81.71753451400008,28.069552458000032],[81.71757432700008,28.065973833000044],[81.71865126400007,28.061721958000078],[81.71994263900007,28.06008170800004],[81.72210532700007,28.05866020800005],[81.72885701500007,28.055722957000057],[81.73439389000004,28.05251439500006],[81.73836545200004,28.049273457000027],[81.73969851500004,28.046540707000077],[81.73869420200003,28.04323395700004],[81.73630626400006,28.038756832000047],[81.73594845200006,28.036071582000034],[81.73813107600006,28.034690270000056],[81.74004032700003,28.029598957000076],[81.74017245200008,28.025408395000056],[81.73958213900005,28.019017332000033],[81.73845770200006,28.01669045700004],[81.73194801500006,28.011396020000063],[81.72632101400006,28.008075269000074],[81.72334807700008,28.006886145000067],[81.72240620200006,28.00584189500006],[81.72106907700004,28.001945583000065],[81.72094426400008,28.000001707000024],[81.72160420200004,27.99698802000006],[81.72299101500005,27.99462520700007],[81.72524776400007,27.993119707000062],[81.72797838900004,27.992157645000077],[81.73138057600005,27.99221852000005],[81.73384438900007,27.99278977000006],[81.73713364000008,27.99427714500007],[81.74177395200007,27.997600457000033],[81.74483782700008,27.998166020000042],[81.74898589000009,27.99706727000006],[81.75210676400008,27.996772708000037],[81.75586851400004,27.988864207000063],[81.75746263900004,27.984378958000036],[81.75785201500008,27.979182958000024],[81.75597345200003,27.973753457000043],[81.75409813900006,27.96941364500003],[81.75634582700008,27.968385958000056],[81.75918189000004,27.968189895000023],[81.76283720200007,27.96613677000005],[81.76195751400007,27.96870252000008],[81.76421213900005,27.97029420700005],[81.76576920100007,27.97233195800004],[81.76650407700004,27.974640582000063],[81.76864963900005,27.97292283300004],[81.77414938900006,27.97086589500003],[81.77669451500003,27.970321332000026],[81.77864720200006,27.96857970800005],[81.78003932700005,27.970365582000056],[81.78294813900004,27.97152901900006],[81.78636220200008,27.971383269000057],[81.78809226500005,27.972524019000048],[81.78997426400008,27.97104895700005],[81.79296507700008,27.97150552000005],[81.79435088900004,27.97099664500007],[81.79665157700003,27.971612770000036],[81.80146507700005,27.971264520000034],[81.80475345200006,27.97440183200007],[81.80454463900008,27.975887645000057],[81.80601363900007,27.97631677000004],[81.80772976400004,27.97801014500004],[81.80829357700003,27.981190395000056],[81.81019720200004,27.984834332000048],[81.80966920100008,27.987059832000057],[81.81199007700008,27.988609707000023],[81.81556382700006,27.98978214500005],[81.81619101400008,27.99130139500005],[81.81828239000004,27.99172214400005],[81.82128545200004,27.994294395000054],[81.82586888900005,27.997163957000055],[81.82629970200009,27.99365977000008],[81.82937263900004,27.991709832000026],[81.83349332700004,27.99249039500006],[81.83510301400008,27.991582707000077],[81.83615020200006,27.989177958000028],[81.83777920200004,27.989226707000057],[81.84061663900007,27.98727351900004],[81.84581257700006,27.986203832000058],[81.85082620200006,27.983853457000066],[81.85352445200004,27.983157645000063],[81.85555914000008,27.98155433200003],[81.85741082700008,27.98212039400005],[81.85895557700007,27.981253395000067],[81.86159101500004,27.981376832000024],[81.86605876500005,27.983706520000055],[81.87087470200004,27.983238395000058],[81.87263307700005,27.984127520000072],[81.87335107700005,27.982863957000063],[81.87585757700003,27.981561957000054],[81.87746970300003,27.981429895000076],[81.87867214000005,27.979420895000032],[81.88064251400004,27.97941508200006],[81.88303114000007,27.976243332000024],[81.88418120300008,27.976398394000057],[81.88803901400007,27.973891708000053],[81.88879926400006,27.971217644000035],[81.88873507700004,27.969280020000042],[81.89156882700007,27.968135833000076],[81.89258395200005,27.966965020000032],[81.89265401400007,27.964897832000077],[81.89385645200008,27.962873020000075],[81.89539101400004,27.962064333000058],[81.89816139000004,27.96235308200005],[81.89975901500003,27.960111270000027],[81.90104820200008,27.95714945700007],[81.90310764000003,27.956149957000036],[81.90468376400008,27.954021020000027],[81.90823395200005,27.951791082000057],[81.91127520200007,27.951764207000053],[81.91452770300003,27.949962457000026],[81.91741270200004,27.94956645700006],[81.92047863900007,27.947436457000038],[81.92222939000004,27.945583645000056],[81.92344113900003,27.945704144000047],[81.92733607700006,27.94272008200005],[81.92916376500006,27.94290177000005],[81.93437188900003,27.942566457000055],[81.93595545200003,27.943534895000028],[81.93871420200009,27.944066645000078],[81.94018620200006,27.942700582000043],[81.94163420200005,27.94334052000005],[81.94566945200006,27.943549708000035],[81.94904870300007,27.942610458000047],[81.95204051500008,27.940741958000046],[81.95507301500004,27.941853583000068],[81.95817732700004,27.93935689500006],[81.95867032700005,27.937864395000076],[81.96025901500008,27.936734270000045],[81.96101695200008,27.92965127000008],[81.96172839000008,27.926582395000025],[81.96359389000008,27.923033832000044],[81.97009851500007,27.92882952000008],[81.97961520200005,27.928392145000032],[81.99306201500008,27.929085520000058],[81.99999976500004,27.928193708000038],[82.02742395200005,27.92496408200003],[82.04699214000004,27.924363207000056],[82.06455032700006,27.92159345700003],[82.06923539000007,27.92213926900007],[82.06979782700006,27.924894145000053],[82.06706826500005,27.925140958000043],[82.06784582700004,27.92698045700007],[82.06730682700004,27.927963832000046],[82.06981295200006,27.929201082000077],[82.07075314000008,27.931416082000055],[82.06926439000006,27.934827708000057],[82.06879682800007,27.93862395700006],[82.06738501400008,27.939088394000066],[82.06667607700007,27.942311145000076],[82.06823839000003,27.943519645000038],[82.06796201400005,27.945186832000047],[82.06869013900007,27.94663639500004],[82.06914751500005,27.95024270700003],[82.07097845200008,27.952137208000067],[82.07283370200008,27.951662457000054],[82.07692264000008,27.952438270000073],[82.08074464000003,27.95242858200004],[82.08565976500006,27.95145589400005],[82.08705807700005,27.950334832000067],[82.08988326500008,27.94980483300003],[82.09194989000008,27.950846582000054],[82.09289776400004,27.953131332000055],[82.09706276500003,27.95512870700003],[82.09710376500004,27.953467895000074],[82.09900282700005,27.94998952000003],[82.10188570200006,27.948899332000053],[82.10471082800007,27.948499895000054],[82.10883445200005,27.95066877000005],[82.11170707700006,27.950318457000037],[82.11613414000004,27.952513957000065],[82.11562595300006,27.95010627000005],[82.11756464000007,27.949925833000066],[82.11927732800007,27.948835707000057],[82.12138732700004,27.948635769000077],[82.12498426500008,27.949971395000034],[82.12832395300006,27.953677957000025],[82.12979657700004,27.95460895800005],[82.13229314000006,27.95815308300007],[82.13394357700008,27.958464457000048],[82.13515551500006,27.962032644000033],[82.13854495200007,27.961034520000055],[82.14314570200008,27.958580082000026],[82.14414345300008,27.958860582000057],[82.14894314000009,27.961895645000027],[82.15203145300006,27.96174127000006],[82.15861564000005,27.960104458000046],[82.16470276500007,27.956384582000055],[82.16957026500006,27.95530327000006],[82.17600682700004,27.952177832000075],[82.17897376500008,27.95158170700006],[82.18192951500004,27.95206170800003],[82.18469470300005,27.951670145000037],[82.18778826500005,27.952609145000054],[82.18955807800006,27.95244495700007],[82.19264345200008,27.953095019000045],[82.19452414000006,27.954233895000073],[82.19340782700004,27.95686964500004],[82.19422857700005,27.95924277000006],[82.19348382700008,27.96072245700003],[82.19413926500005,27.963823395000077],[82.19352707700006,27.965746395000053],[82.19199289000005,27.96759839500004],[82.19181676500006,27.969957582000063],[82.19504757800007,27.972343520000038],[82.19449214000008,27.975960395000072],[82.19411401400004,27.979762957000048],[82.19202707800008,27.981112145000054],[82.19214907800006,27.98255727000003],[82.19088988900006,27.985634207000032],[82.18900051500003,27.988037520000034],[82.18922895200006,27.989799770000047],[82.18799838900009,27.991622145000065],[82.18779557800008,27.994915457000047],[82.18956264000008,27.999764395000057],[82.19218588900003,28.002187207000077],[82.19258795300004,28.00331852000005],[82.19171170300007,28.00598608200005],[82.19112170300008,28.011972082000057],[82.19152382800007,28.01403739500006],[82.19419132700006,28.016398957000035],[82.19501251500003,28.01795752000004],[82.19601920300005,28.023521207000044],[82.19469620200005,28.02787352000007],[82.19334520200005,28.030791082000064],[82.19105032800007,28.032850457000052],[82.18511782800005,28.033752332000063],[82.18208970200004,28.03598939500006],[82.18159195200008,28.039075457000024],[82.18060864000006,28.04089102000006],[82.17811582700006,28.04216452000003],[82.17621557800004,28.045549208000068],[82.17477676500005,28.046592520000047],[82.17217757700007,28.04598983300008],[82.16698320300003,28.045492582000065],[82.16427995200007,28.045844895000073],[82.15783738900006,28.047943333000035],[82.15353807800005,28.04982958200003],[82.14890826500005,28.052993083000047],[82.14566413900008,28.05453627000003],[82.14197782800005,28.05580333200004],[82.13905701500005,28.056357770000034],[82.13543532700004,28.05756770800008],[82.13171795200003,28.06099608200003],[82.12704557800004,28.06323870700004],[82.12498501400006,28.062957832000052],[82.12037864000007,28.06723020800007],[82.11864913900007,28.06767295800006],[82.11583914000005,28.06933377000007],[82.11229613900008,28.070102520000034],[82.10929364000003,28.072601770000063],[82.10704907800005,28.07299895700004],[82.10422201500006,28.072527583000067],[82.10136257700003,28.07348683300006],[82.09757189000004,28.076562958000068],[82.09583332700004,28.07738683300005],[82.09274938900006,28.07780845700006],[82.09015539000006,28.079322645000047],[82.08707307800006,28.076883457000065],[82.08477295300008,28.07872908300004],[82.08096339000008,28.07985558300004],[82.07908407800005,28.079342457000052],[82.07653570200006,28.080747708000047],[82.07332595200006,28.08374870800003],[82.06779970300005,28.084703270000034],[82.06450907700008,28.086576582000077],[82.06015557800004,28.087934645000075],[82.05805664000007,28.090326582000046],[82.05566520200006,28.091432458000043],[82.05367726500003,28.090037645000052],[82.05204820200004,28.089817770000025],[82.04581757700004,28.095063520000053],[82.04296357700008,28.095721457000025],[82.03876970300007,28.09490045700005],[82.03392182700009,28.096308832000034],[82.02482620200004,28.098272208000026],[82.02284889000003,28.09917589500003],[82.02136626400005,28.100928645000067],[82.02109376500005,28.10513839500004],[82.01932420200006,28.108113832000072],[82.02005382700008,28.110863145000053],[82.01829645200007,28.11601802000007],[82.01896964000008,28.119322645000068],[82.02036907800004,28.12105170700005],[82.02079414000008,28.12394770800006],[82.02001239000003,28.125043207000033],[82.02046276500005,28.128121708000037],[82.02037245300005,28.132018707000043],[82.01782432700008,28.138774457000068],[82.01635001500006,28.140060083000037],[82.01397664000007,28.144736583000054],[82.01158370200005,28.147484145000078],[82.00942993100006,28.150939959000027],[82.00778932700007,28.15254777000007],[82.00439820200006,28.157901645000038],[82.00113677900003,28.16125108600005],[82,28.16350747900003],[81.99812316800006,28.165384310000036],[81.99583435000005,28.166667956000026],[81.99105072000003,28.170257586000048],[81.98840332100008,28.172985095000058],[81.98789215100004,28.175586718000034],[81.98565673900004,28.177454012000055],[81.98233032200005,28.177660006000053],[81.98065185600007,28.179456729000037],[81.98055267400008,28.181903857000066],[81.97764587400007,28.184009570000057],[81.97502136200006,28.18481447000005],[81.97254943800004,28.182195681000053],[81.97063446100003,28.182380694000074],[81.96707916200006,28.18435480000005],[81.96540926500006,28.186117395000053],[81.96492451500006,28.18807008300007],[81.96601867700008,28.19172670200004],[81.96450042700008,28.19426347600006],[81.96258544900007,28.195009249000066],[81.96146392800006,28.194086092000077],[81.95643615700004,28.19445421100005],[81.95435333200004,28.19380189700007],[81.95084555200003,28.19574661100006],[81.94892883300008,28.198732393000057],[81.94766998300008,28.199417132000065],[81.94504547100007,28.19950868500007],[81.94033813500005,28.201625841000066],[81.94073486300005,28.20427514800008],[81.93981933500004,28.206203478000077],[81.93644382700006,28.207918832000075],[81.93319158700007,28.207494508000025],[81.92851257300003,28.209331530000043],[81.92959594700005,28.21325876000003],[81.92770385700004,28.217189807000068],[81.92272186300005,28.22022630600003],[81.92427062900003,28.223835009000027],[81.92311352000007,28.226878989000056]]]}},{"type":"Feature","properties":{"STATE_CODE":5,"DISTRICT":"BARDIYA","GaPa_NaPa":"Badhaiyatal","Type_GN":"Gaunpalika","Province":"5","provinceId":"5","provinceCode":"5","provinceName":"Lumbini","districtId":"512","districtName":"Bardiya","municipalityId":"51208","municipalityCode":"51208","municipalityName":"Badhaiyatal Rural Municipality","municipalityNameNe":"बढैयाताल गाउँपालिका","municipalityType":"rural_municipality"},"geometry":{"type":"Polygon","coordinates":[[[81.41428639000003,28.220324332000075],[81.41159720200005,28.223696520000033],[81.40711345200003,28.23204908200006],[81.40208288900004,28.233187582000028],[81.39777876400007,28.234477207000054],[81.39588682700008,28.233724582000036],[81.39092763900004,28.232664895000028],[81.38952145100006,28.229719958000032],[81.39030845100007,28.225455645000068],[81.38838595100003,28.218672020000042],[81.39155913900004,28.21825677000004],[81.39232120200006,28.21732058300006],[81.39553795200004,28.21751889500007],[81.39700088900008,28.21876233300003],[81.40077932600008,28.217580332000068],[81.40270795100008,28.216462333000038],[81.40668388900008,28.21517127000004],[81.40868220100003,28.215165332000026],[81.41192882700005,28.212533833000066],[81.41145520200007,28.21125820800006],[81.41428932600007,28.209381458000053],[81.41396963900007,28.207383332000063],[81.41266932600007,28.204562457000065],[81.41058407700007,28.20143027000006],[81.41125782600005,28.199959395000064],[81.41159163900005,28.19584070700006],[81.41116613900004,28.194454457000063],[81.41160932700006,28.192153895000047],[81.41434832600004,28.189341083000045],[81.41515570100006,28.187700583000037],[81.41436332700005,28.184469770000078],[81.41533801400004,28.182984457000032],[81.41288632600003,28.178012270000067],[81.41244188900004,28.174505083000042],[81.41810170100007,28.173835833000055],[81.42291063900007,28.17212664500005],[81.42830445100003,28.17057333200006],[81.43079395200004,28.168965833000073],[81.44766845100008,28.161224582000045],[81.44874370200006,28.160201270000073],[81.44883988900006,28.157784457000048],[81.44776970200007,28.15587464500004],[81.45192513900008,28.150558770000032],[81.45174220200005,28.140785145000052],[81.45973270100006,28.134404894000056],[81.46947001400008,28.12710889500005],[81.47447063900006,28.12550783200004],[81.48274113900004,28.120402270000056],[81.48584613900005,28.11815308300004],[81.48157932700008,28.109998145000077],[81.48024995100008,28.091192145000036],[81.48021095100006,28.08244008300005],[81.48988863900007,28.076794520000078],[81.49780420200005,28.072898707000036],[81.50671388900008,28.068759707000027],[81.50826657600004,28.070597332000034],[81.50617632700005,28.071584270000074],[81.50439513900005,28.074066020000032],[81.50697376400007,28.07616614500006],[81.50915776400007,28.074262770000075],[81.51234282600007,28.073623645000055],[81.51526251400009,28.07400083300007],[81.52001663900006,28.07614439500003],[81.52148438900008,28.08099214500004],[81.52278195200006,28.08283508200003],[81.52638882700006,28.08321389500003],[81.52557863900006,28.085983207000027],[81.52098807700008,28.088451020000036],[81.51872889000003,28.08888152000003],[81.51698020100008,28.09044270700008],[81.51353963900004,28.09083014500004],[81.51192238900006,28.091720645000066],[81.51379251400004,28.095592208000028],[81.51316313900008,28.096603145000074],[81.51013032600008,28.097047645000032],[81.50766526400008,28.099735020000026],[81.50764013900005,28.100479645000064],[81.50521126400008,28.104256645000078],[81.50642957700006,28.105484082000032],[81.50804757700007,28.104458270000066],[81.51107495100007,28.10496820800006],[81.51274051400003,28.10698364500007],[81.51269013900009,28.10830370700006],[81.50979307700004,28.11129283200006],[81.50816520200004,28.114155332000053],[81.50372557700007,28.116200083000024],[81.50287157700006,28.119007770000053],[81.50758120200004,28.122144707000075],[81.50453701400005,28.124522769000066],[81.50080576400006,28.126149707000025],[81.50045632700005,28.127082770000072],[81.50255713900003,28.128108457000053],[81.50560451400008,28.126933020000024],[81.50616251400004,28.127731957000037],[81.50542120200004,28.130304582000065],[81.50592195200005,28.13382702000007],[81.50415620200005,28.135340770000028],[81.50256095200007,28.137663770000074],[81.50170007700007,28.141383020000035],[81.50052832700004,28.14394589500006],[81.50199245200008,28.14689627000007],[81.50510945200006,28.147812145000046],[81.50628745200004,28.148759958000028],[81.50751620100004,28.151686270000027],[81.50914526500003,28.15191489500006],[81.51242745200005,28.148576958000035],[81.51382907600004,28.14849270700006],[81.51522651400006,28.15006008200004],[81.51598301400008,28.152144333000024],[81.51584345100008,28.153958832000058],[81.51675113900006,28.15598383300005],[81.51834495100007,28.15664789500005],[81.52042988900007,28.155960832000062],[81.52257945100007,28.156004582000037],[81.52418113900006,28.157126582000046],[81.52462520200004,28.159561645000053],[81.52259770200004,28.161205207000023],[81.51946513900003,28.16020627000006],[81.51888926400005,28.162223333000043],[81.52067501400006,28.164398333000065],[81.52175913900004,28.164822895000043],[81.52321507600004,28.165787520000038],[81.52441176400004,28.168395708000048],[81.52087088900004,28.17211633200003],[81.52561907700004,28.17395270800006],[81.51985545200006,28.176309958000047],[81.52018988900005,28.179110895000065],[81.52238645100005,28.179824645000053],[81.52557445200006,28.179676958000073],[81.52916813900003,28.180457395000076],[81.53213545100004,28.184592895000037],[81.53218607700006,28.188385458000027],[81.53149713900007,28.190037457000074],[81.52949201500007,28.191798332000076],[81.52984195200008,28.19484970800005],[81.53285913900004,28.19713033200003],[81.53571038900003,28.197532083000056],[81.53869332700003,28.19866202000003],[81.54102495100005,28.202461395000057],[81.54378988900004,28.203740958000026],[81.54629076400005,28.20281502000006],[81.55006082600005,28.203560270000025],[81.55161770200004,28.203303520000077],[81.55406045200004,28.204577458000074],[81.55865414000004,28.205950895000058],[81.56072157600005,28.20593558300004],[81.56335920200007,28.20717477000005],[81.56383445100005,28.208792833000075],[81.56329738900007,28.210448833000044],[81.56379764000008,28.21197427000004],[81.56288651400007,28.213085833000036],[81.56019632700009,28.213875270000074],[81.55824638900003,28.215216645000055],[81.55649788900007,28.21537495700005],[81.55605463900008,28.217587957000035],[81.55860832700006,28.21880939500005],[81.55765476400006,28.222450270000024],[81.55593838900006,28.22304845700006],[81.55360576400005,28.221602645000075],[81.55254695100007,28.219186020000052],[81.54961913900007,28.220871895000073],[81.54897288900008,28.22427239500007],[81.55000282700007,28.22528802000005],[81.55360820200008,28.225781083000072],[81.55455476500003,28.22838777000004],[81.54734126400007,28.230889645000047],[81.54407370200005,28.232357958000023],[81.54224288900008,28.23065502000003],[81.53786426500005,28.225085895000063],[81.53589232700006,28.224798020000037],[81.53385001400005,28.223032645000046],[81.53070701400003,28.222243895000076],[81.52829182600004,28.222463020000077],[81.52728651400008,28.221352395000054],[81.52641476400004,28.217481770000063],[81.51619507600003,28.214750020000054],[81.51528926500004,28.218257395000023],[81.51202445200005,28.214571645000035],[81.51063345200004,28.216806020000035],[81.50750132700006,28.218103770000027],[81.50448514000004,28.21821645700004],[81.50164345100006,28.219941645000063],[81.49898557600005,28.21742208300003],[81.49851163900007,28.213015145000043],[81.49672526400008,28.210918770000035],[81.49389738900004,28.210660520000033],[81.49018738900008,28.211217645000033],[81.48829207700004,28.212142707000055],[81.48112970100004,28.21322402000004],[81.47707138900006,28.21539070700004],[81.47542376400008,28.216644145000032],[81.47335613900003,28.222016645000053],[81.47476288900003,28.22459970700004],[81.47350520200007,28.229103020000025],[81.46746976400004,28.22526789500006],[81.46580776400003,28.221952332000058],[81.46289495200006,28.220818270000052],[81.46245276400003,28.219132083000034],[81.46065520200005,28.21741439500005],[81.46061132700004,28.215356833000044],[81.46145026400006,28.212596895000047],[81.45908476400007,28.21324558300006],[81.45860132700005,28.214262520000034],[81.45579082600005,28.216751645000045],[81.45365295200008,28.217656645000034],[81.44886488900005,28.217266332000065],[81.44473051500006,28.215253707000045],[81.44371751400007,28.213912270000037],[81.43843232700004,28.21292077000004],[81.43600857700005,28.211965083000052],[81.42992195200003,28.21114502000006],[81.42250788900003,28.209414957000035],[81.42166582700008,28.21292608300007],[81.41759232600003,28.217216457000063],[81.41428639000003,28.220324332000075]]]}},{"type":"Feature","properties":{"STATE_CODE":5,"DISTRICT":"BARDIYA","GaPa_NaPa":"Bansagadhi","Type_GN":"Nagarpalika","Province":"5","provinceId":"5","provinceCode":"5","provinceName":"Lumbini","districtId":"512","districtName":"Bardiya","municipalityId":"51201","municipalityCode":"51201","municipalityName":"Bansgadhi Urban Municipality","municipalityNameNe":"बाँसगढी नगरपालिका","municipalityType":"municipality"},"geometry":{"type":"Polygon","coordinates":[[[81.65520488900006,28.29368377000003],[81.65331307600007,28.294766770000024],[81.64758976400003,28.29594695800006],[81.63814445200006,28.293805146000068],[81.63153076400005,28.295412958000043],[81.62756982700006,28.29885614500006],[81.62602257700007,28.300954770000033],[81.62385245200005,28.30267939500004],[81.62228039000007,28.30196008300004],[81.62037307700007,28.302663645000052],[81.61871188900005,28.298531082000068],[81.61740476400007,28.296653083000024],[81.61529470200009,28.295103520000055],[81.61348951400004,28.29514327000004],[81.60727132700003,28.296461583000053],[81.60495057700007,28.296508020000033],[81.60204145200004,28.29427370800005],[81.60349926400005,28.29173127000007],[81.60279095100003,28.29009414500007],[81.59809782700006,28.28808877000006],[81.59712576500004,28.286676082000042],[81.59190151400009,28.28606927000004],[81.58892976500005,28.287169645000063],[81.58788657600007,28.290066582000065],[81.58550151500003,28.29009270800003],[81.58034476400007,28.287853958000028],[81.57819670100008,28.287872082000035],[81.57396570200007,28.29101477000006],[81.57224595200006,28.29106033200003],[81.56987138900007,28.29235177000004],[81.56904670200004,28.293539708000026],[81.56735751400004,28.29840214500007],[81.56527182600007,28.302776520000066],[81.56199732700009,28.30401514500005],[81.55804251400008,28.30155183200003],[81.55418588900005,28.301154645000054],[81.55129613900004,28.29989608300008],[81.55002726400005,28.296546208000052],[81.54868163900005,28.296253833000037],[81.54479657700006,28.297862270000053],[81.54264926400003,28.297821145000057],[81.53709857700005,28.30092058300005],[81.53399676400005,28.303096457000038],[81.53127338900003,28.306423708000068],[81.52559570100004,28.30692177000003],[81.52335245100005,28.30399052000007],[81.51882288900003,28.303211395000062],[81.51707464000003,28.30109264600003],[81.51499607700003,28.30183377000003],[81.51476988900004,28.303969021000057],[81.51236038900004,28.306827645000055],[81.51256370200008,28.308151332000023],[81.50863101400006,28.310271082000042],[81.50279901400006,28.310290395000038],[81.49917951400005,28.311422770000036],[81.49346007700007,28.313889333000077],[81.49169026400006,28.316156395000064],[81.49024645200006,28.32087258200005],[81.48897207700008,28.321265207000067],[81.48502520100004,28.319481145000054],[81.48560176400008,28.317031145000044],[81.48181295200004,28.31746414500003],[81.48033770200004,28.31556283200007],[81.47822832700007,28.314105958000027],[81.47815307600007,28.312098208000066],[81.47729732600004,28.31030527000007],[81.47909126400003,28.307961457000033],[81.47705907700004,28.307763332000036],[81.47442595100006,28.304997333000074],[81.47509701400008,28.302971145000072],[81.47363482600008,28.299639270000057],[81.46935626400006,28.29841764500003],[81.46841520200007,28.296584332000066],[81.46667432700008,28.295040270000072],[81.46651638900005,28.292728208000028],[81.46484045200003,28.29202314500003],[81.46475663900003,28.287826833000054],[81.46195570200007,28.283495395000045],[81.45990138900004,28.283371457000044],[81.45623651400007,28.281535895000047],[81.45248145200003,28.278094083000042],[81.45001938900003,28.277788583000074],[81.44784670200005,28.274630208000076],[81.44638076400008,28.27482452000004],[81.44562557600005,28.272500833000038],[81.44358095200005,28.27020383300004],[81.44002195100006,28.269150395000054],[81.44096713900007,28.267513832000077],[81.43951038900008,28.26574508300007],[81.43913382600005,28.26293508300006],[81.44123357600006,28.258255645000077],[81.43927670100004,28.257524145000048],[81.43723470200007,28.259211583000024],[81.43180820100008,28.259731957000042],[81.43129238900008,28.261360395000054],[81.42907688900004,28.25986014500006],[81.42860951400007,28.256418582000038],[81.42950707700004,28.254170833000046],[81.42904476400008,28.252157458000056],[81.42522688900004,28.246190332000026],[81.42592538900004,28.24450945800004],[81.42357838900006,28.243144957000027],[81.42422213900005,28.241155207000077],[81.42257420100003,28.24016089500003],[81.42504013900003,28.239094958000067],[81.42534157700004,28.23703858300007],[81.42701338900008,28.235228333000066],[81.42474170100007,28.23352970800005],[81.42464476400005,28.23045252000003],[81.42267226400008,28.228838582000037],[81.42180338900005,28.227022770000076],[81.41787345100005,28.22400239500007],[81.41627913900004,28.221308770000064],[81.41428639000003,28.220324332000075],[81.41759232600003,28.217216457000063],[81.42166582700008,28.21292608300007],[81.42250788900003,28.209414957000035],[81.42992195200003,28.21114502000006],[81.43600857700005,28.211965083000052],[81.43843232700004,28.21292077000004],[81.44371751400007,28.213912270000037],[81.44473051500006,28.215253707000045],[81.44886488900005,28.217266332000065],[81.45365295200008,28.217656645000034],[81.45579082600005,28.216751645000045],[81.45860132700005,28.214262520000034],[81.45908476400007,28.21324558300006],[81.46145026400006,28.212596895000047],[81.46061132700004,28.215356833000044],[81.46065520200005,28.21741439500005],[81.46245276400003,28.219132083000034],[81.46289495200006,28.220818270000052],[81.46580776400003,28.221952332000058],[81.46746976400004,28.22526789500006],[81.47350520200007,28.229103020000025],[81.47476288900003,28.22459970700004],[81.47335613900003,28.222016645000053],[81.47542376400008,28.216644145000032],[81.47707138900006,28.21539070700004],[81.48112970100004,28.21322402000004],[81.48829207700004,28.212142707000055],[81.49018738900008,28.211217645000033],[81.49389738900004,28.210660520000033],[81.49672526400008,28.210918770000035],[81.49851163900007,28.213015145000043],[81.49898557600005,28.21742208300003],[81.50164345100006,28.219941645000063],[81.50448514000004,28.21821645700004],[81.50750132700006,28.218103770000027],[81.51063345200004,28.216806020000035],[81.51202445200005,28.214571645000035],[81.51528926500004,28.218257395000023],[81.51619507600003,28.214750020000054],[81.52641476400004,28.217481770000063],[81.52728651400008,28.221352395000054],[81.52829182600004,28.222463020000077],[81.53070701400003,28.222243895000076],[81.53385001400005,28.223032645000046],[81.53589232700006,28.224798020000037],[81.53786426500005,28.225085895000063],[81.54224288900008,28.23065502000003],[81.54407370200005,28.232357958000023],[81.54734126400007,28.230889645000047],[81.55455476500003,28.22838777000004],[81.55360820200008,28.225781083000072],[81.55000282700007,28.22528802000005],[81.54897288900008,28.22427239500007],[81.54961913900007,28.220871895000073],[81.55254695100007,28.219186020000052],[81.55360576400005,28.221602645000075],[81.55593838900006,28.22304845700006],[81.55765476400006,28.222450270000024],[81.55860832700006,28.21880939500005],[81.55605463900008,28.217587957000035],[81.55649788900007,28.21537495700005],[81.55824638900003,28.215216645000055],[81.56019632700009,28.213875270000074],[81.56288651400007,28.213085833000036],[81.56379764000008,28.21197427000004],[81.56425251400003,28.214436207000062],[81.56576238900004,28.213468770000077],[81.56808438900003,28.213630645000023],[81.57086713900003,28.215160082000068],[81.57570588900006,28.219009207000056],[81.57825282700009,28.222484395000038],[81.57999138900004,28.222824458000048],[81.57983889000008,28.225598020000064],[81.57792245200005,28.22640483200007],[81.57719732600003,28.227883458000065],[81.57957382600006,28.229479832000038],[81.58381688900005,28.22783514500003],[81.58498638900005,28.228450520000024],[81.58396226400004,28.230785583000056],[81.58400988900007,28.232396333000054],[81.58556295200003,28.23500914500005],[81.58804570200004,28.23652820800004],[81.59123201400007,28.240167333000045],[81.59236626500007,28.23955545800004],[81.59109520100003,28.23776952000003],[81.59079613900008,28.23585077000007],[81.59290526400008,28.234968520000052],[81.59630182700005,28.23792064500003],[81.59788526400007,28.234714457000052],[81.59927213900005,28.234318020000046],[81.60308351500004,28.236128832000077],[81.60722845100008,28.235647958000072],[81.61097720200007,28.237379832000045],[81.61251970200004,28.240470708000032],[81.61247632700008,28.244146270000044],[81.61305563900004,28.24697295800007],[81.61590245100007,28.24953227000003],[81.61891820200003,28.248571020000043],[81.62261263900007,28.248962645000063],[81.62399951400005,28.250513082000055],[81.62434845200005,28.25355283300007],[81.62505557700007,28.25475670700007],[81.63222113900008,28.258766895000065],[81.63416076500005,28.25850970700003],[81.63623270200003,28.260264395000036],[81.63942782600003,28.26167545800007],[81.64219145200008,28.262086645000068],[81.64400607700009,28.263817583000048],[81.64462451400004,28.266332645000034],[81.64615845100008,28.267027083000073],[81.64875638900008,28.265943082000035],[81.64942738900004,28.26796145700007],[81.64782582700008,28.269769457000052],[81.64804570200005,28.271780957000033],[81.64605995200003,28.27435564500007],[81.64832976500008,28.277032020000036],[81.64732170200006,28.277975395000055],[81.64283138900004,28.27986695800007],[81.64783538900008,28.282410957000025],[81.64861595200006,28.28535377000003],[81.65156338900005,28.28853902000003],[81.65141826400009,28.29045295800006],[81.65231132700006,28.29205739500003],[81.65520488900006,28.29368377000003]]]}},{"type":"Feature","properties":{"STATE_CODE":5,"DISTRICT":"BARDIYA","GaPa_NaPa":"Barbardiya","Type_GN":"Nagarpalika","Province":"5","provinceId":"5","provinceCode":"5","provinceName":"Lumbini","districtId":"512","districtName":"Bardiya","municipalityId":"51202","municipalityCode":"51202","municipalityName":"Barbardiya Urban Municipality","municipalityNameNe":"बारबर्दिया नगरपालिका","municipalityType":"municipality"},"geometry":{"type":"Polygon","coordinates":[[[81.49024645200006,28.32087258200005],[81.48930057700005,28.321861958000056],[81.48652963900008,28.32188089500005],[81.48500126400006,28.32362358300003],[81.48287238900008,28.323674020000055],[81.48157651400004,28.325537707000024],[81.48098813900003,28.329077520000055],[81.47974626400008,28.331342645000063],[81.48120338900003,28.33228964500006],[81.48216951400008,28.334046082000043],[81.48070820100008,28.33954058300003],[81.48032995200003,28.343761020000045],[81.47694757600004,28.346890958000074],[81.47366464000004,28.348499833000062],[81.46985457700004,28.348713832000044],[81.46681963900005,28.34800677000004],[81.46415770100003,28.348758145000033],[81.46077295100008,28.347377520000066],[81.45970282600007,28.346268832000078],[81.45316157700006,28.343858458000057],[81.44999745100006,28.344051707000062],[81.44613170200006,28.34220533200005],[81.44374176400004,28.342447770000035],[81.43739888900006,28.349706207000054],[81.43569870100004,28.352443958000038],[81.43219720100006,28.362140958000055],[81.43085420100005,28.36435177100003],[81.42817063900003,28.366880458000026],[81.42614126400008,28.368123146000073],[81.42125257600009,28.370270520000076],[81.41733007700003,28.37163177000008],[81.40956432600007,28.374999020000075],[81.39465301400008,28.380836957000042],[81.39031807600009,28.38421795800008],[81.38772888900007,28.38853014500006],[81.38499032700008,28.398855583000056],[81.38325288900006,28.402666770000053],[81.37881720100006,28.40873933200004],[81.37688651400003,28.41212220700004],[81.37704495100007,28.414346395000052],[81.37826332700007,28.417147458000045],[81.38170288900005,28.421411145000036],[81.38191088900004,28.42319070800005],[81.37500620100008,28.423960833000024],[81.37243288900004,28.424586395000063],[81.36991920200006,28.424128520000068],[81.36704520200004,28.422058270000036],[81.36332301400006,28.42137564500007],[81.35928913900005,28.421158520000063],[81.35315526400007,28.419929145000026],[81.34718088900007,28.41728889500007],[81.34361157600006,28.415059833000043],[81.33986270100007,28.411890207000056],[81.33439676400008,28.405536708000056],[81.32940020100006,28.40324533300003],[81.32743332700005,28.40175864500003],[81.32555588900004,28.399475332000065],[81.32231757700004,28.394131333000075],[81.32118013800005,28.39135214500004],[81.31690832600003,28.385380895000026],[81.31658920100006,28.383373583000036],[81.31698920200006,28.380184645000043],[81.31796938900004,28.376926582000067],[81.31826851300008,28.374358333000032],[81.31714695100004,28.372540145000073],[81.31414413900006,28.371816083000056],[81.30813713900005,28.372714270000074],[81.30574313900007,28.373425833000056],[81.30244488900007,28.367948333000072],[81.30165888900007,28.364872582000032],[81.30211363800004,28.362428145000024],[81.30313626400005,28.361214207000046],[81.30503276400003,28.360751958000037],[81.30620976400007,28.359136083000067],[81.30816745200008,28.35473427000005],[81.30954082700003,28.344343520000052],[81.31342370200008,28.33867827000006],[81.31356545200003,28.33527552000004],[81.31293195100005,28.332287458000053],[81.31097482600006,28.328833083000063],[81.30890207600004,28.324325332000058],[81.30835476400006,28.319811832000028],[81.30933613900004,28.315062457000067],[81.30846513800003,28.312530708000054],[81.30822676400004,28.307443395000064],[81.30597645200004,28.301742395000076],[81.30349520100003,28.297418208000067],[81.30101945100006,28.294355145000054],[81.29944401400007,28.29321245700004],[81.29386332700005,28.29115333200008],[81.29216701400009,28.289322645000027],[81.29252001400005,28.286729457000035],[81.29510632700004,28.28593195700006],[81.30056738900004,28.285428145000026],[81.30604545200003,28.285307707000072],[81.30868420100006,28.28554095800007],[81.31190963900008,28.285188332000075],[81.31522970100008,28.284111332000066],[81.31742576400006,28.28180258200007],[81.31997670200008,28.280354895000073],[81.32316932700007,28.275575395000033],[81.32522757600003,28.274144583000066],[81.33150313900006,28.272085333000064],[81.33661551400007,28.269787207000036],[81.34003388900004,28.269000332000076],[81.34636126400005,28.268774645000065],[81.35194332700007,28.26995389500007],[81.35451838900008,28.271601082000075],[81.35869595100007,28.272260333000077],[81.36142501400008,28.271734208000055],[81.36232107600006,28.270858645000033],[81.36466463900007,28.265633707000063],[81.36489820100007,28.260897208000074],[81.36632870100004,28.258174582000038],[81.36626963900005,28.25446095800004],[81.36853713900007,28.25176758300006],[81.37054157700004,28.251125957000056],[81.37190970100005,28.25159833200007],[81.37475888900008,28.253709145000073],[81.37638645200008,28.25295333200006],[81.37882482600008,28.249999958000046],[81.37708470100006,28.246803145000058],[81.37450057700005,28.245045833000063],[81.37213838900004,28.24205145800005],[81.37209226400006,28.23850020800006],[81.37327676400008,28.237687020000067],[81.37810438900004,28.237551895000024],[81.38008757600005,28.236743145000048],[81.38516763900003,28.238443708000034],[81.38631626400007,28.236885895000057],[81.39092763900004,28.232664895000028],[81.39588682700008,28.233724582000036],[81.39777876400007,28.234477207000054],[81.40208288900004,28.233187582000028],[81.40711345200003,28.23204908200006],[81.41159720200005,28.223696520000033],[81.41428639000003,28.220324332000075],[81.41627913900004,28.221308770000064],[81.41787345100005,28.22400239500007],[81.42180338900005,28.227022770000076],[81.42267226400008,28.228838582000037],[81.42464476400005,28.23045252000003],[81.42474170100007,28.23352970800005],[81.42701338900008,28.235228333000066],[81.42534157700004,28.23703858300007],[81.42504013900003,28.239094958000067],[81.42257420100003,28.24016089500003],[81.42422213900005,28.241155207000077],[81.42357838900006,28.243144957000027],[81.42592538900004,28.24450945800004],[81.42522688900004,28.246190332000026],[81.42904476400008,28.252157458000056],[81.42950707700004,28.254170833000046],[81.42860951400007,28.256418582000038],[81.42907688900004,28.25986014500006],[81.43129238900008,28.261360395000054],[81.43180820100008,28.259731957000042],[81.43723470200007,28.259211583000024],[81.43927670100004,28.257524145000048],[81.44123357600006,28.258255645000077],[81.43913382600005,28.26293508300006],[81.43951038900008,28.26574508300007],[81.44096713900007,28.267513832000077],[81.44002195100006,28.269150395000054],[81.44358095200005,28.27020383300004],[81.44562557600005,28.272500833000038],[81.44638076400008,28.27482452000004],[81.44784670200005,28.274630208000076],[81.45001938900003,28.277788583000074],[81.45248145200003,28.278094083000042],[81.45623651400007,28.281535895000047],[81.45990138900004,28.283371457000044],[81.46195570200007,28.283495395000045],[81.46475663900003,28.287826833000054],[81.46484045200003,28.29202314500003],[81.46651638900005,28.292728208000028],[81.46667432700008,28.295040270000072],[81.46841520200007,28.296584332000066],[81.46935626400006,28.29841764500003],[81.47363482600008,28.299639270000057],[81.47509701400008,28.302971145000072],[81.47442595100006,28.304997333000074],[81.47705907700004,28.307763332000036],[81.47909126400003,28.307961457000033],[81.47729732600004,28.31030527000007],[81.47815307600007,28.312098208000066],[81.47822832700007,28.314105958000027],[81.48033770200004,28.31556283200007],[81.48181295200004,28.31746414500003],[81.48560176400008,28.317031145000044],[81.48502520100004,28.319481145000054],[81.48897207700008,28.321265207000067],[81.49024645200006,28.32087258200005]]]}},{"type":"Feature","properties":{"STATE_CODE":5,"DISTRICT":"BARDIYA","GaPa_NaPa":"Geruwa","Type_GN":"Gaunpalika","Province":"5","provinceId":"5","provinceCode":"5","provinceName":"Lumbini","districtId":"512","districtName":"Bardiya","municipalityId":"51204","municipalityCode":"51204","municipalityName":"Geruwa Rural Municipality","municipalityNameNe":"गेरुवा गाउँपालिका","municipalityType":"rural_municipality"},"geometry":{"type":"Polygon","coordinates":[[[81.21130257700008,28.424354270000038],[81.20832126400006,28.426371395000047],[81.20603351400007,28.429377896000062],[81.20241463900004,28.433002271000078],[81.20087795100005,28.435657895000077],[81.20030188900006,28.437784082000064],[81.20096613800007,28.439937771000075],[81.19981701400008,28.44428720800005],[81.19958538800006,28.447202583000035],[81.20268607600008,28.449172145000034],[81.20834851400008,28.450855770000032],[81.20830745200004,28.454316833000064],[81.21138045100008,28.457105270000056],[81.21025001300006,28.459512208000035],[81.21190288800005,28.460651270000028],[81.21257757600006,28.462247583000078],[81.21547395100004,28.46446314600007],[81.21838432700008,28.46945370700007],[81.21912688900005,28.472293083000068],[81.21599832600003,28.475301083000033],[81.21280407600005,28.476675645000057],[81.21112720200006,28.479351895000036],[81.21165020100005,28.483107645000075],[81.21426563800003,28.486458520000042],[81.21473463800004,28.488565020000067],[81.21929063900006,28.493469521000065],[81.22044407600004,28.495157521000067],[81.22117963900007,28.49776452100008],[81.22348701400006,28.498112707000075],[81.22345813900006,28.50000120800007],[81.22660401400003,28.50275083300005],[81.22708420100008,28.504552645000047],[81.22613457600005,28.506478770000058],[81.22773651400007,28.509621270000025],[81.22809470100003,28.51152939600007],[81.22992688900007,28.514648833000024],[81.22972076300005,28.520154271000024],[81.23017857700006,28.52451695700006],[81.23167963800006,28.526644270000077],[81.23204188900007,28.52947739500007],[81.23478107600005,28.533833895000043],[81.23515588900005,28.536218020000035],[81.23469226400005,28.53901202000003],[81.23577432600007,28.541300145000037],[81.23870513800006,28.542743458000075],[81.24062438900006,28.544583396000064],[81.24132557600007,28.546872145000066],[81.24583351300004,28.55229920800008],[81.24586832600005,28.555193833000033],[81.24905588800004,28.558980645000076],[81.24830120200005,28.565432458000032],[81.24920732700008,28.567373271000065],[81.25064313900003,28.568507770000053],[81.25059570100007,28.570874583000034],[81.25140320100007,28.572438833000035],[81.25049682600007,28.57608195800003],[81.25337257600006,28.58206227100004],[81.25271601400004,28.583543520000035],[81.25037182700004,28.585325708000028],[81.25011320100003,28.586779146000026],[81.25133701400006,28.590815458000066],[81.25005638900006,28.59383427000006],[81.24610126400006,28.590493458000026],[81.24214988900007,28.585622646000047],[81.23344495100008,28.576872708000053],[81.23081826400005,28.57523470800004],[81.22722807700006,28.571782083000073],[81.22075176400006,28.566838208000036],[81.21276857600003,28.562386020000076],[81.20631451400004,28.558393521000028],[81.19969351300006,28.552995332000023],[81.19444251300007,28.548152208000033],[81.19099945100004,28.54542258300006],[81.18621520200008,28.54074314500008],[81.17784882600006,28.531499521000057],[81.16915957600008,28.523198833000038],[81.16969251300003,28.521569145000058],[81.16896263900009,28.519850833000078],[81.16557163800007,28.515908958000068],[81.16449307700003,28.513304395000034],[81.16361651400007,28.505803583000045],[81.16188076300006,28.501338333000035],[81.15907832700003,28.500969458000043],[81.15700432700004,28.50183370800005],[81.15447851400006,28.501762145000043],[81.15297688900006,28.501055395000037],[81.14901382600004,28.49811095700005],[81.14984182600006,28.496864645000073],[81.15287270100004,28.497860770000045],[81.15970520100007,28.49659620700004],[81.16281826400007,28.497472395000045],[81.16406570100008,28.495871270000066],[81.16306895100007,28.493765145000054],[81.16518776400005,28.49252395800005],[81.17245476300008,28.485861396000075],[81.17196476400005,28.483515582000052],[81.16896970100004,28.47957777000005],[81.17088632600007,28.478063708000036],[81.17252045100008,28.477969208000047],[81.17597657600004,28.47553252000006],[81.17959095100008,28.47488702000004],[81.18036832600006,28.474039895000033],[81.17884270200005,28.470095833000073],[81.17695176400008,28.46812189600007],[81.17676063900007,28.466621770000074],[81.17784851300007,28.46440695800004],[81.17968188900005,28.46487383300007],[81.18347932600005,28.462159083000074],[81.18331163900007,28.459287145000076],[81.18111182700005,28.45707452000005],[81.17864376400007,28.45676414500008],[81.17680863900006,28.454462957000032],[81.17880720100004,28.45219058200007],[81.17947251400005,28.44974627000005],[81.17816107600004,28.447169145000032],[81.17668920100004,28.446480645000065],[81.17360270100005,28.44718858300007],[81.17108451400009,28.44613583200004],[81.16940963900004,28.44341014500003],[81.16908238900004,28.441896645000043],[81.16977588900005,28.43997802100006],[81.17019838900006,28.43637883300005],[81.17277207600006,28.43561520800006],[81.17219238900003,28.433109271000035],[81.17517213900004,28.433110020000072],[81.17738976400005,28.43127058300007],[81.17653263900007,28.427930208000078],[81.17521207600004,28.425596770000027],[81.17570320100003,28.42080614500003],[81.17807570200006,28.419050020000043],[81.18461307600006,28.418086895000044],[81.18590832600006,28.41663214500005],[81.18668438900005,28.414404208000065],[81.18431463900004,28.41063052100003],[81.18456045200008,28.409080146000065],[81.18767463900008,28.407913895000036],[81.18837676400005,28.41044895700003],[81.19250782600005,28.41120802000006],[81.19682332600007,28.413311458000067],[81.19857101400004,28.41084733200006],[81.19909920100008,28.409084458000052],[81.20166826400003,28.405833958000073],[81.20522576400003,28.40643783300004],[81.20940526400005,28.411724582000033],[81.20912557700007,28.41658039500004],[81.21099801400004,28.420868832000053],[81.21130257700008,28.424354270000038]]]}},{"type":"Feature","properties":{"STATE_CODE":5,"DISTRICT":"BARDIYA","GaPa_NaPa":"Gulariya","Type_GN":"Nagarpalika","Province":"5","provinceId":"5","provinceCode":"5","provinceName":"Lumbini","districtId":"512","districtName":"Bardiya","municipalityId":"51207","municipalityCode":"51207","municipalityName":"Gulariya Urban Municipality","municipalityNameNe":"गुलरीया नगरपालिका","municipalityType":"municipality"},"geometry":{"type":"Polygon","coordinates":[[[81.39092763900004,28.232664895000028],[81.38631626400007,28.236885895000057],[81.38516763900003,28.238443708000034],[81.38008757600005,28.236743145000048],[81.37810438900004,28.237551895000024],[81.37327676400008,28.237687020000067],[81.37209226400006,28.23850020800006],[81.37213838900004,28.24205145800005],[81.37450057700005,28.245045833000063],[81.37708470100006,28.246803145000058],[81.37882482600008,28.249999958000046],[81.37638645200008,28.25295333200006],[81.37475888900008,28.253709145000073],[81.37190970100005,28.25159833200007],[81.37054157700004,28.251125957000056],[81.36853713900007,28.25176758300006],[81.36626963900005,28.25446095800004],[81.36632870100004,28.258174582000038],[81.36489820100007,28.260897208000074],[81.36466463900007,28.265633707000063],[81.36232107600006,28.270858645000033],[81.36142501400008,28.271734208000055],[81.35869595100007,28.272260333000077],[81.35451838900008,28.271601082000075],[81.35194332700007,28.26995389500007],[81.34636126400005,28.268774645000065],[81.34003388900004,28.269000332000076],[81.33661551400007,28.269787207000036],[81.33150313900006,28.272085333000064],[81.32522757600003,28.274144583000066],[81.32316932700007,28.275575395000033],[81.31997670200008,28.280354895000073],[81.31742576400006,28.28180258200007],[81.31522970100008,28.284111332000066],[81.31190963900008,28.285188332000075],[81.30868420100006,28.28554095800007],[81.30604545200003,28.285307707000072],[81.30056738900004,28.285428145000026],[81.29510632700004,28.28593195700006],[81.29252001400005,28.286729457000035],[81.29214982600007,28.285349395000026],[81.29706551400005,28.280068208000046],[81.30164688900004,28.264853207000044],[81.29752626400006,28.26105370700003],[81.29204557600008,28.25789095700003],[81.29398776400006,28.255235645000027],[81.29039463900006,28.252373395000063],[81.29265063800005,28.24872245800003],[81.29255257600005,28.242673583000055],[81.29166638900006,28.241689520000023],[81.28223526400006,28.234701333000032],[81.28786688900004,28.22844420800004],[81.29368420100008,28.22278883300004],[81.30138376400004,28.219760020000024],[81.31586926400007,28.204689270000074],[81.32237220100006,28.197169707000057],[81.32151176400004,28.193683520000036],[81.32013501400007,28.18228789500006],[81.32652932600007,28.17495345800006],[81.32302601300006,28.16873670700005],[81.31603513900006,28.16757745800004],[81.30960170200007,28.16783808200006],[81.30622970100006,28.16841652000005],[81.30399720200006,28.16770402000003],[81.30374763900005,28.16430658200005],[81.30582570100006,28.16245402000004],[81.31024732700007,28.161496457000055],[81.31151713900005,28.16059558300003],[81.31242395100008,28.155480770000054],[81.32194938900005,28.160163083000043],[81.32969263900003,28.148186270000053],[81.32013520100008,28.145138145000033],[81.31721713900004,28.136877833000028],[81.31980588900007,28.133458020000035],[81.32249713900006,28.13372927000006],[81.33622895100007,28.140099645000078],[81.34393163900006,28.139475833000063],[81.35088120200004,28.139965895000046],[81.36644276400006,28.141509083000074],[81.36883801400006,28.141306332000056],[81.37308045100008,28.142292145000056],[81.37519682600004,28.14513608200008],[81.37692713900003,28.14856539500005],[81.37848945100006,28.149632832000066],[81.37840888900007,28.151503520000063],[81.37963620100004,28.15266214500008],[81.37926432600005,28.154599020000035],[81.38015570100004,28.155411083000047],[81.37891445100007,28.158616207000023],[81.37328651400009,28.15988164500004],[81.37020363900007,28.160891770000035],[81.36877013900005,28.162720958000023],[81.36868845200007,28.165259520000063],[81.37117382600007,28.169979708000028],[81.37347976400008,28.171361082000033],[81.37427051400005,28.17285483300003],[81.37591163900004,28.173394082000073],[81.37522688900003,28.174932520000027],[81.37695057600007,28.176872708000076],[81.38413307700006,28.175205645000062],[81.39172257700005,28.173679207000077],[81.40576313900004,28.174062520000064],[81.41244188900004,28.174505083000042],[81.41288632600003,28.178012270000067],[81.41533801400004,28.182984457000032],[81.41436332700005,28.184469770000078],[81.41515570100006,28.187700583000037],[81.41434832600004,28.189341083000045],[81.41160932700006,28.192153895000047],[81.41116613900004,28.194454457000063],[81.41159163900005,28.19584070700006],[81.41125782600005,28.199959395000064],[81.41058407700007,28.20143027000006],[81.41266932600007,28.204562457000065],[81.41396963900007,28.207383332000063],[81.41428932600007,28.209381458000053],[81.41145520200007,28.21125820800006],[81.41192882700005,28.212533833000066],[81.40868220100003,28.215165332000026],[81.40668388900008,28.21517127000004],[81.40270795100008,28.216462333000038],[81.40077932600008,28.217580332000068],[81.39700088900008,28.21876233300003],[81.39553795200004,28.21751889500007],[81.39232120200006,28.21732058300006],[81.39155913900004,28.21825677000004],[81.38838595100003,28.218672020000042],[81.39030845100007,28.225455645000068],[81.38952145100006,28.229719958000032],[81.39092763900004,28.232664895000028]]]}},{"type":"Feature","properties":{"STATE_CODE":5,"DISTRICT":"BARDIYA","GaPa_NaPa":"Madhuwan","Type_GN":"Nagarpalika","Province":"5","provinceId":"5","provinceCode":"5","provinceName":"Lumbini","districtId":"512","districtName":"Bardiya","municipalityId":"51206","municipalityCode":"51206","municipalityName":"Madhuwan Urban Municipality","municipalityNameNe":"मधुवन नगरपालिका","municipalityType":"municipality"},"geometry":{"type":"Polygon","coordinates":[[[81.30165888900007,28.364872582000032],[81.29987120200008,28.367304208000064],[81.29740445100003,28.368909270000074],[81.29093145100006,28.37128552000007],[81.28930876400005,28.372365208000076],[81.28700545200007,28.37485414500003],[81.28807120100004,28.378640145000077],[81.28809870100008,28.381733333000057],[81.28933807600004,28.38434570800007],[81.28773863900005,28.38514327000007],[81.28082813900005,28.387278520000052],[81.26945626400004,28.391213770000036],[81.26302063900005,28.392981708000036],[81.26070951400004,28.39323877000004],[81.25973370100007,28.394880958000044],[81.25802413900004,28.395409895000057],[81.25833888900007,28.397101457000076],[81.25957701400006,28.397821145000023],[81.26143520200003,28.40354383300007],[81.25981576400005,28.405767083000057],[81.26002070200008,28.407907833000024],[81.25785413900007,28.409238645000073],[81.25553245100008,28.413732895000066],[81.25750870100006,28.414403771000025],[81.25792257600006,28.41588758300003],[81.25679538900005,28.417570583000042],[81.25767245200007,28.41956339500007],[81.26020713900004,28.421537270000044],[81.26058276400005,28.42251127000003],[81.25978470100006,28.425181895000037],[81.26031301400008,28.426227770000025],[81.25596195100007,28.428374895000047],[81.25365407600003,28.428679270000032],[81.25370663900003,28.430669270000067],[81.25112276300007,28.433045271000026],[81.25070601400006,28.43490964500006],[81.24629263900005,28.438076395000053],[81.24554201400008,28.434555833000047],[81.24340651400007,28.432461396000065],[81.23927363900003,28.433308020000027],[81.23734488900004,28.433013583000047],[81.23491163900007,28.430082457000026],[81.23471170100004,28.427258020000068],[81.23275895200004,28.42424708300007],[81.22709382600004,28.425296770000045],[81.22492051400008,28.424697957000035],[81.22341020100004,28.425485520000052],[81.22117701300004,28.424749208000037],[81.21261326300004,28.42472220800005],[81.21130257700008,28.424354270000038],[81.21099801400004,28.420868832000053],[81.20912557700007,28.41658039500004],[81.20940526400005,28.411724582000033],[81.21061720100005,28.408338333000074],[81.20942051400004,28.400966896000057],[81.20965670100009,28.399265333000073],[81.21102776300006,28.39630077000004],[81.21298457600005,28.393899395000062],[81.21603251400006,28.391284145000043],[81.21596707600008,28.38905733300004],[81.21413576400005,28.386512957000036],[81.21233626400004,28.38485064500003],[81.21128907600007,28.381856021000033],[81.20713163900007,28.377543957000057],[81.20716651400005,28.371341520000044],[81.20579807700005,28.368988083000033],[81.20323163900008,28.36690489500006],[81.20048963800008,28.365668020000044],[81.19710307600008,28.36485170700007],[81.19492532600003,28.363846270000067],[81.21242138900004,28.360501208000073],[81.21516713900007,28.358195583000054],[81.22133220100005,28.34479714500003],[81.23083451400004,28.33218933300003],[81.23633763900006,28.32456733300006],[81.23520920100003,28.298164333000045],[81.23449645200003,28.288899083000047],[81.24066876400008,28.28142239500005],[81.25377570100005,28.266040270000076],[81.26401401400005,28.254529708000064],[81.28223526400006,28.234701333000032],[81.29166638900006,28.241689520000023],[81.29255257600005,28.242673583000055],[81.29265063800005,28.24872245800003],[81.29039463900006,28.252373395000063],[81.29398776400006,28.255235645000027],[81.29204557600008,28.25789095700003],[81.29752626400006,28.26105370700003],[81.30164688900004,28.264853207000044],[81.29706551400005,28.280068208000046],[81.29214982600007,28.285349395000026],[81.29252001400005,28.286729457000035],[81.29216701400009,28.289322645000027],[81.29386332700005,28.29115333200008],[81.29944401400007,28.29321245700004],[81.30101945100006,28.294355145000054],[81.30349520100003,28.297418208000067],[81.30597645200004,28.301742395000076],[81.30822676400004,28.307443395000064],[81.30846513800003,28.312530708000054],[81.30933613900004,28.315062457000067],[81.30835476400006,28.319811832000028],[81.30890207600004,28.324325332000058],[81.31097482600006,28.328833083000063],[81.31293195100005,28.332287458000053],[81.31356545200003,28.33527552000004],[81.31342370200008,28.33867827000006],[81.30954082700003,28.344343520000052],[81.30816745200008,28.35473427000005],[81.30620976400007,28.359136083000067],[81.30503276400003,28.360751958000037],[81.30313626400005,28.361214207000046],[81.30211363800004,28.362428145000024],[81.30165888900007,28.364872582000032]]]}},{"type":"Feature","properties":{"STATE_CODE":5,"DISTRICT":"BARDIYA","GaPa_NaPa":"Rajapur","Type_GN":"Nagarpalika","Province":"5","provinceId":"5","provinceCode":"5","provinceName":"Lumbini","districtId":"512","districtName":"Bardiya","municipalityId":"51205","municipalityCode":"51205","municipalityName":"Rajapur Urban Municipality","municipalityNameNe":"राजापुर नगरपालिका","municipalityType":"municipality"},"geometry":{"type":"Polygon","coordinates":[[[81.20940526400005,28.411724582000033],[81.20522576400003,28.40643783300004],[81.20166826400003,28.405833958000073],[81.19909920100008,28.409084458000052],[81.19857101400004,28.41084733200006],[81.19682332600007,28.413311458000067],[81.19250782600005,28.41120802000006],[81.18837676400005,28.41044895700003],[81.18767463900008,28.407913895000036],[81.18456045200008,28.409080146000065],[81.18431463900004,28.41063052100003],[81.18668438900005,28.414404208000065],[81.18590832600006,28.41663214500005],[81.18461307600006,28.418086895000044],[81.17807570200006,28.419050020000043],[81.17570320100003,28.42080614500003],[81.17521207600004,28.425596770000027],[81.17653263900007,28.427930208000078],[81.17738976400005,28.43127058300007],[81.17517213900004,28.433110020000072],[81.17219238900003,28.433109271000035],[81.17277207600006,28.43561520800006],[81.17019838900006,28.43637883300005],[81.16977588900005,28.43997802100006],[81.16908238900004,28.441896645000043],[81.16940963900004,28.44341014500003],[81.17108451400009,28.44613583200004],[81.17360270100005,28.44718858300007],[81.17668920100004,28.446480645000065],[81.17816107600004,28.447169145000032],[81.17947251400005,28.44974627000005],[81.17880720100004,28.45219058200007],[81.17680863900006,28.454462957000032],[81.17864376400007,28.45676414500008],[81.18111182700005,28.45707452000005],[81.18331163900007,28.459287145000076],[81.18347932600005,28.462159083000074],[81.17968188900005,28.46487383300007],[81.17784851300007,28.46440695800004],[81.17676063900007,28.466621770000074],[81.17695176400008,28.46812189600007],[81.17884270200005,28.470095833000073],[81.18036832600006,28.474039895000033],[81.17959095100008,28.47488702000004],[81.17597657600004,28.47553252000006],[81.17252045100008,28.477969208000047],[81.17088632600007,28.478063708000036],[81.16896970100004,28.47957777000005],[81.17196476400005,28.483515582000052],[81.17245476300008,28.485861396000075],[81.16518776400005,28.49252395800005],[81.16306895100007,28.493765145000054],[81.16406570100008,28.495871270000066],[81.16281826400007,28.497472395000045],[81.15970520100007,28.49659620700004],[81.15287270100004,28.497860770000045],[81.14984182600006,28.496864645000073],[81.14820126400008,28.495311896000032],[81.14415870100004,28.493822645000023],[81.14040463900005,28.491353770000046],[81.13673763800006,28.487718270000073],[81.13435670100006,28.48462964500004],[81.13165582600004,28.48209858200005],[81.12454220200004,28.47694983300005],[81.12277663900005,28.475225458000068],[81.11819176400007,28.47348095800004],[81.11653820100008,28.47245127000008],[81.11366532600005,28.46896789500005],[81.11338732600007,28.46657877000007],[81.11219070100003,28.462579520000077],[81.10950770200003,28.460842145000072],[81.10061795100006,28.459283207000055],[81.09720313900004,28.459691771000053],[81.09429295100006,28.458741708000048],[81.09233657600004,28.45684333300005],[81.09078157600004,28.453326958000048],[81.09102595200005,28.449879270000054],[81.08955226400008,28.44608983300003],[81.08936888900007,28.44427820800007],[81.08756351400007,28.438291333000052],[81.08668907600008,28.43721345800003],[81.07797370100008,28.432304645000045],[81.07150813900006,28.427017395000064],[81.06729857600004,28.422396520000063],[81.06624757600008,28.42071839500005],[81.06457632600006,28.41615708200004],[81.06306551300008,28.414129458000048],[81.06089295200007,28.408390583000028],[81.06159095100008,28.406788333000065],[81.06624813900004,28.403108520000046],[81.06880745200004,28.399495020000074],[81.06927282600003,28.396568457000058],[81.06907876400004,28.39437552000004],[81.08157526300005,28.384867583000073],[81.09111401300004,28.382025395000028],[81.11237526300005,28.378006957000025],[81.14034626300008,28.372891020000054],[81.15037570000004,28.371240020000073],[81.16804970100003,28.368857083000023],[81.17701851300006,28.36725952000006],[81.19492532600003,28.363846270000067],[81.19710307600008,28.36485170700007],[81.20048963800008,28.365668020000044],[81.20323163900008,28.36690489500006],[81.20579807700005,28.368988083000033],[81.20716651400005,28.371341520000044],[81.20713163900007,28.377543957000057],[81.21128907600007,28.381856021000033],[81.21233626400004,28.38485064500003],[81.21413576400005,28.386512957000036],[81.21596707600008,28.38905733300004],[81.21603251400006,28.391284145000043],[81.21298457600005,28.393899395000062],[81.21102776300006,28.39630077000004],[81.20965670100009,28.399265333000073],[81.20942051400004,28.400966896000057],[81.21061720100005,28.408338333000074],[81.20940526400005,28.411724582000033]]]}},{"type":"Feature","properties":{"STATE_CODE":5,"DISTRICT":"BARDIYA","GaPa_NaPa":"Thakurbaba","Type_GN":"Nagarpalika","Province":"5","provinceId":"5","provinceCode":"5","provinceName":"Lumbini","districtId":"512","districtName":"Bardiya","municipalityId":"51203","municipalityCode":"51203","municipalityName":"Thakurbaba Urban Municipality","municipalityNameNe":"ठाकुरबाबा नगरपालिका","municipalityType":"municipality"},"geometry":{"type":"Polygon","coordinates":[[[81.35315526400007,28.419929145000026],[81.35031920200004,28.422271645000023],[81.34704632700004,28.42610877000004],[81.34639820200005,28.429496958000072],[81.34308007700008,28.432860333000065],[81.33999263900006,28.435192020000045],[81.33929626400004,28.436743770000078],[81.33778057600006,28.437521395000033],[81.33799401400006,28.44243033300006],[81.34078957600008,28.444514895000054],[81.34273076400007,28.44504470800007],[81.34450107600009,28.448790020000047],[81.34390488900004,28.451900582000064],[81.34039470200008,28.45394452000005],[81.33505888900004,28.453529083000035],[81.33015026400005,28.45418408300003],[81.32658288900006,28.45724533200007],[81.32482407700007,28.46066314500007],[81.32434613900006,28.462800895000044],[81.32236251400008,28.46289145800006],[81.32231913900006,28.46477539500006],[81.32420995200005,28.465668957000048],[81.32373588900003,28.46887827000006],[81.32523895100007,28.469858395000074],[81.32945307700004,28.47057477000004],[81.33308388900008,28.47073739500007],[81.33584651400008,28.471716583000045],[81.33512507600005,28.47329764500006],[81.33875976400003,28.474443833000066],[81.33993351400005,28.477967395000064],[81.34086863900006,28.47870727000003],[81.33839176400005,28.481966895000028],[81.33746663800008,28.484548020000034],[81.33528938900008,28.48449020700008],[81.33121638900008,28.482512520000057],[81.32962345100003,28.48331733300006],[81.32945045200006,28.484542833000035],[81.33025538900006,28.487801082000033],[81.32980545100008,28.489293520000047],[81.33086788900005,28.493390396000052],[81.33343276400007,28.497061708000047],[81.33339801400007,28.499631583000053],[81.33546632700006,28.501884958000062],[81.33533326300005,28.503843646000064],[81.33285801300008,28.507407707000027],[81.33194363800004,28.509679645000062],[81.33287282600008,28.51721752000003],[81.33339745100005,28.519549145000042],[81.33299257600004,28.521788271000048],[81.33156770200003,28.521999333000053],[81.32850332600003,28.52114039500003],[81.32310576400005,28.517058333000023],[81.32065301400007,28.515875145000052],[81.31678870100006,28.515236646000062],[81.31284020100009,28.51591595800005],[81.30845338900008,28.51565977000007],[81.30627476400008,28.517325208000045],[81.30479170100006,28.517064583000035],[81.30220838900004,28.51457058300008],[81.30145526400008,28.51181514500007],[81.29952682600003,28.509378207000054],[81.29405863800008,28.506161520000035],[81.29042870200004,28.505339082000035],[81.28979038900007,28.503088771000023],[81.28939426400007,28.49926083300005],[81.28788113900004,28.496750708000036],[81.28625463900005,28.496201332000055],[81.28414963900008,28.493859333000046],[81.28582063900006,28.492240395000067],[81.28605388800008,28.49089520800004],[81.27781626400008,28.486007333000032],[81.27608013900004,28.482243020000055],[81.27443701400006,28.48157402000004],[81.27262807600005,28.48220489600004],[81.26942451300005,28.48020777000005],[81.26942076400007,28.478727708000065],[81.26673820200006,28.475145645000055],[81.26462851300005,28.470632832000035],[81.26191588900008,28.468711333000044],[81.26052488900007,28.46711433200005],[81.26065526400004,28.46511058200008],[81.26291845100008,28.463429895000047],[81.26569013900007,28.462228707000065],[81.26216026300006,28.455726395000056],[81.25869907600008,28.451850083000068],[81.25489876400007,28.44988308300003],[81.25367407600004,28.45285908200003],[81.25279501400007,28.453569145000074],[81.25364451400003,28.45597264500003],[81.25278726400006,28.458361332000038],[81.25285288900005,28.462359208000066],[81.25368063900004,28.46361889600007],[81.25203551400006,28.465167520000023],[81.24991063900006,28.464392958000076],[81.24662776400004,28.461492958000065],[81.24578501400003,28.45961058200004],[81.24814757600006,28.456212958000037],[81.24690576300003,28.453546145000075],[81.24529595100006,28.451811771000052],[81.24173470200003,28.450056020000034],[81.24024770100004,28.445433395000066],[81.23862720100004,28.442117395000025],[81.23411445100004,28.439571208000075],[81.23268657700004,28.439584895000053],[81.23085682600004,28.43776052000004],[81.22975720100004,28.435217333000026],[81.22836670200007,28.43416833300006],[81.22661570100007,28.430017520000035],[81.22506388900007,28.428535520000025],[81.22341020100004,28.425485520000052],[81.22492051400008,28.424697957000035],[81.22709382600004,28.425296770000045],[81.23275895200004,28.42424708300007],[81.23471170100004,28.427258020000068],[81.23491163900007,28.430082457000026],[81.23734488900004,28.433013583000047],[81.23927363900003,28.433308020000027],[81.24340651400007,28.432461396000065],[81.24554201400008,28.434555833000047],[81.24629263900005,28.438076395000053],[81.25070601400006,28.43490964500006],[81.25112276300007,28.433045271000026],[81.25370663900003,28.430669270000067],[81.25365407600003,28.428679270000032],[81.25596195100007,28.428374895000047],[81.26031301400008,28.426227770000025],[81.25978470100006,28.425181895000037],[81.26058276400005,28.42251127000003],[81.26020713900004,28.421537270000044],[81.25767245200007,28.41956339500007],[81.25679538900005,28.417570583000042],[81.25792257600006,28.41588758300003],[81.25750870100006,28.414403771000025],[81.25553245100008,28.413732895000066],[81.25785413900007,28.409238645000073],[81.26002070200008,28.407907833000024],[81.25981576400005,28.405767083000057],[81.26143520200003,28.40354383300007],[81.25957701400006,28.397821145000023],[81.25833888900007,28.397101457000076],[81.25802413900004,28.395409895000057],[81.25973370100007,28.394880958000044],[81.26070951400004,28.39323877000004],[81.26302063900005,28.392981708000036],[81.26945626400004,28.391213770000036],[81.28082813900005,28.387278520000052],[81.28773863900005,28.38514327000007],[81.28933807600004,28.38434570800007],[81.28809870100008,28.381733333000057],[81.28807120100004,28.378640145000077],[81.28700545200007,28.37485414500003],[81.28930876400005,28.372365208000076],[81.29093145100006,28.37128552000007],[81.29740445100003,28.368909270000074],[81.29987120200008,28.367304208000064],[81.30165888900007,28.364872582000032],[81.30244488900007,28.367948333000072],[81.30574313900007,28.373425833000056],[81.30813713900005,28.372714270000074],[81.31414413900006,28.371816083000056],[81.31714695100004,28.372540145000073],[81.31826851300008,28.374358333000032],[81.31796938900004,28.376926582000067],[81.31698920200006,28.380184645000043],[81.31658920100006,28.383373583000036],[81.31690832600003,28.385380895000026],[81.32118013800005,28.39135214500004],[81.32231757700004,28.394131333000075],[81.32555588900004,28.399475332000065],[81.32743332700005,28.40175864500003],[81.32940020100006,28.40324533300003],[81.33439676400008,28.405536708000056],[81.33986270100007,28.411890207000056],[81.34361157600006,28.415059833000043],[81.34718088900007,28.41728889500007],[81.35315526400007,28.419929145000026]]]}},{"type":"Feature","properties":{"STATE_CODE":5,"DISTRICT":"RUKUM_E","GaPa_NaPa":"Bhume","Type_GN":"Gaunpalika","Province":"5","provinceId":"5","provinceCode":"5","provinceName":"Lumbini","districtId":"501","districtName":"Rukum East","municipalityId":"50103","municipalityCode":"50103","municipalityName":"Bhoome Rural Municipality","municipalityNameNe":"भूमे गाउँपालिका","municipalityType":"rural_municipality"},"geometry":{"type":"Polygon","coordinates":[[[82.65553182800005,28.655877271000065],[82.65381839100007,28.65759495800006],[82.65119839100004,28.657253083000057],[82.64817601500005,28.657651521000048],[82.64551664100009,28.65711733300003],[82.64512439000003,28.656269833000067],[82.64648526600007,28.65062583300005],[82.64738989000006,28.64843995800004],[82.64605920300005,28.647138708000057],[82.64210182800008,28.645671083000025],[82.64007120300005,28.64367464600008],[82.63889145300004,28.64111589500004],[82.64096907800007,28.638368958000058],[82.64093732800006,28.63550145800008],[82.63889839000007,28.633944833000044],[82.63460045300008,28.633351145000063],[82.62701095300008,28.633630896000057],[82.62149007800008,28.63196645800008],[82.62309414000003,28.630119458000024],[82.62741064000005,28.62963989600007],[82.63007814000008,28.627591520000067],[82.63136789100008,28.625486396000042],[82.63380245300004,28.625001146000045],[82.63402126500006,28.623676895000074],[82.63586264000008,28.621904333000032],[82.63554032800005,28.62073483300003],[82.63891657700003,28.61630677000005],[82.63898020300007,28.614074146000064],[82.63784395200008,28.61270477000005],[82.63766495300007,28.609662083000046],[82.63642764100007,28.60570652100006],[82.63429432800007,28.603611958000045],[82.63297139100007,28.600783396000054],[82.63094051500008,28.598958208000056],[82.62950707800007,28.596281833000035],[82.63169289100006,28.594476646000032],[82.63300420300004,28.589998583000067],[82.63421876500007,28.588352833000044],[82.63465176500006,28.585947958000077],[82.63574876500007,28.584815270000036],[82.63132257800004,28.582194521000076],[82.63010445300006,28.58051745800003],[82.62567176500005,28.57814689500003],[82.62009770300006,28.579220458000066],[82.61806439100008,28.580296083000064],[82.61520907800008,28.580463207000037],[82.60371145300007,28.582689145000074],[82.60318689100006,28.58126258300007],[82.60130451500004,28.579097895000075],[82.60041926500008,28.574926833000063],[82.59903307800005,28.57308533300005],[82.59973007800005,28.57125177000006],[82.59807170300007,28.57049702000006],[82.59665057800004,28.566500833000077],[82.59462001600008,28.564602958000023],[82.59294832800003,28.561693707000074],[82.59312907800006,28.559674333000032],[82.58918826500008,28.561291458000028],[82.58824051600004,28.564288583000064],[82.58582539100007,28.566110957000035],[82.57777151500005,28.56821489500004],[82.56864964100004,28.56559027000003],[82.56613601500004,28.566475083000057],[82.55832395200008,28.567847271000062],[82.55329651500006,28.570333771000037],[82.54896951500007,28.570831208000072],[82.54609357700008,28.572907333000046],[82.54380426600005,28.57177070800003],[82.53747045300008,28.57083858200008],[82.53623789000005,28.56967714600006],[82.53516714000006,28.566471396000054],[82.53216195300007,28.56372964700006],[82.53202032700005,28.56122877100006],[82.53095007800005,28.558120020000047],[82.53365089000005,28.556087457000046],[82.53646189100004,28.554552271000034],[82.53772057700007,28.55246795900007],[82.53774257800006,28.548398770000063],[82.53721251500008,28.545652270000062],[82.53726151600006,28.542221771000072],[82.54281420300003,28.538110520000032],[82.54461670300003,28.531705334000037],[82.54566389100006,28.529925458000037],[82.54618644700008,28.52637290800004],[82.54687195300005,28.525489958000037],[82.55005170300007,28.52427877100007],[82.55424501600004,28.52363770900007],[82.56089270300004,28.523313520000045],[82.56392170300006,28.522138709000046],[82.56658745300007,28.521614208000074],[82.56849720300005,28.520515459000023],[82.57065651500005,28.517506396000044],[82.57559770200004,28.51592058400007],[82.57849314100008,28.51393870800007],[82.58242826500003,28.513580520000062],[82.58680970300009,28.512647146000063],[82.59010620300006,28.514337209000075],[82.59379476500004,28.512563959000033],[82.59619607800005,28.51093527200004],[82.59975089100004,28.506755833000057],[82.60263633700004,28.50684928900006],[82.60709944300004,28.509649229000047],[82.61303520200005,28.509546280000052],[82.61581489100007,28.51061095800003],[82.61750757800007,28.508970145000035],[82.61959282800007,28.508605583000076],[82.62401601500005,28.506579583000075],[82.62599939000006,28.504167895000023],[82.62872245300008,28.503326895000043],[82.62992726500005,28.502041895000048],[82.63511085500005,28.500642776000063],[82.63684776500008,28.49927589500004],[82.63984782800009,28.49805395800007],[82.64254632800004,28.494846020000068],[82.64618076500005,28.49454389500005],[82.64859426600003,28.49389345700007],[82.65594526500007,28.49365277000004],[82.65922195300004,28.492660957000055],[82.66072270300003,28.497119833000056],[82.66180114100007,28.49880427000005],[82.66772689000004,28.502196645000026],[82.66945470200005,28.50195414600006],[82.67037620200006,28.504686020000065],[82.67211089100005,28.507752896000056],[82.67422276600007,28.51019414500007],[82.67762739000005,28.512636520000058],[82.68290507700004,28.515180520000058],[82.68360039100008,28.51731452000007],[82.68707851500005,28.515566083000067],[82.68832870300008,28.515544333000037],[82.68403239100007,28.519732520000048],[82.68706564100006,28.52250952000003],[82.68911414100006,28.52369783300003],[82.69207026500004,28.522241957000062],[82.69414251600006,28.522056646000067],[82.69628189100007,28.520457458000067],[82.69631151600004,28.51748002100004],[82.69271820300008,28.513407520000044],[82.69250876500007,28.511833145000026],[82.69689732800003,28.51223845800007],[82.69941089100007,28.511427833000027],[82.70483895300003,28.50904564600006],[82.70781707800006,28.51005308300006],[82.71297626600006,28.514126458000078],[82.71595545300005,28.518594208000025],[82.72048095300005,28.521973395000032],[82.72331782800006,28.52216252000005],[82.72559857800007,28.523433707000038],[82.72742432800004,28.523534270000027],[82.73254145300007,28.52568908300003],[82.73727545300005,28.526464083000064],[82.73992114000004,28.52631045800007],[82.74433007800008,28.524882708000064],[82.74415101500006,28.521725083000035],[82.74478607800006,28.518676458000073],[82.74338876500008,28.51516008300007],[82.74460195300009,28.51223189500007],[82.74700282800006,28.510144770000068],[82.75051745300004,28.50890483300003],[82.75391895300004,28.505597333000026],[82.75516682800009,28.505062833000068],[82.75936320300008,28.505969707000077],[82.76563289100005,28.501632271000062],[82.76915276500006,28.500667083000053],[82.77401707800004,28.500090645000057],[82.77804726500005,28.500095395000073],[82.78230245300006,28.499136083000053],[82.78577439000009,28.49911720800003],[82.79040032800003,28.500722520000068],[82.79262982800003,28.50047164500006],[82.79536032800007,28.49829408200003],[82.79738095300007,28.498214958000062],[82.80017020300005,28.49667395800003],[82.80219326500008,28.49640533300004],[82.80356189000008,28.495061582000062],[82.80766414100003,28.493299645000036],[82.81155807800008,28.492855458000065],[82.81249076500006,28.490113646000054],[82.81446276600008,28.488603583000042],[82.81681551600008,28.487631457000077],[82.81984764000003,28.487389333000067],[82.82204689000008,28.486700083000073],[82.82613482800008,28.484213271000044],[82.82822320300005,28.48381164500006],[82.83039414000007,28.481768396000064],[82.83159651600005,28.47984989500003],[82.83488020300007,28.478102646000025],[82.83726589100007,28.47787495800003],[82.84331526500006,28.47834839500007],[82.84596732800009,28.479307145000064],[82.84932814000007,28.47824827100004],[82.85139139100005,28.478055895000068],[82.85353101600003,28.478743957000063],[82.85538789100008,28.477766958000075],[82.85782539100006,28.47824545800006],[82.85963089000006,28.477800396000077],[82.86315939100007,28.478382645000067],[82.86526870300008,28.479374833000065],[82.86964164100004,28.479257833000077],[82.87119257800003,28.47862102000005],[82.87315464000005,28.477644645000055],[82.87603995300003,28.477366207000046],[82.87920339000004,28.47629145700006],[82.88124782700004,28.476209020000056],[82.88496257800006,28.47839620800005],[82.88872232800009,28.479527895000047],[82.89078232800006,28.478759645000025],[82.89344495300008,28.478937020000046],[82.89569126500004,28.47847702000007],[82.89969295300006,28.47636177000004],[82.90245926600005,28.475601270000027],[82.90590139000005,28.475331208000057],[82.90847114100006,28.47561808200004],[82.91375657800006,28.478261583000062],[82.91352670300006,28.48076158300006],[82.91136739100006,28.482199458000025],[82.90762164100005,28.48351845800005],[82.90270795300006,28.488870707000046],[82.90073089000003,28.489851895000072],[82.89627157800004,28.494122395000034],[82.89434920300005,28.49642364500005],[82.89201820300008,28.500429333000056],[82.89067664100008,28.50416558300003],[82.89033464000005,28.50649095800003],[82.88902945300003,28.50710970800003],[82.88336726500006,28.511825583000075],[82.88127226500006,28.512940896000032],[82.87929276500006,28.515297833000034],[82.87682707900007,28.51664233300005],[82.87413701600008,28.51625908300008],[82.87100464100007,28.51439227000003],[82.86541120300006,28.51447877000004],[82.86458689100004,28.520026021000035],[82.86191032800008,28.521059395000066],[82.85823364100008,28.52049164500005],[82.85552389000009,28.522587207000072],[82.85322645300005,28.523474708000037],[82.85013589100004,28.525776707000034],[82.84779870400007,28.52490864500004],[82.84411539100006,28.525360145000036],[82.84286657800004,28.52647752100006],[82.84137695300006,28.529537395000034],[82.83681251600007,28.53324095800008],[82.83524001500007,28.53342377000007],[82.83152432800006,28.532724083000062],[82.82870882800006,28.531761458000062],[82.82537932800005,28.532134145000043],[82.82292045300005,28.53472295800003],[82.82066651600007,28.534958333000077],[82.81589595300005,28.537075770000058],[82.81401920400003,28.538699458000053],[82.81466226600008,28.54113245800005],[82.81273045300009,28.541420083000048],[82.81098776500005,28.54269977000007],[82.80934076500006,28.548381520000078],[82.80284526500003,28.551780457000064],[82.80065851500007,28.551966458000038],[82.79874589100007,28.553045895000025],[82.79365970300006,28.553348208000045],[82.78998845300003,28.55208383300004],[82.78762082800006,28.55191833300006],[82.78563489000004,28.553003708000062],[82.78477070300005,28.554613458000063],[82.78482639000003,28.55691045800006],[82.78193451600004,28.557938082000078],[82.78064182800006,28.55933189500007],[82.77856507800004,28.56391977000004],[82.77567164100003,28.565919457000064],[82.77327626600004,28.566218208000066],[82.77016232800008,28.568100771000047],[82.76948326500008,28.56913908300004],[82.76730157800006,28.56982083300005],[82.76353620300006,28.570000895000078],[82.76221645300006,28.570916020000027],[82.76189682800003,28.572647896000035],[82.76026514000006,28.573846771000035],[82.75918007800004,28.575905395000063],[82.75595889100003,28.576455708000026],[82.75350970300008,28.57850858300003],[82.75049651500007,28.578916271000026],[82.74653776500008,28.584357020000027],[82.74329032800006,28.587974770000073],[82.73972801500008,28.58979602000005],[82.73473532800006,28.58960289500004],[82.73259145300005,28.58774664500004],[82.72874420300008,28.586043520000032],[82.72600464000004,28.583761958000025],[82.72142201600008,28.583533833000047],[82.71631351600007,28.58764089600004],[82.71850839000007,28.592829833000053],[82.71811989000008,28.599223833000053],[82.71402395300004,28.599457958000073],[82.71092676500007,28.599227833000043],[82.70827120300004,28.599595083000054],[82.70792564100003,28.60467645800003],[82.70238820300006,28.605514646000074],[82.69921057800008,28.60713770800004],[82.69928170300005,28.61054702000007],[82.69888401500003,28.613590833000046],[82.69928639000005,28.616545333000033],[82.69609582800007,28.618892333000076],[82.69332770300008,28.62177802100007],[82.69021907800004,28.621858520000046],[82.68847807700007,28.62271695800007],[82.68484045300005,28.623439645000076],[82.68325964100006,28.624933458000044],[82.67881945300007,28.626002396000047],[82.67481501600008,28.625866270000074],[82.67124207800003,28.626790020000044],[82.66857770200005,28.625333708000028],[82.66633851500006,28.625185333000047],[82.66248726500004,28.62955302100005],[82.66214351500008,28.63171070800007],[82.66291407800009,28.634132021000028],[82.66486282800008,28.636835708000035],[82.66472439000006,28.638404396000055],[82.66292095300008,28.640349146000062],[82.65633026500007,28.645959583000035],[82.65568426500005,28.647060770000053],[82.65583514100007,28.651424958000064],[82.65553182800005,28.655877271000065]]]}},{"type":"Feature","properties":{"STATE_CODE":5,"DISTRICT":"RUKUM_E","GaPa_NaPa":"Putha Uttarganga","Type_GN":"Gaunpalika","Province":"5","provinceId":"5","provinceCode":"5","provinceName":"Lumbini","districtId":"501","districtName":"Rukum East","municipalityId":"50101","municipalityCode":"50101","municipalityName":"Putha Uttanganga Rural Municipality","municipalityNameNe":"पुथा उत्तरगंगा गाउँपालिका","municipalityType":"rural_municipality"},"geometry":{"type":"Polygon","coordinates":[[[82.97648664000008,28.626012271000036],[82.97475707800004,28.627070770000046],[82.97616951500004,28.62997133300007],[82.97888120300007,28.634036770000023],[82.98250795300004,28.638339083000062],[82.97828457800006,28.641544645000067],[82.97721851600005,28.643386458000066],[82.97497807800005,28.64475470800005],[82.97312582800004,28.646590521000064],[82.96919114000008,28.647023146000038],[82.96589776600007,28.648847895000074],[82.95972214100004,28.650648271000023],[82.95849526500007,28.650638833000073],[82.95798889000008,28.653355583000064],[82.95597732800007,28.655934458000047],[82.95727676500007,28.658410208000078],[82.95606270300004,28.662163770000063],[82.95689657800006,28.667101708000075],[82.95583457800006,28.670337583000048],[82.95624751600008,28.673194520000038],[82.95954339100007,28.674713333000057],[82.96304964100005,28.67727133300008],[82.96558314100008,28.68150714500007],[82.96759545300006,28.682625646000076],[82.96474357800008,28.68831364600004],[82.96310695300008,28.690117145000045],[82.95853426600007,28.691185208000036],[82.95630739100005,28.693114895000065],[82.95854745300005,28.697285333000025],[82.95790776500007,28.698706146000063],[82.95325457800004,28.70042314600005],[82.95193476500003,28.699959458000023],[82.94869376600008,28.70025689600004],[82.94270451600005,28.70306627000008],[82.94071645300005,28.703179270000078],[82.93900557800004,28.704984145000026],[82.93987820300003,28.706028708000076],[82.93816926500006,28.707637333000037],[82.93557782800008,28.709173520000036],[82.93138701600003,28.708750208000026],[82.92828845400004,28.709506271000066],[82.92454926600004,28.711680646000048],[82.92167857900006,28.711723146000054],[82.92208101500006,28.71555470800007],[82.92072820300007,28.718269021000026],[82.92224189100006,28.72139652000004],[82.92236976500004,28.723278958000037],[82.92045220300008,28.723651708000034],[82.91567464100007,28.726532645000077],[82.91616857800005,28.728614270000037],[82.91394182800008,28.73041239500003],[82.91338482800006,28.73443020800005],[82.91226401600005,28.73604320800007],[82.91019195300004,28.73706420800005],[82.90813770300008,28.736400208000077],[82.90501432800005,28.732352708000064],[82.90083464100007,28.73082533300004],[82.89908307800005,28.729383146000032],[82.89709689100005,28.72923833300007],[82.89223370300004,28.72971745800004],[82.89090251500005,28.730290833000026],[82.88777720300004,28.73000570800008],[82.88394132800005,28.730752333000055],[82.87790845300003,28.730443020000052],[82.87826126500005,28.72499570800005],[82.87755295300008,28.72239333300007],[82.87829870300004,28.72149264600006],[82.87588864000008,28.71971977000004],[82.87352995400005,28.720025020000037],[82.87222070300004,28.718586145000074],[82.87356189100007,28.71704077100003],[82.87402864100005,28.71470977000007],[82.87330589100003,28.713469771000064],[82.87096407800004,28.712218521000068],[82.86695282800008,28.712250458000028],[82.86737664100008,28.710555271000032],[82.86556107800004,28.71011145800003],[82.86306489000003,28.711049271000036],[82.86060714100006,28.71375370800007],[82.85897820300005,28.71464908300004],[82.85532414100004,28.719028458000025],[82.85253501500006,28.71829189600004],[82.84847257800004,28.719620021000026],[82.84565245300007,28.721736771000053],[82.83949701500006,28.722593208000035],[82.83353614100008,28.71585777000007],[82.82635576600006,28.709632645000056],[82.82490089000004,28.708128833000046],[82.82397039000006,28.70578370800007],[82.82584476500006,28.70268683300003],[82.82556689000006,28.701191083000026],[82.82344257800008,28.70032889600003],[82.82188201600007,28.701677895000046],[82.81388464000008,28.706085896000047],[82.81300820300004,28.705493958000034],[82.80991926600007,28.705335958000035],[82.80604707800006,28.702836208000065],[82.80628539000008,28.701281770000037],[82.80223114100005,28.701895583000066],[82.79813314100005,28.703090958000075],[82.79666145300007,28.703077895000035],[82.79409164100008,28.704203208000024],[82.79218376600005,28.708853583000064],[82.79341214100003,28.711826521000035],[82.79545501500007,28.71334708300003],[82.79447039100006,28.71541370800003],[82.79400839100003,28.718125646000033],[82.79621726500005,28.718231083000035],[82.79645339100006,28.721858333000057],[82.79309657800007,28.725769396000032],[82.78890814000005,28.728001333000066],[82.78493739100008,28.730537396000045],[82.78000770300008,28.731855521000057],[82.77759132800009,28.733507520000046],[82.77422032800007,28.734857583000064],[82.77093239100003,28.735558645000026],[82.76968757800006,28.737471583000058],[82.76813326500007,28.738616896000053],[82.76923276500008,28.741904646000023],[82.76863814100005,28.744236270000044],[82.76811351600008,28.75006058300005],[82.76720426600008,28.752256270000032],[82.76823126600004,28.753713833000063],[82.76770714100007,28.758344833000024],[82.76912045300008,28.76114139500004],[82.76909970300005,28.76342864600008],[82.77053551500006,28.764312458000063],[82.77270276600007,28.769865708000054],[82.77887601600008,28.770835271000067],[82.78275145300006,28.772796708000044],[82.78460582800005,28.77257883300007],[82.78597564100005,28.774901145000058],[82.78524601600003,28.777044395000075],[82.78354989000007,28.779203771000027],[82.78281139100005,28.783898271000055],[82.78213770300005,28.78540358400005],[82.78269801500005,28.78911270800006],[82.77862845300007,28.793321458000037],[82.77519157800003,28.796310833000064],[82.77430970300009,28.79855189500006],[82.77294176600003,28.79980727000003],[82.77033132800005,28.801067083000078],[82.76706070300008,28.80422470800005],[82.76485939000008,28.803843646000075],[82.76277776500007,28.802732771000024],[82.76027995300007,28.802520396000034],[82.75809826500006,28.80164989600007],[82.75674307800006,28.800356083000054],[82.75434814100004,28.799549021000075],[82.75382814000005,28.795384458000058],[82.75000039000008,28.793528708000053],[82.74818045300003,28.791377771000043],[82.74507926500007,28.788912708000055],[82.74032532800004,28.78764808300008],[82.73808082800008,28.785093833000076],[82.73770157800004,28.783360083000048],[82.73357889000005,28.781108520000032],[82.72819270300005,28.78099252000004],[82.72428701500007,28.78037820800006],[82.72152826600006,28.779463333000024],[82.72098495300008,28.776563958000054],[82.71911870300005,28.772889646000067],[82.71659857800006,28.770621208000023],[82.71155095300008,28.765217896000024],[82.70915026600005,28.765100208000035],[82.70728051600008,28.766203395000048],[82.70432851600003,28.766527083000028],[82.70095439000005,28.76559233300003],[82.69865320300005,28.76341814500006],[82.69572545300008,28.762043208000023],[82.69257920200005,28.75905320800007],[82.68942645300007,28.757111958000053],[82.68769801500008,28.756991458000073],[82.68612482800006,28.755744520000064],[82.68482295300004,28.752970771000037],[82.67759095300005,28.752893395000058],[82.67688551600008,28.750698396000075],[82.67937826500008,28.749497895000047],[82.68171720300006,28.746549833000074],[82.68034514000004,28.74367383300006],[82.68092895300003,28.74238470800003],[82.68045020300008,28.740205458000048],[82.68365720300005,28.73812527000007],[82.68618864100006,28.73765814500007],[82.68656057800007,28.734936833000063],[82.68874826500007,28.733169146000023],[82.69103032800007,28.729724083000065],[82.69134264100006,28.726713333000077],[82.69091826600004,28.725087270000074],[82.69167426500007,28.71992202100006],[82.69013270300007,28.71791752100006],[82.69169164100003,28.715054146000057],[82.69332614000007,28.710242583000024],[82.69647901600007,28.706293708000032],[82.69767845300004,28.70430658300006],[82.69922501500008,28.699690271000065],[82.70126864100007,28.697521771000027],[82.70428270300005,28.695385083000076],[82.70382582800005,28.693091020000054],[82.70674164100006,28.692897833000075],[82.70835064000005,28.69091458300005],[82.70757964100005,28.689321396000025],[82.70525314100007,28.68912089500003],[82.70195901500006,28.68747645800005],[82.70168251500007,28.685984958000063],[82.70014089000006,28.684039145000042],[82.69970639000007,28.68170470800004],[82.69792295300005,28.677523333000067],[82.69752751500005,28.675496020000026],[82.69495945300008,28.674451646000023],[82.69397557800005,28.675222708000035],[82.68885601500006,28.677025208000032],[82.68341445300007,28.677529583000023],[82.68097920300005,28.676276458000075],[82.67936989000003,28.67467270800006],[82.67742476600006,28.67493339600003],[82.67468926600003,28.673618583000064],[82.67242382800003,28.67372270800007],[82.66772364100007,28.671393645000023],[82.66595407800008,28.669156521000048],[82.66503270300007,28.665438833000053],[82.66564701500005,28.663764333000074],[82.66419376500005,28.659917396000026],[82.66175582800008,28.659081208000032],[82.65884189000008,28.65726127000005],[82.65553182800005,28.655877271000065],[82.65583514100007,28.651424958000064],[82.65568426500005,28.647060770000053],[82.65633026500007,28.645959583000035],[82.66292095300008,28.640349146000062],[82.66472439000006,28.638404396000055],[82.66486282800008,28.636835708000035],[82.66291407800009,28.634132021000028],[82.66214351500008,28.63171070800007],[82.66248726500004,28.62955302100005],[82.66633851500006,28.625185333000047],[82.66857770200005,28.625333708000028],[82.67124207800003,28.626790020000044],[82.67481501600008,28.625866270000074],[82.67881945300007,28.626002396000047],[82.68325964100006,28.624933458000044],[82.68484045300005,28.623439645000076],[82.68847807700007,28.62271695800007],[82.69021907800004,28.621858520000046],[82.69332770300008,28.62177802100007],[82.69609582800007,28.618892333000076],[82.69928639000005,28.616545333000033],[82.69888401500003,28.613590833000046],[82.69928170300005,28.61054702000007],[82.69921057800008,28.60713770800004],[82.70238820300006,28.605514646000074],[82.70792564100003,28.60467645800003],[82.70827120300004,28.599595083000054],[82.71092676500007,28.599227833000043],[82.71402395300004,28.599457958000073],[82.71811989000008,28.599223833000053],[82.71850839000007,28.592829833000053],[82.71631351600007,28.58764089600004],[82.72142201600008,28.583533833000047],[82.72600464000004,28.583761958000025],[82.72874420300008,28.586043520000032],[82.73259145300005,28.58774664500004],[82.73473532800006,28.58960289500004],[82.73972801500008,28.58979602000005],[82.74329032800006,28.587974770000073],[82.74653776500008,28.584357020000027],[82.75049651500007,28.578916271000026],[82.75350970300008,28.57850858300003],[82.75595889100003,28.576455708000026],[82.75918007800004,28.575905395000063],[82.76026514000006,28.573846771000035],[82.76189682800003,28.572647896000035],[82.76221645300006,28.570916020000027],[82.76353620300006,28.570000895000078],[82.76730157800006,28.56982083300005],[82.76948326500008,28.56913908300004],[82.77016232800008,28.568100771000047],[82.77327626600004,28.566218208000066],[82.77567164100003,28.565919457000064],[82.77856507800004,28.56391977000004],[82.78064182800006,28.55933189500007],[82.78193451600004,28.557938082000078],[82.78482639000003,28.55691045800006],[82.78477070300005,28.554613458000063],[82.78563489000004,28.553003708000062],[82.78762082800006,28.55191833300006],[82.78998845300003,28.55208383300004],[82.79365970300006,28.553348208000045],[82.79874589100007,28.553045895000025],[82.80065851500007,28.551966458000038],[82.80284526500003,28.551780457000064],[82.80934076500006,28.548381520000078],[82.81098776500005,28.54269977000007],[82.81273045300009,28.541420083000048],[82.81466226600008,28.54113245800005],[82.81401920400003,28.538699458000053],[82.81589595300005,28.537075770000058],[82.82066651600007,28.534958333000077],[82.82292045300005,28.53472295800003],[82.82537932800005,28.532134145000043],[82.82870882800006,28.531761458000062],[82.83152432800006,28.532724083000062],[82.83524001500007,28.53342377000007],[82.83681251600007,28.53324095800008],[82.84137695300006,28.529537395000034],[82.84286657800004,28.52647752100006],[82.84411539100006,28.525360145000036],[82.84779870400007,28.52490864500004],[82.85013589100004,28.525776707000034],[82.85322645300005,28.523474708000037],[82.85552389000009,28.522587207000072],[82.85823364100008,28.52049164500005],[82.86191032800008,28.521059395000066],[82.86458689100004,28.520026021000035],[82.86541120300006,28.51447877000004],[82.87100464100007,28.51439227000003],[82.87413701600008,28.51625908300008],[82.87682707900007,28.51664233300005],[82.87929276500006,28.515297833000034],[82.88012276500007,28.51582127000006],[82.88271389100004,28.51504852000005],[82.88457464100009,28.515233083000055],[82.88967520300008,28.514679208000075],[82.89317970300004,28.514856708000025],[82.89707564100007,28.515490708000073],[82.90371239100006,28.518899083000065],[82.90835795300006,28.522011333000023],[82.90970926600005,28.52383602100008],[82.91157020300005,28.524020145000065],[82.91601114100007,28.527457645000027],[82.91361801600004,28.529216208000037],[82.91345001600007,28.530739895000067],[82.91445089000007,28.532230020000043],[82.91396282900007,28.535231146000058],[82.91546239000007,28.537666020000074],[82.91437732800006,28.53940577000003],[82.91379351500007,28.54270608300004],[82.91535451500005,28.546855958000037],[82.91529339000004,28.54867839600007],[82.91677220300005,28.552601957000036],[82.91561764100004,28.55543527100008],[82.91771226500003,28.55877952000003],[82.91758739000005,28.56230458300007],[82.91818820300006,28.564305895000075],[82.92010370300005,28.56431889600003],[82.92058751600007,28.565766583000027],[82.92241014000007,28.566904520000037],[82.92574283000005,28.567501708000066],[82.93036651600005,28.566987770000026],[82.93252114100005,28.565718833000062],[82.93597507800007,28.56490445700007],[82.93807939100003,28.56249352100008],[82.94256839100007,28.56117727000003],[82.94312051600008,28.559496333000027],[82.94501420300008,28.558037958000057],[82.94846882800005,28.557376583000064],[82.94967232800008,28.55618814500008],[82.95347432900007,28.55579102100006],[82.95566751600006,28.553836208000064],[82.95764039000005,28.55127277100007],[82.96200964000008,28.551674020000064],[82.96342757900004,28.55025677100008],[82.96593764200009,28.54996683400003],[82.96773301600007,28.547566645000074],[82.97018907800003,28.546412145000033],[82.97177689000006,28.544650958000034],[82.97576789100003,28.54219958300007],[82.97690757800007,28.54399714500005],[82.97931689100005,28.54608852100006],[82.97913282800005,28.547386583000048],[82.98215520400004,28.550301458000035],[82.98358107800004,28.557177145000026],[82.98463582800008,28.55990127000007],[82.98754264100006,28.56392958200007],[82.98766345300004,28.569762208000043],[82.98689482800006,28.57109877000005],[82.98521595400007,28.570912521000025],[82.98382270400003,28.571856395000054],[82.98144732900005,28.574924770000052],[82.98037614100008,28.575462645000073],[82.97838601600006,28.57462877000006],[82.97459407800005,28.575101021000023],[82.97177776600006,28.577231895000068],[82.96600414100004,28.58106152000005],[82.96424407800004,28.581754208000063],[82.96133151600003,28.587649396000074],[82.95843057800005,28.591333707000047],[82.95659720300006,28.59291683200007],[82.95476495300005,28.599099833000025],[82.95596551500006,28.60241858300003],[82.95894989100003,28.607950583000047],[82.95844345400008,28.610374146000026],[82.95928782800007,28.611368708000043],[82.96503689100007,28.613138521000053],[82.96902551600004,28.61530308300007],[82.97406176600003,28.620415021000042],[82.97648664000008,28.626012271000036]]]}},{"type":"Feature","properties":{"STATE_CODE":5,"DISTRICT":"RUKUM_E","GaPa_NaPa":"Sisne","Type_GN":"Gaunpalika","Province":"5","provinceId":"5","provinceCode":"5","provinceName":"Lumbini","districtId":"501","districtName":"Rukum East","municipalityId":"50102","municipalityCode":"50102","municipalityName":"Sisne Rural Municipality","municipalityNameNe":"सिस्ने गाउँपालिका","municipalityType":"rural_municipality"},"geometry":{"type":"Polygon","coordinates":[[[82.69759907800005,28.864622834000045],[82.69441220300007,28.86297458300004],[82.68736451600006,28.861286583000037],[82.68420026600006,28.857838146000063],[82.68039926500006,28.854708396000035],[82.67556557700004,28.85246614600004],[82.67135114100006,28.85231864600007],[82.66747601500003,28.853746646000047],[82.66523057800003,28.855538083000056],[82.66366376500008,28.857909146000054],[82.66038451600008,28.86000602100006],[82.65852157700004,28.86255002000007],[82.65762751600005,28.864697646000025],[82.65799576500007,28.866573583000047],[82.65566901600005,28.86703764500004],[82.65050976500004,28.869115520000037],[82.64610601500004,28.867115583000043],[82.64387957800005,28.864878083000065],[82.63989076500008,28.859915896000075],[82.63867832800008,28.855128270000023],[82.63757532800008,28.85448327000006],[82.63183826500006,28.853304020000053],[82.63030407800005,28.850371833000054],[82.62664439100007,28.846723145000055],[82.62643789100008,28.844429208000065],[82.62836532800003,28.84180964500007],[82.62796726600004,28.839098646000025],[82.62556726600008,28.835670334000042],[82.62300126600007,28.832867333000024],[82.61958914000007,28.828456333000076],[82.61559357800007,28.826470958000073],[82.61585651500008,28.824459270000034],[82.61907945300004,28.819283771000073],[82.62103032800007,28.81485989500004],[82.62200170300008,28.81111633300003],[82.62097257700003,28.808209395000063],[82.61666995300004,28.807224708000035],[82.61518370300007,28.807279395000023],[82.61439570300007,28.80581408300003],[82.61010289100005,28.803306708000036],[82.60939345300005,28.802148958000032],[82.60727351600008,28.801139083000066],[82.60503876600006,28.797985021000045],[82.60221089000004,28.79596845800006],[82.60121039000006,28.79456408300007],[82.59814157800008,28.791902083000025],[82.59666151500005,28.79127539600006],[82.59356782800006,28.791507083000056],[82.59119351500004,28.789255895000053],[82.59146245200003,28.78594508300006],[82.59010020300008,28.784775896000042],[82.58969539000003,28.78315208300006],[82.58820857800004,28.781489833000023],[82.58335764000003,28.780615708000028],[82.58132101600006,28.779085271000042],[82.57905514000004,28.776404145000072],[82.57646776500007,28.775752083000043],[82.57359389000004,28.77376152100004],[82.57167270200006,28.771174208000048],[82.56950301500007,28.770485833000066],[82.56925370300007,28.768259021000063],[82.56785157800005,28.766929083000036],[82.56382776500004,28.767874333000066],[82.56598839000003,28.765664146000063],[82.56679257800005,28.763748521000025],[82.56517732800006,28.760600458000056],[82.56561482800004,28.758581708000065],[82.56845664100007,28.757463646000076],[82.56892526500008,28.75383914500003],[82.56843676500006,28.749886395000033],[82.56733214000008,28.747314458000062],[82.56793182700005,28.743799583000055],[82.56963839000008,28.74466808300008],[82.57177420300007,28.743646271000046],[82.57481389000003,28.74090152100007],[82.57686401500007,28.740433645000053],[82.58131189100004,28.74111652000005],[82.58355676500008,28.741106208000076],[82.58836132800008,28.73999020800005],[82.59196039000005,28.739869896000073],[82.59383657800004,28.740437521000047],[82.59644726500005,28.74209333300007],[82.59750614000006,28.743732958000066],[82.60332426500008,28.74278714500008],[82.60430501500008,28.73662102000003],[82.60358995200005,28.734407521000037],[82.60509214100006,28.73075970800005],[82.60512032800005,28.727358270000025],[82.60706657800006,28.71701308300004],[82.60765664000007,28.714774646000023],[82.61316870200005,28.71318908300003],[82.61511870300006,28.712304458000062],[82.61729514100006,28.709448396000028],[82.61617870300006,28.703752396000027],[82.61498820300005,28.701040146000025],[82.61551814100005,28.698972396000045],[82.61434820300008,28.695745958000032],[82.61674732700004,28.693392896000034],[82.61783657700005,28.691349020000075],[82.61781007800005,28.689668208000057],[82.61660426500003,28.688735520000023],[82.60832951600008,28.687276895000025],[82.60607332800004,28.687145395000073],[82.60418045300008,28.686232708000034],[82.60211226500007,28.68415402000005],[82.60167714000005,28.68234039500004],[82.60292801500003,28.67661008300007],[82.60134901600009,28.672792770000058],[82.60174989000006,28.67027045800006],[82.60002639000004,28.66838258300004],[82.59738164100008,28.667394270000045],[82.59435376500005,28.66757039600003],[82.59121095300003,28.664939083000036],[82.58860939000004,28.66377733300004],[82.58304889000004,28.665043395000055],[82.58071945300009,28.664477646000023],[82.57673857800006,28.65854827100003],[82.57166270300007,28.65426302000003],[82.56872857800005,28.653047770000057],[82.56630976500009,28.650971708000043],[82.56259182800005,28.646436521000055],[82.55772414000006,28.644895958000063],[82.55561464100003,28.64476527000005],[82.54956739000005,28.646166896000068],[82.54655370300003,28.64620902000007],[82.54418651500004,28.64691895800007],[82.54274370300004,28.64642520800004],[82.54067864000007,28.64705939600003],[82.53825139100007,28.650085270000034],[82.53569164000004,28.649823020000042],[82.52976001500008,28.65465377000004],[82.52700739000005,28.654966708000075],[82.52453576500005,28.657150458000046],[82.52344039000008,28.659256645000028],[82.51916157700003,28.66108220800004],[82.51688051600007,28.659654146000037],[82.51472920300006,28.659391458000073],[82.51040745200004,28.66133127100005],[82.50802001500006,28.661661396000056],[82.50651501600004,28.66261927000005],[82.50329151600005,28.667634270000065],[82.50268726500008,28.664329708000025],[82.50171582800004,28.662340708000045],[82.50037957700005,28.661615333000043],[82.49620182800004,28.66239758300003],[82.49182320300008,28.659190833000025],[82.49135401500007,28.65549439600005],[82.49293389000007,28.65323927000003],[82.49275345300003,28.65101933300008],[82.49048514000003,28.646999833000052],[82.48864720300008,28.641973895000035],[82.48770351600007,28.640518083000075],[82.49096739000004,28.63960245800007],[82.49622020300006,28.636178958000073],[82.49958520300004,28.634968771000047],[82.50100389000005,28.63381808300005],[82.50797282800005,28.630940020000025],[82.51037795300005,28.627607646000058],[82.51263745300008,28.627336958000058],[82.51685207800006,28.62530339500006],[82.52030451500008,28.624441020000063],[82.52637751500004,28.62479145800006],[82.53003770300006,28.624562770000068],[82.53584876500008,28.623407583000073],[82.53933370200008,28.622168395000074],[82.54197876500007,28.620626895000044],[82.54521682800004,28.622425708000037],[82.54505207800008,28.62487145800003],[82.54597257800003,28.626467083000023],[82.54849151500008,28.627170833000037],[82.55027745300004,28.626747833000024],[82.55124451500006,28.62544752100007],[82.54816501600004,28.62054214500006],[82.54779120300003,28.618235021000032],[82.55317351600007,28.615614958000037],[82.55532895300007,28.61535827000006],[82.55633907700008,28.61428402000007],[82.56089951500007,28.61099845800004],[82.56313839000006,28.609957458000054],[82.56727982800004,28.610321646000045],[82.56992939000008,28.60948789500003],[82.57673057800008,28.61189877000004],[82.57965082700008,28.61442420800006],[82.58251114100005,28.612311146000025],[82.58221589000004,28.608189020000054],[82.58059826500005,28.602070208000043],[82.58291826600004,28.599692021000067],[82.58239495300006,28.598091708000027],[82.58310564100003,28.591846083000064],[82.58104945300005,28.589699646000042],[82.58233995300003,28.588835583000048],[82.58289426600004,28.587095396000052],[82.58191820300004,28.58545877000006],[82.57889582800004,28.583545833000073],[82.57702126500004,28.579506396000056],[82.57453826500006,28.57850577000005],[82.56876014100004,28.57767345800005],[82.56198464000005,28.579670333000024],[82.55879545300007,28.579514708000033],[82.55585476500005,28.581513646000076],[82.55325770300004,28.57930914600007],[82.54904282800004,28.576636146000055],[82.54609357700008,28.572907333000046],[82.54896951500007,28.570831208000072],[82.55329651500006,28.570333771000037],[82.55832395200008,28.567847271000062],[82.56613601500004,28.566475083000057],[82.56864964100004,28.56559027000003],[82.57777151500005,28.56821489500004],[82.58582539100007,28.566110957000035],[82.58824051600004,28.564288583000064],[82.58918826500008,28.561291458000028],[82.59312907800006,28.559674333000032],[82.59294832800003,28.561693707000074],[82.59462001600008,28.564602958000023],[82.59665057800004,28.566500833000077],[82.59807170300007,28.57049702000006],[82.59973007800005,28.57125177000006],[82.59903307800005,28.57308533300005],[82.60041926500008,28.574926833000063],[82.60130451500004,28.579097895000075],[82.60318689100006,28.58126258300007],[82.60371145300007,28.582689145000074],[82.61520907800008,28.580463207000037],[82.61806439100008,28.580296083000064],[82.62009770300006,28.579220458000066],[82.62567176500005,28.57814689500003],[82.63010445300006,28.58051745800003],[82.63132257800004,28.582194521000076],[82.63574876500007,28.584815270000036],[82.63465176500006,28.585947958000077],[82.63421876500007,28.588352833000044],[82.63300420300004,28.589998583000067],[82.63169289100006,28.594476646000032],[82.62950707800007,28.596281833000035],[82.63094051500008,28.598958208000056],[82.63297139100007,28.600783396000054],[82.63429432800007,28.603611958000045],[82.63642764100007,28.60570652100006],[82.63766495300007,28.609662083000046],[82.63784395200008,28.61270477000005],[82.63898020300007,28.614074146000064],[82.63891657700003,28.61630677000005],[82.63554032800005,28.62073483300003],[82.63586264000008,28.621904333000032],[82.63402126500006,28.623676895000074],[82.63380245300004,28.625001146000045],[82.63136789100008,28.625486396000042],[82.63007814000008,28.627591520000067],[82.62741064000005,28.62963989600007],[82.62309414000003,28.630119458000024],[82.62149007800008,28.63196645800008],[82.62701095300008,28.633630896000057],[82.63460045300008,28.633351145000063],[82.63889839000007,28.633944833000044],[82.64093732800006,28.63550145800008],[82.64096907800007,28.638368958000058],[82.63889145300004,28.64111589500004],[82.64007120300005,28.64367464600008],[82.64210182800008,28.645671083000025],[82.64605920300005,28.647138708000057],[82.64738989000006,28.64843995800004],[82.64648526600007,28.65062583300005],[82.64512439000003,28.656269833000067],[82.64551664100009,28.65711733300003],[82.64817601500005,28.657651521000048],[82.65119839100004,28.657253083000057],[82.65381839100007,28.65759495800006],[82.65553182800005,28.655877271000065],[82.65884189000008,28.65726127000005],[82.66175582800008,28.659081208000032],[82.66419376500005,28.659917396000026],[82.66564701500005,28.663764333000074],[82.66503270300007,28.665438833000053],[82.66595407800008,28.669156521000048],[82.66772364100007,28.671393645000023],[82.67242382800003,28.67372270800007],[82.67468926600003,28.673618583000064],[82.67742476600006,28.67493339600003],[82.67936989000003,28.67467270800006],[82.68097920300005,28.676276458000075],[82.68341445300007,28.677529583000023],[82.68885601500006,28.677025208000032],[82.69397557800005,28.675222708000035],[82.69495945300008,28.674451646000023],[82.69752751500005,28.675496020000026],[82.69792295300005,28.677523333000067],[82.69970639000007,28.68170470800004],[82.70014089000006,28.684039145000042],[82.70168251500007,28.685984958000063],[82.70195901500006,28.68747645800005],[82.70525314100007,28.68912089500003],[82.70757964100005,28.689321396000025],[82.70835064000005,28.69091458300005],[82.70674164100006,28.692897833000075],[82.70382582800005,28.693091020000054],[82.70428270300005,28.695385083000076],[82.70126864100007,28.697521771000027],[82.69922501500008,28.699690271000065],[82.69767845300004,28.70430658300006],[82.69647901600007,28.706293708000032],[82.69332614000007,28.710242583000024],[82.69169164100003,28.715054146000057],[82.69013270300007,28.71791752100006],[82.69167426500007,28.71992202100006],[82.69091826600004,28.725087270000074],[82.69134264100006,28.726713333000077],[82.69103032800007,28.729724083000065],[82.68874826500007,28.733169146000023],[82.68656057800007,28.734936833000063],[82.68618864100006,28.73765814500007],[82.68365720300005,28.73812527000007],[82.68045020300008,28.740205458000048],[82.68092895300003,28.74238470800003],[82.68034514000004,28.74367383300006],[82.68171720300006,28.746549833000074],[82.67937826500008,28.749497895000047],[82.67688551600008,28.750698396000075],[82.67759095300005,28.752893395000058],[82.68482295300004,28.752970771000037],[82.68612482800006,28.755744520000064],[82.68769801500008,28.756991458000073],[82.68942645300007,28.757111958000053],[82.69257920200005,28.75905320800007],[82.69572545300008,28.762043208000023],[82.69865320300005,28.76341814500006],[82.70095439000005,28.76559233300003],[82.70432851600003,28.766527083000028],[82.70728051600008,28.766203395000048],[82.70915026600005,28.765100208000035],[82.71155095300008,28.765217896000024],[82.71659857800006,28.770621208000023],[82.71911870300005,28.772889646000067],[82.72098495300008,28.776563958000054],[82.72152826600006,28.779463333000024],[82.72428701500007,28.78037820800006],[82.72819270300005,28.78099252000004],[82.73357889000005,28.781108520000032],[82.73770157800004,28.783360083000048],[82.73808082800008,28.785093833000076],[82.74032532800004,28.78764808300008],[82.74507926500007,28.788912708000055],[82.74818045300003,28.791377771000043],[82.75000039000008,28.793528708000053],[82.75382814000005,28.795384458000058],[82.75434814100004,28.799549021000075],[82.75674307800006,28.800356083000054],[82.75809826500006,28.80164989600007],[82.76027995300007,28.802520396000034],[82.76277776500007,28.802732771000024],[82.76485939000008,28.803843646000075],[82.76706070300008,28.80422470800005],[82.76776482800005,28.808485646000065],[82.76552382800008,28.813554271000044],[82.76207432800004,28.816010833000064],[82.76136070300004,28.819737645000032],[82.75874289000006,28.821021958000074],[82.75668145300006,28.82552364600008],[82.75501995300004,28.827669395000044],[82.75134339100003,28.830385208000052],[82.74859576600005,28.83545102000005],[82.74839389000005,28.83709377100007],[82.74564132800003,28.84075414600005],[82.74509957800007,28.844157583000026],[82.74371451600007,28.845748583000045],[82.74025176500004,28.84595539600008],[82.73804301500007,28.847899520000055],[82.73110257800005,28.847633646000077],[82.72834232800005,28.84624514500007],[82.72645464000004,28.847950771000058],[82.72565989100008,28.84966664600006],[82.72110626500006,28.849704771000063],[82.71404120300008,28.85143995800007],[82.71007582800007,28.853969145000065],[82.70660820300003,28.854545021000035],[82.70414589000006,28.85776064600003],[82.70215882800005,28.85937695800004],[82.70181132800008,28.86097520800007],[82.69890995300005,28.862839833000066],[82.69759907800005,28.864622834000045]]]}}]}