{"type":"FeatureCollection","features":[{"type":"Feature","properties":{"STATE_CODE":2,"DISTRICT":"SAPTARI","GaPa_NaPa":"Agnisair Krishna Savaran","Type_GN":"Gaunpalika","Province":"2","provinceId":"2","provinceCode":"2","provinceName":"Madhesh","districtId":"201","districtName":"Saptari","municipalityId":"20103","municipalityCode":"20103","municipalityName":"Agnisair Krishna Sabaran Rural Municipality","municipalityNameNe":"अग्निसाइर कृष्ण सवरन गाउँपालिका","municipalityType":"rural_municipality"},"geometry":{"type":"Polygon","coordinates":[[[86.84502895700007,26.632892269000024],[86.84544208200003,26.63452226800007],[86.84450614500008,26.63790183100008],[86.84547183200004,26.639706081000043],[86.84529327000007,26.64129014400004],[86.84343433100008,26.643023581000023],[86.84418289500007,26.646409644000073],[86.84274045700005,26.651113456000076],[86.84157639400007,26.652626456000064],[86.84150295700005,26.654664269000023],[86.84272058200008,26.657371519000037],[86.84178483100004,26.659232331000055],[86.84268476900007,26.661025206000033],[86.84212270700004,26.662888706000047],[86.83625339400004,26.662563831000057],[86.83498283100005,26.664672456000062],[86.83627952000006,26.666556144000026],[86.83262302000009,26.667998519000037],[86.83174208200006,26.67024970600005],[86.82798033200004,26.673537831000033],[86.82789733100003,26.675043019000043],[86.83131426900007,26.676527581000073],[86.83373045700006,26.676275332000046],[86.83619008200003,26.677695519000054],[86.83725327000008,26.679569894000053],[86.83649433200009,26.682105643000057],[86.83779826900007,26.68340476800006],[86.83718564400004,26.684676893000074],[86.83356845700007,26.686875331000067],[86.83084458200005,26.686675769000033],[86.82862514400006,26.685829144000024],[86.82682914400004,26.686413644000027],[86.82603989400008,26.68764714400004],[86.82740339400004,26.688603456000067],[86.82607258200005,26.690355331000035],[86.82740164400008,26.692891331000055],[86.83011558100009,26.694769956000073],[86.83237126900008,26.69713776800006],[86.83390851900003,26.700096019000057],[86.83261164400005,26.701586144000032],[86.83261564400004,26.704856206000045],[86.83047614400004,26.70687576800003],[86.83086364500008,26.70968814400004],[86.83044008200005,26.71234839400006],[86.82950701900006,26.71305364400007],[86.82578733200006,26.71392020600007],[86.82426914400008,26.71187145600004],[86.82117926900008,26.708958644000063],[86.81786320700007,26.70931551900003],[86.81734395700005,26.707960768000078],[86.81574464400006,26.707478019000064],[86.81408708200007,26.708245394000073],[86.81065208200005,26.708726081000066],[86.80990276900008,26.71088933200008],[86.80596664500007,26.712836081000034],[86.80395083200006,26.71251739300004],[86.80237870600007,26.712300768000034],[86.80020939400003,26.710277956000027],[86.79727708200005,26.710122581000064],[86.79490451900006,26.707839831000058],[86.79192345700005,26.70740895600005],[86.78982645600007,26.705510206000042],[86.78684526900008,26.704494706000048],[86.78447208200004,26.702780519000044],[86.78393870700006,26.701394019000077],[86.78129745700005,26.70241683100005],[86.77802108100008,26.702107081000065],[86.77666164400006,26.700017394000042],[86.77394239400007,26.69836339400007],[86.77154926900005,26.699156206000055],[86.77046464400007,26.697678582000037],[86.76868589500003,26.69693995600005],[86.76614420700008,26.694527831000073],[86.76280895700006,26.695188019000057],[86.76058658100004,26.69262058100003],[86.76034701900005,26.69107658100006],[86.75897720700004,26.689052206000042],[86.75640070700007,26.688165394000066],[86.75580277000006,26.686061081000048],[86.75459626900005,26.686336581000035],[86.75524426900006,26.69025320700007],[86.75625626900006,26.692719331000035],[86.75556389400003,26.69485976800007],[86.75114276900007,26.697686643000054],[86.74891876900006,26.696811643000046],[86.74800758200007,26.699240581000026],[86.74669402000006,26.699400643000047],[86.74534995700003,26.700858393000033],[86.74393464500008,26.69916776900004],[86.74387083200008,26.69682064400007],[86.74649927000007,26.694304518000024],[86.74720164400009,26.692258894000076],[86.74575601900005,26.689575268000056],[86.74855058200006,26.686696081000036],[86.74912439400003,26.684517081000024],[86.74857201900005,26.68207883100007],[86.75040283200008,26.680637644000058],[86.75128008200005,26.676380643000073],[86.75287908100006,26.67420114300006],[86.75309352000005,26.671933456000033],[86.75601358200004,26.67246433100007],[86.75831551900006,26.67193114300005],[86.75796958200004,26.67040045600004],[86.76073814500006,26.66724114400006],[86.75999995700005,26.661988394000048],[86.76046101900005,26.658761956000035],[86.76003451900004,26.656854269000064],[86.76041814400008,26.65494114300003],[86.75930620700007,26.65111851900008],[86.75899701900005,26.64770351800007],[86.75753664500007,26.644040519000043],[86.75740701900008,26.64209495600005],[86.75564583200008,26.63916939300003],[86.75491952000004,26.635868706000053],[86.75632126900007,26.63211351900003],[86.75620333200004,26.62927201800005],[86.75559333200005,26.627364019000026],[86.75651339400008,26.623364269000035],[86.75859545700007,26.61645751900005],[86.76038102000007,26.612242581000032],[86.76243308200009,26.610819768000056],[86.76280258200006,26.60894945600006],[86.76231370700003,26.60676858100004],[86.76247070700003,26.60399295600007],[86.76068183200005,26.60160458100006],[86.76140420700006,26.59951370600004],[86.76131783200003,26.59275895600007],[86.76207926900008,26.59157764300005],[86.76292683200006,26.587785393000047],[86.76292458200004,26.584309894000057],[86.76205664500003,26.581460331000073],[86.76456676900006,26.581453269000065],[86.76919845700007,26.57823583100003],[86.77016426900008,26.579790081000056],[86.76995858100008,26.582231643000057],[86.77047026900004,26.585078269000064],[86.77048470600005,26.588375518000078],[86.77418851900006,26.588607144000036],[86.77780176900006,26.587962831000027],[86.77937264500008,26.58594770600007],[86.78367464500008,26.587764268000058],[86.78779870700004,26.587422893000053],[86.79362426900008,26.588555393000036],[86.79433826900004,26.586721581000063],[86.79425020700006,26.584541393000052],[86.79529002000004,26.58562845600005],[86.79793758200003,26.586024893000058],[86.79945158200007,26.58350845600006],[86.80224033200005,26.57989920600005],[86.80334183200006,26.576472581000075],[86.80475589400004,26.575734331000035],[86.80684120700005,26.57605764300007],[86.81030877000006,26.577578893000066],[86.81183927000006,26.577231081000036],[86.81793426900003,26.57702914300006],[86.82128014400007,26.577834519000078],[86.82108333100007,26.58272708100003],[86.82279545700004,26.586908831000073],[86.82485745700006,26.589292331000024],[86.82421970700005,26.59553383100007],[86.82081195700005,26.598662081000043],[86.82317495700005,26.601732018000064],[86.82363595700008,26.605183269000065],[86.82468026900005,26.608788643000025],[86.82542720700008,26.609608769000033],[86.82559895700007,26.612890394000033],[86.82508208200005,26.614081331000023],[86.82706983200006,26.616518894000023],[86.83887202000005,26.623693581000055],[86.84156070600005,26.62374170700008],[86.84356776900006,26.626174518000028],[86.84317689400007,26.630859206000025],[86.84502895700007,26.632892269000024]]]}},{"type":"Feature","properties":{"STATE_CODE":2,"DISTRICT":"SAPTARI","GaPa_NaPa":"Balan Bihul","Type_GN":"Gaunpalika","Province":"2","provinceId":"2","provinceCode":"2","provinceName":"Madhesh","districtId":"201","districtName":"Saptari","municipalityId":"20108","municipalityCode":"20108","municipalityName":"Balan-Bihul Rural Municipality","municipalityNameNe":"बलान बिहुल गाउँपालिका","municipalityType":"rural_municipality"},"geometry":{"type":"Polygon","coordinates":[[[86.54104570700008,26.594602456000075],[86.54060939400006,26.59652151800003],[86.53877945600004,26.59718814400003],[86.53821295700004,26.59954689400007],[86.53665170700003,26.601347143000055],[86.53683270600004,26.602999768000075],[86.53504545600003,26.603628081000068],[86.53501214400006,26.60558683100004],[86.53678014400003,26.60810664400003],[86.53515370700006,26.610157268000023],[86.53637683200003,26.611542394000026],[86.53624020600006,26.613040393000063],[86.53169251900005,26.61360108100007],[86.52908176900007,26.613400581000064],[86.52136633100008,26.614548456000023],[86.51637970600007,26.61397633100006],[86.51264858200005,26.61473995600005],[86.51330839400003,26.61279458100006],[86.51281558200003,26.609771143000046],[86.51331445700004,26.607947081000077],[86.51200389400003,26.606687831000045],[86.51278295700007,26.60413364300007],[86.51532508100007,26.601723081000046],[86.51396108100005,26.598576956000045],[86.51118908200004,26.596446144000026],[86.50916483100008,26.593566206000048],[86.50784789400007,26.59281701900005],[86.50730326900003,26.59205458100007],[86.50782764400003,26.589479268000048],[86.50510364400003,26.586423143000047],[86.49971976900008,26.583924143000047],[86.49825551900005,26.580226894000077],[86.49654689400006,26.577693268000075],[86.49729108100007,26.56799858100004],[86.49910895600004,26.562627081000073],[86.49871414400008,26.560066518000042],[86.49507239400003,26.556201393000038],[86.49023883200005,26.552900519000048],[86.48831484200008,26.549479141000063],[86.49493939400008,26.545738456000038],[86.49968101900004,26.541988643000025],[86.50568770700005,26.540827019000062],[86.51810420700008,26.538885768000057],[86.52018570600006,26.540659893000054],[86.52414651900006,26.543166893000034],[86.53055314400007,26.542522331000043],[86.53381514400007,26.540427518000058],[86.53973920700008,26.539223581000044],[86.54248433100008,26.538162706000037],[86.54422564400005,26.538154769000073],[86.54727226900008,26.534684518000063],[86.54913776900008,26.538050768000062],[86.54827008200004,26.54032739400003],[86.54662870700008,26.540816394000046],[86.54528558100003,26.544490706000033],[86.54616508200007,26.546567456000048],[86.54830864400003,26.54738445600003],[86.55016270600004,26.550121081000043],[86.55092933200007,26.55310014300005],[86.55019801900005,26.554172081000047],[86.55309389400009,26.557029269000054],[86.55195820700004,26.558118019000062],[86.54902520700006,26.557449769000073],[86.54855358200007,26.56092370600004],[86.54616658200007,26.56133364300007],[86.54435589400003,26.56449195600004],[86.54206308200008,26.56659226800008],[86.54294352000005,26.56853601800003],[86.54167808200003,26.569834081000067],[86.54149520700008,26.571638956000072],[86.54248339400004,26.57331439400008],[86.54225689400005,26.57521389300007],[86.54122789400003,26.576361518000056],[86.54066795600005,26.580351956000072],[86.54329808100005,26.58464826900007],[86.54208645700004,26.58777001900006],[86.54050114400007,26.58991564300004],[86.54048670700007,26.59227839400006],[86.53958076900005,26.594636081000033],[86.54104570700008,26.594602456000075]]]}},{"type":"Feature","properties":{"STATE_CODE":2,"DISTRICT":"SAPTARI","GaPa_NaPa":"Belhi Chapena","Type_GN":"Gaunpalika","Province":"2","provinceId":"2","provinceCode":"2","provinceName":"Madhesh","districtId":"201","districtName":"Saptari","municipalityId":"20111","municipalityCode":"20111","municipalityName":"Rajgadh Rural Municipality","municipalityNameNe":"राजगढ गाउँपालिका","municipalityType":"rural_municipality"},"geometry":{"type":"Polygon","coordinates":[[[86.70608220600008,26.558370268000033],[86.70283389500008,26.56029314400007],[86.69859745700006,26.56069045600003],[86.69260345700008,26.563859706000073],[86.69233808200005,26.560088018000044],[86.69117945600004,26.55848770600005],[86.68808489500003,26.556842518000053],[86.68660539500007,26.555358831000035],[86.68645664400003,26.553176144000076],[86.68799639500008,26.552186518000042],[86.68689776900004,26.54841976800003],[86.69013851900007,26.545558456000037],[86.68967445700008,26.541517768000062],[86.68674664400004,26.541691894000053],[86.68752752000006,26.543372644000044],[86.68465183100005,26.544526269000073],[86.68256914500006,26.54427345600004],[86.67956126900003,26.544907581000075],[86.67456752000004,26.54651676900005],[86.67187233200008,26.54657376800003],[86.66735639400008,26.544938393000052],[86.66804014400003,26.543209018000027],[86.66710833100007,26.54112833100004],[86.66867414400008,26.53761133100005],[86.66772539400006,26.535433581000063],[86.66745045700009,26.529612644000053],[86.66587920600006,26.526250831000027],[86.66462308200005,26.525324831000034],[86.66488395700009,26.52328976800004],[86.66276826900008,26.520626269000047],[86.66335177000008,26.51928033100006],[86.66338270700004,26.514683268000056],[86.66249914400004,26.512505581000028],[86.66049395600004,26.510453894000023],[86.65956308100004,26.510596143000043],[86.65773014400008,26.50894426900004],[86.65883933200007,26.50699926900006],[86.65905795700007,26.504752019000023],[86.65820064500008,26.503068643000063],[86.65517320700008,26.502896643000042],[86.65469814400006,26.498921206000034],[86.65246551900003,26.49751658100007],[86.65250720700004,26.49585114300004],[86.65138183100004,26.493397456000025],[86.64978595700006,26.491967269000043],[86.64765745600005,26.493189706000067],[86.64624227000007,26.492145831000073],[86.64369489400008,26.493168581000077],[86.64096527000004,26.49046939300007],[86.64057026900008,26.48764739300003],[86.63869658200008,26.48799245600003],[86.63743689400007,26.48350045600006],[86.63468114400007,26.47964551800004],[86.63501058100007,26.476777956000035],[86.63139552000007,26.475015081000038],[86.62991426900004,26.475151206000078],[86.62992808100006,26.47375876800004],[86.62872195600005,26.471979519000058],[86.62853095700007,26.469167018000064],[86.63191933200005,26.468523581000056],[86.63394776900003,26.467224331000068],[86.63411545700006,26.465536644000053],[86.63558139400004,26.464360081000052],[86.63683864400008,26.46584826800006],[86.63886214400009,26.466101644000048],[86.64088095700004,26.465226581000024],[86.64078170700003,26.463585643000044],[86.64200764400005,26.463150894000023],[86.66033995700008,26.458370518000038],[86.67912001900004,26.453758081000046],[86.69268476900004,26.450571893000074],[86.69576989400008,26.45084933100003],[86.69642401900006,26.44917389400007],[86.69762952000008,26.44876345600005],[86.69770239400003,26.45265214400007],[86.69926214500003,26.460080393000055],[86.69993202000006,26.464746706000028],[86.70455714400003,26.465417581000054],[86.70618151900004,26.468341268000074],[86.70915358200006,26.469015393000063],[86.70958370600005,26.470499018000055],[86.71100577000004,26.471294081000053],[86.70830226900006,26.476102393000076],[86.70859670700008,26.47967108100005],[86.71113789400005,26.481522331000065],[86.71055483200007,26.483780206000063],[86.70761376900003,26.48432264300004],[86.69865270600008,26.486684956000033],[86.69903658200008,26.488319643000068],[86.69835270700008,26.490277268000057],[86.69695620600004,26.491878830000076],[86.69396458200004,26.492813581000064],[86.69189895700003,26.494036831000074],[86.69162270600003,26.496636081000077],[86.69232620700006,26.498201581000046],[86.69534151900007,26.499738206000075],[86.69441420600003,26.504522956000073],[86.69225258200004,26.507583081000064],[86.69188476900007,26.509482519000073],[86.68996808200006,26.511277019000033],[86.68962095700005,26.513120143000037],[86.68734508200004,26.51508983100007],[86.68647501900006,26.520804456000064],[86.68739608200008,26.521966518000056],[86.68652608100007,26.524634331000073],[86.68732764400005,26.526696643000037],[86.68613464400005,26.52881089300007],[86.68644033200007,26.53254208100003],[86.68808914400006,26.534369268000034],[86.68974883100003,26.534873831000027],[86.69214251900007,26.534280893000073],[86.69672189400006,26.536315143000024],[86.70371064400007,26.536991018000037],[86.70462751900004,26.540143456000067],[86.70690839500008,26.541294769000046],[86.70618964400006,26.543791518000035],[86.70782008200007,26.548491269000067],[86.70526445700006,26.549393206000047],[86.70586870700004,26.550825331000055],[86.70550564400008,26.555423956000027],[86.70608220600008,26.558370268000033]]]}},{"type":"Feature","properties":{"STATE_CODE":2,"DISTRICT":"SAPTARI","GaPa_NaPa":"Bishnupur","Type_GN":"Gaunpalika","Province":"2","provinceId":"2","provinceCode":"2","provinceName":"Madhesh","districtId":"201","districtName":"Saptari","municipalityId":"20112","municipalityCode":"20112","municipalityName":"Bishnupur Rural Municipality","municipalityNameNe":"बिष्णुपुर गाउँपालिका","municipalityType":"rural_municipality"},"geometry":{"type":"Polygon","coordinates":[[[86.75737189400007,26.49150233100005],[86.75889126900006,26.491922394000028],[86.75949089500006,26.494232143000033],[86.76091558100006,26.495004144000063],[86.76048676900007,26.49630108100007],[86.76114058100006,26.498990081000045],[86.76225439400008,26.500000769000053],[86.76248345600004,26.50281764300007],[86.76174470600006,26.503750769000078],[86.76484570700006,26.507626393000066],[86.76384239400005,26.510648893000052],[86.76115620700006,26.511294331000045],[86.75729614500005,26.513998268000023],[86.75588089500008,26.515911956000025],[86.75582676900007,26.51808289300004],[86.75689264500005,26.52003464300003],[86.75660783200004,26.52125058100006],[86.75389970700007,26.522796331000052],[86.75390689400007,26.52531501900006],[86.75294720600004,26.528107268000042],[86.75091033100006,26.530396644000064],[86.74892670700007,26.530797144000076],[86.74114001900006,26.52949233100003],[86.74007170700008,26.52522951800006],[86.73824883200007,26.52212301800006],[86.73666345600003,26.522706956000036],[86.73331508200005,26.51660276800004],[86.72661858100008,26.515041893000046],[86.72093395600007,26.515290394000033],[86.71680377000007,26.516160206000052],[86.71709151900006,26.51761414400005],[86.71915520600004,26.52085683100006],[86.72294901900005,26.522897581000052],[86.72251827000008,26.524661581000032],[86.72378320700005,26.52628214400005],[86.72362833200003,26.528369456000064],[86.72686745700008,26.53405383100005],[86.72844639400006,26.535611768000024],[86.73278939400006,26.545748581000055],[86.73620120700008,26.547810894000065],[86.73864301900005,26.54827351800003],[86.74080383200004,26.550268018000054],[86.73943395700007,26.559443956000052],[86.73363239500009,26.56007870600007],[86.72906777000009,26.56146933100007],[86.72795351900004,26.56027114400007],[86.72393314400006,26.559035644000062],[86.72241333200003,26.557572519000075],[86.71016401900005,26.557035831000064],[86.70911839400009,26.55880533100003],[86.70608220600008,26.558370268000033],[86.70550564400008,26.555423956000027],[86.70586870700004,26.550825331000055],[86.70526445700006,26.549393206000047],[86.70782008200007,26.548491269000067],[86.70618964400006,26.543791518000035],[86.70690839500008,26.541294769000046],[86.70462751900004,26.540143456000067],[86.70371064400007,26.536991018000037],[86.69672189400006,26.536315143000024],[86.69214251900007,26.534280893000073],[86.68974883100003,26.534873831000027],[86.68808914400006,26.534369268000034],[86.68644033200007,26.53254208100003],[86.68613464400005,26.52881089300007],[86.68732764400005,26.526696643000037],[86.68652608100007,26.524634331000073],[86.68739608200008,26.521966518000056],[86.68647501900006,26.520804456000064],[86.68734508200004,26.51508983100007],[86.68962095700005,26.513120143000037],[86.68996808200006,26.511277019000033],[86.69188476900007,26.509482519000073],[86.69225258200004,26.507583081000064],[86.69441420600003,26.504522956000073],[86.69534151900007,26.499738206000075],[86.69232620700006,26.498201581000046],[86.69162270600003,26.496636081000077],[86.69189895700003,26.494036831000074],[86.69396458200004,26.492813581000064],[86.69695620600004,26.491878830000076],[86.69835270700008,26.490277268000057],[86.69903658200008,26.488319643000068],[86.69865270600008,26.486684956000033],[86.70761376900003,26.48432264300004],[86.71055483200007,26.483780206000063],[86.72056564400003,26.482676269000024],[86.72644127000007,26.48080545600004],[86.72935308200005,26.480501769000057],[86.73095801900007,26.48338908100004],[86.73069114400005,26.49353301900004],[86.73171839400004,26.497516018000056],[86.73673627000005,26.496949894000068],[86.73665995600004,26.49922689400006],[86.73524564500008,26.50136595600003],[86.73724095600005,26.504032706000032],[86.73797420700004,26.507972206000034],[86.74550208200003,26.50508583100003],[86.74833745700005,26.50456951800004],[86.75002583200006,26.50000014400007],[86.75154939400005,26.499253581000062],[86.75375776900006,26.49711114400003],[86.75579939400006,26.496487269000056],[86.75594808100004,26.494352518000028],[86.75737189400007,26.49150233100005]]]}},{"type":"Feature","properties":{"STATE_CODE":2,"DISTRICT":"SAPTARI","GaPa_NaPa":"Bode Barsain","Type_GN":"Nagarpalika","Province":"2","provinceId":"2","provinceCode":"2","provinceName":"Madhesh","districtId":"201","districtName":"Saptari","municipalityId":"20109","municipalityCode":"20109","municipalityName":"Bode Barsain Urban Municipality","municipalityNameNe":"बोदेबरसाईन नगरपालिका","municipalityType":"municipality"},"geometry":{"type":"Polygon","coordinates":[[[86.61063558100005,26.56930126900005],[86.60722133200005,26.577186143000063],[86.60601033200004,26.57781245600006],[86.60688739400007,26.579965644000026],[86.60651020600005,26.582839706000073],[86.60309845700004,26.58742058100006],[86.60153070600006,26.59189589400006],[86.60642983200006,26.599724768000044],[86.60675845700007,26.601912519000052],[86.60839976900007,26.604297893000023],[86.60751770600007,26.60711195600004],[86.60508458200007,26.60903476900006],[86.60477183100005,26.611279393000075],[86.60228239400004,26.61199464400005],[86.60089395700004,26.61317783100003],[86.59264658100005,26.614325706000045],[86.59074008200008,26.613663519000056],[86.58357126900006,26.612494018000064],[86.58127758200004,26.609147206000046],[86.57845233100005,26.605740206000064],[86.57535570600004,26.604575519000036],[86.57290470700008,26.605333269000027],[86.56788801900007,26.605063081000026],[86.56618258100008,26.605651456000032],[86.56357514400008,26.604528644000027],[86.56089270700005,26.60474601900006],[86.55911964500007,26.605638769000052],[86.55845008200004,26.607229956000026],[86.54959483100004,26.610140518000037],[86.54688939400006,26.610242519000053],[86.54473433100009,26.61094201900005],[86.54119414400003,26.608524893000038],[86.53990101900007,26.608155144000023],[86.53991708200004,26.60556220600006],[86.54124283100003,26.60403189400006],[86.54255958100003,26.604440081000064],[86.54361308200004,26.602775706000045],[86.54293758100005,26.60179183100007],[86.54386239400003,26.600280518000034],[86.54396939500003,26.596728643000063],[86.54104570700008,26.594602456000075],[86.53958076900005,26.594636081000033],[86.54048670700007,26.59227839400006],[86.54050114400007,26.58991564300004],[86.54208645700004,26.58777001900006],[86.54329808100005,26.58464826900007],[86.54066795600005,26.580351956000072],[86.54122789400003,26.576361518000056],[86.54225689400005,26.57521389300007],[86.54248339400004,26.57331439400008],[86.54149520700008,26.571638956000072],[86.54167808200003,26.569834081000067],[86.54294352000005,26.56853601800003],[86.54206308200008,26.56659226800008],[86.54435589400003,26.56449195600004],[86.54616658200007,26.56133364300007],[86.54855358200007,26.56092370600004],[86.54902520700006,26.557449769000073],[86.55195820700004,26.558118019000062],[86.55309389400009,26.557029269000054],[86.55019801900005,26.554172081000047],[86.55092933200007,26.55310014300005],[86.55016270600004,26.550121081000043],[86.54830864400003,26.54738445600003],[86.54616508200007,26.546567456000048],[86.54528558100003,26.544490706000033],[86.54662870700008,26.540816394000046],[86.54827008200004,26.54032739400003],[86.54913776900008,26.538050768000062],[86.54727226900008,26.534684518000063],[86.54945083100006,26.533298956000067],[86.55029808100005,26.53117795600008],[86.55300626900004,26.52987076900007],[86.55275864400005,26.526764644000025],[86.55408476900004,26.52332045600008],[86.55681839400006,26.52389539400008],[86.55801889400004,26.517920893000053],[86.55665120700007,26.516569331000028],[86.55755633100006,26.51506008100006],[86.56376445600006,26.509290518000057],[86.56598658200005,26.50531626800006],[86.56583120700003,26.503704456000037],[86.56701676900008,26.501679206000063],[86.57176745600003,26.49834889400006],[86.57265758100004,26.496158018000074],[86.58062145700006,26.494186581000065],[86.58078258200004,26.495152956000027],[86.57772458200003,26.496222706000026],[86.57685539400006,26.498901206000028],[86.57837333100008,26.501618393000058],[86.57688583200007,26.50179908100006],[86.57552483200004,26.506890894000037],[86.57906639400005,26.507948519000024],[86.58072708200007,26.510620956000025],[86.58138514400008,26.513768894000066],[86.58091145600008,26.517522831000065],[86.58569226900005,26.516726581000057],[86.58608908200006,26.52349364300005],[86.58786133100006,26.524442081000075],[86.59439051900006,26.52359870600003],[86.59612464400004,26.523971519000042],[86.59788801900004,26.523177581000027],[86.59856570600004,26.526246456000024],[86.59776776900009,26.528255019000028],[86.59828364400005,26.530251518000057],[86.60112539400006,26.53277808100006],[86.60212558200004,26.535141518000046],[86.60172983200005,26.53720770600006],[86.60222039400008,26.539759144000072],[86.59911883100006,26.54106620600004],[86.59883858200004,26.541753706000065],[86.59885783200008,26.548740831000032],[86.59687176900007,26.554639019000035],[86.59588651900003,26.55998708100003],[86.59782514400007,26.565119956000046],[86.59867445700007,26.56834733100004],[86.60026795600004,26.57104414400004],[86.60400314400005,26.56979983100007],[86.60813220600005,26.569978269000046],[86.61063558100005,26.56930126900005]]]}},{"type":"Feature","properties":{"STATE_CODE":2,"DISTRICT":"SAPTARI","GaPa_NaPa":"Chhinnamasta","Type_GN":"Gaunpalika","Province":"2","provinceId":"2","provinceCode":"2","provinceName":"Madhesh","districtId":"201","districtName":"Saptari","municipalityId":"20118","municipalityCode":"20118","municipalityName":"Chhinnamasta Rural Municipality","municipalityNameNe":"छिन्नमस्ता गाउँपालिका","municipalityType":"rural_municipality"},"geometry":{"type":"Polygon","coordinates":[[[86.75737189400007,26.49150233100005],[86.75594808100004,26.494352518000028],[86.75579939400006,26.496487269000056],[86.75375776900006,26.49711114400003],[86.75154939400005,26.499253581000062],[86.75002583200006,26.50000014400007],[86.74833745700005,26.50456951800004],[86.74550208200003,26.50508583100003],[86.73797420700004,26.507972206000034],[86.73724095600005,26.504032706000032],[86.73524564500008,26.50136595600003],[86.73665995600004,26.49922689400006],[86.73673627000005,26.496949894000068],[86.73171839400004,26.497516018000056],[86.73069114400005,26.49353301900004],[86.73095801900007,26.48338908100004],[86.72935308200005,26.480501769000057],[86.72644127000007,26.48080545600004],[86.72056564400003,26.482676269000024],[86.71055483200007,26.483780206000063],[86.71113789400005,26.481522331000065],[86.70859670700008,26.47967108100005],[86.70830226900006,26.476102393000076],[86.71100577000004,26.471294081000053],[86.70958370600005,26.470499018000055],[86.70915358200006,26.469015393000063],[86.70618151900004,26.468341268000074],[86.70455714400003,26.465417581000054],[86.69993202000006,26.464746706000028],[86.69926214500003,26.460080393000055],[86.69770239400003,26.45265214400007],[86.69762952000008,26.44876345600005],[86.69847470600007,26.44853726900004],[86.69822452000005,26.443892143000028],[86.70095158200007,26.44244676900007],[86.70238508200003,26.438897456000063],[86.70272745700004,26.436873768000055],[86.70728926900006,26.436118143000044],[86.72254639400006,26.43453939400007],[86.72747639500005,26.42583295600008],[86.72967802000005,26.42446720600003],[86.73081052000003,26.426301893000073],[86.73298633200005,26.425247519000038],[86.73187883200006,26.423412893000034],[86.73375539400007,26.422190956000065],[86.73498770700007,26.42398064300005],[86.73833158200006,26.42305695600004],[86.73977370700004,26.42326951900003],[86.74013126900007,26.42532839300003],[86.74314401900006,26.424221206000027],[86.74663452000004,26.42742089400008],[86.74959258200005,26.428572581000026],[86.74886377000007,26.43057314300006],[86.74924476900009,26.433476143000064],[86.74669589400008,26.433618268000032],[86.74725433200007,26.435339019000025],[86.74966427000004,26.43584889400006],[86.75167301900007,26.440205768000055],[86.75368070700006,26.44162883100006],[86.75547376900005,26.44167926800003],[86.75585126900006,26.443074705000072],[86.75516795700008,26.445055018000062],[86.75595358200007,26.446132893000026],[86.75826314400007,26.44623383100003],[86.75956489500004,26.447362206000037],[86.76266164400005,26.44778264400003],[86.76281789400008,26.45123133100003],[86.76463995700004,26.450525706000064],[86.76654127000006,26.45089445600007],[86.76495576900004,26.455516143000068],[86.76765914400005,26.458434144000023],[86.76488926900004,26.458932893000053],[86.76467233100004,26.46094789400007],[86.76569939500007,26.462698644000056],[86.76191401900007,26.463852393000025],[86.76390139400007,26.468716956000037],[86.76228564500008,26.47078601800007],[86.76079514400004,26.474250081000037],[86.76245445700005,26.475123893000045],[86.76370258100008,26.47935764300007],[86.76216902000004,26.479170081000063],[86.75948001900008,26.482282206000036],[86.76210764500007,26.484335831000067],[86.76296614400007,26.48685820600008],[86.76138470700005,26.48720533100004],[86.75984558200008,26.487552581000045],[86.75769745700006,26.486652956000057],[86.75658851900005,26.490106269000023],[86.75737189400007,26.49150233100005]]]}},{"type":"Feature","properties":{"STATE_CODE":2,"DISTRICT":"SAPTARI","GaPa_NaPa":"Dakneshwori","Type_GN":"Nagarpalika","Province":"2","provinceId":"2","provinceCode":"2","provinceName":"Madhesh","districtId":"201","districtName":"Saptari","municipalityId":"20110","municipalityCode":"20110","municipalityName":"Dakneshwori Urban Municipality","municipalityNameNe":"डाक्नेश्वरी नगरपालिका","municipalityType":"municipality"},"geometry":{"type":"Polygon","coordinates":[[[86.68997389400005,26.578764706000072],[86.68847039400003,26.578987144000052],[86.68368183100006,26.584447081000064],[86.68102270700007,26.58599833100004],[86.67759876900004,26.58476289300006],[86.67749758200006,26.582808269000054],[86.67487239400003,26.58075989300005],[86.67215601900006,26.58047601900006],[86.66589151900007,26.58216995600003],[86.66464770600004,26.580781331000026],[86.66375170600008,26.57806658100003],[86.66228320600004,26.577580143000034],[86.65682064500004,26.569821768000054],[86.65522176900004,26.569012206000025],[86.65511545700008,26.56676870600006],[86.65580639500007,26.563601831000028],[86.65467326900006,26.560448519000033],[86.65529395700008,26.55883420600003],[86.65360939400006,26.555684144000054],[86.65284570700004,26.553143394000074],[86.65139108100004,26.55148783100003],[86.65093295700007,26.549882144000037],[86.65163195700006,26.54734720600004],[86.64711420600008,26.544147206000048],[86.64497683100006,26.544376644000067],[86.64330133200008,26.54669020600005],[86.64260258200005,26.549281519000033],[86.64114533200006,26.549848831000077],[86.63821595700006,26.549126019000028],[86.62924995600008,26.54849145600008],[86.62873670700003,26.550487331000056],[86.62921495600006,26.551978018000057],[86.63113126900004,26.553149769000072],[86.63214245700004,26.555057143000056],[86.63070902000004,26.558535581000058],[86.62917220700007,26.559698456000035],[86.62844589500008,26.561580956000057],[86.62928058100005,26.562589643000024],[86.62638995700007,26.56406933100004],[86.62534376900004,26.565686956000036],[86.62525189400003,26.56741095600006],[86.61791476900004,26.567402706000053],[86.61615258200004,26.56798920600005],[86.61236001900005,26.567949644000066],[86.61063558100005,26.56930126900005],[86.60813220600005,26.569978269000046],[86.60400314400005,26.56979983100007],[86.60026795600004,26.57104414400004],[86.59867445700007,26.56834733100004],[86.59782514400007,26.565119956000046],[86.59588651900003,26.55998708100003],[86.59687176900007,26.554639019000035],[86.59885783200008,26.548740831000032],[86.59883858200004,26.541753706000065],[86.59911883100006,26.54106620600004],[86.60222039400008,26.539759144000072],[86.60172983200005,26.53720770600006],[86.60212558200004,26.535141518000046],[86.60112539400006,26.53277808100006],[86.59828364400005,26.530251518000057],[86.59776776900009,26.528255019000028],[86.59856570600004,26.526246456000024],[86.59788801900004,26.523177581000027],[86.59612464400004,26.523971519000042],[86.59439051900006,26.52359870600003],[86.58786133100006,26.524442081000075],[86.58608908200006,26.52349364300005],[86.58569226900005,26.516726581000057],[86.58091145600008,26.517522831000065],[86.58138514400008,26.513768894000066],[86.58072708200007,26.510620956000025],[86.57906639400005,26.507948519000024],[86.57552483200004,26.506890894000037],[86.57688583200007,26.50179908100006],[86.57837333100008,26.501618393000058],[86.57685539400006,26.498901206000028],[86.57772458200003,26.496222706000026],[86.58078258200004,26.495152956000027],[86.58062145700006,26.494186581000065],[86.58361058200006,26.493506956000033],[86.59100277000005,26.49308601900003],[86.59929783100006,26.490238893000026],[86.61219883200005,26.48626189400005],[86.61414720700003,26.485251643000026],[86.61506289400006,26.486590144000047],[86.61686708100007,26.486123331000044],[86.61762445600004,26.484444019000023],[86.61979052000004,26.48422864300005],[86.62093439400007,26.483286081000074],[86.62300064400006,26.48404983100005],[86.62398708200004,26.481405081000048],[86.62598308200006,26.480338393000068],[86.62825676900007,26.480547456000068],[86.62830114400003,26.478444206000063],[86.63047489400003,26.478630331000033],[86.63166658200004,26.477216206000037],[86.62991426900004,26.475151206000078],[86.63139552000007,26.475015081000038],[86.63501058100007,26.476777956000035],[86.63468114400007,26.47964551800004],[86.63743689400007,26.48350045600006],[86.63869658200008,26.48799245600003],[86.64057026900008,26.48764739300003],[86.64096527000004,26.49046939300007],[86.64369489400008,26.493168581000077],[86.64624227000007,26.492145831000073],[86.64765745600005,26.493189706000067],[86.64978595700006,26.491967269000043],[86.65138183100004,26.493397456000025],[86.65250720700004,26.49585114300004],[86.65246551900003,26.49751658100007],[86.65469814400006,26.498921206000034],[86.65517320700008,26.502896643000042],[86.65820064500008,26.503068643000063],[86.65905795700007,26.504752019000023],[86.65883933200007,26.50699926900006],[86.65773014400008,26.50894426900004],[86.65956308100004,26.510596143000043],[86.66049395600004,26.510453894000023],[86.66249914400004,26.512505581000028],[86.66338270700004,26.514683268000056],[86.66335177000008,26.51928033100006],[86.66276826900008,26.520626269000047],[86.66488395700009,26.52328976800004],[86.66462308200005,26.525324831000034],[86.66587920600006,26.526250831000027],[86.66745045700009,26.529612644000053],[86.66772539400006,26.535433581000063],[86.66867414400008,26.53761133100005],[86.66710833100007,26.54112833100004],[86.66804014400003,26.543209018000027],[86.66735639400008,26.544938393000052],[86.67187233200008,26.54657376800003],[86.67456752000004,26.54651676900005],[86.67956126900003,26.544907581000075],[86.68256914500006,26.54427345600004],[86.68465183100005,26.544526269000073],[86.68752752000006,26.543372644000044],[86.68674664400004,26.541691894000053],[86.68967445700008,26.541517768000062],[86.69013851900007,26.545558456000037],[86.68689776900004,26.54841976800003],[86.68799639500008,26.552186518000042],[86.68645664400003,26.553176144000076],[86.68660539500007,26.555358831000035],[86.68808489500003,26.556842518000053],[86.69117945600004,26.55848770600005],[86.69233808200005,26.560088018000044],[86.69260345700008,26.563859706000073],[86.69107776900006,26.566458581000063],[86.68856476900004,26.56762658100007],[86.68863964500008,26.56894926900003],[86.68652727000006,26.569885706000036],[86.68626151900008,26.57103614300007],[86.68824889400008,26.575389331000054],[86.69072870700006,26.577744018000033],[86.68997389400005,26.578764706000072]]]}},{"type":"Feature","properties":{"STATE_CODE":2,"DISTRICT":"SAPTARI","GaPa_NaPa":"Hanumannagar Kankalini","Type_GN":"Nagarpalika","Province":"2","provinceId":"2","provinceCode":"2","provinceName":"Madhesh","districtId":"201","districtName":"Saptari","municipalityId":"20116","municipalityCode":"20116","municipalityName":"Hanumannagar Kankalini Urban Municipality","municipalityNameNe":"हनुमाननगर कङ्कालिनी नगरपालिका","municipalityType":"municipality"},"geometry":{"type":"Polygon","coordinates":[[[86.89987626900006,26.57921814300005],[86.89264420700005,26.58446226800004],[86.89197158200005,26.581652019000046],[86.89101183200006,26.57998801900004],[86.88748277000008,26.58043664300004],[86.88371102000008,26.57851758100003],[86.88260789400005,26.57693683100007],[86.87916514400007,26.576243456000043],[86.87635620700007,26.573826206000035],[86.87233645700007,26.572394081000027],[86.86762814500008,26.568302706000054],[86.86683477000008,26.566638769000065],[86.86403414400007,26.567152831000044],[86.86241226900006,26.568383518000076],[86.85704133200005,26.563395143000037],[86.85652070700007,26.562322643000073],[86.85728114400007,26.56028776900007],[86.85689945600006,26.55639208100007],[86.85710983200005,26.55398426900007],[86.85579114400008,26.55165845600004],[86.85504076900008,26.54621420600006],[86.85089952000004,26.546334081000055],[86.84984839400005,26.544161893000023],[86.85079376900006,26.53933101900003],[86.84952452000005,26.53396295600004],[86.84692339500003,26.53352233100003],[86.84549070700007,26.531945518000043],[86.84518652000008,26.528397519000066],[86.84683370600004,26.528139706000047],[86.84778714400005,26.526942331000043],[86.84786283200003,26.524942956000075],[86.84627208200004,26.52314701800003],[86.84503583200006,26.51939245600005],[86.84908395600007,26.51734314400005],[86.84834970700007,26.514327268000045],[86.83945289400003,26.51371045600007],[86.83642633200003,26.51316533100004],[86.83514908200004,26.51120495600003],[86.83445445700005,26.507771519000073],[86.83118308200005,26.49999964400007],[86.83200908200007,26.49773245600005],[86.83318270700005,26.497284769000032],[86.83888164500007,26.49721914400004],[86.84048114400008,26.49687108100005],[86.84497952000004,26.497045206000053],[86.84879070700003,26.493637018000072],[86.84900283200005,26.49232826800005],[86.85389308200007,26.490193894000072],[86.85251545700004,26.488219956000023],[86.85260808100008,26.487143581000055],[86.85430139500005,26.485109643000044],[86.85195470700006,26.481990518000032],[86.85059995700004,26.48137526900007],[86.84756889400006,26.48200620600005],[86.84397420700003,26.48092808100006],[86.84083633200004,26.476909643000056],[86.83920401900008,26.475571769000055],[86.83378558200008,26.472453393000023],[86.82946708200006,26.46870420600004],[86.82764201900005,26.466679893000048],[86.82412151900007,26.470647644000053],[86.82029251900008,26.474258331000044],[86.81853358100005,26.47429895600004],[86.81613589400007,26.472267018000025],[86.81182808200003,26.470182831000045],[86.80610689400004,26.472325956000077],[86.80242683200004,26.472840019000046],[86.80086745700004,26.471842581000033],[86.79844583200008,26.471845893000022],[86.79708426900004,26.47036576800008],[86.79256145700003,26.46759914300003],[86.78772270700006,26.464145831000053],[86.78757664400007,26.45920764300007],[86.78664870700004,26.457969519000073],[86.78259558200006,26.45435470600006],[86.79496670700007,26.449692269000025],[86.80687464500005,26.445989518000033],[86.83585064400006,26.438688768000077],[86.83747795700003,26.440719518000037],[86.83941183200005,26.439818955000078],[86.84035595700004,26.442216830000064],[86.84166195700004,26.44101758100004],[86.84533158200009,26.43992251900005],[86.84690426900005,26.44219914400003],[86.84883458200005,26.44136839300006],[86.84945808200007,26.442420768000034],[86.84796239500008,26.443545331000053],[86.84833714400008,26.447899206000045],[86.85211351900006,26.448268831000064],[86.85420708200007,26.447244081000065],[86.85847201900003,26.44815339400003],[86.85961208100008,26.449280644000055],[86.85941989400004,26.450918956000066],[86.86107651900005,26.451728519000028],[86.86112851900003,26.453610768000033],[86.86243226900007,26.454198831000042],[86.86267464400004,26.455959394000047],[86.86427770700004,26.456060268000044],[86.86680376900006,26.457261019000043],[86.86816295700004,26.456869581000035],[86.86892633200006,26.454498331000025],[86.87218770600003,26.454329769000026],[86.87390026900005,26.453697144000046],[86.87597395600005,26.453904331000047],[86.87685733200004,26.45522758100003],[86.87842308200004,26.455438831000038],[86.88051770700008,26.457498831000066],[86.88412527000008,26.458138269000074],[86.88621976900004,26.460579581000047],[86.88898320700008,26.46108270600007],[86.89385789500005,26.461014268000042],[86.89648495700004,26.46189864400003],[86.89627920700008,26.463516644000038],[86.89724439500003,26.46548983100007],[86.89701020600006,26.468369394000035],[86.89514470700004,26.468453831000033],[86.89604058200007,26.47158014300004],[86.89414308100004,26.47682370600006],[86.89506783200005,26.47777908100005],[86.89257258200007,26.48144233100004],[86.89386445700006,26.483587269000054],[86.89405308200008,26.485756268000046],[86.89589139400005,26.485818581000046],[86.89561795700007,26.487325956000063],[86.90652639500007,26.48795864300007],[86.90699983200005,26.489089643000057],[86.90935008200006,26.490508456000043],[86.90902858200008,26.492309206000073],[86.91209189400007,26.494944831000055],[86.91233801900006,26.49616820600005],[86.91414889500004,26.498852706000037],[86.91711002000005,26.49976620600006],[86.91879139400004,26.501286019000077],[86.92029352000003,26.504135019000046],[86.91874177000005,26.50675208100006],[86.91830908200006,26.509376519000057],[86.91920433200005,26.51208076900008],[86.92104864500004,26.515489581000054],[86.92357483200004,26.51801639400003],[86.92605014400004,26.52273901800004],[86.92891408200006,26.526218206000067],[86.93301739400005,26.53014714300008],[86.93572602000006,26.533228956000073],[86.94108020700008,26.534269393000045],[86.94338314500004,26.53522720600006],[86.94809814400008,26.53651089300007],[86.95334370700004,26.536907644000053],[86.95628051900007,26.53909995600003],[86.95928208200007,26.542269456000042],[86.96422126900006,26.543182518000037],[86.96872433200008,26.546322831000055],[86.97014876900005,26.548433269000043],[86.97119264400004,26.55119814300008],[86.97375345700004,26.55297476800007],[86.97545552000008,26.55612558100006],[86.97278839400008,26.556395894000048],[86.97087770700006,26.554980518000036],[86.96747670700006,26.555622956000036],[86.96332858200003,26.555001331000028],[86.96189545700008,26.55740439300007],[86.95921433200004,26.55704045600004],[86.95550777000005,26.555170644000043],[86.95470270700008,26.553006081000035],[86.95325208200006,26.551100831000042],[86.95186320700003,26.55070995600005],[86.94865370700006,26.55114889300006],[86.94656089400007,26.550297331000024],[86.94413201900005,26.54835551800005],[86.94325889400005,26.54868014400006],[86.94358995700009,26.552850894000073],[86.94556364400006,26.55564789400006],[86.94344702000006,26.557777518000023],[86.94326870700007,26.559910143000025],[86.94391808200004,26.563243706000037],[86.94348983200007,26.565229518000024],[86.94078883200007,26.57025214400005],[86.93736258200005,26.571988456000042],[86.93403152000008,26.57205014400006],[86.93268527000004,26.573103394000043],[86.92956320700006,26.573074831000042],[86.92551514400003,26.57179539300006],[86.92237933100006,26.57175083100003],[86.91937377000005,26.574299393000047],[86.91856314500006,26.572768894000035],[86.92005270700008,26.568395956000074],[86.91810939400006,26.56810145600008],[86.91115458200005,26.570482706000064],[86.90785245700005,26.570171456000026],[86.90516814500006,26.570487894000053],[86.90189376900008,26.571864581000057],[86.90099358200007,26.57335570600003],[86.90098664500005,26.57630539400003],[86.89987626900006,26.57921814300005]]]}},{"type":"Feature","properties":{"STATE_CODE":2,"DISTRICT":"SAPTARI","GaPa_NaPa":"Kanchanrup","Type_GN":"Nagarpalika","Province":"2","provinceId":"2","provinceCode":"2","provinceName":"Madhesh","districtId":"201","districtName":"Saptari","municipalityId":"20102","municipalityCode":"20102","municipalityName":"Kanchanrup Urban Municipality","municipalityNameNe":"कन्चनरुप नगरपालिका","municipalityType":"municipality"},"geometry":{"type":"Polygon","coordinates":[[[86.87305726900007,26.71200695600004],[86.86919676900004,26.70999495600006],[86.86787733200003,26.706495706000055],[86.86822752000006,26.700581081000053],[86.86650389400006,26.700509456000077],[86.86404783100005,26.701405332000036],[86.86169351900008,26.700281456000027],[86.86109276900004,26.697823206000066],[86.85958233200006,26.698085769000045],[86.85609476900004,26.695814144000053],[86.85317814400008,26.69607976900005],[86.85359214500005,26.69312158100007],[86.85089708200007,26.691437456000074],[86.84917420700003,26.693259143000034],[86.84612070700007,26.69283383100003],[86.84482139500005,26.690747143000067],[86.84288739400006,26.691424331000064],[86.84320914400007,26.693372268000076],[86.84432345700003,26.69481108100007],[86.84378845700007,26.696726519000038],[86.84258014400007,26.698110831000065],[86.84236289400008,26.703966894000075],[86.84111995700005,26.70650214400007],[86.83995677000007,26.707421581000062],[86.83998502000009,26.709482081000033],[86.83777826900007,26.710786206000023],[86.83273576900007,26.71209158100004],[86.83044008200005,26.71234839400006],[86.83086364500008,26.70968814400004],[86.83047614400004,26.70687576800003],[86.83261564400004,26.704856206000045],[86.83261164400005,26.701586144000032],[86.83390851900003,26.700096019000057],[86.83237126900008,26.69713776800006],[86.83011558100009,26.694769956000073],[86.82740164400008,26.692891331000055],[86.82607258200005,26.690355331000035],[86.82740339400004,26.688603456000067],[86.82603989400008,26.68764714400004],[86.82682914400004,26.686413644000027],[86.82862514400006,26.685829144000024],[86.83084458200005,26.686675769000033],[86.83356845700007,26.686875331000067],[86.83718564400004,26.684676893000074],[86.83779826900007,26.68340476800006],[86.83649433200009,26.682105643000057],[86.83725327000008,26.679569894000053],[86.83619008200003,26.677695519000054],[86.83373045700006,26.676275332000046],[86.83131426900007,26.676527581000073],[86.82789733100003,26.675043019000043],[86.82798033200004,26.673537831000033],[86.83174208200006,26.67024970600005],[86.83262302000009,26.667998519000037],[86.83627952000006,26.666556144000026],[86.83498283100005,26.664672456000062],[86.83625339400004,26.662563831000057],[86.84212270700004,26.662888706000047],[86.84268476900007,26.661025206000033],[86.84178483100004,26.659232331000055],[86.84272058200008,26.657371519000037],[86.84150295700005,26.654664269000023],[86.84157639400007,26.652626456000064],[86.84274045700005,26.651113456000076],[86.84418289500007,26.646409644000073],[86.84343433100008,26.643023581000023],[86.84529327000007,26.64129014400004],[86.84547183200004,26.639706081000043],[86.84450614500008,26.63790183100008],[86.84544208200003,26.63452226800007],[86.84502895700007,26.632892269000024],[86.84820177000006,26.631613894000054],[86.84900008200003,26.629425643000047],[86.85230695700005,26.624098581000055],[86.85707252000003,26.621675081000035],[86.86028214500004,26.619667519000075],[86.86217976900008,26.617884206000042],[86.86693120600006,26.612355019000063],[86.87182976900004,26.60704701800006],[86.87323683200003,26.607802019000076],[86.87886683100004,26.61311945600005],[86.88206489400005,26.611713894000047],[86.88770108200004,26.60852508100004],[86.88723608200007,26.60707583100003],[86.88904020700005,26.605262768000046],[86.88916989500007,26.601272831000074],[86.89000008200009,26.598511144000042],[86.89204877000003,26.59736626800003],[86.89529076900004,26.597368706000054],[86.89783239400003,26.59801145600005],[86.89765570700007,26.593093769000063],[86.90052177000007,26.588873269000032],[86.90198564500008,26.58778201800004],[86.90490764500004,26.58432201900007],[86.90450508200007,26.58193176900005],[86.90161914500004,26.579652706000047],[86.89987626900006,26.57921814300005],[86.90098664500005,26.57630539400003],[86.90099358200007,26.57335570600003],[86.90189376900008,26.571864581000057],[86.90516814500006,26.570487894000053],[86.90785245700005,26.570171456000026],[86.91115458200005,26.570482706000064],[86.91810939400006,26.56810145600008],[86.92005270700008,26.568395956000074],[86.91856314500006,26.572768894000035],[86.91937377000005,26.574299393000047],[86.92237933100006,26.57175083100003],[86.92551514400003,26.57179539300006],[86.92956320700006,26.573074831000042],[86.93268527000004,26.573103394000043],[86.93403152000008,26.57205014400006],[86.93736258200005,26.571988456000042],[86.94078883200007,26.57025214400005],[86.94348983200007,26.565229518000024],[86.94391808200004,26.563243706000037],[86.94326870700007,26.559910143000025],[86.94344702000006,26.557777518000023],[86.94556364400006,26.55564789400006],[86.94358995700009,26.552850894000073],[86.94325889400005,26.54868014400006],[86.94413201900005,26.54835551800005],[86.94656089400007,26.550297331000024],[86.94865370700006,26.55114889300006],[86.95186320700003,26.55070995600005],[86.95325208200006,26.551100831000042],[86.95470270700008,26.553006081000035],[86.95550777000005,26.555170644000043],[86.95921433200004,26.55704045600004],[86.96189545700008,26.55740439300007],[86.96332858200003,26.555001331000028],[86.96747670700006,26.555622956000036],[86.97087770700006,26.554980518000036],[86.97278839400008,26.556395894000048],[86.97545552000008,26.55612558100006],[86.97631977000003,26.557703269000058],[86.97895739500007,26.55959264300003],[86.98355564400003,26.562312706000057],[86.98695633200003,26.56499189300007],[86.99058333200009,26.56847670600007],[86.95730195700008,26.586103206000075],[86.95413964400007,26.588505706000035],[86.94990345700006,26.590043394000077],[86.94895427000006,26.591336268000077],[86.94647352000004,26.592499831000055],[86.93933183200005,26.594796706000068],[86.92128708200005,26.604038519000028],[86.92521902000004,26.60937351900003],[86.92589020700007,26.611057394000056],[86.92735214400005,26.61696195600007],[86.92863201900008,26.619054706000043],[86.93041233200006,26.619531769000048],[86.93614383200008,26.62589414400003],[86.93939370700008,26.62804851800007],[86.93914583200007,26.630126956000026],[86.94200276900006,26.63237808100007],[86.94175358200005,26.634221956000033],[86.94646089500003,26.637814331000072],[86.95010058200006,26.639767706000043],[86.94933295700008,26.640584456000056],[86.94966545700004,26.64549308100004],[86.94860833200005,26.647106331000032],[86.94728726900007,26.647053956000036],[86.94612320700008,26.651648331000047],[86.94804133200006,26.655485644000066],[86.94974983200007,26.660758144000056],[86.94916920700007,26.662339893000023],[86.95032689400006,26.663721456000076],[86.95215489400005,26.667741456000044],[86.95349802000004,26.669745957000032],[86.95332133200003,26.671824394000055],[86.95162845700008,26.674062519000074],[86.95269264500007,26.676443832000075],[86.94203220700007,26.67732901900007],[86.93803270700005,26.679071831000044],[86.93269008200008,26.67843976900008],[86.92849727000004,26.679701519000048],[86.92571676900008,26.68120764400004],[86.92341489500006,26.681560706000027],[86.92096939400005,26.68307145600005],[86.91802933200006,26.682074518000036],[86.91695177000008,26.679643331000022],[86.91551189500007,26.677936394000028],[86.91542626900008,26.675623081000026],[86.91336433200007,26.674473143000057],[86.91233820700006,26.67185689400003],[86.90274239400009,26.678722581000045],[86.90003689400004,26.67773451900007],[86.89689295700003,26.678648519000035],[86.89605639500007,26.679649893000033],[86.89487489500004,26.683537456000067],[86.89163227000006,26.68527726900004],[86.88971776900007,26.68529839400003],[86.88794595600007,26.686865456000078],[86.88510639400005,26.687623769000027],[86.88247264500006,26.68649770600007],[86.88225258200004,26.688251018000074],[86.88081508200008,26.68828820600004],[86.88016683200004,26.68982451900007],[86.88189302000006,26.693001268000046],[86.88115033200006,26.694485581000038],[86.87968226900006,26.69486801900007],[86.88016689400007,26.69692658100007],[86.87655514400006,26.699351831000058],[86.87578958200004,26.700948956000047],[86.87557420700006,26.704008956000052],[86.87328058200006,26.705214269000066],[86.87269551900005,26.70874333100005],[86.87305726900007,26.71200695600004]]]}},{"type":"Feature","properties":{"STATE_CODE":2,"DISTRICT":"SAPTARI","GaPa_NaPa":"Khadak","Type_GN":"Nagarpalika","Province":"2","provinceId":"2","provinceCode":"2","provinceName":"Madhesh","districtId":"201","districtName":"Saptari","municipalityId":"20106","municipalityCode":"20106","municipalityName":"Khadak Urban Municipality","municipalityNameNe":"खडक नगरपालिका","municipalityType":"municipality"},"geometry":{"type":"Polygon","coordinates":[[[86.65900626900003,26.691158269000027],[86.65807501900008,26.69160514400005],[86.65463289500008,26.69126276800006],[86.65194426900007,26.689385393000066],[86.64993289400007,26.690240268000025],[86.64943833100006,26.692369393000035],[86.64588064500003,26.696813143000043],[86.64363726900007,26.697899832000076],[86.64114808100004,26.697225581000055],[86.63663164400003,26.69819351900003],[86.63585783100007,26.69659145600008],[86.63359895700006,26.694331143000056],[86.63060826900005,26.693971393000027],[86.62999426900006,26.68997758100005],[86.62749414500007,26.69024408100006],[86.62365095600006,26.693100019000042],[86.62118108200008,26.693592206000062],[86.61895427000007,26.69473720600007],[86.61589714400003,26.693598331000032],[86.61351601900003,26.68898358100006],[86.60960339400003,26.690672206000045],[86.60733526900003,26.692945268000074],[86.60694870700007,26.694393081000044],[86.60523514400006,26.696489331000066],[86.60500008200006,26.698991394000075],[86.60327208100006,26.699501143000077],[86.60118708100003,26.697369519000063],[86.59805852000005,26.696656519000044],[86.59338433200008,26.696932082000046],[86.59099270700005,26.69418551900003],[86.58887170600008,26.69052345600005],[86.58445083200007,26.684936393000044],[86.58015533200006,26.68389695600007],[86.57948733200004,26.680828018000057],[86.57614514500005,26.681066331000068],[86.57395939400004,26.679638081000064],[86.56661833200008,26.672895269000037],[86.56589833200007,26.67156383100007],[86.56252401900008,26.667692206000027],[86.56107570700004,26.66666764400003],[86.55950333100003,26.66033033100007],[86.55922808100007,26.65712714400007],[86.55814570700005,26.653892144000054],[86.55518314400007,26.650091518000067],[86.55678783200005,26.64852583100003],[86.55976401900006,26.647460893000073],[86.55914370600004,26.64344645600005],[86.55839758100007,26.641462643000068],[86.56002127000005,26.641036643000064],[86.55800051900007,26.63901283100006],[86.55669808200008,26.632978706000074],[86.55695020600007,26.63206776900006],[86.55459583100009,26.629751768000062],[86.55195139400007,26.628118581000024],[86.54950651900003,26.628185331000054],[86.54781001900005,26.626970331000052],[86.54578339500006,26.623445581000055],[86.54687970600008,26.62187608100004],[86.54895133200006,26.620734081000023],[86.54773864400005,26.617676768000024],[86.54943001900006,26.61624683100007],[86.54967551900006,26.614385769000023],[86.54755058100005,26.613625268000078],[86.54473433100009,26.61094201900005],[86.54688939400006,26.610242519000053],[86.54959483100004,26.610140518000037],[86.55845008200004,26.607229956000026],[86.55911964500007,26.605638769000052],[86.56089270700005,26.60474601900006],[86.56357514400008,26.604528644000027],[86.56618258100008,26.605651456000032],[86.56788801900007,26.605063081000026],[86.57290470700008,26.605333269000027],[86.57535570600004,26.604575519000036],[86.57845233100005,26.605740206000064],[86.58127758200004,26.609147206000046],[86.58357126900006,26.612494018000064],[86.59074008200008,26.613663519000056],[86.59264658100005,26.614325706000045],[86.60089395700004,26.61317783100003],[86.60228239400004,26.61199464400005],[86.60477183100005,26.611279393000075],[86.60508458200007,26.60903476900006],[86.60751770600007,26.60711195600004],[86.60839976900007,26.604297893000023],[86.60675845700007,26.601912519000052],[86.60642983200006,26.599724768000044],[86.60153070600006,26.59189589400006],[86.60309845700004,26.58742058100006],[86.60651020600005,26.582839706000073],[86.60688739400007,26.579965644000026],[86.60601033200004,26.57781245600006],[86.60722133200005,26.577186143000063],[86.61063558100005,26.56930126900005],[86.61236001900005,26.567949644000066],[86.61615258200004,26.56798920600005],[86.61791476900004,26.567402706000053],[86.62525189400003,26.56741095600006],[86.62534376900004,26.565686956000036],[86.62638995700007,26.56406933100004],[86.62928058100005,26.562589643000024],[86.63263351900008,26.56583914400005],[86.63617326900004,26.57119226900005],[86.63938458200005,26.57442539300007],[86.63819451900008,26.57644676900003],[86.63867308200008,26.57770726800004],[86.64209827000008,26.58095889300006],[86.64086239400007,26.582655144000057],[86.63700958100009,26.58356614300004],[86.63757183200005,26.58797514300005],[86.63726014400004,26.588892831000067],[86.63801020600005,26.592862206000063],[86.64301495700005,26.59253626800006],[86.64501433200007,26.593189018000032],[86.64568902000008,26.595515144000046],[86.64479658200008,26.598254956000062],[86.64612120700008,26.599485956000024],[86.64447976900004,26.604236894000053],[86.64159833200006,26.604870581000057],[86.64115958200006,26.605790269000067],[86.64246520700004,26.60736651800005],[86.64277551900005,26.609010269000066],[86.64175876900003,26.612002457000074],[86.63985614400008,26.615728081000043],[86.63783601900008,26.61807451900006],[86.63793445600004,26.619798956000068],[86.63560758100004,26.620941706000053],[86.63424420700005,26.623073143000056],[86.63592476900004,26.625036331000047],[86.63708870700003,26.627316393000058],[86.63993645600004,26.63088033100007],[86.63997214400007,26.634899706000056],[86.64107370700003,26.637305956000034],[86.64156364400003,26.640040144000068],[86.64292133100008,26.642674956000064],[86.64428089400008,26.65071470600003],[86.64554889400006,26.650320769000075],[86.64774764400005,26.652221893000046],[86.64610539500006,26.65351776800003],[86.64794739400008,26.655880581000076],[86.65105352000006,26.657314519000067],[86.65123870600007,26.65919264400003],[86.65234351900006,26.662038894000034],[86.65121601900006,26.664078456000027],[86.65601914400008,26.66907989400005],[86.65869739400006,26.67053070600008],[86.65875758200008,26.677014519000068],[86.65921120700006,26.67810339300007],[86.65780126900006,26.679891832000067],[86.65823445700005,26.681095768000034],[86.65780551900008,26.68350945700007],[86.65684076900004,26.685181643000078],[86.65825364500006,26.68982270600003],[86.65900626900003,26.691158269000027]]]}},{"type":"Feature","properties":{"STATE_CODE":2,"DISTRICT":"SAPTARI","GaPa_NaPa":"Mahadeva","Type_GN":"Gaunpalika","Province":"2","provinceId":"2","provinceCode":"2","provinceName":"Madhesh","districtId":"201","districtName":"Saptari","municipalityId":"20114","municipalityCode":"20114","municipalityName":"Mahadewa Rural Municipality","municipalityNameNe":"महादेवा गाउँपालिका","municipalityType":"rural_municipality"},"geometry":{"type":"Polygon","coordinates":[[[86.82128014400007,26.577834519000078],[86.81793426900003,26.57702914300006],[86.81183927000006,26.577231081000036],[86.81030877000006,26.577578893000066],[86.80684120700005,26.57605764300007],[86.80475589400004,26.575734331000035],[86.80334183200006,26.576472581000075],[86.80224033200005,26.57989920600005],[86.79945158200007,26.58350845600006],[86.79793758200003,26.586024893000058],[86.79529002000004,26.58562845600005],[86.79425020700006,26.584541393000052],[86.79150270700006,26.58164189400003],[86.78817408200007,26.57896045600006],[86.78587820700005,26.57870195600003],[86.78459545700008,26.576075394000043],[86.78448545700007,26.57451351900005],[86.78576376900008,26.572610643000075],[86.78577789400003,26.569408268000075],[86.78526214400006,26.56618026800004],[86.78512258100005,26.560440956000036],[86.78765189500007,26.553541144000064],[86.78925427000007,26.548522081000044],[86.79050639500008,26.542690081000046],[86.79305320700007,26.535241769000038],[86.79369608200005,26.530219018000025],[86.79596726900007,26.53151314400003],[86.79677601900005,26.530510019000076],[86.79691989500003,26.52716789300007],[86.79983983200003,26.52654908100004],[86.80488314500008,26.52672539400004],[86.80881464400005,26.525024519000056],[86.81108720700007,26.52458520600004],[86.81995758100004,26.52183658100006],[86.83028045700007,26.52018370600007],[86.83191270700007,26.52064376800007],[86.83900764500004,26.519746956000063],[86.84503583200006,26.51939245600005],[86.84627208200004,26.52314701800003],[86.84786283200003,26.524942956000075],[86.84778714400005,26.526942331000043],[86.84683370600004,26.528139706000047],[86.84518652000008,26.528397519000066],[86.84549070700007,26.531945518000043],[86.84692339500003,26.53352233100003],[86.84952452000005,26.53396295600004],[86.85079376900006,26.53933101900003],[86.84984839400005,26.544161893000023],[86.85089952000004,26.546334081000055],[86.85504076900008,26.54621420600006],[86.85579114400008,26.55165845600004],[86.85273633100007,26.556658706000064],[86.85155201900005,26.560394768000037],[86.85163664400005,26.561949769000023],[86.84444714400007,26.562486019000062],[86.83914258200008,26.564872269000034],[86.83446058200008,26.568597519000036],[86.82986283100007,26.57453201900006],[86.82857926900004,26.574361268000075],[86.82031164500006,26.575587769000037],[86.82128014400007,26.577834519000078]]]}},{"type":"Feature","properties":{"STATE_CODE":2,"DISTRICT":"SAPTARI","GaPa_NaPa":"Rajbiraj","Type_GN":"Nagarpalika","Province":"2","provinceId":"2","provinceCode":"2","provinceName":"Madhesh","districtId":"201","districtName":"Saptari","municipalityId":"20113","municipalityCode":"20113","municipalityName":"Rajbiraj Urban Municipality","municipalityNameNe":"राजविराज नगरपालिका","municipalityType":"municipality"},"geometry":{"type":"Polygon","coordinates":[[[86.79425020700006,26.584541393000052],[86.79433826900004,26.586721581000063],[86.79362426900008,26.588555393000036],[86.78779870700004,26.587422893000053],[86.78367464500008,26.587764268000058],[86.77937264500008,26.58594770600007],[86.77780176900006,26.587962831000027],[86.77418851900006,26.588607144000036],[86.77048470600005,26.588375518000078],[86.77047026900004,26.585078269000064],[86.76995858100008,26.582231643000057],[86.77016426900008,26.579790081000056],[86.76919845700007,26.57823583100003],[86.76456676900006,26.581453269000065],[86.76205664500003,26.581460331000073],[86.76183564400003,26.580130706000034],[86.76236501900007,26.57383283100006],[86.75958883200008,26.573038331000078],[86.75898758100004,26.573563143000058],[86.75456758100006,26.573844456000074],[86.75259326900004,26.57555395600008],[86.75314983200008,26.577868144000035],[86.75177001900005,26.578592456000024],[86.75101639400003,26.58075095600003],[86.74953239400008,26.58069189300005],[86.74814639400006,26.576169081000046],[86.74632958200004,26.57681351800005],[86.74538189400005,26.575326894000057],[86.74197758100007,26.574106581000024],[86.73117714400007,26.574267143000043],[86.72989270700003,26.573032518000048],[86.72874245600008,26.570148393000068],[86.72860483200003,26.56660489400008],[86.72561414400008,26.564367206000043],[86.72906777000009,26.56146933100007],[86.73363239500009,26.56007870600007],[86.73943395700007,26.559443956000052],[86.74080383200004,26.550268018000054],[86.73864301900005,26.54827351800003],[86.73620120700008,26.547810894000065],[86.73278939400006,26.545748581000055],[86.72844639400006,26.535611768000024],[86.72686745700008,26.53405383100005],[86.72362833200003,26.528369456000064],[86.72378320700005,26.52628214400005],[86.72251827000008,26.524661581000032],[86.72294901900005,26.522897581000052],[86.71915520600004,26.52085683100006],[86.71709151900006,26.51761414400005],[86.71680377000007,26.516160206000052],[86.72093395600007,26.515290394000033],[86.72661858100008,26.515041893000046],[86.73331508200005,26.51660276800004],[86.73666345600003,26.522706956000036],[86.73824883200007,26.52212301800006],[86.74007170700008,26.52522951800006],[86.74114001900006,26.52949233100003],[86.74892670700007,26.530797144000076],[86.75091033100006,26.530396644000064],[86.75294720600004,26.528107268000042],[86.75390689400007,26.52531501900006],[86.75389970700007,26.522796331000052],[86.75660783200004,26.52125058100006],[86.75689264500005,26.52003464300003],[86.75582676900007,26.51808289300004],[86.75588089500008,26.515911956000025],[86.75729614500005,26.513998268000023],[86.76115620700006,26.511294331000045],[86.76384239400005,26.510648893000052],[86.76484570700006,26.507626393000066],[86.76174470600006,26.503750769000078],[86.76248345600004,26.50281764300007],[86.76225439400008,26.500000769000053],[86.76114058100006,26.498990081000045],[86.76048676900007,26.49630108100007],[86.76091558100006,26.495004144000063],[86.75949089500006,26.494232143000033],[86.75889126900006,26.491922394000028],[86.75737189400007,26.49150233100005],[86.75658851900005,26.490106269000023],[86.75769745700006,26.486652956000057],[86.75984558200008,26.487552581000045],[86.76138470700005,26.48720533100004],[86.76536658200007,26.48831776800006],[86.76824508100003,26.488710643000047],[86.77299889400007,26.487908081000057],[86.77524227000004,26.485532893000027],[86.78126220700005,26.483759331000044],[86.78419589400005,26.48175070600007],[86.78652883200004,26.48590001900004],[86.79384958200006,26.487104643000066],[86.79844701900004,26.487393331000078],[86.80252420600004,26.489439206000043],[86.80548076900004,26.489556143000073],[86.80902308200007,26.49077058100005],[86.80665851900005,26.496186081000076],[86.80716358200004,26.498840768000036],[86.80671170600004,26.50000014400007],[86.80740376900008,26.502242143000046],[86.80706239500006,26.504229956000074],[86.80740326900008,26.50684839300004],[86.80827389400008,26.508456456000033],[86.80761351900009,26.50940339300007],[86.81035439400006,26.51325720600005],[86.80963939500003,26.514975956000058],[86.80565158200005,26.514550831000065],[86.79978264400006,26.512154956000074],[86.79778258100004,26.517008831000055],[86.79439208200006,26.523122269000055],[86.79311595700005,26.524585081000055],[86.79354514400006,26.526057206000075],[86.79691989500003,26.52716789300007],[86.79677601900005,26.530510019000076],[86.79596726900007,26.53151314400003],[86.79369608200005,26.530219018000025],[86.79305320700007,26.535241769000038],[86.79050639500008,26.542690081000046],[86.78925427000007,26.548522081000044],[86.78765189500007,26.553541144000064],[86.78512258100005,26.560440956000036],[86.78526214400006,26.56618026800004],[86.78577789400003,26.569408268000075],[86.78576376900008,26.572610643000075],[86.78448545700007,26.57451351900005],[86.78459545700008,26.576075394000043],[86.78587820700005,26.57870195600003],[86.78817408200007,26.57896045600006],[86.79150270700006,26.58164189400003],[86.79425020700006,26.584541393000052]]]}},{"type":"Feature","properties":{"STATE_CODE":2,"DISTRICT":"SAPTARI","GaPa_NaPa":"Rupani","Type_GN":"Gaunpalika","Province":"2","provinceId":"2","provinceCode":"2","provinceName":"Madhesh","districtId":"201","districtName":"Saptari","municipalityId":"20104","municipalityCode":"20104","municipalityName":"Rupani Rural Municipality","municipalityNameNe":"रुपनी गाउँपालिका","municipalityType":"rural_municipality"},"geometry":{"type":"Polygon","coordinates":[[[86.74534995700003,26.700858393000033],[86.74447145700003,26.704663956000047],[86.74207858200003,26.70535020600005],[86.74249670700004,26.709246144000076],[86.74080351900005,26.711513394000065],[86.73553976900007,26.71153083100006],[86.73418470600006,26.710011706000046],[86.73241245700007,26.710940394000033],[86.72988914500007,26.70933333100004],[86.72882814400003,26.707180581000046],[86.73204552000004,26.701041581000027],[86.73197539500006,26.69771720600005],[86.73271445700004,26.694730581000044],[86.73180095700008,26.692099769000038],[86.73364720700005,26.69206714300003],[86.73488845600008,26.690952331000062],[86.73717339400008,26.692678519000026],[86.73850420700006,26.68740239400006],[86.74053108100009,26.68407058100007],[86.74078551900004,26.681721768000045],[86.74193120700005,26.677095206000047],[86.74384814400008,26.678019394000046],[86.74657033200003,26.676534831000026],[86.74726220700006,26.673363019000078],[86.74706176900008,26.669984269000054],[86.74567720700009,26.669304768000075],[86.74417120700008,26.666927956000052],[86.74255976900008,26.666938581000068],[86.74076889400004,26.665741456000035],[86.73931102000006,26.66103795600003],[86.73950564400008,26.658851456000036],[86.73887870700008,26.65730439400005],[86.73882539400006,26.652998394000065],[86.73779383200008,26.64812408100005],[86.73773370700007,26.645598644000074],[86.73980751900007,26.64478551800005],[86.73835233100004,26.64303158100006],[86.73952583200008,26.64096195600007],[86.73832408200008,26.639034769000034],[86.73927239500006,26.638093144000038],[86.73229901900004,26.633072393000077],[86.73018320700004,26.630840956000043],[86.72793676900005,26.634237643000063],[86.72674452000007,26.636729143000025],[86.72545539500004,26.63746233100005],[86.72349833200008,26.636722831000043],[86.72051245700004,26.634496331000037],[86.71450414400005,26.633626768000056],[86.71375783100007,26.627139268000064],[86.71460864500006,26.62290501900003],[86.71438239400004,26.61934558100006],[86.71518158200007,26.616237331000036],[86.71357558200003,26.615119269000047],[86.71073027000006,26.615580644000033],[86.70730076900008,26.617042893000075],[86.70148208200004,26.617030706000037],[86.70130195600007,26.613758019000045],[86.69970989500007,26.60940583100006],[86.70089958200003,26.607250831000044],[86.70180152000006,26.603874268000027],[86.70054508200008,26.601298894000024],[86.70095589400006,26.59765733100005],[86.70339058200005,26.592505643000038],[86.70286158200008,26.59051845600004],[86.70106158200008,26.588522019000038],[86.70150676900005,26.58599083100006],[86.69908014400005,26.582372581000072],[86.69250214400006,26.581830456000034],[86.69189483200006,26.580244831000073],[86.68997389400005,26.578764706000072],[86.69072870700006,26.577744018000033],[86.68824889400008,26.575389331000054],[86.68626151900008,26.57103614300007],[86.68652727000006,26.569885706000036],[86.68863964500008,26.56894926900003],[86.68856476900004,26.56762658100007],[86.69107776900006,26.566458581000063],[86.69260345700008,26.563859706000073],[86.69859745700006,26.56069045600003],[86.70283389500008,26.56029314400007],[86.70608220600008,26.558370268000033],[86.70911839400009,26.55880533100003],[86.71016401900005,26.557035831000064],[86.72241333200003,26.557572519000075],[86.72393314400006,26.559035644000062],[86.72795351900004,26.56027114400007],[86.72906777000009,26.56146933100007],[86.72561414400008,26.564367206000043],[86.72860483200003,26.56660489400008],[86.72874245600008,26.570148393000068],[86.72989270700003,26.573032518000048],[86.73117714400007,26.574267143000043],[86.74197758100007,26.574106581000024],[86.74538189400005,26.575326894000057],[86.74632958200004,26.57681351800005],[86.74814639400006,26.576169081000046],[86.74953239400008,26.58069189300005],[86.75101639400003,26.58075095600003],[86.75177001900005,26.578592456000024],[86.75314983200008,26.577868144000035],[86.75259326900004,26.57555395600008],[86.75456758100006,26.573844456000074],[86.75898758100004,26.573563143000058],[86.75958883200008,26.573038331000078],[86.76236501900007,26.57383283100006],[86.76183564400003,26.580130706000034],[86.76205664500003,26.581460331000073],[86.76292458200004,26.584309894000057],[86.76292683200006,26.587785393000047],[86.76207926900008,26.59157764300005],[86.76131783200003,26.59275895600007],[86.76140420700006,26.59951370600004],[86.76068183200005,26.60160458100006],[86.76247070700003,26.60399295600007],[86.76231370700003,26.60676858100004],[86.76280258200006,26.60894945600006],[86.76243308200009,26.610819768000056],[86.76038102000007,26.612242581000032],[86.75859545700007,26.61645751900005],[86.75651339400008,26.623364269000035],[86.75559333200005,26.627364019000026],[86.75620333200004,26.62927201800005],[86.75632126900007,26.63211351900003],[86.75491952000004,26.635868706000053],[86.75564583200008,26.63916939300003],[86.75740701900008,26.64209495600005],[86.75753664500007,26.644040519000043],[86.75899701900005,26.64770351800007],[86.75930620700007,26.65111851900008],[86.76041814400008,26.65494114300003],[86.76003451900004,26.656854269000064],[86.76046101900005,26.658761956000035],[86.75999995700005,26.661988394000048],[86.76073814500006,26.66724114400006],[86.75796958200004,26.67040045600004],[86.75831551900006,26.67193114300005],[86.75601358200004,26.67246433100007],[86.75309352000005,26.671933456000033],[86.75287908100006,26.67420114300006],[86.75128008200005,26.676380643000073],[86.75040283200008,26.680637644000058],[86.74857201900005,26.68207883100007],[86.74912439400003,26.684517081000024],[86.74855058200006,26.686696081000036],[86.74575601900005,26.689575268000056],[86.74720164400009,26.692258894000076],[86.74649927000007,26.694304518000024],[86.74387083200008,26.69682064400007],[86.74393464500008,26.69916776900004],[86.74534995700003,26.700858393000033]]]}},{"type":"Feature","properties":{"STATE_CODE":2,"DISTRICT":"SAPTARI","GaPa_NaPa":"Saptakoshi","Type_GN":"Nagarpalika","Province":"2","provinceId":"2","provinceCode":"2","provinceName":"Madhesh","districtId":"201","districtName":"Saptari","municipalityId":"20101","municipalityCode":"20101","municipalityName":"Saptakoshi Urban Municipality","municipalityNameNe":"सप्तकोशी नगरपालिका","municipalityType":"municipality"},"geometry":{"type":"Polygon","coordinates":[[[86.98660501900008,26.70978376900007],[86.98621770700004,26.71226845600006],[86.98392908200003,26.716188206000027],[86.98212145700006,26.716740894000054],[86.97809627000004,26.71885939400005],[86.97568345700006,26.721291893000057],[86.97418177000003,26.724378831000024],[86.97343564400006,26.729600894000043],[86.97238008200009,26.732038019000072],[86.96953051900005,26.735327831000063],[86.96628770700005,26.735566332000076],[86.95858226900003,26.733797206000077],[86.95377426900006,26.732098644000075],[86.95169545700008,26.731829394000044],[86.94690452000003,26.732613081000068],[86.94258164500008,26.73571889300007],[86.94095333200005,26.736086081000053],[86.93495051900004,26.74035783100004],[86.93225345700006,26.74336026900005],[86.93037458200007,26.746297706000064],[86.92723845700004,26.749629394000067],[86.92732383200007,26.75121139400005],[86.92949158200008,26.75501289400006],[86.93027433200007,26.75714139400003],[86.92878383200008,26.76222514400007],[86.92750920700007,26.763621456000067],[86.92414489400005,26.766190143000074],[86.92243120700005,26.765602456000067],[86.92087620600006,26.76379389400006],[86.91600583200005,26.76011939400007],[86.91113233200008,26.75892483100006],[86.91188783200005,26.755206144000056],[86.91106770700009,26.751906269000074],[86.91163301900008,26.747415644000057],[86.91126564400008,26.745887581000034],[86.91229220700006,26.742570769000054],[86.91383170700004,26.740712143000053],[86.91298908200008,26.73893326900003],[86.90984027000007,26.738446143000033],[86.90983970700006,26.736726519000058],[86.90599452000004,26.73495689400005],[86.90708770700007,26.73402333200005],[86.90652720700007,26.731721081000046],[86.90375364400006,26.729076518000056],[86.90214514500008,26.729023519000066],[86.90080320700008,26.72767526800004],[86.90065783200004,26.72610676900007],[86.89671526900008,26.72386070700003],[86.89472351900008,26.721789831000024],[86.89230114500003,26.72003220600004],[86.89111302000003,26.71845601900003],[86.89101027000004,26.71681301900003],[86.88818345700008,26.71346401900007],[86.88738539500008,26.711734706000072],[86.88546376900007,26.710882393000077],[86.88139726900005,26.712594206000063],[86.87911295700007,26.711978394000027],[86.87703970700005,26.712579206000044],[86.87372514500004,26.712783956000067],[86.87305726900007,26.71200695600004],[86.87269551900005,26.70874333100005],[86.87328058200006,26.705214269000066],[86.87557420700006,26.704008956000052],[86.87578958200004,26.700948956000047],[86.87655514400006,26.699351831000058],[86.88016689400007,26.69692658100007],[86.87968226900006,26.69486801900007],[86.88115033200006,26.694485581000038],[86.88189302000006,26.693001268000046],[86.88016683200004,26.68982451900007],[86.88081508200008,26.68828820600004],[86.88225258200004,26.688251018000074],[86.88247264500006,26.68649770600007],[86.88510639400005,26.687623769000027],[86.88794595600007,26.686865456000078],[86.88971776900007,26.68529839400003],[86.89163227000006,26.68527726900004],[86.89487489500004,26.683537456000067],[86.89605639500007,26.679649893000033],[86.89689295700003,26.678648519000035],[86.90003689400004,26.67773451900007],[86.90274239400009,26.678722581000045],[86.91233820700006,26.67185689400003],[86.91336433200007,26.674473143000057],[86.91542626900008,26.675623081000026],[86.91551189500007,26.677936394000028],[86.91695177000008,26.679643331000022],[86.91802933200006,26.682074518000036],[86.92096939400005,26.68307145600005],[86.92341489500006,26.681560706000027],[86.92571676900008,26.68120764400004],[86.92849727000004,26.679701519000048],[86.93269008200008,26.67843976900008],[86.93803270700005,26.679071831000044],[86.94203220700007,26.67732901900007],[86.95269264500007,26.676443832000075],[86.95162845700008,26.674062519000074],[86.95332133200003,26.671824394000055],[86.95349802000004,26.669745957000032],[86.95215489400005,26.667741456000044],[86.95515501900007,26.670619831000067],[86.95793564500008,26.673861456000054],[86.95668489400003,26.67715820600006],[86.95692739500004,26.678645519000042],[86.95917189400006,26.681812456000046],[86.96020051900007,26.682507831000066],[86.95976777000004,26.685087268000075],[86.96168251900008,26.688019331000078],[86.96652939400008,26.691209393000065],[86.96744808200003,26.692347019000067],[86.97026602000005,26.691871456000058],[86.97121145700004,26.69397501900005],[86.97285451900007,26.69583039400004],[86.97525652000007,26.696631956000033],[86.97857264400005,26.699674581000068],[86.98119102000004,26.70285933100007],[86.98331420700003,26.70376458100003],[86.98505789400008,26.708009831000027],[86.98660501900008,26.70978376900007]]]}},{"type":"Feature","properties":{"STATE_CODE":2,"DISTRICT":"SAPTARI","GaPa_NaPa":"Shambhunath","Type_GN":"Nagarpalika","Province":"2","provinceId":"2","provinceCode":"2","provinceName":"Madhesh","districtId":"201","districtName":"Saptari","municipalityId":"20105","municipalityCode":"20105","municipalityName":"Shambhunath Urban Municipality","municipalityNameNe":"शम्भुनाथ नगरपालिका","municipalityType":"municipality"},"geometry":{"type":"Polygon","coordinates":[[[86.72988914500007,26.70933333100004],[86.72477295700008,26.709273894000034],[86.72339601900006,26.707409331000065],[86.72065064400005,26.706510269000034],[86.71631014400003,26.707839956000043],[86.71530514400007,26.706910393000044],[86.71281864400004,26.706544269000062],[86.71078458200003,26.706998269000053],[86.70814789400004,26.70638358100007],[86.70821933200006,26.70474076800008],[86.70598089400005,26.703088707000063],[86.70516401900005,26.699020268000027],[86.70112926900003,26.697931019000066],[86.69954095700007,26.695397769000067],[86.69606239400008,26.692298581000045],[86.69424214400004,26.689877644000035],[86.68742395700008,26.687770831000023],[86.68132833200008,26.68916545600007],[86.68014914400004,26.690264144000025],[86.67494520700006,26.69188170600006],[86.67310970700004,26.693136768000045],[86.67234114400009,26.695342081000035],[86.67345201900008,26.696543019000046],[86.67139589400006,26.699560081000072],[86.67151145700007,26.700878268000054],[86.66907039400007,26.70347689400006],[86.66731520700006,26.70411820700008],[86.66651714400007,26.702268081000057],[86.66281001900006,26.69754495600006],[86.66220301900006,26.695787831000075],[86.66002114400004,26.693543831000056],[86.65900626900003,26.691158269000027],[86.65825364500006,26.68982270600003],[86.65684076900004,26.685181643000078],[86.65780551900008,26.68350945700007],[86.65823445700005,26.681095768000034],[86.65780126900006,26.679891832000067],[86.65921120700006,26.67810339300007],[86.65875758200008,26.677014519000068],[86.65869739400006,26.67053070600008],[86.65601914400008,26.66907989400005],[86.65121601900006,26.664078456000027],[86.65234351900006,26.662038894000034],[86.65123870600007,26.65919264400003],[86.65105352000006,26.657314519000067],[86.64794739400008,26.655880581000076],[86.64610539500006,26.65351776800003],[86.64774764400005,26.652221893000046],[86.64554889400006,26.650320769000075],[86.64428089400008,26.65071470600003],[86.64292133100008,26.642674956000064],[86.64156364400003,26.640040144000068],[86.64107370700003,26.637305956000034],[86.63997214400007,26.634899706000056],[86.63993645600004,26.63088033100007],[86.63708870700003,26.627316393000058],[86.63592476900004,26.625036331000047],[86.63424420700005,26.623073143000056],[86.63560758100004,26.620941706000053],[86.63793445600004,26.619798956000068],[86.63783601900008,26.61807451900006],[86.63985614400008,26.615728081000043],[86.64175876900003,26.612002457000074],[86.64277551900005,26.609010269000066],[86.64246520700004,26.60736651800005],[86.64115958200006,26.605790269000067],[86.64159833200006,26.604870581000057],[86.64447976900004,26.604236894000053],[86.64612120700008,26.599485956000024],[86.64479658200008,26.598254956000062],[86.64568902000008,26.595515144000046],[86.64501433200007,26.593189018000032],[86.64301495700005,26.59253626800006],[86.63801020600005,26.592862206000063],[86.63726014400004,26.588892831000067],[86.63757183200005,26.58797514300005],[86.63700958100009,26.58356614300004],[86.64086239400007,26.582655144000057],[86.64209827000008,26.58095889300006],[86.63867308200008,26.57770726800004],[86.63819451900008,26.57644676900003],[86.63938458200005,26.57442539300007],[86.63617326900004,26.57119226900005],[86.63263351900008,26.56583914400005],[86.62928058100005,26.562589643000024],[86.62844589500008,26.561580956000057],[86.62917220700007,26.559698456000035],[86.63070902000004,26.558535581000058],[86.63214245700004,26.555057143000056],[86.63113126900004,26.553149769000072],[86.62921495600006,26.551978018000057],[86.62873670700003,26.550487331000056],[86.62924995600008,26.54849145600008],[86.63821595700006,26.549126019000028],[86.64114533200006,26.549848831000077],[86.64260258200005,26.549281519000033],[86.64330133200008,26.54669020600005],[86.64497683100006,26.544376644000067],[86.64711420600008,26.544147206000048],[86.65163195700006,26.54734720600004],[86.65093295700007,26.549882144000037],[86.65139108100004,26.55148783100003],[86.65284570700004,26.553143394000074],[86.65360939400006,26.555684144000054],[86.65529395700008,26.55883420600003],[86.65467326900006,26.560448519000033],[86.65580639500007,26.563601831000028],[86.65511545700008,26.56676870600006],[86.65522176900004,26.569012206000025],[86.65682064500004,26.569821768000054],[86.66228320600004,26.577580143000034],[86.66375170600008,26.57806658100003],[86.66464770600004,26.580781331000026],[86.66589151900007,26.58216995600003],[86.67215601900006,26.58047601900006],[86.67487239400003,26.58075989300005],[86.67749758200006,26.582808269000054],[86.67759876900004,26.58476289300006],[86.68102270700007,26.58599833100004],[86.68368183100006,26.584447081000064],[86.68847039400003,26.578987144000052],[86.68997389400005,26.578764706000072],[86.69189483200006,26.580244831000073],[86.69250214400006,26.581830456000034],[86.69908014400005,26.582372581000072],[86.70150676900005,26.58599083100006],[86.70106158200008,26.588522019000038],[86.70286158200008,26.59051845600004],[86.70339058200005,26.592505643000038],[86.70095589400006,26.59765733100005],[86.70054508200008,26.601298894000024],[86.70180152000006,26.603874268000027],[86.70089958200003,26.607250831000044],[86.69970989500007,26.60940583100006],[86.70130195600007,26.613758019000045],[86.70148208200004,26.617030706000037],[86.70730076900008,26.617042893000075],[86.71073027000006,26.615580644000033],[86.71357558200003,26.615119269000047],[86.71518158200007,26.616237331000036],[86.71438239400004,26.61934558100006],[86.71460864500006,26.62290501900003],[86.71375783100007,26.627139268000064],[86.71450414400005,26.633626768000056],[86.72051245700004,26.634496331000037],[86.72349833200008,26.636722831000043],[86.72545539500004,26.63746233100005],[86.72674452000007,26.636729143000025],[86.72793676900005,26.634237643000063],[86.73018320700004,26.630840956000043],[86.73229901900004,26.633072393000077],[86.73927239500006,26.638093144000038],[86.73832408200008,26.639034769000034],[86.73952583200008,26.64096195600007],[86.73835233100004,26.64303158100006],[86.73980751900007,26.64478551800005],[86.73773370700007,26.645598644000074],[86.73779383200008,26.64812408100005],[86.73882539400006,26.652998394000065],[86.73887870700008,26.65730439400005],[86.73950564400008,26.658851456000036],[86.73931102000006,26.66103795600003],[86.74076889400004,26.665741456000035],[86.74255976900008,26.666938581000068],[86.74417120700008,26.666927956000052],[86.74567720700009,26.669304768000075],[86.74706176900008,26.669984269000054],[86.74726220700006,26.673363019000078],[86.74657033200003,26.676534831000026],[86.74384814400008,26.678019394000046],[86.74193120700005,26.677095206000047],[86.74078551900004,26.681721768000045],[86.74053108100009,26.68407058100007],[86.73850420700006,26.68740239400006],[86.73717339400008,26.692678519000026],[86.73488845600008,26.690952331000062],[86.73364720700005,26.69206714300003],[86.73180095700008,26.692099769000038],[86.73271445700004,26.694730581000044],[86.73197539500006,26.69771720600005],[86.73204552000004,26.701041581000027],[86.72882814400003,26.707180581000046],[86.72988914500007,26.70933333100004]]]}},{"type":"Feature","properties":{"STATE_CODE":2,"DISTRICT":"SAPTARI","GaPa_NaPa":"Surunga","Type_GN":"Nagarpalika","Province":"2","provinceId":"2","provinceCode":"2","provinceName":"Madhesh","districtId":"201","districtName":"Saptari","municipalityId":"20107","municipalityCode":"20107","municipalityName":"Surunga Urban Municipality","municipalityNameNe":"सुरुङ्गा नगरपालिका","municipalityType":"municipality"},"geometry":{"type":"Polygon","coordinates":[[[86.59338433200008,26.696932082000046],[86.59072926900006,26.69706658100006],[86.58952089400003,26.695788082000036],[86.58812376900005,26.700356206000038],[86.58566564400007,26.701332956000044],[86.58555577000004,26.703912143000025],[86.58359776900005,26.707783456000072],[86.58544064400007,26.712029269000027],[86.58275033200005,26.712777394000057],[86.58224545600007,26.716325768000047],[86.57987064400004,26.71847170600006],[86.57597183200005,26.720157206000067],[86.57453958200006,26.721874769000067],[86.57413858200005,26.724277018000066],[86.57495026900006,26.726660268000046],[86.57531920600007,26.730105206000076],[86.57412589400008,26.73282095600007],[86.57607964400006,26.736920519000023],[86.57631845700007,26.739216331000023],[86.57213051900004,26.740305082000077],[86.56958208100008,26.74256076900008],[86.56540945700004,26.74395633100005],[86.56199851900004,26.74434751900003],[86.55851064400008,26.744219331000068],[86.55576870700008,26.745309831000043],[86.55565939400003,26.746760581000046],[86.55711845600007,26.748577268000076],[86.55870001900007,26.749460081000052],[86.56020664400006,26.75135814400005],[86.56057708200007,26.75340389300004],[86.56317020700004,26.756264331000068],[86.56374020700008,26.757672081000067],[86.56567795600006,26.758962144000066],[86.56781670700008,26.761466832000053],[86.56850645700007,26.763046393000025],[86.57021001900006,26.76390008100003],[86.57018870700006,26.76571445600007],[86.57124476900003,26.767696768000064],[86.57510720700003,26.767870894000055],[86.57503608100006,26.769414269000038],[86.57612933200005,26.771125893000033],[86.57875114400008,26.77376508100008],[86.57962101900006,26.775397018000035],[86.57958145600008,26.778547269000057],[86.58022595600005,26.779616581000028],[86.57937676900008,26.781559394000055],[86.58034014400005,26.783952081000052],[86.57782283200004,26.783847581000032],[86.57562551900008,26.78466020600007],[86.57318745600008,26.784041331000026],[86.57087708200004,26.78124501900004],[86.56898826900004,26.780607393000025],[86.56741558100003,26.78254789400006],[86.56802814400004,26.78514726800006],[86.56777839400007,26.787847768000063],[86.56582514400003,26.79000601900003],[86.56466651900007,26.789171956000075],[86.55995570600004,26.789886331000048],[86.55872508100003,26.787772519000043],[86.55673170600005,26.787421019000078],[86.55544670700004,26.786306644000035],[86.55376464400007,26.786342019000074],[86.55089139400008,26.783383394000055],[86.55055901900005,26.78158601900003],[86.54578958200005,26.78294283100007],[86.54215370700007,26.783621706000076],[86.54095026900006,26.782744457000035],[86.53870114400007,26.784034769000073],[86.53913501900007,26.786265831000037],[86.53366558100004,26.788470768000025],[86.53189083200004,26.78602314400007],[86.52750951900003,26.784742581000046],[86.52781651900005,26.782999206000056],[86.52562689400008,26.779478207000068],[86.52552395600009,26.777476143000058],[86.52661564400006,26.77577820700003],[86.52577920700008,26.77323889400003],[86.52714876900006,26.771284644000048],[86.52580133100008,26.767299269000034],[86.52579314500008,26.76466114300007],[86.52514351900004,26.763149206000037],[86.52268845700007,26.76115283100006],[86.52327276900007,26.758629519000067],[86.52627095700007,26.75514845600003],[86.52754420600007,26.752654518000043],[86.53051976900008,26.750263206000056],[86.53091477000004,26.74435870700006],[86.52934689400007,26.74275576900004],[86.52596958200007,26.742507518000025],[86.52382620600008,26.740974831000074],[86.51675151900008,26.73804870600003],[86.51454714400006,26.73762370700007],[86.51314126900007,26.73653564400007],[86.51139201900008,26.73357333100006],[86.50885851900006,26.73055864400004],[86.50788089400004,26.728357207000045],[86.50829751900005,26.726519456000062],[86.50494433100005,26.723073019000026],[86.50632545600007,26.717372831000034],[86.50915226900008,26.713789956000028],[86.50909908100004,26.710966581000037],[86.50804739400007,26.708187144000078],[86.50841201900005,26.704690519000053],[86.51189833100005,26.70001301800005],[86.51248851900004,26.698011019000035],[86.51202789500007,26.695477519000065],[86.50938301900004,26.69176051900007],[86.50928452000005,26.690266206000047],[86.51130801900007,26.685470831000032],[86.51135358200008,26.682004644000074],[86.50882401900003,26.678922269000054],[86.50744289400006,26.675721956000075],[86.50743489400008,26.673923268000067],[86.50590695700004,26.670568956000068],[86.50647445700008,26.66856920600003],[86.50480701900005,26.66590045600003],[86.50118114400004,26.66369420600006],[86.50137427000004,26.661397519000047],[86.50083939400008,26.657245518000025],[86.50190858200006,26.655633456000032],[86.50276689400005,26.654056706000063],[86.50601839400008,26.65255601800004],[86.50723851900005,26.649757331000046],[86.50690389400006,26.648429269000076],[86.50763851900007,26.64659933100006],[86.50648070700004,26.642880706000028],[86.50941264400007,26.639246206000053],[86.50970758200003,26.636049394000054],[86.50802326900003,26.634332956000037],[86.50940876900006,26.630889456000034],[86.51120670700004,26.629137644000025],[86.51173664400005,26.627117394000038],[86.51279151900007,26.62640558100003],[86.51433114500009,26.622244894000062],[86.51355345600007,26.620955894000076],[86.51356645700008,26.618920331000027],[86.51264858200005,26.61473995600005],[86.51637970600007,26.61397633100006],[86.52136633100008,26.614548456000023],[86.52908176900007,26.613400581000064],[86.53169251900005,26.61360108100007],[86.53624020600006,26.613040393000063],[86.53637683200003,26.611542394000026],[86.53515370700006,26.610157268000023],[86.53678014400003,26.60810664400003],[86.53501214400006,26.60558683100004],[86.53504545600003,26.603628081000068],[86.53683270600004,26.602999768000075],[86.53665170700003,26.601347143000055],[86.53821295700004,26.59954689400007],[86.53877945600004,26.59718814400003],[86.54060939400006,26.59652151800003],[86.54104570700008,26.594602456000075],[86.54396939500003,26.596728643000063],[86.54386239400003,26.600280518000034],[86.54293758100005,26.60179183100007],[86.54361308200004,26.602775706000045],[86.54255958100003,26.604440081000064],[86.54124283100003,26.60403189400006],[86.53991708200004,26.60556220600006],[86.53990101900007,26.608155144000023],[86.54119414400003,26.608524893000038],[86.54473433100009,26.61094201900005],[86.54755058100005,26.613625268000078],[86.54967551900006,26.614385769000023],[86.54943001900006,26.61624683100007],[86.54773864400005,26.617676768000024],[86.54895133200006,26.620734081000023],[86.54687970600008,26.62187608100004],[86.54578339500006,26.623445581000055],[86.54781001900005,26.626970331000052],[86.54950651900003,26.628185331000054],[86.55195139400007,26.628118581000024],[86.55459583100009,26.629751768000062],[86.55695020600007,26.63206776900006],[86.55669808200008,26.632978706000074],[86.55800051900007,26.63901283100006],[86.56002127000005,26.641036643000064],[86.55839758100007,26.641462643000068],[86.55914370600004,26.64344645600005],[86.55976401900006,26.647460893000073],[86.55678783200005,26.64852583100003],[86.55518314400007,26.650091518000067],[86.55814570700005,26.653892144000054],[86.55922808100007,26.65712714400007],[86.55950333100003,26.66033033100007],[86.56107570700004,26.66666764400003],[86.56252401900008,26.667692206000027],[86.56589833200007,26.67156383100007],[86.56661833200008,26.672895269000037],[86.57395939400004,26.679638081000064],[86.57614514500005,26.681066331000068],[86.57948733200004,26.680828018000057],[86.58015533200006,26.68389695600007],[86.58445083200007,26.684936393000044],[86.58887170600008,26.69052345600005],[86.59099270700005,26.69418551900003],[86.59338433200008,26.696932082000046]]]}},{"type":"Feature","properties":{"STATE_CODE":2,"DISTRICT":"SAPTARI","GaPa_NaPa":"Tilathi Koiladi","Type_GN":"Gaunpalika","Province":"2","provinceId":"2","provinceCode":"2","provinceName":"Madhesh","districtId":"201","districtName":"Saptari","municipalityId":"20117","municipalityCode":"20117","municipalityName":"Tilathi Koiladi Rural Municipality","municipalityNameNe":"तिलाठी कोईलाडी गाउँपालिका","municipalityType":"rural_municipality"},"geometry":{"type":"Polygon","coordinates":[[[86.84503583200006,26.51939245600005],[86.83900764500004,26.519746956000063],[86.83191270700007,26.52064376800007],[86.83028045700007,26.52018370600007],[86.81995758100004,26.52183658100006],[86.81108720700007,26.52458520600004],[86.80881464400005,26.525024519000056],[86.80488314500008,26.52672539400004],[86.79983983200003,26.52654908100004],[86.79691989500003,26.52716789300007],[86.79354514400006,26.526057206000075],[86.79311595700005,26.524585081000055],[86.79439208200006,26.523122269000055],[86.79778258100004,26.517008831000055],[86.79978264400006,26.512154956000074],[86.80565158200005,26.514550831000065],[86.80963939500003,26.514975956000058],[86.81035439400006,26.51325720600005],[86.80761351900009,26.50940339300007],[86.80827389400008,26.508456456000033],[86.80740326900008,26.50684839300004],[86.80706239500006,26.504229956000074],[86.80740376900008,26.502242143000046],[86.80671170600004,26.50000014400007],[86.80716358200004,26.498840768000036],[86.80665851900005,26.496186081000076],[86.80902308200007,26.49077058100005],[86.80548076900004,26.489556143000073],[86.80252420600004,26.489439206000043],[86.79844701900004,26.487393331000078],[86.79384958200006,26.487104643000066],[86.78652883200004,26.48590001900004],[86.78419589400005,26.48175070600007],[86.78126220700005,26.483759331000044],[86.77524227000004,26.485532893000027],[86.77299889400007,26.487908081000057],[86.76824508100003,26.488710643000047],[86.76536658200007,26.48831776800006],[86.76138470700005,26.48720533100004],[86.76296614400007,26.48685820600008],[86.76210764500007,26.484335831000067],[86.75948001900008,26.482282206000036],[86.76216902000004,26.479170081000063],[86.76370258100008,26.47935764300007],[86.76245445700005,26.475123893000045],[86.76079514400004,26.474250081000037],[86.76228564500008,26.47078601800007],[86.76390139400007,26.468716956000037],[86.76191401900007,26.463852393000025],[86.76569939500007,26.462698644000056],[86.76467233100004,26.46094789400007],[86.76488926900004,26.458932893000053],[86.76765914400005,26.458434144000023],[86.77152495700005,26.459097144000054],[86.77313058200008,26.457876456000065],[86.77636720700008,26.456511643000056],[86.78259558200006,26.45435470600006],[86.78664870700004,26.457969519000073],[86.78757664400007,26.45920764300007],[86.78772270700006,26.464145831000053],[86.79256145700003,26.46759914300003],[86.79708426900004,26.47036576800008],[86.79844583200008,26.471845893000022],[86.80086745700004,26.471842581000033],[86.80242683200004,26.472840019000046],[86.80610689400004,26.472325956000077],[86.81182808200003,26.470182831000045],[86.81613589400007,26.472267018000025],[86.81853358100005,26.47429895600004],[86.82029251900008,26.474258331000044],[86.82412151900007,26.470647644000053],[86.82764201900005,26.466679893000048],[86.82946708200006,26.46870420600004],[86.83378558200008,26.472453393000023],[86.83920401900008,26.475571769000055],[86.84083633200004,26.476909643000056],[86.84397420700003,26.48092808100006],[86.84756889400006,26.48200620600005],[86.85059995700004,26.48137526900007],[86.85195470700006,26.481990518000032],[86.85430139500005,26.485109643000044],[86.85260808100008,26.487143581000055],[86.85251545700004,26.488219956000023],[86.85389308200007,26.490193894000072],[86.84900283200005,26.49232826800005],[86.84879070700003,26.493637018000072],[86.84497952000004,26.497045206000053],[86.84048114400008,26.49687108100005],[86.83888164500007,26.49721914400004],[86.83318270700005,26.497284769000032],[86.83200908200007,26.49773245600005],[86.83118308200005,26.49999964400007],[86.83445445700005,26.507771519000073],[86.83514908200004,26.51120495600003],[86.83642633200003,26.51316533100004],[86.83945289400003,26.51371045600007],[86.84834970700007,26.514327268000045],[86.84908395600007,26.51734314400005],[86.84503583200006,26.51939245600005]]]}},{"type":"Feature","properties":{"STATE_CODE":2,"DISTRICT":"SAPTARI","GaPa_NaPa":"Tirahut","Type_GN":"Gaunpalika","Province":"2","provinceId":"2","provinceCode":"2","provinceName":"Madhesh","districtId":"201","districtName":"Saptari","municipalityId":"20115","municipalityCode":"20115","municipalityName":"Tirahut Rural Municipality","municipalityNameNe":"तिरहुत गाउँपालिका","municipalityType":"rural_municipality"},"geometry":{"type":"Polygon","coordinates":[[[86.89987626900006,26.57921814300005],[86.90161914500004,26.579652706000047],[86.90450508200007,26.58193176900005],[86.90490764500004,26.58432201900007],[86.90198564500008,26.58778201800004],[86.90052177000007,26.588873269000032],[86.89765570700007,26.593093769000063],[86.89783239400003,26.59801145600005],[86.89529076900004,26.597368706000054],[86.89204877000003,26.59736626800003],[86.89000008200009,26.598511144000042],[86.88916989500007,26.601272831000074],[86.88904020700005,26.605262768000046],[86.88723608200007,26.60707583100003],[86.88770108200004,26.60852508100004],[86.88206489400005,26.611713894000047],[86.87886683100004,26.61311945600005],[86.87323683200003,26.607802019000076],[86.87182976900004,26.60704701800006],[86.86693120600006,26.612355019000063],[86.86217976900008,26.617884206000042],[86.86028214500004,26.619667519000075],[86.85707252000003,26.621675081000035],[86.85230695700005,26.624098581000055],[86.84900008200003,26.629425643000047],[86.84820177000006,26.631613894000054],[86.84502895700007,26.632892269000024],[86.84317689400007,26.630859206000025],[86.84356776900006,26.626174518000028],[86.84156070600005,26.62374170700008],[86.83887202000005,26.623693581000055],[86.82706983200006,26.616518894000023],[86.82508208200005,26.614081331000023],[86.82559895700007,26.612890394000033],[86.82542720700008,26.609608769000033],[86.82468026900005,26.608788643000025],[86.82363595700008,26.605183269000065],[86.82317495700005,26.601732018000064],[86.82081195700005,26.598662081000043],[86.82421970700005,26.59553383100007],[86.82485745700006,26.589292331000024],[86.82279545700004,26.586908831000073],[86.82108333100007,26.58272708100003],[86.82128014400007,26.577834519000078],[86.82031164500006,26.575587769000037],[86.82857926900004,26.574361268000075],[86.82986283100007,26.57453201900006],[86.83446058200008,26.568597519000036],[86.83914258200008,26.564872269000034],[86.84444714400007,26.562486019000062],[86.85163664400005,26.561949769000023],[86.85155201900005,26.560394768000037],[86.85273633100007,26.556658706000064],[86.85579114400008,26.55165845600004],[86.85710983200005,26.55398426900007],[86.85689945600006,26.55639208100007],[86.85728114400007,26.56028776900007],[86.85652070700007,26.562322643000073],[86.85704133200005,26.563395143000037],[86.86241226900006,26.568383518000076],[86.86403414400007,26.567152831000044],[86.86683477000008,26.566638769000065],[86.86762814500008,26.568302706000054],[86.87233645700007,26.572394081000027],[86.87635620700007,26.573826206000035],[86.87916514400007,26.576243456000043],[86.88260789400005,26.57693683100007],[86.88371102000008,26.57851758100003],[86.88748277000008,26.58043664300004],[86.89101183200006,26.57998801900004],[86.89197158200005,26.581652019000046],[86.89264420700005,26.58446226800004],[86.89987626900006,26.57921814300005]]]}},{"type":"Feature","properties":{"STATE_CODE":2,"DISTRICT":"SIRAHA","GaPa_NaPa":"Arnama","Type_GN":"Gaunpalika","Province":"2","provinceId":"2","provinceCode":"2","provinceName":"Madhesh","districtId":"202","districtName":"Siraha","municipalityId":"20209","municipalityCode":"20209","municipalityName":"Arnama Rural Municipality","municipalityNameNe":"अर्नमा गाउँपालिका","municipalityType":"rural_municipality"},"geometry":{"type":"Polygon","coordinates":[[[86.32387295600006,26.71390608100006],[86.32190633100004,26.715268769000033],[86.31927264300003,26.719780769000067],[86.31984926900003,26.721697206000044],[86.31838814400004,26.72551076900004],[86.31771608100007,26.728948956000067],[86.31607270700005,26.733946332000073],[86.31764551900005,26.735775081000043],[86.31848445600008,26.738821082000072],[86.31967751800005,26.74043589400003],[86.32005070600007,26.745409081000048],[86.31402883100003,26.74481133100005],[86.31045145700006,26.745933644000047],[86.30952070700005,26.74563801900007],[86.30842083200008,26.743222519000028],[86.30843058100004,26.740257331000066],[86.30722695700007,26.737608893000072],[86.30031033100005,26.741440581000063],[86.29680976900005,26.74284501900007],[86.29646295600008,26.739519207000058],[86.29292345600004,26.73868920700005],[86.28979558200007,26.739217394000036],[86.28762408200004,26.737534332000052],[86.28772201900006,26.734016706000034],[86.28560526900003,26.731072394000023],[86.28377745600005,26.726809331000027],[86.28146839400006,26.72401745600007],[86.28084633100008,26.720281768000063],[86.28287358100005,26.71930589400006],[86.28153289400007,26.717401206000034],[86.27695870600007,26.716039769000076],[86.27383783100004,26.713773956000068],[86.27031864400004,26.70532270600006],[86.27243139400008,26.70277451900006],[86.27145658100005,26.69747764300007],[86.27070720700004,26.696246144000042],[86.27000789400006,26.692733394000072],[86.26731895600005,26.687321644000065],[86.26766201900006,26.685484143000053],[86.26754764300006,26.68141933100003],[86.26433420600006,26.67133795600006],[86.26498576900008,26.668642331000058],[86.26381951900004,26.667094956000028],[86.26455414400004,26.66436364300006],[86.26429908100005,26.66271495600006],[86.26274651900007,26.65973033100005],[86.26274626900005,26.656399518000057],[86.26407620600008,26.651798206000024],[86.26334233100005,26.646103081000035],[86.26342801800007,26.639306393000027],[86.27399064400004,26.635303144000034],[86.27275445700008,26.637199269000064],[86.27227651900006,26.639505393000036],[86.27114820600008,26.63972301900003],[86.27166183100007,26.642481081000028],[86.27451139400006,26.645190143000036],[86.27576508100003,26.648148268000057],[86.27850814400006,26.649367269000038],[86.27963226900005,26.65098426900005],[86.28292420700006,26.650890331000028],[86.28281889400006,26.652379206000035],[86.28518258200006,26.654950206000024],[86.28846926900007,26.656785581000065],[86.28984508100007,26.65708808100004],[86.29022333100005,26.658926956000073],[86.29170464400005,26.659270581000044],[86.29892589400004,26.66302314400008],[86.30014208200004,26.664031144000035],[86.30125976800008,26.667807581000034],[86.30036733200006,26.67063083100004],[86.29983214400005,26.67231389400007],[86.29830576900008,26.674111707000066],[86.30062014300006,26.681082769000056],[86.30233483100005,26.683239581000066],[86.30322501900008,26.686868206000042],[86.30338483100007,26.68945514400008],[86.30508820700004,26.69433339400007],[86.30726095700004,26.69549945600005],[86.30904258100009,26.69568414300005],[86.31628064400007,26.694148518000077],[86.31827958200006,26.699219893000077],[86.31725145700005,26.70172214300004],[86.31846976900005,26.706367706000037],[86.31818614400004,26.708893832000058],[86.32387295600006,26.71390608100006]]]}},{"type":"Feature","properties":{"STATE_CODE":2,"DISTRICT":"SIRAHA","GaPa_NaPa":"Aurahi","Type_GN":"Gaunpalika","Province":"2","provinceId":"2","provinceCode":"2","provinceName":"Madhesh","districtId":"202","districtName":"Siraha","municipalityId":"20216","municipalityCode":"20216","municipalityName":"Aurahi Rural Municipality","municipalityNameNe":"औरही गाउँपालिका","municipalityType":"rural_municipality"},"geometry":{"type":"Polygon","coordinates":[[[86.34760226900005,26.669309707000025],[86.34763658200006,26.673712643000044],[86.34807495600006,26.678061081000067],[86.34702539400007,26.678909331000057],[86.34806170600007,26.681055706000052],[86.34989133100004,26.68065333100003],[86.35100476900004,26.681617519000042],[86.34986583200003,26.68288283100003],[86.34594989400006,26.684297894000053],[86.34146026900004,26.683837081000036],[86.33865964400007,26.682054831000073],[86.33885158100009,26.67795526900005],[86.33520401900006,26.66819158100003],[86.33382139400004,26.665125019000072],[86.33335664400005,26.661893519000046],[86.33119814400004,26.658448644000032],[86.32976558100006,26.657724269000028],[86.32710595700007,26.658321019000027],[86.32195595600007,26.65652276800006],[86.32147445700008,26.65921045600004],[86.32311801900005,26.661563019000027],[86.32156126900009,26.66379876900004],[86.31730501900006,26.663369893000038],[86.31268214400006,26.666527331000054],[86.30886851900004,26.668142644000056],[86.30361214300007,26.669877206000024],[86.30036733200006,26.67063083100004],[86.30125976800008,26.667807581000034],[86.30014208200004,26.664031144000035],[86.29892589400004,26.66302314400008],[86.29170464400005,26.659270581000044],[86.29022333100005,26.658926956000073],[86.28984508100007,26.65708808100004],[86.28846926900007,26.656785581000065],[86.28518258200006,26.654950206000024],[86.28281889400006,26.652379206000035],[86.28292420700006,26.650890331000028],[86.27963226900005,26.65098426900005],[86.27850814400006,26.649367269000038],[86.27576508100003,26.648148268000057],[86.27451139400006,26.645190143000036],[86.27166183100007,26.642481081000028],[86.27114820600008,26.63972301900003],[86.27227651900006,26.639505393000036],[86.27275445700008,26.637199269000064],[86.27399064400004,26.635303144000034],[86.27208539400004,26.63493689300003],[86.27244520600004,26.631959894000033],[86.27101751900005,26.63083326900005],[86.26838639400006,26.630763331000026],[86.26860758200007,26.62707701900007],[86.26675895600005,26.62567964300007],[86.26369458200008,26.618974956000045],[86.26401176900004,26.61722539400006],[86.26295276900004,26.61532426900004],[86.27798383100009,26.61702170600006],[86.29523008100006,26.612946769000075],[86.31021733100005,26.61967751800006],[86.32362951900006,26.61950945600006],[86.32930333100006,26.619263269000044],[86.33081620700005,26.622917269000027],[86.33482176900003,26.627803768000035],[86.33665133100004,26.630475269000044],[86.33870151900004,26.630992519000074],[86.33948476900008,26.63266383200005],[86.34169576900007,26.633831831000066],[86.34236326900003,26.63775258100003],[86.34256276900004,26.647969644000057],[86.34453758100005,26.649366643000064],[86.34631839400004,26.649460581000028],[86.34675139400008,26.65192689400004],[86.34568101900004,26.655756144000065],[86.34703058200006,26.661020456000074],[86.34669158100007,26.66409026900004],[86.34599339400006,26.66549751900004],[86.34414301900006,26.665841018000037],[86.34433839400003,26.66714176800008],[86.34659726900009,26.668136081000057],[86.34760226900005,26.669309707000025]]]}},{"type":"Feature","properties":{"STATE_CODE":2,"DISTRICT":"SIRAHA","GaPa_NaPa":"Bariyarpatti","Type_GN":"Gaunpalika","Province":"2","provinceId":"2","provinceCode":"2","provinceName":"Madhesh","districtId":"202","districtName":"Siraha","municipalityId":"20215","municipalityCode":"20215","municipalityName":"Bariyarpatti Rural Municipality","municipalityNameNe":"बरियारपट्टी गाउँपालिका","municipalityType":"rural_municipality"},"geometry":{"type":"Polygon","coordinates":[[[86.38262389400006,26.66802864300007],[86.38062783100008,26.669364956000038],[86.37837445700006,26.66950858100006],[86.37599451900007,26.66560533100005],[86.37468445600007,26.66487289300005],[86.37205333200006,26.66491770600004],[86.36694283100007,26.663168644000052],[86.35887295600008,26.662209519000044],[86.35551545600003,26.66106820600004],[86.35637289400006,26.663538706000054],[86.35855395600004,26.66541476900005],[86.35846751900004,26.667167894000045],[86.35342033200004,26.668853332000026],[86.35215164400006,26.668497769000055],[86.34760226900005,26.669309707000025],[86.34659726900009,26.668136081000057],[86.34433839400003,26.66714176800008],[86.34414301900006,26.665841018000037],[86.34599339400006,26.66549751900004],[86.34669158100007,26.66409026900004],[86.34703058200006,26.661020456000074],[86.34568101900004,26.655756144000065],[86.34675139400008,26.65192689400004],[86.34631839400004,26.649460581000028],[86.34453758100005,26.649366643000064],[86.34256276900004,26.647969644000057],[86.34236326900003,26.63775258100003],[86.34169576900007,26.633831831000066],[86.33948476900008,26.63266383200005],[86.33870151900004,26.630992519000074],[86.33665133100004,26.630475269000044],[86.33482176900003,26.627803768000035],[86.33081620700005,26.622917269000027],[86.32930333100006,26.619263269000044],[86.33565001900007,26.618636394000077],[86.34489214400008,26.616713581000056],[86.34605526900003,26.616055394000057],[86.34540970600005,26.61368289400008],[86.34294101900008,26.61148933100003],[86.34138201900004,26.608117331000074],[86.34327220600005,26.605697831000043],[86.35822920600003,26.604032894000056],[86.37771714400003,26.598721331000036],[86.39836114400003,26.593197581000027],[86.39943895600004,26.59273501900003],[86.39721545600008,26.595248643000048],[86.39612139400003,26.594318706000024],[86.39354933200008,26.599414769000077],[86.39519626900005,26.60017558100003],[86.39691726900008,26.602087519000065],[86.39704201900008,26.60444414400007],[86.39824558200007,26.60485314300007],[86.39783564400005,26.607624956000052],[86.39912195600004,26.60824420600005],[86.40120658100005,26.611586144000057],[86.40054408100008,26.616212019000045],[86.40324851900004,26.617013206000024],[86.40603208200008,26.61421970600003],[86.40730264400008,26.614324331000034],[86.40902151900008,26.616170706000048],[86.40839401900007,26.617409331000033],[86.40971458100006,26.62091951900004],[86.41225345700008,26.621338518000073],[86.41345033200008,26.622435706000033],[86.41586920700007,26.622145456000055],[86.41711170700006,26.622976581000046],[86.41735376900004,26.625870706000057],[86.41845708200003,26.628587706000076],[86.41296176900005,26.624613706000048],[86.41051495600004,26.623488706000046],[86.40636789400008,26.624859393000065],[86.40306383100005,26.62464695600005],[86.39819058200004,26.622491581000077],[86.39642145700003,26.62347476900004],[86.39157814400005,26.624535081000033],[86.39091614400007,26.625432706000026],[86.39345264400004,26.627797331000068],[86.39184089400004,26.630342768000048],[86.39589920700007,26.634697519000042],[86.39744170700004,26.64237014400004],[86.39667508100007,26.64523295600003],[86.39320314400004,26.64846558200003],[86.39130326900005,26.64756383100007],[86.38715233100004,26.64927464400006],[86.38777589400007,26.65161758100004],[86.38649801900004,26.651756456000044],[86.38301251800004,26.65024289300004],[86.37824289400004,26.64928776800008],[86.37457951800008,26.65037526900005],[86.37382808200005,26.652646769000057],[86.37518170700008,26.654803393000066],[86.37869645600006,26.654403581000054],[86.37921583200006,26.656590331000075],[86.38171058200004,26.658916581000028],[86.38092908100003,26.661318831000074],[86.38271983100003,26.66345020600005],[86.38262389400006,26.66802864300007]]]}},{"type":"Feature","properties":{"STATE_CODE":2,"DISTRICT":"SIRAHA","GaPa_NaPa":"Bhagawanpur","Type_GN":"Gaunpalika","Province":"2","provinceId":"2","provinceCode":"2","provinceName":"Madhesh","districtId":"202","districtName":"Siraha","municipalityId":"20213","municipalityCode":"20213","municipalityName":"Bhagawanpur Rural Municipality","municipalityNameNe":"भगवानपुर गाउँपालिका","municipalityType":"rural_municipality"},"geometry":{"type":"Polygon","coordinates":[[[86.50784789400007,26.59281701900005],[86.50248633200005,26.596824456000036],[86.50086170600008,26.598870144000045],[86.50042120700004,26.606719893000047],[86.50102489100004,26.60925494600008],[86.50076318300006,26.615533071000073],[86.49882808200005,26.615391518000024],[86.49593933200003,26.61627045700004],[86.49437351900008,26.615971519000027],[86.49355933100009,26.614492706000078],[86.49155151900004,26.613867206000066],[86.48970277000006,26.61454214400004],[86.48835283200003,26.620912644000043],[86.48598195700004,26.62047301900003],[86.48036445600007,26.62031270600005],[86.47974520700006,26.61843508100003],[86.47970764400003,26.615510206000067],[86.47899489400004,26.612237581000045],[86.47557039400004,26.611101081000072],[86.47371833200003,26.60961608100007],[86.47006070600008,26.610807643000044],[86.46574889400006,26.611669394000046],[86.46206333100008,26.611294456000053],[86.46097014400004,26.612585643000045],[86.45914014400006,26.61098320600007],[86.45966276900003,26.60949795600004],[86.45855045700006,26.60824801900003],[86.45735745700006,26.604206144000045],[86.45558295700005,26.603445644000033],[86.45572676900008,26.60163176900005],[86.45371201900008,26.60165339300005],[86.45343608200005,26.599357206000036],[86.45196483100005,26.59793201900004],[86.45249020700004,26.59613995600006],[86.45016401900006,26.59541333100003],[86.44679551900003,26.59735239300005],[86.44241826900009,26.59599695600008],[86.43949933100004,26.592893831000026],[86.43973445700004,26.590432643000042],[86.43712139400003,26.588671144000045],[86.43832345600003,26.587134456000058],[86.43890508200008,26.583873518000075],[86.43654370600007,26.582589144000053],[86.43676195700004,26.58017976900004],[86.43424701900005,26.57944989300006],[86.43506983200007,26.577945644000067],[86.43449820600006,26.576025143000038],[86.43261020700004,26.572682144000055],[86.45786614400004,26.567779518000066],[86.45898289400003,26.56726470600006],[86.47627245700005,26.556282456000076],[86.48831484200008,26.549479141000063],[86.49023883200005,26.552900519000048],[86.49507239400003,26.556201393000038],[86.49871414400008,26.560066518000042],[86.49910895600004,26.562627081000073],[86.49729108100007,26.56799858100004],[86.49654689400006,26.577693268000075],[86.49825551900005,26.580226894000077],[86.49971976900008,26.583924143000047],[86.50510364400003,26.586423143000047],[86.50782764400003,26.589479268000048],[86.50730326900003,26.59205458100007],[86.50784789400007,26.59281701900005]]]}},{"type":"Feature","properties":{"STATE_CODE":2,"DISTRICT":"SIRAHA","GaPa_NaPa":"Bishnupur","Type_GN":"Gaunpalika","Province":"2","provinceId":"2","provinceCode":"2","provinceName":"Madhesh","districtId":"202","districtName":"Siraha","municipalityId":"20208","municipalityCode":"20208","municipalityName":"Bishnupur Rural Municipality","municipalityNameNe":"बिष्णुपुर गाउँपालिका","municipalityType":"rural_municipality"},"geometry":{"type":"Polygon","coordinates":[[[86.24888851800006,26.749583581000024],[86.24263064400003,26.749821144000066],[86.23304939400003,26.749151269000038],[86.23106389400004,26.746258831000034],[86.22947689400007,26.74555739300007],[86.22974108200003,26.74378964300007],[86.22831076900007,26.739288894000026],[86.22468695600008,26.73902089300003],[86.22351064300005,26.736613393000027],[86.22717058200004,26.73548701900006],[86.22646526900007,26.734548894000056],[86.22450383100005,26.735210643000073],[86.22313795600007,26.734824081000056],[86.22180470600006,26.731072956000048],[86.22060270600008,26.730843019000076],[86.21921501900005,26.728409456000065],[86.21740926900009,26.727356894000025],[86.21629095700007,26.72458864400005],[86.21289114300004,26.719413331000055],[86.21328133100008,26.718718206000062],[86.21618364400007,26.718429644000025],[86.21862101900007,26.719616519000056],[86.22118308200004,26.721916581000073],[86.22468508200006,26.72098570600008],[86.22149989400003,26.71833926900007],[86.22033576900003,26.716678768000065],[86.21928033100005,26.713400831000058],[86.22063670600005,26.71348726900004],[86.22403283100005,26.712021019000076],[86.22692408100005,26.711984956000038],[86.23212458100005,26.710562081000035],[86.23398958200005,26.711714018000066],[86.23860708100005,26.711032518000025],[86.24106701900007,26.709592331000067],[86.24621664400007,26.714611581000042],[86.24934558100006,26.71187733200003],[86.24840089400004,26.71003314400008],[86.24921176900006,26.708383269000024],[86.25114264400008,26.708745518000057],[86.25625976900005,26.708831081000028],[86.25777176900004,26.705013956000073],[86.25652814400007,26.702570269000034],[86.26356520700006,26.70192770600005],[86.26907645700004,26.706153581000024],[86.27031864400004,26.70532270600006],[86.27383783100004,26.713773956000068],[86.27695870600007,26.716039769000076],[86.28153289400007,26.717401206000034],[86.28287358100005,26.71930589400006],[86.28084633100008,26.720281768000063],[86.28146839400006,26.72401745600007],[86.28377745600005,26.726809331000027],[86.28560526900003,26.731072394000023],[86.28772201900006,26.734016706000034],[86.28762408200004,26.737534332000052],[86.28979558200007,26.739217394000036],[86.29292345600004,26.73868920700005],[86.29646295600008,26.739519207000058],[86.29680976900005,26.74284501900007],[86.29295489400005,26.744215956000062],[86.29043520600004,26.745552832000044],[86.28917789300004,26.743763769000054],[86.28234533200003,26.745067581000058],[86.27827251900004,26.746531769000057],[86.27622208100007,26.745481019000067],[86.27238595600005,26.74453389400003],[86.27196414400004,26.74635058100006],[86.26818983200008,26.747682893000047],[86.25553526900006,26.746842956000023],[86.25291689400007,26.74733920600005],[86.25132570600005,26.74916783200007],[86.24888851800006,26.749583581000024]]]}},{"type":"Feature","properties":{"STATE_CODE":2,"DISTRICT":"SIRAHA","GaPa_NaPa":"Dhangadhimai","Type_GN":"Nagarpalika","Province":"2","provinceId":"2","provinceCode":"2","provinceName":"Madhesh","districtId":"202","districtName":"Siraha","municipalityId":"20202","municipalityCode":"20202","municipalityName":"Dhangadhimai Urban Municipality","municipalityNameNe":"धनगढीमाई नगरपालिका","municipalityType":"municipality"},"geometry":{"type":"Polygon","coordinates":[[[86.48194045700006,26.888205706000065],[86.48073733100006,26.887332456000024],[86.47678008100007,26.886895956000046],[86.47332064400007,26.88746301900005],[86.46946376900007,26.886552644000062],[86.46645976900004,26.886877582000068],[86.46507101900005,26.886497769000073],[86.46262395700006,26.887312144000077],[86.45925464400005,26.88711195700006],[86.45769745600006,26.88794776900005],[86.45430083100007,26.888392769000063],[86.45294576900005,26.889502331000074],[86.45122558100007,26.88941664400005],[86.44930389400008,26.890930206000064],[86.44770114400006,26.891154081000025],[86.44267251900004,26.894647957000075],[86.44079464400005,26.894825581000077],[86.43576670600004,26.89786339400007],[86.43316108200008,26.900414269000066],[86.43062195700008,26.902182268000047],[86.42821539400006,26.903093269000067],[86.42574483200008,26.90264770600004],[86.42167326900005,26.90452670600007],[86.42108183100004,26.905792519000045],[86.41801058100003,26.90554064400004],[86.41598383200005,26.906538769000065],[86.40982076900008,26.906833581000058],[86.40833976900007,26.90736670700005],[86.40639164400005,26.909308269000064],[86.40352945700005,26.907879081000033],[86.40026633200006,26.908449707000045],[86.39890301900004,26.90931495600006],[86.39722608100004,26.907971893000024],[86.39397358100007,26.908197206000068],[86.39252620700006,26.907662894000055],[86.38896276900005,26.907652019000068],[86.38681976900006,26.909032831000047],[86.38505226900008,26.907878769000035],[86.38589301900004,26.90608158200007],[86.38519970700008,26.905182769000078],[86.38532495600003,26.902504643000043],[86.38291276900009,26.899574018000067],[86.38096339400005,26.898816332000024],[86.37943601900008,26.896767331000035],[86.37888089400008,26.894149457000026],[86.37939964400005,26.891789019000043],[86.37784570600007,26.890599707000035],[86.37685664400004,26.88829583100005],[86.37781689400003,26.888110519000065],[86.37979539400004,26.885862581000026],[86.38323151900005,26.886541081000075],[86.38316008100009,26.888167769000063],[86.38500345600005,26.88959076900005],[86.38734195700005,26.890108644000065],[86.38841839400004,26.891647831000057],[86.39249820700007,26.891426206000062],[86.39551064400007,26.889403644000026],[86.39565345600005,26.885509269000067],[86.39623539400003,26.88386220600006],[86.39855226900005,26.883043893000035],[86.40097908200005,26.881427144000043],[86.40020620700005,26.87628320600004],[86.39882026900005,26.87377920700004],[86.39878576900009,26.86910326800006],[86.39947920700007,26.86711358200006],[86.40300245600008,26.865135894000048],[86.40345651900003,26.860597394000024],[86.40456158200004,26.857384081000077],[86.40657476900003,26.855284831000063],[86.40387089400008,26.852170519000026],[86.40497789400007,26.848629956000025],[86.40424895600006,26.846099456000047],[86.40580795700004,26.845167206000042],[86.40763208100003,26.84218701800006],[86.40703489300006,26.84067708200007],[86.40732251900005,26.836659144000066],[86.40611389400004,26.834395207000057],[86.40664658100008,26.832948644000055],[86.40849176800003,26.83130908100003],[86.40951914400006,26.829232644000058],[86.40642301900004,26.826807331000055],[86.40424145700007,26.823072394000064],[86.40134176900006,26.820336331000078],[86.40248626900006,26.816615394000053],[86.40197089400004,26.816141581000068],[86.39393926900004,26.81572151900008],[86.39160164400005,26.812604081000075],[86.38877326900007,26.81051351800005],[86.38624670600007,26.809259143000077],[86.38317664400006,26.809588894000058],[86.38241164400006,26.807511582000075],[86.38418926900005,26.805912582000076],[86.38693664400006,26.804726206000055],[86.38505351900005,26.803221893000057],[86.38470370700009,26.801649706000035],[86.38634289400005,26.798517769000057],[86.38349258100004,26.79545670600004],[86.38040826900004,26.795459019000077],[86.37683689400006,26.796388894000074],[86.37471251900007,26.794788519000065],[86.37340464300007,26.798025582000037],[86.37062951900003,26.799006207000048],[86.36476601900006,26.804337394000072],[86.36207820700008,26.800288081000076],[86.35906739400008,26.796519456000055],[86.35384058100004,26.792120019000038],[86.35409064400005,26.788918956000032],[86.35504789400005,26.786513143000036],[86.35342708100006,26.78127708200003],[86.35210939400008,26.77913626800006],[86.34998820600003,26.776867581000033],[86.34927770600007,26.773932956000067],[86.34566976900004,26.769599394000068],[86.34580720600007,26.766779144000054],[86.34784608100006,26.763324581000063],[86.34716945600007,26.76106470600007],[86.34228845700005,26.75988670600003],[86.34466695600008,26.75665714300004],[86.34550639400004,26.754009456000063],[86.34449876900004,26.751305769000055],[86.34069189400003,26.74881933100005],[86.34072601900004,26.74737295600005],[86.34272833100005,26.74667820600007],[86.34361076900007,26.742988081000078],[86.34631520600004,26.74214526800006],[86.34701326900006,26.740072393000048],[86.34939858200005,26.739304769000057],[86.34974664400005,26.738372081000023],[86.35041570700008,26.73713851900004],[86.35112745600009,26.733504019000065],[86.35258626900008,26.73181589400008],[86.35315133100005,26.728232581000043],[86.35871176900008,26.725849956000047],[86.36108351900003,26.72654670600008],[86.36297908100005,26.725869144000058],[86.36344083200004,26.72408170600005],[86.36735370600007,26.723359019000043],[86.37505683100005,26.722445331000074],[86.37905201900008,26.721772331000068],[86.37907670700008,26.724169019000044],[86.38229126900006,26.722501831000045],[86.38589751900008,26.721587706000037],[86.39497158100005,26.720259144000067],[86.39584539400005,26.721400206000055],[86.40055533100008,26.717931331000045],[86.40056795600003,26.715823644000068],[86.40569345600005,26.715540519000058],[86.41041508100005,26.713948956000024],[86.41014545600007,26.712203394000028],[86.41174714400006,26.71036414400004],[86.41421395600008,26.710238831000026],[86.41567351900005,26.70931739400004],[86.42035539400007,26.70918308100005],[86.42384914400003,26.710318894000068],[86.42695783100004,26.714605706000043],[86.42803883200008,26.717911644000026],[86.42763826900006,26.720624832000055],[86.43179395600004,26.72316451900008],[86.43333533200007,26.72547933100003],[86.43277464400006,26.727424644000052],[86.43406070700007,26.73119170600006],[86.43662839400008,26.736105706000046],[86.43688395700008,26.737544269000068],[86.43213095700008,26.739380331000064],[86.42582620700006,26.742478206000044],[86.42131245600007,26.74538908100004],[86.42099226900007,26.746877144000052],[86.42374776900004,26.74915189400008],[86.42238339400006,26.751400769000043],[86.42315614400007,26.75343270600007],[86.42446770600003,26.75457089400004],[86.42414951900008,26.757284394000067],[86.42274945700007,26.75986258100005],[86.42331408100006,26.761361081000075],[86.42312614400004,26.767281894000064],[86.42370864400004,26.76929726900005],[86.42362864400008,26.77177020700003],[86.42497226900008,26.774499519000074],[86.42324489400005,26.77512214400008],[86.42632883200008,26.78178964400007],[86.42874739400008,26.786114206000036],[86.43052208100005,26.788077893000036],[86.43280639400007,26.78697683100006],[86.43582620600006,26.78396483100005],[86.43838820600007,26.782616519000044],[86.43855495600008,26.78648964300004],[86.43908883100005,26.78946158100007],[86.44760364400008,26.78571051800003],[86.44745414400006,26.789122081000073],[86.44520708100004,26.791103706000058],[86.44523489400007,26.79361326800006],[86.44840076900005,26.794471894000026],[86.45178908100007,26.797418769000046],[86.45392176900003,26.796605518000035],[86.45623383100008,26.79416589400006],[86.45981439400003,26.793055769000034],[86.46168245600006,26.79753114300007],[86.46337370700007,26.799399331000075],[86.46192933200007,26.802837582000052],[86.46363795600007,26.805434706000028],[86.46356558200006,26.806928393000078],[86.46732208200007,26.808540269000048],[86.47049701900005,26.811395644000072],[86.46986776900007,26.813652268000055],[86.47202364400005,26.81621258100006],[86.47211433100006,26.819029269000055],[86.47393508100004,26.822157081000057],[86.47253670600008,26.824503331000074],[86.47248351900004,26.82580520600004],[86.47489895700005,26.828684706000047],[86.47587526900008,26.83113908100006],[86.47777039400006,26.832870206000052],[86.47784214400008,26.834630769000057],[86.47616433100006,26.83795308200007],[86.47877620600008,26.84374433100004],[86.48182933100009,26.84708870700007],[86.48262458200008,26.848700644000075],[86.48307608100004,26.851705894000077],[86.48492626900008,26.85255214400007],[86.48736826900006,26.85481545700003],[86.48716814400007,26.857414394000045],[86.49061945600005,26.857176394000078],[86.49559533100006,26.859771394000063],[86.49672220700006,26.86034858200003],[86.49526364400003,26.863631394000038],[86.49308776900006,26.864733831000024],[86.49018101900003,26.867839894000042],[86.48832495700003,26.868733581000072],[86.48410508200004,26.869541957000024],[86.48194326900006,26.872688831000062],[86.48355858100007,26.873859206000077],[86.48201689400008,26.875512206000053],[86.47978926900004,26.882567394000034],[86.48251108100004,26.886357331000056],[86.48194045700006,26.888205706000065]]]}},{"type":"Feature","properties":{"STATE_CODE":2,"DISTRICT":"SIRAHA","GaPa_NaPa":"Golbazar","Type_GN":"Nagarpalika","Province":"2","provinceId":"2","provinceCode":"2","provinceName":"Madhesh","districtId":"202","districtName":"Siraha","municipalityId":"20203","municipalityCode":"20203","municipalityName":"Golbazar Urban Municipality","municipalityNameNe":"गोलबजार नगरपालिका","municipalityType":"municipality"},"geometry":{"type":"Polygon","coordinates":[[[86.34974664400005,26.738372081000023],[86.34939858200005,26.739304769000057],[86.34701326900006,26.740072393000048],[86.34631520600004,26.74214526800006],[86.34361076900007,26.742988081000078],[86.34272833100005,26.74667820600007],[86.34072601900004,26.74737295600005],[86.34069189400003,26.74881933100005],[86.34449876900004,26.751305769000055],[86.34550639400004,26.754009456000063],[86.34466695600008,26.75665714300004],[86.34228845700005,26.75988670600003],[86.34716945600007,26.76106470600007],[86.34784608100006,26.763324581000063],[86.34580720600007,26.766779144000054],[86.34566976900004,26.769599394000068],[86.34927770600007,26.773932956000067],[86.34998820600003,26.776867581000033],[86.35210939400008,26.77913626800006],[86.35342708100006,26.78127708200003],[86.35504789400005,26.786513143000036],[86.35409064400005,26.788918956000032],[86.35384058100004,26.792120019000038],[86.35906739400008,26.796519456000055],[86.36207820700008,26.800288081000076],[86.36476601900006,26.804337394000072],[86.37062951900003,26.799006207000048],[86.37340464300007,26.798025582000037],[86.37471251900007,26.794788519000065],[86.37683689400006,26.796388894000074],[86.38040826900004,26.795459019000077],[86.38349258100004,26.79545670600004],[86.38634289400005,26.798517769000057],[86.38470370700009,26.801649706000035],[86.38505351900005,26.803221893000057],[86.38693664400006,26.804726206000055],[86.38418926900005,26.805912582000076],[86.38241164400006,26.807511582000075],[86.38317664400006,26.809588894000058],[86.38624670600007,26.809259143000077],[86.38877326900007,26.81051351800005],[86.39160164400005,26.812604081000075],[86.39393926900004,26.81572151900008],[86.40197089400004,26.816141581000068],[86.40248626900006,26.816615394000053],[86.40134176900006,26.820336331000078],[86.40424145700007,26.823072394000064],[86.40642301900004,26.826807331000055],[86.40951914400006,26.829232644000058],[86.40849176800003,26.83130908100003],[86.40664658100008,26.832948644000055],[86.40611389400004,26.834395207000057],[86.40732251900005,26.836659144000066],[86.40703489300006,26.84067708200007],[86.40763208100003,26.84218701800006],[86.40580795700004,26.845167206000042],[86.40424895600006,26.846099456000047],[86.40497789400007,26.848629956000025],[86.40387089400008,26.852170519000026],[86.40657476900003,26.855284831000063],[86.40456158200004,26.857384081000077],[86.40345651900003,26.860597394000024],[86.40300245600008,26.865135894000048],[86.39947920700007,26.86711358200006],[86.39878576900009,26.86910326800006],[86.39882026900005,26.87377920700004],[86.40020620700005,26.87628320600004],[86.40097908200005,26.881427144000043],[86.39855226900005,26.883043893000035],[86.39623539400003,26.88386220600006],[86.39565345600005,26.885509269000067],[86.39551064400007,26.889403644000026],[86.39249820700007,26.891426206000062],[86.38841839400004,26.891647831000057],[86.38734195700005,26.890108644000065],[86.38500345600005,26.88959076900005],[86.38316008100009,26.888167769000063],[86.38323151900005,26.886541081000075],[86.37979539400004,26.885862581000026],[86.37781689400003,26.888110519000065],[86.37685664400004,26.88829583100005],[86.37651051900008,26.88373139400005],[86.37394576900004,26.88193958100004],[86.37186189400006,26.879836144000024],[86.37106876900003,26.87668233100004],[86.37160501900007,26.87453189300004],[86.36771333100006,26.87208864400003],[86.36462858200008,26.874548081000057],[86.36037245700004,26.874677831000042],[86.35746064400007,26.876557957000045],[86.35248064400008,26.877731206000078],[86.34866626900003,26.87710439400007],[86.34396751900005,26.879452144000027],[86.34245058200008,26.876962769000045],[86.34430801900004,26.872616081000047],[86.34257495700007,26.871998769000072],[86.34334470600004,26.870578394000063],[86.34264239400005,26.868216956000026],[86.34416383200005,26.86636683100005],[86.34308589400007,26.863599643000043],[86.34321358100004,26.862399706000076],[86.34193008200003,26.860432768000067],[86.33903583100005,26.858155832000023],[86.33773520600005,26.85595851900007],[86.33640939400004,26.855176019000055],[86.33517589400003,26.852807519000066],[86.33207414400005,26.85138701900007],[86.33050589400005,26.84981576900003],[86.32790676900004,26.848783456000035],[86.32394539400008,26.84656433200007],[86.32012945700006,26.84572464400003],[86.31534095700005,26.843359143000043],[86.31187370600009,26.842085332000067],[86.30751070600007,26.83857983200005],[86.30449476900003,26.83471295700008],[86.30298701900006,26.83337183100008],[86.29806158100007,26.831630206000057],[86.29003289400003,26.82660070600008],[86.28352364400007,26.819752831000073],[86.28127464400006,26.81866276900007],[86.27607558100004,26.815458956000043],[86.27396664400004,26.81258895600007],[86.27562120700009,26.80922151900006],[86.27542070700008,26.807494143000042],[86.27365958200005,26.80419045600007],[86.27395026800008,26.80227833200007],[86.27673814300005,26.801764519000074],[86.28071839400008,26.800983706000068],[86.28228383100009,26.80344239300007],[86.28745889400005,26.805650644000025],[86.28807101900009,26.808054768000034],[86.28964033100004,26.809172894000028],[86.29127470700007,26.81247583100003],[86.29849114400008,26.812220769000078],[86.30450351900004,26.812676831000033],[86.30889476900006,26.81337533100003],[86.31169033200007,26.815201081000055],[86.31396295700006,26.814277831000027],[86.31230314400005,26.813159518000077],[86.31183864400003,26.810683957000037],[86.31011470700008,26.806141956000033],[86.30674301800008,26.806712206000043],[86.30641276900008,26.805042956000023],[86.30434495600008,26.79955814400006],[86.30527020600005,26.79443333100005],[86.30359370700006,26.79193826900007],[86.30179608100008,26.791410393000035],[86.30087045600004,26.788736206000067],[86.30310089400007,26.788891644000046],[86.30619908100005,26.78709245600004],[86.30855739400005,26.785070769000072],[86.30783533100004,26.782860207000056],[86.30306439400005,26.778912519000073],[86.30280676900009,26.775812831000053],[86.30723689300004,26.773329706000027],[86.30515520600005,26.77105608100004],[86.30490433100005,26.769770831000073],[86.30237664400005,26.769611706000035],[86.29950558200005,26.76642464400004],[86.29913964400004,26.762347331000058],[86.30147758100009,26.753609706000077],[86.29837226800004,26.752669206000064],[86.29853058200007,26.74996876800003],[86.29674564400005,26.74739870600007],[86.29752095600008,26.74635314300008],[86.29680976900005,26.74284501900007],[86.30031033100005,26.741440581000063],[86.30722695700007,26.737608893000072],[86.30843058100004,26.740257331000066],[86.30842083200008,26.743222519000028],[86.30952070700005,26.74563801900007],[86.31045145700006,26.745933644000047],[86.31402883100003,26.74481133100005],[86.32005070600007,26.745409081000048],[86.31967751800005,26.74043589400003],[86.31848445600008,26.738821082000072],[86.31764551900005,26.735775081000043],[86.31607270700005,26.733946332000073],[86.31771608100007,26.728948956000067],[86.31838814400004,26.72551076900004],[86.31984926900003,26.721697206000044],[86.31927264300003,26.719780769000067],[86.32190633100004,26.715268769000033],[86.32387295600006,26.71390608100006],[86.32694851900004,26.714329144000033],[86.32902326900006,26.718992331000038],[86.32830864400006,26.722466394000037],[86.32703708100007,26.72436951900005],[86.32793989400005,26.727377457000046],[86.33178701800006,26.728878269000063],[86.33328239400004,26.730018143000052],[86.33515845700003,26.733226956000067],[86.33876126900003,26.73557495700004],[86.34174608100005,26.736157519000074],[86.34593026900006,26.737704644000075],[86.34974664400005,26.738372081000023]]]}},{"type":"Feature","properties":{"STATE_CODE":2,"DISTRICT":"SIRAHA","GaPa_NaPa":"Kalyanpur","Type_GN":"Nagarpalika","Province":"2","provinceId":"2","provinceCode":"2","provinceName":"Madhesh","districtId":"202","districtName":"Siraha","municipalityId":"20206","municipalityCode":"20206","municipalityName":"Kalyanpur Urban Municipality","municipalityNameNe":"कल्याणपुर नगरपालिका","municipalityType":"municipality"},"geometry":{"type":"Polygon","coordinates":[[[86.18437526900004,26.813042144000065],[86.17853508200005,26.81327689400007],[86.17438270600007,26.81371308100006],[86.16344383200004,26.811588581000024],[86.15795645700007,26.812722706000045],[86.15494639400004,26.812664144000053],[86.15394251800006,26.808305206000057],[86.15480408100007,26.804760706000025],[86.15473814400008,26.801235519000045],[86.15319333100007,26.79532070600004],[86.15210370600005,26.793610456000067],[86.14781133100007,26.789513769000052],[86.14693014400007,26.786590706000027],[86.14870414400008,26.78304270600006],[86.15035126900005,26.779516519000026],[86.15084551900009,26.773363394000057],[86.15002576900008,26.770980019000035],[86.15135589300007,26.76821014400008],[86.15675195600005,26.762905456000055],[86.15949495600006,26.75744489300007],[86.15930089400007,26.755076581000026],[86.16165395600007,26.75193120600005],[86.16559583100008,26.749641456000063],[86.17158514400006,26.749875144000043],[86.17389033100005,26.749681019000036],[86.17603120600006,26.748833707000074],[86.17734726800006,26.74736776900005],[86.17870976900008,26.743246019000026],[86.17872845600004,26.73972801800005],[86.17992889400006,26.736442581000063],[86.18200683200007,26.733545769000045],[86.18380476900006,26.72924139400004],[86.18411308100008,26.726494581000054],[86.18621514400007,26.721530769000026],[86.18903889400008,26.72005983200006],[86.19052751900006,26.71802383100004],[86.19139045600008,26.714720456000066],[86.19519264400003,26.71221014400004],[86.19488358100006,26.708006519000037],[86.19435714400004,26.706936144000053],[86.19622120600008,26.702697456000067],[86.19677226900006,26.700306269000066],[86.19628145600007,26.69939183100007],[86.19800939400005,26.698246143000063],[86.19910433200005,26.696523768000077],[86.20206170600005,26.695421081000063],[86.20607851900007,26.69728051900006],[86.21071833100007,26.695126456000025],[86.21235358200005,26.696597893000046],[86.21636520600003,26.696678706000057],[86.21955301900005,26.69617726900003],[86.22209439300008,26.696360456000036],[86.22748708100005,26.695952144000046],[86.23008458100009,26.69728639400006],[86.23149320700009,26.697142831000065],[86.23520101900004,26.703217519000077],[86.23765189400007,26.70645545600007],[86.23956333100006,26.70501239400005],[86.24166533100004,26.705046206000077],[86.24309264300007,26.707885893000025],[86.24106701900007,26.709592331000067],[86.23860708100005,26.711032518000025],[86.23398958200005,26.711714018000066],[86.23212458100005,26.710562081000035],[86.22692408100005,26.711984956000038],[86.22403283100005,26.712021019000076],[86.22063670600005,26.71348726900004],[86.21928033100005,26.713400831000058],[86.22033576900003,26.716678768000065],[86.22149989400003,26.71833926900007],[86.22468508200006,26.72098570600008],[86.22118308200004,26.721916581000073],[86.21862101900007,26.719616519000056],[86.21618364400007,26.718429644000025],[86.21328133100008,26.718718206000062],[86.21289114300004,26.719413331000055],[86.21629095700007,26.72458864400005],[86.21740926900009,26.727356894000025],[86.21921501900005,26.728409456000065],[86.22060270600008,26.730843019000076],[86.22180470600006,26.731072956000048],[86.22313795600007,26.734824081000056],[86.22450383100005,26.735210643000073],[86.22646526900007,26.734548894000056],[86.22717058200004,26.73548701900006],[86.22351064300005,26.736613393000027],[86.22468695600008,26.73902089300003],[86.22831076900007,26.739288894000026],[86.22974108200003,26.74378964300007],[86.22947689400007,26.74555739300007],[86.23106389400004,26.746258831000034],[86.23304939400003,26.749151269000038],[86.24263064400003,26.749821144000066],[86.24888851800006,26.749583581000024],[86.25024320600005,26.752763643000037],[86.25176733100005,26.759458144000064],[86.25068270600008,26.764040144000035],[86.25174914400003,26.766988456000036],[86.25375045700008,26.768745643000045],[86.25537720700004,26.77124333100005],[86.25710395600004,26.771845893000034],[86.26042626800006,26.77657514300006],[86.26140764400003,26.779561269000055],[86.25996183100006,26.780880644000035],[86.26089676900006,26.781871644000034],[86.25746939400005,26.782584831000065],[86.25518064400006,26.782530019000035],[86.25486820600008,26.786626457000068],[86.25384608100006,26.786860269000044],[86.25060464300003,26.789377331000026],[86.24895870600005,26.789880894000078],[86.24268339400004,26.79009345700007],[86.23669120600005,26.791070019000074],[86.23137489400006,26.791129268000077],[86.22993464300004,26.79272139400007],[86.22196101900005,26.79819751900004],[86.21784283100004,26.79681633200005],[86.21546520700008,26.794663894000053],[86.21448658100007,26.79161651800007],[86.21009458100008,26.794735582000044],[86.21220608100003,26.796855019000077],[86.21224964300006,26.798425894000047],[86.21429164400007,26.800574269000037],[86.20831039300003,26.80036039400005],[86.20673233200006,26.800947332000078],[86.20496570600005,26.802959394000027],[86.20138151900005,26.802458519000027],[86.20073564400008,26.798180831000025],[86.20073601900003,26.79561958100004],[86.19819520600004,26.792540706000068],[86.19629233100005,26.785119206000047],[86.19039176900003,26.777999831000045],[86.18777258100005,26.778075081000054],[86.18492189400007,26.779629331000024],[86.18075851900005,26.783430268000075],[86.17883839400008,26.789457894000066],[86.18385508100005,26.79317420700005],[86.18429983200008,26.794235081000068],[86.18391239400006,26.797157456000036],[86.18413420600007,26.79949883200004],[86.18389239300006,26.80570539400003],[86.18420914400008,26.80774264300004],[86.18331145700006,26.809434456000076],[86.18449895600008,26.811217268000064],[86.18437526900004,26.813042144000065]]]}},{"type":"Feature","properties":{"STATE_CODE":2,"DISTRICT":"SIRAHA","GaPa_NaPa":"Karjanha","Type_GN":"Nagarpalika","Province":"2","provinceId":"2","provinceCode":"2","provinceName":"Madhesh","districtId":"202","districtName":"Siraha","municipalityId":"20205","municipalityCode":"20205","municipalityName":"Karjanha Urban Municipality","municipalityNameNe":"कर्जन्हा नगरपालिका","municipalityType":"municipality"},"geometry":{"type":"Polygon","coordinates":[[[86.24939558100004,26.863598144000036],[86.24461295600008,26.86514783100006],[86.24315408200005,26.866295394000076],[86.23657533100004,26.873643644000026],[86.23469445600006,26.87497389400005],[86.22979689400006,26.880338331000075],[86.22524108100004,26.881838894000055],[86.22129364400007,26.88149445600004],[86.21722826900003,26.883247957000037],[86.21013901900005,26.88698376900004],[86.20555714400007,26.88831433100006],[86.20215139400005,26.89005976900006],[86.20072095700004,26.891972081000063],[86.19775883100004,26.892611893000037],[86.19690433100004,26.893728519000035],[86.19295295600006,26.894428206000043],[86.18976195600004,26.894195581000076],[86.18865183100007,26.898840019000033],[86.18707683100007,26.900198456000055],[86.18489914400004,26.900226519000057],[86.18343851900005,26.899252268000055],[86.18147826900008,26.89930183100006],[86.17981408100007,26.900765707000062],[86.17628676900006,26.907835394000074],[86.17491820700008,26.908116207000035],[86.17152764400004,26.910176956000043],[86.17085933200008,26.913271269000063],[86.16525214300003,26.914120581000077],[86.16311326900006,26.91404926900003],[86.16198183100005,26.915398768000045],[86.15924620700008,26.917088456000045],[86.15826776900008,26.91863058100006],[86.16011570600006,26.921807582000042],[86.15874614400008,26.923631769000053],[86.15861333100008,26.92617864400006],[86.15983258100005,26.929645206000032],[86.16117383100004,26.93364733100003],[86.15946008200007,26.93497751900003],[86.15722389400008,26.934815206000053],[86.15458251900003,26.933831394000038],[86.15205139300008,26.931884582000066],[86.15022439400008,26.92929433100005],[86.14588445700008,26.92680845600006],[86.14299970600007,26.923509956000032],[86.14189114300007,26.92083145600003],[86.13975033100007,26.919969957000035],[86.13830158200005,26.91743826900006],[86.13609920600004,26.91669595600007],[86.13485045600004,26.91464839400004],[86.13420039400006,26.909156456000062],[86.13431170600006,26.904876393000052],[86.13524539400004,26.901431831000025],[86.13654120600006,26.898551394000037],[86.13564151800006,26.896223831000043],[86.13351426800006,26.892981706000057],[86.13340251900007,26.891137394000054],[86.13415639400006,26.88922845600007],[86.13733401900004,26.88696195600005],[86.13676901900004,26.885636143000056],[86.13712408100008,26.88278151800006],[86.13968720700007,26.877065456000025],[86.14292514400006,26.872863081000048],[86.14397633100003,26.86969670600007],[86.14239883100004,26.866202956000052],[86.14217876800006,26.863728394000077],[86.14499283100008,26.86092470600005],[86.14672651900008,26.85584433100007],[86.15184851800007,26.852970957000025],[86.15562558200008,26.851231144000053],[86.15602833200006,26.846792581000045],[86.15745176800004,26.844736269000066],[86.15685989400004,26.841815019000023],[86.15540851900005,26.83920451800003],[86.15300251800005,26.837188518000062],[86.15202751900006,26.835151706000033],[86.15169889400005,26.83067945600004],[86.15210589400004,26.829190268000048],[86.15626733100004,26.823074957000074],[86.15716333200004,26.821216332000063],[86.15726664400006,26.818980706000048],[86.15609733200006,26.814704206000044],[86.15494639400004,26.812664144000053],[86.15795645700007,26.812722706000045],[86.16344383200004,26.811588581000024],[86.17438270600007,26.81371308100006],[86.17853508200005,26.81327689400007],[86.18437526900004,26.813042144000065],[86.18625589400006,26.815158394000036],[86.18730820700006,26.81863283100006],[86.19453739400006,26.822609706000037],[86.19568158100003,26.828120081000066],[86.19553301900004,26.833927706000054],[86.19469089400008,26.83993226900003],[86.19739751900005,26.840195894000033],[86.19698076900005,26.84167839400004],[86.19952564300007,26.846968769000057],[86.20280814400007,26.850471457000026],[86.20727445600005,26.846955956000045],[86.21201214400008,26.844046581000043],[86.21078383100007,26.840686394000045],[86.21367464400004,26.841101957000035],[86.21472176800006,26.839923019000025],[86.21679051900009,26.839564394000035],[86.22054958200005,26.84130695600004],[86.22375220600009,26.844980331000045],[86.22731483100006,26.845266081000034],[86.23390795600005,26.842350331000034],[86.23716051900004,26.84136151900003],[86.24019526900008,26.83978008100007],[86.24439764400006,26.836668143000054],[86.24449701900005,26.83879664400007],[86.24709951900007,26.84102426900006],[86.24781033100004,26.84252645600003],[86.24737239400008,26.844473894000032],[86.24629745600004,26.84551970600006],[86.24738658100006,26.847452644000043],[86.24718845600006,26.85086364400007],[86.24784258200003,26.852728831000036],[86.24702051900005,26.855768581000063],[86.24865345600006,26.85971733200006],[86.24939558100004,26.863598144000036]]]}},{"type":"Feature","properties":{"STATE_CODE":2,"DISTRICT":"SIRAHA","GaPa_NaPa":"Lahan","Type_GN":"Nagarpalika","Province":"2","provinceId":"2","provinceCode":"2","provinceName":"Madhesh","districtId":"202","districtName":"Siraha","municipalityId":"20201","municipalityCode":"20201","municipalityName":"Lahan Urban Municipality","municipalityNameNe":"लहान नगरपालिका","municipalityType":"municipality"},"geometry":{"type":"Polygon","coordinates":[[[86.53366558100004,26.788470768000025],[86.53399570700003,26.79191558200006],[86.53809351900009,26.79554876900005],[86.53838170600005,26.796962393000058],[86.53679339400009,26.797780956000054],[86.53907139400008,26.800455769000052],[86.54300195600007,26.79792070600007],[86.54331758200004,26.79925770600005],[86.54825083200006,26.80305351800007],[86.54720764400008,26.805945518000044],[86.54936776900007,26.80721389400003],[86.55081970700007,26.81069158100007],[86.55267658200006,26.81306245600007],[86.55567408200005,26.81426576900003],[86.55551858100006,26.81697783100003],[86.55400983200008,26.820001581000042],[86.55472120600007,26.82214089300004],[86.55397795700009,26.82405451900007],[86.55661176900009,26.827973644000053],[86.55702714400007,26.83031289400003],[86.55380214400003,26.83175833100006],[86.55483058100003,26.833670769000037],[86.55441320700004,26.83488126800006],[86.55236183200003,26.83587676800005],[86.54908589500008,26.83641020700003],[86.54417483200007,26.835961268000062],[86.54205789400004,26.835096832000033],[86.53977983100003,26.831553206000024],[86.53695551900006,26.831002393000063],[86.53042920600006,26.83129683100003],[86.52817101900007,26.83208364400008],[86.52497739500006,26.831271831000038],[86.52191370700007,26.831500706000043],[86.52319833200005,26.834177019000037],[86.52212170600006,26.837019019000024],[86.52241820600005,26.838146144000063],[86.52092751900005,26.841835332000073],[86.51969508100007,26.843178394000063],[86.51793320600007,26.843219832000045],[86.51721520700005,26.841373581000028],[86.51516114400005,26.840017081000042],[86.51336008200008,26.842766332000053],[86.51446195600005,26.844771769000033],[86.51367695600004,26.84639614400004],[86.51166808200009,26.84601689400006],[86.50868539400005,26.846613582000032],[86.50782326900008,26.84787883100006],[86.50827770700005,26.850060394000025],[86.50768101900007,26.854364082000075],[86.50695914400006,26.855905144000076],[86.50282801900005,26.857276269000067],[86.49909883200007,26.856324332000042],[86.49559533100006,26.859771394000063],[86.49061945600005,26.857176394000078],[86.48716814400007,26.857414394000045],[86.48736826900006,26.85481545700003],[86.48492626900008,26.85255214400007],[86.48307608100004,26.851705894000077],[86.48262458200008,26.848700644000075],[86.48182933100009,26.84708870700007],[86.47877620600008,26.84374433100004],[86.47616433100006,26.83795308200007],[86.47784214400008,26.834630769000057],[86.47777039400006,26.832870206000052],[86.47587526900008,26.83113908100006],[86.47489895700005,26.828684706000047],[86.47248351900004,26.82580520600004],[86.47253670600008,26.824503331000074],[86.47393508100004,26.822157081000057],[86.47211433100006,26.819029269000055],[86.47202364400005,26.81621258100006],[86.46986776900007,26.813652268000055],[86.47049701900005,26.811395644000072],[86.46732208200007,26.808540269000048],[86.46356558200006,26.806928393000078],[86.46363795600007,26.805434706000028],[86.46192933200007,26.802837582000052],[86.46337370700007,26.799399331000075],[86.46168245600006,26.79753114300007],[86.45981439400003,26.793055769000034],[86.45623383100008,26.79416589400006],[86.45392176900003,26.796605518000035],[86.45178908100007,26.797418769000046],[86.44840076900005,26.794471894000026],[86.44523489400007,26.79361326800006],[86.44520708100004,26.791103706000058],[86.44745414400006,26.789122081000073],[86.44760364400008,26.78571051800003],[86.43908883100005,26.78946158100007],[86.43855495600008,26.78648964300004],[86.43838820600007,26.782616519000044],[86.43582620600006,26.78396483100005],[86.43280639400007,26.78697683100006],[86.43052208100005,26.788077893000036],[86.42874739400008,26.786114206000036],[86.42632883200008,26.78178964400007],[86.42324489400005,26.77512214400008],[86.42497226900008,26.774499519000074],[86.42362864400008,26.77177020700003],[86.42370864400004,26.76929726900005],[86.42312614400004,26.767281894000064],[86.42331408100006,26.761361081000075],[86.42274945700007,26.75986258100005],[86.42414951900008,26.757284394000067],[86.42446770600003,26.75457089400004],[86.42315614400007,26.75343270600007],[86.42238339400006,26.751400769000043],[86.42374776900004,26.74915189400008],[86.42099226900007,26.746877144000052],[86.42131245600007,26.74538908100004],[86.42582620700006,26.742478206000044],[86.43213095700008,26.739380331000064],[86.43688395700008,26.737544269000068],[86.43662839400008,26.736105706000046],[86.43406070700007,26.73119170600006],[86.43277464400006,26.727424644000052],[86.43333533200007,26.72547933100003],[86.43179395600004,26.72316451900008],[86.42763826900006,26.720624832000055],[86.42803883200008,26.717911644000026],[86.42695783100004,26.714605706000043],[86.42384914400003,26.710318894000068],[86.42539451900006,26.71083520600007],[86.42815114400008,26.707000894000032],[86.43128245600008,26.70667720600005],[86.43240795700007,26.70260833100008],[86.43143033100006,26.698341519000053],[86.43198483100008,26.696852018000072],[86.43172733100005,26.694185831000027],[86.43239495700004,26.693637831000046],[86.43211395700007,26.691143081000064],[86.43309695700003,26.68942964400003],[86.43209376900006,26.68407039400006],[86.43228551900006,26.682635894000043],[86.43438564400003,26.68011676800006],[86.43788376900005,26.68079414400006],[86.44037633200008,26.680445144000032],[86.44556508100004,26.68323458100008],[86.44858614400005,26.68453708100003],[86.45215077000006,26.687897706000058],[86.45632314400007,26.686133019000067],[86.45916151900008,26.683930081000028],[86.45593558100006,26.680708706000075],[86.45773145700008,26.678607769000052],[86.45810051900008,26.67665945600004],[86.45647551900004,26.674396456000068],[86.45637276900004,26.67129301800003],[86.45557776900006,26.670421143000056],[86.45598976900004,26.66565876900006],[86.45440595600007,26.666327456000033],[86.45366264400008,26.664957018000052],[86.45612433200006,26.66389901900004],[86.45699345600008,26.662762706000024],[86.45965651900008,26.662321519000045],[86.47058189400008,26.656113706000042],[86.47337220700007,26.654178768000065],[86.47451676900005,26.654271019000078],[86.47583633100004,26.656681581000043],[86.47909589400007,26.657241956000064],[86.48169489400004,26.659266769000055],[86.48370814400005,26.65946589300006],[86.48843120700008,26.658763081000075],[86.49065876900005,26.65622995600006],[86.49264476900004,26.655627769000034],[86.49837289400006,26.65479720600007],[86.50190858200006,26.655633456000032],[86.50083939400008,26.657245518000025],[86.50137427000004,26.661397519000047],[86.50118114400004,26.66369420600006],[86.50480701900005,26.66590045600003],[86.50647445700008,26.66856920600003],[86.50590695700004,26.670568956000068],[86.50743489400008,26.673923268000067],[86.50744289400006,26.675721956000075],[86.50882401900003,26.678922269000054],[86.51135358200008,26.682004644000074],[86.51130801900007,26.685470831000032],[86.50928452000005,26.690266206000047],[86.50938301900004,26.69176051900007],[86.51202789500007,26.695477519000065],[86.51248851900004,26.698011019000035],[86.51189833100005,26.70001301800005],[86.50841201900005,26.704690519000053],[86.50804739400007,26.708187144000078],[86.50909908100004,26.710966581000037],[86.50915226900008,26.713789956000028],[86.50632545600007,26.717372831000034],[86.50494433100005,26.723073019000026],[86.50829751900005,26.726519456000062],[86.50788089400004,26.728357207000045],[86.50885851900006,26.73055864400004],[86.51139201900008,26.73357333100006],[86.51314126900007,26.73653564400007],[86.51454714400006,26.73762370700007],[86.51675151900008,26.73804870600003],[86.52382620600008,26.740974831000074],[86.52596958200007,26.742507518000025],[86.52934689400007,26.74275576900004],[86.53091477000004,26.74435870700006],[86.53051976900008,26.750263206000056],[86.52754420600007,26.752654518000043],[86.52627095700007,26.75514845600003],[86.52327276900007,26.758629519000067],[86.52268845700007,26.76115283100006],[86.52514351900004,26.763149206000037],[86.52579314500008,26.76466114300007],[86.52580133100008,26.767299269000034],[86.52714876900006,26.771284644000048],[86.52577920700008,26.77323889400003],[86.52661564400006,26.77577820700003],[86.52552395600009,26.777476143000058],[86.52562689400008,26.779478207000068],[86.52781651900005,26.782999206000056],[86.52750951900003,26.784742581000046],[86.53189083200004,26.78602314400007],[86.53366558100004,26.788470768000025]]]}},{"type":"Feature","properties":{"STATE_CODE":2,"DISTRICT":"SIRAHA","GaPa_NaPa":"Laxmipur Patari","Type_GN":"Gaunpalika","Province":"2","provinceId":"2","provinceCode":"2","provinceName":"Madhesh","districtId":"202","districtName":"Siraha","municipalityId":"20211","municipalityCode":"20211","municipalityName":"Laxmipur Patari Rural Municipality","municipalityNameNe":"लक्ष्मीपुर पतारी गाउँपालिका","municipalityType":"rural_municipality"},"geometry":{"type":"Polygon","coordinates":[[[86.42384914400003,26.710318894000068],[86.42035539400007,26.70918308100005],[86.41567351900005,26.70931739400004],[86.41421395600008,26.710238831000026],[86.41174714400006,26.71036414400004],[86.41014545600007,26.712203394000028],[86.41041508100005,26.713948956000024],[86.40569345600005,26.715540519000058],[86.40584883100007,26.71379901800003],[86.40860589300007,26.710154644000056],[86.40936976900008,26.707537831000025],[86.40751833200005,26.704948332000072],[86.40807451900008,26.703325894000045],[86.40705020700005,26.702240644000028],[86.40184726900009,26.699321206000036],[86.40087151900008,26.696473644000037],[86.39944851900003,26.695077518000062],[86.39436551900008,26.691298456000027],[86.38911039400006,26.687762331000044],[86.38694664400003,26.684877956000037],[86.38638901900003,26.682512769000027],[86.38702383100008,26.68131264400006],[86.38658851900004,26.679275206000057],[86.38472089400005,26.67783414300004],[86.38306608100004,26.67501283100006],[86.38274408100006,26.67253583100006],[86.38431389400006,26.671290206000037],[86.38262389400006,26.66802864300007],[86.38271983100003,26.66345020600005],[86.38092908100003,26.661318831000074],[86.38171058200004,26.658916581000028],[86.37921583200006,26.656590331000075],[86.37869645600006,26.654403581000054],[86.37518170700008,26.654803393000066],[86.37382808200005,26.652646769000057],[86.37457951800008,26.65037526900005],[86.37824289400004,26.64928776800008],[86.38301251800004,26.65024289300004],[86.38649801900004,26.651756456000044],[86.38777589400007,26.65161758100004],[86.38715233100004,26.64927464400006],[86.39130326900005,26.64756383100007],[86.39320314400004,26.64846558200003],[86.39667508100007,26.64523295600003],[86.39744170700004,26.64237014400004],[86.39589920700007,26.634697519000042],[86.39184089400004,26.630342768000048],[86.39345264400004,26.627797331000068],[86.39091614400007,26.625432706000026],[86.39157814400005,26.624535081000033],[86.39642145700003,26.62347476900004],[86.39819058200004,26.622491581000077],[86.40306383100005,26.62464695600005],[86.40636789400008,26.624859393000065],[86.41051495600004,26.623488706000046],[86.41296176900005,26.624613706000048],[86.41845708200003,26.628587706000076],[86.41935851900007,26.629347456000062],[86.41896120700005,26.63416851900007],[86.41711745700007,26.635140394000075],[86.41810170700006,26.637356019000038],[86.42047339400006,26.640491206000036],[86.41929933100005,26.64210458100007],[86.41922433100007,26.644094706000033],[86.42073695600004,26.646490706000066],[86.42620014400006,26.64905620600007],[86.44003133100006,26.654699019000077],[86.44447589400005,26.655908019000037],[86.44771964400007,26.657753144000026],[86.45000270600008,26.659869769000068],[86.45170289400005,26.66255508100005],[86.45360926900008,26.66166201900006],[86.45699345600008,26.662762706000024],[86.45612433200006,26.66389901900004],[86.45366264400008,26.664957018000052],[86.45440595600007,26.666327456000033],[86.45598976900004,26.66565876900006],[86.45557776900006,26.670421143000056],[86.45637276900004,26.67129301800003],[86.45647551900004,26.674396456000068],[86.45810051900008,26.67665945600004],[86.45773145700008,26.678607769000052],[86.45593558100006,26.680708706000075],[86.45916151900008,26.683930081000028],[86.45632314400007,26.686133019000067],[86.45215077000006,26.687897706000058],[86.44858614400005,26.68453708100003],[86.44556508100004,26.68323458100008],[86.44037633200008,26.680445144000032],[86.43788376900005,26.68079414400006],[86.43438564400003,26.68011676800006],[86.43228551900006,26.682635894000043],[86.43209376900006,26.68407039400006],[86.43309695700003,26.68942964400003],[86.43211395700007,26.691143081000064],[86.43239495700004,26.693637831000046],[86.43172733100005,26.694185831000027],[86.43198483100008,26.696852018000072],[86.43143033100006,26.698341519000053],[86.43240795700007,26.70260833100008],[86.43128245600008,26.70667720600005],[86.42815114400008,26.707000894000032],[86.42539451900006,26.71083520600007],[86.42384914400003,26.710318894000068]]]}},{"type":"Feature","properties":{"STATE_CODE":2,"DISTRICT":"SIRAHA","GaPa_NaPa":"Mirchaiya","Type_GN":"Nagarpalika","Province":"2","provinceId":"2","provinceCode":"2","provinceName":"Madhesh","districtId":"202","districtName":"Siraha","municipalityId":"20204","municipalityCode":"20204","municipalityName":"Mirchaiya Urban Municipality","municipalityNameNe":"मिर्चेया नगरपालिका","municipalityType":"municipality"},"geometry":{"type":"Polygon","coordinates":[[[86.34396751900005,26.879452144000027],[86.34169614400008,26.879863581000052],[86.33676745600008,26.879474956000024],[86.33372451900004,26.878781394000043],[86.32938664300008,26.878605144000062],[86.32811933100004,26.878953457000023],[86.32481601900008,26.87838258200003],[86.32250758100008,26.878664894000053],[86.31962658100008,26.88021264400004],[86.31630595700005,26.878838081000026],[86.31276401900004,26.882415769000033],[86.30956026900003,26.881389144000025],[86.30402201900006,26.88412633100006],[86.30184108100008,26.88441120600004],[86.30095451900007,26.885496768000053],[86.29654851900005,26.884761894000064],[86.29290670600005,26.886097644000074],[86.28878739400005,26.886212331000024],[86.28401314400008,26.884069331000035],[86.28076351900006,26.88426489400007],[86.27722014400007,26.882998893000035],[86.27357651900007,26.882188143000064],[86.27232908200006,26.88117751900006],[86.27056114400006,26.87779701900007],[86.26654851900008,26.876537394000025],[86.26504664400005,26.875001831000077],[86.25917158100003,26.872254206000036],[86.25887476900004,26.87108145600007],[86.25657070600005,26.869248269000025],[86.25235764300004,26.86721764400005],[86.25170989400004,26.865503706000027],[86.24939558100004,26.863598144000036],[86.24865345600006,26.85971733200006],[86.24702051900005,26.855768581000063],[86.24784258200003,26.852728831000036],[86.24718845600006,26.85086364400007],[86.24738658100006,26.847452644000043],[86.24629745600004,26.84551970600006],[86.24737239400008,26.844473894000032],[86.24781033100004,26.84252645600003],[86.24709951900007,26.84102426900006],[86.24449701900005,26.83879664400007],[86.24439764400006,26.836668143000054],[86.24019526900008,26.83978008100007],[86.23716051900004,26.84136151900003],[86.23390795600005,26.842350331000034],[86.22731483100006,26.845266081000034],[86.22375220600009,26.844980331000045],[86.22054958200005,26.84130695600004],[86.21679051900009,26.839564394000035],[86.21472176800006,26.839923019000025],[86.21367464400004,26.841101957000035],[86.21078383100007,26.840686394000045],[86.21201214400008,26.844046581000043],[86.20727445600005,26.846955956000045],[86.20280814400007,26.850471457000026],[86.19952564300007,26.846968769000057],[86.19698076900005,26.84167839400004],[86.19739751900005,26.840195894000033],[86.19469089400008,26.83993226900003],[86.19553301900004,26.833927706000054],[86.19568158100003,26.828120081000066],[86.19453739400006,26.822609706000037],[86.18730820700006,26.81863283100006],[86.18625589400006,26.815158394000036],[86.18437526900004,26.813042144000065],[86.18449895600008,26.811217268000064],[86.18331145700006,26.809434456000076],[86.18420914400008,26.80774264300004],[86.18389239300006,26.80570539400003],[86.18413420600007,26.79949883200004],[86.18391239400006,26.797157456000036],[86.18429983200008,26.794235081000068],[86.18385508100005,26.79317420700005],[86.17883839400008,26.789457894000066],[86.18075851900005,26.783430268000075],[86.18492189400007,26.779629331000024],[86.18777258100005,26.778075081000054],[86.19039176900003,26.777999831000045],[86.19629233100005,26.785119206000047],[86.19819520600004,26.792540706000068],[86.20073601900003,26.79561958100004],[86.20073564400008,26.798180831000025],[86.20138151900005,26.802458519000027],[86.20496570600005,26.802959394000027],[86.20673233200006,26.800947332000078],[86.20831039300003,26.80036039400005],[86.21429164400007,26.800574269000037],[86.21224964300006,26.798425894000047],[86.21220608100003,26.796855019000077],[86.21009458100008,26.794735582000044],[86.21448658100007,26.79161651800007],[86.21546520700008,26.794663894000053],[86.21784283100004,26.79681633200005],[86.22196101900005,26.79819751900004],[86.22993464300004,26.79272139400007],[86.23137489400006,26.791129268000077],[86.23669120600005,26.791070019000074],[86.24268339400004,26.79009345700007],[86.24895870600005,26.789880894000078],[86.25060464300003,26.789377331000026],[86.25384608100006,26.786860269000044],[86.25486820600008,26.786626457000068],[86.25518064400006,26.782530019000035],[86.25746939400005,26.782584831000065],[86.26089676900006,26.781871644000034],[86.26143876900005,26.783451894000052],[86.26322683200004,26.78530033100003],[86.26450158200004,26.785167081000054],[86.26696626900008,26.787104769000052],[86.26691408200008,26.78871345600004],[86.27113239400006,26.79322595600007],[86.27673814300005,26.801764519000074],[86.27395026800008,26.80227833200007],[86.27365958200005,26.80419045600007],[86.27542070700008,26.807494143000042],[86.27562120700009,26.80922151900006],[86.27396664400004,26.81258895600007],[86.27607558100004,26.815458956000043],[86.28127464400006,26.81866276900007],[86.28352364400007,26.819752831000073],[86.29003289400003,26.82660070600008],[86.29806158100007,26.831630206000057],[86.30298701900006,26.83337183100008],[86.30449476900003,26.83471295700008],[86.30751070600007,26.83857983200005],[86.31187370600009,26.842085332000067],[86.31534095700005,26.843359143000043],[86.32012945700006,26.84572464400003],[86.32394539400008,26.84656433200007],[86.32790676900004,26.848783456000035],[86.33050589400005,26.84981576900003],[86.33207414400005,26.85138701900007],[86.33517589400003,26.852807519000066],[86.33640939400004,26.855176019000055],[86.33773520600005,26.85595851900007],[86.33903583100005,26.858155832000023],[86.34193008200003,26.860432768000067],[86.34321358100004,26.862399706000076],[86.34308589400007,26.863599643000043],[86.34416383200005,26.86636683100005],[86.34264239400005,26.868216956000026],[86.34334470600004,26.870578394000063],[86.34257495700007,26.871998769000072],[86.34430801900004,26.872616081000047],[86.34245058200008,26.876962769000045],[86.34396751900005,26.879452144000027]]]}},{"type":"Feature","properties":{"STATE_CODE":2,"DISTRICT":"SIRAHA","GaPa_NaPa":"Naraha","Type_GN":"Gaunpalika","Province":"2","provinceId":"2","provinceCode":"2","provinceName":"Madhesh","districtId":"202","districtName":"Siraha","municipalityId":"20207","municipalityCode":"20207","municipalityName":"Naraha Rural Municipality","municipalityNameNe":"नरहा गाउँपालिका","municipalityType":"rural_municipality"},"geometry":{"type":"Polygon","coordinates":[[[86.29680976900005,26.74284501900007],[86.29752095600008,26.74635314300008],[86.29674564400005,26.74739870600007],[86.29853058200007,26.74996876800003],[86.29837226800004,26.752669206000064],[86.30147758100009,26.753609706000077],[86.29913964400004,26.762347331000058],[86.29950558200005,26.76642464400004],[86.30237664400005,26.769611706000035],[86.30490433100005,26.769770831000073],[86.30515520600005,26.77105608100004],[86.30723689300004,26.773329706000027],[86.30280676900009,26.775812831000053],[86.30306439400005,26.778912519000073],[86.30783533100004,26.782860207000056],[86.30855739400005,26.785070769000072],[86.30619908100005,26.78709245600004],[86.30310089400007,26.788891644000046],[86.30087045600004,26.788736206000067],[86.30179608100008,26.791410393000035],[86.30359370700006,26.79193826900007],[86.30527020600005,26.79443333100005],[86.30434495600008,26.79955814400006],[86.30641276900008,26.805042956000023],[86.30674301800008,26.806712206000043],[86.31011470700008,26.806141956000033],[86.31183864400003,26.810683957000037],[86.31230314400005,26.813159518000077],[86.31396295700006,26.814277831000027],[86.31169033200007,26.815201081000055],[86.30889476900006,26.81337533100003],[86.30450351900004,26.812676831000033],[86.29849114400008,26.812220769000078],[86.29127470700007,26.81247583100003],[86.28964033100004,26.809172894000028],[86.28807101900009,26.808054768000034],[86.28745889400005,26.805650644000025],[86.28228383100009,26.80344239300007],[86.28071839400008,26.800983706000068],[86.27673814300005,26.801764519000074],[86.27113239400006,26.79322595600007],[86.26691408200008,26.78871345600004],[86.26696626900008,26.787104769000052],[86.26450158200004,26.785167081000054],[86.26322683200004,26.78530033100003],[86.26143876900005,26.783451894000052],[86.26089676900006,26.781871644000034],[86.25996183100006,26.780880644000035],[86.26140764400003,26.779561269000055],[86.26042626800006,26.77657514300006],[86.25710395600004,26.771845893000034],[86.25537720700004,26.77124333100005],[86.25375045700008,26.768745643000045],[86.25174914400003,26.766988456000036],[86.25068270600008,26.764040144000035],[86.25176733100005,26.759458144000064],[86.25024320600005,26.752763643000037],[86.24888851800006,26.749583581000024],[86.25132570600005,26.74916783200007],[86.25291689400007,26.74733920600005],[86.25553526900006,26.746842956000023],[86.26818983200008,26.747682893000047],[86.27196414400004,26.74635058100006],[86.27238595600005,26.74453389400003],[86.27622208100007,26.745481019000067],[86.27827251900004,26.746531769000057],[86.28234533200003,26.745067581000058],[86.28917789300004,26.743763769000054],[86.29043520600004,26.745552832000044],[86.29295489400005,26.744215956000062],[86.29680976900005,26.74284501900007]]]}},{"type":"Feature","properties":{"STATE_CODE":2,"DISTRICT":"SIRAHA","GaPa_NaPa":"Nawarajpur","Type_GN":"Gaunpalika","Province":"2","provinceId":"2","provinceCode":"2","provinceName":"Madhesh","districtId":"202","districtName":"Siraha","municipalityId":"20214","municipalityCode":"20214","municipalityName":"Nawarajpur Rural Municipality","municipalityNameNe":"नवराजपुर गाउँपालिका","municipalityType":"rural_municipality"},"geometry":{"type":"Polygon","coordinates":[[[86.48835283200003,26.620912644000043],[86.48804089400005,26.622590581000054],[86.48591976900008,26.625038206000056],[86.48579801900007,26.62593370600007],[86.48230164400007,26.626719894000075],[86.47919551900009,26.628297331000056],[86.47723295600008,26.62756126900007],[86.47503664400006,26.63182514300007],[86.47112858200006,26.63184226900006],[86.46943133200006,26.63422358100007],[86.46935458100006,26.63622951800005],[86.47074895700007,26.637931768000044],[86.47224520600008,26.63858501900006],[86.47223851900009,26.64160908100007],[86.46824527000007,26.641842394000037],[86.46500745700007,26.642584019000026],[86.46370370600005,26.644461206000074],[86.46155833200004,26.644584019000035],[86.45883070700006,26.64395533100003],[86.45750651900005,26.64177476900005],[86.45760976900004,26.640664831000038],[86.46005895600007,26.638918456000056],[86.46006539500007,26.634612581000056],[86.45652551900008,26.631559269000036],[86.45514064400004,26.627846143000056],[86.45254270600003,26.625511706000054],[86.45094389400003,26.623129206000044],[86.44772226900005,26.620523769000044],[86.44524926900004,26.619491769000035],[86.44295058200004,26.62012376900003],[86.43957851900007,26.61985095600005],[86.43755251900006,26.622934706000024],[86.43563008100006,26.624145768000062],[86.43327001900008,26.624531269000045],[86.42996076900005,26.624353331000066],[86.42785370600006,26.624911331000078],[86.42838151900008,26.62620201900006],[86.42790076900008,26.62826276900006],[86.42962976900003,26.62912951900006],[86.43015920600004,26.630533081000067],[86.42602433100006,26.631164081000065],[86.42291620600008,26.63014276900003],[86.42159489300008,26.62905195600007],[86.41935851900007,26.629347456000062],[86.41845708200003,26.628587706000076],[86.41735376900004,26.625870706000057],[86.41711170700006,26.622976581000046],[86.41586920700007,26.622145456000055],[86.41345033200008,26.622435706000033],[86.41225345700008,26.621338518000073],[86.40971458100006,26.62091951900004],[86.40839401900007,26.617409331000033],[86.40902151900008,26.616170706000048],[86.40730264400008,26.614324331000034],[86.40603208200008,26.61421970600003],[86.40324851900004,26.617013206000024],[86.40054408100008,26.616212019000045],[86.40120658100005,26.611586144000057],[86.39912195600004,26.60824420600005],[86.39783564400005,26.607624956000052],[86.39824558200007,26.60485314300007],[86.39704201900008,26.60444414400007],[86.39691726900008,26.602087519000065],[86.39519626900005,26.60017558100003],[86.39354933200008,26.599414769000077],[86.39612139400003,26.594318706000024],[86.39721545600008,26.595248643000048],[86.39943895600004,26.59273501900003],[86.39903101900006,26.588346143000024],[86.39809433200008,26.587701268000046],[86.39734414400004,26.584814019000078],[86.40148770700006,26.58331045600005],[86.42953358200003,26.573669581000047],[86.43261020700004,26.572682144000055],[86.43449820600006,26.576025143000038],[86.43506983200007,26.577945644000067],[86.43424701900005,26.57944989300006],[86.43676195700004,26.58017976900004],[86.43654370600007,26.582589144000053],[86.43890508200008,26.583873518000075],[86.43832345600003,26.587134456000058],[86.43712139400003,26.588671144000045],[86.43973445700004,26.590432643000042],[86.43949933100004,26.592893831000026],[86.44241826900009,26.59599695600008],[86.44679551900003,26.59735239300005],[86.45016401900006,26.59541333100003],[86.45249020700004,26.59613995600006],[86.45196483100005,26.59793201900004],[86.45343608200005,26.599357206000036],[86.45371201900008,26.60165339300005],[86.45572676900008,26.60163176900005],[86.45558295700005,26.603445644000033],[86.45735745700006,26.604206144000045],[86.45855045700006,26.60824801900003],[86.45966276900003,26.60949795600004],[86.45914014400006,26.61098320600007],[86.46097014400004,26.612585643000045],[86.46206333100008,26.611294456000053],[86.46574889400006,26.611669394000046],[86.47006070600008,26.610807643000044],[86.47371833200003,26.60961608100007],[86.47557039400004,26.611101081000072],[86.47899489400004,26.612237581000045],[86.47970764400003,26.615510206000067],[86.47974520700006,26.61843508100003],[86.48036445600007,26.62031270600005],[86.48598195700004,26.62047301900003],[86.48835283200003,26.620912644000043]]]}},{"type":"Feature","properties":{"STATE_CODE":2,"DISTRICT":"SIRAHA","GaPa_NaPa":"Sakhuwanankarkatti","Type_GN":"Gaunpalika","Province":"2","provinceId":"2","provinceCode":"2","provinceName":"Madhesh","districtId":"202","districtName":"Siraha","municipalityId":"20212","municipalityCode":"20212","municipalityName":"Sakhuwa Nankarkatti Rural Municipality","municipalityNameNe":"सखुवानान्कारकट्टी गाउँपालिका","municipalityType":"rural_municipality"},"geometry":{"type":"Polygon","coordinates":[[[86.50190858200006,26.655633456000032],[86.49837289400006,26.65479720600007],[86.49264476900004,26.655627769000034],[86.49065876900005,26.65622995600006],[86.48843120700008,26.658763081000075],[86.48370814400005,26.65946589300006],[86.48169489400004,26.659266769000055],[86.47909589400007,26.657241956000064],[86.47583633100004,26.656681581000043],[86.47451676900005,26.654271019000078],[86.47337220700007,26.654178768000065],[86.47058189400008,26.656113706000042],[86.45965651900008,26.662321519000045],[86.45699345600008,26.662762706000024],[86.45360926900008,26.66166201900006],[86.45170289400005,26.66255508100005],[86.45000270600008,26.659869769000068],[86.44771964400007,26.657753144000026],[86.44447589400005,26.655908019000037],[86.44003133100006,26.654699019000077],[86.42620014400006,26.64905620600007],[86.42073695600004,26.646490706000066],[86.41922433100007,26.644094706000033],[86.41929933100005,26.64210458100007],[86.42047339400006,26.640491206000036],[86.41810170700006,26.637356019000038],[86.41711745700007,26.635140394000075],[86.41896120700005,26.63416851900007],[86.41935851900007,26.629347456000062],[86.42159489300008,26.62905195600007],[86.42291620600008,26.63014276900003],[86.42602433100006,26.631164081000065],[86.43015920600004,26.630533081000067],[86.42962976900003,26.62912951900006],[86.42790076900008,26.62826276900006],[86.42838151900008,26.62620201900006],[86.42785370600006,26.624911331000078],[86.42996076900005,26.624353331000066],[86.43327001900008,26.624531269000045],[86.43563008100006,26.624145768000062],[86.43755251900006,26.622934706000024],[86.43957851900007,26.61985095600005],[86.44295058200004,26.62012376900003],[86.44524926900004,26.619491769000035],[86.44772226900005,26.620523769000044],[86.45094389400003,26.623129206000044],[86.45254270600003,26.625511706000054],[86.45514064400004,26.627846143000056],[86.45652551900008,26.631559269000036],[86.46006539500007,26.634612581000056],[86.46005895600007,26.638918456000056],[86.45760976900004,26.640664831000038],[86.45750651900005,26.64177476900005],[86.45883070700006,26.64395533100003],[86.46155833200004,26.644584019000035],[86.46370370600005,26.644461206000074],[86.46500745700007,26.642584019000026],[86.46824527000007,26.641842394000037],[86.47223851900009,26.64160908100007],[86.47224520600008,26.63858501900006],[86.47074895700007,26.637931768000044],[86.46935458100006,26.63622951800005],[86.46943133200006,26.63422358100007],[86.47112858200006,26.63184226900006],[86.47503664400006,26.63182514300007],[86.47723295600008,26.62756126900007],[86.47919551900009,26.628297331000056],[86.48230164400007,26.626719894000075],[86.48579801900007,26.62593370600007],[86.48591976900008,26.625038206000056],[86.48804089400005,26.622590581000054],[86.48835283200003,26.620912644000043],[86.48970277000006,26.61454214400004],[86.49155151900004,26.613867206000066],[86.49355933100009,26.614492706000078],[86.49437351900008,26.615971519000027],[86.49593933200003,26.61627045700004],[86.49882808200005,26.615391518000024],[86.50076318300006,26.615533071000073],[86.50102489100004,26.60925494600008],[86.50042120700004,26.606719893000047],[86.50086170600008,26.598870144000045],[86.50248633200005,26.596824456000036],[86.50784789400007,26.59281701900005],[86.50916483100008,26.593566206000048],[86.51118908200004,26.596446144000026],[86.51396108100005,26.598576956000045],[86.51532508100007,26.601723081000046],[86.51278295700007,26.60413364300007],[86.51200389400003,26.606687831000045],[86.51331445700004,26.607947081000077],[86.51281558200003,26.609771143000046],[86.51330839400003,26.61279458100006],[86.51264858200005,26.61473995600005],[86.51356645700008,26.618920331000027],[86.51355345600007,26.620955894000076],[86.51433114500009,26.622244894000062],[86.51279151900007,26.62640558100003],[86.51173664400005,26.627117394000038],[86.51120670700004,26.629137644000025],[86.50940876900006,26.630889456000034],[86.50802326900003,26.634332956000037],[86.50970758200003,26.636049394000054],[86.50941264400007,26.639246206000053],[86.50648070700004,26.642880706000028],[86.50763851900007,26.64659933100006],[86.50690389400006,26.648429269000076],[86.50723851900005,26.649757331000046],[86.50601839400008,26.65255601800004],[86.50276689400005,26.654056706000063],[86.50190858200006,26.655633456000032]]]}},{"type":"Feature","properties":{"STATE_CODE":2,"DISTRICT":"SIRAHA","GaPa_NaPa":"Siraha","Type_GN":"Nagarpalika","Province":"2","provinceId":"2","provinceCode":"2","provinceName":"Madhesh","districtId":"202","districtName":"Siraha","municipalityId":"20217","municipalityCode":"20217","municipalityName":"Siraha Urban Municipality","municipalityNameNe":"सिराहा नगरपालिका","municipalityType":"municipality"},"geometry":{"type":"Polygon","coordinates":[[[86.27031864400004,26.70532270600006],[86.26907645700004,26.706153581000024],[86.26356520700006,26.70192770600005],[86.25652814400007,26.702570269000034],[86.25777176900004,26.705013956000073],[86.25625976900005,26.708831081000028],[86.25114264400008,26.708745518000057],[86.24921176900006,26.708383269000024],[86.24840089400004,26.71003314400008],[86.24934558100006,26.71187733200003],[86.24621664400007,26.714611581000042],[86.24106701900007,26.709592331000067],[86.24309264300007,26.707885893000025],[86.24166533100004,26.705046206000077],[86.23956333100006,26.70501239400005],[86.23765189400007,26.70645545600007],[86.23520101900004,26.703217519000077],[86.23149320700009,26.697142831000065],[86.23008458100009,26.69728639400006],[86.22748708100005,26.695952144000046],[86.22209439300008,26.696360456000036],[86.21955301900005,26.69617726900003],[86.21636520600003,26.696678706000057],[86.21235358200005,26.696597893000046],[86.21071833100007,26.695126456000025],[86.20607851900007,26.69728051900006],[86.20206170600005,26.695421081000063],[86.19910433200005,26.696523768000077],[86.19800939400005,26.698246143000063],[86.19628145600007,26.69939183100007],[86.19547333200006,26.69796776800007],[86.19726014300005,26.697418268000035],[86.19936914300007,26.688559207000026],[86.20196301900006,26.686545144000036],[86.20250239400008,26.684900894000066],[86.19937564400004,26.676799894000055],[86.19909264300009,26.674512269000047],[86.20012964300008,26.66918564300005],[86.19903064300007,26.666579769000066],[86.19506614400007,26.664005081000028],[86.19127076800004,26.66334945600005],[86.18823683100004,26.65992908100003],[86.18590558100004,26.655519769000023],[86.18484520700008,26.654523018000077],[86.17864308200006,26.652115581000032],[86.17362533200009,26.652201581000043],[86.17183670600008,26.650873268000055],[86.17105845700007,26.645486644000073],[86.17103420600006,26.64271089300007],[86.17007589400004,26.640396644000077],[86.16667720600003,26.638494706000074],[86.16391270600008,26.640340206000076],[86.16269720600008,26.640389518000063],[86.15591926800005,26.63919401900006],[86.15368508100005,26.63777033100007],[86.15290883100005,26.63657195600007],[86.15272614400004,26.634020831000043],[86.15453664300009,26.633036393000054],[86.15600101900003,26.631235269000058],[86.15733533200006,26.62807033100006],[86.15764751900008,26.625862893000033],[86.15552451800005,26.61963320600006],[86.15361533100008,26.61523945600004],[86.15195395600006,26.612413269000058],[86.14888070600006,26.608420894000062],[86.15415670600004,26.609395643000028],[86.15740776900003,26.609624831000076],[86.15879583200007,26.61126008100007],[86.16321989400006,26.614371019000032],[86.16576370700005,26.613731518000066],[86.17003008100005,26.614027269000076],[86.17286683200007,26.616512581000052],[86.17389408100007,26.616814206000072],[86.17615420600004,26.61364539300007],[86.17831195600007,26.615124706000074],[86.18481639400005,26.61338614400006],[86.18750683100006,26.613351831000045],[86.18893189400006,26.614691394000033],[86.19089964300008,26.614926019000052],[86.19459545700005,26.61437833100007],[86.19626976800004,26.612451581000073],[86.19254289400004,26.61153008100007],[86.19388758100007,26.609612706000064],[86.19732826800004,26.608287206000057],[86.19749745700005,26.605672706000064],[86.19892895700008,26.601092893000043],[86.19824376900004,26.599003894000077],[86.19887564400005,26.59694714400007],[86.19781708100004,26.595250831000044],[86.19905370600009,26.59305076800007],[86.20118764300008,26.594012831000043],[86.20297939400007,26.596859519000077],[86.20421845600004,26.59428708100006],[86.20634876800005,26.595829019000064],[86.20806214400005,26.596086768000077],[86.20982564300004,26.59312226800006],[86.21202920600007,26.591949706000037],[86.21441370600007,26.592396206000046],[86.21531539400007,26.590981644000067],[86.21962983200007,26.58811908100006],[86.22358551900004,26.589607581000053],[86.22608708100006,26.59102939400003],[86.22923539400006,26.590157331000057],[86.23117283200008,26.591819706000024],[86.23307133100008,26.591139394000038],[86.23367651900008,26.592756206000047],[86.23709208200006,26.591088768000077],[86.23665333100007,26.59313326800003],[86.23752289400005,26.59649358100006],[86.23708820600007,26.597922018000077],[86.23938670600006,26.59897008100006],[86.24004351900004,26.601343206000024],[86.24236514400008,26.600996769000062],[86.24254314400008,26.603132518000052],[86.24560539400005,26.60282833100007],[86.24475101900003,26.605488956000045],[86.24677633200008,26.606361768000056],[86.24602714300005,26.607567456000027],[86.24761083100003,26.608895894000057],[86.25074614400006,26.608339269000055],[86.25141714400007,26.609629081000037],[86.25019264400004,26.611701081000035],[86.25168001900005,26.61235208100004],[86.25197270700005,26.613912956000036],[86.25345070600008,26.614857269000026],[86.25450920600008,26.616760768000063],[86.25571833100008,26.615904956000065],[86.25562433100004,26.614482769000062],[86.26295276900004,26.61532426900004],[86.26401176900004,26.61722539400006],[86.26369458200008,26.618974956000045],[86.26675895600005,26.62567964300007],[86.26860758200007,26.62707701900007],[86.26838639400006,26.630763331000026],[86.27101751900005,26.63083326900005],[86.27244520600004,26.631959894000033],[86.27208539400004,26.63493689300003],[86.27399064400004,26.635303144000034],[86.26342801800007,26.639306393000027],[86.26334233100005,26.646103081000035],[86.26407620600008,26.651798206000024],[86.26274626900005,26.656399518000057],[86.26274651900007,26.65973033100005],[86.26429908100005,26.66271495600006],[86.26455414400004,26.66436364300006],[86.26381951900004,26.667094956000028],[86.26498576900008,26.668642331000058],[86.26433420600006,26.67133795600006],[86.26754764300006,26.68141933100003],[86.26766201900006,26.685484143000053],[86.26731895600005,26.687321644000065],[86.27000789400006,26.692733394000072],[86.27070720700004,26.696246144000042],[86.27145658100005,26.69747764300007],[86.27243139400008,26.70277451900006],[86.27031864400004,26.70532270600006]]]}},{"type":"Feature","properties":{"STATE_CODE":2,"DISTRICT":"SIRAHA","GaPa_NaPa":"Sukhipur","Type_GN":"Nagarpalika","Province":"2","provinceId":"2","provinceCode":"2","provinceName":"Madhesh","districtId":"202","districtName":"Siraha","municipalityId":"20210","municipalityCode":"20210","municipalityName":"Sukhipur Urban Municipality","municipalityNameNe":"सुखीपुर नगरपालिका","municipalityType":"municipality"},"geometry":{"type":"Polygon","coordinates":[[[86.34974664400005,26.738372081000023],[86.34593026900006,26.737704644000075],[86.34174608100005,26.736157519000074],[86.33876126900003,26.73557495700004],[86.33515845700003,26.733226956000067],[86.33328239400004,26.730018143000052],[86.33178701800006,26.728878269000063],[86.32793989400005,26.727377457000046],[86.32703708100007,26.72436951900005],[86.32830864400006,26.722466394000037],[86.32902326900006,26.718992331000038],[86.32694851900004,26.714329144000033],[86.32387295600006,26.71390608100006],[86.31818614400004,26.708893832000058],[86.31846976900005,26.706367706000037],[86.31725145700005,26.70172214300004],[86.31827958200006,26.699219893000077],[86.31628064400007,26.694148518000077],[86.30904258100009,26.69568414300005],[86.30726095700004,26.69549945600005],[86.30508820700004,26.69433339400007],[86.30338483100007,26.68945514400008],[86.30322501900008,26.686868206000042],[86.30233483100005,26.683239581000066],[86.30062014300006,26.681082769000056],[86.29830576900008,26.674111707000066],[86.29983214400005,26.67231389400007],[86.30036733200006,26.67063083100004],[86.30361214300007,26.669877206000024],[86.30886851900004,26.668142644000056],[86.31268214400006,26.666527331000054],[86.31730501900006,26.663369893000038],[86.32156126900009,26.66379876900004],[86.32311801900005,26.661563019000027],[86.32147445700008,26.65921045600004],[86.32195595600007,26.65652276800006],[86.32710595700007,26.658321019000027],[86.32976558100006,26.657724269000028],[86.33119814400004,26.658448644000032],[86.33335664400005,26.661893519000046],[86.33382139400004,26.665125019000072],[86.33520401900006,26.66819158100003],[86.33885158100009,26.67795526900005],[86.33865964400007,26.682054831000073],[86.34146026900004,26.683837081000036],[86.34594989400006,26.684297894000053],[86.34986583200003,26.68288283100003],[86.35100476900004,26.681617519000042],[86.34989133100004,26.68065333100003],[86.34806170600007,26.681055706000052],[86.34702539400007,26.678909331000057],[86.34807495600006,26.678061081000067],[86.34763658200006,26.673712643000044],[86.34760226900005,26.669309707000025],[86.35215164400006,26.668497769000055],[86.35342033200004,26.668853332000026],[86.35846751900004,26.667167894000045],[86.35855395600004,26.66541476900005],[86.35637289400006,26.663538706000054],[86.35551545600003,26.66106820600004],[86.35887295600008,26.662209519000044],[86.36694283100007,26.663168644000052],[86.37205333200006,26.66491770600004],[86.37468445600007,26.66487289300005],[86.37599451900007,26.66560533100005],[86.37837445700006,26.66950858100006],[86.38062783100008,26.669364956000038],[86.38262389400006,26.66802864300007],[86.38431389400006,26.671290206000037],[86.38274408100006,26.67253583100006],[86.38306608100004,26.67501283100006],[86.38472089400005,26.67783414300004],[86.38658851900004,26.679275206000057],[86.38702383100008,26.68131264400006],[86.38638901900003,26.682512769000027],[86.38694664400003,26.684877956000037],[86.38911039400006,26.687762331000044],[86.39436551900008,26.691298456000027],[86.39944851900003,26.695077518000062],[86.40087151900008,26.696473644000037],[86.40184726900009,26.699321206000036],[86.40705020700005,26.702240644000028],[86.40807451900008,26.703325894000045],[86.40751833200005,26.704948332000072],[86.40936976900008,26.707537831000025],[86.40860589300007,26.710154644000056],[86.40584883100007,26.71379901800003],[86.40569345600005,26.715540519000058],[86.40056795600003,26.715823644000068],[86.40055533100008,26.717931331000045],[86.39584539400005,26.721400206000055],[86.39497158100005,26.720259144000067],[86.38589751900008,26.721587706000037],[86.38229126900006,26.722501831000045],[86.37907670700008,26.724169019000044],[86.37905201900008,26.721772331000068],[86.37505683100005,26.722445331000074],[86.36735370600007,26.723359019000043],[86.36344083200004,26.72408170600005],[86.36297908100005,26.725869144000058],[86.36108351900003,26.72654670600008],[86.35871176900008,26.725849956000047],[86.35315133100005,26.728232581000043],[86.35258626900008,26.73181589400008],[86.35112745600009,26.733504019000065],[86.35041570700008,26.73713851900004],[86.34974664400005,26.738372081000023]]]}},{"type":"Feature","properties":{"STATE_CODE":2,"DISTRICT":"DHANUSHA","GaPa_NaPa":"Aaurahi","Type_GN":"Gaunpalika","Province":"2","provinceId":"2","provinceCode":"2","provinceName":"Madhesh","districtId":"203","districtName":"Dhanusa","municipalityId":"20314","municipalityCode":"20314","municipalityName":"Aurahi Rural Municipality","municipalityNameNe":"औरही गाउँपालिका","municipalityType":"rural_municipality"},"geometry":{"type":"Polygon","coordinates":[[[86.05485389300009,26.71850964400005],[86.05041183200007,26.72219883100007],[86.04743351900004,26.72360051900006],[86.04220239400007,26.725467644000048],[86.04239733100007,26.726536331000034],[86.03784495700006,26.72771276900005],[86.03495576900008,26.727975207000043],[86.02885083100006,26.727222769000036],[86.02504083200006,26.728191768000045],[86.02575408100006,26.73057508100004],[86.02379433100003,26.731471019000026],[86.02064839400003,26.731681768000044],[86.02140408100007,26.73406314400006],[86.01811276800004,26.734446581000043],[86.01668451800003,26.733398644000033],[86.01554764400004,26.730989769000075],[86.01452226800006,26.730797644000063],[86.00194320600008,26.732481019000033],[86.00127520600006,26.733069831000023],[85.99672283100006,26.732171206000032],[85.99461101900005,26.731115956000053],[85.99147314400005,26.732664269000054],[85.98803739300007,26.732851956000047],[85.98637458100006,26.730477456000074],[85.98449983100005,26.725763581000024],[85.98612333100004,26.722568644000035],[85.98943526800008,26.715084706000027],[85.99643508100007,26.712045081000042],[85.99500658100004,26.71039670700003],[85.99603151800005,26.708770206000054],[85.99315651800003,26.706120957000053],[85.99074795600006,26.70517858100004],[85.98492333100006,26.705328956000074],[85.98415964400004,26.70354301900005],[85.98512739300008,26.70012901900003],[85.98397876900003,26.698690144000068],[85.98801233100005,26.69796520600005],[85.98775851900007,26.697119456000053],[85.99052970600007,26.695555081000066],[85.99568458100003,26.693438893000064],[85.99932708100005,26.691512644000056],[86.00217758100007,26.69119195600007],[86.00506008100007,26.691593581000063],[86.00613701800006,26.693142331000047],[86.00607970600004,26.695366894000074],[86.00923451800008,26.694612706000044],[86.01231764400006,26.692535581000072],[86.01451751900004,26.691916769000045],[86.01766245600004,26.691719644000045],[86.02134083100003,26.690691206000054],[86.02602008100007,26.690718893000053],[86.02574414300005,26.688747018000072],[86.02836195600008,26.68485651800006],[86.02948864400008,26.68385551800003],[86.03315058200008,26.682059394000078],[86.03363676800006,26.68391314300004],[86.03621426800004,26.686112769000033],[86.03724745600005,26.688687768000023],[86.03558933100004,26.68969651900005],[86.03313008200007,26.69304664400005],[86.03445008200003,26.69411845600007],[86.03519683100006,26.696217643000068],[86.03438233100007,26.696904893000067],[86.04014333100008,26.700773394000066],[86.04605939300006,26.701643706000027],[86.05105195600004,26.700873831000024],[86.05294589300007,26.70333026900005],[86.05227583100003,26.705663643000037],[86.05272764300008,26.710389768000027],[86.05365833100007,26.71661745600005],[86.05485389300009,26.71850964400005]]]}},{"type":"Feature","properties":{"STATE_CODE":2,"DISTRICT":"DHANUSHA","GaPa_NaPa":"Bateshwor","Type_GN":"Gaunpalika","Province":"2","provinceId":"2","provinceCode":"2","provinceName":"Madhesh","districtId":"203","districtName":"Dhanusa","municipalityId":"20304","municipalityCode":"20304","municipalityName":"Bateshwor Rural Municipality","municipalityNameNe":"बटेश्वर गाउँपालिका","municipalityType":"rural_municipality"},"geometry":{"type":"Polygon","coordinates":[[[85.94766208100003,26.864029894000055],[85.94656808100007,26.865371207000067],[85.94701395600003,26.866640456000027],[85.94573726800007,26.869661393000058],[85.94542639300005,26.872486457000036],[85.94600114400004,26.876177894000023],[85.94715726800007,26.877513332000035],[85.94561908200006,26.879178457000023],[85.94641376800007,26.88202301900003],[85.94502389400003,26.885354519000032],[85.94512483100004,26.88738614400006],[85.94312339400005,26.888585144000047],[85.94244239400007,26.889992644000074],[85.94253820600005,26.892407768000055],[85.94177026900007,26.893929643000035],[85.94342683100007,26.89458295700007],[85.94258964400007,26.896505956000055],[85.94399576900008,26.89832395700006],[85.94402020600006,26.899684769000032],[85.94261945600005,26.90064233100003],[85.94332858100006,26.90367820700004],[85.94050145600005,26.906511394000063],[85.93988826900005,26.909604956000067],[85.94114289300006,26.913432331000024],[85.94255339300008,26.91492539400008],[85.93856258100004,26.915197831000057],[85.93582283100005,26.91604370600004],[85.93076776900006,26.91909464400004],[85.92963764400008,26.92191120600006],[85.92808614300003,26.924395081000057],[85.92772695600007,26.928370519000055],[85.92832726900008,26.93361008200003],[85.92586951900006,26.933830581000052],[85.92322839400003,26.93215195700003],[85.92007858100004,26.931617894000055],[85.91544239400008,26.92935976800004],[85.91600883100006,26.92589814400003],[85.91479220600007,26.921973894000075],[85.91065651800005,26.920680581000056],[85.90976508100005,26.917776394000043],[85.90799308100009,26.91660739400004],[85.90713733100006,26.915161144000024],[85.90805539300004,26.913333769000076],[85.90700864300004,26.91182733200003],[85.90613183100004,26.906953331000068],[85.90397420600004,26.903980644000058],[85.90438770600008,26.901553644000046],[85.90418795600004,26.900478019000047],[85.90129745600007,26.893015956000056],[85.90195051900008,26.890189144000033],[85.90149289300007,26.887579393000067],[85.90265451800008,26.884950581000055],[85.89872820600004,26.880330332000028],[85.89742189300006,26.877440894000074],[85.89795101800007,26.874288206000074],[85.89975020600008,26.872921269000074],[85.90354689400004,26.87208201800007],[85.90931026900006,26.87002814400006],[85.91070826900005,26.87062558100007],[85.91437539300006,26.86983920700004],[85.91889895600008,26.870158269000058],[85.91769920600007,26.868093269000042],[85.91749714300005,26.86638814400004],[85.91912626900006,26.86507601900007],[85.91896276800009,26.86249101800007],[85.92025589300005,26.860849269000028],[85.91990776800003,26.85677133100006],[85.92025833100007,26.85522614300004],[85.92182133100005,26.853990143000033],[85.92054526900006,26.85037451900007],[85.92137370600005,26.84952789400006],[85.92208545600005,26.845904894000057],[85.92101651900003,26.844818144000044],[85.92119451800005,26.841168456000048],[85.91980664300007,26.839998019000063],[85.91834901800007,26.83693614400005],[85.92001545600004,26.83346483100007],[85.92554570600004,26.83455170600007],[85.92701195600006,26.83170608100005],[85.92783158100008,26.831317393000063],[85.92780970600006,26.833307456000057],[85.92918126800004,26.83417083100005],[85.93050195600006,26.837843143000043],[85.93216920600008,26.838902706000056],[85.93149608100003,26.840705081000067],[85.93189833100007,26.842068831000063],[85.93496214300006,26.84145108100006],[85.93679795600008,26.842627019000076],[85.93809558100008,26.846411894000028],[85.94225133100008,26.84680626900007],[85.94467395600003,26.847417832000076],[85.94448770600007,26.849458644000038],[85.94134539400005,26.852043706000075],[85.94095570600007,26.854712457000062],[85.94652858100005,26.85822458100006],[85.94646839400008,26.861566019000065],[85.94766208100003,26.864029894000055]]]}},{"type":"Feature","properties":{"STATE_CODE":2,"DISTRICT":"DHANUSHA","GaPa_NaPa":"Bideha","Type_GN":"Nagarpalika","Province":"2","provinceId":"2","provinceCode":"2","provinceName":"Madhesh","districtId":"203","districtName":"Dhanusa","municipalityId":"20313","municipalityCode":"20313","municipalityName":"Bideha Urban Municipality","municipalityNameNe":"बिदेह नगरपालिका","municipalityType":"municipality"},"geometry":{"type":"Polygon","coordinates":[[[86.05365833100007,26.71661745600005],[86.05272764300008,26.710389768000027],[86.05227583100003,26.705663643000037],[86.05294589300007,26.70333026900005],[86.05105195600004,26.700873831000024],[86.04605939300006,26.701643706000027],[86.04014333100008,26.700773394000066],[86.03438233100007,26.696904893000067],[86.03519683100006,26.696217643000068],[86.03445008200003,26.69411845600007],[86.03313008200007,26.69304664400005],[86.03558933100004,26.68969651900005],[86.03724745600005,26.688687768000023],[86.03621426800004,26.686112769000033],[86.03363676800006,26.68391314300004],[86.03315058200008,26.682059394000078],[86.02948864400008,26.68385551800003],[86.02836195600008,26.68485651800006],[86.02574414300005,26.688747018000072],[86.02379858100005,26.684267831000057],[86.02304414400004,26.680968019000034],[86.01819376800006,26.673363706000032],[86.01496089300008,26.669597644000078],[86.00726714400008,26.668108894000056],[86.00290495600007,26.66812126800005],[86.00215158200007,26.668711706000067],[85.99899826900008,26.66838939300004],[85.99855189300007,26.667160894000062],[85.99616733100004,26.667329143000075],[85.99489039300005,26.666541582000036],[85.99391770600005,26.66418333100006],[85.99405476900006,26.660797269000057],[85.99310589400005,26.65737401800004],[85.99131708100003,26.657652394000024],[85.98999295700008,26.656392831000062],[86.00212895600004,26.654601081000067],[86.00518751800007,26.655628956000044],[86.00819083100004,26.655981706000034],[86.01213808100005,26.653610393000065],[86.01352045600004,26.65425414400005],[86.01394614400004,26.656482081000036],[86.01507501900005,26.658096581000052],[86.01405483100007,26.658992144000024],[86.01597689300007,26.660237581000047],[86.02106464400003,26.66081201800006],[86.02466945600008,26.66347476900006],[86.02887545600004,26.664943331000075],[86.02932364400004,26.66637251800006],[86.05520070600005,26.659973456000046],[86.07031376900005,26.657566019000058],[86.07224620600005,26.65666245600005],[86.07438276900007,26.653257644000064],[86.07580595600007,26.649857144000066],[86.07986533100006,26.647595269000078],[86.08999583100007,26.642944081000053],[86.09097264400003,26.64461576800005],[86.09446664400008,26.646831518000056],[86.09741670600005,26.64656820600004],[86.09916539300008,26.648720894000064],[86.10021476800006,26.649047894000034],[86.10207776800007,26.651562269000067],[86.10332801900006,26.655198831000064],[86.10476770600008,26.656819143000064],[86.10433439400003,26.65935739400004],[86.10476895600004,26.66168670600007],[86.10338289400005,26.665369832000067],[86.10360376900007,26.668525956000053],[86.10142433100003,26.67266214400007],[86.10177776900008,26.675049643000023],[86.10132114400005,26.677375581000035],[86.10035701800007,26.67798551900006],[86.10025620600004,26.68075151900007],[86.10087026900004,26.68176858100003],[86.10054820600004,26.684359331000053],[86.09911051900008,26.686439956000072],[86.10256976900007,26.688865143000044],[86.10347114400008,26.691860831000042],[86.10565214400003,26.693275956000036],[86.10561608100005,26.69705558100003],[86.10064476800005,26.697173144000033],[86.09141539400008,26.697892894000063],[86.08742520600003,26.69990726900005],[86.08532576900006,26.700121643000045],[86.08483470600004,26.70179970600003],[86.08714176900008,26.70315495600005],[86.08618245600007,26.703922831000057],[86.08812026900006,26.706724457000064],[86.08884370600003,26.711294206000048],[86.08721614400008,26.711710269000037],[86.08013926800004,26.712402456000063],[86.07931076800008,26.710713643000076],[86.07033301800004,26.712983956000073],[86.06709870600008,26.71155689400007],[86.06475170700008,26.71347983100003],[86.06502708100004,26.714336893000052],[86.06200045600008,26.715472331000058],[86.05758351900005,26.716499144000068],[86.05365833100007,26.71661745600005]]]}},{"type":"Feature","properties":{"STATE_CODE":2,"DISTRICT":"DHANUSHA","GaPa_NaPa":"Chhireshwornath","Type_GN":"Nagarpalika","Province":"2","provinceId":"2","provinceCode":"2","provinceName":"Madhesh","districtId":"203","districtName":"Dhanusa","municipalityId":"20305","municipalityCode":"20305","municipalityName":"Chhireshwornath Urban Municipality","municipalityNameNe":"क्षिरेश्वरनाथ नगरपालिका","municipalityType":"municipality"},"geometry":{"type":"Polygon","coordinates":[[[86.01132689400004,26.89521439400005],[86.00820914300004,26.89630051900008],[86.00270501800009,26.896776206000027],[86.00226133100006,26.898363957000072],[86.00287145600004,26.901252081000052],[86.00397533100005,26.902801081000064],[86.00393114400003,26.904836144000058],[86.00240345600008,26.90678851900003],[85.99812201800006,26.90681008100006],[85.99685895600004,26.90721183100004],[85.99570864300006,26.90288014300006],[85.99267795600008,26.898923206000063],[85.98956114300006,26.89076626900004],[85.98787714400004,26.887974144000054],[85.98772608100006,26.886673331000054],[85.98958520600007,26.880594019000057],[85.98708720700006,26.87809401900006],[85.98538170600006,26.878203582000026],[85.98465201800008,26.879987769000024],[85.98089864300005,26.880238332000033],[85.97918633100005,26.880785582000044],[85.97427670600007,26.881438269000057],[85.97020639300007,26.881530519000023],[85.96698483100005,26.876215457000058],[85.96624714400008,26.873874581000052],[85.96475889400006,26.871198769000046],[85.96216420600007,26.869555081000044],[85.95968020600003,26.86888695600004],[85.95432445600005,26.868743581000047],[85.95024095600007,26.866671206000035],[85.94766208100003,26.864029894000055],[85.94646839400008,26.861566019000065],[85.94652858100005,26.85822458100006],[85.94095570600007,26.854712457000062],[85.94134539400005,26.852043706000075],[85.94448770600007,26.849458644000038],[85.94467395600003,26.847417832000076],[85.94225133100008,26.84680626900007],[85.93809558100008,26.846411894000028],[85.93679795600008,26.842627019000076],[85.93496214300006,26.84145108100006],[85.93189833100007,26.842068831000063],[85.93149608100003,26.840705081000067],[85.93216920600008,26.838902706000056],[85.93050195600006,26.837843143000043],[85.92918126800004,26.83417083100005],[85.92780970600006,26.833307456000057],[85.92783158100008,26.831317393000063],[85.93014739300008,26.827889269000025],[85.93223333100008,26.827178394000043],[85.93573176800004,26.827274706000026],[85.93720639300005,26.828179331000058],[85.94167533100006,26.829785581000067],[85.94444564400004,26.83195683100007],[85.94692601800006,26.831767768000077],[85.94912720600007,26.830653581000036],[85.94714739300008,26.827443581000068],[85.94579995600003,26.823629082000025],[85.94487633100005,26.817985457000077],[85.94783420700008,26.816405332000045],[85.95515926800005,26.813214706000053],[85.95799158100004,26.811518394000075],[85.96604670600004,26.811721831000057],[85.96934951800006,26.812788457000067],[85.97214195600003,26.815800894000063],[85.97293176900007,26.81276708100006],[85.97531526800003,26.809970519000046],[85.97555133200007,26.806684457000074],[85.97278614400005,26.800003081000057],[85.96968876800008,26.799567643000046],[85.96529095600005,26.800221581000073],[85.96398708100008,26.799395206000042],[85.96228151900004,26.796419895000042],[85.96097901900004,26.792344081000067],[85.95788289400008,26.789672144000065],[85.96124152300007,26.787778763000063],[85.96275581800006,26.78757545700006],[85.96446283100005,26.78729914400003],[85.96746476800007,26.788192082000023],[85.96850808100004,26.789183519000062],[85.97270608100007,26.79087933200003],[85.97650158100004,26.78725576900007],[85.97832239300004,26.787668331000077],[85.98123533100005,26.790871018000075],[85.98236433100004,26.794083331000024],[85.98375083100007,26.800569644000063],[85.98269245600005,26.802541019000046],[85.98356776900005,26.80460301900007],[85.98677126900003,26.803930956000045],[85.98729358100007,26.806674144000056],[85.98935483100007,26.813514894000036],[85.99152901900004,26.817777207000063],[85.99243470600004,26.820489268000074],[85.99274758100006,26.823077456000078],[85.99356564400006,26.823683519000042],[85.99694608100003,26.822687581000025],[85.99900726900006,26.82394776900003],[85.99981433100004,26.826273206000053],[85.99962801900006,26.831624393000027],[85.99738245700007,26.833082018000027],[85.99742308100008,26.834361769000054],[86.00205814400005,26.83945364400006],[86.00228301900006,26.842930331000048],[86.00178258100004,26.84653270700005],[86.00246351800007,26.848092269000063],[86.00516695600004,26.84814064400007],[86.00738301800004,26.849331894000045],[86.00629101900006,26.85432014400004],[86.00770989400007,26.857317769000076],[86.00771264400004,26.86061008200005],[86.00833651800008,26.86458595700003],[86.00721445600004,26.869542456000033],[86.00701201900006,26.87244964300004],[86.00826495600006,26.87726264400004],[86.00821451900003,26.881705331000035],[86.00895026900008,26.883044144000053],[86.00687870600007,26.885615581000025],[86.00802345700004,26.887952332000054],[86.00991083100007,26.88875758100005],[86.01141189300006,26.892139332000056],[86.01132689400004,26.89521439400005]]]}},{"type":"Feature","properties":{"STATE_CODE":2,"DISTRICT":"DHANUSHA","GaPa_NaPa":"Dhanauji","Type_GN":"Gaunpalika","Province":"2","provinceId":"2","provinceCode":"2","provinceName":"Madhesh","districtId":"203","districtName":"Dhanusa","municipalityId":"20316","municipalityCode":"20316","municipalityName":"Dhanauji Rural Municipality","municipalityNameNe":"धनौजी गाउँपालिका","municipalityType":"rural_municipality"},"geometry":{"type":"Polygon","coordinates":[[[85.98397876900003,26.698690144000068],[85.98096951900004,26.699282331000063],[85.97824126800003,26.698224706000076],[85.97615139400006,26.698031393000065],[85.97564301800008,26.69647520600006],[85.97658926900004,26.69327320600007],[85.97873258100003,26.68897858100007],[85.97577070600005,26.687709331000065],[85.97543245600008,26.68651995700003],[85.97370733100007,26.685347644000046],[85.97168664300006,26.683101269000076],[85.97126701900004,26.68024364400003],[85.96990633100006,26.678437581000026],[85.96747251900007,26.679376706000028],[85.96665695600007,26.681408456000042],[85.96362414300006,26.682977206000032],[85.96368383100008,26.684647518000077],[85.95992976900004,26.684604269000033],[85.95800745600008,26.685695894000048],[85.95263458100004,26.685900144000072],[85.95118708100006,26.68495970600003],[85.94860926900003,26.684342644000026],[85.94374676900009,26.677216456000053],[85.94296920600004,26.673279769000033],[85.94382951800003,26.670517331000042],[85.94671008100005,26.669448831000068],[85.94982089300004,26.66979901900004],[85.95127239300007,26.668977081000037],[85.95351001800003,26.669018394000034],[85.95429120600005,26.671840393000025],[85.95813301800007,26.670022706000054],[85.96114114400007,26.66954601900005],[85.96078145700005,26.667246206000073],[85.96438195600007,26.665972644000078],[85.96710726800006,26.665999331000023],[85.96519701900007,26.664060581000058],[85.96617720600005,26.65663683100007],[85.96518876800008,26.65265351900007],[85.96389133100007,26.65080726900004],[85.96539358100006,26.65023370600005],[85.96670576800005,26.652364456000043],[85.96994076900006,26.65163420600004],[85.97036139400007,26.65286939400005],[85.97233989400007,26.654682206000075],[85.97530808100004,26.654480206000073],[85.97648008100003,26.65679039400004],[85.97835695700007,26.657911831000035],[85.98187464400007,26.65777464400003],[85.98353220600006,26.656933518000073],[85.98999295700008,26.656392831000062],[85.99131708100003,26.657652394000024],[85.99310589400005,26.65737401800004],[85.99405476900006,26.660797269000057],[85.99391770600005,26.66418333100006],[85.99489039300005,26.666541582000036],[85.99616733100004,26.667329143000075],[85.99855189300007,26.667160894000062],[85.99899826900008,26.66838939300004],[86.00215158200007,26.668711706000067],[86.00290495600007,26.66812126800005],[86.00726714400008,26.668108894000056],[86.01496089300008,26.669597644000078],[86.01819376800006,26.673363706000032],[86.02304414400004,26.680968019000034],[86.02379858100005,26.684267831000057],[86.02574414300005,26.688747018000072],[86.02602008100007,26.690718893000053],[86.02134083100003,26.690691206000054],[86.01766245600004,26.691719644000045],[86.01451751900004,26.691916769000045],[86.01231764400006,26.692535581000072],[86.00923451800008,26.694612706000044],[86.00607970600004,26.695366894000074],[86.00613701800006,26.693142331000047],[86.00506008100007,26.691593581000063],[86.00217758100007,26.69119195600007],[85.99932708100005,26.691512644000056],[85.99568458100003,26.693438893000064],[85.99052970600007,26.695555081000066],[85.98775851900007,26.697119456000053],[85.98801233100005,26.69796520600005],[85.98397876900003,26.698690144000068]]]}},{"type":"Feature","properties":{"STATE_CODE":2,"DISTRICT":"DHANUSHA","GaPa_NaPa":"Dhanusadham","Type_GN":"Nagarpalika","Province":"2","provinceId":"2","provinceCode":"2","provinceName":"Madhesh","districtId":"203","districtName":"Dhanusa","municipalityId":"20302","municipalityCode":"20302","municipalityName":"Dhanushadham Urban Municipality","municipalityNameNe":"धनुषाधाम नगरपालिका","municipalityType":"municipality"},"geometry":{"type":"Polygon","coordinates":[[[86.09533483100006,26.842032894000056],[86.09522664400004,26.845825457000046],[86.09605295600005,26.85178133100004],[86.09445445600005,26.855927706000045],[86.08842758100008,26.85609889400007],[86.08313576900008,26.859381769000038],[86.08042795600005,26.859610144000044],[86.07901764400003,26.861169269000072],[86.07866883200006,26.86447514300005],[86.07740401900008,26.867197331000057],[86.07053489400005,26.870792144000063],[86.07041026900004,26.87241158100005],[86.06838995600003,26.873946206000028],[86.06961445600007,26.876793018000058],[86.07124889400006,26.87687595600005],[86.07216526900004,26.878596956000024],[86.06917320600007,26.881282894000037],[86.06928295700004,26.883201644000053],[86.06625164400003,26.88432345600006],[86.06756551900008,26.88568383100005],[86.06792801900008,26.887281581000025],[86.06615370700007,26.888156706000075],[86.06547026900006,26.889524081000047],[86.06671745600005,26.892454644000054],[86.06572645600005,26.899068706000037],[86.06394539400009,26.901891207000062],[86.06151308100004,26.903942019000056],[86.05900189400006,26.90437439300007],[86.05920139400007,26.908627082000066],[86.05762051900007,26.908866956000054],[86.05566920600006,26.910589207000044],[86.05619658100005,26.91369320600006],[86.05764126800005,26.915045519000046],[86.05768645600006,26.91789808200008],[86.05638389400008,26.92086795700004],[86.05647076900004,26.92843251900007],[86.05510933100004,26.931223706000026],[86.05584070600008,26.934403519000057],[86.05825826900008,26.937748019000026],[86.05935039300005,26.941571081000063],[86.06096708100006,26.943369019000045],[86.06163370600007,26.94553295700007],[86.06382964400007,26.94774770600003],[86.06700483100008,26.94958295600003],[86.06810745600006,26.95076589400003],[86.06565708200003,26.95244208200006],[86.06322251800003,26.954896831000042],[86.06057864400003,26.956359519000046],[86.06039214400005,26.95762414400008],[86.05867895600005,26.959914394000066],[86.05585476900006,26.959834581000052],[86.05378970600003,26.962140457000032],[86.05151595600006,26.962930769000025],[86.05031395600008,26.961029456000063],[86.04825695600005,26.959260019000055],[86.04535314300006,26.958315206000066],[86.04520926800006,26.956642206000026],[86.04244651900007,26.954218018000063],[86.04057326900005,26.95388476900007],[86.03996014400008,26.952693769000064],[86.04149358100005,26.947311081000066],[86.04116883100005,26.94558945700004],[86.03908239300006,26.944999832000065],[86.03899901800008,26.94707076900005],[86.03763945600008,26.947835456000064],[86.03493620600005,26.947993019000023],[86.03216751900004,26.94625233100004],[86.02805926800005,26.945098081000026],[86.02592101900007,26.943691019000028],[86.02343814300008,26.940729144000045],[86.02130045600006,26.939744019000045],[86.01740414300008,26.93539351900006],[86.01577070600007,26.932536644000038],[86.01219064400004,26.929350269000054],[86.01011170700008,26.92827289300004],[86.00964070600008,26.926211644000034],[86.01305020600006,26.92492895600003],[86.01388589400005,26.922985206000078],[86.01300901900004,26.921085832000074],[86.01294945700005,26.91665139400004],[86.01372339300008,26.913231394000036],[86.01500264400005,26.91027076900008],[86.01529351800008,26.907610082000076],[86.01337964400005,26.904742269000053],[86.01020008100005,26.89917570600005],[86.01132689400004,26.89521439400005],[86.01141189300006,26.892139332000056],[86.00991083100007,26.88875758100005],[86.00802345700004,26.887952332000054],[86.00687870600007,26.885615581000025],[86.00895026900008,26.883044144000053],[86.00821451900003,26.881705331000035],[86.00826495600006,26.87726264400004],[86.00701201900006,26.87244964300004],[86.00721445600004,26.869542456000033],[86.00833651800008,26.86458595700003],[86.00771264400004,26.86061008200005],[86.00770989400007,26.857317769000076],[86.00629101900006,26.85432014400004],[86.00738301800004,26.849331894000045],[86.00516695600004,26.84814064400007],[86.00246351800007,26.848092269000063],[86.00178258100004,26.84653270700005],[86.00228301900006,26.842930331000048],[86.00850239300007,26.840257206000047],[86.01478595600008,26.838962956000046],[86.01573370600005,26.83823389400004],[86.01966176900004,26.83728183100004],[86.02411558100005,26.83514639400005],[86.02987714400007,26.833288269000036],[86.02912189300008,26.828384081000024],[86.02740545600005,26.826837831000034],[86.02532001800006,26.825878019000072],[86.02264251800005,26.821912831000077],[86.02158095600004,26.81856133200006],[86.02330833100007,26.816461081000057],[86.02219520600005,26.813515394000035],[86.02071751900007,26.811332144000062],[86.02286951800005,26.81018258100005],[86.02506733100006,26.812088707000044],[86.02801145600006,26.813930018000065],[86.02976301800004,26.816121894000048],[86.03118101800004,26.820730456000035],[86.03233345600006,26.821446894000076],[86.03398301900006,26.81709170700003],[86.03829508100006,26.81575814400003],[86.03947670600007,26.813651769000046],[86.03852139400004,26.808908769000027],[86.03444633100008,26.801775082000063],[86.03683808100004,26.800821082000027],[86.04051608100008,26.802405331000045],[86.04014483200007,26.80722058200007],[86.04254576800008,26.80746483100006],[86.04727914400007,26.80561695600005],[86.05185333200006,26.80622308100004],[86.05302014400007,26.80869283100003],[86.05321058100003,26.81131620700006],[86.05425976900005,26.81353470600004],[86.05680576900005,26.81405714400006],[86.06135764300006,26.818097331000047],[86.06349195700005,26.81795801900006],[86.06480301900007,26.81649539400007],[86.06368376800003,26.81420433100004],[86.06362070600005,26.810821331000056],[86.06548995600008,26.811050331000047],[86.06614970600003,26.81229126900007],[86.06676526900003,26.81582233100005],[86.06798951800005,26.81893095600003],[86.07258751900008,26.82009164400006],[86.07820889300007,26.819674831000043],[86.07989639300007,26.819078769000043],[86.08527333100005,26.818863144000034],[86.08779576900008,26.817168957000035],[86.09019464400006,26.812560706000056],[86.09240995600004,26.81197464400003],[86.09260933100006,26.80893183200004],[86.09409764300005,26.808122206000064],[86.09626489400006,26.813396144000023],[86.09636651800008,26.816474769000024],[86.09778526800005,26.819701707000036],[86.09798164400007,26.82317583100007],[86.09411614400005,26.825412206000067],[86.09114120600003,26.830452394000076],[86.09051020600003,26.833273519000045],[86.09393133100008,26.839074581000034],[86.09533483100006,26.842032894000056]]]}},{"type":"Feature","properties":{"STATE_CODE":2,"DISTRICT":"DHANUSHA","GaPa_NaPa":"Ganeshman Charnath","Type_GN":"Nagarpalika","Province":"2","provinceId":"2","provinceCode":"2","provinceName":"Madhesh","districtId":"203","districtName":"Dhanusa","municipalityId":"20301","municipalityCode":"20301","municipalityName":"Ganeshman Charnath Urban Municipality","municipalityNameNe":"गणेशमान चारनाथ नगरपालिका","municipalityType":"municipality"},"geometry":{"type":"Polygon","coordinates":[[[86.05290727300007,27.018581083000072],[86.05111670600007,27.018819519000033],[86.05091089400008,27.02055795700005],[86.04911945600008,27.020890957000063],[86.04802020600005,27.019888519000062],[86.04446914400006,27.01925295600006],[86.03986889300006,27.019530769000028],[86.03266995600006,27.020465331000025],[86.02986608100008,27.019893206000063],[86.02763064400006,27.020071831000052],[86.02810489400008,27.016744519000042],[86.03123039400003,27.011862706000045],[86.03115670600005,27.01046539400005],[86.02944233100004,27.009284769000033],[86.02966151900006,27.005761644000074],[86.02820526900007,27.00423751900007],[86.03077170600005,27.00262826900007],[86.02967426900005,27.001451832000043],[86.03069845600004,26.99706545600003],[86.03193408100003,26.99585320700004],[86.03344070600008,26.99273376900004],[86.03195870700006,26.991028956000036],[86.03234314400004,26.987055644000066],[86.02930176800004,26.986524769000027],[86.02615483100004,26.982053269000062],[86.02573758100004,26.98012558100004],[86.02653876800008,26.978890019000062],[86.02645208100006,26.97546408200003],[86.02723208100008,26.97361008100006],[86.02567783100005,26.971706144000052],[86.02708601800003,26.970206269000073],[86.02584314400008,26.968523394000044],[86.02684033100007,26.967104144000075],[86.02706464400006,26.964339206000034],[86.02984001900006,26.963410644000078],[86.03100514300007,26.961042519000046],[86.03496920600008,26.957948956000052],[86.03299751900005,26.95487789400005],[86.03478776900005,26.954375644000038],[86.03482739400005,26.95216676900003],[86.03612526900008,26.950564519000068],[86.03610058100008,26.94898476900005],[86.03493620600005,26.947993019000023],[86.03763945600008,26.947835456000064],[86.03899901800008,26.94707076900005],[86.03908239300006,26.944999832000065],[86.04116883100005,26.94558945700004],[86.04149358100005,26.947311081000066],[86.03996014400008,26.952693769000064],[86.04057326900005,26.95388476900007],[86.04244651900007,26.954218018000063],[86.04520926800006,26.956642206000026],[86.04535314300006,26.958315206000066],[86.04825695600005,26.959260019000055],[86.05031395600008,26.961029456000063],[86.05151595600006,26.962930769000025],[86.05378970600003,26.962140457000032],[86.05585476900006,26.959834581000052],[86.05867895600005,26.959914394000066],[86.06039214400005,26.95762414400008],[86.06057864400003,26.956359519000046],[86.06322251800003,26.954896831000042],[86.06565708200003,26.95244208200006],[86.06810745600006,26.95076589400003],[86.06700483100008,26.94958295600003],[86.06382964400007,26.94774770600003],[86.06163370600007,26.94553295700007],[86.06096708100006,26.943369019000045],[86.05935039300005,26.941571081000063],[86.05825826900008,26.937748019000026],[86.05584070600008,26.934403519000057],[86.05510933100004,26.931223706000026],[86.05647076900004,26.92843251900007],[86.05638389400008,26.92086795700004],[86.05768645600006,26.91789808200008],[86.05764126800005,26.915045519000046],[86.05619658100005,26.91369320600006],[86.05566920600006,26.910589207000044],[86.05762051900007,26.908866956000054],[86.05920139400007,26.908627082000066],[86.05900189400006,26.90437439300007],[86.06151308100004,26.903942019000056],[86.06394539400009,26.901891207000062],[86.06572645600005,26.899068706000037],[86.06671745600005,26.892454644000054],[86.06547026900006,26.889524081000047],[86.06615370700007,26.888156706000075],[86.06792801900008,26.887281581000025],[86.06756551900008,26.88568383100005],[86.06625164400003,26.88432345600006],[86.06928295700004,26.883201644000053],[86.06917320600007,26.881282894000037],[86.07216526900004,26.878596956000024],[86.07124889400006,26.87687595600005],[86.06961445600007,26.876793018000058],[86.06838995600003,26.873946206000028],[86.07041026900004,26.87241158100005],[86.07053489400005,26.870792144000063],[86.07740401900008,26.867197331000057],[86.07866883200006,26.86447514300005],[86.07901764400003,26.861169269000072],[86.08042795600005,26.859610144000044],[86.08313576900008,26.859381769000038],[86.08842758100008,26.85609889400007],[86.09445445600005,26.855927706000045],[86.09605295600005,26.85178133100004],[86.09522664400004,26.845825457000046],[86.09533483100006,26.842032894000056],[86.09816320600004,26.84098583100007],[86.10038995600007,26.837759581000057],[86.10186239400008,26.838208956000074],[86.10407333100005,26.836760706000064],[86.10866508100008,26.832558644000073],[86.10960758100003,26.83105045600007],[86.11644601800003,26.828920206000078],[86.11800251800008,26.82967683100003],[86.11939483100008,26.83138245600003],[86.12677270600005,26.839247269000055],[86.12964276900004,26.840187894000053],[86.13475633100006,26.840162831000043],[86.13684958200008,26.83777008100003],[86.13915395600003,26.836224832000028],[86.14084864400007,26.83608395600004],[86.14466926900008,26.83711351900007],[86.14656301900004,26.839187519000063],[86.14729039300005,26.842294706000075],[86.15167801800004,26.840021644000046],[86.15300251800005,26.837188518000062],[86.15540851900005,26.83920451800003],[86.15685989400004,26.841815019000023],[86.15745176800004,26.844736269000066],[86.15602833200006,26.846792581000045],[86.15562558200008,26.851231144000053],[86.15184851800007,26.852970957000025],[86.14672651900008,26.85584433100007],[86.14499283100008,26.86092470600005],[86.14217876800006,26.863728394000077],[86.14239883100004,26.866202956000052],[86.14397633100003,26.86969670600007],[86.14292514400006,26.872863081000048],[86.13968720700007,26.877065456000025],[86.13712408100008,26.88278151800006],[86.13676901900004,26.885636143000056],[86.13733401900004,26.88696195600005],[86.13415639400006,26.88922845600007],[86.13340251900007,26.891137394000054],[86.13351426800006,26.892981706000057],[86.13564151800006,26.896223831000043],[86.13654120600006,26.898551394000037],[86.13524539400004,26.901431831000025],[86.13431170600006,26.904876393000052],[86.13420039400006,26.909156456000062],[86.13485045600004,26.91464839400004],[86.13609920600004,26.91669595600007],[86.13830158200005,26.91743826900006],[86.13975033100007,26.919969957000035],[86.14189114300007,26.92083145600003],[86.14299970600007,26.923509956000032],[86.14588445700008,26.92680845600006],[86.15022439400008,26.92929433100005],[86.15205139300008,26.931884582000066],[86.15458251900003,26.933831394000038],[86.15722389400008,26.934815206000053],[86.15946008200007,26.93497751900003],[86.16117383100004,26.93364733100003],[86.15983258100005,26.929645206000032],[86.16087320700007,26.925654956000074],[86.16553133100007,26.924161706000064],[86.16867658100006,26.922580331000063],[86.17342095700008,26.919622769000057],[86.17887664300008,26.915136957000072],[86.18087845600007,26.91414214400004],[86.18357758100007,26.910743581000077],[86.18920408100007,26.906140957000048],[86.19429333100004,26.90385258200007],[86.20231533100008,26.905191143000025],[86.20373814400006,26.90403026900003],[86.20603976900009,26.89973539400006],[86.21028183200008,26.89902126900006],[86.21600689400003,26.89713051900003],[86.21825008200005,26.895899581000037],[86.21868058200005,26.89249901900007],[86.22045214400003,26.889929519000077],[86.22334914400005,26.888160519000053],[86.22559239400005,26.88923570700007],[86.22631014400008,26.89245751900006],[86.22446520700004,26.898813269000073],[86.22509551800005,26.90110489400007],[86.22687533100003,26.903651081000078],[86.23101426900007,26.903709769000045],[86.23846514300004,26.903014518000077],[86.23995614300009,26.903306831000066],[86.24431464300005,26.905316081000024],[86.24567976900005,26.90822533100004],[86.24665845600003,26.911660582000025],[86.24860195600007,26.914771519000055],[86.25081914400005,26.914155957000048],[86.25475751900007,26.911227457000052],[86.25881639400006,26.911409019000075],[86.26160939400006,26.914109019000023],[86.26204139400005,26.918798207000066],[86.25981239400005,26.92065726900006],[86.25918726800006,26.922942207000062],[86.25963295600008,26.924332331000073],[86.25933945600008,26.92691233200003],[86.26028351800005,26.92802983100006],[86.25759945700008,26.932237831000066],[86.25496733100005,26.933417706000057],[86.25322889400007,26.935272394000037],[86.25017670600005,26.936267206000025],[86.24688083200004,26.937978206000025],[86.24543314400006,26.939340207000043],[86.24320570600008,26.94004814400006],[86.24213651900004,26.941940206000027],[86.23952489400006,26.943932269000072],[86.23763608200005,26.94669764400004],[86.23751326900003,26.94890620700005],[86.23653995600006,26.95012851900003],[86.23493933200007,26.950178519000076],[86.23106858100005,26.94889376900005],[86.22793445600007,26.949865018000025],[86.22717851900006,26.95173389400003],[86.22544289400008,26.95219820600005],[86.22472189400008,26.95387539400008],[86.22285389400008,26.95472264400007],[86.22136820600008,26.95621733100006],[86.21863364300003,26.96001133200008],[86.21701901900008,26.960516832000053],[86.21604951900008,26.962560456000062],[86.21171795600009,26.965754144000073],[86.20672401900003,26.96771420700003],[86.20451808200005,26.969416769000077],[86.20155245600006,26.969867082000064],[86.19666533100008,26.973878581000065],[86.19478626900008,26.974923956000055],[86.19469701900005,26.97679864400004],[86.19361758100007,26.978324644000054],[86.18986001900004,26.976996582000027],[86.18936326900007,26.978124269000034],[86.19043045600006,26.98038920700003],[86.18971095600006,26.98220383200004],[86.18819608100006,26.981955956000036],[86.18336358100004,26.984110143000066],[86.18122951800007,26.98410676900005],[86.17873601900004,26.98633526900005],[86.17659983100003,26.986571019000053],[86.17211976900006,26.988828394000052],[86.16953764400006,26.988472456000068],[86.16589533100006,26.991312269000048],[86.15625651900007,26.993649081000058],[86.14973208200007,26.996960831000024],[86.14710714400007,26.997463956000047],[86.14456839300004,26.998849894000045],[86.14272214400006,26.998971831000063],[86.13902020700004,27.001535206000028],[86.13405783100006,27.003558269000052],[86.12843995600008,27.006603769000037],[86.12256964300008,27.008627519000072],[86.11733964400008,27.011219206000078],[86.11418670600005,27.011993706000055],[86.10822939400003,27.015074644000038],[86.10341508100004,27.016161019000037],[86.10206826900009,27.017048269000043],[86.09926133100004,27.01714095600005],[86.09721576900006,27.01781383100007],[86.09483501900007,27.017816581000034],[86.09270364400004,27.01858589300008],[86.08904570600004,27.01886689400004],[86.08543801800005,27.018153019000067],[86.08229189300005,27.018055831000027],[86.08015789400008,27.01869626900003],[86.07466795600004,27.01843920600004],[86.07130126900006,27.01884351900003],[86.06551576900006,27.018297519000043],[86.06338601900006,27.018380394000076],[86.05810895600007,27.01786908100007],[86.05290727300007,27.018581083000072]]]}},{"type":"Feature","properties":{"STATE_CODE":2,"DISTRICT":"DHANUSHA","GaPa_NaPa":"Hansapur","Type_GN":"Nagarpalika","Province":"2","provinceId":"2","provinceCode":"2","provinceName":"Madhesh","districtId":"203","districtName":"Dhanusa","municipalityId":"20308","municipalityCode":"20308","municipalityName":"Hansapur Urban Municipality","municipalityNameNe":"हंसपुर नगरपालिका","municipalityType":"municipality"},"geometry":{"type":"Polygon","coordinates":[[[86.05185333200006,26.80622308100004],[86.04727914400007,26.80561695600005],[86.04254576800008,26.80746483100006],[86.04014483200007,26.80722058200007],[86.04051608100008,26.802405331000045],[86.04357751900005,26.79977683100003],[86.04513733100003,26.797819643000025],[86.04459883100003,26.793887331000064],[86.04118839400007,26.794001956000045],[86.03720526900008,26.792997831000037],[86.03564326800006,26.790371831000073],[86.03518801900003,26.788568018000035],[86.03508964300005,26.784853018000035],[86.03446070600006,26.780362706000062],[86.03108601900004,26.77416120600003],[86.02554339400007,26.771936582000023],[86.02488376900004,26.77255258100007],[86.02288651900005,26.776979769000036],[86.01764245600003,26.77822070600007],[86.01185364400004,26.778270707000047],[86.01043933100004,26.77762676900005],[86.01173545700004,26.774939206000056],[86.00812995600006,26.772097831000053],[86.00759589400008,26.770670206000034],[86.00518101800003,26.769132331000037],[86.00589595600007,26.77771451900003],[86.00621383100008,26.779003019000072],[86.00485164300005,26.78156814400006],[86.00473139300004,26.78451439400004],[86.00249333100004,26.788388956000063],[86.00087633100009,26.789810456000055],[85.99981126900008,26.789543456000047],[85.99989789300008,26.786508956000034],[85.99811601900007,26.783192831000065],[85.99597051800004,26.78195233100007],[85.99403026800007,26.783044268000026],[85.99179508100008,26.782010581000065],[85.99014464400005,26.779537018000042],[85.98822664400006,26.77761201800007],[85.98565439400005,26.773461894000036],[85.98856076900006,26.771011706000024],[85.98679201800007,26.768115269000077],[85.98671001900004,26.765002894000077],[85.98759564400007,26.758505769000067],[85.98703139300005,26.75207964300006],[85.98545333100003,26.75024958100005],[85.98340358100006,26.749147206000032],[85.98288408100007,26.747674519000043],[85.98345783100007,26.745415269000034],[85.98526933100004,26.74531995600006],[85.98592889400004,26.744036144000063],[85.98867770600003,26.743462331000046],[85.98901701800008,26.741088581000042],[85.98792939300006,26.73518895600006],[85.98803739300007,26.732851956000047],[85.99147314400005,26.732664269000054],[85.99461101900005,26.731115956000053],[85.99672283100006,26.732171206000032],[86.00127520600006,26.733069831000023],[86.00194320600008,26.732481019000033],[86.01452226800006,26.730797644000063],[86.01554764400004,26.730989769000075],[86.01668451800003,26.733398644000033],[86.01811276800004,26.734446581000043],[86.02140408100007,26.73406314400006],[86.02064839400003,26.731681768000044],[86.02379433100003,26.731471019000026],[86.02575408100006,26.73057508100004],[86.02504083200006,26.728191768000045],[86.02885083100006,26.727222769000036],[86.03495576900008,26.727975207000043],[86.03784495700006,26.72771276900005],[86.04239733100007,26.726536331000034],[86.04220239400007,26.725467644000048],[86.04743351900004,26.72360051900006],[86.05041183200007,26.72219883100007],[86.05485389300009,26.71850964400005],[86.05895739400006,26.720590394000055],[86.06085889300005,26.723482456000056],[86.06402064400004,26.72545076800003],[86.06517070600006,26.727209456000026],[86.06701151900006,26.732066518000067],[86.06423870600008,26.73219489400003],[86.06295876800004,26.734118081000076],[86.05994545600004,26.73494214300007],[86.05793501900007,26.73292945600008],[86.05597570600008,26.734098893000066],[86.06024839300005,26.739791269000023],[86.06234026900006,26.743492394000043],[86.05814545600003,26.74495170600005],[86.06021389400007,26.746696206000024],[86.06316195600004,26.746738269000048],[86.06329489400008,26.74880620600004],[86.06997739400003,26.750382393000052],[86.06853483200007,26.75158245600005],[86.06851826900004,26.754998831000023],[86.06785308100007,26.75796639400005],[86.06609470600006,26.760992144000056],[86.06621139400005,26.76382270700003],[86.06758933100008,26.76656220600006],[86.06896070700003,26.767566394000028],[86.07202939400008,26.771894331000055],[86.07261933100006,26.773859206000054],[86.06939758100003,26.775424456000053],[86.06232908100003,26.777350081000066],[86.06470051900004,26.780398581000043],[86.06524576800007,26.781740394000053],[86.06464801900006,26.78353939400006],[86.06497783100008,26.78759214300004],[86.05733464400004,26.788640331000067],[86.05529626800006,26.78917745700005],[86.05494995600003,26.79019964400004],[86.05094820600004,26.79078439400007],[86.05071251900006,26.79463251800007],[86.05132658200006,26.799145269000064],[86.05124870600008,26.804233269000065],[86.05185333200006,26.80622308100004]]]}},{"type":"Feature","properties":{"STATE_CODE":2,"DISTRICT":"DHANUSHA","GaPa_NaPa":"Janaknandani","Type_GN":"Gaunpalika","Province":"2","provinceId":"2","provinceCode":"2","provinceName":"Madhesh","districtId":"203","districtName":"Dhanusa","municipalityId":"20312","municipalityCode":"20312","municipalityName":"Janak Nandini Rural Municipality","municipalityNameNe":"जनक नन्दिनी गाउँपालिका","municipalityType":"rural_municipality"},"geometry":{"type":"Polygon","coordinates":[[[86.18590558100004,26.655519769000023],[86.18110476900006,26.655977394000047],[86.17690726900008,26.65672264400007],[86.17498814300006,26.656404644000077],[86.16638339400004,26.658292893000066],[86.15442520600004,26.661548518000075],[86.15112476800005,26.663501143000076],[86.14742526900005,26.667723769000077],[86.13947720600004,26.666996582000024],[86.13704208200005,26.665776769000047],[86.13660545600004,26.66317220600007],[86.13400601900008,26.661351081000078],[86.13265976900004,26.661476019000077],[86.12759351900007,26.66388220600004],[86.12520351900008,26.66450614400003],[86.12328958100005,26.66434089300003],[86.12326683100008,26.666200144000072],[86.12000364300008,26.665798644000063],[86.11926795700003,26.66427989400006],[86.11490483200004,26.664146707000043],[86.11345876800004,26.665112581000074],[86.10896383100004,26.66383201900004],[86.10813908100005,26.66212308100006],[86.10682739400005,26.661476269000048],[86.10476895600004,26.66168670600007],[86.10433439400003,26.65935739400004],[86.10476770600008,26.656819143000064],[86.10332801900006,26.655198831000064],[86.10207776800007,26.651562269000067],[86.10021476800006,26.649047894000034],[86.09916539300008,26.648720894000064],[86.09741670600005,26.64656820600004],[86.09446664400008,26.646831518000056],[86.09097264400003,26.64461576800005],[86.08999583100007,26.642944081000053],[86.10307108100005,26.63677189300006],[86.12084258100003,26.63014445600004],[86.12171995600005,26.629723394000052],[86.13415945700007,26.628899269000044],[86.13838983100004,26.62894976900003],[86.14102920700003,26.628453456000045],[86.14327251900005,26.616867768000077],[86.14183501800005,26.616378456000064],[86.14010976900005,26.612148081000043],[86.13836995600008,26.606229581000036],[86.14451408100007,26.604933019000043],[86.14647589300006,26.606894518000047],[86.14888070600006,26.608420894000062],[86.15195395600006,26.612413269000058],[86.15361533100008,26.61523945600004],[86.15552451800005,26.61963320600006],[86.15764751900008,26.625862893000033],[86.15733533200006,26.62807033100006],[86.15600101900003,26.631235269000058],[86.15453664300009,26.633036393000054],[86.15272614400004,26.634020831000043],[86.15290883100005,26.63657195600007],[86.15368508100005,26.63777033100007],[86.15591926800005,26.63919401900006],[86.16269720600008,26.640389518000063],[86.16391270600008,26.640340206000076],[86.16667720600003,26.638494706000074],[86.17007589400004,26.640396644000077],[86.17103420600006,26.64271089300007],[86.17105845700007,26.645486644000073],[86.17183670600008,26.650873268000055],[86.17362533200009,26.652201581000043],[86.17864308200006,26.652115581000032],[86.18484520700008,26.654523018000077],[86.18590558100004,26.655519769000023]]]}},{"type":"Feature","properties":{"STATE_CODE":2,"DISTRICT":"DHANUSHA","GaPa_NaPa":"Janakpur","Type_GN":"Upamahanagarpalika","Province":"2","provinceId":"2","provinceCode":"2","provinceName":"Madhesh","districtId":"203","districtName":"Dhanusa","municipalityId":"20315","municipalityCode":"20315","municipalityName":"Janakpurdham Sub-Metropolitian City","municipalityNameNe":"जनकपुरधाम उपमहानगरपालिका","municipalityType":"sub_metropolitan"},"geometry":{"type":"Polygon","coordinates":[[[85.91003358100005,26.78429801900006],[85.90811433100004,26.784515644000066],[85.90621558100008,26.781743582000047],[85.90503208100006,26.78235720600003],[85.90298645700005,26.780484269000056],[85.90206301800004,26.777882144000046],[85.90011601800006,26.775378081000042],[85.90042695600005,26.77369945600003],[85.89996664400007,26.77127914400006],[85.90012958100004,26.768527456000072],[85.89796020600005,26.76544626900005],[85.89475264300006,26.76221251900006],[85.89043820600006,26.759055768000053],[85.88470839400009,26.75956820600004],[85.88329814300005,26.756844769000054],[85.88347295600005,26.754551269000046],[85.88214564400005,26.751925519000054],[85.88319408100006,26.749548643000026],[85.88264801900004,26.747014831000058],[85.88167258100003,26.745842768000045],[85.88386908100006,26.744136144000038],[85.88382933100007,26.743253456000048],[85.88800483100005,26.74153070600005],[85.89122951800005,26.737349894000033],[85.89053683100008,26.73391220700006],[85.89097464400004,26.729682456000035],[85.89326120600003,26.726171081000075],[85.89496539300006,26.725329143000067],[85.89510326900006,26.721753644000046],[85.89587270600003,26.720468894000078],[85.89562514400006,26.717871957000057],[85.89375483100008,26.71736545600004],[85.89446501800006,26.714502956000047],[85.89310676900004,26.71344083100007],[85.89317464400006,26.711943081000072],[85.89126120600008,26.711648268000033],[85.89165064300005,26.709419644000036],[85.89081039300004,26.705825206000043],[85.88940976800006,26.704744643000026],[85.88975645600004,26.702576581000073],[85.89190895600007,26.701065706000065],[85.88917433100005,26.698063457000046],[85.89058058100005,26.697165081000037],[85.89156420600006,26.695342707000066],[85.89350176900007,26.694540957000072],[85.89385064300006,26.69158539400007],[85.89698126900004,26.689980519000073],[85.89722383100008,26.68719776900008],[85.90111983100007,26.686289332000058],[85.90489189300007,26.684113831000047],[85.90702845600003,26.681185518000063],[85.90813308100007,26.68164758100005],[85.91251708100003,26.681105769000055],[85.91426401800004,26.68026614400003],[85.91533758100007,26.676950457000032],[85.91725445600008,26.676590519000058],[85.91879333100007,26.67519189400008],[85.92131020600004,26.674601831000075],[85.92080570600007,26.672221768000043],[85.92123589300007,26.670954581000046],[85.92428570600003,26.670271456000023],[85.92682064300004,26.67075545600005],[85.93011914300007,26.67248851900007],[85.93250426800006,26.67318345700005],[85.93293345600006,26.67220733100004],[85.93636570600006,26.671962269000062],[85.94003520600006,26.67081858100005],[85.94382951800003,26.670517331000042],[85.94296920600004,26.673279769000033],[85.94374676900009,26.677216456000053],[85.94860926900003,26.684342644000026],[85.95118708100006,26.68495970600003],[85.95263458100004,26.685900144000072],[85.95800745600008,26.685695894000048],[85.95992976900004,26.684604269000033],[85.96368383100008,26.684647518000077],[85.96362414300006,26.682977206000032],[85.96665695600007,26.681408456000042],[85.96747251900007,26.679376706000028],[85.96990633100006,26.678437581000026],[85.97126701900004,26.68024364400003],[85.97168664300006,26.683101269000076],[85.97370733100007,26.685347644000046],[85.97543245600008,26.68651995700003],[85.97577070600005,26.687709331000065],[85.97873258100003,26.68897858100007],[85.97658926900004,26.69327320600007],[85.97564301800008,26.69647520600006],[85.97615139400006,26.698031393000065],[85.97824126800003,26.698224706000076],[85.98096951900004,26.699282331000063],[85.98397876900003,26.698690144000068],[85.98512739300008,26.70012901900003],[85.98415964400004,26.70354301900005],[85.98492333100006,26.705328956000074],[85.99074795600006,26.70517858100004],[85.99315651800003,26.706120957000053],[85.99603151800005,26.708770206000054],[85.99500658100004,26.71039670700003],[85.99643508100007,26.712045081000042],[85.98943526800008,26.715084706000027],[85.98612333100004,26.722568644000035],[85.98449983100005,26.725763581000024],[85.98637458100006,26.730477456000074],[85.98803739300007,26.732851956000047],[85.98792939300006,26.73518895600006],[85.98901701800008,26.741088581000042],[85.98867770600003,26.743462331000046],[85.98592889400004,26.744036144000063],[85.98526933100004,26.74531995600006],[85.98345783100007,26.745415269000034],[85.98288408100007,26.747674519000043],[85.98340358100006,26.749147206000032],[85.98545333100003,26.75024958100005],[85.98369251900004,26.750110644000074],[85.98289658100003,26.75227345600007],[85.98333839400004,26.753504143000043],[85.98216458100006,26.75462851800006],[85.98130039400007,26.757172206000064],[85.97937764300008,26.757463019000056],[85.97809295600007,26.758776144000024],[85.97448695600008,26.76010626900006],[85.97327970600008,26.76178314400005],[85.97136526900005,26.76266514300005],[85.96805352000007,26.759265268000036],[85.96437701900004,26.760174894000045],[85.96030277000006,26.762895831000037],[85.96007576800008,26.763600457000052],[85.96120489400005,26.767670519000035],[85.96102283200008,26.770343143000048],[85.96035758200009,26.771689956000046],[85.96152870700007,26.77369783100005],[85.96160589500005,26.776164769000047],[85.95891351500006,26.776788143000033],[85.95498613100006,26.77780851700004],[85.95020615900006,26.77963707400005],[85.94850774600008,26.77913029800004],[85.94621530000006,26.777371225000024],[85.94369055900006,26.77654233000004],[85.94478146200004,26.772319466000056],[85.94449552600008,26.770649761000072],[85.94620184500008,26.767661271000065],[85.94415370700005,26.76754895600004],[85.93894970600007,26.768202889000065],[85.93651876900003,26.76697514400007],[85.92848333100005,26.766230894000046],[85.92791514300006,26.76373320600004],[85.92709114300004,26.76329820600006],[85.92400808100007,26.76370808100006],[85.92183451900007,26.76141470600004],[85.91966970600004,26.761820268000065],[85.91861001900008,26.76352483100004],[85.91804764400007,26.765966581000043],[85.91820470600004,26.768725269000072],[85.91547633100004,26.768736018000027],[85.91382308200008,26.76953114400004],[85.91374664400007,26.77534789400005],[85.91295814400007,26.778548331000025],[85.91048076900006,26.781146832000047],[85.91003358100005,26.78429801900006]]]}},{"type":"Feature","properties":{"STATE_CODE":2,"DISTRICT":"DHANUSHA","GaPa_NaPa":"Kamala","Type_GN":"Nagarpalika","Province":"2","provinceId":"2","provinceCode":"2","provinceName":"Madhesh","districtId":"203","districtName":"Dhanusa","municipalityId":"20311","municipalityCode":"20311","municipalityName":"Kamala Urban Municipality","municipalityNameNe":"कमला नगरपालिका","municipalityType":"municipality"},"geometry":{"type":"Polygon","coordinates":[[[86.19628145600007,26.69939183100007],[86.19677226900006,26.700306269000066],[86.19622120600008,26.702697456000067],[86.19435714400004,26.706936144000053],[86.19488358100006,26.708006519000037],[86.19519264400003,26.71221014400004],[86.19139045600008,26.714720456000066],[86.19052751900006,26.71802383100004],[86.18903889400008,26.72005983200006],[86.18621514400007,26.721530769000026],[86.18411308100008,26.726494581000054],[86.18380476900006,26.72924139400004],[86.18200683200007,26.733545769000045],[86.17992889400006,26.736442581000063],[86.17872845600004,26.73972801800005],[86.17870976900008,26.743246019000026],[86.17734726800006,26.74736776900005],[86.17603120600006,26.748833707000074],[86.17389033100005,26.749681019000036],[86.17158514400006,26.749875144000043],[86.16559583100008,26.749641456000063],[86.16165395600007,26.75193120600005],[86.15930089400007,26.755076581000026],[86.15949495600006,26.75744489300007],[86.15675195600005,26.762905456000055],[86.15134920600008,26.76040445600006],[86.14891164400007,26.758541644000047],[86.14809695600007,26.756968457000028],[86.14685833100003,26.750017394000054],[86.14431439300006,26.748174207000034],[86.13778226900007,26.745537269000067],[86.13389014400008,26.738475144000063],[86.13330951900008,26.73661214400005],[86.13335139400004,26.73315751900003],[86.13223608100003,26.729357331000074],[86.13493339400009,26.727566268000032],[86.13879714400008,26.72739120600005],[86.14284514400003,26.726397957000074],[86.14264808100006,26.72502701800005],[86.14066639400005,26.724536581000052],[86.13912345600005,26.721259644000042],[86.14142570600006,26.712772894000068],[86.14438820600003,26.711741456000027],[86.14395814400007,26.708845894000035],[86.14390395600003,26.704706893000036],[86.14327939300006,26.702423956000075],[86.13659158100006,26.704360207000036],[86.13417551800006,26.70554376900003],[86.12583158200005,26.707345331000056],[86.12453520600008,26.705757706000043],[86.12402739400005,26.70316170600006],[86.12305139400007,26.701456456000074],[86.12015839400004,26.699669332000042],[86.11752408100006,26.696193581000045],[86.11776601900004,26.69381439400007],[86.11630870600004,26.691544144000034],[86.11688058100003,26.68779945600005],[86.11858226900006,26.685968643000024],[86.11778351900006,26.683666456000026],[86.11819389300007,26.680288518000054],[86.11541208200003,26.67959201800005],[86.11271320700007,26.679699269000025],[86.10586395600006,26.680624456000032],[86.10025620600004,26.68075151900007],[86.10035701800007,26.67798551900006],[86.10132114400005,26.677375581000035],[86.10177776900008,26.675049643000023],[86.10142433100003,26.67266214400007],[86.10360376900007,26.668525956000053],[86.10338289400005,26.665369832000067],[86.10476895600004,26.66168670600007],[86.10682739400005,26.661476269000048],[86.10813908100005,26.66212308100006],[86.10896383100004,26.66383201900004],[86.11345876800004,26.665112581000074],[86.11490483200004,26.664146707000043],[86.11926795700003,26.66427989400006],[86.12000364300008,26.665798644000063],[86.12326683100008,26.666200144000072],[86.12328958100005,26.66434089300003],[86.12520351900008,26.66450614400003],[86.12759351900007,26.66388220600004],[86.13265976900004,26.661476019000077],[86.13400601900008,26.661351081000078],[86.13660545600004,26.66317220600007],[86.13704208200005,26.665776769000047],[86.13947720600004,26.666996582000024],[86.14742526900005,26.667723769000077],[86.15112476800005,26.663501143000076],[86.15442520600004,26.661548518000075],[86.16638339400004,26.658292893000066],[86.17498814300006,26.656404644000077],[86.17690726900008,26.65672264400007],[86.18110476900006,26.655977394000047],[86.18590558100004,26.655519769000023],[86.18823683100004,26.65992908100003],[86.19127076800004,26.66334945600005],[86.19506614400007,26.664005081000028],[86.19903064300007,26.666579769000066],[86.20012964300008,26.66918564300005],[86.19909264300009,26.674512269000047],[86.19937564400004,26.676799894000055],[86.20250239400008,26.684900894000066],[86.20196301900006,26.686545144000036],[86.19936914300007,26.688559207000026],[86.19726014300005,26.697418268000035],[86.19547333200006,26.69796776800007],[86.19628145600007,26.69939183100007]]]}},{"type":"Feature","properties":{"STATE_CODE":2,"DISTRICT":"DHANUSHA","GaPa_NaPa":"Lakshminiya","Type_GN":"Gaunpalika","Province":"2","provinceId":"2","provinceCode":"2","provinceName":"Madhesh","districtId":"203","districtName":"Dhanusa","municipalityId":"20306","municipalityCode":"20306","municipalityName":"Laxminiya Rural Municipality","municipalityNameNe":"लक्ष्मीनिया गाउँपालिका","municipalityType":"rural_municipality"},"geometry":{"type":"Polygon","coordinates":[[[85.92783158100008,26.831317393000063],[85.92701195600006,26.83170608100005],[85.92554570600004,26.83455170600007],[85.92001545600004,26.83346483100007],[85.91837083100006,26.832520269000042],[85.91777514400007,26.828375082000036],[85.91870270600003,26.82387370600003],[85.91788420600005,26.819112956000026],[85.91645926900009,26.816811707000056],[85.91468726800008,26.812898893000067],[85.91362464300005,26.811753456000076],[85.91355214300006,26.810125956000036],[85.91473220700004,26.806698394000023],[85.91413414400006,26.80575058100004],[85.91175808200006,26.806269394000026],[85.91108183100005,26.804993769000077],[85.91301639300008,26.802154144000042],[85.91119020600007,26.79779858200004],[85.91039058100006,26.79447314400005],[85.91233914400004,26.792973956000026],[85.91145495600006,26.790566269000067],[85.91097533100003,26.785040894000076],[85.91003358100005,26.78429801900006],[85.91048076900006,26.781146832000047],[85.91295814400007,26.778548331000025],[85.91374664400007,26.77534789400005],[85.91382308200008,26.76953114400004],[85.91547633100004,26.768736018000027],[85.91820470600004,26.768725269000072],[85.91804764400007,26.765966581000043],[85.91861001900008,26.76352483100004],[85.91966970600004,26.761820268000065],[85.92183451900007,26.76141470600004],[85.92400808100007,26.76370808100006],[85.92709114300004,26.76329820600006],[85.92791514300006,26.76373320600004],[85.92848333100005,26.766230894000046],[85.93651876900003,26.76697514400007],[85.93894970600007,26.768202889000065],[85.94415370700005,26.76754895600004],[85.94620184500008,26.767661271000065],[85.94449552600008,26.770649761000072],[85.94478146200004,26.772319466000056],[85.94369055900006,26.77654233000004],[85.94621530000006,26.777371225000024],[85.94850774600008,26.77913029800004],[85.95020615900006,26.77963707400005],[85.95498613100006,26.77780851700004],[85.95891351500006,26.776788143000033],[85.96029668200003,26.780920988000048],[85.96256636400005,26.786425519000034],[85.96275581800006,26.78757545700006],[85.96124152300007,26.787778763000063],[85.95788289400008,26.789672144000065],[85.96097901900004,26.792344081000067],[85.96228151900004,26.796419895000042],[85.96398708100008,26.799395206000042],[85.96529095600005,26.800221581000073],[85.96968876800008,26.799567643000046],[85.97278614400005,26.800003081000057],[85.97555133200007,26.806684457000074],[85.97531526800003,26.809970519000046],[85.97293176900007,26.81276708100006],[85.97214195600003,26.815800894000063],[85.96934951800006,26.812788457000067],[85.96604670600004,26.811721831000057],[85.95799158100004,26.811518394000075],[85.95515926800005,26.813214706000053],[85.94783420700008,26.816405332000045],[85.94487633100005,26.817985457000077],[85.94579995600003,26.823629082000025],[85.94714739300008,26.827443581000068],[85.94912720600007,26.830653581000036],[85.94692601800006,26.831767768000077],[85.94444564400004,26.83195683100007],[85.94167533100006,26.829785581000067],[85.93720639300005,26.828179331000058],[85.93573176800004,26.827274706000026],[85.93223333100008,26.827178394000043],[85.93014739300008,26.827889269000025],[85.92783158100008,26.831317393000063]]]}},{"type":"Feature","properties":{"STATE_CODE":2,"DISTRICT":"DHANUSHA","GaPa_NaPa":"Mithila","Type_GN":"Nagarpalika","Province":"2","provinceId":"2","provinceCode":"2","provinceName":"Madhesh","districtId":"203","districtName":"Dhanusa","municipalityId":"20303","municipalityCode":"20303","municipalityName":"Mithila Urban Municipality","municipalityNameNe":"मिथिला नगरपालिका","municipalityType":"municipality"},"geometry":{"type":"Polygon","coordinates":[[[86.02763064400006,27.020071831000052],[86.02393751900007,27.019015082000067],[86.01763139300004,27.019835457000056],[86.01479114400007,27.018360206000068],[86.01330901900008,27.02005570700004],[86.01160795600003,27.019831644000078],[86.00756989300004,27.021719019000045],[86.00521601900004,27.02066889400004],[86.00325589400006,27.02090326900003],[86.00064358100008,27.022838894000074],[85.99722876900006,27.024010519000058],[85.99399183100007,27.02451770600004],[85.99130970600004,27.02651583200003],[85.98934583100004,27.028848519000064],[85.98819164400004,27.032723581000027],[85.98541039400004,27.034271769000043],[85.98480845600005,27.036537457000065],[85.97990289400008,27.041400769000063],[85.97719039300006,27.04490564400004],[85.97625176900004,27.047426081000026],[85.97397845600005,27.04954639400006],[85.97213220600008,27.05357645600003],[85.97294208100004,27.055489082000065],[85.97176064300004,27.058495081000046],[85.97201264400007,27.060712769000077],[85.97013320600007,27.06516908100008],[85.96845639400004,27.06672045600004],[85.96910570600005,27.06955258100004],[85.96836895700005,27.07266114400005],[85.96765701900006,27.07353358200004],[85.96553620600008,27.07290426900005],[85.96411395600006,27.076389019000032],[85.96450895600003,27.079144832000054],[85.95792408100004,27.083920394000074],[85.95569601900007,27.08321339400004],[85.95254270600003,27.083605144000046],[85.95339251900003,27.08619058100004],[85.95280345600008,27.087864956000033],[85.95039833100003,27.08789895700005],[85.94869595700004,27.09032770700003],[85.94644883100005,27.091757207000057],[85.94553101800005,27.094498644000055],[85.94311395600005,27.098273644000074],[85.93933851900005,27.106370519000052],[85.93821676800007,27.109879831000057],[85.93848864400007,27.112499332000027],[85.94053689300006,27.11865001900003],[85.94044808100006,27.121115644000042],[85.93228808100008,27.12503414400004],[85.92367226900006,27.127012707000063],[85.92207964300007,27.128523519000055],[85.91829745600006,27.128900644000055],[85.91623570600007,27.12952776900005],[85.91438714400005,27.131900769000026],[85.91137026800004,27.132376082000064],[85.90791014300004,27.133531580000067],[85.90600451800003,27.13215395700007],[85.90454839400007,27.128105832000074],[85.90315064300006,27.126872019000075],[85.90810551800007,27.119227581000075],[85.91128895600008,27.11619476900006],[85.91661095600006,27.113780956000028],[85.91846376900008,27.11180733200007],[85.91889064300005,27.109669207000024],[85.92143920600006,27.106326769000077],[85.92397345600006,27.104396707000035],[85.93351483100008,27.10064926900003],[85.93599539400003,27.09939320600006],[85.93919251800008,27.096481769000036],[85.94078164400008,27.09245026900004],[85.94106083100007,27.089780706000056],[85.94035426800008,27.08542270600003],[85.93807601900005,27.08136876900005],[85.93712526800005,27.077094706000025],[85.93807170600007,27.074367082000037],[85.94594701900007,27.06671608100004],[85.94732939400006,27.06298745600003],[85.94748833100005,27.060238081000023],[85.94609108100008,27.05777708100004],[85.94228033100006,27.052425581000023],[85.93840933100006,27.048659706000024],[85.93605564400008,27.04429833200004],[85.93323139300009,27.042013707000024],[85.92947570600006,27.041306019000046],[85.92723658100005,27.041740331000028],[85.92270451800005,27.041883894000023],[85.92033445600003,27.042698332000043],[85.91836283100008,27.04214389400005],[85.91735664400005,27.040967332000037],[85.91629820600008,27.037360144000047],[85.91672245600006,27.03585389400007],[85.91854120600004,27.035033019000025],[85.92309245600006,27.03664964400008],[85.92673826800007,27.034355644000073],[85.92917001900008,27.03059458200005],[85.92920095600005,27.02822333200004],[85.92791214400006,27.025972832000036],[85.92573395600004,27.023444831000063],[85.92293914300006,27.02089176900006],[85.91919164300003,27.01805826900005],[85.91749551900006,27.016070832000025],[85.91570851800003,27.012857456000063],[85.91371876800008,27.00723258200003],[85.91459639400006,27.00206083100005],[85.91647089400004,27.00032195700004],[85.91592583100004,26.995364894000033],[85.91585514400003,26.990068394000048],[85.91491314400008,26.98749339400007],[85.91212395600007,26.981625394000048],[85.91075520600003,26.976253519000068],[85.91139964400008,26.971601144000033],[85.91063008100008,26.967461394000054],[85.90855933100005,26.96060833200005],[85.90978339400004,26.958523769000067],[85.92007708100004,26.95875645600006],[85.92038470600005,26.958088644000043],[85.91930014400003,26.953784019000068],[85.91926170600004,26.94814708100006],[85.91781670600005,26.946405269000024],[85.91615420600004,26.94226545600003],[85.91737183100008,26.938120644000037],[85.91687651900008,26.93435983100005],[85.91516701800003,26.93192551900006],[85.91544239400008,26.92935976800004],[85.92007858100004,26.931617894000055],[85.92322839400003,26.93215195700003],[85.92586951900006,26.933830581000052],[85.92832726900008,26.93361008200003],[85.92772695600007,26.928370519000055],[85.92808614300003,26.924395081000057],[85.92963764400008,26.92191120600006],[85.93076776900006,26.91909464400004],[85.93582283100005,26.91604370600004],[85.93856258100004,26.915197831000057],[85.94255339300008,26.91492539400008],[85.94114289300006,26.913432331000024],[85.93988826900005,26.909604956000067],[85.94050145600005,26.906511394000063],[85.94332858100006,26.90367820700004],[85.94261945600005,26.90064233100003],[85.94402020600006,26.899684769000032],[85.94399576900008,26.89832395700006],[85.94258964400007,26.896505956000055],[85.94342683100007,26.89458295700007],[85.94177026900007,26.893929643000035],[85.94253820600005,26.892407768000055],[85.94244239400007,26.889992644000074],[85.94312339400005,26.888585144000047],[85.94512483100004,26.88738614400006],[85.94502389400003,26.885354519000032],[85.94641376800007,26.88202301900003],[85.94561908200006,26.879178457000023],[85.94715726800007,26.877513332000035],[85.94600114400004,26.876177894000023],[85.94542639300005,26.872486457000036],[85.94573726800007,26.869661393000058],[85.94701395600003,26.866640456000027],[85.94656808100007,26.865371207000067],[85.94766208100003,26.864029894000055],[85.95024095600007,26.866671206000035],[85.95432445600005,26.868743581000047],[85.95968020600003,26.86888695600004],[85.96216420600007,26.869555081000044],[85.96475889400006,26.871198769000046],[85.96624714400008,26.873874581000052],[85.96698483100005,26.876215457000058],[85.97020639300007,26.881530519000023],[85.97427670600007,26.881438269000057],[85.97918633100005,26.880785582000044],[85.98089864300005,26.880238332000033],[85.98465201800008,26.879987769000024],[85.98538170600006,26.878203582000026],[85.98708720700006,26.87809401900006],[85.98958520600007,26.880594019000057],[85.98772608100006,26.886673331000054],[85.98787714400004,26.887974144000054],[85.98956114300006,26.89076626900004],[85.99267795600008,26.898923206000063],[85.99570864300006,26.90288014300006],[85.99685895600004,26.90721183100004],[85.99812201800006,26.90681008100006],[86.00240345600008,26.90678851900003],[86.00393114400003,26.904836144000058],[86.00397533100005,26.902801081000064],[86.00287145600004,26.901252081000052],[86.00226133100006,26.898363957000072],[86.00270501800009,26.896776206000027],[86.00820914300004,26.89630051900008],[86.01132689400004,26.89521439400005],[86.01020008100005,26.89917570600005],[86.01337964400005,26.904742269000053],[86.01529351800008,26.907610082000076],[86.01500264400005,26.91027076900008],[86.01372339300008,26.913231394000036],[86.01294945700005,26.91665139400004],[86.01300901900004,26.921085832000074],[86.01388589400005,26.922985206000078],[86.01305020600006,26.92492895600003],[86.00964070600008,26.926211644000034],[86.01011170700008,26.92827289300004],[86.01219064400004,26.929350269000054],[86.01577070600007,26.932536644000038],[86.01740414300008,26.93539351900006],[86.02130045600006,26.939744019000045],[86.02343814300008,26.940729144000045],[86.02592101900007,26.943691019000028],[86.02805926800005,26.945098081000026],[86.03216751900004,26.94625233100004],[86.03493620600005,26.947993019000023],[86.03610058100008,26.94898476900005],[86.03612526900008,26.950564519000068],[86.03482739400005,26.95216676900003],[86.03478776900005,26.954375644000038],[86.03299751900005,26.95487789400005],[86.03496920600008,26.957948956000052],[86.03100514300007,26.961042519000046],[86.02984001900006,26.963410644000078],[86.02706464400006,26.964339206000034],[86.02684033100007,26.967104144000075],[86.02584314400008,26.968523394000044],[86.02708601800003,26.970206269000073],[86.02567783100005,26.971706144000052],[86.02723208100008,26.97361008100006],[86.02645208100006,26.97546408200003],[86.02653876800008,26.978890019000062],[86.02573758100004,26.98012558100004],[86.02615483100004,26.982053269000062],[86.02930176800004,26.986524769000027],[86.03234314400004,26.987055644000066],[86.03195870700006,26.991028956000036],[86.03344070600008,26.99273376900004],[86.03193408100003,26.99585320700004],[86.03069845600004,26.99706545600003],[86.02967426900005,27.001451832000043],[86.03077170600005,27.00262826900007],[86.02820526900007,27.00423751900007],[86.02966151900006,27.005761644000074],[86.02944233100004,27.009284769000033],[86.03115670600005,27.01046539400005],[86.03123039400003,27.011862706000045],[86.02810489400008,27.016744519000042],[86.02763064400006,27.020071831000052]]]}},{"type":"Feature","properties":{"STATE_CODE":2,"DISTRICT":"DHANUSHA","GaPa_NaPa":"Mithila Bihari","Type_GN":"Nagarpalika","Province":"2","provinceId":"2","provinceCode":"2","provinceName":"Madhesh","districtId":"203","districtName":"Dhanusa","municipalityId":"20307","municipalityCode":"20307","municipalityName":"Mithila Bihari Urban Municipality","municipalityNameNe":"मिथिला बिहारी नगरपालिका","municipalityType":"municipality"},"geometry":{"type":"Polygon","coordinates":[[[86.04051608100008,26.802405331000045],[86.03683808100004,26.800821082000027],[86.03444633100008,26.801775082000063],[86.03852139400004,26.808908769000027],[86.03947670600007,26.813651769000046],[86.03829508100006,26.81575814400003],[86.03398301900006,26.81709170700003],[86.03233345600006,26.821446894000076],[86.03118101800004,26.820730456000035],[86.02976301800004,26.816121894000048],[86.02801145600006,26.813930018000065],[86.02506733100006,26.812088707000044],[86.02286951800005,26.81018258100005],[86.02071751900007,26.811332144000062],[86.02219520600005,26.813515394000035],[86.02330833100007,26.816461081000057],[86.02158095600004,26.81856133200006],[86.02264251800005,26.821912831000077],[86.02532001800006,26.825878019000072],[86.02740545600005,26.826837831000034],[86.02912189300008,26.828384081000024],[86.02987714400007,26.833288269000036],[86.02411558100005,26.83514639400005],[86.01966176900004,26.83728183100004],[86.01573370600005,26.83823389400004],[86.01478595600008,26.838962956000046],[86.00850239300007,26.840257206000047],[86.00228301900006,26.842930331000048],[86.00205814400005,26.83945364400006],[85.99742308100008,26.834361769000054],[85.99738245700007,26.833082018000027],[85.99962801900006,26.831624393000027],[85.99981433100004,26.826273206000053],[85.99900726900006,26.82394776900003],[85.99694608100003,26.822687581000025],[85.99356564400006,26.823683519000042],[85.99274758100006,26.823077456000078],[85.99243470600004,26.820489268000074],[85.99152901900004,26.817777207000063],[85.98935483100007,26.813514894000036],[85.98729358100007,26.806674144000056],[85.98677126900003,26.803930956000045],[85.98356776900005,26.80460301900007],[85.98269245600005,26.802541019000046],[85.98375083100007,26.800569644000063],[85.98236433100004,26.794083331000024],[85.98123533100005,26.790871018000075],[85.97832239300004,26.787668331000077],[85.97650158100004,26.78725576900007],[85.97270608100007,26.79087933200003],[85.96850808100004,26.789183519000062],[85.96746476800007,26.788192082000023],[85.96446283100005,26.78729914400003],[85.96275581800006,26.78757545700006],[85.96256636400005,26.786425519000034],[85.96029668200003,26.780920988000048],[85.95891351500006,26.776788143000033],[85.96160589500005,26.776164769000047],[85.96152870700007,26.77369783100005],[85.96035758200009,26.771689956000046],[85.96102283200008,26.770343143000048],[85.96120489400005,26.767670519000035],[85.96007576800008,26.763600457000052],[85.96030277000006,26.762895831000037],[85.96437701900004,26.760174894000045],[85.96805352000007,26.759265268000036],[85.97136526900005,26.76266514300005],[85.97327970600008,26.76178314400005],[85.97448695600008,26.76010626900006],[85.97809295600007,26.758776144000024],[85.97937764300008,26.757463019000056],[85.98130039400007,26.757172206000064],[85.98216458100006,26.75462851800006],[85.98333839400004,26.753504143000043],[85.98289658100003,26.75227345600007],[85.98369251900004,26.750110644000074],[85.98545333100003,26.75024958100005],[85.98703139300005,26.75207964300006],[85.98759564400007,26.758505769000067],[85.98671001900004,26.765002894000077],[85.98679201800007,26.768115269000077],[85.98856076900006,26.771011706000024],[85.98565439400005,26.773461894000036],[85.98822664400006,26.77761201800007],[85.99014464400005,26.779537018000042],[85.99179508100008,26.782010581000065],[85.99403026800007,26.783044268000026],[85.99597051800004,26.78195233100007],[85.99811601900007,26.783192831000065],[85.99989789300008,26.786508956000034],[85.99981126900008,26.789543456000047],[86.00087633100009,26.789810456000055],[86.00249333100004,26.788388956000063],[86.00473139300004,26.78451439400004],[86.00485164300005,26.78156814400006],[86.00621383100008,26.779003019000072],[86.00589595600007,26.77771451900003],[86.00518101800003,26.769132331000037],[86.00759589400008,26.770670206000034],[86.00812995600006,26.772097831000053],[86.01173545700004,26.774939206000056],[86.01043933100004,26.77762676900005],[86.01185364400004,26.778270707000047],[86.01764245600003,26.77822070600007],[86.02288651900005,26.776979769000036],[86.02488376900004,26.77255258100007],[86.02554339400007,26.771936582000023],[86.03108601900004,26.77416120600003],[86.03446070600006,26.780362706000062],[86.03508964300005,26.784853018000035],[86.03518801900003,26.788568018000035],[86.03564326800006,26.790371831000073],[86.03720526900008,26.792997831000037],[86.04118839400007,26.794001956000045],[86.04459883100003,26.793887331000064],[86.04513733100003,26.797819643000025],[86.04357751900005,26.79977683100003],[86.04051608100008,26.802405331000045]]]}},{"type":"Feature","properties":{"STATE_CODE":2,"DISTRICT":"DHANUSHA","GaPa_NaPa":"Mukhiyapatti Musarmiya","Type_GN":"Gaunpalika","Province":"2","provinceId":"2","provinceCode":"2","provinceName":"Madhesh","districtId":"203","districtName":"Dhanusa","municipalityId":"20318","municipalityCode":"20318","municipalityName":"Mukhiyapatti Musaharmiya Rural Municipality","municipalityNameNe":"मुखियापट्टी मुसहरमिया गाउँपालिका","municipalityType":"rural_municipality"},"geometry":{"type":"Polygon","coordinates":[[[85.88240495600007,26.635398268000074],[85.88055083100005,26.63665864400008],[85.87757333100006,26.63682020600004],[85.87643508100007,26.633979269000065],[85.87451208100003,26.634381519000044],[85.87404345600004,26.63240108100007],[85.87259051800004,26.630643019000047],[85.87156495600004,26.628132393000044],[85.86777401800003,26.628406893000033],[85.86538764300008,26.627273143000025],[85.86489526800005,26.626055206000046],[85.86582751900005,26.623977581000076],[85.86441389400005,26.617954894000036],[85.85720083100006,26.618580894000047],[85.85677476900008,26.616772206000064],[85.85436083100006,26.614597768000067],[85.85313820600004,26.61047651900003],[85.85453883100007,26.609585206000077],[85.85645408100004,26.610331706000068],[85.85650489400007,26.606234268000037],[85.85492326800005,26.603937893000023],[85.86005745600005,26.589544018000026],[85.85062958100008,26.576560769000025],[85.85137620600005,26.568603456000062],[85.85464114300004,26.568480769000075],[85.85554933100008,26.57033395600007],[85.85915089300005,26.57173483100007],[85.86241014400008,26.569908269000052],[85.86653858100004,26.57186376900006],[85.86804970600008,26.57346214300003],[85.87084333100006,26.574928518000036],[85.87135889400008,26.577606581000055],[85.87291889400007,26.57929333100003],[85.87459401900009,26.57824376900004],[85.87805101900005,26.580872894000038],[85.88054414300007,26.581300894000037],[85.88211120600005,26.583596831000023],[85.88473414400005,26.583394018000035],[85.88776101900004,26.582007331000057],[85.89032970600005,26.58319626900004],[85.89063451900006,26.585814019000054],[85.89455514400004,26.59452995600003],[85.89635045600005,26.594600331000038],[85.89830208100005,26.593390144000068],[85.89953308100007,26.59419851800004],[85.90274939400007,26.594575331000044],[85.90354595600007,26.597643643000026],[85.90257795600007,26.599583581000047],[85.90484170600007,26.600307331000067],[85.90495708100008,26.601197331000037],[85.90800595600007,26.601888706000068],[85.90865333100004,26.603267893000066],[85.91194608100005,26.604351456000074],[85.91479870600006,26.60392639300005],[85.91500733100008,26.60589576900003],[85.91622045600008,26.608594894000078],[85.91758695600004,26.608178706000047],[85.92413776800004,26.609677144000045],[85.92581776800006,26.608854894000046],[85.92738064400004,26.60951433100007],[85.92946720600008,26.60934495600003],[85.92870564400005,26.611324956000033],[85.93138595600004,26.613924456000063],[85.93096958100006,26.614896144000056],[85.92996895600004,26.61558589400005],[85.92275195600007,26.619053956000073],[85.92072214300003,26.61974714400003],[85.91937708100005,26.618071581000038],[85.92075676800005,26.61636026900004],[85.91973589400004,26.614190706000045],[85.91763708100007,26.613351144000035],[85.91440733100006,26.61497151900005],[85.91151858100005,26.614468893000037],[85.90418058100005,26.614159768000036],[85.90356570600005,26.61601220600005],[85.89889733100006,26.616815581000026],[85.89890364400009,26.620317831000023],[85.89792770600008,26.622070394000048],[85.89725489300008,26.625792956000055],[85.89612689300003,26.626287456000057],[85.89191714300006,26.62638558100008],[85.88882751900007,26.628597832000025],[85.88866958100004,26.631356269000037],[85.88417664400004,26.633449019000068],[85.88258264300003,26.633231144000035],[85.88240495600007,26.635398268000074]]]}},{"type":"Feature","properties":{"STATE_CODE":2,"DISTRICT":"DHANUSHA","GaPa_NaPa":"Nagarain","Type_GN":"Nagarpalika","Province":"2","provinceId":"2","provinceCode":"2","provinceName":"Madhesh","districtId":"203","districtName":"Dhanusa","municipalityId":"20317","municipalityCode":"20317","municipalityName":"Nagarain Urban Municipality","municipalityNameNe":"नगराइन नगरपालिका","municipalityType":"municipality"},"geometry":{"type":"Polygon","coordinates":[[[85.94382951800003,26.670517331000042],[85.94003520600006,26.67081858100005],[85.93636570600006,26.671962269000062],[85.93293345600006,26.67220733100004],[85.93250426800006,26.67318345700005],[85.93011914300007,26.67248851900007],[85.92682064300004,26.67075545600005],[85.92428570600003,26.670271456000023],[85.92123589300007,26.670954581000046],[85.92080570600007,26.672221768000043],[85.92131020600004,26.674601831000075],[85.91879333100007,26.67519189400008],[85.91725445600008,26.676590519000058],[85.91533758100007,26.676950457000032],[85.91426401800004,26.68026614400003],[85.91251708100003,26.681105769000055],[85.90813308100007,26.68164758100005],[85.90880133100006,26.67890645600005],[85.90806826900007,26.675238456000045],[85.90639489400007,26.673007331000065],[85.90597508100007,26.671201206000035],[85.90476514400007,26.670467519000056],[85.89966520600007,26.66889820600005],[85.89945708100004,26.667515581000032],[85.90039795600006,26.665925206000054],[85.90561408100007,26.664349831000038],[85.90825270600004,26.664013581000063],[85.90674620600004,26.656512519000046],[85.90775458100006,26.653640893000045],[85.90637576900008,26.652524581000023],[85.90414245600005,26.652726269000027],[85.90091364300008,26.651717518000055],[85.89742151800004,26.64672151900004],[85.89327733100004,26.645998831000043],[85.89126264400005,26.644342644000062],[85.89011464400005,26.64428176800004],[85.88986670600008,26.642133831000024],[85.88731608100005,26.641800269000043],[85.88519345600008,26.64073883100008],[85.88424895600008,26.637150331000043],[85.88240495600007,26.635398268000074],[85.88258264300003,26.633231144000035],[85.88417664400004,26.633449019000068],[85.88866958100004,26.631356269000037],[85.88882751900007,26.628597832000025],[85.89191714300006,26.62638558100008],[85.89612689300003,26.626287456000057],[85.89725489300008,26.625792956000055],[85.89792770600008,26.622070394000048],[85.89890364400009,26.620317831000023],[85.89889733100006,26.616815581000026],[85.90356570600005,26.61601220600005],[85.90418058100005,26.614159768000036],[85.91151858100005,26.614468893000037],[85.91440733100006,26.61497151900005],[85.91763708100007,26.613351144000035],[85.91973589400004,26.614190706000045],[85.92075676800005,26.61636026900004],[85.91937708100005,26.618071581000038],[85.92072214300003,26.61974714400003],[85.92275195600007,26.619053956000073],[85.92996895600004,26.61558589400005],[85.93096958100006,26.614896144000056],[85.93295914300006,26.615718956000023],[85.93504676900005,26.61320945600005],[85.93824876800005,26.615237268000044],[85.94034845600004,26.615902831000028],[85.94230408100003,26.614283519000026],[85.94262620600006,26.612932018000038],[85.94483183100004,26.613300456000047],[85.94789514400009,26.612470143000053],[85.95002458100004,26.616680831000053],[85.94846395600007,26.618005206000078],[85.94845808100007,26.620880081000053],[85.95177076900006,26.62441345600007],[85.95373683100007,26.623927019000064],[85.95789333100004,26.630551269000023],[85.95652776900005,26.63358308100004],[85.95550776900006,26.63432933100006],[85.95476008100007,26.637128706000055],[85.95625626800006,26.638933706000046],[85.95628133100007,26.64149283100005],[85.95566383100004,26.643295831000046],[85.95718058100005,26.64496101800006],[85.95700183100007,26.646494206000057],[85.95988658100003,26.648659081000062],[85.96389133100007,26.65080726900004],[85.96518876800008,26.65265351900007],[85.96617720600005,26.65663683100007],[85.96519701900007,26.664060581000058],[85.96710726800006,26.665999331000023],[85.96438195600007,26.665972644000078],[85.96078145700005,26.667246206000073],[85.96114114400007,26.66954601900005],[85.95813301800007,26.670022706000054],[85.95429120600005,26.671840393000025],[85.95351001800003,26.669018394000034],[85.95127239300007,26.668977081000037],[85.94982089300004,26.66979901900004],[85.94671008100005,26.669448831000068],[85.94382951800003,26.670517331000042]]]}},{"type":"Feature","properties":{"STATE_CODE":2,"DISTRICT":"DHANUSHA","GaPa_NaPa":"Sabaila","Type_GN":"Nagarpalika","Province":"2","provinceId":"2","provinceCode":"2","provinceName":"Madhesh","districtId":"203","districtName":"Dhanusa","municipalityId":"20309","municipalityCode":"20309","municipalityName":"Sabaila Urban Municipality","municipalityNameNe":"सबैला नगरपालिका","municipalityType":"municipality"},"geometry":{"type":"Polygon","coordinates":[[[86.15494639400004,26.812664144000053],[86.15609733200006,26.814704206000044],[86.15726664400006,26.818980706000048],[86.15716333200004,26.821216332000063],[86.15626733100004,26.823074957000074],[86.15210589400004,26.829190268000048],[86.15169889400005,26.83067945600004],[86.15202751900006,26.835151706000033],[86.15300251800005,26.837188518000062],[86.15167801800004,26.840021644000046],[86.14729039300005,26.842294706000075],[86.14656301900004,26.839187519000063],[86.14466926900008,26.83711351900007],[86.14084864400007,26.83608395600004],[86.13915395600003,26.836224832000028],[86.13684958200008,26.83777008100003],[86.13475633100006,26.840162831000043],[86.12964276900004,26.840187894000053],[86.12677270600005,26.839247269000055],[86.11939483100008,26.83138245600003],[86.11800251800008,26.82967683100003],[86.11644601800003,26.828920206000078],[86.10960758100003,26.83105045600007],[86.10866508100008,26.832558644000073],[86.10407333100005,26.836760706000064],[86.10186239400008,26.838208956000074],[86.10038995600007,26.837759581000057],[86.09816320600004,26.84098583100007],[86.09533483100006,26.842032894000056],[86.09393133100008,26.839074581000034],[86.09051020600003,26.833273519000045],[86.09114120600003,26.830452394000076],[86.09411614400005,26.825412206000067],[86.09798164400007,26.82317583100007],[86.09778526800005,26.819701707000036],[86.09636651800008,26.816474769000024],[86.09626489400006,26.813396144000023],[86.09409764300005,26.808122206000064],[86.09260933100006,26.80893183200004],[86.09240995600004,26.81197464400003],[86.09019464400006,26.812560706000056],[86.08779576900008,26.817168957000035],[86.08527333100005,26.818863144000034],[86.07989639300007,26.819078769000043],[86.07820889300007,26.819674831000043],[86.07258751900008,26.82009164400006],[86.06798951800005,26.81893095600003],[86.06676526900003,26.81582233100005],[86.06614970600003,26.81229126900007],[86.06548995600008,26.811050331000047],[86.06362070600005,26.810821331000056],[86.06368376800003,26.81420433100004],[86.06480301900007,26.81649539400007],[86.06349195700005,26.81795801900006],[86.06135764300006,26.818097331000047],[86.05680576900005,26.81405714400006],[86.05425976900005,26.81353470600004],[86.05321058100003,26.81131620700006],[86.05302014400007,26.80869283100003],[86.05185333200006,26.80622308100004],[86.05124870600008,26.804233269000065],[86.05132658200006,26.799145269000064],[86.05071251900006,26.79463251800007],[86.05094820600004,26.79078439400007],[86.05494995600003,26.79019964400004],[86.05529626800006,26.78917745700005],[86.05733464400004,26.788640331000067],[86.06497783100008,26.78759214300004],[86.06464801900006,26.78353939400006],[86.06524576800007,26.781740394000053],[86.06470051900004,26.780398581000043],[86.06232908100003,26.777350081000066],[86.06939758100003,26.775424456000053],[86.07261933100006,26.773859206000054],[86.07202939400008,26.771894331000055],[86.06896070700003,26.767566394000028],[86.06758933100008,26.76656220600006],[86.06621139400005,26.76382270700003],[86.06609470600006,26.760992144000056],[86.06785308100007,26.75796639400005],[86.06851826900004,26.754998831000023],[86.06853483200007,26.75158245600005],[86.06997739400003,26.750382393000052],[86.07110426800006,26.751486519000025],[86.08442989400004,26.750975206000078],[86.09226070600005,26.750802143000044],[86.09034883100009,26.74668964400007],[86.08933933200007,26.745581956000024],[86.09521020700004,26.744211394000047],[86.09556876800008,26.74900895600007],[86.10078126900004,26.753417644000024],[86.10193376900008,26.755620644000032],[86.10209189400007,26.758169331000033],[86.10302776900005,26.759283269000036],[86.10274433100005,26.76183820600005],[86.10355583100005,26.763506457000062],[86.10681814400004,26.765375206000044],[86.10792801900004,26.767431144000057],[86.10972458200007,26.767438019000053],[86.11109501900006,26.768489144000057],[86.11316945600004,26.774716769000065],[86.11368126900004,26.77809583100003],[86.11321501900005,26.78167414400008],[86.11355201900005,26.784668518000046],[86.11795614400006,26.78497351900006],[86.12331570600008,26.786638331000063],[86.12505233200005,26.787662269000066],[86.12662626900004,26.78697470700007],[86.12671020600004,26.783069081000065],[86.12635676800005,26.780142268000077],[86.12555401900005,26.77903614400003],[86.12850970600005,26.777991519000068],[86.13201839300007,26.778407956000024],[86.13435414300005,26.777494769000043],[86.13566289400006,26.77773526900006],[86.14202239400004,26.780919518000076],[86.14420095600008,26.781232831000068],[86.14870414400008,26.78304270600006],[86.14693014400007,26.786590706000027],[86.14781133100007,26.789513769000052],[86.15210370600005,26.793610456000067],[86.15319333100007,26.79532070600004],[86.15473814400008,26.801235519000045],[86.15480408100007,26.804760706000025],[86.15394251800006,26.808305206000057],[86.15494639400004,26.812664144000053]]]}},{"type":"Feature","properties":{"STATE_CODE":2,"DISTRICT":"DHANUSHA","GaPa_NaPa":"Sahidnagar","Type_GN":"Nagarpalika","Province":"2","provinceId":"2","provinceCode":"2","provinceName":"Madhesh","districtId":"203","districtName":"Dhanusa","municipalityId":"20310","municipalityCode":"20310","municipalityName":"Shahidnagar Urban Municipality","municipalityNameNe":"शहीदनगर नगरपालिका","municipalityType":"municipality"},"geometry":{"type":"Polygon","coordinates":[[[86.14870414400008,26.78304270600006],[86.14420095600008,26.781232831000068],[86.14202239400004,26.780919518000076],[86.13566289400006,26.77773526900006],[86.13435414300005,26.777494769000043],[86.13201839300007,26.778407956000024],[86.12850970600005,26.777991519000068],[86.12555401900005,26.77903614400003],[86.12635676800005,26.780142268000077],[86.12671020600004,26.783069081000065],[86.12662626900004,26.78697470700007],[86.12505233200005,26.787662269000066],[86.12331570600008,26.786638331000063],[86.11795614400006,26.78497351900006],[86.11355201900005,26.784668518000046],[86.11321501900005,26.78167414400008],[86.11368126900004,26.77809583100003],[86.11316945600004,26.774716769000065],[86.11109501900006,26.768489144000057],[86.10972458200007,26.767438019000053],[86.10792801900004,26.767431144000057],[86.10681814400004,26.765375206000044],[86.10355583100005,26.763506457000062],[86.10274433100005,26.76183820600005],[86.10302776900005,26.759283269000036],[86.10209189400007,26.758169331000033],[86.10193376900008,26.755620644000032],[86.10078126900004,26.753417644000024],[86.09556876800008,26.74900895600007],[86.09521020700004,26.744211394000047],[86.08933933200007,26.745581956000024],[86.09034883100009,26.74668964400007],[86.09226070600005,26.750802143000044],[86.08442989400004,26.750975206000078],[86.07110426800006,26.751486519000025],[86.06997739400003,26.750382393000052],[86.06329489400008,26.74880620600004],[86.06316195600004,26.746738269000048],[86.06021389400007,26.746696206000024],[86.05814545600003,26.74495170600005],[86.06234026900006,26.743492394000043],[86.06024839300005,26.739791269000023],[86.05597570600008,26.734098893000066],[86.05793501900007,26.73292945600008],[86.05994545600004,26.73494214300007],[86.06295876800004,26.734118081000076],[86.06423870600008,26.73219489400003],[86.06701151900006,26.732066518000067],[86.06517070600006,26.727209456000026],[86.06402064400004,26.72545076800003],[86.06085889300005,26.723482456000056],[86.05895739400006,26.720590394000055],[86.05485389300009,26.71850964400005],[86.05365833100007,26.71661745600005],[86.05758351900005,26.716499144000068],[86.06200045600008,26.715472331000058],[86.06502708100004,26.714336893000052],[86.06475170700008,26.71347983100003],[86.06709870600008,26.71155689400007],[86.07033301800004,26.712983956000073],[86.07931076800008,26.710713643000076],[86.08013926800004,26.712402456000063],[86.08721614400008,26.711710269000037],[86.08884370600003,26.711294206000048],[86.08812026900006,26.706724457000064],[86.08618245600007,26.703922831000057],[86.08714176900008,26.70315495600005],[86.08483470600004,26.70179970600003],[86.08532576900006,26.700121643000045],[86.08742520600003,26.69990726900005],[86.09141539400008,26.697892894000063],[86.10064476800005,26.697173144000033],[86.10561608100005,26.69705558100003],[86.10565214400003,26.693275956000036],[86.10347114400008,26.691860831000042],[86.10256976900007,26.688865143000044],[86.09911051900008,26.686439956000072],[86.10054820600004,26.684359331000053],[86.10087026900004,26.68176858100003],[86.10025620600004,26.68075151900007],[86.10586395600006,26.680624456000032],[86.11271320700007,26.679699269000025],[86.11541208200003,26.67959201800005],[86.11819389300007,26.680288518000054],[86.11778351900006,26.683666456000026],[86.11858226900006,26.685968643000024],[86.11688058100003,26.68779945600005],[86.11630870600004,26.691544144000034],[86.11776601900004,26.69381439400007],[86.11752408100006,26.696193581000045],[86.12015839400004,26.699669332000042],[86.12305139400007,26.701456456000074],[86.12402739400005,26.70316170600006],[86.12453520600008,26.705757706000043],[86.12583158200005,26.707345331000056],[86.13417551800006,26.70554376900003],[86.13659158100006,26.704360207000036],[86.14327939300006,26.702423956000075],[86.14390395600003,26.704706893000036],[86.14395814400007,26.708845894000035],[86.14438820600003,26.711741456000027],[86.14142570600006,26.712772894000068],[86.13912345600005,26.721259644000042],[86.14066639400005,26.724536581000052],[86.14264808100006,26.72502701800005],[86.14284514400003,26.726397957000074],[86.13879714400008,26.72739120600005],[86.13493339400009,26.727566268000032],[86.13223608100003,26.729357331000074],[86.13335139400004,26.73315751900003],[86.13330951900008,26.73661214400005],[86.13389014400008,26.738475144000063],[86.13778226900007,26.745537269000067],[86.14431439300006,26.748174207000034],[86.14685833100003,26.750017394000054],[86.14809695600007,26.756968457000028],[86.14891164400007,26.758541644000047],[86.15134920600008,26.76040445600006],[86.15675195600005,26.762905456000055],[86.15135589300007,26.76821014400008],[86.15002576900008,26.770980019000035],[86.15084551900009,26.773363394000057],[86.15035126900005,26.779516519000026],[86.14870414400008,26.78304270600006]]]}},{"type":"Feature","properties":{"STATE_CODE":2,"DISTRICT":"MAHOTTARI","GaPa_NaPa":"Aurahi","Type_GN":"Nagarpalika","Province":"2","provinceId":"2","provinceCode":"2","provinceName":"Madhesh","districtId":"204","districtName":"Mahottari","municipalityId":"20404","municipalityCode":"20404","municipalityName":"Aurahi Urban Municipality","municipalityNameNe":"औरही नगरपालिका","municipalityType":"municipality"},"geometry":{"type":"Polygon","coordinates":[[[85.83559864400007,26.882606457000065],[85.83650401800008,26.886100144000068],[85.83817001900007,26.88769558100006],[85.84144689300007,26.892567082000028],[85.84267889400007,26.895682081000075],[85.84368664300007,26.903574331000073],[85.84500195600003,26.907820456000024],[85.84292833100005,26.90849395600003],[85.84217745600006,26.906779706000066],[85.84058039300004,26.907001269000034],[85.83807476800007,26.905947206000064],[85.83757326900007,26.904505706000066],[85.83543845600008,26.904030082000077],[85.83436258100005,26.90471845600007],[85.83180520600007,26.902840269000023],[85.82990114400008,26.90320808100006],[85.82923395600005,26.90145833100007],[85.82645739300006,26.899709081000026],[85.82446720600007,26.900132644000053],[85.82312139300006,26.89821689300004],[85.82115164300006,26.897647644000074],[85.81765320600005,26.89888651900003],[85.81529570600009,26.898521582000058],[85.81309401800007,26.896819769000047],[85.81227701900008,26.895104769000056],[85.80659289400006,26.897060581000062],[85.80532339400008,26.89560345600006],[85.80255939300008,26.89536795600003],[85.79999976900007,26.893471143000056],[85.79860945600007,26.891667769000037],[85.79852176800006,26.888661456000023],[85.79679901800006,26.888556519000076],[85.79910739400003,26.885015518000046],[85.79839595600004,26.883339706000072],[85.79911976900007,26.881285769000044],[85.79812020600008,26.880178331000025],[85.79408914300006,26.880455393000034],[85.79190576800005,26.87892720600007],[85.78875326800005,26.879263519000062],[85.78656108100006,26.88045633200005],[85.78562220600008,26.879656331000035],[85.77933951900008,26.879475832000026],[85.77625183100008,26.879866581000044],[85.77517358000006,26.87662601900007],[85.77412508100008,26.874978831000078],[85.77112651800007,26.87350408100008],[85.76851245600005,26.86732358100005],[85.76756370600003,26.866011081000067],[85.75957951800007,26.85858533100003],[85.75607689300006,26.857020206000072],[85.75674839300007,26.856091956000057],[85.76109539300006,26.852718394000078],[85.76459958100008,26.852306831000078],[85.76669008100004,26.852981706000037],[85.77130983100005,26.851428893000048],[85.77485339300006,26.850708206000036],[85.77288301900006,26.84711470700006],[85.77878001800008,26.845762269000033],[85.78197345600006,26.844045581000046],[85.78695483100006,26.842520144000048],[85.78925158100003,26.840445894000027],[85.78811076800008,26.836990456000024],[85.78952270600007,26.833638269000062],[85.78952889400006,26.83210620600005],[85.79094964300003,26.831709894000028],[85.79157170600007,26.83011539300003],[85.78889226900003,26.830002268000044],[85.78704845600004,26.828388894000057],[85.78550976800005,26.825354331000028],[85.78665751800008,26.823123519000035],[85.78498914300008,26.819841894000035],[85.78865076900007,26.82042608200004],[85.79062726900008,26.822593393000034],[85.79461383100005,26.822848519000047],[85.79692326800006,26.823540644000047],[85.79939220500006,26.827447207000034],[85.80149714400005,26.82899939300006],[85.80193276800009,26.83211926900003],[85.80360983100007,26.833523394000053],[85.80656801800006,26.832943706000037],[85.80973820600008,26.834335518000046],[85.81090458100005,26.835762394000028],[85.81549933000008,26.834670456000026],[85.81829345600005,26.83474345600007],[85.81956458100007,26.838028207000036],[85.81882070600005,26.840294206000067],[85.82051064300003,26.84282876800006],[85.82016945600003,26.844861269000035],[85.82094233100008,26.84726633100007],[85.82157439300005,26.85227189400007],[85.82302908100007,26.854497581000032],[85.82246120600007,26.857162207000044],[85.82258914400006,26.86288114300004],[85.82366470600005,26.865530144000047],[85.82674826900006,26.86834920600006],[85.82738614300007,26.870026581000047],[85.82722714300007,26.87488789400004],[85.83104733100004,26.88052226900004],[85.83337445600006,26.88236026900006],[85.83559864400007,26.882606457000065]]]}},{"type":"Feature","properties":{"STATE_CODE":2,"DISTRICT":"MAHOTTARI","GaPa_NaPa":"Balwa","Type_GN":"Nagarpalika","Province":"2","provinceId":"2","provinceCode":"2","provinceName":"Madhesh","districtId":"204","districtName":"Mahottari","municipalityId":"20407","municipalityCode":"20407","municipalityName":"Balawa Urban Municipality","municipalityNameNe":"बलवा नगरपालिका","municipalityType":"municipality"},"geometry":{"type":"Polygon","coordinates":[[[85.84606645600007,26.815332394000052],[85.84254576900008,26.81796864300003],[85.84135933100004,26.820373269000072],[85.84279064300006,26.82112733200006],[85.84790720600006,26.820792269000037],[85.84843976800005,26.827105706000054],[85.84545845600007,26.83056089400003],[85.84220026800006,26.829843768000046],[85.83860714400004,26.829629331000035],[85.83710339400005,26.83008176800007],[85.83577176800009,26.828676331000054],[85.83312895600005,26.827934769000024],[85.83270358100003,26.825965894000035],[85.82786851900005,26.824301268000056],[85.82698658100009,26.823522206000064],[85.82681895600007,26.819617144000063],[85.82594439400003,26.81747983100007],[85.82625214400008,26.814183394000054],[85.82388333100005,26.809741082000073],[85.82321789400004,26.80718126800008],[85.81997539300005,26.806937644000072],[85.81554889300008,26.805535519000045],[85.81465064300005,26.80313164300003],[85.81290358000007,26.801077081000074],[85.81462470600007,26.800545519000025],[85.81558401900008,26.798432456000057],[85.81507633100006,26.796713331000035],[85.81294120600006,26.79634564400004],[85.81103251900004,26.79515401900005],[85.81022676900005,26.793457206000028],[85.81143226800003,26.79030601900007],[85.80897220600008,26.789348894000057],[85.80714451800003,26.785321519000036],[85.80411395600004,26.782585957000038],[85.80206195600005,26.781932331000064],[85.79849670600004,26.78352901900007],[85.79571001800008,26.781788206000044],[85.79322283100004,26.77552339400006],[85.78989826900005,26.77478651800004],[85.78940995600004,26.772471706000033],[85.79212133100003,26.769288456000027],[85.79055176800006,26.76732770600006],[85.79159276800004,26.765077894000058],[85.79413183100007,26.763161206000063],[85.79388789300003,26.76212795600003],[85.79125576800004,26.760751644000038],[85.79062201900007,26.758765081000035],[85.78752026800004,26.75854226900003],[85.78813270600006,26.75587358100006],[85.78561026900007,26.751846769000053],[85.78599989300005,26.74776808100006],[85.78410351800005,26.746319081000024],[85.78685639300005,26.74333026900007],[85.78728008100006,26.741264706000038],[85.78958220600003,26.740532956000038],[85.79149714400006,26.737753518000034],[85.79147020600004,26.73579245600007],[85.79052233100003,26.733981456000038],[85.79267195600005,26.732650394000075],[85.79476570600008,26.73464489400004],[85.79612108100008,26.73854208100005],[85.80088051800004,26.74052514400006],[85.80643758100007,26.743697268000062],[85.80798364300006,26.744055519000028],[85.81204908100005,26.743570644000044],[85.81291951900005,26.742977706000033],[85.81920551900004,26.741658268000037],[85.81853951900007,26.738922332000072],[85.81515470600004,26.732196894000026],[85.81440139300008,26.726621581000074],[85.81254033100004,26.719617707000054],[85.81160089400004,26.717500019000056],[85.81430708100004,26.715356394000025],[85.81755689400006,26.713573894000035],[85.82452626900005,26.71430414300005],[85.82564026900008,26.714830144000075],[85.83212626900007,26.71317551900006],[85.83450439400008,26.71491676900007],[85.83278020600005,26.715604331000065],[85.83260908100004,26.717823331000034],[85.83129370600005,26.71833151900006],[85.83489695600008,26.721193018000065],[85.83741101900006,26.722612706000064],[85.83735295600007,26.723875831000043],[85.83890101900005,26.724831769000048],[85.84455189300007,26.72605801900005],[85.84610058100003,26.729198144000065],[85.84563595600008,26.732005956000023],[85.84244089400005,26.73494045600006],[85.84130901800006,26.737979706000033],[85.83906383100003,26.740475081000056],[85.84007795600007,26.74295201900003],[85.83451139400006,26.74539076900004],[85.83582645600006,26.747777644000053],[85.83418364300007,26.748601269000062],[85.83343358100007,26.750188207000065],[85.83611414400008,26.754262894000078],[85.83980839300006,26.756569957000067],[85.84240308100004,26.759208706000038],[85.84350789400008,26.761381707000055],[85.84387908100007,26.764476081000055],[85.84342820600006,26.768096331000038],[85.84445551800007,26.768930581000063],[85.84507270600005,26.773250019000045],[85.84722620600007,26.77627320700003],[85.84783426800004,26.77967414400007],[85.84363239400005,26.779707581000025],[85.84071589300004,26.780915893000042],[85.83942726800007,26.783585894000055],[85.84156683100008,26.785232644000075],[85.84275908100005,26.79178620600004],[85.84065301800007,26.795243956000036],[85.84174633100008,26.796248019000075],[85.84557176800007,26.79665833100006],[85.84653845600008,26.79770414400008],[85.84558551900005,26.799871644000063],[85.84430220600007,26.800912706000076],[85.84227726900008,26.80426058100005],[85.84357826800004,26.808883456000046],[85.84564039300005,26.809037894000028],[85.84662120600007,26.811460331000035],[85.84837639400007,26.812726956000063],[85.84805226800006,26.81428126900005],[85.84606645600007,26.815332394000052]]]}},{"type":"Feature","properties":{"STATE_CODE":2,"DISTRICT":"MAHOTTARI","GaPa_NaPa":"Bardibas","Type_GN":"Nagarpalika","Province":"2","provinceId":"2","provinceCode":"2","provinceName":"Madhesh","districtId":"204","districtName":"Mahottari","municipalityId":"20401","municipalityCode":"20401","municipalityName":"Bardibas Urban Municipality","municipalityNameNe":"बर्दिबास नगरपालिका","municipalityType":"municipality"},"geometry":{"type":"Polygon","coordinates":[[[85.90791014300004,27.133531580000067],[85.90420526900004,27.135104769000066],[85.90256383100007,27.13683164400004],[85.90038389300008,27.137074082000026],[85.89765533200006,27.138799144000075],[85.89536789400006,27.140800581000065],[85.89318851900003,27.141006832000073],[85.88964401900006,27.144877894000047],[85.88520626900004,27.146088207000048],[85.88320876800003,27.143233832000078],[85.87706114300005,27.139378269000076],[85.87612276800007,27.137655894000034],[85.87346151900005,27.136057332000064],[85.87061133100008,27.13328164400008],[85.86631714400005,27.127915207000058],[85.86428951900007,27.12710233200005],[85.86154370600008,27.13003145700003],[85.86032745600005,27.13261414400006],[85.85712251800004,27.133826832000068],[85.85597839400003,27.137610519000077],[85.85124808100005,27.139862082000036],[85.84784733100008,27.14061945700007],[85.84352358100006,27.143991019000055],[85.84065139400008,27.144445706000056],[85.83787670600003,27.146927332000075],[85.83688858100004,27.14905589400007],[85.83876839400006,27.149944644000072],[85.83994970600008,27.15154295700006],[85.84206289300005,27.15227783200004],[85.84291408100006,27.15556345600004],[85.84579408100007,27.159716270000047],[85.84339645600005,27.161201581000057],[85.83759720600005,27.163755206000076],[85.83299433100007,27.166860082000028],[85.82980651800005,27.167280332000075],[85.82764233100005,27.168117394000035],[85.82489014400005,27.16677214400005],[85.82233289300007,27.163474456000074],[85.81938820600004,27.16224708200008],[85.81816595600003,27.16099126900008],[85.81751408100007,27.159232644000042],[85.81476008100003,27.157909706000055],[85.81265551900003,27.155299394000053],[85.81300526800004,27.15108520700005],[85.80938714300004,27.148024331000045],[85.80736689300005,27.145297269000025],[85.80338914300006,27.14239101900006],[85.80196320600004,27.139508831000057],[85.80100095600005,27.13880564400006],[85.79614545600003,27.13783670600003],[85.79525876800005,27.135908956000037],[85.79543058100006,27.133381082000028],[85.79445133100006,27.130477769000038],[85.79515683100004,27.128101144000027],[85.79724026800005,27.124854019000054],[85.79966964400006,27.123771456000043],[85.79964683000009,27.122546081000053],[85.79767420600007,27.121775581000065],[85.79552345600007,27.120064894000052],[85.79385089300007,27.12042733100003],[85.79320558100005,27.117813457000068],[85.79641895600008,27.11588026900006],[85.79849826900005,27.115482894000024],[85.80001533100005,27.114065331000063],[85.79846976800007,27.11163101900007],[85.79578345600004,27.10973745600006],[85.79421026800009,27.10774520700005],[85.79460545600006,27.10560276900003],[85.79690658100003,27.106071519000068],[85.79820933100007,27.107565081000075],[85.80200164400009,27.106940956000074],[85.80325489300003,27.10456208200003],[85.80206864300004,27.10239939400003],[85.80129983100005,27.099477644000046],[85.80013151800006,27.099002831000064],[85.79716545600007,27.100134956000034],[85.79753326800005,27.098393956000052],[85.79999151800007,27.09691226900003],[85.79977314300004,27.094340394000028],[85.79735326900004,27.093236644000058],[85.79634889300007,27.09468114400005],[85.79471533100008,27.095312457000034],[85.79245639400006,27.09490045600006],[85.79055426900004,27.092192269000066],[85.78910226800008,27.092326456000023],[85.78819239400008,27.090398394000033],[85.79011245600003,27.088909957000055],[85.78839401800008,27.086893769000028],[85.78693451900006,27.086089207000043],[85.78640108100007,27.08324383200005],[85.78418576800004,27.08185283200004],[85.78461464300005,27.079191769000033],[85.78331276900008,27.076757144000055],[85.78414295600004,27.074313957000072],[85.78200808000008,27.070716894000043],[85.78013576900008,27.06921595600005],[85.77290926800003,27.060389394000026],[85.77008333100008,27.05755551900006],[85.76782451900004,27.05397745700003],[85.76477126900005,27.051962831000026],[85.76046064300004,27.04997095600004],[85.75928426800004,27.04903545700006],[85.75654895600007,27.04472420700006],[85.75462283000007,27.040347956000062],[85.75312814300008,27.037956456000074],[85.75001508100007,27.03423970600005],[85.74930401800003,27.03115570700004],[85.74973964300005,27.026547582000035],[85.74601039300006,27.017130206000047],[85.74286583100007,27.012456331000067],[85.74965108100008,27.012216644000034],[85.75512039300008,27.012450081000054],[85.76312833100008,27.011157831000048],[85.77478689400004,27.009558394000067],[85.77876133000007,27.008830269000043],[85.78872764300007,27.00646139400004],[85.79714345600007,27.00416658100005],[85.79962426800006,27.003718394000032],[85.80279570600004,27.00408383200005],[85.80571333100005,27.005652019000024],[85.80865401800008,27.00578520600004],[85.81892201800008,27.003786769000044],[85.82965276800007,27.00483758200005],[85.84227745600003,27.00482001900008],[85.84805789400008,27.003626456000063],[85.86067351800006,27.000001394000037],[85.86026220600007,26.998605831000077],[85.85679658100008,26.995838456000058],[85.85433164400007,26.990691894000065],[85.85327808100004,26.984017832000063],[85.85186708100008,26.981930394000074],[85.84599283100005,26.975702081000065],[85.84426483100003,26.969877644000064],[85.84234483100005,26.96646370600007],[85.84256670600007,26.96354120600006],[85.84192401800004,26.960146769000062],[85.84209776800003,26.956607894000058],[85.84039470600004,26.95137026900005],[85.84158870600004,26.949202644000025],[85.84069333100007,26.94612201900003],[85.84085845600003,26.94428439400008],[85.83991101800007,26.941683956000077],[85.83663308100006,26.93749383100004],[85.83653620500007,26.93494326900003],[85.83779495600004,26.931666019000033],[85.83585364400005,26.927705769000056],[85.83641683100007,26.92305764400004],[85.83412908100007,26.920434831000023],[85.83510758100005,26.918362518000038],[85.83453120600007,26.915196456000047],[85.83623039400004,26.913102957000035],[85.83583145600005,26.910802644000057],[85.83425858100009,26.907736706000037],[85.83178639300007,26.906872331000045],[85.82871395600006,26.90292070600003],[85.82923395600005,26.90145833100007],[85.82990114400008,26.90320808100006],[85.83180520600007,26.902840269000023],[85.83436258100005,26.90471845600007],[85.83543845600008,26.904030082000077],[85.83757326900007,26.904505706000066],[85.83807476800007,26.905947206000064],[85.84058039300004,26.907001269000034],[85.84217745600006,26.906779706000066],[85.84292833100005,26.90849395600003],[85.84500195600003,26.907820456000024],[85.84368664300007,26.903574331000073],[85.84267889400007,26.895682081000075],[85.84144689300007,26.892567082000028],[85.83817001900007,26.88769558100006],[85.83650401800008,26.886100144000068],[85.83559864400007,26.882606457000065],[85.83444014300005,26.88006514400007],[85.83585739400007,26.878233331000047],[85.83990933100006,26.879469331000053],[85.84355914300005,26.87961208100006],[85.84525920600004,26.878536206000035],[85.84559245600008,26.876785581000036],[85.84462620600004,26.875241019000043],[85.85097708100005,26.875202581000053],[85.85288633100004,26.877354956000033],[85.85806845600007,26.879414206000035],[85.86048195600006,26.88083045700006],[85.86137901800004,26.883689831000027],[85.86372833100006,26.886156894000067],[85.86262833100005,26.888007456000025],[85.86352170600009,26.89105858100004],[85.86353158100007,26.894723144000068],[85.86532614400005,26.90044189400004],[85.86783014400004,26.900563582000075],[85.87315126800007,26.898997269000063],[85.87519551800006,26.89970401900007],[85.87650714400007,26.898800581000046],[85.87921776800005,26.900115081000024],[85.87971026800005,26.896596644000056],[85.87689189300005,26.89537608200004],[85.87489264300007,26.892070269000044],[85.87324776900005,26.88489514400004],[85.87698326800006,26.886549519000027],[85.87681426800003,26.888080331000026],[85.87786376900004,26.891004019000036],[85.87970408100006,26.892058831000043],[85.88287126800003,26.89266833100004],[85.88457651900006,26.895983019000028],[85.88832264300004,26.89631270600006],[85.89023601800005,26.898345019000033],[85.89017020600005,26.900183519000052],[85.89111083100005,26.901648581000075],[85.89065645600004,26.903865393000046],[85.89213920600008,26.906257581000034],[85.89603658100003,26.90815870700004],[85.89850158100006,26.908724019000033],[85.89961333100007,26.90672670600003],[85.89971695600008,26.903568457000063],[85.90203539400005,26.90223489400006],[85.90438770600008,26.901553644000046],[85.90397420600004,26.903980644000058],[85.90613183100004,26.906953331000068],[85.90700864300004,26.91182733200003],[85.90805539300004,26.913333769000076],[85.90713733100006,26.915161144000024],[85.90799308100009,26.91660739400004],[85.90976508100005,26.917776394000043],[85.91065651800005,26.920680581000056],[85.91479220600007,26.921973894000075],[85.91600883100006,26.92589814400003],[85.91544239400008,26.92935976800004],[85.91516701800003,26.93192551900006],[85.91687651900008,26.93435983100005],[85.91737183100008,26.938120644000037],[85.91615420600004,26.94226545600003],[85.91781670600005,26.946405269000024],[85.91926170600004,26.94814708100006],[85.91930014400003,26.953784019000068],[85.92038470600005,26.958088644000043],[85.92007708100004,26.95875645600006],[85.90978339400004,26.958523769000067],[85.90855933100005,26.96060833200005],[85.91063008100008,26.967461394000054],[85.91139964400008,26.971601144000033],[85.91075520600003,26.976253519000068],[85.91212395600007,26.981625394000048],[85.91491314400008,26.98749339400007],[85.91585514400003,26.990068394000048],[85.91592583100004,26.995364894000033],[85.91647089400004,27.00032195700004],[85.91459639400006,27.00206083100005],[85.91371876800008,27.00723258200003],[85.91570851800003,27.012857456000063],[85.91749551900006,27.016070832000025],[85.91919164300003,27.01805826900005],[85.92293914300006,27.02089176900006],[85.92573395600004,27.023444831000063],[85.92791214400006,27.025972832000036],[85.92920095600005,27.02822333200004],[85.92917001900008,27.03059458200005],[85.92673826800007,27.034355644000073],[85.92309245600006,27.03664964400008],[85.91854120600004,27.035033019000025],[85.91672245600006,27.03585389400007],[85.91629820600008,27.037360144000047],[85.91735664400005,27.040967332000037],[85.91836283100008,27.04214389400005],[85.92033445600003,27.042698332000043],[85.92270451800005,27.041883894000023],[85.92723658100005,27.041740331000028],[85.92947570600006,27.041306019000046],[85.93323139300009,27.042013707000024],[85.93605564400008,27.04429833200004],[85.93840933100006,27.048659706000024],[85.94228033100006,27.052425581000023],[85.94609108100008,27.05777708100004],[85.94748833100005,27.060238081000023],[85.94732939400006,27.06298745600003],[85.94594701900007,27.06671608100004],[85.93807170600007,27.074367082000037],[85.93712526800005,27.077094706000025],[85.93807601900005,27.08136876900005],[85.94035426800008,27.08542270600003],[85.94106083100007,27.089780706000056],[85.94078164400008,27.09245026900004],[85.93919251800008,27.096481769000036],[85.93599539400003,27.09939320600006],[85.93351483100008,27.10064926900003],[85.92397345600006,27.104396707000035],[85.92143920600006,27.106326769000077],[85.91889064300005,27.109669207000024],[85.91846376900008,27.11180733200007],[85.91661095600006,27.113780956000028],[85.91128895600008,27.11619476900006],[85.90810551800007,27.119227581000075],[85.90315064300006,27.126872019000075],[85.90454839400007,27.128105832000074],[85.90600451800003,27.13215395700007],[85.90791014300004,27.133531580000067]]]}},{"type":"Feature","properties":{"STATE_CODE":2,"DISTRICT":"MAHOTTARI","GaPa_NaPa":"Bhangaha","Type_GN":"Nagarpalika","Province":"2","provinceId":"2","provinceCode":"2","provinceName":"Madhesh","districtId":"204","districtName":"Mahottari","municipalityId":"20405","municipalityCode":"20405","municipalityName":"Bhangaha Urban Municipality","municipalityNameNe":"भँगाहा नगरपालिका","municipalityType":"municipality"},"geometry":{"type":"Polygon","coordinates":[[[85.90438770600008,26.901553644000046],[85.90203539400005,26.90223489400006],[85.89971695600008,26.903568457000063],[85.89961333100007,26.90672670600003],[85.89850158100006,26.908724019000033],[85.89603658100003,26.90815870700004],[85.89213920600008,26.906257581000034],[85.89065645600004,26.903865393000046],[85.89111083100005,26.901648581000075],[85.89017020600005,26.900183519000052],[85.89023601800005,26.898345019000033],[85.88832264300004,26.89631270600006],[85.88457651900006,26.895983019000028],[85.88287126800003,26.89266833100004],[85.87970408100006,26.892058831000043],[85.87786376900004,26.891004019000036],[85.87681426800003,26.888080331000026],[85.87698326800006,26.886549519000027],[85.87324776900005,26.88489514400004],[85.87489264300007,26.892070269000044],[85.87689189300005,26.89537608200004],[85.87971026800005,26.896596644000056],[85.87921776800005,26.900115081000024],[85.87650714400007,26.898800581000046],[85.87519551800006,26.89970401900007],[85.87315126800007,26.898997269000063],[85.86783014400004,26.900563582000075],[85.86532614400005,26.90044189400004],[85.86353158100007,26.894723144000068],[85.86352170600009,26.89105858100004],[85.86262833100005,26.888007456000025],[85.86372833100006,26.886156894000067],[85.86137901800004,26.883689831000027],[85.86048195600006,26.88083045700006],[85.85806845600007,26.879414206000035],[85.85288633100004,26.877354956000033],[85.85097708100005,26.875202581000053],[85.84462620600004,26.875241019000043],[85.84559245600008,26.876785581000036],[85.84525920600004,26.878536206000035],[85.84355914300005,26.87961208100006],[85.83990933100006,26.879469331000053],[85.83585739400007,26.878233331000047],[85.83444014300005,26.88006514400007],[85.83559864400007,26.882606457000065],[85.83337445600006,26.88236026900006],[85.83104733100004,26.88052226900004],[85.82722714300007,26.87488789400004],[85.82738614300007,26.870026581000047],[85.82674826900006,26.86834920600006],[85.82366470600005,26.865530144000047],[85.82258914400006,26.86288114300004],[85.82246120600007,26.857162207000044],[85.82302908100007,26.854497581000032],[85.82157439300005,26.85227189400007],[85.82094233100008,26.84726633100007],[85.82016945600003,26.844861269000035],[85.82051064300003,26.84282876800006],[85.81882070600005,26.840294206000067],[85.81956458100007,26.838028207000036],[85.81829345600005,26.83474345600007],[85.82059083100006,26.82999251900003],[85.82352039400007,26.828665269000055],[85.82527601900006,26.82939739400007],[85.82664451800008,26.82766226900003],[85.82786851900005,26.824301268000056],[85.83270358100003,26.825965894000035],[85.83312895600005,26.827934769000024],[85.83577176800009,26.828676331000054],[85.83710339400005,26.83008176800007],[85.83860714400004,26.829629331000035],[85.84220026800006,26.829843768000046],[85.84545845600007,26.83056089400003],[85.84843976800005,26.827105706000054],[85.84790720600006,26.820792269000037],[85.84279064300006,26.82112733200006],[85.84135933100004,26.820373269000072],[85.84254576900008,26.81796864300003],[85.84606645600007,26.815332394000052],[85.84810920600006,26.815678519000073],[85.85495476900007,26.81410264300007],[85.85740639400007,26.81496183200005],[85.85703889400008,26.816342081000073],[85.85836339400004,26.817059081000025],[85.86636564300005,26.81686164300004],[85.86777701800008,26.817768769000054],[85.86838345600006,26.815047769000046],[85.86963933100003,26.813430894000078],[85.86882608100007,26.809058082000035],[85.86709501900003,26.806108581000046],[85.86332970600006,26.803499206000026],[85.86593670600007,26.79931176900004],[85.86263301800005,26.796200643000077],[85.86331301900003,26.794360332000053],[85.86599258000007,26.794797019000043],[85.87136389300008,26.79680083200003],[85.87733083100005,26.799691394000035],[85.88058120600004,26.801851769000052],[85.88267851800003,26.80418351900005],[85.88034895600003,26.80651864400005],[85.88082989300005,26.808785706000037],[85.88274383100008,26.810770706000028],[85.88198239400003,26.81340251900008],[85.88451320600007,26.813481206000063],[85.88665483100004,26.81098883100003],[85.88554845600004,26.809075644000075],[85.88616076900007,26.80644264400007],[85.88848283100003,26.80634801900004],[85.89008620600003,26.805072144000064],[85.89255314300004,26.80610914400006],[85.89411783100007,26.809429394000063],[85.89673614300006,26.80845701900006],[85.89775826900006,26.80651983200005],[85.90098858100004,26.802898456000037],[85.90327258100007,26.80354801900006],[85.90413389400004,26.80214433200007],[85.90309376800008,26.80011670600004],[85.90543276900007,26.798279956000044],[85.90796301800003,26.801307456000075],[85.90792076800005,26.802302206000036],[85.90504601800006,26.80424770700006],[85.90656483100008,26.804979268000068],[85.91108183100005,26.804993769000077],[85.91175808200006,26.806269394000026],[85.91413414400006,26.80575058100004],[85.91473220700004,26.806698394000023],[85.91355214300006,26.810125956000036],[85.91362464300005,26.811753456000076],[85.91468726800008,26.812898893000067],[85.91645926900009,26.816811707000056],[85.91788420600005,26.819112956000026],[85.91870270600003,26.82387370600003],[85.91777514400007,26.828375082000036],[85.91837083100006,26.832520269000042],[85.92001545600004,26.83346483100007],[85.91834901800007,26.83693614400005],[85.91980664300007,26.839998019000063],[85.92119451800005,26.841168456000048],[85.92101651900003,26.844818144000044],[85.92208545600005,26.845904894000057],[85.92137370600005,26.84952789400006],[85.92054526900006,26.85037451900007],[85.92182133100005,26.853990143000033],[85.92025833100007,26.85522614300004],[85.91990776800003,26.85677133100006],[85.92025589300005,26.860849269000028],[85.91896276800009,26.86249101800007],[85.91912626900006,26.86507601900007],[85.91749714300005,26.86638814400004],[85.91769920600007,26.868093269000042],[85.91889895600008,26.870158269000058],[85.91437539300006,26.86983920700004],[85.91070826900005,26.87062558100007],[85.90931026900006,26.87002814400006],[85.90354689400004,26.87208201800007],[85.89975020600008,26.872921269000074],[85.89795101800007,26.874288206000074],[85.89742189300006,26.877440894000074],[85.89872820600004,26.880330332000028],[85.90265451800008,26.884950581000055],[85.90149289300007,26.887579393000067],[85.90195051900008,26.890189144000033],[85.90129745600007,26.893015956000056],[85.90418795600004,26.900478019000047],[85.90438770600008,26.901553644000046]]]}},{"type":"Feature","properties":{"STATE_CODE":2,"DISTRICT":"MAHOTTARI","GaPa_NaPa":"Ekdanra","Type_GN":"Gaunpalika","Province":"2","provinceId":"2","provinceCode":"2","provinceName":"Madhesh","districtId":"204","districtName":"Mahottari","municipalityId":"20411","municipalityCode":"20411","municipalityName":"Ekadara Rural Municipality","municipalityNameNe":"एकडारा गाउँपालिका","municipalityType":"rural_municipality"},"geometry":{"type":"Polygon","coordinates":[[[85.78895095600006,26.68036995600005],[85.79103301800006,26.681743831000063],[85.79264164400007,26.68600645600003],[85.79282008000007,26.688411144000042],[85.79479264400004,26.688691894000044],[85.79632583100005,26.69005426900003],[85.79780770600007,26.689035643000068],[85.79940464400005,26.690400768000075],[85.79964701900008,26.69346033100004],[85.79916651900004,26.69448526900004],[85.79870833100006,26.69879351900005],[85.79746126800006,26.70112520600003],[85.79846864300004,26.702934394000067],[85.79698808000006,26.703571706000048],[85.79531133100005,26.70302951800005],[85.79437483100008,26.70630920600007],[85.79181470600008,26.705725519000055],[85.79144058100007,26.708770893000064],[85.78676445600007,26.707334269000057],[85.78541970600008,26.711526581000044],[85.78503351900008,26.711633832000075],[85.78151858100006,26.70709301900007],[85.77952295600005,26.71032970600004],[85.77586658100006,26.70891726900004],[85.77117895600009,26.707843206000064],[85.76736764400005,26.707963643000028],[85.76191264400006,26.708947393000074],[85.75505764300004,26.71183651900003],[85.75124764400005,26.70790170600003],[85.74870720600006,26.707385207000073],[85.74488933100008,26.710914394000042],[85.74236620600004,26.709041831000036],[85.74110689400004,26.70608820600006],[85.74241401800003,26.704949019000026],[85.74523595600004,26.70441889400007],[85.74776926800007,26.70211258100005],[85.74842239400004,26.700083019000033],[85.74743858000005,26.69797808100003],[85.74390845600004,26.692565268000067],[85.73999839400005,26.68931970600005],[85.74180614300008,26.684838582000054],[85.74147970600006,26.682825206000075],[85.74342595500008,26.680983018000063],[85.74425895600007,26.677086768000038],[85.74204339300007,26.674151831000074],[85.74255664300006,26.67103114400004],[85.74394714300007,26.669269894000024],[85.74586364300006,26.66412176800003],[85.74697083100006,26.66269639400008],[85.75282139400008,26.66152264400006],[85.75841508100007,26.660842768000066],[85.76251226800008,26.65973895600007],[85.76801970600008,26.659094081000035],[85.76846433100008,26.656457893000038],[85.76987558100006,26.655535894000025],[85.77528233100008,26.65538851900004],[85.77595064300004,26.657131769000046],[85.77845608100006,26.65928801900003],[85.77611945500007,26.65987939400003],[85.77440158100006,26.66175326800004],[85.77163995600006,26.663676768000073],[85.77192076900008,26.668907456000056],[85.77186326900005,26.673370268000042],[85.77092214300006,26.676191768000024],[85.77177270500005,26.676869268000075],[85.77396326900003,26.674886706000052],[85.77610920600006,26.673632643000076],[85.78209745600003,26.671942019000028],[85.78319651900006,26.67216133100004],[85.78546351800009,26.67443039400007],[85.78556114300005,26.67535414300005],[85.78895095600006,26.68036995600005]]]}},{"type":"Feature","properties":{"STATE_CODE":2,"DISTRICT":"MAHOTTARI","GaPa_NaPa":"Gaushala","Type_GN":"Nagarpalika","Province":"2","provinceId":"2","provinceCode":"2","provinceName":"Madhesh","districtId":"204","districtName":"Mahottari","municipalityId":"20402","municipalityCode":"20402","municipalityName":"Gaushala Urban Municipality","municipalityNameNe":"गौशाला नगरपालिका","municipalityType":"municipality"},"geometry":{"type":"Polygon","coordinates":[[[85.82923395600005,26.90145833100007],[85.82871395600006,26.90292070600003],[85.83178639300007,26.906872331000045],[85.83425858100009,26.907736706000037],[85.83583145600005,26.910802644000057],[85.83623039400004,26.913102957000035],[85.83453120600007,26.915196456000047],[85.83510758100005,26.918362518000038],[85.83412908100007,26.920434831000023],[85.83641683100007,26.92305764400004],[85.83585364400005,26.927705769000056],[85.83779495600004,26.931666019000033],[85.83653620500007,26.93494326900003],[85.83663308100006,26.93749383100004],[85.83991101800007,26.941683956000077],[85.84085845600003,26.94428439400008],[85.84069333100007,26.94612201900003],[85.84158870600004,26.949202644000025],[85.84039470600004,26.95137026900005],[85.84209776800003,26.956607894000058],[85.84192401800004,26.960146769000062],[85.84256670600007,26.96354120600006],[85.84234483100005,26.96646370600007],[85.84426483100003,26.969877644000064],[85.84599283100005,26.975702081000065],[85.85186708100008,26.981930394000074],[85.85327808100004,26.984017832000063],[85.85433164400007,26.990691894000065],[85.85679658100008,26.995838456000058],[85.86026220600007,26.998605831000077],[85.86067351800006,27.000001394000037],[85.84805789400008,27.003626456000063],[85.84227745600003,27.00482001900008],[85.82965276800007,27.00483758200005],[85.81892201800008,27.003786769000044],[85.80865401800008,27.00578520600004],[85.80571333100005,27.005652019000024],[85.80279570600004,27.00408383200005],[85.79962426800006,27.003718394000032],[85.79714345600007,27.00416658100005],[85.78872764300007,27.00646139400004],[85.77876133000007,27.008830269000043],[85.77478689400004,27.009558394000067],[85.76312833100008,27.011157831000048],[85.75512039300008,27.012450081000054],[85.74965108100008,27.012216644000034],[85.74286583100007,27.012456331000067],[85.74190776800003,27.009009081000045],[85.74180826900005,27.004522519000034],[85.74042733100003,27.000126081000076],[85.74144233100003,26.996096269000077],[85.74142808100004,26.99242951900004],[85.73852720500008,26.98794951900004],[85.73649470500004,26.986812144000055],[85.73616751800006,26.985265894000065],[85.73755076800006,26.980372894000027],[85.73690014400006,26.97821676800004],[85.73507089300006,26.97493764400008],[85.73528564400004,26.970966144000045],[85.73429233100006,26.968524769000055],[85.73193783000005,26.966775331000065],[85.73286176900007,26.963870644000053],[85.72985470600008,26.95952708200008],[85.72887558000008,26.954130081000073],[85.72599145500004,26.952377957000067],[85.72532270500005,26.94990795600006],[85.72173020600007,26.946682706000047],[85.72159089400003,26.943156956000053],[85.72028458100004,26.941342269000074],[85.72177289300004,26.93999745700006],[85.71873495600005,26.936691394000036],[85.71985814300007,26.93454220600006],[85.71789233100003,26.933170519000043],[85.71362395600005,26.93166958100005],[85.71449176800007,26.929732518000037],[85.71346501800008,26.928624269000068],[85.71573676800006,26.92566658100003],[85.71381595600008,26.92492476800004],[85.71177320600003,26.926081707000037],[85.71002214300006,26.925109019000047],[85.70931445600007,26.923809644000073],[85.71340414400004,26.922782019000067],[85.71361064400008,26.920466581000028],[85.70960489300006,26.921183644000052],[85.70806558100008,26.919942081000045],[85.70991851900004,26.919171581000057],[85.70935951800004,26.917582457000037],[85.70963008100006,26.914676456000052],[85.71293126900008,26.912820269000065],[85.71371745600004,26.91149845700005],[85.71232876800008,26.91016126900007],[85.71085983100005,26.91134826900003],[85.70951514300003,26.910622956000054],[85.70773558100007,26.90620676900005],[85.70773283100004,26.90498376900007],[85.71176295600003,26.904655082000033],[85.70764189300007,26.902250456000047],[85.70911308100005,26.901713332000043],[85.71320714300003,26.902035081000065],[85.71892414300004,26.903425081000023],[85.72058964400009,26.904457769000032],[85.72167108100007,26.90173964400003],[85.72193989300007,26.897953581000024],[85.72582301900007,26.89917551900004],[85.72927833100005,26.899784268000076],[85.73201364300007,26.902552644000025],[85.73664370600005,26.90407883100005],[85.73600751900005,26.90555101900003],[85.73709739300006,26.906621332000043],[85.73729558100007,26.90939395600003],[85.74071820600005,26.912247269000034],[85.74576151900004,26.909961332000023],[85.74910670500003,26.909156144000065],[85.74967626800003,26.906805519000045],[85.74819670600004,26.903403269000023],[85.75168851900008,26.905266394000023],[85.75308439300005,26.905558519000067],[85.76323364300004,26.903790769000068],[85.76751845600006,26.903203081000072],[85.76913701800004,26.90202139400003],[85.76913333100003,26.900125957000057],[85.76786714300005,26.897655394000026],[85.76665276900007,26.89383826900007],[85.76627689400004,26.890533894000043],[85.76815539300009,26.88709570700007],[85.76527989400006,26.881485956000063],[85.75929139300007,26.878473144000054],[85.75580970600004,26.87316026900004],[85.75629114300006,26.872388268000066],[85.76066939300006,26.869931144000077],[85.76449370600005,26.869549456000072],[85.76851245600005,26.86732358100005],[85.77112651800007,26.87350408100008],[85.77412508100008,26.874978831000078],[85.77517358000006,26.87662601900007],[85.77625183100008,26.879866581000044],[85.77933951900008,26.879475832000026],[85.78562220600008,26.879656331000035],[85.78656108100006,26.88045633200005],[85.78875326800005,26.879263519000062],[85.79190576800005,26.87892720600007],[85.79408914300006,26.880455393000034],[85.79812020600008,26.880178331000025],[85.79911976900007,26.881285769000044],[85.79839595600004,26.883339706000072],[85.79910739400003,26.885015518000046],[85.79679901800006,26.888556519000076],[85.79852176800006,26.888661456000023],[85.79860945600007,26.891667769000037],[85.79999976900007,26.893471143000056],[85.80255939300008,26.89536795600003],[85.80532339400008,26.89560345600006],[85.80659289400006,26.897060581000062],[85.81227701900008,26.895104769000056],[85.81309401800007,26.896819769000047],[85.81529570600009,26.898521582000058],[85.81765320600005,26.89888651900003],[85.82115164300006,26.897647644000074],[85.82312139300006,26.89821689300004],[85.82446720600007,26.900132644000053],[85.82645739300006,26.899709081000026],[85.82923395600005,26.90145833100007]]]}},{"type":"Feature","properties":{"STATE_CODE":2,"DISTRICT":"MAHOTTARI","GaPa_NaPa":"Jaleswor","Type_GN":"Nagarpalika","Province":"2","provinceId":"2","provinceCode":"2","provinceName":"Madhesh","districtId":"204","districtName":"Mahottari","municipalityId":"20415","municipalityCode":"20415","municipalityName":"Jaleshwor Urban Municipality","municipalityNameNe":"जलेश्वर नगरपालिका","municipalityType":"municipality"},"geometry":{"type":"Polygon","coordinates":[[[85.83683926800006,26.671660644000042],[85.83473839400006,26.673584018000042],[85.83279070600008,26.67395833100005],[85.83039495600008,26.677136206000057],[85.82883733100005,26.677958269000044],[85.82747014300008,26.681584457000042],[85.82340239300004,26.680289456000025],[85.81989295600005,26.680217457000026],[85.81599145600006,26.681130456000062],[85.81246833100005,26.68149820600007],[85.81119614300007,26.68273089400003],[85.80874126800006,26.678831394000042],[85.80813214300008,26.67511433100003],[85.80640926800004,26.675088581000068],[85.80316645600004,26.67189770600004],[85.80006401800006,26.670377706000068],[85.79404426800005,26.66822601800004],[85.79188739300008,26.673047831000076],[85.79218683100004,26.674993206000067],[85.79029339400006,26.67631064400007],[85.78895095600006,26.68036995600005],[85.78556114300005,26.67535414300005],[85.78546351800009,26.67443039400007],[85.78319651900006,26.67216133100004],[85.78209745600003,26.671942019000028],[85.77610920600006,26.673632643000076],[85.77396326900003,26.674886706000052],[85.77177270500005,26.676869268000075],[85.77092214300006,26.676191768000024],[85.77186326900005,26.673370268000042],[85.77192076900008,26.668907456000056],[85.77163995600006,26.663676768000073],[85.77440158100006,26.66175326800004],[85.77611945500007,26.65987939400003],[85.77845608100006,26.65928801900003],[85.77595064300004,26.657131769000046],[85.77528233100008,26.65538851900004],[85.76987558100006,26.655535894000025],[85.76846433100008,26.656457893000038],[85.76801970600008,26.659094081000035],[85.76251226800008,26.65973895600007],[85.75841508100007,26.660842768000066],[85.75282139400008,26.66152264400006],[85.75140776900008,26.655115394000063],[85.75289620500007,26.653774519000024],[85.75129314300005,26.64931970600003],[85.75643233100004,26.64820495600003],[85.75563120600003,26.641259269000045],[85.75542689300005,26.637547831000063],[85.76197364300003,26.63592839300003],[85.77158051900005,26.62963489400005],[85.77941658100008,26.628366519000053],[85.78420233100007,26.627850144000035],[85.79127364400006,26.625917956000023],[85.79719995600004,26.625268644000073],[85.80368745600003,26.623976206000066],[85.80562033100006,26.61462345600006],[85.81859595600008,26.60364095600005],[85.81980564300005,26.602448268000046],[85.82475364400005,26.60181226900005],[85.83269383100009,26.601297706000025],[85.83329483100005,26.60336058100006],[85.83349901800005,26.61100058100004],[85.83513995600003,26.610754519000068],[85.83575620600004,26.612869456000055],[85.83557364400008,26.61527789300004],[85.83602883100008,26.618580706000046],[85.83582370600004,26.621047643000054],[85.83368083100004,26.622805956000036],[85.82892951800005,26.625213018000068],[85.82520201900007,26.62873626800007],[85.82372933100004,26.632695581000064],[85.82333983100006,26.636126768000054],[85.82722289300006,26.642452269000046],[85.82966133100007,26.644106081000075],[85.83071251900003,26.645838643000047],[85.83230301800006,26.649976769000034],[85.83453901800004,26.653192519000072],[85.83304820600006,26.654550018000066],[85.82900408100005,26.65702151800008],[85.82875395600007,26.65879301900003],[85.83005658100006,26.660015456000053],[85.83240383100008,26.65925633100005],[85.83451108100007,26.65535408100004],[85.83733864300007,26.657990269000038],[85.83867901900004,26.65731751900006],[85.83994783100007,26.654940456000077],[85.84327370600005,26.65468326900003],[85.84383333100004,26.656438894000075],[85.84201851900008,26.658610644000078],[85.84254364400005,26.660117768000077],[85.84189651900004,26.661707893000028],[85.84368976800005,26.662805581000043],[85.84435095600008,26.664577832000077],[85.84184533100006,26.664575456000023],[85.84118051900003,26.66670020600003],[85.83569508000005,26.667341332000035],[85.83546820600003,26.668503831000066],[85.83807439300006,26.670926144000077],[85.83683926800006,26.671660644000042]]]}},{"type":"Feature","properties":{"STATE_CODE":2,"DISTRICT":"MAHOTTARI","GaPa_NaPa":"Loharpatti","Type_GN":"Nagarpalika","Province":"2","provinceId":"2","provinceCode":"2","provinceName":"Madhesh","districtId":"204","districtName":"Mahottari","municipalityId":"20406","municipalityCode":"20406","municipalityName":"Loharpatti Urban Municipality","municipalityNameNe":"लोहरपट्टी नगरपालिका","municipalityType":"municipality"},"geometry":{"type":"Polygon","coordinates":[[[85.91108183100005,26.804993769000077],[85.90656483100008,26.804979268000068],[85.90504601800006,26.80424770700006],[85.90792076800005,26.802302206000036],[85.90796301800003,26.801307456000075],[85.90543276900007,26.798279956000044],[85.90309376800008,26.80011670600004],[85.90413389400004,26.80214433200007],[85.90327258100007,26.80354801900006],[85.90098858100004,26.802898456000037],[85.89775826900006,26.80651983200005],[85.89673614300006,26.80845701900006],[85.89411783100007,26.809429394000063],[85.89255314300004,26.80610914400006],[85.89008620600003,26.805072144000064],[85.88848283100003,26.80634801900004],[85.88616076900007,26.80644264400007],[85.88554845600004,26.809075644000075],[85.88665483100004,26.81098883100003],[85.88451320600007,26.813481206000063],[85.88198239400003,26.81340251900008],[85.88274383100008,26.810770706000028],[85.88082989300005,26.808785706000037],[85.88034895600003,26.80651864400005],[85.88267851800003,26.80418351900005],[85.88058120600004,26.801851769000052],[85.87733083100005,26.799691394000035],[85.87136389300008,26.79680083200003],[85.86599258000007,26.794797019000043],[85.86331301900003,26.794360332000053],[85.86263301800005,26.796200643000077],[85.86593670600007,26.79931176900004],[85.86332970600006,26.803499206000026],[85.86709501900003,26.806108581000046],[85.86882608100007,26.809058082000035],[85.86963933100003,26.813430894000078],[85.86838345600006,26.815047769000046],[85.86777701800008,26.817768769000054],[85.86636564300005,26.81686164300004],[85.85836339400004,26.817059081000025],[85.85703889400008,26.816342081000073],[85.85740639400007,26.81496183200005],[85.85495476900007,26.81410264300007],[85.84810920600006,26.815678519000073],[85.84606645600007,26.815332394000052],[85.84805226800006,26.81428126900005],[85.84837639400007,26.812726956000063],[85.84662120600007,26.811460331000035],[85.84564039300005,26.809037894000028],[85.84357826800004,26.808883456000046],[85.84227726900008,26.80426058100005],[85.84430220600007,26.800912706000076],[85.84558551900005,26.799871644000063],[85.84653845600008,26.79770414400008],[85.84557176800007,26.79665833100006],[85.84174633100008,26.796248019000075],[85.84065301800007,26.795243956000036],[85.84275908100005,26.79178620600004],[85.84156683100008,26.785232644000075],[85.83942726800007,26.783585894000055],[85.84071589300004,26.780915893000042],[85.84363239400005,26.779707581000025],[85.84783426800004,26.77967414400007],[85.84722620600007,26.77627320700003],[85.84507270600005,26.773250019000045],[85.84445551800007,26.768930581000063],[85.84342820600006,26.768096331000038],[85.84387908100007,26.764476081000055],[85.84350789400008,26.761381707000055],[85.84240308100004,26.759208706000038],[85.83980839300006,26.756569957000067],[85.83611414400008,26.754262894000078],[85.83343358100007,26.750188207000065],[85.83418364300007,26.748601269000062],[85.83582645600006,26.747777644000053],[85.83451139400006,26.74539076900004],[85.84007795600007,26.74295201900003],[85.83906383100003,26.740475081000056],[85.84130901800006,26.737979706000033],[85.84244089400005,26.73494045600006],[85.84563595600008,26.732005956000023],[85.84610058100003,26.729198144000065],[85.84455189300007,26.72605801900005],[85.83890101900005,26.724831769000048],[85.83735295600007,26.723875831000043],[85.83741101900006,26.722612706000064],[85.83489695600008,26.721193018000065],[85.83129370600005,26.71833151900006],[85.83260908100004,26.717823331000034],[85.83278020600005,26.715604331000065],[85.83450439400008,26.71491676900007],[85.84013964400003,26.71593095600008],[85.84193851900005,26.71629989400003],[85.84347720600005,26.717580644000066],[85.84635514400009,26.71439533100005],[85.85169639300005,26.712152769000056],[85.85274314300005,26.71051176900005],[85.85579595600007,26.707943644000068],[85.85972620600006,26.708900456000038],[85.85959414400008,26.711309331000052],[85.86064726900008,26.713960206000024],[85.86006364400004,26.715036394000037],[85.86224620500008,26.716123456000048],[85.86212570600009,26.718130769000027],[85.86507933100006,26.720557644000053],[85.86678514400006,26.720447144000048],[85.86811358100005,26.72164695600003],[85.86952514400008,26.72518514400008],[85.87077208100004,26.726248831000078],[85.87165483100006,26.72891401800007],[85.87056401800004,26.731376331000035],[85.87142070600004,26.73421270600005],[85.87153008100006,26.74091539400007],[85.87292995600006,26.742616706000035],[85.87682939400008,26.743198206000045],[85.87880039300006,26.745646331000046],[85.87838776900008,26.74850658200006],[85.87894983100006,26.751236893000055],[85.87922526800008,26.75533914300007],[85.87882983100008,26.75791745600003],[85.88329814300005,26.756844769000054],[85.88470839400009,26.75956820600004],[85.89043820600006,26.759055768000053],[85.89475264300006,26.76221251900006],[85.89796020600005,26.76544626900005],[85.90012958100004,26.768527456000072],[85.89996664400007,26.77127914400006],[85.90042695600005,26.77369945600003],[85.90011601800006,26.775378081000042],[85.90206301800004,26.777882144000046],[85.90298645700005,26.780484269000056],[85.90503208100006,26.78235720600003],[85.90621558100008,26.781743582000047],[85.90811433100004,26.784515644000066],[85.91003358100005,26.78429801900006],[85.91097533100003,26.785040894000076],[85.91145495600006,26.790566269000067],[85.91233914400004,26.792973956000026],[85.91039058100006,26.79447314400005],[85.91119020600007,26.79779858200004],[85.91301639300008,26.802154144000042],[85.91108183100005,26.804993769000077]]]}},{"type":"Feature","properties":{"STATE_CODE":2,"DISTRICT":"MAHOTTARI","GaPa_NaPa":"Mahottari","Type_GN":"Gaunpalika","Province":"2","provinceId":"2","provinceCode":"2","provinceName":"Madhesh","districtId":"204","districtName":"Mahottari","municipalityId":"20412","municipalityCode":"20412","municipalityName":"Mahottari Rural Municipality","municipalityNameNe":"महोत्तरी गाउँपालिका","municipalityType":"rural_municipality"},"geometry":{"type":"Polygon","coordinates":[[[85.83450439400008,26.71491676900007],[85.83212626900007,26.71317551900006],[85.82564026900008,26.714830144000075],[85.82452626900005,26.71430414300005],[85.81755689400006,26.713573894000035],[85.81430708100004,26.715356394000025],[85.81160089400004,26.717500019000056],[85.81254033100004,26.719617707000054],[85.81440139300008,26.726621581000074],[85.81515470600004,26.732196894000026],[85.81853951900007,26.738922332000072],[85.81920551900004,26.741658268000037],[85.81291951900005,26.742977706000033],[85.81204908100005,26.743570644000044],[85.80798364300006,26.744055519000028],[85.80643758100007,26.743697268000062],[85.80088051800004,26.74052514400006],[85.79612108100008,26.73854208100005],[85.79476570600008,26.73464489400004],[85.79267195600005,26.732650394000075],[85.79076895600008,26.729260769000064],[85.78940851900006,26.723404893000065],[85.78878795600008,26.718469207000055],[85.78883601800004,26.715414332000023],[85.78727495600003,26.71137995600003],[85.78541970600008,26.711526581000044],[85.78676445600007,26.707334269000057],[85.79144058100007,26.708770893000064],[85.79181470600008,26.705725519000055],[85.79437483100008,26.70630920600007],[85.79531133100005,26.70302951800005],[85.79698808000006,26.703571706000048],[85.79846864300004,26.702934394000067],[85.79746126800006,26.70112520600003],[85.79870833100006,26.69879351900005],[85.79916651900004,26.69448526900004],[85.79964701900008,26.69346033100004],[85.79940464400005,26.690400768000075],[85.79780770600007,26.689035643000068],[85.79632583100005,26.69005426900003],[85.79479264400004,26.688691894000044],[85.79282008000007,26.688411144000042],[85.79264164400007,26.68600645600003],[85.79103301800006,26.681743831000063],[85.78895095600006,26.68036995600005],[85.79029339400006,26.67631064400007],[85.79218683100004,26.674993206000067],[85.79188739300008,26.673047831000076],[85.79404426800005,26.66822601800004],[85.80006401800006,26.670377706000068],[85.80316645600004,26.67189770600004],[85.80640926800004,26.675088581000068],[85.80813214300008,26.67511433100003],[85.80874126800006,26.678831394000042],[85.81119614300007,26.68273089400003],[85.81246833100005,26.68149820600007],[85.81599145600006,26.681130456000062],[85.81989295600005,26.680217457000026],[85.82340239300004,26.680289456000025],[85.82747014300008,26.681584457000042],[85.82883733100005,26.677958269000044],[85.83039495600008,26.677136206000057],[85.83279070600008,26.67395833100005],[85.83473839400006,26.673584018000042],[85.83683926800006,26.671660644000042],[85.84360133100006,26.677330081000036],[85.84550101900004,26.676422581000054],[85.84731445600005,26.678346332000046],[85.85029739400005,26.67888276900004],[85.85090201900005,26.67998883100006],[85.84913608100004,26.68139839400004],[85.84522014400005,26.682145081000044],[85.84395501900008,26.68385876800005],[85.83902183100008,26.683775644000036],[85.83719801900008,26.68566751800006],[85.84208989300004,26.687111018000053],[85.84188170600004,26.68835264300003],[85.84344733100005,26.69003970600005],[85.84111908100004,26.690327644000035],[85.84251370500004,26.693430456000044],[85.84485708100004,26.69473345600005],[85.84345364300003,26.69678901900005],[85.84316158000007,26.701480206000042],[85.84178401800006,26.703382456000043],[85.84168058100005,26.70746358100007],[85.84386833100007,26.707594269000026],[85.84308708100008,26.709566831000075],[85.84062983100006,26.70992814400006],[85.83893958100003,26.71174439300006],[85.84018789300006,26.713498831000038],[85.84013964400003,26.71593095600008],[85.83450439400008,26.71491676900007]]]}},{"type":"Feature","properties":{"STATE_CODE":2,"DISTRICT":"MAHOTTARI","GaPa_NaPa":"Manra Siswa","Type_GN":"Nagarpalika","Province":"2","provinceId":"2","provinceCode":"2","provinceName":"Madhesh","districtId":"204","districtName":"Mahottari","municipalityId":"20410","municipalityCode":"20410","municipalityName":"Manara Shisawa Urban Municipality","municipalityNameNe":"मनरा शिसवा नगरपालिका","municipalityType":"municipality"},"geometry":{"type":"Polygon","coordinates":[[[85.79267195600005,26.732650394000075],[85.79052233100003,26.733981456000038],[85.79147020600004,26.73579245600007],[85.79149714400006,26.737753518000034],[85.78958220600003,26.740532956000038],[85.78728008100006,26.741264706000038],[85.78685639300005,26.74333026900007],[85.78410351800005,26.746319081000024],[85.78599989300005,26.74776808100006],[85.78561026900007,26.751846769000053],[85.78813270600006,26.75587358100006],[85.78752026800004,26.75854226900003],[85.79062201900007,26.758765081000035],[85.79125576800004,26.760751644000038],[85.79388789300003,26.76212795600003],[85.79413183100007,26.763161206000063],[85.79159276800004,26.765077894000058],[85.79055176800006,26.76732770600006],[85.79212133100003,26.769288456000027],[85.78940995600004,26.772471706000033],[85.78644976900006,26.771521268000072],[85.78051308100004,26.770157018000077],[85.78107339400003,26.768715456000052],[85.77822739300007,26.768625519000068],[85.77169326800004,26.769255018000024],[85.76834458100006,26.770026956000038],[85.76655845600004,26.769846706000067],[85.76280145600003,26.76783958200008],[85.76105758100005,26.769884456000057],[85.75905083100008,26.76878608100003],[85.75816833100004,26.769809519000034],[85.75002208100005,26.770920269000044],[85.74771376900009,26.769189518000076],[85.74349564400006,26.769089018000045],[85.73577708100004,26.769595768000045],[85.73487451900007,26.765205706000074],[85.73102133000003,26.749439393000046],[85.73315139300007,26.74479664300003],[85.73635008000008,26.73705626800006],[85.73275720600003,26.73537926800003],[85.73182826800007,26.733511644000032],[85.73370670600008,26.73031976900006],[85.73076339400006,26.72861470600003],[85.73156989300008,26.72712589400004],[85.73159658100008,26.724720769000044],[85.73033601900005,26.72477714400003],[85.72820083100004,26.720585893000077],[85.72893176800005,26.718261581000036],[85.73016076800008,26.71767458100004],[85.72916114400005,26.714549456000043],[85.72847770600004,26.710903706000067],[85.72721426800007,26.709540769000057],[85.72766670500005,26.70689351900006],[85.72869776800007,26.706329581000034],[85.72677045600005,26.702934393000078],[85.72720689300007,26.700068144000056],[85.72588970600003,26.699277894000033],[85.72753170600004,26.69705645600004],[85.72748551800004,26.692732643000056],[85.72573839300009,26.687531706000073],[85.72605795600003,26.685846706000063],[85.72753258100005,26.68425558100006],[85.72597833100008,26.682874269000024],[85.72713145600005,26.681440456000075],[85.72718476800009,26.67412776900005],[85.72881739300004,26.673535394000055],[85.72766014300004,26.670248644000026],[85.73051514300005,26.667909456000075],[85.73220608100007,26.66541764400006],[85.73427451800006,26.66535033100007],[85.73603776800007,26.663998581000044],[85.73870358100004,26.663455893000048],[85.73792058100008,26.661998019000066],[85.73722120600007,26.65722845600004],[85.73602639400008,26.65562926900003],[85.73478770600008,26.65548508100005],[85.73450645600008,26.653718018000063],[85.73909083000007,26.65024095600006],[85.74002270600005,26.648134894000066],[85.74771064400005,26.641081394000025],[85.75139745500007,26.638345144000027],[85.75542689300005,26.637547831000063],[85.75563120600003,26.641259269000045],[85.75643233100004,26.64820495600003],[85.75129314300005,26.64931970600003],[85.75289620500007,26.653774519000024],[85.75140776900008,26.655115394000063],[85.75282139400008,26.66152264400006],[85.74697083100006,26.66269639400008],[85.74586364300006,26.66412176800003],[85.74394714300007,26.669269894000024],[85.74255664300006,26.67103114400004],[85.74204339300007,26.674151831000074],[85.74425895600007,26.677086768000038],[85.74342595500008,26.680983018000063],[85.74147970600006,26.682825206000075],[85.74180614300008,26.684838582000054],[85.73999839400005,26.68931970600005],[85.74390845600004,26.692565268000067],[85.74743858000005,26.69797808100003],[85.74842239400004,26.700083019000033],[85.74776926800007,26.70211258100005],[85.74523595600004,26.70441889400007],[85.74241401800003,26.704949019000026],[85.74110689400004,26.70608820600006],[85.74236620600004,26.709041831000036],[85.74488933100008,26.710914394000042],[85.74870720600006,26.707385207000073],[85.75124764400005,26.70790170600003],[85.75505764300004,26.71183651900003],[85.76191264400006,26.708947393000074],[85.76736764400005,26.707963643000028],[85.77117895600009,26.707843206000064],[85.77586658100006,26.70891726900004],[85.77952295600005,26.71032970600004],[85.78151858100006,26.70709301900007],[85.78503351900008,26.711633832000075],[85.78541970600008,26.711526581000044],[85.78727495600003,26.71137995600003],[85.78883601800004,26.715414332000023],[85.78878795600008,26.718469207000055],[85.78940851900006,26.723404893000065],[85.79076895600008,26.729260769000064],[85.79267195600005,26.732650394000075]]]}},{"type":"Feature","properties":{"STATE_CODE":2,"DISTRICT":"MAHOTTARI","GaPa_NaPa":"Matihani","Type_GN":"Nagarpalika","Province":"2","provinceId":"2","provinceCode":"2","provinceName":"Madhesh","districtId":"204","districtName":"Mahottari","municipalityId":"20414","municipalityCode":"20414","municipalityName":"Matihani Urban Municipality","municipalityNameNe":"मटिहानी नगरपालिका","municipalityType":"municipality"},"geometry":{"type":"Polygon","coordinates":[[[85.90806826900007,26.675238456000045],[85.89013039300005,26.677177706000066],[85.88697739300005,26.672254144000078],[85.88627376900007,26.666397394000057],[85.88899720600006,26.66606220600005],[85.88820083100006,26.662646331000076],[85.88639633100007,26.66166189300003],[85.87937770600007,26.661753393000026],[85.87861876900007,26.65983389300004],[85.87530058100003,26.659974643000055],[85.87248095600006,26.658959394000078],[85.87141708100006,26.652950831000055],[85.86954183100005,26.649749706000023],[85.86693714300003,26.647443081000063],[85.86583851900008,26.647240268000076],[85.86187420600004,26.64894389400007],[85.85451351900008,26.65042595600005],[85.85742508100003,26.65572514300004],[85.85773195600007,26.65741551900004],[85.85672351800008,26.659648144000073],[85.85288301800006,26.659373456000026],[85.85118239300004,26.660000581000077],[85.85033870600006,26.663058144000047],[85.84646751800005,26.663721768000073],[85.84435095600008,26.664577832000077],[85.84368976800005,26.662805581000043],[85.84189651900004,26.661707893000028],[85.84254364400005,26.660117768000077],[85.84201851900008,26.658610644000078],[85.84383333100004,26.656438894000075],[85.84327370600005,26.65468326900003],[85.83994783100007,26.654940456000077],[85.83867901900004,26.65731751900006],[85.83733864300007,26.657990269000038],[85.83451108100007,26.65535408100004],[85.83240383100008,26.65925633100005],[85.83005658100006,26.660015456000053],[85.82875395600007,26.65879301900003],[85.82900408100005,26.65702151800008],[85.83304820600006,26.654550018000066],[85.83453901800004,26.653192519000072],[85.83230301800006,26.649976769000034],[85.83071251900003,26.645838643000047],[85.82966133100007,26.644106081000075],[85.82722289300006,26.642452269000046],[85.82333983100006,26.636126768000054],[85.82372933100004,26.632695581000064],[85.82520201900007,26.62873626800007],[85.82892951800005,26.625213018000068],[85.83368083100004,26.622805956000036],[85.83582370600004,26.621047643000054],[85.83602883100008,26.618580706000046],[85.83557364400008,26.61527789300004],[85.83575620600004,26.612869456000055],[85.83513995600003,26.610754519000068],[85.84221058100007,26.609711081000057],[85.84635658100007,26.609492019000072],[85.84834908100004,26.608666456000037],[85.85329251900004,26.608214394000072],[85.85492326800005,26.603937893000023],[85.85650489400007,26.606234268000037],[85.85645408100004,26.610331706000068],[85.85453883100007,26.609585206000077],[85.85313820600004,26.61047651900003],[85.85436083100006,26.614597768000067],[85.85677476900008,26.616772206000064],[85.85720083100006,26.618580894000047],[85.86441389400005,26.617954894000036],[85.86582751900005,26.623977581000076],[85.86489526800005,26.626055206000046],[85.86538764300008,26.627273143000025],[85.86777401800003,26.628406893000033],[85.87156495600004,26.628132393000044],[85.87259051800004,26.630643019000047],[85.87404345600004,26.63240108100007],[85.87451208100003,26.634381519000044],[85.87643508100007,26.633979269000065],[85.87757333100006,26.63682020600004],[85.88055083100005,26.63665864400008],[85.88240495600007,26.635398268000074],[85.88424895600008,26.637150331000043],[85.88519345600008,26.64073883100008],[85.88731608100005,26.641800269000043],[85.88986670600008,26.642133831000024],[85.89011464400005,26.64428176800004],[85.89126264400005,26.644342644000062],[85.89327733100004,26.645998831000043],[85.89742151800004,26.64672151900004],[85.90091364300008,26.651717518000055],[85.90414245600005,26.652726269000027],[85.90637576900008,26.652524581000023],[85.90775458100006,26.653640893000045],[85.90674620600004,26.656512519000046],[85.90825270600004,26.664013581000063],[85.90561408100007,26.664349831000038],[85.90039795600006,26.665925206000054],[85.89945708100004,26.667515581000032],[85.89966520600007,26.66889820600005],[85.90476514400007,26.670467519000056],[85.90597508100007,26.671201206000035],[85.90639489400007,26.673007331000065],[85.90806826900007,26.675238456000045]]]}},{"type":"Feature","properties":{"STATE_CODE":2,"DISTRICT":"MAHOTTARI","GaPa_NaPa":"Pipra","Type_GN":"Gaunpalika","Province":"2","provinceId":"2","provinceCode":"2","provinceName":"Madhesh","districtId":"204","districtName":"Mahottari","municipalityId":"20413","municipalityCode":"20413","municipalityName":"Pipara Rural Municipality","municipalityNameNe":"पिपरा गाउँपालिका","municipalityType":"rural_municipality"},"geometry":{"type":"Polygon","coordinates":[[[85.90813308100007,26.68164758100005],[85.90702845600003,26.681185518000063],[85.90489189300007,26.684113831000047],[85.90111983100007,26.686289332000058],[85.89722383100008,26.68719776900008],[85.89698126900004,26.689980519000073],[85.89385064300006,26.69158539400007],[85.89350176900007,26.694540957000072],[85.89156420600006,26.695342707000066],[85.89058058100005,26.697165081000037],[85.88917433100005,26.698063457000046],[85.89190895600007,26.701065706000065],[85.88975645600004,26.702576581000073],[85.88940976800006,26.704744643000026],[85.89081039300004,26.705825206000043],[85.89165064300005,26.709419644000036],[85.89126120600008,26.711648268000033],[85.89317464400006,26.711943081000072],[85.89310676900004,26.71344083100007],[85.89446501800006,26.714502956000047],[85.89375483100008,26.71736545600004],[85.89562514400006,26.717871957000057],[85.89587270600003,26.720468894000078],[85.89510326900006,26.721753644000046],[85.89496539300006,26.725329143000067],[85.89326120600003,26.726171081000075],[85.89097464400004,26.729682456000035],[85.89053683100008,26.73391220700006],[85.89122951800005,26.737349894000033],[85.88800483100005,26.74153070600005],[85.88382933100007,26.743253456000048],[85.88386908100006,26.744136144000038],[85.88167258100003,26.745842768000045],[85.88264801900004,26.747014831000058],[85.88319408100006,26.749548643000026],[85.88214564400005,26.751925519000054],[85.88347295600005,26.754551269000046],[85.88329814300005,26.756844769000054],[85.87882983100008,26.75791745600003],[85.87922526800008,26.75533914300007],[85.87894983100006,26.751236893000055],[85.87838776900008,26.74850658200006],[85.87880039300006,26.745646331000046],[85.87682939400008,26.743198206000045],[85.87292995600006,26.742616706000035],[85.87153008100006,26.74091539400007],[85.87142070600004,26.73421270600005],[85.87056401800004,26.731376331000035],[85.87165483100006,26.72891401800007],[85.87077208100004,26.726248831000078],[85.86952514400008,26.72518514400008],[85.86811358100005,26.72164695600003],[85.86678514400006,26.720447144000048],[85.86507933100006,26.720557644000053],[85.86212570600009,26.718130769000027],[85.86224620500008,26.716123456000048],[85.86006364400004,26.715036394000037],[85.86064726900008,26.713960206000024],[85.85959414400008,26.711309331000052],[85.85972620600006,26.708900456000038],[85.85579595600007,26.707943644000068],[85.85274314300005,26.71051176900005],[85.85169639300005,26.712152769000056],[85.84635514400009,26.71439533100005],[85.84347720600005,26.717580644000066],[85.84193851900005,26.71629989400003],[85.84013964400003,26.71593095600008],[85.84018789300006,26.713498831000038],[85.83893958100003,26.71174439300006],[85.84062983100006,26.70992814400006],[85.84308708100008,26.709566831000075],[85.84386833100007,26.707594269000026],[85.84168058100005,26.70746358100007],[85.84178401800006,26.703382456000043],[85.84316158000007,26.701480206000042],[85.84345364300003,26.69678901900005],[85.84485708100004,26.69473345600005],[85.84251370500004,26.693430456000044],[85.84111908100004,26.690327644000035],[85.84344733100005,26.69003970600005],[85.84188170600004,26.68835264300003],[85.84208989300004,26.687111018000053],[85.83719801900008,26.68566751800006],[85.83902183100008,26.683775644000036],[85.84395501900008,26.68385876800005],[85.84522014400005,26.682145081000044],[85.84913608100004,26.68139839400004],[85.85090201900005,26.67998883100006],[85.85029739400005,26.67888276900004],[85.84731445600005,26.678346332000046],[85.84550101900004,26.676422581000054],[85.84360133100006,26.677330081000036],[85.83683926800006,26.671660644000042],[85.83807439300006,26.670926144000077],[85.83546820600003,26.668503831000066],[85.83569508000005,26.667341332000035],[85.84118051900003,26.66670020600003],[85.84184533100006,26.664575456000023],[85.84435095600008,26.664577832000077],[85.84646751800005,26.663721768000073],[85.85033870600006,26.663058144000047],[85.85118239300004,26.660000581000077],[85.85288301800006,26.659373456000026],[85.85672351800008,26.659648144000073],[85.85773195600007,26.65741551900004],[85.85742508100003,26.65572514300004],[85.85451351900008,26.65042595600005],[85.86187420600004,26.64894389400007],[85.86583851900008,26.647240268000076],[85.86693714300003,26.647443081000063],[85.86954183100005,26.649749706000023],[85.87141708100006,26.652950831000055],[85.87248095600006,26.658959394000078],[85.87530058100003,26.659974643000055],[85.87861876900007,26.65983389300004],[85.87937770600007,26.661753393000026],[85.88639633100007,26.66166189300003],[85.88820083100006,26.662646331000076],[85.88899720600006,26.66606220600005],[85.88627376900007,26.666397394000057],[85.88697739300005,26.672254144000078],[85.89013039300005,26.677177706000066],[85.90806826900007,26.675238456000045],[85.90880133100006,26.67890645600005],[85.90813308100007,26.68164758100005]]]}},{"type":"Feature","properties":{"STATE_CODE":2,"DISTRICT":"MAHOTTARI","GaPa_NaPa":"Ramgopalpur","Type_GN":"Nagarpalika","Province":"2","provinceId":"2","provinceCode":"2","provinceName":"Madhesh","districtId":"204","districtName":"Mahottari","municipalityId":"20408","municipalityCode":"20408","municipalityName":"Ram Gopalpur Urban Municipality","municipalityNameNe":"राम गोपालपुर नगरपालिका","municipalityType":"municipality"},"geometry":{"type":"Polygon","coordinates":[[[85.81829345600005,26.83474345600007],[85.81549933000008,26.834670456000026],[85.81090458100005,26.835762394000028],[85.80973820600008,26.834335518000046],[85.80656801800006,26.832943706000037],[85.80360983100007,26.833523394000053],[85.80193276800009,26.83211926900003],[85.80149714400005,26.82899939300006],[85.79939220500006,26.827447207000034],[85.79692326800006,26.823540644000047],[85.79461383100005,26.822848519000047],[85.79062726900008,26.822593393000034],[85.78865076900007,26.82042608200004],[85.78498914300008,26.819841894000035],[85.78665751800008,26.823123519000035],[85.78550976800005,26.825354331000028],[85.78704845600004,26.828388894000057],[85.78889226900003,26.830002268000044],[85.79157170600007,26.83011539300003],[85.79094964300003,26.831709894000028],[85.78952889400006,26.83210620600005],[85.78952270600007,26.833638269000062],[85.78811076800008,26.836990456000024],[85.78925158100003,26.840445894000027],[85.78695483100006,26.842520144000048],[85.78197345600006,26.844045581000046],[85.77878001800008,26.845762269000033],[85.77288301900006,26.84711470700006],[85.77485339300006,26.850708206000036],[85.77130983100005,26.851428893000048],[85.76669008100004,26.852981706000037],[85.76459958100008,26.852306831000078],[85.76109539300006,26.852718394000078],[85.76276001900004,26.851169269000025],[85.76242433100003,26.84948083100005],[85.76077189400007,26.845750019000036],[85.76026533100008,26.841760769000075],[85.76092764300006,26.839911706000066],[85.76377595500009,26.83772089400003],[85.76486683100006,26.836232144000064],[85.76423058000006,26.834220644000027],[85.75971789300007,26.833603457000038],[85.75838970600006,26.832540394000034],[85.75899076800005,26.830907456000034],[85.76193439300005,26.829735081000024],[85.76059839300007,26.82781220700008],[85.75996239300008,26.825708144000032],[85.76142926800009,26.821196832000055],[85.75890208000004,26.818843831000038],[85.75043308100004,26.819568081000057],[85.74905820600009,26.819210706000035],[85.74865595600005,26.81653551900007],[85.74728526900003,26.81259270700008],[85.74529445600007,26.811419769000054],[85.74510564300004,26.80866751900004],[85.74321408100008,26.80588889300003],[85.74442495600005,26.803715332000024],[85.74485695600004,26.80056483100003],[85.74840351800003,26.80147839400007],[85.75018808000004,26.803270019000024],[85.75459376800006,26.804622081000048],[85.75733233000005,26.80689576900005],[85.76590333100006,26.803396581000072],[85.76868101800005,26.805266519000043],[85.77267201900008,26.80502139400005],[85.77524951900006,26.80350476900003],[85.77626889400005,26.805851206000057],[85.77765995600004,26.806950894000067],[85.77982345500004,26.806493456000055],[85.77889476800004,26.804948831000047],[85.77842601800006,26.80246270600003],[85.77978551800004,26.797704269000064],[85.77972851800007,26.79609720700006],[85.77561464400009,26.79678376800007],[85.77406151900004,26.79647245600006],[85.76879314400009,26.79389726900007],[85.76850170600005,26.79215726900003],[85.76935920600005,26.790693581000028],[85.77015245600006,26.786817081000038],[85.76780583100003,26.78796789300003],[85.76551664400006,26.788448768000023],[85.76195739400004,26.78702326900003],[85.76094851800008,26.78580495600005],[85.76318439300007,26.781744957000058],[85.76321958000005,26.77852520600004],[85.76116739400004,26.774854144000074],[85.76046489400005,26.77240426900005],[85.75816833100004,26.769809519000034],[85.75905083100008,26.76878608100003],[85.76105758100005,26.769884456000057],[85.76280145600003,26.76783958200008],[85.76655845600004,26.769846706000067],[85.76834458100006,26.770026956000038],[85.77169326800004,26.769255018000024],[85.77822739300007,26.768625519000068],[85.78107339400003,26.768715456000052],[85.78051308100004,26.770157018000077],[85.78644976900006,26.771521268000072],[85.78940995600004,26.772471706000033],[85.78989826900005,26.77478651800004],[85.79322283100004,26.77552339400006],[85.79571001800008,26.781788206000044],[85.79849670600004,26.78352901900007],[85.80206195600005,26.781932331000064],[85.80411395600004,26.782585957000038],[85.80714451800003,26.785321519000036],[85.80897220600008,26.789348894000057],[85.81143226800003,26.79030601900007],[85.81022676900005,26.793457206000028],[85.81103251900004,26.79515401900005],[85.81294120600006,26.79634564400004],[85.81507633100006,26.796713331000035],[85.81558401900008,26.798432456000057],[85.81462470600007,26.800545519000025],[85.81290358000007,26.801077081000074],[85.81465064300005,26.80313164300003],[85.81554889300008,26.805535519000045],[85.81997539300005,26.806937644000072],[85.82321789400004,26.80718126800008],[85.82388333100005,26.809741082000073],[85.82625214400008,26.814183394000054],[85.82594439400003,26.81747983100007],[85.82681895600007,26.819617144000063],[85.82698658100009,26.823522206000064],[85.82786851900005,26.824301268000056],[85.82664451800008,26.82766226900003],[85.82527601900006,26.82939739400007],[85.82352039400007,26.828665269000055],[85.82059083100006,26.82999251900003],[85.81829345600005,26.83474345600007]]]}},{"type":"Feature","properties":{"STATE_CODE":2,"DISTRICT":"MAHOTTARI","GaPa_NaPa":"Samsi","Type_GN":"Gaunpalika","Province":"2","provinceId":"2","provinceCode":"2","provinceName":"Madhesh","districtId":"204","districtName":"Mahottari","municipalityId":"20409","municipalityCode":"20409","municipalityName":"Samsi Rural Municipality","municipalityNameNe":"साम्सी गाउँपालिका","municipalityType":"rural_municipality"},"geometry":{"type":"Polygon","coordinates":[[[85.75816833100004,26.769809519000034],[85.76046489400005,26.77240426900005],[85.76116739400004,26.774854144000074],[85.76321958000005,26.77852520600004],[85.76318439300007,26.781744957000058],[85.76094851800008,26.78580495600005],[85.76195739400004,26.78702326900003],[85.76551664400006,26.788448768000023],[85.76780583100003,26.78796789300003],[85.77015245600006,26.786817081000038],[85.76935920600005,26.790693581000028],[85.76850170600005,26.79215726900003],[85.76879314400009,26.79389726900007],[85.77406151900004,26.79647245600006],[85.77561464400009,26.79678376800007],[85.77972851800007,26.79609720700006],[85.77978551800004,26.797704269000064],[85.77842601800006,26.80246270600003],[85.77889476800004,26.804948831000047],[85.77982345500004,26.806493456000055],[85.77765995600004,26.806950894000067],[85.77626889400005,26.805851206000057],[85.77524951900006,26.80350476900003],[85.77267201900008,26.80502139400005],[85.76868101800005,26.805266519000043],[85.76590333100006,26.803396581000072],[85.75733233000005,26.80689576900005],[85.75459376800006,26.804622081000048],[85.75018808000004,26.803270019000024],[85.74840351800003,26.80147839400007],[85.74485695600004,26.80056483100003],[85.74442495600005,26.803715332000024],[85.74321408100008,26.80588889300003],[85.74510564300004,26.80866751900004],[85.74529445600007,26.811419769000054],[85.74728526900003,26.81259270700008],[85.74865595600005,26.81653551900007],[85.74905820600009,26.819210706000035],[85.75043308100004,26.819568081000057],[85.75890208000004,26.818843831000038],[85.76142926800009,26.821196832000055],[85.75996239300008,26.825708144000032],[85.76059839300007,26.82781220700008],[85.76193439300005,26.829735081000024],[85.75899076800005,26.830907456000034],[85.75838970600006,26.832540394000034],[85.75971789300007,26.833603457000038],[85.76423058000006,26.834220644000027],[85.76486683100006,26.836232144000064],[85.76377595500009,26.83772089400003],[85.76092764300006,26.839911706000066],[85.76026533100008,26.841760769000075],[85.76077189400007,26.845750019000036],[85.76242433100003,26.84948083100005],[85.76276001900004,26.851169269000025],[85.76109539300006,26.852718394000078],[85.75674839300007,26.856091956000057],[85.75381195600005,26.851487832000032],[85.75302570500008,26.849344082000073],[85.75317839300004,26.847576394000043],[85.75124064300007,26.842886269000076],[85.74875783100003,26.84037101900003],[85.74766545600005,26.838337331000048],[85.74466414300008,26.835242019000077],[85.74267039400007,26.834123144000046],[85.74020395600007,26.83363414400003],[85.73943870600004,26.828604519000066],[85.73838870600008,26.826957019000076],[85.73611833100006,26.821234831000027],[85.73246983100006,26.82215439400005],[85.73003220600003,26.820959206000055],[85.72719620500004,26.821461706000036],[85.72328489300008,26.819984643000055],[85.73099039400006,26.807837706000043],[85.73084045500008,26.802527019000024],[85.73380895600008,26.79851233100004],[85.73671901800003,26.795582394000064],[85.73737495500006,26.778263394000078],[85.73577708100004,26.769595768000045],[85.74349564400006,26.769089018000045],[85.74771376900009,26.769189518000076],[85.75002208100005,26.770920269000044],[85.75816833100004,26.769809519000034]]]}},{"type":"Feature","properties":{"STATE_CODE":2,"DISTRICT":"MAHOTTARI","GaPa_NaPa":"Sonama","Type_GN":"Gaunpalika","Province":"2","provinceId":"2","provinceCode":"2","provinceName":"Madhesh","districtId":"204","districtName":"Mahottari","municipalityId":"20403","municipalityCode":"20403","municipalityName":"Sonama Rural Municipality","municipalityNameNe":"सोनमा गाउँपालिका","municipalityType":"rural_municipality"},"geometry":{"type":"Polygon","coordinates":[[[85.76851245600005,26.86732358100005],[85.76449370600005,26.869549456000072],[85.76066939300006,26.869931144000077],[85.75629114300006,26.872388268000066],[85.75580970600004,26.87316026900004],[85.75929139300007,26.878473144000054],[85.76527989400006,26.881485956000063],[85.76815539300009,26.88709570700007],[85.76627689400004,26.890533894000043],[85.76665276900007,26.89383826900007],[85.76786714300005,26.897655394000026],[85.76913333100003,26.900125957000057],[85.76913701800004,26.90202139400003],[85.76751845600006,26.903203081000072],[85.76323364300004,26.903790769000068],[85.75308439300005,26.905558519000067],[85.75168851900008,26.905266394000023],[85.74819670600004,26.903403269000023],[85.74967626800003,26.906805519000045],[85.74910670500003,26.909156144000065],[85.74576151900004,26.909961332000023],[85.74071820600005,26.912247269000034],[85.73729558100007,26.90939395600003],[85.73709739300006,26.906621332000043],[85.73600751900005,26.90555101900003],[85.73664370600005,26.90407883100005],[85.73201364300007,26.902552644000025],[85.72927833100005,26.899784268000076],[85.72582301900007,26.89917551900004],[85.72193989300007,26.897953581000024],[85.72167108100007,26.90173964400003],[85.72058964400009,26.904457769000032],[85.71892414300004,26.903425081000023],[85.71320714300003,26.902035081000065],[85.70911308100005,26.901713332000043],[85.70764189300007,26.902250456000047],[85.70583933100005,26.897797956000034],[85.70092708000004,26.896886394000035],[85.69983651800004,26.89591289400005],[85.70011045500007,26.89407645600005],[85.69876058000006,26.89168808100004],[85.69787520500006,26.886546644000077],[85.69712376800004,26.884405207000043],[85.69398083100003,26.88184676900005],[85.69129151800007,26.882043019000037],[85.69022270500005,26.881356206000078],[85.69107126900008,26.878525582000066],[85.69228676800003,26.877911769000036],[85.69142458100004,26.87530220700006],[85.69169126800006,26.87341383100005],[85.69074426800006,26.871744394000075],[85.68819820600004,26.872894081000027],[85.68583951800008,26.871786831000065],[85.68567833100008,26.870524019000072],[85.68387426900006,26.869439956000065],[85.68305826800008,26.867331706000073],[85.67847708100004,26.864125457000057],[85.67996370600008,26.862090581000075],[85.68007095500008,26.85916508200006],[85.68076308000008,26.857869643000072],[85.67891958000007,26.856383519000076],[85.67880258100007,26.854949644000044],[85.68026045500005,26.851021331000027],[85.68284795500006,26.847099081000067],[85.68253414300005,26.842969206000078],[85.69552526900009,26.836645394000072],[85.70655858000003,26.831915769000034],[85.71648408100003,26.824469769000075],[85.72328489300008,26.819984643000055],[85.72719620500004,26.821461706000036],[85.73003220600003,26.820959206000055],[85.73246983100006,26.82215439400005],[85.73611833100006,26.821234831000027],[85.73838870600008,26.826957019000076],[85.73943870600004,26.828604519000066],[85.74020395600007,26.83363414400003],[85.74267039400007,26.834123144000046],[85.74466414300008,26.835242019000077],[85.74766545600005,26.838337331000048],[85.74875783100003,26.84037101900003],[85.75124064300007,26.842886269000076],[85.75317839300004,26.847576394000043],[85.75302570500008,26.849344082000073],[85.75381195600005,26.851487832000032],[85.75674839300007,26.856091956000057],[85.75607689300006,26.857020206000072],[85.75957951800007,26.85858533100003],[85.76756370600003,26.866011081000067],[85.76851245600005,26.86732358100005]]]}},{"type":"Feature","properties":{"STATE_CODE":2,"DISTRICT":"SARLAHI","GaPa_NaPa":"Bagmati","Type_GN":"Nagarpalika","Province":"2","provinceId":"2","provinceCode":"2","provinceName":"Madhesh","districtId":"205","districtName":"Sarlahi","municipalityId":"20503","municipalityCode":"20503","municipalityName":"Bagmati Urban Municipality","municipalityNameNe":"बागमती नगरपालिका","municipalityType":"municipality"},"geometry":{"type":"Polygon","coordinates":[[[85.53305520600009,27.140694894000035],[85.53036039300008,27.140093644000046],[85.52349320600007,27.14055176900007],[85.51822651800006,27.142350832000034],[85.51485945500008,27.14166551900007],[85.51191251800003,27.143112082000073],[85.50651795600004,27.14352633200008],[85.50329858000003,27.143239332000064],[85.49796583100004,27.14623326900005],[85.49593214300006,27.149296394000032],[85.49348470600006,27.153778457000044],[85.49178089300005,27.15430195600004],[85.49143589300007,27.153060206000077],[85.49301164300005,27.148598769000046],[85.49302683100007,27.146042331000046],[85.49146176800008,27.142999581000026],[85.49074826800006,27.139072331000023],[85.48686926800008,27.13472289400005],[85.48201658000005,27.132290144000024],[85.48045058100007,27.130952957000034],[85.47797745500003,27.130051644000048],[85.47478739300004,27.12707770700007],[85.47317070600008,27.123159831000066],[85.47408589300005,27.120311956000023],[85.47372739400004,27.118303206000064],[85.47095276800007,27.114519269000027],[85.46643526800005,27.109805894000033],[85.46456383000003,27.108209956000053],[85.46065095500006,27.106910519000053],[85.45929745500007,27.105929581000055],[85.45771476800007,27.103597269000034],[85.45307251800006,27.101639582000075],[85.45085520600009,27.099785332000067],[85.44949083100005,27.094856019000076],[85.44754864300006,27.093404957000075],[85.44507751900005,27.090219769000043],[85.44263276800007,27.089432644000055],[85.43944445600005,27.09016476900007],[85.43700501800004,27.089393269000027],[85.43428908000004,27.085359769000036],[85.43375245600004,27.07914708100003],[85.43420551800006,27.07543308100003],[85.43669795600005,27.06936995700005],[85.43589520600005,27.06675189400005],[85.43388751800006,27.065247144000068],[85.42744408100003,27.06270220600004],[85.42613845600005,27.060899207000034],[85.42637139300007,27.054164144000026],[85.42594276800008,27.05260489400007],[85.42427108100009,27.051588519000063],[85.42146495600008,27.05143183200005],[85.41771526800005,27.049240519000023],[85.41478545500007,27.04525158100006],[85.41387714300004,27.042045519000055],[85.41439083100005,27.03990595700003],[85.41420408000005,27.037721457000032],[85.41253001800004,27.03553395600005],[85.41064776800005,27.03472251900007],[85.40465814300006,27.033997207000027],[85.41296589300003,27.03050033200003],[85.41830951800006,27.027556332000074],[85.42194639300004,27.026599082000075],[85.42351089300007,27.02543933100003],[85.42856608000005,27.023093519000042],[85.43390639300009,27.022226894000028],[85.43453220500004,27.018689519000077],[85.43259589300004,27.01608520600007],[85.43443276800008,27.012393332000045],[85.43578414300003,27.010646706000045],[85.43825658000009,27.010048394000023],[85.44278945600007,27.012391394000076],[85.44512564300004,27.01305108200006],[85.44731739300005,27.012563831000023],[85.44805176800008,27.01099720600007],[85.44955926800003,27.01200601800008],[85.44837576800006,27.017945394000037],[85.44836589300007,27.02006858200008],[85.44930158100004,27.02437070600007],[85.45100770500005,27.02788414400004],[85.45090458000004,27.03005570600004],[85.45315945600004,27.033078456000055],[85.45437576800003,27.031655644000068],[85.45819295500007,27.030729457000064],[85.46121020500004,27.02830208100005],[85.47182508100008,27.025075581000067],[85.47475576800008,27.024927582000032],[85.47604126800007,27.02352645700006],[85.47461239300009,27.020173019000026],[85.47599795500008,27.018576832000065],[85.47979208100008,27.01742689400004],[85.48087676900008,27.019746206000036],[85.48308208100008,27.021778394000023],[85.48355164300006,27.02703051900005],[85.48585170500007,27.033759082000074],[85.48851451900003,27.03735676900004],[85.48944726800005,27.039201519000073],[85.50115208000005,27.034708832000035],[85.50305745600008,27.037012394000044],[85.50974451900004,27.04637451900004],[85.51190601800005,27.050246582000057],[85.52270270600008,27.049543519000053],[85.52229826800004,27.05658095600006],[85.52268489300008,27.06109520600006],[85.52406939300005,27.064564019000045],[85.52212626800008,27.06734814400005],[85.52290370500003,27.06911164400003],[85.52363733100003,27.073954394000054],[85.52330426800006,27.075636332000045],[85.52437676800008,27.077993957000047],[85.52475126800005,27.082282519000046],[85.52599370600007,27.085100081000064],[85.52908564300003,27.089838894000025],[85.52957783100004,27.09336151900004],[85.52886483000003,27.094678456000054],[85.52724114300008,27.094593769000028],[85.52297401800007,27.093445706000068],[85.51944826800008,27.093410832000075],[85.51903489300008,27.094651894000037],[85.51710358100007,27.095982956000057],[85.51831208100003,27.097613457000023],[85.52059083100005,27.098905457000058],[85.52282220600006,27.101002394000034],[85.52408945600007,27.103208769000048],[85.52828833000007,27.104301957000075],[85.53233276800006,27.106158332000064],[85.53311751900003,27.11014414400006],[85.53141589300003,27.11231714400003],[85.53092689300007,27.115127831000052],[85.52944158100007,27.116901394000024],[85.53177989300008,27.118500769000036],[85.53497420600007,27.123014957000066],[85.53587920600006,27.12497151900004],[85.53496601800003,27.125938894000058],[85.53446864300008,27.129008957000053],[85.53467058100006,27.137356769000064],[85.53305520600009,27.140694894000035]]]}},{"type":"Feature","properties":{"STATE_CODE":2,"DISTRICT":"SARLAHI","GaPa_NaPa":"Balara","Type_GN":"Nagarpalika","Province":"2","provinceId":"2","provinceCode":"2","provinceName":"Madhesh","districtId":"205","districtName":"Sarlahi","municipalityId":"20516","municipalityCode":"20516","municipalityName":"Balara Urban Municipality","municipalityNameNe":"बलरा नगरपालिका","municipalityType":"municipality"},"geometry":{"type":"Polygon","coordinates":[[[85.40839058000006,26.788917894000065],[85.40661545600005,26.79039089400004],[85.40322683100004,26.79125933100005],[85.40200039300004,26.792322957000067],[85.40032208100007,26.795038144000046],[85.39938920600008,26.798003206000033],[85.39961320600008,26.80017158100003],[85.39886858100004,26.802755706000028],[85.39935020600007,26.805016269000078],[85.39821083000004,26.805661581000038],[85.39929014300003,26.80795914400005],[85.40203039300008,26.80595776900003],[85.40437070600007,26.80609926900007],[85.40800314300003,26.804526644000077],[85.42006664300004,26.80491151800004],[85.42293683100007,26.80514895700003],[85.42403345600007,26.808089206000034],[85.42613770500003,26.808548706000067],[85.42780483100006,26.811099582000054],[85.42800858100009,26.81331089400004],[85.42746483000008,26.81718151900003],[85.42750558000006,26.819629207000048],[85.42158976800005,26.820273144000055],[85.42094995500008,26.82689064400006],[85.42049283100005,26.828456582000058],[85.41758989300007,26.83296001900004],[85.41336964300007,26.830450331000065],[85.41061033100004,26.82820345600004],[85.40795564300004,26.825253831000055],[85.40468808000008,26.823120206000056],[85.40193626800004,26.827118644000052],[85.39912295600004,26.824655518000043],[85.39632326800006,26.823746768000035],[85.39289564300003,26.818940706000035],[85.38996451800006,26.818522769000026],[85.38886626800007,26.817558831000042],[85.38370570500007,26.817040769000073],[85.38071858100005,26.817658831000074],[85.38026064300004,26.818728331000045],[85.37264589300008,26.817617769000037],[85.36912095600007,26.819262956000046],[85.36506570500006,26.819951956000068],[85.36247564300004,26.81803870600004],[85.36078945500003,26.819462956000052],[85.35894176800008,26.817892206000067],[85.35686426800004,26.818780831000026],[85.35461939300006,26.818064519000075],[85.35197026800006,26.82328626800006],[85.34378783100004,26.82437501800007],[85.33960076800008,26.827034394000066],[85.33583026800005,26.82899026900003],[85.33457533100005,26.82653576900003],[85.33477001800009,26.822276206000026],[85.33258358000006,26.81994564400003],[85.33080539300005,26.819450206000056],[85.32952439300004,26.817436018000024],[85.32902733000003,26.815085019000037],[85.32739983100004,26.814301519000026],[85.32572751800006,26.811600519000024],[85.32735789300006,26.808376706000047],[85.32662883100005,26.806181269000035],[85.32407614300007,26.804048081000076],[85.32530808000007,26.80213214300005],[85.32816658000007,26.798136331000023],[85.33398301800008,26.79785601900005],[85.33714414300005,26.794308519000026],[85.34261670600006,26.78901064400003],[85.34341258100005,26.786514332000024],[85.34220764300005,26.782719206000024],[85.33960083100004,26.77980608100006],[85.33340420500008,26.777222331000075],[85.33488001800004,26.776260706000073],[85.34189545600003,26.776160581000056],[85.34804345500004,26.775098144000026],[85.34874920600004,26.771266831000048],[85.34807258100005,26.769425332000026],[85.34796251800003,26.766382519000047],[85.35255676800006,26.764393706000078],[85.35350220500004,26.761392706000038],[85.35109883100006,26.760093394000023],[85.34845076800008,26.759405581000067],[85.34387414300005,26.75920089400006],[85.34093683000003,26.75998908100007],[85.33647158000008,26.759525832000065],[85.33545833000005,26.759988957000076],[85.33507764300003,26.75462451900006],[85.33418201800004,26.750679769000044],[85.33315214300006,26.74927920600004],[85.32984226800005,26.74644689400003],[85.32839589300005,26.744343956000023],[85.33655114300007,26.74118733100005],[85.35008176800005,26.753478331000053],[85.35725064300004,26.759696206000058],[85.36384214300006,26.762809893000053],[85.36549883100008,26.76040895600005],[85.36753914300004,26.75913926900006],[85.37162158100006,26.757962581000072],[85.37334251800007,26.758361081000032],[85.37615495600005,26.760321643000054],[85.37748226800005,26.760376456000074],[85.37931108100008,26.762008081000033],[85.38253520500007,26.767845456000032],[85.38341620500006,26.768723644000033],[85.38646833000007,26.773876706000067],[85.39433795500008,26.77504270600008],[85.40001695500007,26.77821551900007],[85.40501464300007,26.782595268000023],[85.40713014300007,26.785491768000043],[85.40839058000006,26.788917894000065]]]}},{"type":"Feature","properties":{"STATE_CODE":2,"DISTRICT":"SARLAHI","GaPa_NaPa":"Barahathawa","Type_GN":"Nagarpalika","Province":"2","provinceId":"2","provinceCode":"2","provinceName":"Madhesh","districtId":"205","districtName":"Sarlahi","municipalityId":"20504","municipalityCode":"20504","municipalityName":"Barahathawa Urban Municipality","municipalityNameNe":"बरहथवा नगरपालिका","municipalityType":"municipality"},"geometry":{"type":"Polygon","coordinates":[[[85.50115208000005,27.034708832000035],[85.48944726800005,27.039201519000073],[85.48851451900003,27.03735676900004],[85.48585170500007,27.033759082000074],[85.48355164300006,27.02703051900005],[85.48308208100008,27.021778394000023],[85.48087676900008,27.019746206000036],[85.47979208100008,27.01742689400004],[85.47599795500008,27.018576832000065],[85.47461239300009,27.020173019000026],[85.47604126800007,27.02352645700006],[85.47475576800008,27.024927582000032],[85.47182508100008,27.025075581000067],[85.46121020500004,27.02830208100005],[85.45819295500007,27.030729457000064],[85.45437576800003,27.031655644000068],[85.45315945600004,27.033078456000055],[85.45090458000004,27.03005570600004],[85.45100770500005,27.02788414400004],[85.44930158100004,27.02437070600007],[85.44836589300007,27.02006858200008],[85.44837576800006,27.017945394000037],[85.44955926800003,27.01200601800008],[85.44805176800008,27.01099720600007],[85.44731739300005,27.012563831000023],[85.44512564300004,27.01305108200006],[85.44278945600007,27.012391394000076],[85.43825658000009,27.010048394000023],[85.43578414300003,27.010646706000045],[85.43443276800008,27.012393332000045],[85.43259589300004,27.01608520600007],[85.43453220500004,27.018689519000077],[85.43390639300009,27.022226894000028],[85.42856608000005,27.023093519000042],[85.42351089300007,27.02543933100003],[85.42194639300004,27.026599082000075],[85.41830951800006,27.027556332000074],[85.41296589300003,27.03050033200003],[85.40465814300006,27.033997207000027],[85.40294414300007,27.03125489400003],[85.40214564300004,27.025493519000065],[85.39873339300004,27.023388519000036],[85.39871245600006,27.02093839400004],[85.39679401800004,27.018349268000065],[85.39379951800004,27.017049894000024],[85.39075051800006,27.014338706000046],[85.38922995500008,27.00996970600005],[85.38821439300006,27.008310081000047],[85.39072326800004,27.005424332000075],[85.39069751800008,27.001692707000075],[85.39258064300003,26.99884695700007],[85.39484220500003,26.997791207000034],[85.39970426800005,26.99270920600003],[85.40035895500006,26.988878269000054],[85.40308358100003,26.985532144000047],[85.40359101800004,26.98349645600007],[85.40321601800008,26.980269144000033],[85.40355795500005,26.977282957000057],[85.40002683100005,26.97420664400005],[85.39916676800004,26.97124814400007],[85.39819270600003,26.969759644000078],[85.39845470500006,26.96778051900003],[85.40014876800007,26.964977144000045],[85.40178745500003,26.96055658100005],[85.40051258100004,26.95901920600005],[85.40035933100006,26.957518019000076],[85.40130064300007,26.95560658200003],[85.40308095500006,26.953989144000047],[85.41276620500008,26.950365894000072],[85.41666639300007,26.949871019000057],[85.42168458100008,26.948184706000063],[85.42369020600006,26.945547144000045],[85.42704933000005,26.94498751900005],[85.43136045600005,26.941518769000027],[85.43400151800006,26.93998251900007],[85.43875501800005,26.936145831000033],[85.44249576800007,26.932517894000057],[85.44102014300006,26.93050001900008],[85.44808701800008,26.926761269000053],[85.44869095600006,26.92797570600004],[85.45138651800005,26.92617001900004],[85.45468376800005,26.92452058200007],[85.45891883100006,26.92558920600004],[85.46146008000005,26.92799070600006],[85.46626176800004,26.934896956000046],[85.46732776800008,26.934445894000078],[85.46798508100005,26.930874206000055],[85.46995826800008,26.92909370700005],[85.47791020500006,26.928257081000027],[85.48026039300004,26.936036831000024],[85.48436395500005,26.93546801800005],[85.48672601800007,26.93792508100006],[85.48620070600003,26.939476144000025],[85.48625026800005,26.942291393000062],[85.48948214300003,26.941280394000046],[85.49185576800005,26.93986320600004],[85.49815839300004,26.933672957000056],[85.49998964300005,26.931000144000052],[85.50403920600007,26.92941389400005],[85.50676889300007,26.93371389400005],[85.50768345500006,26.936020394000025],[85.50936108100007,26.93852908200006],[85.51040639300004,26.944085957000027],[85.50129908000008,26.954968394000048],[85.50476489300007,26.957448706000037],[85.50712920600006,26.96279395700003],[85.50703264400005,26.96444001900005],[85.50837945500007,26.96629989400003],[85.50826476800006,26.967794518000062],[85.51030420600006,26.97018295600003],[85.51164264300007,26.973556581000025],[85.51342689400008,26.975921894000066],[85.51372789300007,26.979011644000025],[85.51560626800006,26.982011956000065],[85.51673476800005,26.985304394000025],[85.52130020600003,26.988393769000027],[85.52402733100007,26.988433644000054],[85.52805070600004,26.989773081000067],[85.53338545600008,26.991649519000077],[85.53211620600007,26.995634394000035],[85.53612008100004,27.00038033100003],[85.52853726800004,27.00260720600005],[85.52575658000006,27.004010832000063],[85.52393326900005,27.00222283100004],[85.52596033100008,26.99882139400006],[85.52574289300009,26.996806519000074],[85.52376451800006,26.994385144000034],[85.52214489300007,26.993251332000057],[85.51912489300008,26.988479269000038],[85.51476083100005,26.990466206000065],[85.51285533000004,26.992027707000034],[85.51641045500008,26.994452331000048],[85.51770576800004,26.99805108100003],[85.51694445600003,26.99884414400003],[85.51873739400008,27.001015394000035],[85.51988533100007,27.00521051900006],[85.51454764300007,27.00627789400005],[85.51207251800008,27.00299833200006],[85.50957389300004,27.003599144000077],[85.50816401800006,26.999944894000066],[85.51024776800006,26.999075706000042],[85.51022583100007,26.99800151900007],[85.50750133100007,26.994498082000064],[85.50537476800008,26.99536683100007],[85.50204445600008,26.995737519000045],[85.49999976800007,26.996512207000023],[85.49217939300007,26.997933206000027],[85.49509851800008,27.00320439400008],[85.49844395500008,27.009969144000024],[85.49737689400007,27.01474789400004],[85.49535795600008,27.015236394000055],[85.49541289300004,27.017437894000068],[85.49724058100009,27.025558894000028],[85.50001745500003,27.032778456000074],[85.50115208000005,27.034708832000035]]]}},{"type":"Feature","properties":{"STATE_CODE":2,"DISTRICT":"SARLAHI","GaPa_NaPa":"Basbariya","Type_GN":"Gaunpalika","Province":"2","provinceId":"2","provinceCode":"2","provinceName":"Madhesh","districtId":"205","districtName":"Sarlahi","municipalityId":"20513","municipalityCode":"20513","municipalityName":"Basbariya Rural Municipality","municipalityNameNe":"बसबरिया गाउँपालिका","municipalityType":"rural_municipality"},"geometry":{"type":"Polygon","coordinates":[[[85.49998964300005,26.931000144000052],[85.49815839300004,26.933672957000056],[85.49185576800005,26.93986320600004],[85.48948214300003,26.941280394000046],[85.48625026800005,26.942291393000062],[85.48620070600003,26.939476144000025],[85.48672601800007,26.93792508100006],[85.48436395500005,26.93546801800005],[85.48026039300004,26.936036831000024],[85.47791020500006,26.928257081000027],[85.46995826800008,26.92909370700005],[85.46798508100005,26.930874206000055],[85.46732776800008,26.934445894000078],[85.46626176800004,26.934896956000046],[85.46146008000005,26.92799070600006],[85.45891883100006,26.92558920600004],[85.45468376800005,26.92452058200007],[85.45138651800005,26.92617001900004],[85.44869095600006,26.92797570600004],[85.44808701800008,26.926761269000053],[85.44102014300006,26.93050001900008],[85.44249576800007,26.932517894000057],[85.43875501800005,26.936145831000033],[85.43400151800006,26.93998251900007],[85.43136045600005,26.941518769000027],[85.42704933000005,26.94498751900005],[85.42369020600006,26.945547144000045],[85.42168458100008,26.948184706000063],[85.41666639300007,26.949871019000057],[85.41276620500008,26.950365894000072],[85.40308095500006,26.953989144000047],[85.40006645600005,26.950736207000034],[85.40119533100005,26.941492206000078],[85.39981845500006,26.936521706000065],[85.39640370500007,26.93163683100005],[85.39345795600008,26.928586018000033],[85.39169664300005,26.924756394000042],[85.38936858000005,26.922992332000035],[85.38847751800006,26.92017164300006],[85.38848351800004,26.917834081000024],[85.39361608100006,26.917284831000075],[85.40123251800009,26.916801019000047],[85.40983201800003,26.914213206000056],[85.41598420500009,26.91361008100006],[85.41992101800008,26.91478220600004],[85.42375451800007,26.915443019000065],[85.42540145500004,26.915302331000078],[85.42761764300008,26.91350195700005],[85.42982551800003,26.910192206000033],[85.43066533000007,26.90972789400007],[85.43697089300008,26.911177831000032],[85.44946970500007,26.913522956000065],[85.45225983100005,26.912934706000044],[85.45441389300004,26.91506276900003],[85.45585783100006,26.915144956000063],[85.45892289300008,26.91255014400008],[85.46105283100007,26.905459206000046],[85.46803276800006,26.906016331000046],[85.47134908000004,26.904305394000062],[85.48201001800004,26.900737269000047],[85.48615808000005,26.897469519000026],[85.48545314300009,26.90460670600004],[85.48473289300006,26.907218019000027],[85.48246201800004,26.90928376900007],[85.48205751800003,26.91309439400004],[85.48042745500004,26.918470082000056],[85.48456758000003,26.916942019000032],[85.48896495600007,26.917051332000028],[85.49552033100008,26.918705894000027],[85.49693895600006,26.922490331000063],[85.49936876800007,26.930783332000033],[85.49998964300005,26.931000144000052]]]}},{"type":"Feature","properties":{"STATE_CODE":2,"DISTRICT":"SARLAHI","GaPa_NaPa":"Bishnu","Type_GN":"Gaunpalika","Province":"2","provinceId":"2","provinceCode":"2","provinceName":"Madhesh","districtId":"205","districtName":"Sarlahi","municipalityId":"20518","municipalityCode":"20518","municipalityName":"Bishnu Rural Municipality","municipalityNameNe":"विष्णु गाउँपालिका","municipalityType":"rural_municipality"},"geometry":{"type":"Polygon","coordinates":[[[85.50207783100007,26.81318620600007],[85.50196195600006,26.813798706000057],[85.50551676800006,26.815650332000075],[85.50538858000004,26.818065456000056],[85.50317876900004,26.82133626800004],[85.50457989300008,26.823108706000028],[85.50452864400006,26.824545457000056],[85.50672239300008,26.826791082000057],[85.50638220600007,26.82955139300003],[85.50477889300004,26.83155608100003],[85.50202326800007,26.833300394000048],[85.50132976800006,26.834491144000026],[85.49945139300007,26.83252664400004],[85.49784945600004,26.833067081000024],[85.49671233100008,26.83806776800003],[85.49333339300006,26.839962644000025],[85.49101233100004,26.840819707000037],[85.49251301800007,26.846018144000027],[85.48766133000004,26.84630839400006],[85.48615251800004,26.847208769000076],[85.48362708000008,26.85319864400003],[85.48226070600003,26.857028331000038],[85.48037745600004,26.857923456000037],[85.47839970600006,26.851942457000064],[85.47587045600005,26.848469394000062],[85.46931089300006,26.84566320600004],[85.46366645600006,26.84211389400008],[85.46272664300005,26.84018095700003],[85.46429745500006,26.838619144000063],[85.46651308000008,26.83541708100006],[85.46615208100008,26.83355483100007],[85.46469151800005,26.830241957000055],[85.46477601800007,26.828160768000032],[85.45981945600005,26.82845564400003],[85.46017183000004,26.824259831000063],[85.46234101800007,26.820489706000046],[85.46307814300008,26.816987019000067],[85.46236551800007,26.814122143000077],[85.45927589300004,26.81189545600006],[85.45517308100005,26.811547331000043],[85.44764764300004,26.812818082000035],[85.44597689300008,26.81110908200003],[85.44777676800004,26.808879519000072],[85.44786976800003,26.806502644000034],[85.44539870600005,26.80299676900006],[85.44502776800005,26.799667956000064],[85.44198564300007,26.797659268000075],[85.44089301800005,26.793970019000028],[85.43755339300003,26.788688081000032],[85.44538051800004,26.78524195600005],[85.44604051800007,26.784700456000053],[85.45387939400007,26.781235706000075],[85.45590401800007,26.781203644000072],[85.45793508100007,26.782608769000035],[85.46150408000005,26.78385583100004],[85.46071451800003,26.78478001900004],[85.46449714300007,26.786649832000023],[85.46612070600008,26.78802058100007],[85.46987345500008,26.78848489300003],[85.47592170500008,26.789872831000025],[85.48019014300007,26.792486206000035],[85.48112095600004,26.794559019000076],[85.48085683000005,26.79802970700007],[85.48140445500007,26.801717582000038],[85.48263326800009,26.801993518000074],[85.49784145500007,26.796975644000042],[85.49916526800007,26.79907576900007],[85.49778964400008,26.801213518000054],[85.49931370500008,26.803099393000025],[85.49933876800003,26.805007956000054],[85.50018458100004,26.807735394000076],[85.49924420600007,26.809336519000055],[85.50100464400003,26.810145582000075],[85.50004458000006,26.811531394000042],[85.50207783100007,26.81318620600007]]]}},{"type":"Feature","properties":{"STATE_CODE":2,"DISTRICT":"SARLAHI","GaPa_NaPa":"Bramhapuri","Type_GN":"Gaunpalika","Province":"2","provinceId":"2","provinceCode":"2","provinceName":"Madhesh","districtId":"205","districtName":"Sarlahi","municipalityId":"20509","municipalityCode":"20509","municipalityName":"Brahmapuri Rural Municipality","municipalityNameNe":"ब्रह्मपुरी गाउँपालिका","municipalityType":"rural_municipality"},"geometry":{"type":"Polygon","coordinates":[[[85.65820614300009,26.927870519000066],[85.65647839300004,26.92873633100004],[85.65300195600008,26.928915268000026],[85.64797108000005,26.930148769000027],[85.64343214300004,26.92649508100004],[85.64055651900009,26.921762957000055],[85.63746808000008,26.922874894000074],[85.63812801800003,26.91849039400006],[85.63798976800007,26.913207019000026],[85.63628551800008,26.913382331000037],[85.63505508100008,26.915182268000024],[85.63191933100006,26.914305831000036],[85.63042414400007,26.91321726800004],[85.62958601800005,26.91100020700003],[85.62683470500008,26.91031689400006],[85.62695939300005,26.90932083100006],[85.62531408100006,26.907908144000032],[85.62421458000006,26.904039081000064],[85.62104420500003,26.901796956000055],[85.61911826900007,26.901198331000046],[85.61612558100006,26.898614832000078],[85.61345701800008,26.898920331000056],[85.60788764300008,26.897349268000028],[85.60553108100004,26.89698983100004],[85.60261426900007,26.90004089300004],[85.60317576800009,26.901727394000034],[85.60193876800008,26.90489658100006],[85.59980383000004,26.907194894000042],[85.59787908100003,26.91065958100006],[85.59644633000005,26.911954019000063],[85.59458070600004,26.91255820600003],[85.58997508100003,26.912776269000062],[85.58508989300003,26.910811769000077],[85.57943626800005,26.91163720700007],[85.57818251800006,26.910203144000036],[85.57698089300004,26.90720364400005],[85.57707858100008,26.905485331000023],[85.57814839300005,26.90321276900005],[85.57765676800005,26.89993839400006],[85.57838939300007,26.89743001900007],[85.58022145600006,26.89658201900005],[85.58083501900006,26.894701894000036],[85.57951089300008,26.89250445700003],[85.57554370500003,26.89001195700007],[85.57639639300004,26.88901420600007],[85.57729608100004,26.885591394000073],[85.57829789300007,26.88350764300003],[85.57758301800004,26.879657956000074],[85.57964245600004,26.877000457000065],[85.58003320600005,26.874524707000035],[85.57898826900004,26.870206894000034],[85.57963851800008,26.86647014400006],[85.58116083100003,26.864488581000046],[85.58434864400004,26.86475520600004],[85.58644214300006,26.862637207000034],[85.58440470600004,26.859241331000078],[85.58476608100005,26.85848008100004],[85.58863376800008,26.852325144000076],[85.58703201800006,26.850115956000025],[85.58804033100006,26.84708451800003],[85.59024664300006,26.848541581000063],[85.59448489300007,26.85032789400003],[85.60810033100006,26.856572706000065],[85.60968558000008,26.857601456000054],[85.62162645500007,26.869273081000074],[85.62196020600004,26.87185983200004],[85.62154708100007,26.873507456000027],[85.62209020600005,26.875509581000074],[85.62377933000005,26.878457082000068],[85.62402214300005,26.88012008100003],[85.62721670500008,26.882263081000076],[85.63054151800003,26.88254589400003],[85.63323120600006,26.884110707000048],[85.63261683100006,26.885239644000023],[85.63328583100008,26.888012393000054],[85.63759170600008,26.895233707000045],[85.63750145600005,26.90039758100005],[85.64115251800007,26.902533394000045],[85.64383345600004,26.901248269000064],[85.64630401800008,26.90090189400007],[85.65161276800006,26.90162058100003],[85.65664133100006,26.899540768000065],[85.66064308100005,26.904966956000067],[85.66168545600004,26.912161019000052],[85.66193370600007,26.916215769000075],[85.66157245600004,26.91851376900007],[85.65903589400006,26.92047308100007],[85.65713795600004,26.925439269000037],[85.65722426800005,26.927373832000058],[85.65820614300009,26.927870519000066]]]}},{"type":"Feature","properties":{"STATE_CODE":2,"DISTRICT":"SARLAHI","GaPa_NaPa":"Chakraghatta","Type_GN":"Gaunpalika","Province":"2","provinceId":"2","provinceCode":"2","provinceName":"Madhesh","districtId":"205","districtName":"Sarlahi","municipalityId":"20512","municipalityCode":"20512","municipalityName":"Chakraghatta Rural Municipality","municipalityNameNe":"चक्रघट्टा गाउँपालिका","municipalityType":"rural_municipality"},"geometry":{"type":"Polygon","coordinates":[[[85.54186564400004,26.89219083100005],[85.54381789300004,26.897215394000057],[85.54453670600003,26.901972331000024],[85.54619126900008,26.909135019000075],[85.54567058100008,26.912841206000053],[85.53807214300008,26.91648333200004],[85.53253614400006,26.918779206000067],[85.53030408000006,26.920870081000032],[85.52873270600008,26.91949095700005],[85.52676520600005,26.916539519000025],[85.52457039300003,26.91446114400003],[85.51968864400004,26.911522019000074],[85.51736126900005,26.91187439400005],[85.51687333100006,26.912862019000045],[85.51479595600006,26.913483206000024],[85.51466539300003,26.914707019000048],[85.51150026800008,26.915429519000043],[85.50888851900004,26.91724983200004],[85.50700845600005,26.922114769000075],[85.50599708100003,26.92382108100003],[85.50795576800004,26.927212644000065],[85.50403920600007,26.92941389400005],[85.49998964300005,26.931000144000052],[85.49936876800007,26.930783332000033],[85.49693895600006,26.922490331000063],[85.49552033100008,26.918705894000027],[85.48896495600007,26.917051332000028],[85.48456758000003,26.916942019000032],[85.48042745500004,26.918470082000056],[85.48205751800003,26.91309439400004],[85.48246201800004,26.90928376900007],[85.48473289300006,26.907218019000027],[85.48545314300009,26.90460670600004],[85.48615808000005,26.897469519000026],[85.48643920500007,26.894479206000028],[85.48501320500003,26.890938394000045],[85.48552658100004,26.881513019000067],[85.48496964300006,26.87981089300007],[85.48322401800004,26.878317519000063],[85.48672476800004,26.878813206000075],[85.49202870600004,26.878317331000062],[85.49382720600005,26.879090268000027],[85.49855120600006,26.87979383100003],[85.49925251800005,26.878696581000042],[85.50259889300008,26.877391832000058],[85.50608726800004,26.876600706000033],[85.50528570600005,26.874985769000034],[85.50730895600003,26.874411456000075],[85.51936333100008,26.872638519000077],[85.51895514300008,26.876898581000034],[85.51941651800007,26.878476144000047],[85.52217195500003,26.880488144000026],[85.52464439300007,26.884006707000026],[85.52602001800005,26.886879769000075],[85.53519620600008,26.885955393000074],[85.53763626800009,26.885260894000055],[85.54252364300004,26.88582589400005],[85.54407908000007,26.887073831000066],[85.54120026800007,26.890266144000066],[85.54186564400004,26.89219083100005]]]}},{"type":"Feature","properties":{"STATE_CODE":2,"DISTRICT":"SARLAHI","GaPa_NaPa":"Chandranagar","Type_GN":"Gaunpalika","Province":"2","provinceId":"2","provinceCode":"2","provinceName":"Madhesh","districtId":"205","districtName":"Sarlahi","municipalityId":"20510","municipalityCode":"20510","municipalityName":"Chandranagar Rural Municipality","municipalityNameNe":"चन्द्रनगर गाउँपालिका","municipalityType":"rural_municipality"},"geometry":{"type":"Polygon","coordinates":[[[85.63746808000008,26.922874894000074],[85.63818889300006,26.926022707000072],[85.63995651800008,26.929681394000056],[85.64110583100006,26.934873019000065],[85.64319339400004,26.939028957000062],[85.64244764300008,26.942383707000033],[85.64027270600008,26.94458976900006],[85.64166089300005,26.94579451900006],[85.64089433100008,26.948305144000074],[85.64055576900006,26.95181276900007],[85.63950933000007,26.951258894000034],[85.63841908100005,26.948904019000054],[85.63671101900007,26.94825576900007],[85.63385189400003,26.949466831000052],[85.63500689400007,26.95268426900003],[85.63484064400006,26.958488144000057],[85.63726139300007,26.96170201900003],[85.63764876800008,26.96289033100004],[85.63371926800005,26.96220701900006],[85.63295164400006,26.962515457000052],[85.63185945600009,26.969280581000078],[85.63155214300008,26.974261831000035],[85.62922864300003,26.97558620600006],[85.62803158000008,26.974976644000037],[85.62802595500006,26.97286920700003],[85.62550651900006,26.97270026900003],[85.62627139300008,26.97128170600007],[85.62601089300006,26.969557644000076],[85.62386770600006,26.967575957000065],[85.61890933100005,26.966929581000045],[85.61656464300006,26.96427570700007],[85.61252520600004,26.96352758100005],[85.60883276900006,26.963721331000045],[85.60292676900008,26.96495576800004],[85.60088595500008,26.96456101900003],[85.59753295600007,26.964875144000075],[85.59550158100006,26.966490769000075],[85.59217414400007,26.970157894000067],[85.59182520600007,26.971760894000056],[85.58867033100006,26.975052832000074],[85.58662395600004,26.973683081000047],[85.58489201800006,26.971438831000057],[85.58324514300006,26.970400082000026],[85.58107126800007,26.970197769000038],[85.57908151800007,26.969248082000036],[85.57522589300004,26.966413644000056],[85.57180458100004,26.96437095600004],[85.56834251800007,26.96340170600007],[85.56770658100004,26.96316289400005],[85.56473345600006,26.957640894000065],[85.56626476800005,26.95683964400007],[85.56402726800007,26.952290831000028],[85.56354201800008,26.94983320600005],[85.56440301800006,26.944027581000057],[85.56434626800007,26.939318144000026],[85.56842920600008,26.937886269000046],[85.56802501800007,26.936731457000064],[85.56542945600006,26.935238519000052],[85.56332508100007,26.931302457000072],[85.56382583100003,26.930793206000033],[85.56836039300003,26.93160633100007],[85.56973683100006,26.93105170700005],[85.56952964300007,26.929614581000067],[85.56806114300008,26.927047832000028],[85.56865839400007,26.925946081000063],[85.57196883100005,26.923678206000034],[85.57186345600007,26.92245195600003],[85.56703164300006,26.918152144000032],[85.56504108100006,26.913910394000027],[85.56546645600008,26.908463519000065],[85.56652895600007,26.907634957000027],[85.57139051800004,26.910233832000074],[85.57445351900003,26.910871706000023],[85.57771383000005,26.91235539400003],[85.57943626800005,26.91163720700007],[85.58508989300003,26.910811769000077],[85.58997508100003,26.912776269000062],[85.59458070600004,26.91255820600003],[85.59644633000005,26.911954019000063],[85.59787908100003,26.91065958100006],[85.59980383000004,26.907194894000042],[85.60193876800008,26.90489658100006],[85.60317576800009,26.901727394000034],[85.60261426900007,26.90004089300004],[85.60553108100004,26.89698983100004],[85.60788764300008,26.897349268000028],[85.61345701800008,26.898920331000056],[85.61612558100006,26.898614832000078],[85.61911826900007,26.901198331000046],[85.62104420500003,26.901796956000055],[85.62421458000006,26.904039081000064],[85.62531408100006,26.907908144000032],[85.62695939300005,26.90932083100006],[85.62683470500008,26.91031689400006],[85.62958601800005,26.91100020700003],[85.63042414400007,26.91321726800004],[85.63191933100006,26.914305831000036],[85.63505508100008,26.915182268000024],[85.63628551800008,26.913382331000037],[85.63798976800007,26.913207019000026],[85.63812801800003,26.91849039400006],[85.63746808000008,26.922874894000074]]]}},{"type":"Feature","properties":{"STATE_CODE":2,"DISTRICT":"SARLAHI","GaPa_NaPa":"Dhankaul","Type_GN":"Gaunpalika","Province":"2","provinceId":"2","provinceCode":"2","provinceName":"Madhesh","districtId":"205","districtName":"Sarlahi","municipalityId":"20514","municipalityCode":"20514","municipalityName":"Dhanakaul Rural Municipality","municipalityNameNe":"धनकौल गाउँपालिका","municipalityType":"rural_municipality"},"geometry":{"type":"Polygon","coordinates":[[[85.46105283100007,26.905459206000046],[85.45892289300008,26.91255014400008],[85.45585783100006,26.915144956000063],[85.45441389300004,26.91506276900003],[85.45225983100005,26.912934706000044],[85.44946970500007,26.913522956000065],[85.43697089300008,26.911177831000032],[85.43066533000007,26.90972789400007],[85.42982551800003,26.910192206000033],[85.42761764300008,26.91350195700005],[85.42540145500004,26.915302331000078],[85.42375451800007,26.915443019000065],[85.41992101800008,26.91478220600004],[85.41598420500009,26.91361008100006],[85.40983201800003,26.914213206000056],[85.40123251800009,26.916801019000047],[85.39361608100006,26.917284831000075],[85.38848351800004,26.917834081000024],[85.38942295500004,26.916035582000063],[85.39177976800005,26.913841769000044],[85.39155095600006,26.912318769000024],[85.39211001800004,26.907778019000034],[85.39295201800007,26.903633894000052],[85.39377414300003,26.901978644000053],[85.39370876800007,26.898755019000077],[85.39611383100004,26.896533644000044],[85.39634026800007,26.894794019000074],[85.39775826800008,26.892072394000024],[85.39506939400007,26.886647706000076],[85.39516220600007,26.883600769000054],[85.39349864300004,26.880965956000068],[85.39081520500008,26.87990039400006],[85.38896301800008,26.881012894000037],[85.38490364300003,26.881021144000044],[85.38203839300007,26.88046033100005],[85.37913151800007,26.87772245700006],[85.37505008000005,26.875580269000068],[85.37285433000005,26.872945956000024],[85.36653489300005,26.87083658100005],[85.36400814300004,26.870994144000065],[85.36029714300008,26.869333144000052],[85.35848939300007,26.867974144000073],[85.35487201800004,26.86643170700006],[85.35223545600007,26.86428858200003],[85.35042076800005,26.863432706000026],[85.34969283000004,26.861517332000062],[85.34700920600005,26.85993176900007],[85.34553601800008,26.86007664400006],[85.34448801800005,26.858152957000073],[85.34516926800006,26.856140581000034],[85.34913758100004,26.856005768000045],[85.35238476800004,26.855367769000054],[85.35871076800004,26.851696894000042],[85.36422908100008,26.849985394000043],[85.36796139300003,26.849389769000027],[85.37019364300005,26.847739081000043],[85.37405764300007,26.846767456000066],[85.37504170500006,26.847164019000047],[85.37606258100004,26.84993839400005],[85.37989601800007,26.850792394000052],[85.38650501800004,26.855420894000076],[85.39012764300008,26.858194456000035],[85.39523939300005,26.859195519000025],[85.39829701800005,26.858605769000064],[85.40126601800006,26.856899894000037],[85.40410376800008,26.856490394000048],[85.40679364300007,26.855317456000023],[85.40791026800008,26.856050956000047],[85.41479314300005,26.85669520600004],[85.41715095600006,26.85967026900005],[85.42043289300005,26.858971706000034],[85.42363689300004,26.859131269000045],[85.42647326800005,26.858315206000043],[85.42853664300003,26.858551582000075],[85.43146401800004,26.866369457000076],[85.43939495500007,26.86542926900006],[85.44363464300005,26.86694739400008],[85.44630414300008,26.867251769000063],[85.44754033100008,26.869294644000036],[85.44854883100004,26.872962019000056],[85.45103133000003,26.87407595700006],[85.45211470600003,26.876797269000065],[85.45012258100007,26.88178151900007],[85.45149883000005,26.889693769000075],[85.45237258000003,26.890720456000054],[85.45784458100007,26.893558894000023],[85.45907476800005,26.894843519000062],[85.46224801800008,26.900512331000073],[85.46252889300007,26.901502269000048],[85.46105283100007,26.905459206000046]]]}},{"type":"Feature","properties":{"STATE_CODE":2,"DISTRICT":"SARLAHI","GaPa_NaPa":"Godaita","Type_GN":"Nagarpalika","Province":"2","provinceId":"2","provinceCode":"2","provinceName":"Madhesh","districtId":"205","districtName":"Sarlahi","municipalityId":"20517","municipalityCode":"20517","municipalityName":"Godaita Urban Municipality","municipalityNameNe":"गोडैटा नगरपालिका","municipalityType":"municipality"},"geometry":{"type":"Polygon","coordinates":[[[85.48037745600004,26.857923456000037],[85.47885695500008,26.860507082000026],[85.47715333100007,26.862361519000046],[85.47556689300006,26.865690269000027],[85.47756270600007,26.86584089400003],[85.47988326800004,26.87045101900003],[85.48144183000005,26.87208408200007],[85.48196858000006,26.87736270700003],[85.48322401800004,26.878317519000063],[85.48496964300006,26.87981089300007],[85.48552658100004,26.881513019000067],[85.48501320500003,26.890938394000045],[85.48643920500007,26.894479206000028],[85.48615808000005,26.897469519000026],[85.48201001800004,26.900737269000047],[85.47134908000004,26.904305394000062],[85.46803276800006,26.906016331000046],[85.46105283100007,26.905459206000046],[85.46252889300007,26.901502269000048],[85.46224801800008,26.900512331000073],[85.45907476800005,26.894843519000062],[85.45784458100007,26.893558894000023],[85.45237258000003,26.890720456000054],[85.45149883000005,26.889693769000075],[85.45012258100007,26.88178151900007],[85.45211470600003,26.876797269000065],[85.45103133000003,26.87407595700006],[85.44854883100004,26.872962019000056],[85.44754033100008,26.869294644000036],[85.44630414300008,26.867251769000063],[85.44363464300005,26.86694739400008],[85.43939495500007,26.86542926900006],[85.43146401800004,26.866369457000076],[85.42853664300003,26.858551582000075],[85.42626833100007,26.853612894000037],[85.42238839300006,26.846808518000046],[85.41848689300008,26.839194269000075],[85.41699308000005,26.834317519000024],[85.41758989300007,26.83296001900004],[85.42049283100005,26.828456582000058],[85.42094995500008,26.82689064400006],[85.42158976800005,26.820273144000055],[85.42750558000006,26.819629207000048],[85.42746483000008,26.81718151900003],[85.42800858100009,26.81331089400004],[85.42780483100006,26.811099582000054],[85.42613770500003,26.808548706000067],[85.42403345600007,26.808089206000034],[85.42293683100007,26.80514895700003],[85.42006664300004,26.80491151800004],[85.40800314300003,26.804526644000077],[85.40437070600007,26.80609926900007],[85.40203039300008,26.80595776900003],[85.39929014300003,26.80795914400005],[85.39821083000004,26.805661581000038],[85.39935020600007,26.805016269000078],[85.39886858100004,26.802755706000028],[85.39961320600008,26.80017158100003],[85.39938920600008,26.798003206000033],[85.40032208100007,26.795038144000046],[85.40200039300004,26.792322957000067],[85.40322683100004,26.79125933100005],[85.40661545600005,26.79039089400004],[85.40839058000006,26.788917894000065],[85.40995508000003,26.79095108100006],[85.42005570500004,26.790103332000058],[85.42465826800003,26.786801206000064],[85.42658070600004,26.78577326900006],[85.43125614300004,26.785951707000038],[85.43305751800006,26.78709776900007],[85.43482670600008,26.78983258100004],[85.43755339300003,26.788688081000032],[85.44089301800005,26.793970019000028],[85.44198564300007,26.797659268000075],[85.44502776800005,26.799667956000064],[85.44539870600005,26.80299676900006],[85.44786976800003,26.806502644000034],[85.44777676800004,26.808879519000072],[85.44597689300008,26.81110908200003],[85.44764764300004,26.812818082000035],[85.45517308100005,26.811547331000043],[85.45927589300004,26.81189545600006],[85.46236551800007,26.814122143000077],[85.46307814300008,26.816987019000067],[85.46234101800007,26.820489706000046],[85.46017183000004,26.824259831000063],[85.45981945600005,26.82845564400003],[85.46477601800007,26.828160768000032],[85.46469151800005,26.830241957000055],[85.46615208100008,26.83355483100007],[85.46651308000008,26.83541708100006],[85.46429745500006,26.838619144000063],[85.46272664300005,26.84018095700003],[85.46366645600006,26.84211389400008],[85.46931089300006,26.84566320600004],[85.47587045600005,26.848469394000062],[85.47839970600006,26.851942457000064],[85.48037745600004,26.857923456000037]]]}},{"type":"Feature","properties":{"STATE_CODE":2,"DISTRICT":"SARLAHI","GaPa_NaPa":"Haripur","Type_GN":"Nagarpalika","Province":"2","provinceId":"2","provinceCode":"2","provinceName":"Madhesh","districtId":"205","districtName":"Sarlahi","municipalityId":"20505","municipalityCode":"20505","municipalityName":"Haripur Urban Municipality","municipalityNameNe":"हरिपुर नगरपालिका","municipalityType":"municipality"},"geometry":{"type":"Polygon","coordinates":[[[85.57891639300004,27.039443644000073],[85.57782595500004,27.039265706000037],[85.56626983100006,27.039297331000057],[85.56163176800004,27.038315957000066],[85.55676189300004,27.036797269000033],[85.54262051900008,27.03968164400004],[85.54088264300003,27.04084139400004],[85.53819783100005,27.040524769000058],[85.53807345500007,27.042876706000072],[85.53642776800007,27.043308581000076],[85.53427808000004,27.042841706000047],[85.53336976800006,27.046663332000037],[85.53330551800008,27.049110707000068],[85.53205533100004,27.053389019000065],[85.52900401800008,27.058790144000056],[85.52696170500008,27.06052195700005],[85.52406939300005,27.064564019000045],[85.52268489300008,27.06109520600006],[85.52229826800004,27.05658095600006],[85.52270270600008,27.049543519000053],[85.51190601800005,27.050246582000057],[85.50974451900004,27.04637451900004],[85.50305745600008,27.037012394000044],[85.50115208000005,27.034708832000035],[85.50001745500003,27.032778456000074],[85.49724058100009,27.025558894000028],[85.49541289300004,27.017437894000068],[85.49535795600008,27.015236394000055],[85.49737689400007,27.01474789400004],[85.49844395500008,27.009969144000024],[85.49509851800008,27.00320439400008],[85.49217939300007,26.997933206000027],[85.49999976800007,26.996512207000023],[85.50204445600008,26.995737519000045],[85.50537476800008,26.99536683100007],[85.50750133100007,26.994498082000064],[85.51022583100007,26.99800151900007],[85.51024776800006,26.999075706000042],[85.50816401800006,26.999944894000066],[85.50957389300004,27.003599144000077],[85.51207251800008,27.00299833200006],[85.51454764300007,27.00627789400005],[85.51988533100007,27.00521051900006],[85.51873739400008,27.001015394000035],[85.51694445600003,26.99884414400003],[85.51770576800004,26.99805108100003],[85.51641045500008,26.994452331000048],[85.51285533000004,26.992027707000034],[85.51476083100005,26.990466206000065],[85.51912489300008,26.988479269000038],[85.52214489300007,26.993251332000057],[85.52376451800006,26.994385144000034],[85.52574289300009,26.996806519000074],[85.52596033100008,26.99882139400006],[85.52393326900005,27.00222283100004],[85.52575658000006,27.004010832000063],[85.52853726800004,27.00260720600005],[85.53612008100004,27.00038033100003],[85.53211620600007,26.995634394000035],[85.53338545600008,26.991649519000077],[85.52805070600004,26.989773081000067],[85.53299083100006,26.985497144000078],[85.53578720500008,26.98412058100007],[85.55132564300004,26.97960164400007],[85.55248164300008,26.974947582000027],[85.54873576800009,26.973070206000045],[85.54793133100009,26.971563769000056],[85.54341176800006,26.968814144000078],[85.55482270600004,26.966151831000047],[85.55795539300004,26.96527914400008],[85.55959764300007,26.966530144000046],[85.56421820600008,26.966004144000067],[85.56834251800007,26.96340170600007],[85.57180458100004,26.96437095600004],[85.57522589300004,26.966413644000056],[85.57908151800007,26.969248082000036],[85.58107126800007,26.970197769000038],[85.58324514300006,26.970400082000026],[85.58489201800006,26.971438831000057],[85.58662395600004,26.973683081000047],[85.58867033100006,26.975052832000074],[85.59049151800008,26.977088207000065],[85.59260158100005,26.980890832000057],[85.59351470600006,26.984773957000073],[85.59697095500007,26.987328707000074],[85.60110383100005,26.98788195700007],[85.60057395600006,26.988871706000054],[85.60214876800006,26.993968519000077],[85.60040614400003,26.997087519000047],[85.60156926800005,26.998942457000055],[85.60026320600008,27.00230033100007],[85.59769289300004,27.00324045700006],[85.59324920500006,27.006442956000058],[85.59156776800006,27.008860707000053],[85.59033395600005,27.012273394000033],[85.59058345600005,27.013629644000048],[85.59323695600006,27.016399832000047],[85.59388608100005,27.01886789400004],[85.59694551900003,27.021637519000024],[85.59665195500008,27.02480689400005],[85.59800576800006,27.027223394000032],[85.59694970500004,27.029279582000072],[85.59790608100008,27.030126144000064],[85.59839945600004,27.033894581000027],[85.59631508000007,27.036707644000046],[85.59620051900004,27.038236331000064],[85.59754458100008,27.042392207000034],[85.59464745600008,27.04147208200004],[85.57891639300004,27.039443644000073]]]}},{"type":"Feature","properties":{"STATE_CODE":2,"DISTRICT":"SARLAHI","GaPa_NaPa":"Haripurwa","Type_GN":"Nagarpalika","Province":"2","provinceId":"2","provinceCode":"2","provinceName":"Madhesh","districtId":"205","districtName":"Sarlahi","municipalityId":"20507","municipalityCode":"20507","municipalityName":"Haripurwa Urban Municipality","municipalityNameNe":"हरिपुर्वा नगरपालिका","municipalityType":"municipality"},"geometry":{"type":"Polygon","coordinates":[[[85.72599145500004,26.952377957000067],[85.72010783100006,26.952780456000028],[85.71680739300007,26.95428483200004],[85.71395251800004,26.955039519000024],[85.70798139300007,26.955097769000076],[85.70534114300006,26.951558144000046],[85.70358764300005,26.951429206000057],[85.70237333100005,26.952774144000045],[85.70027483000007,26.951608581000073],[85.70165695600008,26.949211519000073],[85.70071439300006,26.948543956000037],[85.69509826800004,26.950491269000054],[85.69214308000005,26.948812144000044],[85.69188239400006,26.94737708200006],[85.69337383000004,26.945687331000045],[85.69555383100004,26.945508894000056],[85.69895408100007,26.946057019000023],[85.69984689300009,26.944388769000057],[85.69772576900004,26.94268820700006],[85.69688714300008,26.941004019000047],[85.69711533100008,26.93870464400004],[85.69670083100004,26.935889393000025],[85.69342033100008,26.932411331000026],[85.69300864400003,26.92856258200004],[85.69161558100006,26.923680519000072],[85.69027170600003,26.923760582000057],[85.68446283100008,26.91919383100003],[85.68309683100006,26.918910331000063],[85.67708945600003,26.92679651900005],[85.67568870600007,26.933811956000056],[85.67389901900003,26.935999519000063],[85.67040076800004,26.937214394000023],[85.66813870600004,26.93716151900003],[85.66438076800006,26.935196768000026],[85.66217983100006,26.93213439400006],[85.66096301800007,26.931964894000032],[85.65925408100009,26.930283582000072],[85.65820614300009,26.927870519000066],[85.65722426800005,26.927373832000058],[85.65713795600004,26.925439269000037],[85.65903589400006,26.92047308100007],[85.66157245600004,26.91851376900007],[85.66193370600007,26.916215769000075],[85.66168545600004,26.912161019000052],[85.66064308100005,26.904966956000067],[85.65664133100006,26.899540768000065],[85.66340989400004,26.89405208100004],[85.67129120600003,26.89005370700005],[85.67309858000004,26.887963268000078],[85.67360620600004,26.886354706000077],[85.67660258000006,26.880744207000077],[85.67717439400008,26.878314894000027],[85.67867376800007,26.87473908100003],[85.67861264300006,26.871566019000056],[85.68287995500003,26.871213269000066],[85.68583951800008,26.871786831000065],[85.68819820600004,26.872894081000027],[85.69074426800006,26.871744394000075],[85.69169126800006,26.87341383100005],[85.69142458100004,26.87530220700006],[85.69228676800003,26.877911769000036],[85.69107126900008,26.878525582000066],[85.69022270500005,26.881356206000078],[85.69129151800007,26.882043019000037],[85.69398083100003,26.88184676900005],[85.69712376800004,26.884405207000043],[85.69787520500006,26.886546644000077],[85.69876058000006,26.89168808100004],[85.70011045500007,26.89407645600005],[85.69983651800004,26.89591289400005],[85.70092708000004,26.896886394000035],[85.70583933100005,26.897797956000034],[85.70764189300007,26.902250456000047],[85.71176295600003,26.904655082000033],[85.70773283100004,26.90498376900007],[85.70773558100007,26.90620676900005],[85.70951514300003,26.910622956000054],[85.71085983100005,26.91134826900003],[85.71232876800008,26.91016126900007],[85.71371745600004,26.91149845700005],[85.71293126900008,26.912820269000065],[85.70963008100006,26.914676456000052],[85.70935951800004,26.917582457000037],[85.70991851900004,26.919171581000057],[85.70806558100008,26.919942081000045],[85.70960489300006,26.921183644000052],[85.71361064400008,26.920466581000028],[85.71340414400004,26.922782019000067],[85.70931445600007,26.923809644000073],[85.71002214300006,26.925109019000047],[85.71177320600003,26.926081707000037],[85.71381595600008,26.92492476800004],[85.71573676800006,26.92566658100003],[85.71346501800008,26.928624269000068],[85.71449176800007,26.929732518000037],[85.71362395600005,26.93166958100005],[85.71789233100003,26.933170519000043],[85.71985814300007,26.93454220600006],[85.71873495600005,26.936691394000036],[85.72177289300004,26.93999745700006],[85.72028458100004,26.941342269000074],[85.72159089400003,26.943156956000053],[85.72173020600007,26.946682706000047],[85.72532270500005,26.94990795600006],[85.72599145500004,26.952377957000067]]]}},{"type":"Feature","properties":{"STATE_CODE":2,"DISTRICT":"SARLAHI","GaPa_NaPa":"Hariwan","Type_GN":"Nagarpalika","Province":"2","provinceId":"2","provinceCode":"2","provinceName":"Madhesh","districtId":"205","districtName":"Sarlahi","municipalityId":"20502","municipalityCode":"20502","municipalityName":"Hariwan Urban Municipality","municipalityNameNe":"हरिवन नगरपालिका","municipalityType":"municipality"},"geometry":{"type":"Polygon","coordinates":[[[85.64372458100007,27.141816894000044],[85.64264720600005,27.142609707000076],[85.64093701800005,27.14186664400006],[85.63573795600007,27.14104001900006],[85.63345539300008,27.137619894000068],[85.63060358000007,27.137134081000056],[85.62722764300008,27.13882714400006],[85.62508264400003,27.140367456000035],[85.62268520600009,27.13861339400006],[85.62103370600005,27.139784019000047],[85.61651045500008,27.140445707000026],[85.61506158100008,27.141410644000075],[85.60994339400008,27.139263957000026],[85.60685539400004,27.139422894000063],[85.60530970600007,27.141451706000055],[85.60264633000008,27.143225706000067],[85.59908633100008,27.142341894000026],[85.59696014300005,27.140326207000044],[85.59465189300005,27.14079933100004],[85.59133495600008,27.142618519000052],[85.58780801800003,27.14320126900003],[85.58580345600006,27.14240720600003],[85.58298020600006,27.14363770700004],[85.58085301900007,27.143146957000056],[85.57754526800005,27.139462894000076],[85.57322751800007,27.13680633100006],[85.57152333100004,27.14091789400004],[85.57128795500006,27.143115331000047],[85.56826976900004,27.14315226900004],[85.56428658000004,27.14434570700007],[85.56257995600004,27.143493456000044],[85.55995364300009,27.144190769000033],[85.55689658100005,27.146420144000047],[85.55330876800008,27.146031207000078],[85.55203551900007,27.145406644000047],[85.55161183100006,27.14203376900008],[85.55399595600005,27.140406769000037],[85.54895589300008,27.140458581000075],[85.54943483100004,27.14213764400006],[85.54694276800006,27.144399644000032],[85.54440108100005,27.144549269000038],[85.54427858000008,27.146095769000055],[85.53980870500004,27.14829651900004],[85.53694726800006,27.147815519000062],[85.53523558000006,27.14578958100003],[85.53461908100007,27.142272519000073],[85.53305520600009,27.140694894000035],[85.53467058100006,27.137356769000064],[85.53446864300008,27.129008957000053],[85.53496601800003,27.125938894000058],[85.53587920600006,27.12497151900004],[85.53497420600007,27.123014957000066],[85.53177989300008,27.118500769000036],[85.52944158100007,27.116901394000024],[85.53092689300007,27.115127831000052],[85.53141589300003,27.11231714400003],[85.53311751900003,27.11014414400006],[85.53233276800006,27.106158332000064],[85.52828833000007,27.104301957000075],[85.52408945600007,27.103208769000048],[85.52282220600006,27.101002394000034],[85.52059083100005,27.098905457000058],[85.51831208100003,27.097613457000023],[85.51710358100007,27.095982956000057],[85.51903489300008,27.094651894000037],[85.51944826800008,27.093410832000075],[85.52297401800007,27.093445706000068],[85.52724114300008,27.094593769000028],[85.52886483000003,27.094678456000054],[85.52957783100004,27.09336151900004],[85.52908564300003,27.089838894000025],[85.52599370600007,27.085100081000064],[85.52475126800005,27.082282519000046],[85.52437676800008,27.077993957000047],[85.52330426800006,27.075636332000045],[85.52363733100003,27.073954394000054],[85.52290370500003,27.06911164400003],[85.52212626800008,27.06734814400005],[85.52406939300005,27.064564019000045],[85.52696170500008,27.06052195700005],[85.52900401800008,27.058790144000056],[85.53205533100004,27.053389019000065],[85.53330551800008,27.049110707000068],[85.53336976800006,27.046663332000037],[85.53427808000004,27.042841706000047],[85.53642776800007,27.043308581000076],[85.53807345500007,27.042876706000072],[85.53819783100005,27.040524769000058],[85.54088264300003,27.04084139400004],[85.54262051900008,27.03968164400004],[85.55676189300004,27.036797269000033],[85.56163176800004,27.038315957000066],[85.56626983100006,27.039297331000057],[85.57782595500004,27.039265706000037],[85.57891639300004,27.039443644000073],[85.57963808100004,27.043789769000057],[85.57913201900004,27.045853644000033],[85.57423470500004,27.048507081000025],[85.57123839300004,27.051669331000028],[85.56733883000004,27.05231776900007],[85.56708645600008,27.05480389400003],[85.56790658100005,27.05695114400004],[85.56589095500004,27.060597019000056],[85.56618064300005,27.062071081000056],[85.56922433100004,27.064595206000035],[85.57029539300004,27.067606957000066],[85.57431339400006,27.071704456000077],[85.58234789300008,27.073854707000066],[85.58655164300006,27.07439789400007],[85.59187539300007,27.076292394000063],[85.59938239300004,27.08047833100005],[85.60185276800007,27.081337706000056],[85.60708339300004,27.081182082000055],[85.60911520600007,27.080583957000044],[85.61123795600008,27.079106769000077],[85.61442126800006,27.078648582000028],[85.61697864300004,27.07922208100007],[85.61968201800005,27.080444457000056],[85.62319833100008,27.081329519000064],[85.62858120500005,27.084324269000035],[85.62872508100008,27.08542008200004],[85.63410926800003,27.08859058200005],[85.63565570500003,27.092529394000053],[85.63630570500004,27.095608707000054],[85.63792695600006,27.097364019000054],[85.63806751900006,27.101216832000034],[85.63750901900005,27.102240332000065],[85.63822601800007,27.10520520700004],[85.63749026800008,27.108237331000055],[85.63797258000005,27.109453519000056],[85.63763314300007,27.11371920700003],[85.63661351900004,27.11611220700007],[85.63759564300005,27.119521957000075],[85.63944533000006,27.121493831000066],[85.64311395600004,27.12239120600003],[85.64400420500004,27.126145207000036],[85.64555595600007,27.128509019000035],[85.64828239400003,27.129843894000032],[85.64909033100008,27.132308769000076],[85.64758558100004,27.136355644000048],[85.64570670600006,27.13752426900004],[85.64372458100007,27.141816894000044]]]}},{"type":"Feature","properties":{"STATE_CODE":2,"DISTRICT":"SARLAHI","GaPa_NaPa":"Ishworpur","Type_GN":"Nagarpalika","Province":"2","provinceId":"2","provinceCode":"2","provinceName":"Madhesh","districtId":"205","districtName":"Sarlahi","municipalityId":"20506","municipalityCode":"20506","municipalityName":"Ishworpur Urban Municipality","municipalityNameNe":"ईश्वरपुर नगरपालिका","municipalityType":"municipality"},"geometry":{"type":"Polygon","coordinates":[[[85.81816595600003,27.16099126900008],[85.81650520600004,27.160769707000043],[85.81376708100004,27.16143701900006],[85.81423701800009,27.158983831000057],[85.81172483100005,27.155972894000058],[85.80819839300005,27.15373401900007],[85.80667220600003,27.154393457000026],[85.80494670600007,27.15402001900003],[85.80291183100007,27.154891707000047],[85.79970708100007,27.152996081000026],[85.79664089300007,27.15247564400005],[85.79206326800005,27.14901795700007],[85.78955345500003,27.14645120600005],[85.78577833100007,27.145497957000032],[85.78392426900007,27.142429082000035],[85.78390451800004,27.139827394000065],[85.78270833100004,27.136484394000036],[85.78476495500007,27.13262345700008],[85.78427608100003,27.129203207000046],[85.78601101800007,27.127965956000025],[85.78358133100005,27.12672195600004],[85.78147214400008,27.12384039400007],[85.77870126900007,27.124721081000075],[85.77782014400003,27.121184519000053],[85.77567333000007,27.120502456000054],[85.77642620600005,27.118925081000043],[85.77804351800006,27.118029832000047],[85.77717708000006,27.114895019000073],[85.77580039400004,27.11288389400005],[85.77401176800004,27.112534332000052],[85.77457945600008,27.11053114400005],[85.77197608100005,27.111623019000035],[85.77144320500008,27.110255581000047],[85.77287439400004,27.106448081000053],[85.77193839300008,27.10346376900003],[85.77001220600005,27.103859831000022],[85.76680570600007,27.102703519000045],[85.76424601800005,27.097362832000044],[85.76550839300006,27.095672706000073],[85.76449914300008,27.09330364400006],[85.76278914400007,27.093568394000044],[85.76255776800008,27.08909876900003],[85.76285589400004,27.087722769000038],[85.76530320600006,27.088062457000035],[85.76448633100006,27.08565451900006],[85.76227964400005,27.08493564400004],[85.76070126800005,27.08355445600006],[85.75963801900008,27.080873456000063],[85.75973433100006,27.076501457000063],[85.75915989300006,27.075187769000024],[85.75634789300005,27.072717019000038],[85.75246183100006,27.068409081000027],[85.75082064300005,27.066047894000064],[85.74628026800008,27.062027331000024],[85.74441201800005,27.060783206000053],[85.73964551800003,27.060406644000068],[85.73414139400006,27.062363082000047],[85.73110170600006,27.061979206000046],[85.72833039300008,27.06012201900006],[85.72719251800004,27.056794894000063],[85.72443295600004,27.054418831000078],[85.72156476900005,27.053961832000027],[85.71670245600006,27.053949144000057],[85.70785139300006,27.050305394000077],[85.69990908100004,27.044853144000058],[85.69651301900007,27.044174144000067],[85.69275389400008,27.044333332000065],[85.68983433100004,27.04502814400007],[85.68864814300008,27.04469670700007],[85.68485270600007,27.041321956000047],[85.68138126800005,27.039434769000025],[85.67626989300004,27.035792456000024],[85.66770195500004,27.029980644000034],[85.66506758100007,27.02855220600003],[85.66131776800006,27.027329769000062],[85.65959451900005,27.02620551900003],[85.65736276800004,27.023192394000034],[85.64413220500006,27.01761883100005],[85.64242914400006,27.016517144000034],[85.63995945600004,27.01618645600007],[85.63738708100004,27.01656101900005],[85.63414351800003,27.016425769000023],[85.63002851800007,27.017001707000077],[85.62840789400008,27.017757644000028],[85.62270951800008,27.014549956000053],[85.62125664300004,27.014465769000026],[85.61605095600004,27.013097019000043],[85.61151958000005,27.01324195600006],[85.61056433100003,27.01220595700005],[85.61047001800006,27.010196894000046],[85.60938733100005,27.009100956000054],[85.60606039400005,27.00801208100006],[85.60161033000009,27.005499581000038],[85.60026320600008,27.00230033100007],[85.60156926800005,26.998942457000055],[85.60040614400003,26.997087519000047],[85.60214876800006,26.993968519000077],[85.60057395600006,26.988871706000054],[85.60110383100005,26.98788195700007],[85.59697095500007,26.987328707000074],[85.59351470600006,26.984773957000073],[85.59260158100005,26.980890832000057],[85.59049151800008,26.977088207000065],[85.58867033100006,26.975052832000074],[85.59182520600007,26.971760894000056],[85.59217414400007,26.970157894000067],[85.59550158100006,26.966490769000075],[85.59753295600007,26.964875144000075],[85.60088595500008,26.96456101900003],[85.60292676900008,26.96495576800004],[85.60883276900006,26.963721331000045],[85.61252520600004,26.96352758100005],[85.61656464300006,26.96427570700007],[85.61890933100005,26.966929581000045],[85.62386770600006,26.967575957000065],[85.62601089300006,26.969557644000076],[85.62627139300008,26.97128170600007],[85.62550651900006,26.97270026900003],[85.62802595500006,26.97286920700003],[85.62803158000008,26.974976644000037],[85.62922864300003,26.97558620600006],[85.63155214300008,26.974261831000035],[85.63185945600009,26.969280581000078],[85.63295164400006,26.962515457000052],[85.63371926800005,26.96220701900006],[85.63764876800008,26.96289033100004],[85.63726139300007,26.96170201900003],[85.63484064400006,26.958488144000057],[85.63500689400007,26.95268426900003],[85.63385189400003,26.949466831000052],[85.63671101900007,26.94825576900007],[85.63841908100005,26.948904019000054],[85.63950933000007,26.951258894000034],[85.64055576900006,26.95181276900007],[85.64089433100008,26.948305144000074],[85.64166089300005,26.94579451900006],[85.64027270600008,26.94458976900006],[85.64244764300008,26.942383707000033],[85.64319339400004,26.939028957000062],[85.64110583100006,26.934873019000065],[85.63995651800008,26.929681394000056],[85.63818889300006,26.926022707000072],[85.63746808000008,26.922874894000074],[85.64055651900009,26.921762957000055],[85.64343214300004,26.92649508100004],[85.64797108000005,26.930148769000027],[85.65300195600008,26.928915268000026],[85.65647839300004,26.92873633100004],[85.65820614300009,26.927870519000066],[85.65925408100009,26.930283582000072],[85.66096301800007,26.931964894000032],[85.66217983100006,26.93213439400006],[85.66438076800006,26.935196768000026],[85.66813870600004,26.93716151900003],[85.67040076800004,26.937214394000023],[85.67389901900003,26.935999519000063],[85.67568870600007,26.933811956000056],[85.67708945600003,26.92679651900005],[85.68309683100006,26.918910331000063],[85.68446283100008,26.91919383100003],[85.69027170600003,26.923760582000057],[85.69161558100006,26.923680519000072],[85.69300864400003,26.92856258200004],[85.69342033100008,26.932411331000026],[85.69670083100004,26.935889393000025],[85.69711533100008,26.93870464400004],[85.69688714300008,26.941004019000047],[85.69772576900004,26.94268820700006],[85.69984689300009,26.944388769000057],[85.69895408100007,26.946057019000023],[85.69555383100004,26.945508894000056],[85.69337383000004,26.945687331000045],[85.69188239400006,26.94737708200006],[85.69214308000005,26.948812144000044],[85.69509826800004,26.950491269000054],[85.70071439300006,26.948543956000037],[85.70165695600008,26.949211519000073],[85.70027483000007,26.951608581000073],[85.70237333100005,26.952774144000045],[85.70358764300005,26.951429206000057],[85.70534114300006,26.951558144000046],[85.70798139300007,26.955097769000076],[85.71395251800004,26.955039519000024],[85.71680739300007,26.95428483200004],[85.72010783100006,26.952780456000028],[85.72599145500004,26.952377957000067],[85.72887558000008,26.954130081000073],[85.72985470600008,26.95952708200008],[85.73286176900007,26.963870644000053],[85.73193783000005,26.966775331000065],[85.73429233100006,26.968524769000055],[85.73528564400004,26.970966144000045],[85.73507089300006,26.97493764400008],[85.73690014400006,26.97821676800004],[85.73755076800006,26.980372894000027],[85.73616751800006,26.985265894000065],[85.73649470500004,26.986812144000055],[85.73852720500008,26.98794951900004],[85.74142808100004,26.99242951900004],[85.74144233100003,26.996096269000077],[85.74042733100003,27.000126081000076],[85.74180826900005,27.004522519000034],[85.74190776800003,27.009009081000045],[85.74286583100007,27.012456331000067],[85.74601039300006,27.017130206000047],[85.74973964300005,27.026547582000035],[85.74930401800003,27.03115570700004],[85.75001508100007,27.03423970600005],[85.75312814300008,27.037956456000074],[85.75462283000007,27.040347956000062],[85.75654895600007,27.04472420700006],[85.75928426800004,27.04903545700006],[85.76046064300004,27.04997095600004],[85.76477126900005,27.051962831000026],[85.76782451900004,27.05397745700003],[85.77008333100008,27.05755551900006],[85.77290926800003,27.060389394000026],[85.78013576900008,27.06921595600005],[85.78200808000008,27.070716894000043],[85.78414295600004,27.074313957000072],[85.78331276900008,27.076757144000055],[85.78461464300005,27.079191769000033],[85.78418576800004,27.08185283200004],[85.78640108100007,27.08324383200005],[85.78693451900006,27.086089207000043],[85.78839401800008,27.086893769000028],[85.79011245600003,27.088909957000055],[85.78819239400008,27.090398394000033],[85.78910226800008,27.092326456000023],[85.79055426900004,27.092192269000066],[85.79245639400006,27.09490045600006],[85.79471533100008,27.095312457000034],[85.79634889300007,27.09468114400005],[85.79735326900004,27.093236644000058],[85.79977314300004,27.094340394000028],[85.79999151800007,27.09691226900003],[85.79753326800005,27.098393956000052],[85.79716545600007,27.100134956000034],[85.80013151800006,27.099002831000064],[85.80129983100005,27.099477644000046],[85.80206864300004,27.10239939400003],[85.80325489300003,27.10456208200003],[85.80200164400009,27.106940956000074],[85.79820933100007,27.107565081000075],[85.79690658100003,27.106071519000068],[85.79460545600006,27.10560276900003],[85.79421026800009,27.10774520700005],[85.79578345600004,27.10973745600006],[85.79846976800007,27.11163101900007],[85.80001533100005,27.114065331000063],[85.79849826900005,27.115482894000024],[85.79641895600008,27.11588026900006],[85.79320558100005,27.117813457000068],[85.79385089300007,27.12042733100003],[85.79552345600007,27.120064894000052],[85.79767420600007,27.121775581000065],[85.79964683000009,27.122546081000053],[85.79966964400006,27.123771456000043],[85.79724026800005,27.124854019000054],[85.79515683100004,27.128101144000027],[85.79445133100006,27.130477769000038],[85.79543058100006,27.133381082000028],[85.79525876800005,27.135908956000037],[85.79614545600003,27.13783670600003],[85.80100095600005,27.13880564400006],[85.80196320600004,27.139508831000057],[85.80338914300006,27.14239101900006],[85.80736689300005,27.145297269000025],[85.80938714300004,27.148024331000045],[85.81300526800004,27.15108520700005],[85.81265551900003,27.155299394000053],[85.81476008100003,27.157909706000055],[85.81751408100007,27.159232644000042],[85.81816595600003,27.16099126900008]]]}},{"type":"Feature","properties":{"STATE_CODE":2,"DISTRICT":"SARLAHI","GaPa_NaPa":"Kabilasi","Type_GN":"Nagarpalika","Province":"2","provinceId":"2","provinceCode":"2","provinceName":"Madhesh","districtId":"205","districtName":"Sarlahi","municipalityId":"20511","municipalityCode":"20511","municipalityName":"Kabilashi Urban Municipality","municipalityNameNe":"कविलासी नगरपालिका","municipalityType":"municipality"},"geometry":{"type":"Polygon","coordinates":[[[85.56834251800007,26.96340170600007],[85.56421820600008,26.966004144000067],[85.55959764300007,26.966530144000046],[85.55795539300004,26.96527914400008],[85.55482270600004,26.966151831000047],[85.54341176800006,26.968814144000078],[85.54793133100009,26.971563769000056],[85.54873576800009,26.973070206000045],[85.55248164300008,26.974947582000027],[85.55132564300004,26.97960164400007],[85.53578720500008,26.98412058100007],[85.53299083100006,26.985497144000078],[85.52805070600004,26.989773081000067],[85.52402733100007,26.988433644000054],[85.52130020600003,26.988393769000027],[85.51673476800005,26.985304394000025],[85.51560626800006,26.982011956000065],[85.51372789300007,26.979011644000025],[85.51342689400008,26.975921894000066],[85.51164264300007,26.973556581000025],[85.51030420600006,26.97018295600003],[85.50826476800006,26.967794518000062],[85.50837945500007,26.96629989400003],[85.50703264400005,26.96444001900005],[85.50712920600006,26.96279395700003],[85.50476489300007,26.957448706000037],[85.50129908000008,26.954968394000048],[85.51040639300004,26.944085957000027],[85.50936108100007,26.93852908200006],[85.50768345500006,26.936020394000025],[85.50676889300007,26.93371389400005],[85.50403920600007,26.92941389400005],[85.50795576800004,26.927212644000065],[85.50599708100003,26.92382108100003],[85.50700845600005,26.922114769000075],[85.50888851900004,26.91724983200004],[85.51150026800008,26.915429519000043],[85.51466539300003,26.914707019000048],[85.51479595600006,26.913483206000024],[85.51687333100006,26.912862019000045],[85.51736126900005,26.91187439400005],[85.51968864400004,26.911522019000074],[85.52457039300003,26.91446114400003],[85.52676520600005,26.916539519000025],[85.52873270600008,26.91949095700005],[85.53030408000006,26.920870081000032],[85.53253614400006,26.918779206000067],[85.53807214300008,26.91648333200004],[85.54567058100008,26.912841206000053],[85.54619126900008,26.909135019000075],[85.54453670600003,26.901972331000024],[85.54381789300004,26.897215394000057],[85.54186564400004,26.89219083100005],[85.54446201800005,26.89374058100003],[85.54873583100004,26.89466451800007],[85.55338408100005,26.89611114400003],[85.56241483100007,26.89618758100005],[85.56814551800005,26.893687082000042],[85.57421189300004,26.890409144000046],[85.57554370500003,26.89001195700007],[85.57951089300008,26.89250445700003],[85.58083501900006,26.894701894000036],[85.58022145600006,26.89658201900005],[85.57838939300007,26.89743001900007],[85.57765676800005,26.89993839400006],[85.57814839300005,26.90321276900005],[85.57707858100008,26.905485331000023],[85.57698089300004,26.90720364400005],[85.57818251800006,26.910203144000036],[85.57943626800005,26.91163720700007],[85.57771383000005,26.91235539400003],[85.57445351900003,26.910871706000023],[85.57139051800004,26.910233832000074],[85.56652895600007,26.907634957000027],[85.56546645600008,26.908463519000065],[85.56504108100006,26.913910394000027],[85.56703164300006,26.918152144000032],[85.57186345600007,26.92245195600003],[85.57196883100005,26.923678206000034],[85.56865839400007,26.925946081000063],[85.56806114300008,26.927047832000028],[85.56952964300007,26.929614581000067],[85.56973683100006,26.93105170700005],[85.56836039300003,26.93160633100007],[85.56382583100003,26.930793206000033],[85.56332508100007,26.931302457000072],[85.56542945600006,26.935238519000052],[85.56802501800007,26.936731457000064],[85.56842920600008,26.937886269000046],[85.56434626800007,26.939318144000026],[85.56440301800006,26.944027581000057],[85.56354201800008,26.94983320600005],[85.56402726800007,26.952290831000028],[85.56626476800005,26.95683964400007],[85.56473345600006,26.957640894000065],[85.56770658100004,26.96316289400005],[85.56834251800007,26.96340170600007]]]}},{"type":"Feature","properties":{"STATE_CODE":2,"DISTRICT":"SARLAHI","GaPa_NaPa":"Kaudena","Type_GN":"Gaunpalika","Province":"2","provinceId":"2","provinceCode":"2","provinceName":"Madhesh","districtId":"205","districtName":"Sarlahi","municipalityId":"20519","municipalityCode":"20519","municipalityName":"Kaudena Rural Municipality","municipalityNameNe":"कौडेना गाउँपालिका","municipalityType":"rural_municipality"},"geometry":{"type":"Polygon","coordinates":[[[85.51124045500006,26.81622283100006],[85.51165139300008,26.81997258100006],[85.51175433000003,26.824723144000075],[85.51566983100008,26.826916768000046],[85.51653020500004,26.830664519000038],[85.51554883100005,26.83587976900003],[85.51783770600008,26.837049956000044],[85.51891601800008,26.838785081000026],[85.52146920500007,26.838365019000037],[85.52455439300007,26.840581331000067],[85.52499133100008,26.841973519000078],[85.52446176800004,26.845059081000045],[85.52480695500003,26.848291456000027],[85.52616570500004,26.85027308100007],[85.52919108100008,26.85252708200005],[85.52875483100007,26.853851457000076],[85.53221551800004,26.854668144000073],[85.53365245500004,26.855653207000046],[85.53383645600007,26.85965101900007],[85.53549583100005,26.86417401800003],[85.53662595600008,26.864185769000073],[85.53669189300007,26.86688270600007],[85.53810901800006,26.870471331000033],[85.53720983000005,26.872526519000075],[85.54012608100004,26.874400081000033],[85.54217995600004,26.874958269000047],[85.54228139400004,26.877420956000037],[85.54310839300007,26.878810331000068],[85.54407908000007,26.887073831000066],[85.54252364300004,26.88582589400005],[85.53763626800009,26.885260894000055],[85.53519620600008,26.885955393000074],[85.52602001800005,26.886879769000075],[85.52464439300007,26.884006707000026],[85.52217195500003,26.880488144000026],[85.51941651800007,26.878476144000047],[85.51895514300008,26.876898581000034],[85.51936333100008,26.872638519000077],[85.50730895600003,26.874411456000075],[85.50528570600005,26.874985769000034],[85.50608726800004,26.876600706000033],[85.50259889300008,26.877391832000058],[85.49925251800005,26.878696581000042],[85.49855120600006,26.87979383100003],[85.49382720600005,26.879090268000027],[85.49202870600004,26.878317331000062],[85.48672476800004,26.878813206000075],[85.48322401800004,26.878317519000063],[85.48196858000006,26.87736270700003],[85.48144183000005,26.87208408200007],[85.47988326800004,26.87045101900003],[85.47756270600007,26.86584089400003],[85.47556689300006,26.865690269000027],[85.47715333100007,26.862361519000046],[85.47885695500008,26.860507082000026],[85.48037745600004,26.857923456000037],[85.48226070600003,26.857028331000038],[85.48362708000008,26.85319864400003],[85.48615251800004,26.847208769000076],[85.48766133000004,26.84630839400006],[85.49251301800007,26.846018144000027],[85.49101233100004,26.840819707000037],[85.49333339300006,26.839962644000025],[85.49671233100008,26.83806776800003],[85.49784945600004,26.833067081000024],[85.49945139300007,26.83252664400004],[85.50132976800006,26.834491144000026],[85.50202326800007,26.833300394000048],[85.50477889300004,26.83155608100003],[85.50638220600007,26.82955139300003],[85.50672239300008,26.826791082000057],[85.50452864400006,26.824545457000056],[85.50457989300008,26.823108706000028],[85.50317876900004,26.82133626800004],[85.50538858000004,26.818065456000056],[85.50551676800006,26.815650332000075],[85.50196195600006,26.813798706000057],[85.50207783100007,26.81318620600007],[85.50418951900008,26.814481082000043],[85.50974651800004,26.81652520600005],[85.51124045500006,26.81622283100006]]]}},{"type":"Feature","properties":{"STATE_CODE":2,"DISTRICT":"SARLAHI","GaPa_NaPa":"Lalbandi","Type_GN":"Nagarpalika","Province":"2","provinceId":"2","provinceCode":"2","provinceName":"Madhesh","districtId":"205","districtName":"Sarlahi","municipalityId":"20501","municipalityCode":"20501","municipalityName":"Lalbandi Urban Municipality","municipalityNameNe":"लालबन्दी नगरपालिका","municipalityType":"municipality"},"geometry":{"type":"Polygon","coordinates":[[[85.79499864300004,27.168910332000053],[85.79235151800003,27.170821207000074],[85.79089733100005,27.173168832000044],[85.78573426900005,27.175080457000035],[85.78426276900007,27.17472708200006],[85.78296926900003,27.175674706000052],[85.77895295600007,27.177041019000058],[85.77785314400006,27.17829495700005],[85.77614826800004,27.178056706000064],[85.77247801800007,27.18038020700004],[85.77072039300003,27.182077394000032],[85.76544033100004,27.182209269000055],[85.76229583100007,27.183415769000078],[85.76138551800005,27.184362144000033],[85.75628214300008,27.185621144000038],[85.75355614300008,27.18556083200008],[85.75109020600007,27.18636245600004],[85.74984433100008,27.18804133200007],[85.74695283100004,27.187210019000076],[85.74397926800003,27.187711394000075],[85.74006583000005,27.190169456000035],[85.73560658100007,27.190418081000075],[85.73190651800007,27.191932519000034],[85.72781270600007,27.19457595700004],[85.72594639300007,27.19493126900005],[85.72457551800005,27.194108769000024],[85.72314308100005,27.190740644000073],[85.72011420600006,27.18792195700007],[85.71684214300006,27.18748820600007],[85.70729914300006,27.184663644000068],[85.70501339400005,27.184561331000054],[85.70205283100006,27.18578845600007],[85.70064820500005,27.185752894000075],[85.69718026800007,27.183787081000048],[85.69602633100004,27.180739394000057],[85.69455008100005,27.17984120600005],[85.69241664300006,27.17745439400005],[85.69026501800005,27.176229582000076],[85.68827764400004,27.17614326900008],[85.68794870600004,27.17422689400007],[85.68400414300004,27.169041081000046],[85.67981970600005,27.166878582000038],[85.67570645600006,27.166878207000025],[85.67336220600004,27.166156582000042],[85.67190070600003,27.16372626900005],[85.66787764400004,27.161447644000077],[85.66747226800004,27.159602706000044],[85.66472883100005,27.155856019000055],[85.66006089300004,27.15536251900005],[85.65834833100007,27.15476626900005],[85.65861576800006,27.152309519000028],[85.65615170600006,27.15265376900004],[85.65443139400008,27.15094951900005],[85.65280708100005,27.150311206000026],[85.65021508100006,27.145349581000062],[85.64712408100007,27.143043207000062],[85.64608383100006,27.142879831000073],[85.64372458100007,27.141816894000044],[85.64570670600006,27.13752426900004],[85.64758558100004,27.136355644000048],[85.64909033100008,27.132308769000076],[85.64828239400003,27.129843894000032],[85.64555595600007,27.128509019000035],[85.64400420500004,27.126145207000036],[85.64311395600004,27.12239120600003],[85.63944533000006,27.121493831000066],[85.63759564300005,27.119521957000075],[85.63661351900004,27.11611220700007],[85.63763314300007,27.11371920700003],[85.63797258000005,27.109453519000056],[85.63749026800008,27.108237331000055],[85.63822601800007,27.10520520700004],[85.63750901900005,27.102240332000065],[85.63806751900006,27.101216832000034],[85.63792695600006,27.097364019000054],[85.63630570500004,27.095608707000054],[85.63565570500003,27.092529394000053],[85.63410926800003,27.08859058200005],[85.62872508100008,27.08542008200004],[85.62858120500005,27.084324269000035],[85.62319833100008,27.081329519000064],[85.61968201800005,27.080444457000056],[85.61697864300004,27.07922208100007],[85.61442126800006,27.078648582000028],[85.61123795600008,27.079106769000077],[85.60911520600007,27.080583957000044],[85.60708339300004,27.081182082000055],[85.60185276800007,27.081337706000056],[85.59938239300004,27.08047833100005],[85.59187539300007,27.076292394000063],[85.58655164300006,27.07439789400007],[85.58234789300008,27.073854707000066],[85.57431339400006,27.071704456000077],[85.57029539300004,27.067606957000066],[85.56922433100004,27.064595206000035],[85.56618064300005,27.062071081000056],[85.56589095500004,27.060597019000056],[85.56790658100005,27.05695114400004],[85.56708645600008,27.05480389400003],[85.56733883000004,27.05231776900007],[85.57123839300004,27.051669331000028],[85.57423470500004,27.048507081000025],[85.57913201900004,27.045853644000033],[85.57963808100004,27.043789769000057],[85.57891639300004,27.039443644000073],[85.59464745600008,27.04147208200004],[85.59754458100008,27.042392207000034],[85.59620051900004,27.038236331000064],[85.59631508000007,27.036707644000046],[85.59839945600004,27.033894581000027],[85.59790608100008,27.030126144000064],[85.59694970500004,27.029279582000072],[85.59800576800006,27.027223394000032],[85.59665195500008,27.02480689400005],[85.59694551900003,27.021637519000024],[85.59388608100005,27.01886789400004],[85.59323695600006,27.016399832000047],[85.59058345600005,27.013629644000048],[85.59033395600005,27.012273394000033],[85.59156776800006,27.008860707000053],[85.59324920500006,27.006442956000058],[85.59769289300004,27.00324045700006],[85.60026320600008,27.00230033100007],[85.60161033000009,27.005499581000038],[85.60606039400005,27.00801208100006],[85.60938733100005,27.009100956000054],[85.61047001800006,27.010196894000046],[85.61056433100003,27.01220595700005],[85.61151958000005,27.01324195600006],[85.61605095600004,27.013097019000043],[85.62125664300004,27.014465769000026],[85.62270951800008,27.014549956000053],[85.62840789400008,27.017757644000028],[85.63002851800007,27.017001707000077],[85.63414351800003,27.016425769000023],[85.63738708100004,27.01656101900005],[85.63995945600004,27.01618645600007],[85.64242914400006,27.016517144000034],[85.64413220500006,27.01761883100005],[85.65736276800004,27.023192394000034],[85.65959451900005,27.02620551900003],[85.66131776800006,27.027329769000062],[85.66506758100007,27.02855220600003],[85.66770195500004,27.029980644000034],[85.67626989300004,27.035792456000024],[85.68138126800005,27.039434769000025],[85.68485270600007,27.041321956000047],[85.68864814300008,27.04469670700007],[85.68983433100004,27.04502814400007],[85.69275389400008,27.044333332000065],[85.69651301900007,27.044174144000067],[85.69990908100004,27.044853144000058],[85.70785139300006,27.050305394000077],[85.71670245600006,27.053949144000057],[85.72156476900005,27.053961832000027],[85.72443295600004,27.054418831000078],[85.72719251800004,27.056794894000063],[85.72833039300008,27.06012201900006],[85.73110170600006,27.061979206000046],[85.73414139400006,27.062363082000047],[85.73964551800003,27.060406644000068],[85.74441201800005,27.060783206000053],[85.74628026800008,27.062027331000024],[85.75082064300005,27.066047894000064],[85.75246183100006,27.068409081000027],[85.75634789300005,27.072717019000038],[85.75915989300006,27.075187769000024],[85.75973433100006,27.076501457000063],[85.75963801900008,27.080873456000063],[85.76070126800005,27.08355445600006],[85.76227964400005,27.08493564400004],[85.76448633100006,27.08565451900006],[85.76530320600006,27.088062457000035],[85.76285589400004,27.087722769000038],[85.76255776800008,27.08909876900003],[85.76278914400007,27.093568394000044],[85.76449914300008,27.09330364400006],[85.76550839300006,27.095672706000073],[85.76424601800005,27.097362832000044],[85.76680570600007,27.102703519000045],[85.77001220600005,27.103859831000022],[85.77193839300008,27.10346376900003],[85.77287439400004,27.106448081000053],[85.77144320500008,27.110255581000047],[85.77197608100005,27.111623019000035],[85.77457945600008,27.11053114400005],[85.77401176800004,27.112534332000052],[85.77580039400004,27.11288389400005],[85.77717708000006,27.114895019000073],[85.77804351800006,27.118029832000047],[85.77642620600005,27.118925081000043],[85.77567333000007,27.120502456000054],[85.77782014400003,27.121184519000053],[85.77870126900007,27.124721081000075],[85.78147214400008,27.12384039400007],[85.78358133100005,27.12672195600004],[85.78601101800007,27.127965956000025],[85.78427608100003,27.129203207000046],[85.78476495500007,27.13262345700008],[85.78270833100004,27.136484394000036],[85.78390451800004,27.139827394000065],[85.78392426900007,27.142429082000035],[85.78577833100007,27.145497957000032],[85.78955345500003,27.14645120600005],[85.79206326800005,27.14901795700007],[85.79664089300007,27.15247564400005],[85.79970708100007,27.152996081000026],[85.80291183100007,27.154891707000047],[85.80494670600007,27.15402001900003],[85.80667220600003,27.154393457000026],[85.80819839300005,27.15373401900007],[85.81172483100005,27.155972894000058],[85.81423701800009,27.158983831000057],[85.81376708100004,27.16143701900006],[85.81155414400007,27.16131451900003],[85.80799995600006,27.163725707000026],[85.80587833100003,27.16440714400005],[85.80079358000006,27.167078144000072],[85.79858195600008,27.167088582000076],[85.79499864300004,27.168910332000053]]]}},{"type":"Feature","properties":{"STATE_CODE":2,"DISTRICT":"SARLAHI","GaPa_NaPa":"Malangawa","Type_GN":"Nagarpalika","Province":"2","provinceId":"2","provinceCode":"2","provinceName":"Madhesh","districtId":"205","districtName":"Sarlahi","municipalityId":"20520","municipalityCode":"20520","municipalityName":"Malangawa Urban Municipality","municipalityNameNe":"मलंगवा नगरपालिका","municipalityType":"municipality"},"geometry":{"type":"Polygon","coordinates":[[[85.57554370500003,26.89001195700007],[85.57421189300004,26.890409144000046],[85.56814551800005,26.893687082000042],[85.56241483100007,26.89618758100005],[85.55338408100005,26.89611114400003],[85.54873583100004,26.89466451800007],[85.54446201800005,26.89374058100003],[85.54186564400004,26.89219083100005],[85.54120026800007,26.890266144000066],[85.54407908000007,26.887073831000066],[85.54310839300007,26.878810331000068],[85.54228139400004,26.877420956000037],[85.54217995600004,26.874958269000047],[85.54012608100004,26.874400081000033],[85.53720983000005,26.872526519000075],[85.53810901800006,26.870471331000033],[85.53669189300007,26.86688270600007],[85.53662595600008,26.864185769000073],[85.53549583100005,26.86417401800003],[85.53383645600007,26.85965101900007],[85.53365245500004,26.855653207000046],[85.53221551800004,26.854668144000073],[85.52875483100007,26.853851457000076],[85.52919108100008,26.85252708200005],[85.52616570500004,26.85027308100007],[85.52480695500003,26.848291456000027],[85.52446176800004,26.845059081000045],[85.52499133100008,26.841973519000078],[85.52455439300007,26.840581331000067],[85.52146920500007,26.838365019000037],[85.51891601800008,26.838785081000026],[85.51783770600008,26.837049956000044],[85.51554883100005,26.83587976900003],[85.51653020500004,26.830664519000038],[85.51566983100008,26.826916768000046],[85.51175433000003,26.824723144000075],[85.51165139300008,26.81997258100006],[85.51124045500006,26.81622283100006],[85.52206051800005,26.81412958100003],[85.52967301800004,26.822015644000032],[85.54468776800007,26.83726333100003],[85.54647864300006,26.837493831000074],[85.55566558100008,26.83403426900003],[85.55990139300008,26.84373445600005],[85.56796864300009,26.840668831000073],[85.56834845600008,26.84124126900008],[85.57180183100007,26.850933207000026],[85.57432433100007,26.856655769000042],[85.57759389300008,26.86077045600007],[85.57893020500006,26.85917964400005],[85.58043245600004,26.859253393000074],[85.58044070500006,26.85609689300003],[85.58241508100008,26.85606258100006],[85.58271245600008,26.85730201900003],[85.58476608100005,26.85848008100004],[85.58440470600004,26.859241331000078],[85.58644214300006,26.862637207000034],[85.58434864400004,26.86475520600004],[85.58116083100003,26.864488581000046],[85.57963851800008,26.86647014400006],[85.57898826900004,26.870206894000034],[85.58003320600005,26.874524707000035],[85.57964245600004,26.877000457000065],[85.57758301800004,26.879657956000074],[85.57829789300007,26.88350764300003],[85.57729608100004,26.885591394000073],[85.57639639300004,26.88901420600007],[85.57554370500003,26.89001195700007]]]}},{"type":"Feature","properties":{"STATE_CODE":2,"DISTRICT":"SARLAHI","GaPa_NaPa":"Parsa","Type_GN":"Gaunpalika","Province":"2","provinceId":"2","provinceCode":"2","provinceName":"Madhesh","districtId":"205","districtName":"Sarlahi","municipalityId":"20508","municipalityCode":"20508","municipalityName":"Parsa Rural Municipality","municipalityNameNe":"पर्सा गाउँपालिका","municipalityType":"rural_municipality"},"geometry":{"type":"Polygon","coordinates":[[[85.65664133100006,26.899540768000065],[85.65161276800006,26.90162058100003],[85.64630401800008,26.90090189400007],[85.64383345600004,26.901248269000064],[85.64115251800007,26.902533394000045],[85.63750145600005,26.90039758100005],[85.63759170600008,26.895233707000045],[85.63328583100008,26.888012393000054],[85.63261683100006,26.885239644000023],[85.63323120600006,26.884110707000048],[85.63054151800003,26.88254589400003],[85.62721670500008,26.882263081000076],[85.62402214300005,26.88012008100003],[85.62377933000005,26.878457082000068],[85.62209020600005,26.875509581000074],[85.62154708100007,26.873507456000027],[85.62196020600004,26.87185983200004],[85.62162645500007,26.869273081000074],[85.62620995600008,26.873388144000046],[85.63667614300005,26.87194839400007],[85.64463489300005,26.852952019000043],[85.65184720600007,26.85092251900005],[85.66526608000004,26.847649456000056],[85.68168164400004,26.84341026900006],[85.68253414300005,26.842969206000078],[85.68284795500006,26.847099081000067],[85.68026045500005,26.851021331000027],[85.67880258100007,26.854949644000044],[85.67891958000007,26.856383519000076],[85.68076308000008,26.857869643000072],[85.68007095500008,26.85916508200006],[85.67996370600008,26.862090581000075],[85.67847708100004,26.864125457000057],[85.68305826800008,26.867331706000073],[85.68387426900006,26.869439956000065],[85.68567833100008,26.870524019000072],[85.68583951800008,26.871786831000065],[85.68287995500003,26.871213269000066],[85.67861264300006,26.871566019000056],[85.67867376800007,26.87473908100003],[85.67717439400008,26.878314894000027],[85.67660258000006,26.880744207000077],[85.67360620600004,26.886354706000077],[85.67309858000004,26.887963268000078],[85.67129120600003,26.89005370700005],[85.66340989400004,26.89405208100004],[85.65664133100006,26.899540768000065]]]}},{"type":"Feature","properties":{"STATE_CODE":2,"DISTRICT":"SARLAHI","GaPa_NaPa":"Ramnagar","Type_GN":"Gaunpalika","Province":"2","provinceId":"2","provinceCode":"2","provinceName":"Madhesh","districtId":"205","districtName":"Sarlahi","municipalityId":"20515","municipalityCode":"20515","municipalityName":"Ramnagar Rural Municipality","municipalityNameNe":"रामनगर गाउँपालिका","municipalityType":"rural_municipality"},"geometry":{"type":"Polygon","coordinates":[[[85.42853664300003,26.858551582000075],[85.42647326800005,26.858315206000043],[85.42363689300004,26.859131269000045],[85.42043289300005,26.858971706000034],[85.41715095600006,26.85967026900005],[85.41479314300005,26.85669520600004],[85.40791026800008,26.856050956000047],[85.40679364300007,26.855317456000023],[85.40410376800008,26.856490394000048],[85.40126601800006,26.856899894000037],[85.39829701800005,26.858605769000064],[85.39523939300005,26.859195519000025],[85.39012764300008,26.858194456000035],[85.38650501800004,26.855420894000076],[85.37989601800007,26.850792394000052],[85.37606258100004,26.84993839400005],[85.37504170500006,26.847164019000047],[85.37405764300007,26.846767456000066],[85.37019364300005,26.847739081000043],[85.36796139300003,26.849389769000027],[85.36422908100008,26.849985394000043],[85.35871076800004,26.851696894000042],[85.35238476800004,26.855367769000054],[85.34913758100004,26.856005768000045],[85.34516926800006,26.856140581000034],[85.34517583100006,26.855632831000037],[85.34569614300005,26.854526769000074],[85.35395239300004,26.85000520600005],[85.35528776800004,26.84707039400007],[85.35523845500006,26.842188143000044],[85.35356445600007,26.838329956000052],[85.35148277700006,26.836508690000073],[85.34916614300005,26.835874206000028],[85.34310601800007,26.834959393000076],[85.34183833000003,26.83586945600007],[85.33913258100006,26.834920331000035],[85.33783751800007,26.83344564300006],[85.33583026800005,26.82899026900003],[85.33960076800008,26.827034394000066],[85.34378783100004,26.82437501800007],[85.35197026800006,26.82328626800006],[85.35461939300006,26.818064519000075],[85.35686426800004,26.818780831000026],[85.35894176800008,26.817892206000067],[85.36078945500003,26.819462956000052],[85.36247564300004,26.81803870600004],[85.36506570500006,26.819951956000068],[85.36912095600007,26.819262956000046],[85.37264589300008,26.817617769000037],[85.38026064300004,26.818728331000045],[85.38071858100005,26.817658831000074],[85.38370570500007,26.817040769000073],[85.38886626800007,26.817558831000042],[85.38996451800006,26.818522769000026],[85.39289564300003,26.818940706000035],[85.39632326800006,26.823746768000035],[85.39912295600004,26.824655518000043],[85.40193626800004,26.827118644000052],[85.40468808000008,26.823120206000056],[85.40795564300004,26.825253831000055],[85.41061033100004,26.82820345600004],[85.41336964300007,26.830450331000065],[85.41758989300007,26.83296001900004],[85.41699308000005,26.834317519000024],[85.41848689300008,26.839194269000075],[85.42238839300006,26.846808518000046],[85.42626833100007,26.853612894000037],[85.42853664300003,26.858551582000075]]]}},{"type":"Feature","properties":{"STATE_CODE":2,"DISTRICT":"RAUTAHAT","GaPa_NaPa":"Baudhimai","Type_GN":"Nagarpalika","Province":"2","provinceId":"2","provinceCode":"2","provinceName":"Madhesh","districtId":"206","districtName":"Rautahat ","municipalityId":"20611","municipalityCode":"20611","municipalityName":"Boudhimai Urban Municipality","municipalityNameNe":"बौधीमाई नगरपालिका","municipalityType":"municipality"},"geometry":{"type":"Polygon","coordinates":[[[85.26704051800004,26.87897276800004],[85.27186945500006,26.879096394000044],[85.27483308000006,26.88033101800005],[85.27412651800006,26.881892019000077],[85.27210051800006,26.883216769000057],[85.27093614300009,26.884957894000024],[85.26699333000005,26.886189143000024],[85.26347451800007,26.888781707000078],[85.26339939300004,26.894240581000076],[85.26238851800008,26.89753945600006],[85.26116026800008,26.899123144000043],[85.25981176800008,26.90217001800005],[85.25674739300007,26.905169019000027],[85.25418251700006,26.906976581000038],[85.25350101800007,26.90845383100003],[85.25367270500004,26.911638332000052],[85.25469520500008,26.913905957000054],[85.25446639300003,26.92172864300005],[85.24993414300008,26.92133558100005],[85.24870645600004,26.919403706000026],[85.24522383000004,26.91853870700004],[85.24308145500004,26.919376643000078],[85.23518476800007,26.91919101900004],[85.23296076800005,26.918553832000043],[85.22983664300006,26.918414081000037],[85.22783020500003,26.91630145700003],[85.22391564300005,26.91579851800003],[85.22043076800009,26.914528957000073],[85.21409808100003,26.91398108100003],[85.21174876800006,26.91248495600007],[85.21179758100004,26.91057339300005],[85.21313376800003,26.907305894000046],[85.21140545600008,26.90584951900007],[85.21299389300003,26.904227082000034],[85.21267789300003,26.90256233100007],[85.21120689300005,26.900686332000078],[85.20804701800006,26.898614894000048],[85.20261083000008,26.893164644000024],[85.20206408000007,26.89042776900004],[85.20016564200006,26.888853081000036],[85.19942701800005,26.885867331000043],[85.19448158100005,26.88780014400004],[85.19081639300003,26.890635831000054],[85.19023601800006,26.89162901900005],[85.18590639300004,26.895151644000066],[85.18583320600004,26.900308206000034],[85.18544683100004,26.901092143000028],[85.18277645500007,26.901933644000053],[85.17971958000004,26.903556769000033],[85.17926526800005,26.906642831000056],[85.17824283000004,26.905261393000046],[85.17844101700007,26.902290269000048],[85.17801689300006,26.900527019000037],[85.17363864300006,26.90111408200005],[85.17295870500004,26.899253644000055],[85.17526920500006,26.897072769000033],[85.17731989200007,26.896597644000053],[85.17773239300004,26.893299769000066],[85.17558020500007,26.891131332000043],[85.17041108000006,26.891930081000055],[85.16654564300006,26.89219220600006],[85.16667808000005,26.890140019000057],[85.16806651800005,26.89000895600003],[85.17076120500008,26.887750518000075],[85.17104308000006,26.88573989400004],[85.17226670500008,26.88244439400006],[85.17393520500008,26.881415144000073],[85.17391926800008,26.879693581000026],[85.17490933000005,26.87772676900005],[85.17313695500007,26.877222519000043],[85.17118926800003,26.877886269000044],[85.16930451800005,26.879661956000064],[85.16806945600007,26.877991019000035],[85.17097826800006,26.87389639400004],[85.17291920500008,26.872517394000056],[85.17600058100004,26.87235864300004],[85.17789301700003,26.871476393000023],[85.17858508000006,26.868934394000064],[85.18512026800005,26.86955445600006],[85.19208826700003,26.869814018000056],[85.19376851800007,26.86861520700006],[85.19480820600006,26.866453768000042],[85.20129908000007,26.866989956000054],[85.20383051800007,26.870159019000027],[85.20845670600005,26.86787439400007],[85.21188958000005,26.86672126800005],[85.21451320600005,26.865367456000058],[85.21669089300008,26.863663144000043],[85.22514226800007,26.862980957000048],[85.22575776700006,26.86528395700003],[85.22645570600008,26.871729019000043],[85.23257089200007,26.87163295600004],[85.23898276800008,26.87181151900006],[85.24292239300007,26.87542783200007],[85.24338120600004,26.87843601900005],[85.24453214300007,26.880596644000036],[85.24410364300007,26.88328776900005],[85.24692195500006,26.883163644000035],[85.25174914300004,26.88396939300003],[85.25581564300006,26.88315933100006],[85.26339570500005,26.880731582000067],[85.26704051800004,26.87897276800004]]]}},{"type":"Feature","properties":{"STATE_CODE":2,"DISTRICT":"RAUTAHAT","GaPa_NaPa":"Brindaban","Type_GN":"Nagarpalika","Province":"2","provinceId":"2","provinceCode":"2","provinceName":"Madhesh","districtId":"206","districtName":"Rautahat ","municipalityId":"20605","municipalityCode":"20605","municipalityName":"Brindaban Urban Municipality","municipalityNameNe":"बृन्दावन नगरपालिका","municipalityType":"municipality"},"geometry":{"type":"Polygon","coordinates":[[[85.45307251800006,27.101639582000075],[85.45212276800004,27.10691995600007],[85.45233276800008,27.110344957000052],[85.45161464300008,27.113948832000062],[85.44916339300005,27.115966394000054],[85.44497976800005,27.115490582000064],[85.44433051800007,27.11701795700003],[85.43862283100003,27.11487895600004],[85.42317658100006,27.109573956000077],[85.41997026800004,27.10864295600004],[85.41108714300003,27.10660258100006],[85.40185045500004,27.10580383200005],[85.39374514300005,27.106362769000043],[85.38571101800005,27.108159269000055],[85.38325483100004,27.105719581000074],[85.37913276800003,27.10373633200004],[85.37485151800007,27.10284639400004],[85.37136251800007,27.10132595600004],[85.37136170600007,27.09914189400007],[85.36988720600004,27.09409770700006],[85.36654289300003,27.08889114400006],[85.36722251800006,27.084863894000023],[85.37039701800006,27.081768957000065],[85.37131908000003,27.08187951900004],[85.37366114300005,27.08448070700007],[85.37498258000005,27.085144644000025],[85.37795126800006,27.084404894000045],[85.38157933100007,27.086043456000027],[85.38316414300004,27.085723207000058],[85.38389483000003,27.08333339400008],[85.38253533000005,27.08234501900006],[85.37960201800007,27.08221139400007],[85.37738233100004,27.081425394000064],[85.37262883000005,27.078121332000023],[85.37160695500006,27.075290644000063],[85.37298033100006,27.07257651900005],[85.37494889300007,27.071336581000025],[85.37655220600004,27.069141331000026],[85.37714333100007,27.06599926900003],[85.37871345600007,27.064136019000046],[85.38087651800004,27.064904519000038],[85.38231564300008,27.067421894000063],[85.38440664300003,27.067649519000042],[85.38492089300007,27.066376456000057],[85.38400145600008,27.063797519000047],[85.37848339300007,27.059702394000055],[85.37692514300005,27.056752894000056],[85.37603776800006,27.053738207000038],[85.37685145600005,27.053037519000043],[85.38000520600008,27.054055832000074],[85.38180139300005,27.05364108200007],[85.38315026800007,27.050757832000045],[85.38531420500004,27.04859083100007],[85.38606526800004,27.045781144000046],[85.38370633000005,27.045398206000073],[85.37737914300004,27.04078976900007],[85.37536226800006,27.03750401900004],[85.37429051800007,27.03691658200006],[85.37087376800008,27.03360383200004],[85.36911964300003,27.03268901900003],[85.36554189300006,27.034734144000026],[85.36462745500006,27.034697894000033],[85.35789826800004,27.02619583200004],[85.35535020600008,27.02822845600008],[85.35367883100008,27.03041058100007],[85.35038576800008,27.031739582000057],[85.34832451800008,27.02998589400005],[85.34872301800004,27.027220456000066],[85.34819783100005,27.025914519000025],[85.34478264300003,27.022431832000052],[85.34292801800007,27.02457720600006],[85.34041289300006,27.02653483100005],[85.33561608000008,27.028168894000032],[85.33018495600004,27.027044706000027],[85.32468939200004,27.026954456000055],[85.32340051800008,27.026513081000076],[85.31892695600004,27.021979206000026],[85.31794989300005,27.020187832000033],[85.31390889300008,27.016353707000064],[85.31259376800006,27.01618320600005],[85.31141820600004,27.014702706000037],[85.30451664300006,27.01530833100003],[85.30373914300003,27.012829082000053],[85.30057439300003,27.012073144000055],[85.30023039300005,27.011293331000047],[85.30081339200007,27.00318095600005],[85.29185289300005,27.00614026900007],[85.28968633000005,27.00668133100004],[85.28568564300008,27.005217393000066],[85.28458326800006,27.00219939400006],[85.28526601700008,27.00060251900004],[85.28204558100003,26.998560519000023],[85.28142358100007,26.99619020600005],[85.28117801800005,26.994191081000054],[85.28421926700008,26.991999519000046],[85.28596539300008,26.990336456000023],[85.28798089300005,26.98960733200005],[85.28896345600003,26.987804519000065],[85.29173008000004,26.98778595700003],[85.29144558100006,26.986143707000053],[85.29481145500006,26.981216519000043],[85.29773558100004,26.97935745700005],[85.29974664300005,26.978752332000056],[85.30554420600004,26.97520370600006],[85.30681933100004,26.97330776900003],[85.30916608000007,26.971699769000054],[85.31445889300005,26.97185133100004],[85.31467658000008,26.973568644000068],[85.31382589300006,26.97768533200008],[85.31556576800006,26.97965014400006],[85.31492233000006,26.98225326900007],[85.31681976800007,26.98471751900007],[85.31681195500005,26.986533957000063],[85.33883789300006,26.98516214400007],[85.34038914200005,26.98578145700003],[85.34190401800004,26.989860019000048],[85.34322583100004,26.996860018000064],[85.34701695500007,26.996352269000056],[85.34928158100007,26.994990332000043],[85.35246426800006,26.99431676900008],[85.35373564300005,26.98779733200007],[85.35150308100003,26.982022269000026],[85.35444751800009,26.979884394000067],[85.35677314300005,26.979444582000042],[85.35753776800004,26.981932706000066],[85.36007983000007,26.979595457000073],[85.35826608000008,26.97777858200004],[85.35816458100004,26.976714581000067],[85.36012839300008,26.975781831000063],[85.36300689300003,26.97719358100005],[85.36454445500004,26.976718394000045],[85.36698514300008,26.977215956000066],[85.36797451800004,26.980051582000044],[85.36932070500006,26.97974064400006],[85.37044639300007,26.978019456000027],[85.37323183000007,26.976672394000047],[85.37481820500005,26.976963769000065],[85.37742483100004,26.981473519000076],[85.37805945600007,26.984463644000073],[85.38078426800007,26.987169394000034],[85.38208808100006,26.99055233200005],[85.38453620600006,26.993373519000045],[85.39147545500003,26.99746576900003],[85.39258064300003,26.99884695700007],[85.39069751800008,27.001692707000075],[85.39072326800004,27.005424332000075],[85.38821439300006,27.008310081000047],[85.38922995500008,27.00996970600005],[85.39075051800006,27.014338706000046],[85.39379951800004,27.017049894000024],[85.39679401800004,27.018349268000065],[85.39871245600006,27.02093839400004],[85.39873339300004,27.023388519000036],[85.40214564300004,27.025493519000065],[85.40294414300007,27.03125489400003],[85.40465814300006,27.033997207000027],[85.41064776800005,27.03472251900007],[85.41253001800004,27.03553395600005],[85.41420408000005,27.037721457000032],[85.41439083100005,27.03990595700003],[85.41387714300004,27.042045519000055],[85.41478545500007,27.04525158100006],[85.41771526800005,27.049240519000023],[85.42146495600008,27.05143183200005],[85.42427108100009,27.051588519000063],[85.42594276800008,27.05260489400007],[85.42637139300007,27.054164144000026],[85.42613845600005,27.060899207000034],[85.42744408100003,27.06270220600004],[85.43388751800006,27.065247144000068],[85.43589520600005,27.06675189400005],[85.43669795600005,27.06936995700005],[85.43420551800006,27.07543308100003],[85.43375245600004,27.07914708100003],[85.43428908000004,27.085359769000036],[85.43700501800004,27.089393269000027],[85.43944445600005,27.09016476900007],[85.44263276800007,27.089432644000055],[85.44507751900005,27.090219769000043],[85.44754864300006,27.093404957000075],[85.44949083100005,27.094856019000076],[85.45085520600009,27.099785332000067],[85.45307251800006,27.101639582000075]]]}},{"type":"Feature","properties":{"STATE_CODE":2,"DISTRICT":"RAUTAHAT","GaPa_NaPa":"Chandrapur","Type_GN":"Nagarpalika","Province":"2","provinceId":"2","provinceCode":"2","provinceName":"Madhesh","districtId":"206","districtName":"Rautahat ","municipalityId":"20601","municipalityCode":"20601","municipalityName":"Chandrapur Urban Municipality","municipalityNameNe":"चन्द्रपुर नगरपालिका","municipalityType":"municipality"},"geometry":{"type":"Polygon","coordinates":[[[85.39541501800005,27.21011989400006],[85.39415320700004,27.208751644000074],[85.39156401900004,27.20941358300007],[85.38942626800008,27.20771783200007],[85.38608558100003,27.207250083000076],[85.38319420600004,27.20868427000005],[85.37884020600006,27.21179789400003],[85.37506226800008,27.209748020000063],[85.37162351900008,27.211683707000077],[85.37016664300006,27.21146783200004],[85.36480333100008,27.212474582000027],[85.36158551900007,27.21080233300006],[85.36071264400005,27.213006207000035],[85.35901795600006,27.212905333000037],[85.35596776800008,27.21548670800007],[85.35260583000007,27.219278145000033],[85.35110570600006,27.221817333000047],[85.34997183200005,27.22197264400006],[85.34339245600006,27.220438458000046],[85.34124820600005,27.21931739400003],[85.33912864300004,27.220149895000077],[85.33505720600004,27.222713519000024],[85.33358976900007,27.222630458000026],[85.32543895500004,27.225106207000067],[85.32320101900007,27.22646533300008],[85.31965145600003,27.226934270000072],[85.31805014300005,27.227599145000056],[85.31455270500004,27.230253770000047],[85.31211201800005,27.23021577000003],[85.30963364400003,27.23153858200004],[85.30627689400006,27.22962958200003],[85.30295126800007,27.23016139400005],[85.30209764300008,27.227466394000032],[85.30163795500005,27.221796082000026],[85.30094964300008,27.220606644000043],[85.30115064300008,27.217001519000064],[85.29976739300008,27.21279964400003],[85.30019283000007,27.209666206000065],[85.29952745500003,27.20849233200005],[85.29866333100006,27.203392145000066],[85.29584789300003,27.20035189400005],[85.29236020500008,27.200284832000023],[85.28916758000008,27.197613456000056],[85.28955176800008,27.196574269000052],[85.28784739300005,27.19340408200003],[85.29153089300007,27.189304331000073],[85.29401945600006,27.18843301900006],[85.29741414300008,27.185082644000033],[85.29947901800006,27.184343769000066],[85.29799764300003,27.18225014400008],[85.29940483000007,27.179793519000043],[85.30071901800005,27.178680332000056],[85.29996451800008,27.177202644000033],[85.30181970600006,27.175858769000058],[85.30020458100006,27.171191957000076],[85.30127808100008,27.169510082000045],[85.30065620500005,27.16831320700004],[85.30157620600005,27.166612456000053],[85.30235620600007,27.16322983200007],[85.30106695600006,27.160825269000043],[85.29954933000005,27.16095895600006],[85.29923589300006,27.15926739400004],[85.30081151800005,27.157878707000066],[85.29791089300005,27.155944831000056],[85.30028495500005,27.154776644000037],[85.29863495600006,27.153226019000044],[85.30123651800005,27.151943019000043],[85.29779601800004,27.149492894000048],[85.29687270600004,27.147515831000078],[85.29532389300005,27.14848683200006],[85.29274164300006,27.147391519000053],[85.29045145600008,27.14564139400005],[85.29115114300004,27.14413901900008],[85.28887708000008,27.142025457000045],[85.28993701800005,27.138782457000048],[85.28844258000004,27.133387769000024],[85.29203064300003,27.133709081000063],[85.29160139300006,27.13201851900004],[85.28950589300007,27.130943457000058],[85.29149133000004,27.128858457000035],[85.29072414300003,27.12711008100007],[85.29118814300006,27.125573769000027],[85.29451739300004,27.124956519000023],[85.29743489300006,27.123354582000047],[85.29740751800006,27.12114826900006],[85.29550926800005,27.120220457000073],[85.29452745600008,27.118877894000036],[85.29380651800005,27.11599420700003],[85.29094726800008,27.11623039400007],[85.28865445600007,27.114908894000052],[85.29009958100005,27.112952956000072],[85.28889670500007,27.108489707000047],[85.29269108100004,27.10708751900006],[85.29107783000006,27.10580501900006],[85.29039870600008,27.103478144000064],[85.29065851800004,27.101508331000048],[85.29354901800008,27.102104457000053],[85.29382364300005,27.100326206000034],[85.29192595600006,27.099353144000077],[85.29244226800006,27.097441769000056],[85.29485126800006,27.09815745700007],[85.29594014300005,27.095776019000027],[85.29713876800008,27.094562331000077],[85.29802614300007,27.09198426900008],[85.30328951800004,27.089485144000037],[85.30532901800007,27.088130456000044],[85.30959501800004,27.086495581000065],[85.30975914300006,27.081753519000074],[85.30923558000006,27.080896519000078],[85.31068226800005,27.07833114400006],[85.30860545500008,27.07585726900004],[85.30865345500007,27.074455644000068],[85.31158908000003,27.072372769000026],[85.31259245500007,27.071034457000053],[85.30936783100003,27.067443144000038],[85.30992033000007,27.06428595700004],[85.31031458000007,27.059065644000043],[85.31161008100008,27.057067956000026],[85.31565539300004,27.056445832000065],[85.32013526800006,27.054147519000026],[85.32232526800004,27.055374706000066],[85.32533389300005,27.060477269000046],[85.32709414300007,27.061476019000054],[85.32797126800006,27.059448331000056],[85.32764058100008,27.053090894000036],[85.32525276800004,27.047786269000028],[85.32497583000008,27.046362894000026],[85.32784658000008,27.044526269000073],[85.32609064300004,27.040120331000026],[85.32669964300004,27.038711269000032],[85.32692970600004,27.035085456000047],[85.32566301800006,27.032509394000044],[85.32744064300005,27.031172644000037],[85.32745370500004,27.029392331000054],[85.32468939200004,27.026954456000055],[85.33018495600004,27.027044706000027],[85.33561608000008,27.028168894000032],[85.34041289300006,27.02653483100005],[85.34292801800007,27.02457720600006],[85.34478264300003,27.022431832000052],[85.34819783100005,27.025914519000025],[85.34872301800004,27.027220456000066],[85.34832451800008,27.02998589400005],[85.35038576800008,27.031739582000057],[85.35367883100008,27.03041058100007],[85.35535020600008,27.02822845600008],[85.35789826800004,27.02619583200004],[85.36462745500006,27.034697894000033],[85.36554189300006,27.034734144000026],[85.36911964300003,27.03268901900003],[85.37087376800008,27.03360383200004],[85.37429051800007,27.03691658200006],[85.37536226800006,27.03750401900004],[85.37737914300004,27.04078976900007],[85.38370633000005,27.045398206000073],[85.38606526800004,27.045781144000046],[85.38531420500004,27.04859083100007],[85.38315026800007,27.050757832000045],[85.38180139300005,27.05364108200007],[85.38000520600008,27.054055832000074],[85.37685145600005,27.053037519000043],[85.37603776800006,27.053738207000038],[85.37692514300005,27.056752894000056],[85.37848339300007,27.059702394000055],[85.38400145600008,27.063797519000047],[85.38492089300007,27.066376456000057],[85.38440664300003,27.067649519000042],[85.38231564300008,27.067421894000063],[85.38087651800004,27.064904519000038],[85.37871345600007,27.064136019000046],[85.37714333100007,27.06599926900003],[85.37655220600004,27.069141331000026],[85.37494889300007,27.071336581000025],[85.37298033100006,27.07257651900005],[85.37160695500006,27.075290644000063],[85.37262883000005,27.078121332000023],[85.37738233100004,27.081425394000064],[85.37960201800007,27.08221139400007],[85.38253533000005,27.08234501900006],[85.38389483000003,27.08333339400008],[85.38316414300004,27.085723207000058],[85.38157933100007,27.086043456000027],[85.37795126800006,27.084404894000045],[85.37498258000005,27.085144644000025],[85.37366114300005,27.08448070700007],[85.37131908000003,27.08187951900004],[85.37039701800006,27.081768957000065],[85.36722251800006,27.084863894000023],[85.36654289300003,27.08889114400006],[85.36988720600004,27.09409770700006],[85.37136170600007,27.09914189400007],[85.37136251800007,27.10132595600004],[85.37485151800007,27.10284639400004],[85.37913276800003,27.10373633200004],[85.38325483100004,27.105719581000074],[85.38571101800005,27.108159269000055],[85.39374514300005,27.106362769000043],[85.40185045500004,27.10580383200005],[85.41108714300003,27.10660258100006],[85.41997026800004,27.10864295600004],[85.42317658100006,27.109573956000077],[85.43862283100003,27.11487895600004],[85.44433051800007,27.11701795700003],[85.44497976800005,27.115490582000064],[85.44916339300005,27.115966394000054],[85.45161464300008,27.113948832000062],[85.45233276800008,27.110344957000052],[85.45212276800004,27.10691995600007],[85.45307251800006,27.101639582000075],[85.45771476800007,27.103597269000034],[85.45929745500007,27.105929581000055],[85.46065095500006,27.106910519000053],[85.46456383000003,27.108209956000053],[85.46643526800005,27.109805894000033],[85.47095276800007,27.114519269000027],[85.47372739400004,27.118303206000064],[85.47408589300005,27.120311956000023],[85.47317070600008,27.123159831000066],[85.47478739300004,27.12707770700007],[85.47797745500003,27.130051644000048],[85.48045058100007,27.130952957000034],[85.48201658000005,27.132290144000024],[85.48686926800008,27.13472289400005],[85.49074826800006,27.139072331000023],[85.49146176800008,27.142999581000026],[85.49302683100007,27.146042331000046],[85.49301164300005,27.148598769000046],[85.49143589300007,27.153060206000077],[85.49178089300005,27.15430195600004],[85.49439033000004,27.160467394000023],[85.49540801800003,27.161875707000036],[85.49788714300007,27.162927706000062],[85.50494558100007,27.162247207000064],[85.50622064300006,27.16314976900003],[85.50600364300004,27.165144144000067],[85.50304726800005,27.166249769000046],[85.50193026800008,27.16812401900006],[85.50441945600005,27.170043519000046],[85.50565008100006,27.17227895600007],[85.50540251800004,27.17334351900007],[85.50320551800007,27.175472456000023],[85.50000001900008,27.173723519000077],[85.49744695600003,27.17336951900006],[85.49631776800004,27.169613706000064],[85.49131189400003,27.165610394000055],[85.48846289300008,27.16410645700006],[85.48246551800008,27.162624519000076],[85.47633233100004,27.162362019000057],[85.47483708100003,27.161542956000062],[85.47097764300008,27.16298683100007],[85.46974989300008,27.165355144000046],[85.46544683000008,27.166311706000045],[85.45947095600008,27.165837019000037],[85.45807501800005,27.16741508100006],[85.45518064300006,27.168119769000043],[85.45455258000004,27.16978233100008],[85.45476026800003,27.175294332000078],[85.45563901800006,27.17710820600007],[85.45377908000006,27.179395019000026],[85.45173958000004,27.180151644000034],[85.45230808100007,27.183818832000043],[85.45035945500007,27.18648101900004],[85.44615045600005,27.18717883200003],[85.44350020600007,27.186608207000063],[85.43835158100006,27.187180081000065],[85.43621508000007,27.189934269000048],[85.43308245500003,27.190367894000076],[85.43029745600006,27.19139814400006],[85.42888470600008,27.192800082000076],[85.42654620600007,27.192650206000053],[85.42426420600003,27.190931582000076],[85.42053226800004,27.18982783100006],[85.41818958100004,27.191128519000074],[85.41579920600003,27.194155769000076],[85.41153095600004,27.19669639400007],[85.40802595600007,27.196790269000076],[85.40576489300008,27.196075207000035],[85.40450308100003,27.196566207000046],[85.40107451800003,27.196467394000024],[85.39871201800008,27.198386207000055],[85.39837739300003,27.200790207000068],[85.39952133000008,27.20590489400007],[85.39876370500008,27.20722333200007],[85.39541501800005,27.21011989400006]]]}},{"type":"Feature","properties":{"STATE_CODE":2,"DISTRICT":"RAUTAHAT","GaPa_NaPa":"Dewahhi Gonahi","Type_GN":"Nagarpalika","Province":"2","provinceId":"2","provinceCode":"2","provinceName":"Madhesh","districtId":"206","districtName":"Rautahat ","municipalityId":"20609","municipalityCode":"20609","municipalityName":"Dewahi Gonahi Urban Municipality","municipalityNameNe":"देवाही गोनाही नगरपालिका","municipalityType":"municipality"},"geometry":{"type":"Polygon","coordinates":[[[85.28796839300009,26.94834089400007],[85.28018051800007,26.948050769000076],[85.27717751800003,26.947170894000067],[85.27432570500008,26.948482832000025],[85.27327651800005,26.95095401900005],[85.27184926700005,26.952729143000056],[85.27146333000007,26.956367644000068],[85.27201764200004,26.960994956000036],[85.27201614300003,26.963774831000023],[85.26917733100004,26.965781519000075],[85.26767964300006,26.965837831000044],[85.26793570600006,26.96874401900004],[85.26669220500008,26.969470457000057],[85.26374845600003,26.968474706000052],[85.26153858100008,26.968638894000037],[85.25561326800005,26.97325645600006],[85.25146664300007,26.97160333100004],[85.24882908100005,26.969702019000067],[85.24295408000006,26.970076581000058],[85.24003189300004,26.967464644000074],[85.23723726800006,26.96551258200003],[85.23544776800009,26.963177081000026],[85.23086076700008,26.954602331000046],[85.23038301700007,26.951826582000024],[85.23092714300003,26.949759581000023],[85.23272539300007,26.948823206000043],[85.23328808000008,26.94719595600003],[85.23470020600007,26.946583394000072],[85.23676051800004,26.94445789400004],[85.23842770600004,26.944152144000043],[85.24014301800008,26.942602769000075],[85.23934264300004,26.94032408100003],[85.23446708000006,26.93726201900006],[85.23240039300003,26.93636170600007],[85.23173089300008,26.93197433100005],[85.23406051800004,26.924079144000075],[85.23708201800008,26.922588332000032],[85.23982089300006,26.922649956000043],[85.24221995500005,26.92196558100005],[85.24308145500004,26.919376643000078],[85.24522383000004,26.91853870700004],[85.24870645600004,26.919403706000026],[85.24993414300008,26.92133558100005],[85.25446639300003,26.92172864300005],[85.25469520500008,26.913905957000054],[85.25367270500004,26.911638332000052],[85.25350101800007,26.90845383100003],[85.25418251700006,26.906976581000038],[85.25674739300007,26.905169019000027],[85.25981176800008,26.90217001800005],[85.26116026800008,26.899123144000043],[85.26238851800008,26.89753945600006],[85.26339939300004,26.894240581000076],[85.26347451800007,26.888781707000078],[85.26699333000005,26.886189143000024],[85.27093614300009,26.884957894000024],[85.27210051800006,26.883216769000057],[85.27412651800006,26.881892019000077],[85.27483308000006,26.88033101800005],[85.27186945500006,26.879096394000044],[85.26704051800004,26.87897276800004],[85.27321351800003,26.875027269000043],[85.27989695500008,26.87377551900005],[85.28469983100007,26.874837581000065],[85.28597020600006,26.876644706000036],[85.28662545600008,26.881126644000062],[85.28295851800004,26.881683519000035],[85.28100133100008,26.89120739400005],[85.28153551800006,26.89434345600006],[85.27923595500005,26.89758189400004],[85.27369101800008,26.901007581000044],[85.27270945500004,26.90218526900003],[85.27364751800008,26.907337144000053],[85.27457089300003,26.90864201900007],[85.27714970500006,26.909561894000035],[85.27735383000004,26.915893706000077],[85.27602439200007,26.91866076900004],[85.27610501800007,26.920900644000028],[85.27835514300006,26.92405726900006],[85.28474039300005,26.921625581000058],[85.28947795500005,26.920968644000027],[85.29219451800003,26.922667644000057],[85.29218814300003,26.924702956000033],[85.29023476800006,26.925262331000056],[85.28957001800006,26.931439582000053],[85.28816789300004,26.941919707000068],[85.28796839300009,26.94834089400007]]]}},{"type":"Feature","properties":{"STATE_CODE":2,"DISTRICT":"RAUTAHAT","GaPa_NaPa":"Durga Bhagwati","Type_GN":"Gaunpalika","Province":"2","provinceId":"2","provinceCode":"2","provinceName":"Madhesh","districtId":"206","districtName":"Rautahat ","municipalityId":"20615","municipalityCode":"20615","municipalityName":"Durga Bhagawati Rural Municipality","municipalityNameNe":"दुर्गा भगवती गाउँपालिका","municipalityType":"rural_municipality"},"geometry":{"type":"Polygon","coordinates":[[[85.34517583100006,26.855632831000037],[85.34108939300006,26.85619739400005],[85.33866870600008,26.85407226800004],[85.33591901800008,26.855571707000024],[85.33417789300006,26.855818269000054],[85.33251520500005,26.85857545700003],[85.33288951800006,26.860943331000044],[85.33126283000007,26.861252018000073],[85.32856045500006,26.86418589400006],[85.32720833100007,26.86415120600003],[85.32041783100004,26.86610339400005],[85.32020645500006,26.85890076900006],[85.31886120500008,26.854567519000057],[85.31757370500009,26.85494508200003],[85.31410939300008,26.85368214400006],[85.31172539300007,26.85463164400005],[85.30875670500006,26.853693457000077],[85.30746864300005,26.854734268000072],[85.30775533100007,26.856311081000058],[85.30689833100007,26.85770214400003],[85.30518964300006,26.856731894000063],[85.30142370600004,26.853569332000063],[85.29821889300007,26.85297601900004],[85.29842139300007,26.851816644000053],[85.29539658000004,26.849802331000035],[85.29782458000005,26.84685808100005],[85.30144489300005,26.847059457000057],[85.29803320500008,26.84397701900008],[85.30153220500006,26.84331301900005],[85.30143445600004,26.841691581000077],[85.30293158000006,26.841452206000042],[85.30097045600007,26.83581345600004],[85.29940801800007,26.834345394000024],[85.29945589300007,26.83226226900007],[85.30327976800004,26.834517332000075],[85.30341201800007,26.83557664400007],[85.30620564300006,26.83588026800004],[85.30682758100005,26.834620019000056],[85.30474614300005,26.832204581000042],[85.30811826800004,26.828357894000078],[85.31133458000005,26.829070456000068],[85.31528964300009,26.82917139400007],[85.31604783000006,26.828451331000053],[85.31403376800006,26.823711331000027],[85.31381689300008,26.819900019000045],[85.31452408000007,26.816669082000033],[85.31769670500006,26.81732776900003],[85.31829139300004,26.816397081000048],[85.31763908000005,26.814349893000042],[85.31279333100008,26.815317769000046],[85.31176951800006,26.80999764300003],[85.31192633000006,26.80549020600006],[85.31473108100005,26.80529495600007],[85.31918233100004,26.801298081000027],[85.32139470500005,26.800392957000042],[85.32202845600006,26.80191908200004],[85.32530808000007,26.80213214300005],[85.32407614300007,26.804048081000076],[85.32662883100005,26.806181269000035],[85.32735789300006,26.808376706000047],[85.32572751800006,26.811600519000024],[85.32739983100004,26.814301519000026],[85.32902733000003,26.815085019000037],[85.32952439300004,26.817436018000024],[85.33080539300005,26.819450206000056],[85.33258358000006,26.81994564400003],[85.33477001800009,26.822276206000026],[85.33457533100005,26.82653576900003],[85.33583026800005,26.82899026900003],[85.33783751800007,26.83344564300006],[85.33913258100006,26.834920331000035],[85.34183833000003,26.83586945600007],[85.34310601800007,26.834959393000076],[85.34916614300005,26.835874206000028],[85.35148277700006,26.836508690000073],[85.35356445600007,26.838329956000052],[85.35523845500006,26.842188143000044],[85.35528776800004,26.84707039400007],[85.35395239300004,26.85000520600005],[85.34569614300005,26.854526769000074],[85.34517583100006,26.855632831000037]]]}},{"type":"Feature","properties":{"STATE_CODE":2,"DISTRICT":"RAUTAHAT","GaPa_NaPa":"Gadhimai","Type_GN":"Nagarpalika","Province":"2","provinceId":"2","provinceCode":"2","provinceName":"Madhesh","districtId":"206","districtName":"Rautahat ","municipalityId":"20606","municipalityCode":"20606","municipalityName":"Gadhimai Urban Municipality","municipalityNameNe":"गढीमाई नगरपालिका","municipalityType":"municipality"},"geometry":{"type":"Polygon","coordinates":[[[85.40308095500006,26.953989144000047],[85.40130064300007,26.95560658200003],[85.40035933100006,26.957518019000076],[85.40051258100004,26.95901920600005],[85.40178745500003,26.96055658100005],[85.40014876800007,26.964977144000045],[85.39845470500006,26.96778051900003],[85.39819270600003,26.969759644000078],[85.39916676800004,26.97124814400007],[85.40002683100005,26.97420664400005],[85.40355795500005,26.977282957000057],[85.40321601800008,26.980269144000033],[85.40359101800004,26.98349645600007],[85.40308358100003,26.985532144000047],[85.40035895500006,26.988878269000054],[85.39970426800005,26.99270920600003],[85.39484220500003,26.997791207000034],[85.39258064300003,26.99884695700007],[85.39147545500003,26.99746576900003],[85.38453620600006,26.993373519000045],[85.38208808100006,26.99055233200005],[85.38078426800007,26.987169394000034],[85.37805945600007,26.984463644000073],[85.37742483100004,26.981473519000076],[85.37481820500005,26.976963769000065],[85.37323183000007,26.976672394000047],[85.37044639300007,26.978019456000027],[85.36902014300006,26.97446608100006],[85.36770820600003,26.973075393000045],[85.36694676800005,26.97081064400004],[85.36643814300004,26.96570501900004],[85.36417001800004,26.963305956000056],[85.36108064300004,26.96360658100008],[85.35331301800005,26.965204331000052],[85.35090226800008,26.96481901900006],[85.34635920500006,26.965431144000036],[85.33724264300008,26.965156894000074],[85.33647920500005,26.962616706000063],[85.33608364300005,26.95725939400006],[85.33529901800006,26.95595814400008],[85.33512939300005,26.951503519000028],[85.33798683000003,26.948915456000066],[85.33922264300008,26.94866458100006],[85.34177589300003,26.945914644000027],[85.34466958100006,26.94375258100007],[85.34543495500003,26.942055331000063],[85.34569120600008,26.938566768000044],[85.34459333100006,26.93647664300005],[85.34453351800005,26.934356268000045],[85.34616220600003,26.93110964400006],[85.33937658100007,26.93084708200007],[85.33501389300005,26.931387019000056],[85.33433164200005,26.92727114400003],[85.33302351800006,26.92300320700008],[85.33357739300004,26.921680269000035],[85.33349226800004,26.918348456000047],[85.33271639300006,26.916422081000064],[85.33267614300007,26.908818582000038],[85.33950389300009,26.906574332000048],[85.34179220600004,26.906184831000076],[85.34614983000006,26.902810706000025],[85.34803539300003,26.900520581000023],[85.34985958100003,26.896410144000072],[85.35196320600005,26.896911269000043],[85.35624901800009,26.896958144000052],[85.36233901800006,26.89656558100006],[85.36756426800008,26.89557645600007],[85.36986833100008,26.89574364300006],[85.37379758100008,26.895288081000047],[85.37352883000005,26.899437832000046],[85.37450551800003,26.902106582000044],[85.37892145500007,26.90492683100007],[85.38199114300005,26.907385581000028],[85.38475733000007,26.908066957000074],[85.38511933100006,26.909681143000057],[85.38839608000006,26.91295001800006],[85.38942295500004,26.916035582000063],[85.38848351800004,26.917834081000024],[85.38847751800006,26.92017164300006],[85.38936858000005,26.922992332000035],[85.39169664300005,26.924756394000042],[85.39345795600008,26.928586018000033],[85.39640370500007,26.93163683100005],[85.39981845500006,26.936521706000065],[85.40119533100005,26.941492206000078],[85.40006645600005,26.950736207000034],[85.40308095500006,26.953989144000047]]]}},{"type":"Feature","properties":{"STATE_CODE":2,"DISTRICT":"RAUTAHAT","GaPa_NaPa":"Garuda","Type_GN":"Nagarpalika","Province":"2","provinceId":"2","provinceCode":"2","provinceName":"Madhesh","districtId":"206","districtName":"Rautahat ","municipalityId":"20608","municipalityCode":"20608","municipalityName":"Garuda Urban Municipality","municipalityNameNe":"गरुडा नगरपालिका","municipalityType":"municipality"},"geometry":{"type":"Polygon","coordinates":[[[85.37044639300007,26.978019456000027],[85.36932070500006,26.97974064400006],[85.36797451800004,26.980051582000044],[85.36698514300008,26.977215956000066],[85.36454445500004,26.976718394000045],[85.36300689300003,26.97719358100005],[85.36012839300008,26.975781831000063],[85.35816458100004,26.976714581000067],[85.35826608000008,26.97777858200004],[85.36007983000007,26.979595457000073],[85.35753776800004,26.981932706000066],[85.35677314300005,26.979444582000042],[85.35444751800009,26.979884394000067],[85.35150308100003,26.982022269000026],[85.35373564300005,26.98779733200007],[85.35246426800006,26.99431676900008],[85.34928158100007,26.994990332000043],[85.34701695500007,26.996352269000056],[85.34322583100004,26.996860018000064],[85.34190401800004,26.989860019000048],[85.34038914200005,26.98578145700003],[85.33883789300006,26.98516214400007],[85.31681195500005,26.986533957000063],[85.31681976800007,26.98471751900007],[85.31492233000006,26.98225326900007],[85.31556576800006,26.97965014400006],[85.31382589300006,26.97768533200008],[85.31467658000008,26.973568644000068],[85.31445889300005,26.97185133100004],[85.30916608000007,26.971699769000054],[85.30681933100004,26.97330776900003],[85.30554420600004,26.97520370600006],[85.29974664300005,26.978752332000056],[85.29773558100004,26.97935745700005],[85.29481145500006,26.981216519000043],[85.29144558100006,26.986143707000053],[85.29173008000004,26.98778595700003],[85.28896345600003,26.987804519000065],[85.28798089300005,26.98960733200005],[85.28596539300008,26.990336456000023],[85.28421926700008,26.991999519000046],[85.28246595600007,26.988376019000043],[85.28083501800006,26.98692645600005],[85.28147226800007,26.98542470700005],[85.28151301800006,26.982576831000074],[85.28062758100003,26.979227394000077],[85.27869814300004,26.974080144000027],[85.28759614300003,26.97145845700004],[85.28943208000004,26.967377957000053],[85.29055295600006,26.960937081000054],[85.29058058000004,26.95838939400005],[85.29123314300006,26.954561144000024],[85.28977458000008,26.95251220600005],[85.28900364300006,26.948712769000053],[85.28796839300009,26.94834089400007],[85.28816789300004,26.941919707000068],[85.28957001800006,26.931439582000053],[85.29023476800006,26.925262331000056],[85.29218814300003,26.924702956000033],[85.29219451800003,26.922667644000057],[85.29680108000008,26.923376769000072],[85.29892689300004,26.921615331000055],[85.29873676800008,26.919080894000047],[85.29740464300005,26.913314581000066],[85.29752408100006,26.910824706000028],[85.29951783100006,26.90628689400006],[85.29954545500004,26.90358801900004],[85.30266226800006,26.90466264400004],[85.30221308100005,26.90713751900006],[85.31064995500003,26.907206081000027],[85.31511064300008,26.906235019000064],[85.32022395500007,26.90619858100007],[85.32068776800008,26.91155308100008],[85.32234264300007,26.916900956000063],[85.32151270500003,26.92079420600004],[85.32391470500005,26.921550144000037],[85.32437195500006,26.923409581000044],[85.32571264300003,26.92391595600003],[85.33302351800006,26.92300320700008],[85.33433164200005,26.92727114400003],[85.33501389300005,26.931387019000056],[85.33937658100007,26.93084708200007],[85.34616220600003,26.93110964400006],[85.34453351800005,26.934356268000045],[85.34459333100006,26.93647664300005],[85.34569120600008,26.938566768000044],[85.34543495500003,26.942055331000063],[85.34466958100006,26.94375258100007],[85.34177589300003,26.945914644000027],[85.33922264300008,26.94866458100006],[85.33798683000003,26.948915456000066],[85.33512939300005,26.951503519000028],[85.33529901800006,26.95595814400008],[85.33608364300005,26.95725939400006],[85.33647920500005,26.962616706000063],[85.33724264300008,26.965156894000074],[85.34635920500006,26.965431144000036],[85.35090226800008,26.96481901900006],[85.35331301800005,26.965204331000052],[85.36108064300004,26.96360658100008],[85.36417001800004,26.963305956000056],[85.36643814300004,26.96570501900004],[85.36694676800005,26.97081064400004],[85.36770820600003,26.973075393000045],[85.36902014300006,26.97446608100006],[85.37044639300007,26.978019456000027]]]}},{"type":"Feature","properties":{"STATE_CODE":2,"DISTRICT":"RAUTAHAT","GaPa_NaPa":"Gaur","Type_GN":"Nagarpalika","Province":"2","provinceId":"2","provinceCode":"2","provinceName":"Madhesh","districtId":"206","districtName":"Rautahat ","municipalityId":"20617","municipalityCode":"20617","municipalityName":"Gaur Urban Municipality","municipalityNameNe":"गौर नगरपालिका","municipalityType":"municipality"},"geometry":{"type":"Polygon","coordinates":[[[85.29068083000004,26.799022269000034],[85.28166770600006,26.800500894000038],[85.27364026800007,26.802049019000037],[85.27023964200004,26.802986643000054],[85.26624176800004,26.802796831000023],[85.26610833100005,26.801757893000058],[85.26361764300003,26.796775269000022],[85.25901176700006,26.795072144000073],[85.25729039300006,26.793456019000075],[85.25487926800008,26.787308331000077],[85.25298089300009,26.784782144000076],[85.25018051800004,26.78230676800007],[85.25027964300006,26.778788081000073],[85.24914239300006,26.77692533100003],[85.25025376800005,26.775904581000077],[85.25032476800004,26.771776957000043],[85.25175739300005,26.769911769000032],[85.25282676700004,26.770910956000023],[85.25588626800004,26.76925920700006],[85.25650276800008,26.768170644000065],[85.25508114300004,26.766116332000024],[85.25451351800007,26.76198308200003],[85.25580526800007,26.760353768000073],[85.25809483000006,26.75968814400005],[85.25901789300008,26.761961206000024],[85.26023351800006,26.76050176900003],[85.25907820600008,26.758709143000033],[85.25958033100005,26.756087207000064],[85.26252801800007,26.754937269000038],[85.28159851800007,26.75314376800003],[85.28607651800007,26.752992644000074],[85.28804020600006,26.75833833100006],[85.28954601800007,26.763363206000065],[85.29023076800007,26.76762164300004],[85.29718851800004,26.769952144000058],[85.30121401800005,26.76974376900006],[85.30339376800003,26.77069626800005],[85.30837151800006,26.771979394000027],[85.31233608000008,26.775864393000063],[85.31158714300005,26.78081508100007],[85.31191283100009,26.781910956000047],[85.30946420600003,26.783896644000038],[85.30815051800005,26.78378245600004],[85.30374445600006,26.782250331000057],[85.29844195500004,26.78245933100004],[85.29732914200008,26.78354126800008],[85.29302733100008,26.79146670600005],[85.29379126800006,26.792759456000056],[85.29519676800004,26.798951706000025],[85.29299295600003,26.79941189400006],[85.29068083000004,26.799022269000034]]]}},{"type":"Feature","properties":{"STATE_CODE":2,"DISTRICT":"RAUTAHAT","GaPa_NaPa":"Gujara","Type_GN":"Nagarpalika","Province":"2","provinceId":"2","provinceCode":"2","provinceName":"Madhesh","districtId":"206","districtName":"Rautahat ","municipalityId":"20602","municipalityCode":"20602","municipalityName":"Gujara Urban Municipality","municipalityNameNe":"गुजरा नगरपालिका","municipalityType":"municipality"},"geometry":{"type":"Polygon","coordinates":[[[85.30295126800007,27.23016139400005],[85.30035233200005,27.230844395000076],[85.29851414400008,27.23193095700003],[85.29526401800007,27.232624395000073],[85.29012133200007,27.230742708000037],[85.28286639400005,27.230922208000038],[85.28177195500007,27.228477456000064],[85.27604070500007,27.229344207000054],[85.27259264300005,27.228506895000066],[85.27157470500003,27.227776082000048],[85.27324439300008,27.22617027000007],[85.27047383100006,27.22374508100006],[85.26497914300006,27.22163101900003],[85.26435176800004,27.219606019000025],[85.26472033000005,27.216987644000028],[85.26710808100006,27.21460595700006],[85.26743295500006,27.21270095600005],[85.26486883100006,27.210415957000066],[85.26430326700006,27.206648519000055],[85.26167026800005,27.203827082000032],[85.26115083100007,27.20128664400005],[85.25885445500006,27.198592957000074],[85.25750064300007,27.196348769000053],[85.25699295500004,27.194277519000025],[85.25430876800004,27.190903582000033],[85.25345551800007,27.189234769000052],[85.25314445500004,27.183016894000048],[85.25213339300007,27.179578269000046],[85.25227745500007,27.17496733100006],[85.24952664300008,27.16753477000003],[85.24930383000003,27.162191519000032],[85.24861908100007,27.158745456000077],[85.24679058100008,27.156451207000032],[85.24409314300004,27.15472426900004],[85.23684051800007,27.147123581000074],[85.23491176800007,27.14604408100007],[85.23360970500005,27.14399089400007],[85.23303026700006,27.137100644000043],[85.23346858000008,27.13389508100005],[85.22589664300006,27.12775201900007],[85.22255708100005,27.12543445600005],[85.22030908000005,27.124352894000026],[85.21480220600006,27.120632519000026],[85.21313989300006,27.119884269000067],[85.20847701800005,27.11687614400006],[85.21130670500008,27.11339951900004],[85.21319226800006,27.109315082000023],[85.21790758000003,27.100763269000026],[85.22122764300008,27.09578626900003],[85.22484170500007,27.091086456000028],[85.22658451800004,27.08924808100005],[85.22903614200004,27.085370581000063],[85.22929170500004,27.08141520600003],[85.23161208000005,27.07991020600008],[85.23021508100004,27.074559081000075],[85.22798558100004,27.07219589400006],[85.22545495500003,27.070293269000047],[85.22719076800007,27.06726139400007],[85.23002833000004,27.06328345600008],[85.23229376800003,27.061052394000058],[85.23187839300004,27.058271707000074],[85.22921495500003,27.05705170600004],[85.22604470600004,27.054992269000024],[85.22479439300008,27.052818956000067],[85.22504576800003,27.051889456000026],[85.22750658000007,27.051877019000074],[85.23088426700008,27.051127706000045],[85.23287358100004,27.051498394000077],[85.23693164200006,27.050916707000056],[85.23770020500007,27.049993894000067],[85.23805858000009,27.044755956000074],[85.24599751800008,27.03827558100005],[85.24776864200004,27.038016207000055],[85.24886889300006,27.04038014400004],[85.24886876800008,27.04287114400006],[85.24966345500007,27.044547331000047],[85.25203564300006,27.044681956000034],[85.25370083000007,27.042079082000043],[85.25784526800004,27.04149158100006],[85.25920583000004,27.040116519000037],[85.25941808000005,27.036782019000043],[85.25890133000007,27.034169269000074],[85.25958120500007,27.03051464400005],[85.25837370500005,27.02939051800007],[85.25767451700005,27.024924644000066],[85.25873545500008,27.02036858100007],[85.26069039300006,27.019166519000066],[85.26284358100008,27.01513995700003],[85.26262126800003,27.01395726900006],[85.26400026800007,27.01240845600006],[85.26554833000006,27.01201089400007],[85.26784926800008,27.01034983200003],[85.26755776800007,27.007888519000062],[85.27058514300006,27.005810206000035],[85.27371458000005,27.00575939400005],[85.27539870600003,27.002190394000024],[85.27543508100007,27.000001394000037],[85.27959139300003,27.000002081000048],[85.27934533000007,26.998345894000067],[85.28142358100007,26.99619020600005],[85.28204558100003,26.998560519000023],[85.28526601700008,27.00060251900004],[85.28458326800006,27.00219939400006],[85.28568564300008,27.005217393000066],[85.28968633000005,27.00668133100004],[85.29185289300005,27.00614026900007],[85.30081339200007,27.00318095600005],[85.30023039300005,27.011293331000047],[85.30057439300003,27.012073144000055],[85.30373914300003,27.012829082000053],[85.30451664300006,27.01530833100003],[85.31141820600004,27.014702706000037],[85.31259376800006,27.01618320600005],[85.31390889300008,27.016353707000064],[85.31794989300005,27.020187832000033],[85.31892695600004,27.021979206000026],[85.32340051800008,27.026513081000076],[85.32468939200004,27.026954456000055],[85.32745370500004,27.029392331000054],[85.32744064300005,27.031172644000037],[85.32566301800006,27.032509394000044],[85.32692970600004,27.035085456000047],[85.32669964300004,27.038711269000032],[85.32609064300004,27.040120331000026],[85.32784658000008,27.044526269000073],[85.32497583000008,27.046362894000026],[85.32525276800004,27.047786269000028],[85.32764058100008,27.053090894000036],[85.32797126800006,27.059448331000056],[85.32709414300007,27.061476019000054],[85.32533389300005,27.060477269000046],[85.32232526800004,27.055374706000066],[85.32013526800006,27.054147519000026],[85.31565539300004,27.056445832000065],[85.31161008100008,27.057067956000026],[85.31031458000007,27.059065644000043],[85.30992033000007,27.06428595700004],[85.30936783100003,27.067443144000038],[85.31259245500007,27.071034457000053],[85.31158908000003,27.072372769000026],[85.30865345500007,27.074455644000068],[85.30860545500008,27.07585726900004],[85.31068226800005,27.07833114400006],[85.30923558000006,27.080896519000078],[85.30975914300006,27.081753519000074],[85.30959501800004,27.086495581000065],[85.30532901800007,27.088130456000044],[85.30328951800004,27.089485144000037],[85.29802614300007,27.09198426900008],[85.29713876800008,27.094562331000077],[85.29594014300005,27.095776019000027],[85.29485126800006,27.09815745700007],[85.29244226800006,27.097441769000056],[85.29192595600006,27.099353144000077],[85.29382364300005,27.100326206000034],[85.29354901800008,27.102104457000053],[85.29065851800004,27.101508331000048],[85.29039870600008,27.103478144000064],[85.29107783000006,27.10580501900006],[85.29269108100004,27.10708751900006],[85.28889670500007,27.108489707000047],[85.29009958100005,27.112952956000072],[85.28865445600007,27.114908894000052],[85.29094726800008,27.11623039400007],[85.29380651800005,27.11599420700003],[85.29452745600008,27.118877894000036],[85.29550926800005,27.120220457000073],[85.29740751800006,27.12114826900006],[85.29743489300006,27.123354582000047],[85.29451739300004,27.124956519000023],[85.29118814300006,27.125573769000027],[85.29072414300003,27.12711008100007],[85.29149133000004,27.128858457000035],[85.28950589300007,27.130943457000058],[85.29160139300006,27.13201851900004],[85.29203064300003,27.133709081000063],[85.28844258000004,27.133387769000024],[85.28993701800005,27.138782457000048],[85.28887708000008,27.142025457000045],[85.29115114300004,27.14413901900008],[85.29045145600008,27.14564139400005],[85.29274164300006,27.147391519000053],[85.29532389300005,27.14848683200006],[85.29687270600004,27.147515831000078],[85.29779601800004,27.149492894000048],[85.30123651800005,27.151943019000043],[85.29863495600006,27.153226019000044],[85.30028495500005,27.154776644000037],[85.29791089300005,27.155944831000056],[85.30081151800005,27.157878707000066],[85.29923589300006,27.15926739400004],[85.29954933000005,27.16095895600006],[85.30106695600006,27.160825269000043],[85.30235620600007,27.16322983200007],[85.30157620600005,27.166612456000053],[85.30065620500005,27.16831320700004],[85.30127808100008,27.169510082000045],[85.30020458100006,27.171191957000076],[85.30181970600006,27.175858769000058],[85.29996451800008,27.177202644000033],[85.30071901800005,27.178680332000056],[85.29940483000007,27.179793519000043],[85.29799764300003,27.18225014400008],[85.29947901800006,27.184343769000066],[85.29741414300008,27.185082644000033],[85.29401945600006,27.18843301900006],[85.29153089300007,27.189304331000073],[85.28784739300005,27.19340408200003],[85.28955176800008,27.196574269000052],[85.28916758000008,27.197613456000056],[85.29236020500008,27.200284832000023],[85.29584789300003,27.20035189400005],[85.29866333100006,27.203392145000066],[85.29952745500003,27.20849233200005],[85.30019283000007,27.209666206000065],[85.29976739300008,27.21279964400003],[85.30115064300008,27.217001519000064],[85.30094964300008,27.220606644000043],[85.30163795500005,27.221796082000026],[85.30209764300008,27.227466394000032],[85.30295126800007,27.23016139400005]]]}},{"type":"Feature","properties":{"STATE_CODE":2,"DISTRICT":"RAUTAHAT","GaPa_NaPa":"Ishanath","Type_GN":"Nagarpalika","Province":"2","provinceId":"2","provinceCode":"2","provinceName":"Madhesh","districtId":"206","districtName":"Rautahat ","municipalityId":"20618","municipalityCode":"20618","municipalityName":"Ishanath Urban Municipality","municipalityNameNe":"ईशनाथ नगरपालिका","municipalityType":"municipality"},"geometry":{"type":"Polygon","coordinates":[[[85.21615614200005,26.83506076900005],[85.21396176800005,26.83833114400005],[85.21038314200007,26.841074019000075],[85.20923633000007,26.838552082000035],[85.21065689300008,26.835769081000024],[85.20765470500004,26.834704831000067],[85.20560526800006,26.832438831000047],[85.20581764300005,26.830638644000032],[85.20801933000007,26.827282581000077],[85.20798645500008,26.82465183200003],[85.20923645500005,26.82376114400006],[85.20694264300005,26.81693920600003],[85.20198939300008,26.817714643000045],[85.19803720500005,26.818862893000073],[85.19321158000008,26.819770144000074],[85.18693858000006,26.82184014300003],[85.17922239300003,26.814864519000025],[85.17897276800005,26.809394644000065],[85.18465508100007,26.800569581000047],[85.18430276800007,26.799521018000064],[85.18164289300006,26.797812519000047],[85.18290595500008,26.795096519000026],[85.18460533100006,26.794389582000065],[85.18820683100006,26.795304831000067],[85.18912458000005,26.793672456000024],[85.18831814300006,26.791749957000036],[85.18882564300003,26.790626519000057],[85.19429258000008,26.79116720600007],[85.19561558100008,26.78994208100005],[85.19531589300004,26.788281581000035],[85.19697870500005,26.78548308200004],[85.19703814300004,26.78407001900007],[85.19578708100005,26.78225733100004],[85.19386883100003,26.781847081000024],[85.19973158000005,26.769251582000038],[85.20272176800006,26.768587706000062],[85.20640076800004,26.76292201800004],[85.20811858000008,26.76122858100007],[85.21400001800004,26.75761083100008],[85.22136808000005,26.758479394000062],[85.22473614200004,26.75986070700003],[85.23367564300008,26.761967394000067],[85.23661739300007,26.76231633100008],[85.24245483000004,26.761610956000027],[85.24999951800004,26.760093706000077],[85.25633108100004,26.75793470700006],[85.25958033100005,26.756087207000064],[85.25907820600008,26.758709143000033],[85.26023351800006,26.76050176900003],[85.25901789300008,26.761961206000024],[85.25809483000006,26.75968814400005],[85.25580526800007,26.760353768000073],[85.25451351800007,26.76198308200003],[85.25508114300004,26.766116332000024],[85.25650276800008,26.768170644000065],[85.25588626800004,26.76925920700006],[85.25282676700004,26.770910956000023],[85.25175739300005,26.769911769000032],[85.25032476800004,26.771776957000043],[85.25025376800005,26.775904581000077],[85.24914239300006,26.77692533100003],[85.25027964300006,26.778788081000073],[85.24764070500004,26.779555956000024],[85.24674958000008,26.779164456000046],[85.24562920600005,26.776369518000024],[85.24283920600004,26.77601495700003],[85.23996101800003,26.779648206000047],[85.23965476700005,26.782234456000026],[85.23636851800006,26.782509206000043],[85.23670445500005,26.784911644000033],[85.23946114300009,26.78628420600006],[85.24046564300005,26.788019768000026],[85.23774708000008,26.789011518000052],[85.23339295600005,26.78936989400006],[85.23153970600004,26.78917845600006],[85.23073076800006,26.790992894000055],[85.23163508000005,26.79219220600004],[85.23148458000009,26.794495081000036],[85.23308901800004,26.79608545600007],[85.23334533100007,26.798220081000068],[85.23465695500005,26.799289456000054],[85.23417608000005,26.800512144000038],[85.23560433000006,26.80920726900007],[85.23325226800006,26.81198514400006],[85.23061601800003,26.817048956000065],[85.23020876800007,26.81904045600004],[85.22883320600005,26.819756394000024],[85.22878533000005,26.82202226900006],[85.22490783100005,26.826591394000047],[85.22349833000004,26.82649970600005],[85.21999795600004,26.828037206000033],[85.22208358100005,26.83055545700006],[85.22060258100004,26.83299845600004],[85.21873051800009,26.832288019000032],[85.21615614200005,26.83506076900005]]]}},{"type":"Feature","properties":{"STATE_CODE":2,"DISTRICT":"RAUTAHAT","GaPa_NaPa":"Katahariya","Type_GN":"Nagarpalika","Province":"2","provinceId":"2","provinceCode":"2","provinceName":"Madhesh","districtId":"206","districtName":"Rautahat ","municipalityId":"20604","municipalityCode":"20604","municipalityName":"Katahariya Urban Municipality","municipalityNameNe":"कटहरिया नगरपालिका","municipalityType":"municipality"},"geometry":{"type":"Polygon","coordinates":[[[85.28142358100007,26.99619020600005],[85.27934533000007,26.998345894000067],[85.27959139300003,27.000002081000048],[85.27543508100007,27.000001394000037],[85.27539870600003,27.002190394000024],[85.27371458000005,27.00575939400005],[85.27058514300006,27.005810206000035],[85.26755776800007,27.007888519000062],[85.26784926800008,27.01034983200003],[85.26554833000006,27.01201089400007],[85.26400026800007,27.01240845600006],[85.26262126800003,27.01395726900006],[85.26284358100008,27.01513995700003],[85.26069039300006,27.019166519000066],[85.25873545500008,27.02036858100007],[85.25767451700005,27.024924644000066],[85.25837370500005,27.02939051800007],[85.25958120500007,27.03051464400005],[85.25890133000007,27.034169269000074],[85.25941808000005,27.036782019000043],[85.25920583000004,27.040116519000037],[85.25784526800004,27.04149158100006],[85.25370083000007,27.042079082000043],[85.25203564300006,27.044681956000034],[85.24966345500007,27.044547331000047],[85.24886876800008,27.04287114400006],[85.24886889300006,27.04038014400004],[85.24776864200004,27.038016207000055],[85.24599751800008,27.03827558100005],[85.23805858000009,27.044755956000074],[85.23770020500007,27.049993894000067],[85.23693164200006,27.050916707000056],[85.23287358100004,27.051498394000077],[85.23088426700008,27.051127706000045],[85.22750658000007,27.051877019000074],[85.22504576800003,27.051889456000026],[85.22661976800003,27.04894920600003],[85.22413639300004,27.04287189400003],[85.22446426700003,27.04098951900005],[85.22584895500006,27.03929864400004],[85.22912095500004,27.033909019000077],[85.23094451800006,27.032106019000025],[85.23494314300007,27.029094831000066],[85.24002095500003,27.02594320600008],[85.24085045500004,27.024045019000027],[85.24011576800007,27.021215269000038],[85.23716551800004,27.017831831000024],[85.22884583100006,27.014481769000042],[85.22657320500008,27.013824707000026],[85.22445570600007,27.01243514400005],[85.22251301800009,27.00832951900003],[85.22185220600005,27.00424226900003],[85.22213808000004,27.00120720600006],[85.22463908000003,26.998843332000035],[85.22314770600008,26.99615314400006],[85.22605801700007,26.99379926900008],[85.22887958100006,26.99297139400005],[85.23229764300004,26.993539519000024],[85.23586289300005,26.995078706000072],[85.23705958000005,26.99503889400006],[85.23840851800009,26.99331670600003],[85.23830745600003,26.989781831000073],[85.23730676800005,26.987588394000056],[85.23288989300005,26.984156831000064],[85.22802270500006,26.98202639400006],[85.22665758100004,26.98080401900006],[85.22366970500008,26.979503269000077],[85.22192145500009,26.977722331000052],[85.22092339300008,26.974795457000027],[85.22107576800005,26.973167268000054],[85.22110183000007,26.97068045700007],[85.22016895500008,26.96736939400006],[85.22057714300007,26.966104518000066],[85.22379114300008,26.96063201900006],[85.22590714300009,26.959654644000068],[85.22903408100007,26.957109331000026],[85.22963089300004,26.952765081000052],[85.23038301700007,26.951826582000024],[85.23086076700008,26.954602331000046],[85.23544776800009,26.963177081000026],[85.23723726800006,26.96551258200003],[85.24003189300004,26.967464644000074],[85.24295408000006,26.970076581000058],[85.24882908100005,26.969702019000067],[85.25146664300007,26.97160333100004],[85.25561326800005,26.97325645600006],[85.26153858100008,26.968638894000037],[85.26374845600003,26.968474706000052],[85.26669220500008,26.969470457000057],[85.26793570600006,26.96874401900004],[85.26767964300006,26.965837831000044],[85.26917733100004,26.965781519000075],[85.27201614300003,26.963774831000023],[85.27201764200004,26.960994956000036],[85.27146333000007,26.956367644000068],[85.27184926700005,26.952729143000056],[85.27327651800005,26.95095401900005],[85.27432570500008,26.948482832000025],[85.27717751800003,26.947170894000067],[85.28018051800007,26.948050769000076],[85.28796839300009,26.94834089400007],[85.28900364300006,26.948712769000053],[85.28977458000008,26.95251220600005],[85.29123314300006,26.954561144000024],[85.29058058000004,26.95838939400005],[85.29055295600006,26.960937081000054],[85.28943208000004,26.967377957000053],[85.28759614300003,26.97145845700004],[85.27869814300004,26.974080144000027],[85.28062758100003,26.979227394000077],[85.28151301800006,26.982576831000074],[85.28147226800007,26.98542470700005],[85.28083501800006,26.98692645600005],[85.28246595600007,26.988376019000043],[85.28421926700008,26.991999519000046],[85.28117801800005,26.994191081000054],[85.28142358100007,26.99619020600005]]]}},{"type":"Feature","properties":{"STATE_CODE":2,"DISTRICT":"RAUTAHAT","GaPa_NaPa":"Madhav Narayan","Type_GN":"Nagarpalika","Province":"2","provinceId":"2","provinceCode":"2","provinceName":"Madhesh","districtId":"206","districtName":"Rautahat ","municipalityId":"20607","municipalityCode":"20607","municipalityName":"Madhav Narayan Urban Municipality","municipalityNameNe":"माधव नारायण नगरपालिका","municipalityType":"municipality"},"geometry":{"type":"Polygon","coordinates":[[[85.29219451800003,26.922667644000057],[85.28947795500005,26.920968644000027],[85.28474039300005,26.921625581000058],[85.27835514300006,26.92405726900006],[85.27610501800007,26.920900644000028],[85.27602439200007,26.91866076900004],[85.27735383000004,26.915893706000077],[85.27714970500006,26.909561894000035],[85.27457089300003,26.90864201900007],[85.27364751800008,26.907337144000053],[85.27270945500004,26.90218526900003],[85.27369101800008,26.901007581000044],[85.27923595500005,26.89758189400004],[85.28153551800006,26.89434345600006],[85.28100133100008,26.89120739400005],[85.28295851800004,26.881683519000035],[85.28662545600008,26.881126644000062],[85.28597020600006,26.876644706000036],[85.28469983100007,26.874837581000065],[85.28676833100008,26.873965831000078],[85.28864733100005,26.874298456000076],[85.29149420500005,26.872119894000036],[85.29492014300007,26.873521332000053],[85.29875983100004,26.87605389400005],[85.30126058000008,26.876622019000024],[85.30372483000008,26.87647976900007],[85.30815101800005,26.874683394000044],[85.31232445600006,26.873785019000024],[85.31844420600004,26.87333320600004],[85.32075276800003,26.87279264400007],[85.32266764300005,26.870310768000024],[85.32265520500005,26.868652456000063],[85.32041783100004,26.86610339400005],[85.32720833100007,26.86415120600003],[85.32856045500006,26.86418589400006],[85.33126283000007,26.861252018000073],[85.33288951800006,26.860943331000044],[85.33251520500005,26.85857545700003],[85.33417789300006,26.855818269000054],[85.33591901800008,26.855571707000024],[85.33866870600008,26.85407226800004],[85.34108939300006,26.85619739400005],[85.34517583100006,26.855632831000037],[85.34516926800006,26.856140581000034],[85.34448801800005,26.858152957000073],[85.34553601800008,26.86007664400006],[85.34700920600005,26.85993176900007],[85.34969283000004,26.861517332000062],[85.35042076800005,26.863432706000026],[85.35223545600007,26.86428858200003],[85.35487201800004,26.86643170700006],[85.35848939300007,26.867974144000073],[85.36029714300008,26.869333144000052],[85.36400814300004,26.870994144000065],[85.36653489300005,26.87083658100005],[85.37285433000005,26.872945956000024],[85.37505008000005,26.875580269000068],[85.37913151800007,26.87772245700006],[85.38203839300007,26.88046033100005],[85.38490364300003,26.881021144000044],[85.38896301800008,26.881012894000037],[85.39081520500008,26.87990039400006],[85.39349864300004,26.880965956000068],[85.39516220600007,26.883600769000054],[85.39506939400007,26.886647706000076],[85.39775826800008,26.892072394000024],[85.39634026800007,26.894794019000074],[85.39611383100004,26.896533644000044],[85.39370876800007,26.898755019000077],[85.39377414300003,26.901978644000053],[85.39295201800007,26.903633894000052],[85.39211001800004,26.907778019000034],[85.39155095600006,26.912318769000024],[85.39177976800005,26.913841769000044],[85.38942295500004,26.916035582000063],[85.38839608000006,26.91295001800006],[85.38511933100006,26.909681143000057],[85.38475733000007,26.908066957000074],[85.38199114300005,26.907385581000028],[85.37892145500007,26.90492683100007],[85.37450551800003,26.902106582000044],[85.37352883000005,26.899437832000046],[85.37379758100008,26.895288081000047],[85.36986833100008,26.89574364300006],[85.36756426800008,26.89557645600007],[85.36233901800006,26.89656558100006],[85.35624901800009,26.896958144000052],[85.35196320600005,26.896911269000043],[85.34985958100003,26.896410144000072],[85.34803539300003,26.900520581000023],[85.34614983000006,26.902810706000025],[85.34179220600004,26.906184831000076],[85.33950389300009,26.906574332000048],[85.33267614300007,26.908818582000038],[85.33271639300006,26.916422081000064],[85.33349226800004,26.918348456000047],[85.33357739300004,26.921680269000035],[85.33302351800006,26.92300320700008],[85.32571264300003,26.92391595600003],[85.32437195500006,26.923409581000044],[85.32391470500005,26.921550144000037],[85.32151270500003,26.92079420600004],[85.32234264300007,26.916900956000063],[85.32068776800008,26.91155308100008],[85.32022395500007,26.90619858100007],[85.31511064300008,26.906235019000064],[85.31064995500003,26.907206081000027],[85.30221308100005,26.90713751900006],[85.30266226800006,26.90466264400004],[85.29954545500004,26.90358801900004],[85.29951783100006,26.90628689400006],[85.29752408100006,26.910824706000028],[85.29740464300005,26.913314581000066],[85.29873676800008,26.919080894000047],[85.29892689300004,26.921615331000055],[85.29680108000008,26.923376769000072],[85.29219451800003,26.922667644000057]]]}},{"type":"Feature","properties":{"STATE_CODE":2,"DISTRICT":"RAUTAHAT","GaPa_NaPa":"Maulapur","Type_GN":"Nagarpalika","Province":"2","provinceId":"2","provinceCode":"2","provinceName":"Madhesh","districtId":"206","districtName":"Rautahat ","municipalityId":"20610","municipalityCode":"20610","municipalityName":"Maulapur Urban Municipality","municipalityNameNe":"मौलापुर नगरपालिका","municipalityType":"municipality"},"geometry":{"type":"Polygon","coordinates":[[[85.22107576800005,26.973167268000054],[85.21722839300008,26.974412206000068],[85.21492526800006,26.97259314400003],[85.21206333100008,26.972439519000034],[85.21157514300006,26.97094770700005],[85.21316183100004,26.967903706000072],[85.21034639300007,26.966258206000077],[85.21338195500005,26.96465033100003],[85.21530226800007,26.965836456000034],[85.21566870500004,26.96401908100006],[85.21210370600005,26.963099894000038],[85.21210726800007,26.961491082000066],[85.21426533000005,26.96078433100007],[85.21595939300005,26.957969519000073],[85.21440576800006,26.956859207000036],[85.21092764300005,26.95626633100005],[85.20815483000007,26.95298451900004],[85.20473145600005,26.95332508100006],[85.20035833000009,26.948989519000065],[85.20046826700008,26.94783783200006],[85.19910539300008,26.94557495600003],[85.19748058000005,26.945439832000034],[85.19447495500003,26.949558456000034],[85.19145983000004,26.951364269000067],[85.18963520600005,26.951932519000025],[85.18533564300003,26.952158206000036],[85.18347901800007,26.950508582000055],[85.18169845500006,26.95240533200007],[85.17572283000004,26.955465394000043],[85.17321145500006,26.95847376900008],[85.17071883100004,26.95509633100005],[85.17207776800007,26.951551394000035],[85.17760564200006,26.94770339400003],[85.17736364300004,26.94403870700006],[85.17602314300007,26.94273208100003],[85.17003620500003,26.944104207000066],[85.16590720500005,26.94045364400006],[85.16619476800008,26.937998519000075],[85.16884958100007,26.936525644000028],[85.16904639200004,26.93541158100004],[85.17238501800006,26.933729956000036],[85.17269051700004,26.93217495600004],[85.17510845600003,26.93118233200005],[85.17801533000005,26.930609769000057],[85.17892820500003,26.932032769000045],[85.18082920500007,26.932052957000053],[85.18150451800005,26.92873489400006],[85.18132751800005,26.924918456000057],[85.18035289300008,26.92288233100004],[85.17719658000004,26.921651831000077],[85.17574914300008,26.920497332000025],[85.17348345500005,26.92097420600004],[85.17464708000006,26.91842383200003],[85.17350295500006,26.915680457000065],[85.17579301800004,26.91313420700004],[85.17726783000006,26.91244726900004],[85.17821126800004,26.910340894000058],[85.17825870600007,26.90800283200008],[85.17926526800005,26.906642831000056],[85.17971958000004,26.903556769000033],[85.18277645500007,26.901933644000053],[85.18544683100004,26.901092143000028],[85.18583320600004,26.900308206000034],[85.18590639300004,26.895151644000066],[85.19023601800006,26.89162901900005],[85.19081639300003,26.890635831000054],[85.19448158100005,26.88780014400004],[85.19942701800005,26.885867331000043],[85.20016564200006,26.888853081000036],[85.20206408000007,26.89042776900004],[85.20261083000008,26.893164644000024],[85.20804701800006,26.898614894000048],[85.21120689300005,26.900686332000078],[85.21267789300003,26.90256233100007],[85.21299389300003,26.904227082000034],[85.21140545600008,26.90584951900007],[85.21313376800003,26.907305894000046],[85.21179758100004,26.91057339300005],[85.21174876800006,26.91248495600007],[85.21409808100003,26.91398108100003],[85.22043076800009,26.914528957000073],[85.22391564300005,26.91579851800003],[85.22783020500003,26.91630145700003],[85.22983664300006,26.918414081000037],[85.23296076800005,26.918553832000043],[85.23518476800007,26.91919101900004],[85.24308145500004,26.919376643000078],[85.24221995500005,26.92196558100005],[85.23982089300006,26.922649956000043],[85.23708201800008,26.922588332000032],[85.23406051800004,26.924079144000075],[85.23173089300008,26.93197433100005],[85.23240039300003,26.93636170600007],[85.23446708000006,26.93726201900006],[85.23934264300004,26.94032408100003],[85.24014301800008,26.942602769000075],[85.23842770600004,26.944152144000043],[85.23676051800004,26.94445789400004],[85.23470020600007,26.946583394000072],[85.23328808000008,26.94719595600003],[85.23272539300007,26.948823206000043],[85.23092714300003,26.949759581000023],[85.23038301700007,26.951826582000024],[85.22963089300004,26.952765081000052],[85.22903408100007,26.957109331000026],[85.22590714300009,26.959654644000068],[85.22379114300008,26.96063201900006],[85.22057714300007,26.966104518000066],[85.22016895500008,26.96736939400006],[85.22110183000007,26.97068045700007],[85.22107576800005,26.973167268000054]]]}},{"type":"Feature","properties":{"STATE_CODE":2,"DISTRICT":"RAUTAHAT","GaPa_NaPa":"Paroha","Type_GN":"Nagarpalika","Province":"2","provinceId":"2","provinceCode":"2","provinceName":"Madhesh","districtId":"206","districtName":"Rautahat ","municipalityId":"20612","municipalityCode":"20612","municipalityName":"Paroha Urban Municipality","municipalityNameNe":"परोहा नगरपालिका","municipalityType":"municipality"},"geometry":{"type":"Polygon","coordinates":[[[85.26704051800004,26.87897276800004],[85.26339570500005,26.880731582000067],[85.25581564300006,26.88315933100006],[85.25174914300004,26.88396939300003],[85.24692195500006,26.883163644000035],[85.24410364300007,26.88328776900005],[85.24453214300007,26.880596644000036],[85.24338120600004,26.87843601900005],[85.24292239300007,26.87542783200007],[85.23898276800008,26.87181151900006],[85.23257089200007,26.87163295600004],[85.22645570600008,26.871729019000043],[85.22575776700006,26.86528395700003],[85.22514226800007,26.862980957000048],[85.21669089300008,26.863663144000043],[85.21451320600005,26.865367456000058],[85.21188958000005,26.86672126800005],[85.20845670600005,26.86787439400007],[85.20383051800007,26.870159019000027],[85.20129908000007,26.866989956000054],[85.19480820600006,26.866453768000042],[85.19505801700006,26.862690143000066],[85.19323783100003,26.85197164300007],[85.19291676800003,26.84684770700005],[85.19444439300008,26.83960295600008],[85.19495283000003,26.838547144000074],[85.19380458100005,26.835253394000063],[85.19339658000007,26.830947019000064],[85.19120926800008,26.82700545600005],[85.18910051700004,26.825531581000064],[85.18693858000006,26.82184014300003],[85.19321158000008,26.819770144000074],[85.19803720500005,26.818862893000073],[85.20198939300008,26.817714643000045],[85.20694264300005,26.81693920600003],[85.20923645500005,26.82376114400006],[85.20798645500008,26.82465183200003],[85.20801933000007,26.827282581000077],[85.20581764300005,26.830638644000032],[85.20560526800006,26.832438831000047],[85.20765470500004,26.834704831000067],[85.21065689300008,26.835769081000024],[85.20923633000007,26.838552082000035],[85.21038314200007,26.841074019000075],[85.21396176800005,26.83833114400005],[85.21615614200005,26.83506076900005],[85.22325964300006,26.834193956000036],[85.23046433000007,26.831985581000026],[85.23392658000006,26.831923894000056],[85.23688295500006,26.83507958100006],[85.24500658000005,26.836653268000077],[85.24980689300008,26.840291144000048],[85.25226564300004,26.841591769000047],[85.25346526800007,26.84093795600006],[85.25608308100004,26.841092956000068],[85.25861264300005,26.845493144000045],[85.26167739300007,26.84817345600004],[85.27062383000003,26.845148769000048],[85.27312245600007,26.844984143000033],[85.27244733100008,26.846644144000038],[85.27240276800006,26.849575644000026],[85.27292114200003,26.851838644000054],[85.27571276800006,26.852156456000046],[85.28036320600006,26.854235456000026],[85.28450976800008,26.853342643000076],[85.28661970600007,26.853941706000057],[85.28563964300008,26.858262644000035],[85.28730358000007,26.85923801900003],[85.29126158000008,26.862719644000038],[85.29280120600004,26.86204220600007],[85.29433058100005,26.86256745600008],[85.29328539300008,26.867893082000023],[85.29193383000006,26.869961019000073],[85.29149420500005,26.872119894000036],[85.28864733100005,26.874298456000076],[85.28676833100008,26.873965831000078],[85.28469983100007,26.874837581000065],[85.27989695500008,26.87377551900005],[85.27321351800003,26.875027269000043],[85.26704051800004,26.87897276800004]]]}},{"type":"Feature","properties":{"STATE_CODE":2,"DISTRICT":"RAUTAHAT","GaPa_NaPa":"Phatuwa Bijayapur","Type_GN":"Nagarpalika","Province":"2","provinceId":"2","provinceCode":"2","provinceName":"Madhesh","districtId":"206","districtName":"Rautahat ","municipalityId":"20603","municipalityCode":"20603","municipalityName":"Phatuwa Bijayapur Urban Municipality","municipalityNameNe":"फतुवा बिजयपुर नगरपालिका","municipalityType":"municipality"},"geometry":{"type":"Polygon","coordinates":[[[85.22504576800003,27.051889456000026],[85.22479439300008,27.052818956000067],[85.22604470600004,27.054992269000024],[85.22921495500003,27.05705170600004],[85.23187839300004,27.058271707000074],[85.23229376800003,27.061052394000058],[85.23002833000004,27.06328345600008],[85.22719076800007,27.06726139400007],[85.22545495500003,27.070293269000047],[85.22798558100004,27.07219589400006],[85.23021508100004,27.074559081000075],[85.23161208000005,27.07991020600008],[85.22929170500004,27.08141520600003],[85.22903614200004,27.085370581000063],[85.22658451800004,27.08924808100005],[85.22484170500007,27.091086456000028],[85.22122764300008,27.09578626900003],[85.21790758000003,27.100763269000026],[85.21319226800006,27.109315082000023],[85.21130670500008,27.11339951900004],[85.20847701800005,27.11687614400006],[85.20339033000005,27.112704894000046],[85.19941676700006,27.10718601900004],[85.19848245600008,27.103150519000053],[85.19981889300004,27.09665889400003],[85.20310464300007,27.09376514400003],[85.20373120500005,27.091298144000064],[85.20262820500005,27.089051207000068],[85.20437189300003,27.086026331000028],[85.20461620600008,27.08317445600005],[85.20175051800004,27.081398394000075],[85.20048314200005,27.079272394000043],[85.19889820600008,27.079922269000065],[85.19653858100008,27.077480644000048],[85.19802789300007,27.073641144000078],[85.20032695500004,27.07253620700004],[85.20236558000005,27.069231269000056],[85.20281608000005,27.066569394000055],[85.20180308000005,27.06417501900006],[85.19943089300006,27.062888831000066],[85.19591933000004,27.065450394000038],[85.19424064300006,27.06431845700007],[85.19440745600008,27.06025776900003],[85.19140295600005,27.05648351900004],[85.19019495500004,27.056529831000034],[85.18911933000004,27.05377264400005],[85.18624439200005,27.051443456000072],[85.18563533000008,27.048939519000044],[85.18901539300003,27.046961456000076],[85.19246501800006,27.04763851900003],[85.19498095500006,27.050038269000027],[85.19867308000005,27.050225769000065],[85.20025633000006,27.047619644000065],[85.19986476800005,27.04615864400006],[85.19838320500008,27.045122081000045],[85.19682226700007,27.04282476900005],[85.19915026800004,27.041482769000027],[85.20144083100007,27.04206114400006],[85.20324845500005,27.040540644000032],[85.20240433000004,27.03829826900005],[85.19249051800006,27.03765608200007],[85.19132526700008,27.038033707000068],[85.18114620600005,27.03840383100004],[85.17946701800008,27.03728745600006],[85.17978770500008,27.03494264400007],[85.18153945600005,27.033118331000026],[85.18547933100007,27.03271739400003],[85.18870170500008,27.033989894000058],[85.19423426700007,27.032889331000035],[85.19966376800005,27.02957364400004],[85.20034895600008,27.028013144000056],[85.19946926700004,27.026915019000057],[85.19895639300006,27.023645394000027],[85.19686389200007,27.021266894000064],[85.19460526800003,27.02056176900004],[85.18986183000004,27.02040114400006],[85.18777764200007,27.019270144000075],[85.18643058100008,27.01958620700003],[85.18499001800006,27.018327956000064],[85.18366895600008,27.01566076900008],[85.18511183000004,27.012406144000067],[85.18890464300006,27.011686019000024],[85.18855045500004,27.01034870700005],[85.18950995600005,27.00870020700006],[85.18913595500004,27.007096769000043],[85.18623339300007,27.005611706000025],[85.18347933000007,27.005016644000023],[85.17978801800007,27.00290176900006],[85.17960783100006,27.001921769000035],[85.17754989300005,27.000000707000027],[85.17857101800007,26.997616206000032],[85.17651745600006,26.997254269000052],[85.17448720500005,26.99610914400006],[85.17329476700007,26.993411394000077],[85.17366264200007,26.99178145600007],[85.17182333000005,26.991607269000042],[85.17019101800008,26.98873939400005],[85.16783651800006,26.98586845600005],[85.16668914300004,26.982991956000035],[85.16584395500007,26.97925108100003],[85.16685108100006,26.978179956000076],[85.17159976800008,26.978357206000055],[85.17451395500007,26.976557144000026],[85.17512139300004,26.97314489400003],[85.17440364300006,26.96938489300004],[85.17344351700007,26.968350456000053],[85.17237045500008,26.961215582000023],[85.17321145500006,26.95847376900008],[85.17572283000004,26.955465394000043],[85.18169845500006,26.95240533200007],[85.18347901800007,26.950508582000055],[85.18533564300003,26.952158206000036],[85.18963520600005,26.951932519000025],[85.19145983000004,26.951364269000067],[85.19447495500003,26.949558456000034],[85.19748058000005,26.945439832000034],[85.19910539300008,26.94557495600003],[85.20046826700008,26.94783783200006],[85.20035833000009,26.948989519000065],[85.20473145600005,26.95332508100006],[85.20815483000007,26.95298451900004],[85.21092764300005,26.95626633100005],[85.21440576800006,26.956859207000036],[85.21595939300005,26.957969519000073],[85.21426533000005,26.96078433100007],[85.21210726800007,26.961491082000066],[85.21210370600005,26.963099894000038],[85.21566870500004,26.96401908100006],[85.21530226800007,26.965836456000034],[85.21338195500005,26.96465033100003],[85.21034639300007,26.966258206000077],[85.21316183100004,26.967903706000072],[85.21157514300006,26.97094770700005],[85.21206333100008,26.972439519000034],[85.21492526800006,26.97259314400003],[85.21722839300008,26.974412206000068],[85.22107576800005,26.973167268000054],[85.22092339300008,26.974795457000027],[85.22192145500009,26.977722331000052],[85.22366970500008,26.979503269000077],[85.22665758100004,26.98080401900006],[85.22802270500006,26.98202639400006],[85.23288989300005,26.984156831000064],[85.23730676800005,26.987588394000056],[85.23830745600003,26.989781831000073],[85.23840851800009,26.99331670600003],[85.23705958000005,26.99503889400006],[85.23586289300005,26.995078706000072],[85.23229764300004,26.993539519000024],[85.22887958100006,26.99297139400005],[85.22605801700007,26.99379926900008],[85.22314770600008,26.99615314400006],[85.22463908000003,26.998843332000035],[85.22213808000004,27.00120720600006],[85.22185220600005,27.00424226900003],[85.22251301800009,27.00832951900003],[85.22445570600007,27.01243514400005],[85.22657320500008,27.013824707000026],[85.22884583100006,27.014481769000042],[85.23716551800004,27.017831831000024],[85.24011576800007,27.021215269000038],[85.24085045500004,27.024045019000027],[85.24002095500003,27.02594320600008],[85.23494314300007,27.029094831000066],[85.23094451800006,27.032106019000025],[85.22912095500004,27.033909019000077],[85.22584895500006,27.03929864400004],[85.22446426700003,27.04098951900005],[85.22413639300004,27.04287189400003],[85.22661976800003,27.04894920600003],[85.22504576800003,27.051889456000026]]]}},{"type":"Feature","properties":{"STATE_CODE":2,"DISTRICT":"RAUTAHAT","GaPa_NaPa":"Rajdevi","Type_GN":"Nagarpalika","Province":"2","provinceId":"2","provinceCode":"2","provinceName":"Madhesh","districtId":"206","districtName":"Rautahat ","municipalityId":"20616","municipalityCode":"20616","municipalityName":"Rajdevi Urban Municipality","municipalityNameNe":"राजदेवी नगरपालिका","municipalityType":"municipality"},"geometry":{"type":"Polygon","coordinates":[[[85.32530808000007,26.80213214300005],[85.32202845600006,26.80191908200004],[85.32139470500005,26.800392957000042],[85.31918233100004,26.801298081000027],[85.31473108100005,26.80529495600007],[85.31192633000006,26.80549020600006],[85.31176951800006,26.80999764300003],[85.31279333100008,26.815317769000046],[85.30710370500003,26.817538831000036],[85.30651826800005,26.817417831000057],[85.30576951800003,26.813530206000053],[85.30645008000005,26.810926832000064],[85.30316233000008,26.811006769000073],[85.29932720600004,26.81243426900005],[85.29365983100007,26.812973519000025],[85.29132414300005,26.807480206000037],[85.29068083000004,26.799022269000034],[85.29299295600003,26.79941189400006],[85.29519676800004,26.798951706000025],[85.29379126800006,26.792759456000056],[85.29302733100008,26.79146670600005],[85.29732914200008,26.78354126800008],[85.29844195500004,26.78245933100004],[85.30374445600006,26.782250331000057],[85.30815051800005,26.78378245600004],[85.30946420600003,26.783896644000038],[85.31191283100009,26.781910956000047],[85.31158714300005,26.78081508100007],[85.31233608000008,26.775864393000063],[85.30837151800006,26.771979394000027],[85.30339376800003,26.77069626800005],[85.30121401800005,26.76974376900006],[85.29718851800004,26.769952144000058],[85.29023076800007,26.76762164300004],[85.28954601800007,26.763363206000065],[85.28804020600006,26.75833833100006],[85.28607651800007,26.752992644000074],[85.29280170500004,26.75279164400007],[85.29850070500004,26.752308518000063],[85.30776989300006,26.751821643000028],[85.31114708100006,26.751138394000066],[85.31750726700005,26.749053081000056],[85.32158270500008,26.74861351900006],[85.32409126800007,26.74635408100005],[85.32433801800005,26.74497989400004],[85.32839589300005,26.744343956000023],[85.32984226800005,26.74644689400003],[85.33315214300006,26.74927920600004],[85.33418201800004,26.750679769000044],[85.33507764300003,26.75462451900006],[85.33545833000005,26.759988957000076],[85.33647158000008,26.759525832000065],[85.34093683000003,26.75998908100007],[85.34387414300005,26.75920089400006],[85.34845076800008,26.759405581000067],[85.35109883100006,26.760093394000023],[85.35350220500004,26.761392706000038],[85.35255676800006,26.764393706000078],[85.34796251800003,26.766382519000047],[85.34807258100005,26.769425332000026],[85.34874920600004,26.771266831000048],[85.34804345500004,26.775098144000026],[85.34189545600003,26.776160581000056],[85.33488001800004,26.776260706000073],[85.33340420500008,26.777222331000075],[85.33960083100004,26.77980608100006],[85.34220764300005,26.782719206000024],[85.34341258100005,26.786514332000024],[85.34261670600006,26.78901064400003],[85.33714414300005,26.794308519000026],[85.33398301800008,26.79785601900005],[85.32816658000007,26.798136331000023],[85.32530808000007,26.80213214300005]]]}},{"type":"Feature","properties":{"STATE_CODE":2,"DISTRICT":"RAUTAHAT","GaPa_NaPa":"Rajpur","Type_GN":"Nagarpalika","Province":"2","provinceId":"2","provinceCode":"2","provinceName":"Madhesh","districtId":"206","districtName":"Rautahat ","municipalityId":"20613","municipalityCode":"20613","municipalityName":"Rajpur Urban Municipality","municipalityNameNe":"राजपुर नगरपालिका","municipalityType":"municipality"},"geometry":{"type":"Polygon","coordinates":[[[85.27312245600007,26.844984143000033],[85.27062383000003,26.845148769000048],[85.26167739300007,26.84817345600004],[85.25861264300005,26.845493144000045],[85.25608308100004,26.841092956000068],[85.25346526800007,26.84093795600006],[85.25226564300004,26.841591769000047],[85.24980689300008,26.840291144000048],[85.24500658000005,26.836653268000077],[85.23688295500006,26.83507958100006],[85.23392658000006,26.831923894000056],[85.23046433000007,26.831985581000026],[85.22325964300006,26.834193956000036],[85.21615614200005,26.83506076900005],[85.21873051800009,26.832288019000032],[85.22060258100004,26.83299845600004],[85.22208358100005,26.83055545700006],[85.21999795600004,26.828037206000033],[85.22349833000004,26.82649970600005],[85.22490783100005,26.826591394000047],[85.22878533000005,26.82202226900006],[85.22883320600005,26.819756394000024],[85.23020876800007,26.81904045600004],[85.23061601800003,26.817048956000065],[85.23325226800006,26.81198514400006],[85.23560433000006,26.80920726900007],[85.23417608000005,26.800512144000038],[85.23465695500005,26.799289456000054],[85.23334533100007,26.798220081000068],[85.23308901800004,26.79608545600007],[85.23148458000009,26.794495081000036],[85.23163508000005,26.79219220600004],[85.23073076800006,26.790992894000055],[85.23153970600004,26.78917845600006],[85.23339295600005,26.78936989400006],[85.23774708000008,26.789011518000052],[85.24046564300005,26.788019768000026],[85.23946114300009,26.78628420600006],[85.23670445500005,26.784911644000033],[85.23636851800006,26.782509206000043],[85.23965476700005,26.782234456000026],[85.23996101800003,26.779648206000047],[85.24283920600004,26.77601495700003],[85.24562920600005,26.776369518000024],[85.24674958000008,26.779164456000046],[85.24764070500004,26.779555956000024],[85.25027964300006,26.778788081000073],[85.25018051800004,26.78230676800007],[85.25298089300009,26.784782144000076],[85.25487926800008,26.787308331000077],[85.25729039300006,26.793456019000075],[85.25901176700006,26.795072144000073],[85.26361764300003,26.796775269000022],[85.26610833100005,26.801757893000058],[85.26624176800004,26.802796831000023],[85.27023964200004,26.802986643000054],[85.27364026800007,26.802049019000037],[85.28166770600006,26.800500894000038],[85.29068083000004,26.799022269000034],[85.29132414300005,26.807480206000037],[85.28810558100008,26.81150564400008],[85.28566595500007,26.81516064300007],[85.28633595600007,26.81910326900004],[85.29056895500008,26.819179769000073],[85.29267714300005,26.826656331000038],[85.29252401800005,26.827569269000037],[85.28750426800008,26.835787769000035],[85.28645326800006,26.83861101900004],[85.28390414300009,26.838575519000074],[85.28181626800006,26.83951508100006],[85.27546320500005,26.844033332000038],[85.27312245600007,26.844984143000033]]]}},{"type":"Feature","properties":{"STATE_CODE":2,"DISTRICT":"RAUTAHAT","GaPa_NaPa":"Yemunamai","Type_GN":"Gaunpalika","Province":"2","provinceId":"2","provinceCode":"2","provinceName":"Madhesh","districtId":"206","districtName":"Rautahat ","municipalityId":"20614","municipalityCode":"20614","municipalityName":"Yamunamai Rural Municipality","municipalityNameNe":"यमुनामाई गाउँपालिका","municipalityType":"rural_municipality"},"geometry":{"type":"Polygon","coordinates":[[[85.32041783100004,26.86610339400005],[85.32265520500005,26.868652456000063],[85.32266764300005,26.870310768000024],[85.32075276800003,26.87279264400007],[85.31844420600004,26.87333320600004],[85.31232445600006,26.873785019000024],[85.30815101800005,26.874683394000044],[85.30372483000008,26.87647976900007],[85.30126058000008,26.876622019000024],[85.29875983100004,26.87605389400005],[85.29492014300007,26.873521332000053],[85.29149420500005,26.872119894000036],[85.29193383000006,26.869961019000073],[85.29328539300008,26.867893082000023],[85.29433058100005,26.86256745600008],[85.29280120600004,26.86204220600007],[85.29126158000008,26.862719644000038],[85.28730358000007,26.85923801900003],[85.28563964300008,26.858262644000035],[85.28661970600007,26.853941706000057],[85.28450976800008,26.853342643000076],[85.28036320600006,26.854235456000026],[85.27571276800006,26.852156456000046],[85.27292114200003,26.851838644000054],[85.27240276800006,26.849575644000026],[85.27244733100008,26.846644144000038],[85.27312245600007,26.844984143000033],[85.27546320500005,26.844033332000038],[85.28181626800006,26.83951508100006],[85.28390414300009,26.838575519000074],[85.28645326800006,26.83861101900004],[85.28750426800008,26.835787769000035],[85.29252401800005,26.827569269000037],[85.29267714300005,26.826656331000038],[85.29056895500008,26.819179769000073],[85.28633595600007,26.81910326900004],[85.28566595500007,26.81516064300007],[85.28810558100008,26.81150564400008],[85.29132414300005,26.807480206000037],[85.29365983100007,26.812973519000025],[85.29932720600004,26.81243426900005],[85.30316233000008,26.811006769000073],[85.30645008000005,26.810926832000064],[85.30576951800003,26.813530206000053],[85.30651826800005,26.817417831000057],[85.30710370500003,26.817538831000036],[85.31279333100008,26.815317769000046],[85.31763908000005,26.814349893000042],[85.31829139300004,26.816397081000048],[85.31769670500006,26.81732776900003],[85.31452408000007,26.816669082000033],[85.31381689300008,26.819900019000045],[85.31403376800006,26.823711331000027],[85.31604783000006,26.828451331000053],[85.31528964300009,26.82917139400007],[85.31133458000005,26.829070456000068],[85.30811826800004,26.828357894000078],[85.30474614300005,26.832204581000042],[85.30682758100005,26.834620019000056],[85.30620564300006,26.83588026800004],[85.30341201800007,26.83557664400007],[85.30327976800004,26.834517332000075],[85.29945589300007,26.83226226900007],[85.29940801800007,26.834345394000024],[85.30097045600007,26.83581345600004],[85.30293158000006,26.841452206000042],[85.30143445600004,26.841691581000077],[85.30153220500006,26.84331301900005],[85.29803320500008,26.84397701900008],[85.30144489300005,26.847059457000057],[85.29782458000005,26.84685808100005],[85.29539658000004,26.849802331000035],[85.29842139300007,26.851816644000053],[85.29821889300007,26.85297601900004],[85.30142370600004,26.853569332000063],[85.30518964300006,26.856731894000063],[85.30689833100007,26.85770214400003],[85.30775533100007,26.856311081000058],[85.30746864300005,26.854734268000072],[85.30875670500006,26.853693457000077],[85.31172539300007,26.85463164400005],[85.31410939300008,26.85368214400006],[85.31757370500009,26.85494508200003],[85.31886120500008,26.854567519000057],[85.32020645500006,26.85890076900006],[85.32041783100004,26.86610339400005]]]}},{"type":"Feature","properties":{"STATE_CODE":2,"DISTRICT":"BARA","GaPa_NaPa":"Adarshkotwal","Type_GN":"Gaunpalika","Province":"2","provinceId":"2","provinceCode":"2","provinceName":"Madhesh","districtId":"207","districtName":"Bara","municipalityId":"20711","municipalityCode":"20711","municipalityName":"Aadarsha Kotwal Rural Municipality","municipalityNameNe":"आदर्श कोटवाल गाउँपालिका","municipalityType":"rural_municipality"},"geometry":{"type":"Polygon","coordinates":[[[85.17019101800008,26.98873939400005],[85.16391670500008,26.989238081000053],[85.16084345500008,26.988045019000026],[85.15874726800007,26.980676956000025],[85.15712714300008,26.979505644000028],[85.15125114300008,26.979743331000066],[85.14657314200008,26.979465582000046],[85.14052714300004,26.979839519000052],[85.13373595500008,26.97936633100005],[85.13173120500005,26.978364769000052],[85.13037958000007,26.980280081000046],[85.12833020500005,26.979854207000074],[85.12801276800008,26.97883683200007],[85.13032876800008,26.97588945600006],[85.13223326800005,26.97474145700005],[85.13104070500003,26.973473831000035],[85.13397314300005,26.97142851900003],[85.13267464300003,26.970082769000044],[85.13191720500004,26.96611308200005],[85.13370914300003,26.96688401800003],[85.13697895500007,26.966295769000055],[85.13698545500006,26.963994144000026],[85.13961264300008,26.964056394000067],[85.14096370500005,26.962123019000046],[85.14316695500008,26.960918269000047],[85.14097095500006,26.959591269000043],[85.14251676800006,26.95731101900003],[85.14158170500008,26.956294144000026],[85.13991420500008,26.956616831000076],[85.13800695600008,26.958204894000062],[85.13517233000005,26.956779144000052],[85.13541926800008,26.954094269000052],[85.13219539300007,26.953955457000063],[85.12982151700004,26.95471683100004],[85.12652045600004,26.952258894000067],[85.12202108000008,26.95242339400005],[85.12147608000004,26.950469144000067],[85.12216958000005,26.94879608100007],[85.12064858100007,26.947634832000062],[85.11834895600003,26.948126957000056],[85.11618914200005,26.94710383100005],[85.11320376800006,26.947061956000027],[85.11232258000007,26.945915894000052],[85.11275795500006,26.943841019000047],[85.11526501800006,26.94242670600005],[85.11566470500009,26.94146683100007],[85.11191089300007,26.937766581000062],[85.11273989300008,26.933732269000075],[85.10986295500004,26.933998581000026],[85.10947139200005,26.932638706000034],[85.11103295600003,26.930135394000047],[85.10728995500006,26.929165144000024],[85.10555576800004,26.931399144000068],[85.10420995500004,26.931256206000057],[85.10370176800006,26.928960894000056],[85.10037633000007,26.926646893000054],[85.10243389300007,26.921939644000076],[85.10409408000004,26.92129483100007],[85.10442583000008,26.920008331000076],[85.10200001800007,26.918091206000042],[85.10078289300003,26.91802401900003],[85.09740576800004,26.920345144000066],[85.09698651700006,26.921440519000043],[85.09903033000006,26.92355245600004],[85.09825339300005,26.92533889400005],[85.09651051700007,26.926365581000027],[85.09494226700008,26.925073519000023],[85.09563264300004,26.923116332000063],[85.09449089200007,26.92166751900004],[85.09228539200006,26.920725581000056],[85.09171901800005,26.91915726900004],[85.09291708000006,26.916525893000028],[85.09252058000004,26.914234144000034],[85.09502995500003,26.91251333200006],[85.09546601800008,26.910294082000064],[85.09702520500008,26.906572331000064],[85.09643583100006,26.904051956000046],[85.09702914300004,26.90326433100006],[85.10187045500004,26.90267608100004],[85.10304876800006,26.903490456000043],[85.10491170500006,26.90850776900004],[85.10530695500006,26.91045433100004],[85.10666039300008,26.91205258100007],[85.10965564200006,26.913389706000032],[85.11257276800006,26.915932394000038],[85.11587026800004,26.917458769000064],[85.12055508000003,26.91888158100005],[85.12025151800003,26.921086331000026],[85.12212958000003,26.924855457000035],[85.12362170500006,26.924845831000027],[85.12497633000004,26.91973545700006],[85.12726458000003,26.921766082000033],[85.12597058000006,26.924736894000034],[85.12672939300006,26.927249019000044],[85.13310108100006,26.925548582000033],[85.13631108000004,26.923943144000077],[85.14077076700005,26.925078332000055],[85.14460539200007,26.927572269000052],[85.14858558000003,26.93112089400006],[85.15413045500009,26.932912394000027],[85.15711895500004,26.933052644000043],[85.15785770500008,26.930138019000026],[85.15938464300007,26.927377144000047],[85.15943458000004,26.925612269000055],[85.15778095600007,26.922620206000033],[85.15713108000006,26.919437206000055],[85.15764776800006,26.918327331000057],[85.15708076800007,26.91518420700004],[85.15736376700005,26.912634394000065],[85.16182851800005,26.91208326900005],[85.16306439300007,26.913309582000068],[85.16522070500008,26.913772519000076],[85.16915126800006,26.91310589400007],[85.17197339300003,26.911500769000043],[85.17821126800004,26.910340894000058],[85.17726783000006,26.91244726900004],[85.17579301800004,26.91313420700004],[85.17350295500006,26.915680457000065],[85.17464708000006,26.91842383200003],[85.17348345500005,26.92097420600004],[85.17574914300008,26.920497332000025],[85.17719658000004,26.921651831000077],[85.18035289300008,26.92288233100004],[85.18132751800005,26.924918456000057],[85.18150451800005,26.92873489400006],[85.18082920500007,26.932052957000053],[85.17892820500003,26.932032769000045],[85.17801533000005,26.930609769000057],[85.17510845600003,26.93118233200005],[85.17269051700004,26.93217495600004],[85.17238501800006,26.933729956000036],[85.16904639200004,26.93541158100004],[85.16884958100007,26.936525644000028],[85.16619476800008,26.937998519000075],[85.16590720500005,26.94045364400006],[85.17003620500003,26.944104207000066],[85.17602314300007,26.94273208100003],[85.17736364300004,26.94403870700006],[85.17760564200006,26.94770339400003],[85.17207776800007,26.951551394000035],[85.17071883100004,26.95509633100005],[85.17321145500006,26.95847376900008],[85.17237045500008,26.961215582000023],[85.17344351700007,26.968350456000053],[85.17440364300006,26.96938489300004],[85.17512139300004,26.97314489400003],[85.17451395500007,26.976557144000026],[85.17159976800008,26.978357206000055],[85.16685108100006,26.978179956000076],[85.16584395500007,26.97925108100003],[85.16668914300004,26.982991956000035],[85.16783651800006,26.98586845600005],[85.17019101800008,26.98873939400005]]]}},{"type":"Feature","properties":{"STATE_CODE":2,"DISTRICT":"BARA","GaPa_NaPa":"Baragadhi","Type_GN":"Gaunpalika","Province":"2","provinceId":"2","provinceCode":"2","provinceName":"Madhesh","districtId":"207","districtName":"Bara","municipalityId":"20710","municipalityCode":"20710","municipalityName":"Baragadhi Rural Municipality","municipalityNameNe":"बारागढी गाउँपालिका","municipalityType":"rural_municipality"},"geometry":{"type":"Polygon","coordinates":[[[85.18643058100008,27.01958620700003],[85.18535964300008,27.02233676900005],[85.18377358000004,27.023356456000045],[85.18008045600004,27.022507456000028],[85.17598445600004,27.023311144000047],[85.17624601700004,27.02556308100003],[85.17285876800008,27.02760408200004],[85.17178895500007,27.028795331000026],[85.17039351800008,27.027811894000024],[85.16976964300005,27.025779519000025],[85.16868664200007,27.02484983200003],[85.16889614300004,27.023302456000067],[85.16586783000008,27.021314894000056],[85.16442708100004,27.02196764400003],[85.16074351800006,27.022580206000043],[85.15949933000007,27.023301206000042],[85.15747926800003,27.021214832000055],[85.15447451800009,27.02335376900004],[85.15175358100004,27.023682956000073],[85.15116676800005,27.021977394000032],[85.14930976800008,27.02166314400006],[85.14849308100008,27.02050995600007],[85.14584933000003,27.021553706000077],[85.14443270500004,27.020371582000053],[85.14374420600006,27.017692019000037],[85.14388076800003,27.01569170700003],[85.14632176800006,27.01312214400008],[85.14855545500006,27.012399894000055],[85.15242364300008,27.01194183100006],[85.15389158100004,27.010869332000027],[85.15561445600008,27.008560457000044],[85.15549145500006,27.005285144000027],[85.15383708000007,27.003252144000044],[85.15184783000007,27.00272233100003],[85.14757414300004,27.00408851900005],[85.14483358100006,27.003553456000077],[85.14028789300005,27.00431914400008],[85.13930158000005,27.00631283100006],[85.14103995500005,27.007882769000048],[85.13958933000004,27.011486706000028],[85.13992389300006,27.015430456000047],[85.13827020500008,27.016271957000072],[85.13808789200004,27.020996144000037],[85.13530908100006,27.02196170700006],[85.13505895500003,27.02408476900007],[85.13335108000007,27.024881519000076],[85.13300864300004,27.027738644000067],[85.13032195600005,27.027663207000046],[85.12776939300005,27.026833019000037],[85.12647520500008,27.025536894000027],[85.12109420500008,27.023607769000023],[85.11761276800007,27.021893457000033],[85.11666276800008,27.02015901900006],[85.11521539300008,27.01934014400007],[85.11034714200008,27.01973289400007],[85.10678033000005,27.018987019000065],[85.10233514300006,27.01923395700004],[85.10179520500003,27.020765832000052],[85.09551189300004,27.020683957000074],[85.09379670600003,27.01737133100005],[85.09924026800007,27.016807707000055],[85.09859183000003,27.012502957000038],[85.10493945500008,27.01160714400004],[85.10636101800003,27.00749151900004],[85.10458608000005,27.005032394000068],[85.10450764300003,27.003776144000028],[85.10657901700006,26.998626519000027],[85.10811820500004,26.99580064400004],[85.10813264300003,26.99149295600006],[85.10987695600005,26.990657894000037],[85.11152470500008,26.988196706000053],[85.11044764300004,26.986634706000075],[85.11047601800004,26.984393831000034],[85.10896558100006,26.981779206000056],[85.10798183000009,26.974814519000063],[85.10609408000005,26.97306258200007],[85.10546989300008,26.968850144000044],[85.10833583000004,26.966724644000067],[85.11071751800006,26.965697331000058],[85.11212764200008,26.96279564400004],[85.11158264300008,26.960958706000042],[85.11275901800008,26.958115331000045],[85.11584576800004,26.957292144000064],[85.11416214300004,26.953943331000062],[85.11854008100005,26.951483019000023],[85.12147608000004,26.950469144000067],[85.12202108000008,26.95242339400005],[85.12652045600004,26.952258894000067],[85.12982151700004,26.95471683100004],[85.13219539300007,26.953955457000063],[85.13541926800008,26.954094269000052],[85.13517233000005,26.956779144000052],[85.13800695600008,26.958204894000062],[85.13991420500008,26.956616831000076],[85.14158170500008,26.956294144000026],[85.14251676800006,26.95731101900003],[85.14097095500006,26.959591269000043],[85.14316695500008,26.960918269000047],[85.14096370500005,26.962123019000046],[85.13961264300008,26.964056394000067],[85.13698545500006,26.963994144000026],[85.13697895500007,26.966295769000055],[85.13370914300003,26.96688401800003],[85.13191720500004,26.96611308200005],[85.13267464300003,26.970082769000044],[85.13397314300005,26.97142851900003],[85.13104070500003,26.973473831000035],[85.13223326800005,26.97474145700005],[85.13032876800008,26.97588945600006],[85.12801276800008,26.97883683200007],[85.12833020500005,26.979854207000074],[85.13037958000007,26.980280081000046],[85.13173120500005,26.978364769000052],[85.13373595500008,26.97936633100005],[85.14052714300004,26.979839519000052],[85.14657314200008,26.979465582000046],[85.15125114300008,26.979743331000066],[85.15712714300008,26.979505644000028],[85.15874726800007,26.980676956000025],[85.16084345500008,26.988045019000026],[85.16391670500008,26.989238081000053],[85.17019101800008,26.98873939400005],[85.17182333000005,26.991607269000042],[85.17366264200007,26.99178145600007],[85.17329476700007,26.993411394000077],[85.17448720500005,26.99610914400006],[85.17651745600006,26.997254269000052],[85.17857101800007,26.997616206000032],[85.17754989300005,27.000000707000027],[85.17960783100006,27.001921769000035],[85.17978801800007,27.00290176900006],[85.18347933000007,27.005016644000023],[85.18623339300007,27.005611706000025],[85.18913595500004,27.007096769000043],[85.18950995600005,27.00870020700006],[85.18855045500004,27.01034870700005],[85.18890464300006,27.011686019000024],[85.18511183000004,27.012406144000067],[85.18366895600008,27.01566076900008],[85.18499001800006,27.018327956000064],[85.18643058100008,27.01958620700003]]]}},{"type":"Feature","properties":{"STATE_CODE":2,"DISTRICT":"BARA","GaPa_NaPa":"Bishrampur","Type_GN":"Gaunpalika","Province":"2","provinceId":"2","provinceCode":"2","provinceName":"Madhesh","districtId":"207","districtName":"Bara","municipalityId":"20706","municipalityCode":"20706","municipalityName":"Bishrampur Rural Municipality","municipalityNameNe":"विश्रामपुर गाउँपालिका","municipalityType":"rural_municipality"},"geometry":{"type":"Polygon","coordinates":[[[84.94784220500009,26.97872389400004],[84.94435020500003,26.976705207000066],[84.94138751800006,26.97775401900003],[84.94197401700006,26.980812144000026],[84.94144058000006,26.981630331000076],[84.93759076800006,26.983542519000025],[84.93680876800005,26.982947394000064],[84.93329539200005,26.98360258200006],[84.92910626700007,26.983941581000067],[84.92688789200008,26.980876081000076],[84.91825839300003,26.98199989400007],[84.91871201800006,26.984212832000026],[84.91833276700004,26.989384957000027],[84.92037958000003,26.991264831000024],[84.92081520500005,26.99271520600007],[84.91940926800004,26.994924456000035],[84.91722214300006,26.996793581000077],[84.91624251700006,26.99970858100005],[84.91424220600004,26.999692206000077],[84.91360014200006,27.000822456000037],[84.91730770500004,27.004541956000025],[84.91754445600003,27.006629893000024],[84.91965258000005,27.008021894000024],[84.92018839200006,27.010171206000052],[84.92386739200003,27.01086695600003],[84.92574608000007,27.009387831000026],[84.92640758000005,27.011863394000045],[84.92477951800004,27.014033582000025],[84.92490095500006,27.016943706000063],[84.92599508000006,27.01955858200006],[84.92333001800006,27.022040144000073],[84.92265433000006,27.01882001900003],[84.92127026800006,27.020110831000068],[84.91731533000006,27.021307832000048],[84.91352358000006,27.01955876900007],[84.91347520500005,27.017932144000042],[84.91076614300005,27.014984644000037],[84.90884664300006,27.014396832000045],[84.90786295500004,27.01215114400003],[84.90613058000008,27.01211945600005],[84.90512301800004,27.01018083200006],[84.90349308000003,27.010590644000047],[84.90108495500004,27.007492081000066],[84.90002526700005,27.00436458200005],[84.89669345500005,27.003882582000074],[84.89545251700008,27.001712957000052],[84.89331764300005,27.001333894000027],[84.89334176700004,26.999451769000075],[84.89098545500008,26.997902956000075],[84.88877364200005,26.99372426900004],[84.88365808000003,26.992368706000036],[84.88215308000008,26.99124983100006],[84.88124701800007,26.989407394000068],[84.87937651800007,26.98785083200005],[84.87601514200009,26.986488519000034],[84.87285383000005,26.98867889400003],[84.86937920500003,26.988628144000074],[84.86989633000007,26.98726201900007],[84.86839201800007,26.98349601900003],[84.87121920500005,26.98371108200007],[84.87112945500007,26.98252020700005],[84.88028514300004,26.979583957000045],[84.89083564300006,26.977202457000033],[84.89091289200007,26.975660769000058],[84.89299983000006,26.973855831000037],[84.89235395500003,26.971077644000047],[84.89425851800007,26.972022394000078],[84.89875664200008,26.972415769000065],[84.90220945500005,26.96947370600003],[84.90385564300004,26.969988956000066],[84.91212701800004,26.967710769000064],[84.91943039200004,26.96870139400005],[84.92621883000004,26.967298456000037],[84.92927683000005,26.967598769000062],[84.93147333000007,26.968416956000056],[84.93569408000008,26.967545082000072],[84.94573114200006,26.963608144000034],[84.94718520500004,26.965981268000064],[84.94602108000004,26.966657019000024],[84.94628201800003,26.972418394000044],[84.94752089300005,26.975770019000038],[84.94784220500009,26.97872389400004]]]}},{"type":"Feature","properties":{"STATE_CODE":2,"DISTRICT":"BARA","GaPa_NaPa":"Devtal","Type_GN":"Gaunpalika","Province":"2","provinceId":"2","provinceCode":"2","provinceName":"Madhesh","districtId":"207","districtName":"Bara","municipalityId":"20715","municipalityCode":"20715","municipalityName":"Devtal Rural Municipality","municipalityNameNe":"देवताल गाउँपालिका","municipalityType":"rural_municipality"},"geometry":{"type":"Polygon","coordinates":[[[85.01664808000004,26.982355707000067],[85.01303676700007,26.981792831000064],[85.00725208000006,26.982380394000074],[85.00574983100006,26.981332769000062],[85.00697720600004,26.979656457000033],[85.00711164300003,26.977353894000032],[85.00646395600006,26.97632051900007],[85.00395683000005,26.97520114400004],[85.00382758000006,26.971844394000072],[85.00479445500008,26.969477207000068],[85.00109151700008,26.965121457000066],[85.00287445500004,26.96340289400007],[85.00219051700003,26.960183206000067],[84.99999814300008,26.957025644000055],[84.99944758000004,26.95455464400004],[85.00107683000004,26.95135014400006],[84.99999976800007,26.950216019000038],[84.99839520500007,26.952438769000025],[84.99729583000004,26.95212158100003],[84.99631014300007,26.949136456000076],[84.99749583000005,26.947099519000062],[84.99517858000007,26.94551820600003],[84.99379495500006,26.942497519000028],[84.99393470600006,26.940774831000056],[84.99231814300003,26.94018595700004],[84.99127826800003,26.944430957000066],[84.98851220500006,26.94297014400007],[84.98675995500008,26.94082514400003],[84.98372614300007,26.941785081000035],[84.98189801800004,26.938573269000074],[84.97980070500006,26.93675101900004],[84.98040195500005,26.935605019000036],[84.97840764300008,26.931706082000062],[84.97559114300003,26.931281081000066],[84.97426376800007,26.929383518000066],[84.97236414300005,26.92871283100004],[84.97402683000007,26.92627570700006],[84.97160295500004,26.92471051900003],[84.97403364200005,26.92207389400005],[84.97246514300008,26.92045333200008],[84.97387489300007,26.915323519000026],[84.98485051700004,26.914261331000034],[84.99018945500006,26.91331683100003],[84.99430801700004,26.91307358100005],[85.00112133100004,26.912050581000074],[85.00158876700004,26.91460614400006],[85.00101008000007,26.918347019000066],[85.00039401800007,26.91892683100008],[85.00130858000006,26.923004581000043],[85.00031883000008,26.925672019000046],[85.00173733000008,26.928157707000025],[85.00162120600004,26.93061133200007],[85.00271008000004,26.930969144000073],[85.00705858000003,26.930466581000076],[85.00929214300004,26.929171144000065],[85.01236095500008,26.92880845600007],[85.01454158100006,26.92998420600003],[85.02242070500006,26.93197401900005],[85.02593933100007,26.931858206000072],[85.02951933000008,26.930821269000035],[85.03136039300006,26.928129332000026],[85.03150239300004,26.926862394000068],[85.03448108000003,26.92517758100007],[85.03644408100007,26.92842614400007],[85.03547445500004,26.930520456000067],[85.03301158000005,26.932794956000066],[85.03488020500004,26.934645144000058],[85.03555451800008,26.936594331000038],[85.03942183000004,26.94052151900007],[85.03756170500003,26.94359951900003],[85.03045701800005,26.944653457000072],[85.03083358000003,26.946875644000045],[85.02979845500005,26.94872220600007],[85.02724170500005,26.949654706000047],[85.02704389200005,26.952282706000062],[85.02482408000003,26.95254483100007],[85.01416158000006,26.955036332000077],[85.01322501700008,26.95561620600006],[85.01724601800004,26.95998514300004],[85.02131983000004,26.959215581000024],[85.02250908000008,26.958229893000066],[85.02626020600007,26.95694351900005],[85.02993458000003,26.957115331000068],[85.03151989300005,26.957891269000072],[85.03198408000009,26.96330114400007],[85.03381139300006,26.965056832000073],[85.03567076700006,26.965216957000052],[85.03638458000006,26.96643695700004],[85.03567070500003,26.968168456000058],[85.03638433000003,26.969368144000043],[85.03178233100004,26.971146144000045],[85.02625389300005,26.971662707000064],[85.02331208000004,26.972543769000026],[85.02248464200005,26.97337333200005],[85.01921001700003,26.97233433200006],[85.02056051800008,26.976165018000074],[85.01352870500006,26.975552332000063],[85.01178595500005,26.976828519000037],[85.01291214300005,26.979124269000067],[85.01664808000004,26.982355707000067]]]}},{"type":"Feature","properties":{"STATE_CODE":2,"DISTRICT":"BARA","GaPa_NaPa":"Jitpur Simara","Type_GN":"Upamahanagarpalika","Province":"2","provinceId":"2","provinceCode":"2","provinceName":"Madhesh","districtId":"207","districtName":"Bara","municipalityId":"20703","municipalityCode":"20703","municipalityName":"Jitpur Simara Sub-Metropolitian City","municipalityNameNe":"जीतपुर सिमरा उपमहानगरपालिका","municipalityType":"sub_metropolitan"},"geometry":{"type":"Polygon","coordinates":[[[85.04624764300007,27.36006333200004],[85.04524770500007,27.35880958200005],[85.04219020600004,27.359060269000054],[85.04082170500004,27.357971581000072],[85.03782314200004,27.357156831000054],[85.03552733000004,27.358527645000038],[85.03480126800008,27.360144082000033],[85.03337289300003,27.360296832000074],[85.03150458000005,27.359065145000045],[85.02676645600008,27.35841864400004],[85.02370789200006,27.35691127000007],[85.02332526800006,27.355492582000068],[85.02430595500005,27.353520082000045],[85.02369895600003,27.351814207000075],[85.02088533000006,27.35335783200003],[85.01820683000005,27.35358726900006],[85.01540626700006,27.355121644000064],[85.01211976700006,27.35422270600003],[85.01087495500008,27.354475394000076],[85.00665695500004,27.352633082000068],[85.00311889300008,27.355490270000075],[85.00348970500005,27.358010207000063],[85.00241214300007,27.360565394000048],[85.00284164300007,27.36181464400005],[85.00172020600007,27.36329614400006],[85.00142464200007,27.365137082000047],[84.99967476800003,27.364468269000042],[84.99834758000009,27.365344207000078],[84.99666158100007,27.365033582000024],[84.99532220500004,27.36342526900006],[84.99314470500008,27.363323519000062],[84.98992676700004,27.361403644000063],[84.98561058000007,27.362174269000036],[84.98238976800008,27.361267332000068],[84.97992551800007,27.357877519000056],[84.97969770500004,27.35590926900005],[84.97779689200007,27.356076019000056],[84.97368358100005,27.354881832000046],[84.97167233100004,27.35600370700007],[84.97131883000003,27.354016019000028],[84.96903095500005,27.350286331000063],[84.96991251800006,27.348797769000043],[84.96973083000006,27.346504269000036],[84.96835764200006,27.34340676900007],[84.96922451800003,27.340447144000052],[84.96688889300003,27.338015144000053],[84.96619470600007,27.335835770000074],[84.96696301700007,27.32741633200004],[84.97008126700007,27.32289770600005],[84.97122870500004,27.319690206000075],[84.96968070500003,27.318096644000036],[84.96994283000004,27.313162332000047],[84.96956383000008,27.312280456000053],[84.96597826800007,27.312686582000026],[84.96436264300007,27.311723019000056],[84.96490733000007,27.30963883100003],[84.96469845500008,27.308855082000036],[84.96119039300004,27.306886832000032],[84.96171858000008,27.30398145600003],[84.96047376700005,27.301623019000033],[84.96261908000008,27.295491145000028],[84.96259020500008,27.29302276900006],[84.96375564300007,27.290507957000045],[84.96393801800008,27.28816001900003],[84.96574908000008,27.284162707000064],[84.97071608000005,27.280157081000027],[84.97791908000005,27.27660045700003],[84.97765464300005,27.274023207000027],[84.97824689300006,27.270706645000075],[84.97707926800007,27.26589958200003],[84.97705933000003,27.261957832000064],[84.97615901800003,27.258981145000064],[84.97451158000007,27.25617214400006],[84.97381158000007,27.25182664400006],[84.97281651800006,27.25048645700008],[84.97100589300004,27.250000331000024],[84.96741595500004,27.244061457000043],[84.96600008000007,27.235923332000027],[84.96573695500007,27.231543144000057],[84.96573870500004,27.227650769000036],[84.96672020500006,27.224970144000054],[84.96607545500007,27.21855514400005],[84.96536526800008,27.214496144000066],[84.96264601800004,27.21057058100007],[84.96116620500004,27.20451320600006],[84.96237914300008,27.201463207000074],[84.96239833000004,27.19745564400006],[84.96133101800007,27.19415951900004],[84.96062720500004,27.19352801900004],[84.95623014300008,27.19176645600004],[84.95503239300007,27.189581394000072],[84.95477483000008,27.18681901900004],[84.95357670500005,27.18398176900007],[84.95165201800006,27.18181514400004],[84.95075301800006,27.178901394000036],[84.95070926800008,27.17560276900008],[84.95122083000007,27.173665519000053],[84.95077126700005,27.17182501900004],[84.94732926800003,27.165403894000065],[84.94688151800005,27.16287289400003],[84.94733026700004,27.16134001900008],[84.94891214300003,27.159634769000036],[84.95079189300003,27.161530957000025],[84.95271426800008,27.160419019000074],[84.95145264300004,27.158159832000024],[84.95149314300005,27.156015956000033],[84.95281608000005,27.15532551900003],[84.95469039300008,27.15184233100007],[84.95321670500005,27.150884332000032],[84.95321483000004,27.148433769000064],[84.95180289300004,27.14500458200007],[84.94949670500006,27.143068394000068],[84.94900345500008,27.140885207000053],[84.95128408100004,27.138263519000077],[84.95416245500007,27.13616133200003],[84.95736164200008,27.134650269000076],[84.95618583000004,27.132370207000065],[84.95590651800006,27.130149519000042],[84.95697189200007,27.12902076900008],[84.95722533000009,27.12656858200006],[84.95602789200007,27.123289019000026],[84.95455220500008,27.12265370600005],[84.95369589300003,27.118927332000055],[84.95150089200007,27.116796332000035],[84.94944689200008,27.116043019000074],[84.94898539200005,27.11439895600006],[84.94381739300007,27.111128019000034],[84.94389389200006,27.105745832000025],[84.94234108000006,27.103829207000047],[84.94075508000003,27.103688644000044],[84.94131070500003,27.100636456000075],[84.94084883000005,27.096431207000023],[84.94157733000003,27.093551581000042],[84.93859658100007,27.091278894000027],[84.93664258000007,27.09203208100007],[84.93592670500004,27.090385144000038],[84.93228926800003,27.090000832000044],[84.93049533000004,27.089378707000037],[84.92647176700007,27.08350683100008],[84.93033539300006,27.080396644000075],[84.93007695500006,27.07840589400007],[84.93123139200009,27.07640801900004],[84.93752039300006,27.07482058200003],[84.93827539200004,27.074289769000075],[84.93767176700004,27.070367519000058],[84.93758745500008,27.065913769000076],[84.93929970600004,27.065999331000057],[84.94483245500004,27.06719883100004],[84.94926795500004,27.06896514400006],[84.94964970500007,27.071489831000065],[84.95195145500008,27.07689208100004],[84.95371414200008,27.078376269000046],[84.95599814300004,27.076898456000038],[84.96276614300007,27.075432957000032],[84.96536745500003,27.07577614400003],[84.96664333000007,27.076622519000068],[84.96876745500003,27.075775331000045],[84.97109951800007,27.07565545600005],[84.97520258000003,27.076137019000043],[84.97663183000003,27.073872894000033],[84.97869808000007,27.072260956000036],[84.98152064200008,27.072315769000056],[84.98332383000007,27.068737956000064],[84.98230676800006,27.064836831000036],[84.98150126700006,27.063878957000043],[84.98475989300005,27.062885894000033],[84.98627370500003,27.063484519000042],[84.98903139300006,27.066306019000024],[84.99360501800004,27.069518582000057],[84.99846608000007,27.068647019000025],[85.00210058000005,27.068970957000033],[85.00692089300009,27.07010989400004],[85.00942064300006,27.06918033200003],[85.01140095500006,27.071246581000025],[85.01025351800007,27.074145332000057],[85.01164839300003,27.076698644000032],[85.01535626700007,27.076110081000024],[85.01547608000004,27.07821445700006],[85.01671033000008,27.079013332000045],[85.01819470500004,27.082804706000047],[85.02020645500005,27.083212082000045],[85.02087383000008,27.08459720600007],[85.02043358000003,27.086234082000033],[85.02160539200008,27.088676082000063],[85.02422451800004,27.090096644000027],[85.02438226800007,27.092336144000058],[85.02375201700005,27.093868332000056],[85.02046901800009,27.094241957000065],[85.02119889200003,27.09576651900005],[85.02480114300005,27.098188582000034],[85.02672308000007,27.100268519000053],[85.02735983000008,27.102357832000052],[85.02654339200006,27.10365445700006],[85.02797826800008,27.104909831000043],[85.02865389200008,27.106829644000072],[85.02735433000004,27.108305832000042],[85.02809814300008,27.110031082000035],[85.03119070500009,27.110698894000052],[85.03474158000006,27.112662956000065],[85.03292783000006,27.114172332000066],[85.03548920500003,27.115128269000024],[85.03702601800006,27.114015769000048],[85.03914564300004,27.11464320600004],[85.04165076700008,27.11421395700006],[85.04416026800004,27.112839207000036],[85.04525951700003,27.109629269000038],[85.04667676800005,27.10936814400003],[85.05107545500005,27.106580206000046],[85.05290201800005,27.104671144000065],[85.05484576800006,27.101745769000047],[85.05425558100006,27.09593764400006],[85.05592520600004,27.092975956000032],[85.05737901800006,27.092475394000076],[85.05952358100006,27.093172269000036],[85.06201551800007,27.09494739400003],[85.06338270600008,27.09688876900003],[85.06600726700003,27.099409644000048],[85.06888889300006,27.100974019000034],[85.07540851800007,27.103277707000075],[85.07520020600003,27.101801332000036],[85.07258089300007,27.100713394000024],[85.07107408000007,27.10074976900006],[85.06977883000008,27.09923658100007],[85.07337458000006,27.095964394000077],[85.07353145600007,27.094507831000044],[85.07147733000005,27.09292370600008],[85.06763076800007,27.090944706000073],[85.06581358000005,27.090602019000073],[85.06392970500008,27.08867126900003],[85.06519433000005,27.08511001900007],[85.06539908100007,27.080232331000047],[85.06494314300005,27.076338957000075],[85.06623789300005,27.074505957000042],[85.06756195600008,27.075569956000038],[85.07190414300004,27.07571970600003],[85.07337989300004,27.07403864400004],[85.07333276800006,27.07293114400005],[85.07637233000008,27.074074456000062],[85.07635801800006,27.07613470700005],[85.07407595600006,27.078636456000027],[85.07451064300005,27.079806457000075],[85.07881189300008,27.08000370700006],[85.08403995500004,27.084361269000055],[85.08556195500006,27.088020707000055],[85.08833751800006,27.09145833200006],[85.09056920500007,27.09261664400003],[85.09192751800003,27.092556457000057],[85.09411495500007,27.093753331000073],[85.09638758000006,27.09424564400007],[85.09387889200008,27.096447081000065],[85.09013083100007,27.10039564400006],[85.09060426800005,27.102542331000052],[85.08967545500008,27.104598331000034],[85.09059314300004,27.106211331000054],[85.08743714300005,27.11073508100003],[85.08406514300003,27.112500832000023],[85.08524720600008,27.115513082000064],[85.08478426800008,27.117258582000034],[85.08616008000007,27.12439401900008],[85.08552576800008,27.12883276900004],[85.08618401700005,27.132483019000063],[85.08540783000007,27.133720957000037],[85.08481158000006,27.136810144000037],[85.08500233000007,27.14017295600007],[85.08415608000007,27.145531707000032],[85.08403501800007,27.150954769000066],[85.08346551800008,27.153165957000056],[85.08327064300005,27.156831832000023],[85.08374470500007,27.159355394000045],[85.08657095500007,27.16368383200006],[85.08315620500008,27.164450332000058],[85.07417076800004,27.16755876900004],[85.07586301700007,27.171571207000056],[85.07612708100004,27.173789519000024],[85.07586776800008,27.17890901900006],[85.07691020500005,27.18433664400004],[85.07546845600007,27.18679814400008],[85.07513570600008,27.18939558200003],[85.07264870500006,27.196034894000036],[85.07101370500004,27.19862870700007],[85.06913370500007,27.20326414400006],[85.06838770500008,27.20754120600003],[85.06549358100006,27.21357651900007],[85.06069358100007,27.220352769000044],[85.05847208000006,27.224325019000048],[85.05384520600006,27.230546894000042],[85.05064583000006,27.23352008100005],[85.04529145500004,27.236064706000036],[85.04205158000008,27.238600206000058],[85.03688045500007,27.244622582000034],[85.03524333000007,27.247701144000075],[85.03428708000007,27.251379331000066],[85.03206714200007,27.254315519000045],[85.03066889200005,27.257047019000026],[85.02996420500006,27.259687581000037],[85.02987301800005,27.26472908100004],[85.03029401700007,27.26773601900004],[85.03414964300003,27.276778269000033],[85.03732070500007,27.281518019000032],[85.04108283000005,27.28576364500003],[85.04526145500006,27.288877894000052],[85.05264339200005,27.296065456000065],[85.05267883000005,27.29955576900005],[85.05566926700004,27.300471895000044],[85.05589339200003,27.305402644000026],[85.05638614200006,27.309559645000036],[85.05416489200007,27.312275019000026],[85.05548808100008,27.314760582000076],[85.05204226700005,27.315955332000044],[85.05312695500004,27.320132706000038],[85.05183726800004,27.323881269000026],[85.05370333000008,27.326719206000064],[85.05342289300006,27.328589582000063],[85.05051964300003,27.335861144000035],[85.05040283100004,27.339621144000034],[85.04964539300005,27.343704082000045],[85.04820033000004,27.347094957000024],[85.04787989300007,27.35412139400006],[85.04624764300007,27.36006333200004]]]}},{"type":"Feature","properties":{"STATE_CODE":2,"DISTRICT":"BARA","GaPa_NaPa":"Kalaiya","Type_GN":"Upamahanagarpalika","Province":"2","provinceId":"2","provinceCode":"2","provinceName":"Madhesh","districtId":"207","districtName":"Bara","municipalityId":"20708","municipalityCode":"20708","municipalityName":"Kalaiya Sub-Metropolitian City","municipalityNameNe":"कलैया उपमहानगरपालिका","municipalityType":"sub_metropolitan"},"geometry":{"type":"Polygon","coordinates":[[[85.07333276800006,27.07293114400005],[85.07337989300004,27.07403864400004],[85.07190414300004,27.07571970600003],[85.06756195600008,27.075569956000038],[85.06623789300005,27.074505957000042],[85.06494314300005,27.076338957000075],[85.06539908100007,27.080232331000047],[85.06519433000005,27.08511001900007],[85.06392970500008,27.08867126900003],[85.06581358000005,27.090602019000073],[85.06763076800007,27.090944706000073],[85.07147733000005,27.09292370600008],[85.07353145600007,27.094507831000044],[85.07337458000006,27.095964394000077],[85.06977883000008,27.09923658100007],[85.07107408000007,27.10074976900006],[85.07258089300007,27.100713394000024],[85.07520020600003,27.101801332000036],[85.07540851800007,27.103277707000075],[85.06888889300006,27.100974019000034],[85.06600726700003,27.099409644000048],[85.06338270600008,27.09688876900003],[85.06201551800007,27.09494739400003],[85.05952358100006,27.093172269000036],[85.05737901800006,27.092475394000076],[85.05592520600004,27.092975956000032],[85.05425558100006,27.09593764400006],[85.05484576800006,27.101745769000047],[85.05290201800005,27.104671144000065],[85.05107545500005,27.106580206000046],[85.04667676800005,27.10936814400003],[85.04525951700003,27.109629269000038],[85.04416026800004,27.112839207000036],[85.04165076700008,27.11421395700006],[85.03914564300004,27.11464320600004],[85.03702601800006,27.114015769000048],[85.03548920500003,27.115128269000024],[85.03292783000006,27.114172332000066],[85.03474158000006,27.112662956000065],[85.03119070500009,27.110698894000052],[85.02809814300008,27.110031082000035],[85.02735433000004,27.108305832000042],[85.02865389200008,27.106829644000072],[85.02797826800008,27.104909831000043],[85.02654339200006,27.10365445700006],[85.02735983000008,27.102357832000052],[85.02672308000007,27.100268519000053],[85.02480114300005,27.098188582000034],[85.02119889200003,27.09576651900005],[85.02046901800009,27.094241957000065],[85.02375201700005,27.093868332000056],[85.02438226800007,27.092336144000058],[85.02422451800004,27.090096644000027],[85.02160539200008,27.088676082000063],[85.02043358000003,27.086234082000033],[85.02087383000008,27.08459720600007],[85.02020645500005,27.083212082000045],[85.01819470500004,27.082804706000047],[85.01671033000008,27.079013332000045],[85.01547608000004,27.07821445700006],[85.01535626700007,27.076110081000024],[85.01164839300003,27.076698644000032],[85.01025351800007,27.074145332000057],[85.01140095500006,27.071246581000025],[85.00942064300006,27.06918033200003],[85.00692089300009,27.07010989400004],[85.00210058000005,27.068970957000033],[85.00152858000007,27.06756920600003],[84.99805901800005,27.063243456000066],[84.99558826700007,27.059183519000044],[84.99388976700004,27.057570894000037],[84.99159439300007,27.052997394000045],[84.98841283000007,27.05030301900007],[84.98744951800006,27.048308269000074],[84.98402839300007,27.04895501900006],[84.98240764300004,27.048790331000077],[84.98054995500007,27.046580644000073],[84.97901208000008,27.04666583200003],[84.97594608000009,27.04584101900008],[84.97457783100003,27.04382414400004],[84.97544733000007,27.042225019000057],[84.97561845500007,27.03964695700006],[84.97422001800004,27.03835689400006],[84.97184520500008,27.039048019000063],[84.97055689300004,27.04242133200006],[84.96540326800005,27.038449207000042],[84.96346208000006,27.035702831000037],[84.96037108000007,27.035223019000057],[84.95833376800005,27.03597701900003],[84.95598670600003,27.038091519000034],[84.95459783000007,27.03775570700003],[84.95348233000004,27.035393956000064],[84.95533233000003,27.03432314400004],[84.95607933000008,27.031998394000027],[84.95482539200003,27.03091708200003],[84.95261114200008,27.03204445600005],[84.95100120500007,27.02998164400003],[84.95101001800003,27.028934581000044],[84.94940076800003,27.026799519000065],[84.94654951800004,27.02730833100003],[84.94568726800009,27.02552251900005],[84.94712614200006,27.024926207000078],[84.95079926800008,27.020812582000076],[84.95235170500007,27.022049956000046],[84.95456408000007,27.021096269000054],[84.95622683000005,27.02189283200005],[84.95837983000007,27.020327956000074],[84.95993601700008,27.01798864400007],[84.96226476800007,27.02029695600004],[84.96529726800009,27.020012207000036],[84.96737864300007,27.018632706000062],[84.96710189300006,27.015956207000045],[84.96541389200007,27.01095833200003],[84.96126364200006,27.007013019000055],[84.96162695500004,27.004264394000074],[84.96320801700006,27.004143019000026],[84.96423789300007,27.006002082000066],[84.96862458100009,27.005337956000062],[84.97025995500007,27.00413301900005],[84.96784326800008,26.997797582000032],[84.96928464300004,26.996675206000077],[84.96926970500004,26.994854332000045],[84.97043926700007,26.99288539400004],[84.97615351700006,26.991489769000054],[84.97898576800003,26.989412207000044],[84.97721383000004,26.98665801900006],[84.97314164300008,26.98477495700007],[84.97200295500005,26.98175008100003],[84.96804376800003,26.977663706000044],[84.96621483000007,26.977103082000042],[84.96589620500004,26.97562726900003],[84.96345283000005,26.97374176900007],[84.95983558000006,26.974863081000024],[84.95682464300006,26.97516564400007],[84.95488795500006,26.976072332000058],[84.95316670500006,26.979541019000067],[84.94784220500009,26.97872389400004],[84.94752089300005,26.975770019000038],[84.94628201800003,26.972418394000044],[84.94602108000004,26.966657019000024],[84.94718520500004,26.965981268000064],[84.94573114200006,26.963608144000034],[84.95333551700008,26.960785956000052],[84.95527301700008,26.959552081000027],[84.95785751800008,26.95956839400003],[84.95902608000006,26.960769956000036],[84.96483833000008,26.96003526900006],[84.96563964300003,26.95839833100007],[84.96709708000003,26.957657269000038],[84.96930645500004,26.955487144000074],[84.97324320500007,26.949870644000043],[84.98046533000007,26.940020581000056],[84.97767533100006,26.939775956000062],[84.97754858000008,26.938362019000067],[84.97980070500006,26.93675101900004],[84.98189801800004,26.938573269000074],[84.98372614300007,26.941785081000035],[84.98675995500008,26.94082514400003],[84.98851220500006,26.94297014400007],[84.99127826800003,26.944430957000066],[84.99231814300003,26.94018595700004],[84.99393470600006,26.940774831000056],[84.99379495500006,26.942497519000028],[84.99517858000007,26.94551820600003],[84.99749583000005,26.947099519000062],[84.99631014300007,26.949136456000076],[84.99729583000004,26.95212158100003],[84.99839520500007,26.952438769000025],[84.99999976800007,26.950216019000038],[85.00107683000004,26.95135014400006],[84.99944758000004,26.95455464400004],[84.99999814300008,26.957025644000055],[85.00219051700003,26.960183206000067],[85.00287445500004,26.96340289400007],[85.00109151700008,26.965121457000066],[85.00479445500008,26.969477207000068],[85.00382758000006,26.971844394000072],[85.00395683000005,26.97520114400004],[85.00646395600006,26.97632051900007],[85.00711164300003,26.977353894000032],[85.00697720600004,26.979656457000033],[85.00574983100006,26.981332769000062],[85.00725208000006,26.982380394000074],[85.01303676700007,26.981792831000064],[85.01664808000004,26.982355707000067],[85.02127358000007,26.983522769000047],[85.02599308000003,26.983240269000078],[85.02926389300006,26.986587582000027],[85.03056501800006,26.989297144000034],[85.02986276800004,26.992673457000024],[85.03044714300006,26.993704894000075],[85.03374264300004,26.994466019000072],[85.03276708000004,26.998458081000024],[85.03473945600007,26.999420644000054],[85.03356489300006,27.000925332000065],[85.03071945500005,27.003270332000056],[85.03140970500004,27.004231081000057],[85.03546189300005,27.004162957000062],[85.03672983000007,27.006367269000066],[85.03648545500005,27.007680082000036],[85.03451545500008,27.009276331000024],[85.03292683000006,27.009599394000077],[85.03003764300007,27.008544207000057],[85.02613764300008,27.010413957000026],[85.02739351800005,27.01179251900004],[85.03390583000004,27.016020832000038],[85.03743551700006,27.017109581000057],[85.04024520500008,27.017431831000067],[85.04334476800005,27.017149394000057],[85.04169758000006,27.019803956000032],[85.04256195600004,27.021528269000044],[85.04572595500008,27.023364081000068],[85.04986301800005,27.022940706000043],[85.04959926800007,27.02451764400007],[85.04777826800006,27.026158144000078],[85.04613801800008,27.02677508200003],[85.04416101800007,27.02858589400006],[85.04451158100005,27.029844644000036],[85.04675989300006,27.030049081000072],[85.05120914200006,27.03220689400007],[85.05656733000006,27.03810351900006],[85.05874501800008,27.037545644000033],[85.06175333000004,27.038626332000035],[85.06413926700003,27.038777581000033],[85.06686695600007,27.037825019000024],[85.06741445500006,27.04002314400003],[85.06672670500006,27.044044831000065],[85.06699345500004,27.04513945700006],[85.07065870500008,27.051082144000077],[85.06931970500005,27.052665082000033],[85.06616270500007,27.053165144000047],[85.06516095500007,27.055438207000066],[85.06889195600007,27.057323331000077],[85.06994608100007,27.058522582000023],[85.06838733000006,27.061260144000073],[85.06980089300004,27.064069957000072],[85.07192020600007,27.065610769000045],[85.07339520500005,27.068568957000025],[85.07253526800008,27.070847769000068],[85.07333276800006,27.07293114400005]]]}},{"type":"Feature","properties":{"STATE_CODE":2,"DISTRICT":"BARA","GaPa_NaPa":"Karaiyamai","Type_GN":"Gaunpalika","Province":"2","provinceId":"2","provinceCode":"2","provinceName":"Madhesh","districtId":"207","districtName":"Bara","municipalityId":"20709","municipalityCode":"20709","municipalityName":"Karaiyamai Rural Municipality","municipalityNameNe":"करैयामाई गाउँपालिका","municipalityType":"rural_municipality"},"geometry":{"type":"Polygon","coordinates":[[[85.13300864300004,27.027738644000067],[85.13610333100007,27.03065833200003],[85.13592170500004,27.03371495600004],[85.13465226800008,27.03494820700007],[85.13239301800007,27.03499345700004],[85.13244058000004,27.037037394000038],[85.12971258100004,27.04034914400006],[85.12807489300008,27.043722081000055],[85.12784095500007,27.045779582000023],[85.12507520500003,27.048062644000026],[85.12595689300008,27.04891076900003],[85.12627558000008,27.051421894000043],[85.12557170500008,27.05400208100008],[85.12630501800004,27.05581714400006],[85.12781601700004,27.056642144000023],[85.13240045500004,27.057140081000057],[85.13228320600007,27.05895295700003],[85.13487845500003,27.06006695700006],[85.13420914200003,27.062434894000035],[85.13453683000006,27.064002644000027],[85.13386620500006,27.066174206000028],[85.13491376800005,27.067138269000054],[85.13680789300008,27.071256706000042],[85.12745358000006,27.07747845600005],[85.12455958000004,27.07785139400005],[85.12229501800005,27.078839707000043],[85.11874039200006,27.075323269000023],[85.11783451800005,27.07109970600004],[85.11579239300005,27.07055408100007],[85.11478570600008,27.06950376900005],[85.10832539300003,27.07085451900008],[85.10777039300007,27.072485769000025],[85.10861208100005,27.074250456000073],[85.10544401800007,27.076299394000046],[85.10224945500005,27.07655008200004],[85.10135083000006,27.075453769000035],[85.09498351800005,27.074569331000077],[85.08991314300005,27.07315783100006],[85.09069245500007,27.078140769000072],[85.09155495500005,27.080902707000064],[85.08865633000005,27.079580331000045],[85.08597645600008,27.07779814400004],[85.08361170500007,27.077649456000074],[85.07826889300009,27.07871270700008],[85.07635801800006,27.07613470700005],[85.07637233000008,27.074074456000062],[85.07333276800006,27.07293114400005],[85.07253526800008,27.070847769000068],[85.07339520500005,27.068568957000025],[85.07192020600007,27.065610769000045],[85.06980089300004,27.064069957000072],[85.06838733000006,27.061260144000073],[85.06994608100007,27.058522582000023],[85.06889195600007,27.057323331000077],[85.06516095500007,27.055438207000066],[85.06616270500007,27.053165144000047],[85.06931970500005,27.052665082000033],[85.07065870500008,27.051082144000077],[85.06699345500004,27.04513945700006],[85.06672670500006,27.044044831000065],[85.06741445500006,27.04002314400003],[85.06686695600007,27.037825019000024],[85.06413926700003,27.038777581000033],[85.06175333000004,27.038626332000035],[85.05874501800008,27.037545644000033],[85.05656733000006,27.03810351900006],[85.05120914200006,27.03220689400007],[85.05405926800006,27.031077707000065],[85.06220145500004,27.031483581000032],[85.06231145500004,27.028450082000063],[85.06679264200005,27.026759957000024],[85.07051514300008,27.026192394000077],[85.07566014300005,27.026827894000064],[85.07740114300003,27.022723644000052],[85.07873820500004,27.023356456000045],[85.07931464200004,27.025078269000062],[85.08218008000006,27.02244551900003],[85.08460808000007,27.02136633200007],[85.08712983000004,27.02192001900005],[85.08771433000004,27.021132519000048],[85.08848039300005,27.01591195700007],[85.09129845500007,27.013834519000056],[85.09097545500003,27.01208376900007],[85.08882895600004,27.011362519000045],[85.08719126800008,27.00703376900003],[85.08411495500008,27.00437683100006],[85.08224826800006,27.004316706000054],[85.08054020600008,26.998386269000036],[85.08157426800005,26.99594595600007],[85.08427164300008,26.996487081000055],[85.08652789200005,26.995747644000062],[85.08832733000008,26.996884581000074],[85.08923964300004,26.996076456000026],[85.08898358000005,26.992705081000054],[85.09219614200003,26.99136470600007],[85.09246420500006,26.989907206000055],[85.09075858100005,26.986544769000034],[85.09123745500005,26.984681769000076],[85.09006520500003,26.981373769000072],[85.09125295600006,26.980351519000067],[85.09054045500005,26.978879019000033],[85.08902614300007,26.978944957000067],[85.08856533100004,26.976856707000024],[85.09063539300007,26.97356883200007],[85.09047726700004,26.972189144000026],[85.09311551800005,26.97116008200004],[85.09255151800005,26.969609769000044],[85.09292095500007,26.967307582000046],[85.09438889300003,26.966763644000025],[85.09689289200008,26.96820639400005],[85.09750851800004,26.96766676900006],[85.09981370500003,26.968018894000068],[85.10124908000006,26.96904564400006],[85.10546989300008,26.968850144000044],[85.10609408000005,26.97306258200007],[85.10798183000009,26.974814519000063],[85.10896558100006,26.981779206000056],[85.11047601800004,26.984393831000034],[85.11044764300004,26.986634706000075],[85.11152470500008,26.988196706000053],[85.10987695600005,26.990657894000037],[85.10813264300003,26.99149295600006],[85.10811820500004,26.99580064400004],[85.10657901700006,26.998626519000027],[85.10450764300003,27.003776144000028],[85.10458608000005,27.005032394000068],[85.10636101800003,27.00749151900004],[85.10493945500008,27.01160714400004],[85.09859183000003,27.012502957000038],[85.09924026800007,27.016807707000055],[85.09379670600003,27.01737133100005],[85.09551189300004,27.020683957000074],[85.10179520500003,27.020765832000052],[85.10233514300006,27.01923395700004],[85.10678033000005,27.018987019000065],[85.11034714200008,27.01973289400007],[85.11521539300008,27.01934014400007],[85.11666276800008,27.02015901900006],[85.11761276800007,27.021893457000033],[85.12109420500008,27.023607769000023],[85.12647520500008,27.025536894000027],[85.12776939300005,27.026833019000037],[85.13032195600005,27.027663207000046],[85.13300864300004,27.027738644000067]]]}},{"type":"Feature","properties":{"STATE_CODE":2,"DISTRICT":"BARA","GaPa_NaPa":"Kolhabi","Type_GN":"Nagarpalika","Province":"2","provinceId":"2","provinceCode":"2","provinceName":"Madhesh","districtId":"207","districtName":"Bara","municipalityId":"20702","municipalityCode":"20702","municipalityName":"Kolhabi Urban Municipality","municipalityNameNe":"कोल्हवी नगरपालिका","municipalityType":"municipality"},"geometry":{"type":"Polygon","coordinates":[[[85.20847701800005,27.11687614400006],[85.20350083100004,27.124558894000074],[85.19895320500007,27.134952206000037],[85.19555245500004,27.140306207000037],[85.19421101800003,27.141646581000032],[85.19342045600007,27.145996769000078],[85.19207151700004,27.14687695600003],[85.18905026800007,27.150201394000078],[85.18875326800008,27.151571269000044],[85.18473776800005,27.155296581000073],[85.18463839300006,27.15645945600005],[85.18697533000005,27.163894644000038],[85.18535433100004,27.164598831000035],[85.18306239200007,27.164180394000027],[85.17976958100007,27.165133206000064],[85.17882195500005,27.169543331000057],[85.17747426800008,27.17099876900005],[85.17661989200008,27.173729394000077],[85.17529545500008,27.175130394000064],[85.17337108100008,27.179954769000062],[85.16873114300006,27.179594144000077],[85.14778164300003,27.178519394000034],[85.14236976800004,27.177791894000052],[85.13604158100009,27.175760706000062],[85.12669264300007,27.172257519000027],[85.12109870500007,27.17049270600006],[85.11061264200004,27.16671089400006],[85.09451583000003,27.163488957000027],[85.08657095500007,27.16368383200006],[85.08374470500007,27.159355394000045],[85.08327064300005,27.156831832000023],[85.08346551800008,27.153165957000056],[85.08403501800007,27.150954769000066],[85.08415608000007,27.145531707000032],[85.08500233000007,27.14017295600007],[85.08481158000006,27.136810144000037],[85.08540783000007,27.133720957000037],[85.08618401700005,27.132483019000063],[85.08552576800008,27.12883276900004],[85.08616008000007,27.12439401900008],[85.08478426800008,27.117258582000034],[85.08524720600008,27.115513082000064],[85.08406514300003,27.112500832000023],[85.08743714300005,27.11073508100003],[85.09059314300004,27.106211331000054],[85.08967545500008,27.104598331000034],[85.09060426800005,27.102542331000052],[85.09013083100007,27.10039564400006],[85.09387889200008,27.096447081000065],[85.09638758000006,27.09424564400007],[85.09411495500007,27.093753331000073],[85.09192751800003,27.092556457000057],[85.09056920500007,27.09261664400003],[85.08833751800006,27.09145833200006],[85.08556195500006,27.088020707000055],[85.08403995500004,27.084361269000055],[85.07881189300008,27.08000370700006],[85.07451064300005,27.079806457000075],[85.07407595600006,27.078636456000027],[85.07635801800006,27.07613470700005],[85.07826889300009,27.07871270700008],[85.08361170500007,27.077649456000074],[85.08597645600008,27.07779814400004],[85.08865633000005,27.079580331000045],[85.09155495500005,27.080902707000064],[85.09069245500007,27.078140769000072],[85.08991314300005,27.07315783100006],[85.09498351800005,27.074569331000077],[85.10135083000006,27.075453769000035],[85.10224945500005,27.07655008200004],[85.10544401800007,27.076299394000046],[85.10861208100005,27.074250456000073],[85.10777039300007,27.072485769000025],[85.10832539300003,27.07085451900008],[85.11478570600008,27.06950376900005],[85.11579239300005,27.07055408100007],[85.11783451800005,27.07109970600004],[85.11874039200006,27.075323269000023],[85.12229501800005,27.078839707000043],[85.12455958000004,27.07785139400005],[85.12745358000006,27.07747845600005],[85.13680789300008,27.071256706000042],[85.13491376800005,27.067138269000054],[85.13386620500006,27.066174206000028],[85.13453683000006,27.064002644000027],[85.13420914200003,27.062434894000035],[85.13487845500003,27.06006695700006],[85.13228320600007,27.05895295700003],[85.13240045500004,27.057140081000057],[85.12781601700004,27.056642144000023],[85.12630501800004,27.05581714400006],[85.12557170500008,27.05400208100008],[85.12627558000008,27.051421894000043],[85.12595689300008,27.04891076900003],[85.12507520500003,27.048062644000026],[85.12784095500007,27.045779582000023],[85.12807489300008,27.043722081000055],[85.12971258100004,27.04034914400006],[85.13244058000004,27.037037394000038],[85.13239301800007,27.03499345700004],[85.13465226800008,27.03494820700007],[85.13592170500004,27.03371495600004],[85.13610333100007,27.03065833200003],[85.13300864300004,27.027738644000067],[85.13335108000007,27.024881519000076],[85.13505895500003,27.02408476900007],[85.13530908100006,27.02196170700006],[85.13808789200004,27.020996144000037],[85.13827020500008,27.016271957000072],[85.13992389300006,27.015430456000047],[85.13958933000004,27.011486706000028],[85.14103995500005,27.007882769000048],[85.13930158000005,27.00631283100006],[85.14028789300005,27.00431914400008],[85.14483358100006,27.003553456000077],[85.14757414300004,27.00408851900005],[85.15184783000007,27.00272233100003],[85.15383708000007,27.003252144000044],[85.15549145500006,27.005285144000027],[85.15561445600008,27.008560457000044],[85.15389158100004,27.010869332000027],[85.15242364300008,27.01194183100006],[85.14855545500006,27.012399894000055],[85.14632176800006,27.01312214400008],[85.14388076800003,27.01569170700003],[85.14374420600006,27.017692019000037],[85.14443270500004,27.020371582000053],[85.14584933000003,27.021553706000077],[85.14849308100008,27.02050995600007],[85.14930976800008,27.02166314400006],[85.15116676800005,27.021977394000032],[85.15175358100004,27.023682956000073],[85.15447451800009,27.02335376900004],[85.15747926800003,27.021214832000055],[85.15949933000007,27.023301206000042],[85.16074351800006,27.022580206000043],[85.16442708100004,27.02196764400003],[85.16586783000008,27.021314894000056],[85.16889614300004,27.023302456000067],[85.16868664200007,27.02484983200003],[85.16976964300005,27.025779519000025],[85.17039351800008,27.027811894000024],[85.17178895500007,27.028795331000026],[85.17285876800008,27.02760408200004],[85.17624601700004,27.02556308100003],[85.17598445600004,27.023311144000047],[85.18008045600004,27.022507456000028],[85.18377358000004,27.023356456000045],[85.18535964300008,27.02233676900005],[85.18643058100008,27.01958620700003],[85.18777764200007,27.019270144000075],[85.18986183000004,27.02040114400006],[85.19460526800003,27.02056176900004],[85.19686389200007,27.021266894000064],[85.19895639300006,27.023645394000027],[85.19946926700004,27.026915019000057],[85.20034895600008,27.028013144000056],[85.19966376800005,27.02957364400004],[85.19423426700007,27.032889331000035],[85.18870170500008,27.033989894000058],[85.18547933100007,27.03271739400003],[85.18153945600005,27.033118331000026],[85.17978770500008,27.03494264400007],[85.17946701800008,27.03728745600006],[85.18114620600005,27.03840383100004],[85.19132526700008,27.038033707000068],[85.19249051800006,27.03765608200007],[85.20240433000004,27.03829826900005],[85.20324845500005,27.040540644000032],[85.20144083100007,27.04206114400006],[85.19915026800004,27.041482769000027],[85.19682226700007,27.04282476900005],[85.19838320500008,27.045122081000045],[85.19986476800005,27.04615864400006],[85.20025633000006,27.047619644000065],[85.19867308000005,27.050225769000065],[85.19498095500006,27.050038269000027],[85.19246501800006,27.04763851900003],[85.18901539300003,27.046961456000076],[85.18563533000008,27.048939519000044],[85.18624439200005,27.051443456000072],[85.18911933000004,27.05377264400005],[85.19019495500004,27.056529831000034],[85.19140295600005,27.05648351900004],[85.19440745600008,27.06025776900003],[85.19424064300006,27.06431845700007],[85.19591933000004,27.065450394000038],[85.19943089300006,27.062888831000066],[85.20180308000005,27.06417501900006],[85.20281608000005,27.066569394000055],[85.20236558000005,27.069231269000056],[85.20032695500004,27.07253620700004],[85.19802789300007,27.073641144000078],[85.19653858100008,27.077480644000048],[85.19889820600008,27.079922269000065],[85.20048314200005,27.079272394000043],[85.20175051800004,27.081398394000075],[85.20461620600008,27.08317445600005],[85.20437189300003,27.086026331000028],[85.20262820500005,27.089051207000068],[85.20373120500005,27.091298144000064],[85.20310464300007,27.09376514400003],[85.19981889300004,27.09665889400003],[85.19848245600008,27.103150519000053],[85.19941676700006,27.10718601900004],[85.20339033000005,27.112704894000046],[85.20847701800005,27.11687614400006]]]}},{"type":"Feature","properties":{"STATE_CODE":2,"DISTRICT":"BARA","GaPa_NaPa":"Mahagadhimai","Type_GN":"Nagarpalika","Province":"2","provinceId":"2","provinceCode":"2","provinceName":"Madhesh","districtId":"207","districtName":"Bara","municipalityId":"20714","municipalityCode":"20714","municipalityName":"Mahagadhimai Urban Municipality","municipalityNameNe":"महागढीमाई नगरपालिका","municipalityType":"municipality"},"geometry":{"type":"Polygon","coordinates":[[[85.09750851800004,26.96766676900006],[85.09689289200008,26.96820639400005],[85.09438889300003,26.966763644000025],[85.09292095500007,26.967307582000046],[85.09255151800005,26.969609769000044],[85.09311551800005,26.97116008200004],[85.09047726700004,26.972189144000026],[85.09063539300007,26.97356883200007],[85.08856533100004,26.976856707000024],[85.08902614300007,26.978944957000067],[85.09054045500005,26.978879019000033],[85.09125295600006,26.980351519000067],[85.09006520500003,26.981373769000072],[85.09123745500005,26.984681769000076],[85.09075858100005,26.986544769000034],[85.09246420500006,26.989907206000055],[85.09219614200003,26.99136470600007],[85.08898358000005,26.992705081000054],[85.08923964300004,26.996076456000026],[85.08832733000008,26.996884581000074],[85.08652789200005,26.995747644000062],[85.08427164300008,26.996487081000055],[85.08157426800005,26.99594595600007],[85.08054020600008,26.998386269000036],[85.08224826800006,27.004316706000054],[85.08411495500008,27.00437683100006],[85.08719126800008,27.00703376900003],[85.08882895600004,27.011362519000045],[85.09097545500003,27.01208376900007],[85.09129845500007,27.013834519000056],[85.08848039300005,27.01591195700007],[85.08771433000004,27.021132519000048],[85.08712983000004,27.02192001900005],[85.08460808000007,27.02136633200007],[85.08218008000006,27.02244551900003],[85.07931464200004,27.025078269000062],[85.07873820500004,27.023356456000045],[85.07740114300003,27.022723644000052],[85.07566014300005,27.026827894000064],[85.07051514300008,27.026192394000077],[85.06679264200005,27.026759957000024],[85.06231145500004,27.028450082000063],[85.06220145500004,27.031483581000032],[85.05405926800006,27.031077707000065],[85.05120914200006,27.03220689400007],[85.04675989300006,27.030049081000072],[85.04451158100005,27.029844644000036],[85.04416101800007,27.02858589400006],[85.04613801800008,27.02677508200003],[85.04777826800006,27.026158144000078],[85.04959926800007,27.02451764400007],[85.04986301800005,27.022940706000043],[85.04572595500008,27.023364081000068],[85.04256195600004,27.021528269000044],[85.04169758000006,27.019803956000032],[85.04334476800005,27.017149394000057],[85.04024520500008,27.017431831000067],[85.03743551700006,27.017109581000057],[85.03390583000004,27.016020832000038],[85.02739351800005,27.01179251900004],[85.02613764300008,27.010413957000026],[85.03003764300007,27.008544207000057],[85.03292683000006,27.009599394000077],[85.03451545500008,27.009276331000024],[85.03648545500005,27.007680082000036],[85.03672983000007,27.006367269000066],[85.03546189300005,27.004162957000062],[85.03140970500004,27.004231081000057],[85.03071945500005,27.003270332000056],[85.03356489300006,27.000925332000065],[85.03473945600007,26.999420644000054],[85.03276708000004,26.998458081000024],[85.03374264300004,26.994466019000072],[85.03044714300006,26.993704894000075],[85.02986276800004,26.992673457000024],[85.03056501800006,26.989297144000034],[85.02926389300006,26.986587582000027],[85.02599308000003,26.983240269000078],[85.02127358000007,26.983522769000047],[85.01664808000004,26.982355707000067],[85.01291214300005,26.979124269000067],[85.01178595500005,26.976828519000037],[85.01352870500006,26.975552332000063],[85.02056051800008,26.976165018000074],[85.01921001700003,26.97233433200006],[85.02248464200005,26.97337333200005],[85.02331208000004,26.972543769000026],[85.02625389300005,26.971662707000064],[85.03178233100004,26.971146144000045],[85.03638433000003,26.969368144000043],[85.03567070500003,26.968168456000058],[85.03638458000006,26.96643695700004],[85.03567076700006,26.965216957000052],[85.03381139300006,26.965056832000073],[85.03198408000009,26.96330114400007],[85.03151989300005,26.957891269000072],[85.02993458000003,26.957115331000068],[85.02626020600007,26.95694351900005],[85.02250908000008,26.958229893000066],[85.02131983000004,26.959215581000024],[85.01724601800004,26.95998514300004],[85.01322501700008,26.95561620600006],[85.01416158000006,26.955036332000077],[85.02482408000003,26.95254483100007],[85.02704389200005,26.952282706000062],[85.02724170500005,26.949654706000047],[85.02979845500005,26.94872220600007],[85.03083358000003,26.946875644000045],[85.03045701800005,26.944653457000072],[85.03756170500003,26.94359951900003],[85.03942183000004,26.94052151900007],[85.03995876800008,26.940998206000074],[85.03961914200005,26.944870519000062],[85.04054314300004,26.94582501900004],[85.04246726800005,26.945736332000024],[85.04501995500004,26.94643276900007],[85.04602495500006,26.949609206000048],[85.04712789300004,26.951385894000055],[85.04906876700005,26.95003339400006],[85.05281283000005,26.949129956000036],[85.05340864200008,26.948552394000046],[85.05260945500004,26.944243957000026],[85.05904601800006,26.942521457000055],[85.05927270600006,26.94428208100004],[85.05820826800004,26.94839008100007],[85.05636314300006,26.951215457000046],[85.05889545500008,26.95476395700007],[85.05999983100008,26.959356644000025],[85.06010633000005,26.96319858100003],[85.06305470600006,26.963742769000078],[85.06577576700005,26.963611644000025],[85.06571120600006,26.957826582000052],[85.06603895500007,26.95558339400003],[85.06414026800007,26.95385126900004],[85.06604176800005,26.95301776900004],[85.06457395500007,26.948484332000078],[85.06622814300005,26.946003269000073],[85.06340183100008,26.943319144000043],[85.06183270500009,26.939573893000045],[85.05992176800004,26.938972206000074],[85.06094020500007,26.937491082000065],[85.06459733000008,26.936569957000074],[85.06553983000003,26.933383519000074],[85.07033645500007,26.936036831000024],[85.07172220500007,26.938000831000068],[85.07437508000004,26.937391707000074],[85.07799926700005,26.934802957000045],[85.08130051700005,26.931966144000057],[85.08405545500005,26.93104920600007],[85.08378683000007,26.932314894000058],[85.08454033100008,26.936140581000075],[85.08388326700003,26.939767269000072],[85.08526133000004,26.941365519000044],[85.08561645500004,26.943278519000046],[85.08682170500003,26.944650207000052],[85.08721939200007,26.946468081000035],[85.09006714300006,26.94757889400006],[85.09281851800006,26.950436832000037],[85.09613470500005,26.95225914400004],[85.09608689300006,26.95505976900006],[85.09729164300006,26.956857832000026],[85.09610795500004,26.958590956000023],[85.09596970500007,26.960315957000034],[85.09688008000006,26.96272551900006],[85.09880683000006,26.96392226900008],[85.09856851800004,26.966740144000028],[85.09750851800004,26.96766676900006]]]}},{"type":"Feature","properties":{"STATE_CODE":2,"DISTRICT":"BARA","GaPa_NaPa":"Nijgadh","Type_GN":"Nagarpalika","Province":"2","provinceId":"2","provinceCode":"2","provinceName":"Madhesh","districtId":"207","districtName":"Bara","municipalityId":"20701","municipalityCode":"20701","municipalityName":"Nijagadh Urban Municipality","municipalityNameNe":"निजगढ नगरपालिका","municipalityType":"municipality"},"geometry":{"type":"Polygon","coordinates":[[[85.12007445500006,27.316216457000053],[85.11901051700005,27.31762614400003],[85.11430120500006,27.318467019000025],[85.11212864300006,27.318089456000052],[85.11053101800007,27.318745206000074],[85.10798083000003,27.31881283200005],[85.10613220500005,27.319957956000053],[85.10544451700008,27.323025207000057],[85.10155433000006,27.326706707000028],[85.10108551800005,27.328355269000042],[85.09711308000004,27.332186207000063],[85.09603233100006,27.335917645000052],[85.09496864300007,27.337776207000047],[85.09411995600004,27.34166601900006],[85.09523908000006,27.34305614400006],[85.09531001700003,27.348339957000064],[85.09438514300007,27.352327331000026],[85.09284320500007,27.353113332000078],[85.09355251800008,27.35630726900007],[85.09027864300003,27.357928144000027],[85.08927351800008,27.360643581000033],[85.08732789300007,27.361455207000063],[85.07936864300007,27.363245332000076],[85.07655526700006,27.363129394000055],[85.07273701800005,27.364092957000025],[85.06881489200003,27.360636957000054],[85.06844814200008,27.361916894000046],[85.06654514300004,27.361859206000076],[85.06554783100006,27.360770269000056],[85.06299745500007,27.36086864500004],[85.06172470500007,27.36182376900007],[85.06179226800003,27.363407207000023],[85.05956083000007,27.36422289400008],[85.05897058000005,27.365398394000067],[85.05547508000006,27.364319270000067],[85.05458358100003,27.362920332000044],[85.05224901800005,27.362992082000062],[85.05094689300006,27.361659331000055],[85.04900208000004,27.362050769000064],[85.04698751700005,27.361343894000072],[85.04624764300007,27.36006333200004],[85.04787989300007,27.35412139400006],[85.04820033000004,27.347094957000024],[85.04964539300005,27.343704082000045],[85.05040283100004,27.339621144000034],[85.05051964300003,27.335861144000035],[85.05342289300006,27.328589582000063],[85.05370333000008,27.326719206000064],[85.05183726800004,27.323881269000026],[85.05312695500004,27.320132706000038],[85.05204226700005,27.315955332000044],[85.05548808100008,27.314760582000076],[85.05416489200007,27.312275019000026],[85.05638614200006,27.309559645000036],[85.05589339200003,27.305402644000026],[85.05566926700004,27.300471895000044],[85.05267883000005,27.29955576900005],[85.05264339200005,27.296065456000065],[85.04526145500006,27.288877894000052],[85.04108283000005,27.28576364500003],[85.03732070500007,27.281518019000032],[85.03414964300003,27.276778269000033],[85.03029401700007,27.26773601900004],[85.02987301800005,27.26472908100004],[85.02996420500006,27.259687581000037],[85.03066889200005,27.257047019000026],[85.03206714200007,27.254315519000045],[85.03428708000007,27.251379331000066],[85.03524333000007,27.247701144000075],[85.03688045500007,27.244622582000034],[85.04205158000008,27.238600206000058],[85.04529145500004,27.236064706000036],[85.05064583000006,27.23352008100005],[85.05384520600006,27.230546894000042],[85.05847208000006,27.224325019000048],[85.06069358100007,27.220352769000044],[85.06549358100006,27.21357651900007],[85.06838770500008,27.20754120600003],[85.06913370500007,27.20326414400006],[85.07101370500004,27.19862870700007],[85.07264870500006,27.196034894000036],[85.07513570600008,27.18939558200003],[85.07546845600007,27.18679814400008],[85.07691020500005,27.18433664400004],[85.07586776800008,27.17890901900006],[85.07612708100004,27.173789519000024],[85.07586301700007,27.171571207000056],[85.07417076800004,27.16755876900004],[85.08315620500008,27.164450332000058],[85.08657095500007,27.16368383200006],[85.09451583000003,27.163488957000027],[85.11061264200004,27.16671089400006],[85.12109870500007,27.17049270600006],[85.12669264300007,27.172257519000027],[85.13604158100009,27.175760706000062],[85.14236976800004,27.177791894000052],[85.14778164300003,27.178519394000034],[85.16873114300006,27.179594144000077],[85.17337108100008,27.179954769000062],[85.17529545500008,27.175130394000064],[85.17661989200008,27.173729394000077],[85.17747426800008,27.17099876900005],[85.17882195500005,27.169543331000057],[85.17976958100007,27.165133206000064],[85.18306239200007,27.164180394000027],[85.18535433100004,27.164598831000035],[85.18697533000005,27.163894644000038],[85.18463839300006,27.15645945600005],[85.18473776800005,27.155296581000073],[85.18875326800008,27.151571269000044],[85.18905026800007,27.150201394000078],[85.19207151700004,27.14687695600003],[85.19342045600007,27.145996769000078],[85.19421101800003,27.141646581000032],[85.19555245500004,27.140306207000037],[85.19895320500007,27.134952206000037],[85.20350083100004,27.124558894000074],[85.20847701800005,27.11687614400006],[85.21313989300006,27.119884269000067],[85.21480220600006,27.120632519000026],[85.22030908000005,27.124352894000026],[85.22255708100005,27.12543445600005],[85.22589664300006,27.12775201900007],[85.23346858000008,27.13389508100005],[85.23303026700006,27.137100644000043],[85.23360970500005,27.14399089400007],[85.23491176800007,27.14604408100007],[85.23684051800007,27.147123581000074],[85.24409314300004,27.15472426900004],[85.24679058100008,27.156451207000032],[85.24861908100007,27.158745456000077],[85.24930383000003,27.162191519000032],[85.24952664300008,27.16753477000003],[85.25227745500007,27.17496733100006],[85.25213339300007,27.179578269000046],[85.25314445500004,27.183016894000048],[85.25345551800007,27.189234769000052],[85.25430876800004,27.190903582000033],[85.25699295500004,27.194277519000025],[85.25750064300007,27.196348769000053],[85.25885445500006,27.198592957000074],[85.26115083100007,27.20128664400005],[85.26167026800005,27.203827082000032],[85.26430326700006,27.206648519000055],[85.26486883100006,27.210415957000066],[85.26743295500006,27.21270095600005],[85.26710808100006,27.21460595700006],[85.26472033000005,27.216987644000028],[85.26435176800004,27.219606019000025],[85.26497914300006,27.22163101900003],[85.27047383100006,27.22374508100006],[85.27324439300008,27.22617027000007],[85.27157470500003,27.227776082000048],[85.26960951900008,27.22598439500007],[85.26608183100006,27.226857894000034],[85.26305545500009,27.22668664400004],[85.26217339300007,27.22809127000005],[85.26002520600008,27.22892289500004],[85.25921933100005,27.230374144000052],[85.26032633000005,27.233915583000055],[85.25650433100003,27.236928269000032],[85.25378676900004,27.24271520800005],[85.25375201800006,27.244682957000066],[85.25126995600004,27.246108582000033],[85.24779708100004,27.24630433200008],[85.24519676900007,27.24839877000005],[85.24118414300005,27.248303520000036],[85.23890314300007,27.24739183300005],[85.23544289400007,27.24513452000008],[85.23402626800004,27.243100582000068],[85.23109370700007,27.244098832000077],[85.22895258000005,27.244293644000038],[85.22694164300003,27.245200270000055],[85.22258476900004,27.24368601900005],[85.21944695600007,27.244392582000046],[85.21742270500005,27.24651758300007],[85.21140201900005,27.244924957000023],[85.20988776800004,27.24561264500005],[85.20896489400008,27.24805070700006],[85.20467908100005,27.24995814400006],[85.20197014300004,27.249020207000058],[85.20057695500003,27.246234395000045],[85.19929989300005,27.245326956000042],[85.19512551900004,27.244796332000078],[85.19199358100008,27.245894770000064],[85.18437020600004,27.24704477000006],[85.18136508200007,27.24816445700003],[85.17957608200004,27.24938670800003],[85.18169895500006,27.251325020000024],[85.18318201900007,27.25429308100007],[85.17939933100007,27.25399783100005],[85.17765651800005,27.25338977000007],[85.17317220500007,27.25449470700005],[85.17233083000008,27.255156081000052],[85.17052095500009,27.259539457000074],[85.16713076800005,27.26021083200004],[85.16366170500004,27.261805581000033],[85.16029558100007,27.261402582000073],[85.15821389200005,27.261844019000023],[85.15707445600003,27.263728456000024],[85.15401314200005,27.26546176900007],[85.15353445500006,27.26806951900005],[85.15118001800005,27.269377331000044],[85.14778083000004,27.272227894000025],[85.14702039300005,27.277913332000026],[85.14644564200006,27.27979533100006],[85.14700133100007,27.282694582000033],[85.14475583000007,27.284567769000034],[85.14239358000003,27.28496608200004],[85.14097495500005,27.286272832000066],[85.13967626700008,27.289185081000028],[85.13440420500007,27.291737020000028],[85.12885320500004,27.292336957000032],[85.12933626700004,27.29533402000004],[85.12729101800005,27.301332082000044],[85.12349514300007,27.301565706000076],[85.12257783100006,27.30403695700005],[85.12281920500004,27.305747582000038],[85.12127301700008,27.308984332000023],[85.12123551700006,27.314106457000037],[85.12007445500006,27.316216457000053]]]}},{"type":"Feature","properties":{"STATE_CODE":2,"DISTRICT":"BARA","GaPa_NaPa":"Pacharauta","Type_GN":"Nagarpalika","Province":"2","provinceId":"2","provinceCode":"2","provinceName":"Madhesh","districtId":"207","districtName":"Bara","municipalityId":"20713","municipalityCode":"20713","municipalityName":"Pacharauta Urban Municipality","municipalityNameNe":"पचरौता नगरपालिका","municipalityType":"municipality"},"geometry":{"type":"Polygon","coordinates":[[[85.10546989300008,26.968850144000044],[85.10124908000006,26.96904564400006],[85.09981370500003,26.968018894000068],[85.09750851800004,26.96766676900006],[85.09856851800004,26.966740144000028],[85.09880683000006,26.96392226900008],[85.09688008000006,26.96272551900006],[85.09596970500007,26.960315957000034],[85.09610795500004,26.958590956000023],[85.09729164300006,26.956857832000026],[85.09608689300006,26.95505976900006],[85.09613470500005,26.95225914400004],[85.09281851800006,26.950436832000037],[85.09006714300006,26.94757889400006],[85.08721939200007,26.946468081000035],[85.08682170500003,26.944650207000052],[85.08561645500004,26.943278519000046],[85.08526133000004,26.941365519000044],[85.08388326700003,26.939767269000072],[85.08454033100008,26.936140581000075],[85.08378683000007,26.932314894000058],[85.08405545500005,26.93104920600007],[85.08538845600003,26.92933533200005],[85.08762889300004,26.92918495600003],[85.08895908000005,26.927184456000077],[85.08924314200004,26.925113081000063],[85.08593020500007,26.921629894000034],[85.08365558000008,26.919959456000072],[85.08391183000003,26.917008268000075],[85.07976208000008,26.91733789400007],[85.07883358000004,26.916117519000068],[85.07883814300004,26.913357769000072],[85.07597433000007,26.910710206000033],[85.07352983000004,26.910072144000026],[85.07083183000003,26.91004758200006],[85.06670333000005,26.910665581000046],[85.06227051800005,26.91051614400004],[85.06127939300006,26.909505894000063],[85.06201351800007,26.903292831000044],[85.05912408000006,26.89594708100003],[85.05526714200005,26.894739394000055],[85.05427433000006,26.893115331000047],[85.05426395500007,26.891120706000038],[85.05539551800007,26.888779019000026],[85.05355058000004,26.887603581000064],[85.05396283100004,26.885924019000072],[85.05649345600006,26.886692581000034],[85.06035308000008,26.885048018000077],[85.06054314200009,26.883631769000033],[85.05802195600006,26.881450581000024],[85.05644676700007,26.88410695700003],[85.05431076800005,26.88456745600007],[85.05395714300005,26.880429457000048],[85.05219251800008,26.87961445600007],[85.04758520500008,26.878355706000036],[85.04662820500005,26.879635456000074],[85.04493345500003,26.879101956000056],[85.04351745600007,26.87699126900003],[85.04429670500008,26.874916332000055],[85.04169495500008,26.874998706000042],[85.04048033100008,26.87741758100003],[85.03896845500003,26.877126331000056],[85.03904064300008,26.875187457000038],[85.03373895500005,26.874177082000074],[85.03113251700006,26.874579706000077],[85.03101183100006,26.872716706000062],[85.03007164300004,26.870940957000073],[85.03210476800007,26.867198331000054],[85.02923976800008,26.867095144000075],[85.02880508000004,26.86624758100004],[85.02955708100006,26.862606894000066],[85.03110014300006,26.862130768000043],[85.03095695500008,26.85903364400008],[85.02435820500006,26.855974394000043],[85.02421876800008,26.85459889300006],[85.03066726700007,26.85378933100003],[85.03538001800007,26.85273720600003],[85.04342708100006,26.851310644000023],[85.04568464300007,26.85072308100007],[85.05961714300008,26.848890893000032],[85.06060970600004,26.850115457000072],[85.05894864300006,26.852759019000075],[85.06078751800004,26.854349581000065],[85.06336876700004,26.853741269000068],[85.06440733000005,26.85489326800007],[85.06312908000007,26.856486956000026],[85.06490939300005,26.85793345700006],[85.06685970500007,26.856571706000068],[85.06393726800007,26.85399420600004],[85.06505008100004,26.849511207000035],[85.06615714200007,26.849390019000055],[85.06822901800007,26.851145769000027],[85.06865751800007,26.853710456000044],[85.07353464200008,26.854192456000078],[85.07663245600008,26.855732706000026],[85.08042958000004,26.85552770700008],[85.07927851800008,26.858311956000023],[85.08333326800005,26.855306894000023],[85.08485320500006,26.855606643000044],[85.08534508000008,26.853894644000036],[85.08653933000005,26.85322214400003],[85.08975689300007,26.852741581000032],[85.08964008000004,26.853809769000065],[85.08676189300007,26.854723269000033],[85.08789476800007,26.85605039400008],[85.08965364200003,26.856470081000055],[85.08887620500008,26.858506894000072],[85.09162595500004,26.859789956000043],[85.08790351700009,26.864261706000036],[85.08803514200008,26.866250894000075],[85.08978039300007,26.866742894000026],[85.09198508000009,26.868567206000023],[85.09109301700005,26.870656832000066],[85.09852208000007,26.871881019000057],[85.09764351800004,26.875166456000045],[85.09769183000003,26.87951651900005],[85.10308201700008,26.88081264300007],[85.10417633000003,26.888284331000023],[85.10560970600005,26.892052706000072],[85.10025608000007,26.893283644000064],[85.09094420600007,26.896891769000035],[85.09326495500005,26.89906714400007],[85.09323664300007,26.901423144000034],[85.09545276700004,26.90051239400003],[85.09702914300004,26.90326433100006],[85.09643583100006,26.904051956000046],[85.09702520500008,26.906572331000064],[85.09546601800008,26.910294082000064],[85.09502995500003,26.91251333200006],[85.09252058000004,26.914234144000034],[85.09291708000006,26.916525893000028],[85.09171901800005,26.91915726900004],[85.09228539200006,26.920725581000056],[85.09449089200007,26.92166751900004],[85.09563264300004,26.923116332000063],[85.09494226700008,26.925073519000023],[85.09651051700007,26.926365581000027],[85.09825339300005,26.92533889400005],[85.09903033000006,26.92355245600004],[85.09698651700006,26.921440519000043],[85.09740576800004,26.920345144000066],[85.10078289300003,26.91802401900003],[85.10200001800007,26.918091206000042],[85.10442583000008,26.920008331000076],[85.10409408000004,26.92129483100007],[85.10243389300007,26.921939644000076],[85.10037633000007,26.926646893000054],[85.10370176800006,26.928960894000056],[85.10420995500004,26.931256206000057],[85.10555576800004,26.931399144000068],[85.10728995500006,26.929165144000024],[85.11103295600003,26.930135394000047],[85.10947139200005,26.932638706000034],[85.10986295500004,26.933998581000026],[85.11273989300008,26.933732269000075],[85.11191089300007,26.937766581000062],[85.11566470500009,26.94146683100007],[85.11526501800006,26.94242670600005],[85.11275795500006,26.943841019000047],[85.11232258000007,26.945915894000052],[85.11320376800006,26.947061956000027],[85.11618914200005,26.94710383100005],[85.11834895600003,26.948126957000056],[85.12064858100007,26.947634832000062],[85.12216958000005,26.94879608100007],[85.12147608000004,26.950469144000067],[85.11854008100005,26.951483019000023],[85.11416214300004,26.953943331000062],[85.11584576800004,26.957292144000064],[85.11275901800008,26.958115331000045],[85.11158264300008,26.960958706000042],[85.11212764200008,26.96279564400004],[85.11071751800006,26.965697331000058],[85.10833583000004,26.966724644000067],[85.10546989300008,26.968850144000044]]]}},{"type":"Feature","properties":{"STATE_CODE":2,"DISTRICT":"BARA","GaPa_NaPa":"Parwanipur","Type_GN":"Gaunpalika","Province":"2","provinceId":"2","provinceCode":"2","provinceName":"Madhesh","districtId":"207","districtName":"Bara","municipalityId":"20704","municipalityCode":"20704","municipalityName":"Parawanipur Rural Municipality","municipalityNameNe":"परवानीपुर गाउँपालिका","municipalityType":"rural_municipality"},"geometry":{"type":"Polygon","coordinates":[[[84.96276614300007,27.075432957000032],[84.95599814300004,27.076898456000038],[84.95371414200008,27.078376269000046],[84.95195145500008,27.07689208100004],[84.94964970500007,27.071489831000065],[84.94926795500004,27.06896514400006],[84.94483245500004,27.06719883100004],[84.93929970600004,27.065999331000057],[84.93758745500008,27.065913769000076],[84.93767176700004,27.070367519000058],[84.93648295500003,27.06934645700005],[84.93379489200004,27.06839401900004],[84.92995408000007,27.069173144000047],[84.92575583000007,27.071170769000048],[84.91974358000004,27.072293331000026],[84.91376364300004,27.06343270600007],[84.91231183000008,27.060878769000055],[84.90874676800007,27.05574795600006],[84.90224245600007,27.045626519000052],[84.90398383000007,27.04207264400003],[84.90432189300003,27.039759831000026],[84.90337889200003,27.037419082000042],[84.90110014300006,27.033787207000046],[84.90384620500004,27.031971144000067],[84.90738520600007,27.03249445600005],[84.91333108000003,27.032668081000054],[84.91713026700006,27.033726519000027],[84.91436526700005,27.038474144000077],[84.91624758000006,27.04078376900003],[84.91852701800008,27.044647831000077],[84.92027089300007,27.048659894000025],[84.92278126700006,27.050841269000045],[84.92671295500008,27.049761644000057],[84.92777264200004,27.04867826900005],[84.93522901800003,27.049077957000065],[84.93702533000004,27.049530894000043],[84.93979739300005,27.048747457000047],[84.94156470600007,27.047611894000056],[84.93964570500003,27.043924082000046],[84.93969664300005,27.04292858200006],[84.94426439200004,27.04030083200007],[84.94546245500004,27.040577081000038],[84.94832358000008,27.03947020700008],[84.95191908000004,27.039994269000033],[84.95220633000008,27.04133495600007],[84.95030083000006,27.046163082000078],[84.95099701700008,27.04743108100007],[84.95332045600009,27.046433832000048],[84.95546058000008,27.04872089400004],[84.95720470600008,27.052001269000073],[84.95509133000007,27.05363126900005],[84.95625626800006,27.054880207000053],[84.95847208100008,27.055887331000065],[84.95993045500006,27.05962539400008],[84.96251408000006,27.061783019000075],[84.96474970500003,27.062431082000046],[84.96501151700005,27.064017831000058],[84.96242301800004,27.073404519000064],[84.96276614300007,27.075432957000032]]]}},{"type":"Feature","properties":{"STATE_CODE":2,"DISTRICT":"BARA","GaPa_NaPa":"Pheta","Type_GN":"Gaunpalika","Province":"2","provinceId":"2","provinceCode":"2","provinceName":"Madhesh","districtId":"207","districtName":"Bara","municipalityId":"20707","municipalityCode":"20707","municipalityName":"Pheta Rural Municipality","municipalityNameNe":"फेटा गाउँपालिका","municipalityType":"rural_municipality"},"geometry":{"type":"Polygon","coordinates":[[[84.95100120500007,27.02998164400003],[84.94641751800003,27.03026976900003],[84.93958276700005,27.030085394000025],[84.93777064200003,27.026857144000076],[84.93348414300004,27.02468101900007],[84.93691626800006,27.022121894000065],[84.93272358000007,27.01908770700004],[84.93013439300006,27.018664769000054],[84.92863845500005,27.020511456000065],[84.92704889300006,27.020862644000033],[84.92599508000006,27.01955858200006],[84.92490095500006,27.016943706000063],[84.92477951800004,27.014033582000025],[84.92640758000005,27.011863394000045],[84.92574608000007,27.009387831000026],[84.92386739200003,27.01086695600003],[84.92018839200006,27.010171206000052],[84.91965258000005,27.008021894000024],[84.91754445600003,27.006629893000024],[84.91730770500004,27.004541956000025],[84.91360014200006,27.000822456000037],[84.91424220600004,26.999692206000077],[84.91624251700006,26.99970858100005],[84.91722214300006,26.996793581000077],[84.91940926800004,26.994924456000035],[84.92081520500005,26.99271520600007],[84.92037958000003,26.991264831000024],[84.91833276700004,26.989384957000027],[84.91871201800006,26.984212832000026],[84.91825839300003,26.98199989400007],[84.92688789200008,26.980876081000076],[84.92910626700007,26.983941581000067],[84.93329539200005,26.98360258200006],[84.93680876800005,26.982947394000064],[84.93759076800006,26.983542519000025],[84.94144058000006,26.981630331000076],[84.94197401700006,26.980812144000026],[84.94138751800006,26.97775401900003],[84.94435020500003,26.976705207000066],[84.94784220500009,26.97872389400004],[84.95316670500006,26.979541019000067],[84.95488795500006,26.976072332000058],[84.95682464300006,26.97516564400007],[84.95983558000006,26.974863081000024],[84.96345283000005,26.97374176900007],[84.96589620500004,26.97562726900003],[84.96621483000007,26.977103082000042],[84.96804376800003,26.977663706000044],[84.97200295500005,26.98175008100003],[84.97314164300008,26.98477495700007],[84.97721383000004,26.98665801900006],[84.97898576800003,26.989412207000044],[84.97615351700006,26.991489769000054],[84.97043926700007,26.99288539400004],[84.96926970500004,26.994854332000045],[84.96928464300004,26.996675206000077],[84.96784326800008,26.997797582000032],[84.97025995500007,27.00413301900005],[84.96862458100009,27.005337956000062],[84.96423789300007,27.006002082000066],[84.96320801700006,27.004143019000026],[84.96162695500004,27.004264394000074],[84.96126364200006,27.007013019000055],[84.96541389200007,27.01095833200003],[84.96710189300006,27.015956207000045],[84.96737864300007,27.018632706000062],[84.96529726800009,27.020012207000036],[84.96226476800007,27.02029695600004],[84.95993601700008,27.01798864400007],[84.95837983000007,27.020327956000074],[84.95622683000005,27.02189283200005],[84.95456408000007,27.021096269000054],[84.95235170500007,27.022049956000046],[84.95079926800008,27.020812582000076],[84.94712614200006,27.024926207000078],[84.94568726800009,27.02552251900005],[84.94654951800004,27.02730833100003],[84.94940076800003,27.026799519000065],[84.95101001800003,27.028934581000044],[84.95100120500007,27.02998164400003]]]}},{"type":"Feature","properties":{"STATE_CODE":2,"DISTRICT":"BARA","GaPa_NaPa":"Prasauni","Type_GN":"Gaunpalika","Province":"2","provinceId":"2","provinceCode":"2","provinceName":"Madhesh","districtId":"207","districtName":"Bara","municipalityId":"20705","municipalityCode":"20705","municipalityName":"Prasauni Rural Municipality","municipalityNameNe":"प्रसौनी गाउँपालिका","municipalityType":"rural_municipality"},"geometry":{"type":"Polygon","coordinates":[[[85.00210058000005,27.068970957000033],[84.99846608000007,27.068647019000025],[84.99360501800004,27.069518582000057],[84.98903139300006,27.066306019000024],[84.98627370500003,27.063484519000042],[84.98475989300005,27.062885894000033],[84.98150126700006,27.063878957000043],[84.98230676800006,27.064836831000036],[84.98332383000007,27.068737956000064],[84.98152064200008,27.072315769000056],[84.97869808000007,27.072260956000036],[84.97663183000003,27.073872894000033],[84.97520258000003,27.076137019000043],[84.97109951800007,27.07565545600005],[84.96876745500003,27.075775331000045],[84.96664333000007,27.076622519000068],[84.96536745500003,27.07577614400003],[84.96276614300007,27.075432957000032],[84.96242301800004,27.073404519000064],[84.96501151700005,27.064017831000058],[84.96474970500003,27.062431082000046],[84.96251408000006,27.061783019000075],[84.95993045500006,27.05962539400008],[84.95847208100008,27.055887331000065],[84.95625626800006,27.054880207000053],[84.95509133000007,27.05363126900005],[84.95720470600008,27.052001269000073],[84.95546058000008,27.04872089400004],[84.95332045600009,27.046433832000048],[84.95099701700008,27.04743108100007],[84.95030083000006,27.046163082000078],[84.95220633000008,27.04133495600007],[84.95191908000004,27.039994269000033],[84.94832358000008,27.03947020700008],[84.94546245500004,27.040577081000038],[84.94426439200004,27.04030083200007],[84.93969664300005,27.04292858200006],[84.93964570500003,27.043924082000046],[84.94156470600007,27.047611894000056],[84.93979739300005,27.048747457000047],[84.93702533000004,27.049530894000043],[84.93522901800003,27.049077957000065],[84.92777264200004,27.04867826900005],[84.92671295500008,27.049761644000057],[84.92278126700006,27.050841269000045],[84.92027089300007,27.048659894000025],[84.91852701800008,27.044647831000077],[84.91624758000006,27.04078376900003],[84.91436526700005,27.038474144000077],[84.91713026700006,27.033726519000027],[84.91914026700005,27.034162457000036],[84.91905320500007,27.03213445600005],[84.91702945500003,27.030854644000044],[84.91606945500007,27.02830433200006],[84.91554776800007,27.024796519000063],[84.91249276700006,27.022174019000033],[84.91352358000006,27.01955876900007],[84.91731533000006,27.021307832000048],[84.92127026800006,27.020110831000068],[84.92265433000006,27.01882001900003],[84.92333001800006,27.022040144000073],[84.92599508000006,27.01955858200006],[84.92704889300006,27.020862644000033],[84.92863845500005,27.020511456000065],[84.93013439300006,27.018664769000054],[84.93272358000007,27.01908770700004],[84.93691626800006,27.022121894000065],[84.93348414300004,27.02468101900007],[84.93777064200003,27.026857144000076],[84.93958276700005,27.030085394000025],[84.94641751800003,27.03026976900003],[84.95100120500007,27.02998164400003],[84.95261114200008,27.03204445600005],[84.95482539200003,27.03091708200003],[84.95607933000008,27.031998394000027],[84.95533233000003,27.03432314400004],[84.95348233000004,27.035393956000064],[84.95459783000007,27.03775570700003],[84.95598670600003,27.038091519000034],[84.95833376800005,27.03597701900003],[84.96037108000007,27.035223019000057],[84.96346208000006,27.035702831000037],[84.96540326800005,27.038449207000042],[84.97055689300004,27.04242133200006],[84.97184520500008,27.039048019000063],[84.97422001800004,27.03835689400006],[84.97561845500007,27.03964695700006],[84.97544733000007,27.042225019000057],[84.97457783100003,27.04382414400004],[84.97594608000009,27.04584101900008],[84.97901208000008,27.04666583200003],[84.98054995500007,27.046580644000073],[84.98240764300004,27.048790331000077],[84.98402839300007,27.04895501900006],[84.98744951800006,27.048308269000074],[84.98841283000007,27.05030301900007],[84.99159439300007,27.052997394000045],[84.99388976700004,27.057570894000037],[84.99558826700007,27.059183519000044],[84.99805901800005,27.063243456000066],[85.00152858000007,27.06756920600003],[85.00210058000005,27.068970957000033]]]}},{"type":"Feature","properties":{"STATE_CODE":2,"DISTRICT":"BARA","GaPa_NaPa":"Simraungadh","Type_GN":"Nagarpalika","Province":"2","provinceId":"2","provinceCode":"2","provinceName":"Madhesh","districtId":"207","districtName":"Bara","municipalityId":"20712","municipalityCode":"20712","municipalityName":"Simroungadh Urban Municipality","municipalityNameNe":"सिम्रौनगढ नगरपालिका","municipalityType":"municipality"},"geometry":{"type":"Polygon","coordinates":[[[85.17821126800004,26.910340894000058],[85.17197339300003,26.911500769000043],[85.16915126800006,26.91310589400007],[85.16522070500008,26.913772519000076],[85.16306439300007,26.913309582000068],[85.16182851800005,26.91208326900005],[85.15736376700005,26.912634394000065],[85.15708076800007,26.91518420700004],[85.15764776800006,26.918327331000057],[85.15713108000006,26.919437206000055],[85.15778095600007,26.922620206000033],[85.15943458000004,26.925612269000055],[85.15938464300007,26.927377144000047],[85.15785770500008,26.930138019000026],[85.15711895500004,26.933052644000043],[85.15413045500009,26.932912394000027],[85.14858558000003,26.93112089400006],[85.14460539200007,26.927572269000052],[85.14077076700005,26.925078332000055],[85.13631108000004,26.923943144000077],[85.13310108100006,26.925548582000033],[85.12672939300006,26.927249019000044],[85.12597058000006,26.924736894000034],[85.12726458000003,26.921766082000033],[85.12497633000004,26.91973545700006],[85.12362170500006,26.924845831000027],[85.12212958000003,26.924855457000035],[85.12025151800003,26.921086331000026],[85.12055508000003,26.91888158100005],[85.11587026800004,26.917458769000064],[85.11257276800006,26.915932394000038],[85.10965564200006,26.913389706000032],[85.10666039300008,26.91205258100007],[85.10530695500006,26.91045433100004],[85.10491170500006,26.90850776900004],[85.10304876800006,26.903490456000043],[85.10187045500004,26.90267608100004],[85.09702914300004,26.90326433100006],[85.09545276700004,26.90051239400003],[85.09323664300007,26.901423144000034],[85.09326495500005,26.89906714400007],[85.09094420600007,26.896891769000035],[85.10025608000007,26.893283644000064],[85.10560970600005,26.892052706000072],[85.10417633000003,26.888284331000023],[85.10308201700008,26.88081264300007],[85.09769183000003,26.87951651900005],[85.09764351800004,26.875166456000045],[85.09852208000007,26.871881019000057],[85.09109301700005,26.870656832000066],[85.09198508000009,26.868567206000023],[85.09502426700004,26.867223644000035],[85.09830233000008,26.866783019000025],[85.10170658000004,26.870800144000043],[85.10702614200005,26.870564519000027],[85.10771283100007,26.87125864400008],[85.11301670500006,26.871083832000068],[85.11335889300005,26.87218001900004],[85.12592470600003,26.871062769000048],[85.12733851800004,26.869893956000055],[85.13256595600006,26.86838551900007],[85.13735476800008,26.867561769000076],[85.13849970500007,26.86920433100005],[85.14222901800008,26.87086658100003],[85.15594658000003,26.870353394000063],[85.16184395500005,26.869068519000052],[85.16771670500003,26.868273206000026],[85.17025608000006,26.868211581000025],[85.17858508000006,26.868934394000064],[85.17789301700003,26.871476393000023],[85.17600058100004,26.87235864300004],[85.17291920500008,26.872517394000056],[85.17097826800006,26.87389639400004],[85.16806945600007,26.877991019000035],[85.16930451800005,26.879661956000064],[85.17118926800003,26.877886269000044],[85.17313695500007,26.877222519000043],[85.17490933000005,26.87772676900005],[85.17391926800008,26.879693581000026],[85.17393520500008,26.881415144000073],[85.17226670500008,26.88244439400006],[85.17104308000006,26.88573989400004],[85.17076120500008,26.887750518000075],[85.16806651800005,26.89000895600003],[85.16667808000005,26.890140019000057],[85.16654564300006,26.89219220600006],[85.17041108000006,26.891930081000055],[85.17558020500007,26.891131332000043],[85.17773239300004,26.893299769000066],[85.17731989200007,26.896597644000053],[85.17526920500006,26.897072769000033],[85.17295870500004,26.899253644000055],[85.17363864300006,26.90111408200005],[85.17801689300006,26.900527019000037],[85.17844101700007,26.902290269000048],[85.17824283000004,26.905261393000046],[85.17926526800005,26.906642831000056],[85.17825870600007,26.90800283200008],[85.17821126800004,26.910340894000058]]]}},{"type":"Feature","properties":{"STATE_CODE":2,"DISTRICT":"BARA","GaPa_NaPa":"Suwarna","Type_GN":"Gaunpalika","Province":"2","provinceId":"2","provinceCode":"2","provinceName":"Madhesh","districtId":"207","districtName":"Bara","municipalityId":"20716","municipalityCode":"20716","municipalityName":"Subarna Rural Municipality","municipalityNameNe":"सुवर्ण गाउँपालिका","municipalityType":"rural_municipality"},"geometry":{"type":"Polygon","coordinates":[[[85.08405545500005,26.93104920600007],[85.08130051700005,26.931966144000057],[85.07799926700005,26.934802957000045],[85.07437508000004,26.937391707000074],[85.07172220500007,26.938000831000068],[85.07033645500007,26.936036831000024],[85.06553983000003,26.933383519000074],[85.06459733000008,26.936569957000074],[85.06094020500007,26.937491082000065],[85.05992176800004,26.938972206000074],[85.06183270500009,26.939573893000045],[85.06340183100008,26.943319144000043],[85.06622814300005,26.946003269000073],[85.06457395500007,26.948484332000078],[85.06604176800005,26.95301776900004],[85.06414026800007,26.95385126900004],[85.06603895500007,26.95558339400003],[85.06571120600006,26.957826582000052],[85.06577576700005,26.963611644000025],[85.06305470600006,26.963742769000078],[85.06010633000005,26.96319858100003],[85.05999983100008,26.959356644000025],[85.05889545500008,26.95476395700007],[85.05636314300006,26.951215457000046],[85.05820826800004,26.94839008100007],[85.05927270600006,26.94428208100004],[85.05904601800006,26.942521457000055],[85.05260945500004,26.944243957000026],[85.05340864200008,26.948552394000046],[85.05281283000005,26.949129956000036],[85.04906876700005,26.95003339400006],[85.04712789300004,26.951385894000055],[85.04602495500006,26.949609206000048],[85.04501995500004,26.94643276900007],[85.04246726800005,26.945736332000024],[85.04054314300004,26.94582501900004],[85.03961914200005,26.944870519000062],[85.03995876800008,26.940998206000074],[85.03942183000004,26.94052151900007],[85.03555451800008,26.936594331000038],[85.03488020500004,26.934645144000058],[85.03301158000005,26.932794956000066],[85.03547445500004,26.930520456000067],[85.03644408100007,26.92842614400007],[85.03448108000003,26.92517758100007],[85.03150239300004,26.926862394000068],[85.03136039300006,26.928129332000026],[85.02951933000008,26.930821269000035],[85.02593933100007,26.931858206000072],[85.02242070500006,26.93197401900005],[85.01454158100006,26.92998420600003],[85.01236095500008,26.92880845600007],[85.00929214300004,26.929171144000065],[85.00705858000003,26.930466581000076],[85.00271008000004,26.930969144000073],[85.00162120600004,26.93061133200007],[85.00173733000008,26.928157707000025],[85.00031883000008,26.925672019000046],[85.00130858000006,26.923004581000043],[85.00039401800007,26.91892683100008],[85.00101008000007,26.918347019000066],[85.00158876700004,26.91460614400006],[85.00112133100004,26.912050581000074],[85.00394876800004,26.909566394000024],[85.00256958100005,26.90425083100007],[85.00000045500008,26.904548831000056],[84.99877308000003,26.906229581000048],[84.99517276800003,26.905043206000073],[84.99491495500007,26.902982644000076],[85.00397645500004,26.896832706000055],[85.00607645600007,26.894818456000053],[85.00751495500003,26.894404331000032],[85.01976083000005,26.893185956000025],[85.02264045500004,26.892679956000052],[85.02472495500007,26.89149145700003],[85.03117020500008,26.89162733200004],[85.03803783000006,26.891152831000056],[85.04569026800004,26.890308894000043],[85.05539551800007,26.888779019000026],[85.05426395500007,26.891120706000038],[85.05427433000006,26.893115331000047],[85.05526714200005,26.894739394000055],[85.05912408000006,26.89594708100003],[85.06201351800007,26.903292831000044],[85.06127939300006,26.909505894000063],[85.06227051800005,26.91051614400004],[85.06670333000005,26.910665581000046],[85.07083183000003,26.91004758200006],[85.07352983000004,26.910072144000026],[85.07597433000007,26.910710206000033],[85.07883814300004,26.913357769000072],[85.07883358000004,26.916117519000068],[85.07976208000008,26.91733789400007],[85.08391183000003,26.917008268000075],[85.08365558000008,26.919959456000072],[85.08593020500007,26.921629894000034],[85.08924314200004,26.925113081000063],[85.08895908000005,26.927184456000077],[85.08762889300004,26.92918495600003],[85.08538845600003,26.92933533200005],[85.08405545500005,26.93104920600007]]]}},{"type":"Feature","properties":{"STATE_CODE":2,"DISTRICT":"PARSA","GaPa_NaPa":"Bahudaramai","Type_GN":"Nagarpalika","Province":"2","provinceId":"2","provinceCode":"2","provinceName":"Madhesh","districtId":"208","districtName":"Parsa","municipalityId":"20808","municipalityCode":"20808","municipalityName":"Bahudarmai Urban Municipality","municipalityNameNe":"बहुदरमाई नगरपालिका","municipalityType":"municipality"},"geometry":{"type":"Polygon","coordinates":[[[84.85491339300006,27.11114658200006],[84.85575526800005,27.113589706000027],[84.85465289300004,27.115528019000067],[84.84867595500003,27.116155457000048],[84.84656664300007,27.111824394000053],[84.84051964300005,27.110658019000027],[84.83816426800007,27.108690894000063],[84.83553533000008,27.107914519000076],[84.83331520600007,27.10802020700004],[84.83289933000003,27.11127883100005],[84.83097758000008,27.111937831000034],[84.83163664200003,27.116918519000023],[84.83430470500008,27.12193020600006],[84.83424220500007,27.122429269000065],[84.83165614300003,27.12228433200005],[84.82835951700008,27.121110206000026],[84.82536633000007,27.12098564400003],[84.82454958000005,27.119742581000025],[84.82469301800006,27.11797939400003],[84.82030108000004,27.115198019000047],[84.81630420500005,27.11530933100005],[84.81612708000006,27.11348933200003],[84.81789814200005,27.11273439400003],[84.81904364300004,27.11004689400005],[84.81739345500006,27.10886514400005],[84.81725639200005,27.106316081000045],[84.81823526800008,27.105085081000027],[84.81745708000005,27.102616457000067],[84.81903208000006,27.100578707000068],[84.81811451800007,27.09523383100003],[84.81689001800004,27.093704269000057],[84.81445989200006,27.095591269000067],[84.81040195500003,27.096849019000047],[84.80316926800003,27.100900394000064],[84.79822976800006,27.10091501900007],[84.79677126700005,27.09959645600003],[84.79795526800007,27.09589351900007],[84.79682858000007,27.091849457000023],[84.79348089200005,27.08852426900006],[84.79032614300007,27.08456370700003],[84.79384939200008,27.083844331000023],[84.79470020500008,27.081964394000067],[84.79486733000005,27.079743019000034],[84.79428626800006,27.07796364400008],[84.79507320500005,27.076142644000072],[84.79725339200007,27.07544658200004],[84.79769901800006,27.073952519000045],[84.80041233000009,27.072738832000027],[84.80388045500007,27.075219332000074],[84.80505601700008,27.075158456000054],[84.81190139300008,27.077413956000044],[84.81442233000007,27.076887144000068],[84.81320170500004,27.07551314400007],[84.81298308000004,27.072989456000073],[84.81428339300004,27.071011956000063],[84.81748858000003,27.070314144000065],[84.81911308000008,27.070460394000065],[84.82105651700005,27.069325331000073],[84.82137376700007,27.06771683100004],[84.82055683000004,27.06526870600004],[84.81749339200007,27.06185439400008],[84.81581589200005,27.05688176900003],[84.81630389300005,27.05500145700006],[84.81856633000007,27.053311707000034],[84.81866914300008,27.051510394000047],[84.82313708000004,27.051500082000075],[84.82649158000004,27.050798894000025],[84.82691433000008,27.048386519000076],[84.82806451700003,27.046450394000033],[84.82811776800008,27.04211970700004],[84.82909314300008,27.04024114400005],[84.83255414200005,27.039083394000045],[84.83467308000007,27.040381894000063],[84.83646220500003,27.039764269000045],[84.83825401700005,27.04010564400005],[84.83920345500007,27.03688664300006],[84.84062951800007,27.036002644000064],[84.84266633000004,27.039463269000066],[84.84149989300005,27.041458207000062],[84.83807470500005,27.04531251900005],[84.83854645500008,27.046650082000042],[84.84403095500005,27.048302894000074],[84.84269326800006,27.05108189400005],[84.84329370500006,27.05259245700006],[84.84519276800006,27.053258019000054],[84.84807839200005,27.056160644000045],[84.84795295500004,27.057328019000067],[84.84620595500007,27.058290769000052],[84.84603801800006,27.059514831000058],[84.84777389200008,27.063187019000054],[84.84950526800003,27.065153269000064],[84.85196351700006,27.066810519000057],[84.85303476700005,27.06839258100007],[84.84956651800007,27.071940519000066],[84.84933676700007,27.07381483100005],[84.85241308000008,27.07475964400004],[84.85329120500006,27.07578789400003],[84.85311008000008,27.079667956000037],[84.85612508000008,27.081396144000053],[84.85850039300004,27.083529894000037],[84.85648076700005,27.08556851900005],[84.85704833000005,27.088997206000045],[84.85299858000008,27.090488582000035],[84.85300720500004,27.092882707000058],[84.85431895500005,27.095465207000075],[84.85436751800006,27.09696095700008],[84.85216226700004,27.100993206000055],[84.85365233000005,27.105472331000044],[84.85491339300006,27.11114658200006]]]}},{"type":"Feature","properties":{"STATE_CODE":2,"DISTRICT":"PARSA","GaPa_NaPa":"Bindabasini","Type_GN":"Gaunpalika","Province":"2","provinceId":"2","provinceCode":"2","provinceName":"Madhesh","districtId":"208","districtName":"Parsa","municipalityId":"20814","municipalityCode":"20814","municipalityName":"Bindabasini Rural Municipality","municipalityNameNe":"बिन्दवासिनी गाउँपालिका","municipalityType":"rural_municipality"},"geometry":{"type":"Polygon","coordinates":[[[84.81866914300008,27.051510394000047],[84.81856633000007,27.053311707000034],[84.81630389300005,27.05500145700006],[84.81581589200005,27.05688176900003],[84.81749339200007,27.06185439400008],[84.82055683000004,27.06526870600004],[84.82137376700007,27.06771683100004],[84.82105651700005,27.069325331000073],[84.81911308000008,27.070460394000065],[84.81748858000003,27.070314144000065],[84.81428339300004,27.071011956000063],[84.81298308000004,27.072989456000073],[84.81320170500004,27.07551314400007],[84.81442233000007,27.076887144000068],[84.81190139300008,27.077413956000044],[84.80505601700008,27.075158456000054],[84.80388045500007,27.075219332000074],[84.80041233000009,27.072738832000027],[84.79769901800006,27.073952519000045],[84.79725339200007,27.07544658200004],[84.79573251800008,27.074187019000078],[84.79547089200008,27.071945519000053],[84.79618951700007,27.067958644000043],[84.79597164200004,27.065929019000066],[84.79772389300007,27.065273706000028],[84.79660658000006,27.062766269000065],[84.79356639200006,27.06103014400003],[84.79086726800006,27.057856831000038],[84.79062533000007,27.05435151900008],[84.79327808000005,27.056049269000027],[84.79685626800006,27.049412956000026],[84.79513914200004,27.04617995600006],[84.79114008000005,27.045096769000054],[84.79109233000008,27.042682581000065],[84.78990533000007,27.039087769000048],[84.78488708000003,27.038260582000078],[84.77972045500007,27.03810426900003],[84.77577514200004,27.03899939400003],[84.77369451800007,27.04189920700003],[84.76801751800008,27.042318456000032],[84.76722870500004,27.042780831000073],[84.76796220500006,27.046414394000067],[84.76469901800004,27.04761233100004],[84.76111051800007,27.046645644000023],[84.76144614300006,27.043908894000026],[84.76257026800005,27.041034769000078],[84.76529639200004,27.03935914400006],[84.76647789200007,27.035676769000077],[84.76850970500004,27.031148081000026],[84.76831358000004,27.030000519000055],[84.76646951800006,27.02766826900006],[84.76413920500005,27.020857144000047],[84.76701039300008,27.018357019000064],[84.76729701800008,27.015291081000044],[84.76526182900005,27.013248644000043],[84.76384289200007,27.010668082000052],[84.76443720500004,27.00867233200006],[84.76579876800008,27.01013395600006],[84.76687383000007,27.012707332000048],[84.76942883000004,27.01366826900005],[84.77313482900007,27.016944769000077],[84.77552364300004,27.01743033100007],[84.78480776800006,27.013890269000058],[84.78468776800008,27.011307207000073],[84.78626889300006,27.00788645700004],[84.78873339300003,27.008874582000033],[84.79101076700005,27.00838570600007],[84.79026301700009,27.00575870600005],[84.78912833000004,27.005169331000047],[84.78996058000007,27.00348801900003],[84.78847239200007,26.998263519000034],[84.79072251700006,26.998334331000024],[84.79598458000004,26.99566001900007],[84.79693126700005,26.998807081000052],[84.79856570500004,27.000248769000052],[84.79953158000006,27.00404108200007],[84.80124101700005,27.003250519000062],[84.80172264200007,27.00082208200007],[84.80267739300007,27.000642894000066],[84.80353858000007,27.004133394000064],[84.80773133000008,27.00598233100004],[84.80901739300003,27.00808708200003],[84.80885314200003,27.010042207000026],[84.80987489200004,27.011715206000076],[84.81203020500004,27.01065576900004],[84.81289483000006,27.012471831000028],[84.81289976800008,27.014383081000062],[84.81177995500008,27.014840831000072],[84.81004964200008,27.01360520600008],[84.80909870500005,27.01442301900005],[84.81083445500008,27.017818144000046],[84.81235908000008,27.01811176900003],[84.81340095500008,27.015578394000045],[84.81470858000006,27.015920581000046],[84.81575189200004,27.017961269000068],[84.81774420500005,27.019861019000075],[84.81977495500007,27.020456206000063],[84.81886014200006,27.022169707000046],[84.81714720500008,27.022060082000053],[84.81631970500007,27.024702769000044],[84.81206970500006,27.029901644000063],[84.81196426700006,27.034690581000064],[84.81251720500006,27.03859576900004],[84.81818514300005,27.03915639400003],[84.81992489200007,27.040836394000053],[84.81963483000004,27.04401758100005],[84.81863495500005,27.045934644000056],[84.81866914300008,27.051510394000047]]]}},{"type":"Feature","properties":{"STATE_CODE":2,"DISTRICT":"PARSA","GaPa_NaPa":"Birgunj","Type_GN":"Mahanagarpalika","Province":"2","provinceId":"2","provinceCode":"2","provinceName":"Madhesh","districtId":"208","districtName":"Parsa","municipalityId":"20807","municipalityCode":"20807","municipalityName":"Birgunj Metropolitian City","municipalityNameNe":"बिरगन्ज महानगरपालिका","municipalityType":"metropolitan"},"geometry":{"type":"Polygon","coordinates":[[[84.93767176700004,27.070367519000058],[84.93827539200004,27.074289769000075],[84.93752039300006,27.07482058200003],[84.93123139200009,27.07640801900004],[84.93007695500006,27.07840589400007],[84.93033539300006,27.080396644000075],[84.92647176700007,27.08350683100008],[84.93049533000004,27.089378707000037],[84.93228926800003,27.090000832000044],[84.93592670500004,27.090385144000038],[84.93664258000007,27.09203208100007],[84.93859658100007,27.091278894000027],[84.94157733000003,27.093551581000042],[84.94084883000005,27.096431207000023],[84.94131070500003,27.100636456000075],[84.94075508000003,27.103688644000044],[84.94234108000006,27.103829207000047],[84.94389389200006,27.105745832000025],[84.94381739300007,27.111128019000034],[84.94898539200005,27.11439895600006],[84.94944689200008,27.116043019000074],[84.95150089200007,27.116796332000035],[84.95369589300003,27.118927332000055],[84.95455220500008,27.12265370600005],[84.95602789200007,27.123289019000026],[84.95722533000009,27.12656858200006],[84.95697189200007,27.12902076900008],[84.95590651800006,27.130149519000042],[84.95618583000004,27.132370207000065],[84.95736164200008,27.134650269000076],[84.95416245500007,27.13616133200003],[84.95128408100004,27.138263519000077],[84.94900345500008,27.140885207000053],[84.94949670500006,27.143068394000068],[84.95180289300004,27.14500458200007],[84.95321483000004,27.148433769000064],[84.95321670500005,27.150884332000032],[84.95469039300008,27.15184233100007],[84.95281608000005,27.15532551900003],[84.95149314300005,27.156015956000033],[84.95145264300004,27.158159832000024],[84.95271426800008,27.160419019000074],[84.95079189300003,27.161530957000025],[84.94891214300003,27.159634769000036],[84.94733026700004,27.16134001900008],[84.94688151800005,27.16287289400003],[84.94732926800003,27.165403894000065],[84.95077126700005,27.17182501900004],[84.95122083000007,27.173665519000053],[84.95070926800008,27.17560276900008],[84.95075301800006,27.178901394000036],[84.95165201800006,27.18181514400004],[84.95357670500005,27.18398176900007],[84.95477483000008,27.18681901900004],[84.95503239300007,27.189581394000072],[84.95623014300008,27.19176645600004],[84.96062720500004,27.19352801900004],[84.96133101800007,27.19415951900004],[84.96239833000004,27.19745564400006],[84.96237914300008,27.201463207000074],[84.96116620500004,27.20451320600006],[84.96264601800004,27.21057058100007],[84.96536526800008,27.214496144000066],[84.96607545500007,27.21855514400005],[84.96672020500006,27.224970144000054],[84.96573870500004,27.227650769000036],[84.96573695500007,27.231543144000057],[84.95270070500004,27.232379269000035],[84.95130939200004,27.22981189400008],[84.95175708000005,27.226940957000068],[84.95105101800004,27.226212394000072],[84.95008745500007,27.22213258200003],[84.94957214200008,27.21799539400007],[84.94713314300003,27.213801456000056],[84.94638358000003,27.21104239400006],[84.94642551800007,27.20868639400004],[84.94520595600005,27.204587894000042],[84.94281133000004,27.202534832000026],[84.94272514200009,27.199105644000042],[84.94009533100007,27.197591207000073],[84.94086439200004,27.195636457000035],[84.94026533100003,27.19431370700005],[84.94043620500008,27.191670207000072],[84.94126895500006,27.189428519000046],[84.94039189300008,27.18699289400007],[84.93793326700006,27.185229082000035],[84.93836014300007,27.183619581000073],[84.93630801800003,27.18187326900005],[84.93566645500005,27.180205581000052],[84.93423420500005,27.17911170700006],[84.93235326800004,27.175852332000034],[84.93045089200007,27.174797644000023],[84.93248033000003,27.172171207000076],[84.93359058000004,27.168776894000075],[84.93164570500005,27.16699364400006],[84.93044895500003,27.16757020600005],[84.92856851800008,27.165939957000035],[84.92538551800004,27.16444464400007],[84.92149845500006,27.161223207000035],[84.92160589300005,27.158866769000042],[84.92036858000006,27.155415769000058],[84.91927964200005,27.154055456000037],[84.91998576800006,27.152024519000065],[84.91827670500004,27.151027019000026],[84.91947458100003,27.149283957000023],[84.92096914300004,27.15028058100006],[84.92507158000006,27.14961045700005],[84.92673845500008,27.14878714400004],[84.93017720500006,27.150301081000066],[84.93303995500008,27.150491894000027],[84.93312708000008,27.147005082000078],[84.93011583000003,27.144263144000035],[84.92742376800004,27.143649207000067],[84.92695458000009,27.142882831000065],[84.92744764200006,27.139203769000062],[84.92597439300005,27.136347769000054],[84.92264301700004,27.13425764400006],[84.92245151800006,27.13259139400003],[84.91931214300007,27.13067364400007],[84.91687576800007,27.133298081000078],[84.91269726700006,27.134006706000037],[84.91280264300008,27.135328394000055],[84.90762214300008,27.135977894000064],[84.90452945500004,27.138507144000073],[84.90307951800008,27.139024144000075],[84.89983826700006,27.138221394000027],[84.89764208000008,27.136423457000035],[84.89546758000006,27.135352019000038],[84.89152339200007,27.131924644000037],[84.89158808100007,27.13014389400007],[84.89265526700007,27.127330019000055],[84.89052333000006,27.126028019000046],[84.89217995500007,27.123368394000067],[84.89073533000004,27.122233519000076],[84.89204776800005,27.12117145600007],[84.88998295500005,27.120051769000042],[84.88865026800005,27.118230206000078],[84.88956876800006,27.115674581000064],[84.88697358000007,27.11140139400004],[84.88783758000005,27.110240582000074],[84.88477245500007,27.10871420600006],[84.88406076800004,27.10687514400007],[84.88110895500006,27.104583019000074],[84.87901976800003,27.10392145700007],[84.87982576700006,27.10203445600007],[84.87687164300007,27.100067206000062],[84.87772001800005,27.098200331000044],[84.87450276700008,27.097473457000035],[84.86921264300008,27.098747332000073],[84.86582276800004,27.099914581000064],[84.86360845500008,27.10149420700003],[84.86180126700003,27.103475269000057],[84.86087145500005,27.10594958100006],[84.85857158000005,27.107414582000047],[84.85740751700007,27.110176894000062],[84.85491339300006,27.11114658200006],[84.85365233000005,27.105472331000044],[84.85216226700004,27.100993206000055],[84.85436751800006,27.09696095700008],[84.85431895500005,27.095465207000075],[84.85300720500004,27.092882707000058],[84.85299858000008,27.090488582000035],[84.85704833000005,27.088997206000045],[84.85648076700005,27.08556851900005],[84.85850039300004,27.083529894000037],[84.85612508000008,27.081396144000053],[84.85311008000008,27.079667956000037],[84.85329120500006,27.07578789400003],[84.85241308000008,27.07475964400004],[84.84933676700007,27.07381483100005],[84.84956651800007,27.071940519000066],[84.85303476700005,27.06839258100007],[84.85196351700006,27.066810519000057],[84.84950526800003,27.065153269000064],[84.84777389200008,27.063187019000054],[84.84603801800006,27.059514831000058],[84.84620595500007,27.058290769000052],[84.84795295500004,27.057328019000067],[84.84807839200005,27.056160644000045],[84.84519276800006,27.053258019000054],[84.84329370500006,27.05259245700006],[84.84269326800006,27.05108189400005],[84.84403095500005,27.048302894000074],[84.83854645500008,27.046650082000042],[84.83807470500005,27.04531251900005],[84.84149989300005,27.041458207000062],[84.84266633000004,27.039463269000066],[84.84062951800007,27.036002644000064],[84.83920345500007,27.03688664300006],[84.83825401700005,27.04010564400005],[84.83646220500003,27.039764269000045],[84.83467308000007,27.040381894000063],[84.83255414200005,27.039083394000045],[84.82909314300008,27.04024114400005],[84.82811776800008,27.04211970700004],[84.82806451700003,27.046450394000033],[84.82691433000008,27.048386519000076],[84.82649158000004,27.050798894000025],[84.82313708000004,27.051500082000075],[84.81866914300008,27.051510394000047],[84.81863495500005,27.045934644000056],[84.81963483000004,27.04401758100005],[84.81992489200007,27.040836394000053],[84.81818514300005,27.03915639400003],[84.81251720500006,27.03859576900004],[84.81196426700006,27.034690581000064],[84.81206970500006,27.029901644000063],[84.81631970500007,27.024702769000044],[84.81714720500008,27.022060082000053],[84.81886014200006,27.022169707000046],[84.81977495500007,27.020456206000063],[84.82182208000006,27.02026826900004],[84.82478658000008,27.021054269000047],[84.82775814200005,27.020655456000043],[84.82995326700006,27.01952558200003],[84.83189833000006,27.019250082000042],[84.83465795500007,27.016952394000043],[84.84063558000008,27.013805019000074],[84.85687364300009,27.00795751900006],[84.85726014300008,27.006596768000065],[84.85536458000007,27.00613214400005],[84.85339358000004,27.002768332000073],[84.85405164300005,26.999255394000045],[84.85534026800008,26.99784401900007],[84.85974158000005,26.99763895600006],[84.85898845500003,26.996330269000055],[84.86022501800005,26.994630331000053],[84.85999545500005,26.99259858100004],[84.85706083000008,26.992275706000044],[84.85950983000004,26.98993433100003],[84.85811889200005,26.988798707000058],[84.85905014300005,26.98712095600007],[84.86104014300008,26.98770901900008],[84.86407576800008,26.98683976800004],[84.86694583000008,26.98393383100006],[84.86839201800007,26.98349601900003],[84.86989633000007,26.98726201900007],[84.86937920500003,26.988628144000074],[84.87285383000005,26.98867889400003],[84.87601514200009,26.986488519000034],[84.87937651800007,26.98785083200005],[84.88124701800007,26.989407394000068],[84.88215308000008,26.99124983100006],[84.88365808000003,26.992368706000036],[84.88877364200005,26.99372426900004],[84.89098545500008,26.997902956000075],[84.89334176700004,26.999451769000075],[84.89331764300005,27.001333894000027],[84.89545251700008,27.001712957000052],[84.89669345500005,27.003882582000074],[84.90002526700005,27.00436458200005],[84.90108495500004,27.007492081000066],[84.90349308000003,27.010590644000047],[84.90512301800004,27.01018083200006],[84.90613058000008,27.01211945600005],[84.90786295500004,27.01215114400003],[84.90884664300006,27.014396832000045],[84.91076614300005,27.014984644000037],[84.91347520500005,27.017932144000042],[84.91352358000006,27.01955876900007],[84.91249276700006,27.022174019000033],[84.91554776800007,27.024796519000063],[84.91606945500007,27.02830433200006],[84.91702945500003,27.030854644000044],[84.91905320500007,27.03213445600005],[84.91914026700005,27.034162457000036],[84.91713026700006,27.033726519000027],[84.91333108000003,27.032668081000054],[84.90738520600007,27.03249445600005],[84.90384620500004,27.031971144000067],[84.90110014300006,27.033787207000046],[84.90337889200003,27.037419082000042],[84.90432189300003,27.039759831000026],[84.90398383000007,27.04207264400003],[84.90224245600007,27.045626519000052],[84.90874676800007,27.05574795600006],[84.91231183000008,27.060878769000055],[84.91376364300004,27.06343270600007],[84.91974358000004,27.072293331000026],[84.92575583000007,27.071170769000048],[84.92995408000007,27.069173144000047],[84.93379489200004,27.06839401900004],[84.93648295500003,27.06934645700005],[84.93767176700004,27.070367519000058]]]}},{"type":"Feature","properties":{"STATE_CODE":2,"DISTRICT":"PARSA","GaPa_NaPa":"Chhipaharmai","Type_GN":"Gaunpalika","Province":"2","provinceId":"2","provinceCode":"2","provinceName":"Madhesh","districtId":"208","districtName":"Parsa","municipalityId":"20812","municipalityCode":"20812","municipalityName":"Chhipaharmai Rural Municipality","municipalityNameNe":"छिपहरमाई गाउँपालिका","municipalityType":"rural_municipality"},"geometry":{"type":"Polygon","coordinates":[[[84.69846951800008,27.058905519000064],[84.69683814200005,27.05932208200005],[84.69622795500004,27.060922769000058],[84.69428983000006,27.061679269000024],[84.69323489300007,27.063099331000046],[84.69140151700003,27.062959394000075],[84.69033857900007,27.060723831000075],[84.68235083000008,27.062613269000053],[84.68299676700008,27.066570394000053],[84.67861326800005,27.066693144000055],[84.67651120500005,27.068097832000035],[84.67470945500008,27.068415644000027],[84.67372483000008,27.069530581000038],[84.67522083000006,27.07162426900004],[84.67733326700005,27.071810456000037],[84.68130245500004,27.076002019000043],[84.68234170500006,27.080361206000077],[84.68129045500007,27.083599956000057],[84.68276026800004,27.08702958200007],[84.68334476700005,27.089872269000068],[84.68185676800005,27.091668956000035],[84.68158608000005,27.094538331000024],[84.68034239200006,27.096934082000075],[84.68229139300007,27.098799832000054],[84.68154107900006,27.100015206000023],[84.67882133000006,27.100378144000047],[84.67690651700008,27.100008269000057],[84.67681183000008,27.09621326900003],[84.67557133000008,27.095693394000023],[84.67232901800008,27.097942957000043],[84.67164014200006,27.095324081000058],[84.66973976800006,27.09333158100003],[84.66694608000006,27.094396456000027],[84.66629976800004,27.092980144000023],[84.66863045400004,27.09282014400003],[84.67242564200006,27.091436831000067],[84.67124982900003,27.089801957000077],[84.66867076700004,27.090261019000025],[84.66837626800003,27.087482332000036],[84.66580451800007,27.089182394000034],[84.66519020500004,27.088463269000044],[84.66584170500005,27.08597564400003],[84.66118233000003,27.08443383100007],[84.65996233000004,27.08232289400007],[84.65769483000008,27.084095956000056],[84.65609839200005,27.082478644000048],[84.65945383000007,27.080951019000054],[84.65875189200005,27.07893020700004],[84.65464108000003,27.080186019000053],[84.65425995500004,27.078161331000047],[84.65280664300008,27.076972144000024],[84.64931464200004,27.07558470600003],[84.64841657900007,27.072858394000036],[84.64957489200003,27.070878519000075],[84.64820001700008,27.070047706000025],[84.64686958000004,27.06630114400008],[84.64561976800007,27.065731457000027],[84.64744014200005,27.06382301900004],[84.64668889200004,27.061384832000044],[84.64525089200004,27.059854706000067],[84.64650720500003,27.058276144000047],[84.64676270500007,27.056449394000026],[84.64848564200008,27.051113644000054],[84.64530283000005,27.050652144000026],[84.64631501700006,27.048381894000045],[84.64490926800005,27.048270956000067],[84.64499683000008,27.046169706000057],[84.65423545500005,27.04277151900004],[84.65835901700007,27.041016956000078],[84.66696933000009,27.037826206000034],[84.68207101700006,27.031979269000033],[84.68846370500006,27.030239894000033],[84.70359126800008,27.026759957000024],[84.70217814300008,27.029271831000074],[84.70051039200007,27.029343332000053],[84.70178089300003,27.03194783200007],[84.70338420400003,27.03398426900003],[84.70023451700007,27.035448706000068],[84.70115045500006,27.037666831000024],[84.70103833000007,27.040000769000073],[84.69919901700007,27.042196519000072],[84.70043764300004,27.044322832000034],[84.70367626800004,27.045850144000042],[84.70231801700004,27.05155251900004],[84.70070333000007,27.053214644000036],[84.69962220400004,27.05689370600004],[84.69846951800008,27.058905519000064]]]}},{"type":"Feature","properties":{"STATE_CODE":2,"DISTRICT":"PARSA","GaPa_NaPa":"Dhobini","Type_GN":"Gaunpalika","Province":"2","provinceId":"2","provinceCode":"2","provinceName":"Madhesh","districtId":"208","districtName":"Parsa","municipalityId":"20811","municipalityCode":"20811","municipalityName":"Dhobini Rural Municipality","municipalityNameNe":"धोबीनी गाउँपालिका","municipalityType":"rural_municipality"},"geometry":{"type":"Polygon","coordinates":[[[84.72151714200004,27.11666983200007],[84.71011257900005,27.12005183100007],[84.69467658000008,27.12488583100003],[84.69132733000004,27.12816758100007],[84.68753564200006,27.132360832000074],[84.68581820500003,27.133210894000058],[84.68065120500006,27.134847207000064],[84.67965576800003,27.132491707000042],[84.68131026700007,27.132269332000078],[84.67999158000003,27.12931283200004],[84.68106445500007,27.127184207000028],[84.67776495500004,27.12322189400004],[84.67742239300009,27.120572081000034],[84.67916889200006,27.118900581000048],[84.67914495500008,27.11494270600008],[84.67679570400009,27.11376258100006],[84.67460645500006,27.113603831000034],[84.67351983000003,27.111117832000048],[84.67206339200004,27.110156707000044],[84.67301814200005,27.10703133100003],[84.67637101700006,27.108870144000036],[84.67594570500006,27.105029269000056],[84.67732833000008,27.10411320600008],[84.67758051800007,27.101180707000026],[84.67690651700008,27.100008269000057],[84.67882133000006,27.100378144000047],[84.68154107900006,27.100015206000023],[84.68229139300007,27.098799832000054],[84.68034239200006,27.096934082000075],[84.68158608000005,27.094538331000024],[84.68185676800005,27.091668956000035],[84.68334476700005,27.089872269000068],[84.68276026800004,27.08702958200007],[84.68129045500007,27.083599956000057],[84.68234170500006,27.080361206000077],[84.68130245500004,27.076002019000043],[84.67733326700005,27.071810456000037],[84.67522083000006,27.07162426900004],[84.67372483000008,27.069530581000038],[84.67470945500008,27.068415644000027],[84.67651120500005,27.068097832000035],[84.67861326800005,27.066693144000055],[84.68299676700008,27.066570394000053],[84.68235083000008,27.062613269000053],[84.69033857900007,27.060723831000075],[84.69140151700003,27.062959394000075],[84.69323489300007,27.063099331000046],[84.69428983000006,27.061679269000024],[84.69622795500004,27.060922769000058],[84.69683814200005,27.05932208200005],[84.69846951800008,27.058905519000064],[84.69820826800003,27.061179206000077],[84.69992089200008,27.06196951900006],[84.70534514200006,27.062946582000052],[84.70691001700004,27.064689831000067],[84.70699626700008,27.066681956000025],[84.70640476800008,27.07044433200008],[84.70746595500003,27.076852144000043],[84.70981595500007,27.07872683200003],[84.71029276700006,27.080380706000028],[84.71186808000004,27.08052170600007],[84.71321783000008,27.079185706000032],[84.71509301800006,27.08028870700008],[84.71514570500005,27.082854144000066],[84.71616026700008,27.084399207000047],[84.71367095500005,27.087530394000055],[84.71304189200004,27.089223769000057],[84.71485626800006,27.090266144000054],[84.71374395500004,27.09158958100005],[84.71053839300004,27.093032019000077],[84.71013376800005,27.095245456000043],[84.71157545500006,27.09685614400007],[84.71739783000004,27.10027676900006],[84.71994358000006,27.10100389400003],[84.72387683000005,27.102825082000038],[84.72390489200006,27.104738456000064],[84.72268308000008,27.106193457000074],[84.72033583000007,27.10734508200005],[84.71915870500004,27.10870501900007],[84.72120270500005,27.113444581000067],[84.72151714200004,27.11666983200007]]]}},{"type":"Feature","properties":{"STATE_CODE":2,"DISTRICT":"PARSA","GaPa_NaPa":"Jagarnathpur","Type_GN":"Gaunpalika","Province":"2","provinceId":"2","provinceCode":"2","provinceName":"Madhesh","districtId":"208","districtName":"Parsa","municipalityId":"20803","municipalityCode":"20803","municipalityName":"Jagarnathpur Rural Municipality","municipalityNameNe":"जगरनाथपुर गाउँपालिका","municipalityType":"rural_municipality"},"geometry":{"type":"Polygon","coordinates":[[[84.75169639200004,27.174179394000078],[84.74833401800004,27.173186456000053],[84.74887001800005,27.169480644000032],[84.74806589300005,27.165608207000048],[84.74517720500006,27.16088039400006],[84.74301758000007,27.156766894000043],[84.74248983000007,27.154504144000043],[84.74069626700003,27.15375089400004],[84.73790801800004,27.154020581000054],[84.73508170500008,27.155533769000044],[84.73366401700008,27.155060519000074],[84.72955232900006,27.15598902000005],[84.72705726700008,27.155106207000074],[84.72299570500007,27.15647658100005],[84.71973076800003,27.154925082000034],[84.71631526800007,27.15615658200005],[84.71561408000008,27.159441144000027],[84.71383201800006,27.159684894000065],[84.71238251700004,27.158178144000033],[84.70938408000006,27.15905758200006],[84.70677883000008,27.15889470600007],[84.70261101800008,27.159373707000043],[84.70335789300003,27.165036144000055],[84.70587726700006,27.168771582000034],[84.70192126800004,27.168793707000077],[84.70321964300007,27.170452457000067],[84.70267576700007,27.173747519000074],[84.70370576700003,27.176752582000063],[84.70495939300008,27.17788808100005],[84.70480951800005,27.179434581000066],[84.70564883000003,27.181592082000066],[84.70458239200008,27.183747894000078],[84.70181745500008,27.183057769000072],[84.69828114200004,27.183896769000057],[84.69911695400003,27.187737769000023],[84.69842551800008,27.19026395700007],[84.69658645500004,27.191676707000056],[84.69439139200006,27.192048644000067],[84.69191845500006,27.187789269000064],[84.68796414300004,27.185310707000042],[84.68481120500007,27.184910957000056],[84.68457183000004,27.18362364400008],[84.68711964300007,27.181329831000028],[84.68365845500006,27.179812269000024],[84.68448195500008,27.17726739400007],[84.68296626700004,27.175011519000066],[84.67762489200004,27.171289269000056],[84.67845164200008,27.16937401900003],[84.68099551800003,27.170104081000034],[84.68302239200005,27.168792206000035],[84.68259632900003,27.16728914400005],[84.68034533000008,27.166796894000072],[84.67937414300008,27.165682332000074],[84.67890351700004,27.162854894000077],[84.68156564200007,27.161059331000047],[84.68367826700006,27.159040769000057],[84.68651714300006,27.16060195600005],[84.68859626800008,27.15900320700007],[84.68610683000009,27.155075456000077],[84.68441226700008,27.153847144000054],[84.68428958000004,27.152234269000076],[84.68287583000006,27.15091883200006],[84.68539120500003,27.149730894000072],[84.68486920500004,27.147898894000036],[84.68573270500008,27.143381582000075],[84.68358226700008,27.139639457000044],[84.68192189300004,27.135281081000073],[84.68065120500006,27.134847207000064],[84.68581820500003,27.133210894000058],[84.68753564200006,27.132360832000074],[84.69132733000004,27.12816758100007],[84.69467658000008,27.12488583100003],[84.71011257900005,27.12005183100007],[84.72151714200004,27.11666983200007],[84.72515495500005,27.115398706000065],[84.72534395500008,27.11214833200006],[84.72726264300007,27.09970258100003],[84.73256283000006,27.096809206000046],[84.73342358000008,27.098695707000047],[84.73574076700004,27.099078519000045],[84.73926183000003,27.10125789400007],[84.74184514200005,27.106899206000037],[84.74258139200003,27.109758832000068],[84.74249301700007,27.112223456000038],[84.74395764200005,27.11605183100005],[84.74692001800008,27.117360707000046],[84.74778364200006,27.115636644000062],[84.75140608000004,27.112309206000077],[84.75208483000006,27.111233706000064],[84.75410964300005,27.110457894000035],[84.75954751700004,27.109212332000027],[84.76075351700007,27.112107706000074],[84.76443964300006,27.110426894000057],[84.76406076700005,27.106166332000043],[84.76465264300003,27.10466708100006],[84.76189551800007,27.103583081000068],[84.76213914200008,27.100185707000037],[84.76490970400005,27.099082956000075],[84.76487695500003,27.095745769000075],[84.76796901800003,27.094760832000077],[84.76963639300004,27.09542639400007],[84.77157808000004,27.095174331000067],[84.77194558000008,27.096476581000047],[84.77474895500006,27.09842658100007],[84.77514695500008,27.102490644000056],[84.77721383000005,27.10748883100007],[84.77848020500005,27.109386269000026],[84.77924514300008,27.11433283200006],[84.77551283000008,27.115150019000055],[84.77515614200007,27.11663001900007],[84.77608901800005,27.120618956000044],[84.77778301700005,27.122608831000036],[84.78169789300006,27.124897831000055],[84.78229108000005,27.12687120700008],[84.78041726800006,27.126613144000032],[84.77165376700003,27.127446831000043],[84.76295770500008,27.129044581000073],[84.75948458000005,27.128183394000075],[84.75541176800004,27.126463269000055],[84.75285483000005,27.12576845600006],[84.74856970500008,27.126982831000078],[84.74772401800004,27.12667364400005],[84.74442695500005,27.12751933100003],[84.74181814200006,27.128898332000063],[84.74319226800003,27.130078019000052],[84.74472601700006,27.13297626900004],[84.74330576700004,27.135321581000028],[84.74429026700005,27.138015144000065],[84.74632401800005,27.138602332000062],[84.74761851800008,27.140292394000028],[84.75040989200005,27.140060831000028],[84.75097151700004,27.14191495700004],[84.75059983000006,27.144423957000072],[84.75343001700008,27.144235081000033],[84.75477433000003,27.144956707000063],[84.75915864300003,27.149468644000024],[84.75884908000006,27.15163208200005],[84.75698664300006,27.153862581000055],[84.75832214200005,27.157185957000024],[84.75762414300004,27.15814651900007],[84.75833701700003,27.16013064400005],[84.75902189200008,27.164788894000026],[84.75798745500003,27.16655458200006],[84.75821264200005,27.169073895000054],[84.75640951700007,27.170787331000042],[84.75209264200004,27.172401394000076],[84.75169639200004,27.174179394000078]]]}},{"type":"Feature","properties":{"STATE_CODE":2,"DISTRICT":"PARSA","GaPa_NaPa":"Jirabhawani","Type_GN":"Gaunpalika","Province":"2","provinceId":"2","provinceCode":"2","provinceName":"Madhesh","districtId":"208","districtName":"Parsa","municipalityId":"20802","municipalityCode":"20802","municipalityName":"Jirabhawani Rural Municipality","municipalityNameNe":"जिराभवानी गाउँपालिका","municipalityType":"rural_municipality"},"geometry":{"type":"Polygon","coordinates":[[[84.77976170500006,27.24594076900007],[84.77293370500007,27.246698519000063],[84.76586570500007,27.246807206000028],[84.76228508000008,27.247846707000065],[84.75889351800004,27.248388644000045],[84.75005420500008,27.248485895000044],[84.74681751800006,27.248223394000036],[84.74789064200007,27.24568814400004],[84.74731083000006,27.24336701900006],[84.74606251700004,27.242067144000032],[84.74646145500003,27.239136144000042],[84.74269695500004,27.235956394000027],[84.74158283000008,27.233644894000065],[84.73794407900004,27.22976264400006],[84.73600976800003,27.226119519000065],[84.73559364200008,27.223307832000046],[84.73388583000008,27.220284019000076],[84.73436108000004,27.218571144000066],[84.73408851800008,27.21615358200006],[84.73568101700005,27.213450957000077],[84.73594664200004,27.211617269000044],[84.73459351700006,27.209654456000067],[84.73259683000003,27.209321895000073],[84.73242808000003,27.21150033200007],[84.72958151700004,27.210996144000035],[84.72833101800006,27.209953394000024],[84.72660807900007,27.21048808100005],[84.72491526800007,27.21294064400007],[84.72237445500008,27.214452144000063],[84.71981608000004,27.215103894000038],[84.71593376700008,27.21051595600005],[84.71465620400005,27.20817120600003],[84.71112376800005,27.205452019000063],[84.71245858000003,27.213347519000024],[84.71500576800008,27.216085270000065],[84.71398820500008,27.218091956000023],[84.71141889200004,27.218341956000074],[84.70910595400005,27.21712164400003],[84.70866039300006,27.220000957000025],[84.70789458000007,27.22134520700007],[84.70538570500008,27.22288326900008],[84.70108551700008,27.221151457000076],[84.69743683000007,27.221363831000076],[84.69492376700003,27.22305739500007],[84.69169026800006,27.222258769000064],[84.69181089200003,27.21737058100007],[84.69294101700007,27.21461201900007],[84.68982783000007,27.214850769000066],[84.68897989200008,27.213047519000042],[84.68679108000003,27.21244445600007],[84.68944514200007,27.208857082000065],[84.68794357900003,27.208171707000076],[84.68807289200004,27.206627644000037],[84.68643001800007,27.20561570700005],[84.68541020400005,27.203014394000036],[84.68279720500004,27.200700707000067],[84.68329108000006,27.199125456000047],[84.68568876800003,27.196884331000035],[84.68475808000005,27.192639832000054],[84.68476851700007,27.19072851900006],[84.68397151700003,27.188011019000044],[84.68163226700005,27.186138207000056],[84.68353595500008,27.183218020000027],[84.68457183000004,27.18362364400008],[84.68481120500007,27.184910957000056],[84.68796414300004,27.185310707000042],[84.69191845500006,27.187789269000064],[84.69439139200006,27.192048644000067],[84.69658645500004,27.191676707000056],[84.69842551800008,27.19026395700007],[84.69911695400003,27.187737769000023],[84.69828114200004,27.183896769000057],[84.70181745500008,27.183057769000072],[84.70458239200008,27.183747894000078],[84.70564883000003,27.181592082000066],[84.70480951800005,27.179434581000066],[84.70495939300008,27.17788808100005],[84.70370576700003,27.176752582000063],[84.70267576700007,27.173747519000074],[84.70321964300007,27.170452457000067],[84.70192126800004,27.168793707000077],[84.70587726700006,27.168771582000034],[84.70335789300003,27.165036144000055],[84.70261101800008,27.159373707000043],[84.70677883000008,27.15889470600007],[84.70938408000006,27.15905758200006],[84.71238251700004,27.158178144000033],[84.71383201800006,27.159684894000065],[84.71561408000008,27.159441144000027],[84.71631526800007,27.15615658200005],[84.71973076800003,27.154925082000034],[84.72299570500007,27.15647658100005],[84.72705726700008,27.155106207000074],[84.72955232900006,27.15598902000005],[84.73366401700008,27.155060519000074],[84.73508170500008,27.155533769000044],[84.73790801800004,27.154020581000054],[84.74069626700003,27.15375089400004],[84.74248983000007,27.154504144000043],[84.74301758000007,27.156766894000043],[84.74517720500006,27.16088039400006],[84.74806589300005,27.165608207000048],[84.74887001800005,27.169480644000032],[84.74833401800004,27.173186456000053],[84.75169639200004,27.174179394000078],[84.75279339200006,27.176538331000074],[84.75474214300004,27.178626394000048],[84.75832639200007,27.179748894000056],[84.76080845500007,27.17757370700008],[84.76259526700005,27.176893894000045],[84.76522251800003,27.178364269000042],[84.76806926800003,27.18120995700008],[84.76927089200007,27.183033394000063],[84.76635308000004,27.18771358200007],[84.76403482900008,27.188473144000056],[84.76102845500003,27.18805626900007],[84.75967308000008,27.189877831000047],[84.75991333000007,27.191079269000056],[84.76188470400007,27.193376956000066],[84.76293839200008,27.195433706000074],[84.76203195500005,27.19731151900004],[84.76238464200009,27.199263706000067],[84.76149745500004,27.200721706000024],[84.76328164200004,27.203029456000024],[84.76818664300004,27.20275895700007],[84.76958408000007,27.204590332000066],[84.77314339200007,27.213824706000025],[84.77632676700006,27.217548331000046],[84.77807758000006,27.220873769000036],[84.77848933000007,27.224542770000028],[84.77736420500008,27.23108839400004],[84.77656501800004,27.232699394000065],[84.77676964300008,27.234361269000033],[84.77856795500009,27.23774958200005],[84.77836333000005,27.241823707000037],[84.77951133000005,27.243879707000076],[84.77976170500006,27.24594076900007]]]}},{"type":"Feature","properties":{"STATE_CODE":2,"DISTRICT":"PARSA","GaPa_NaPa":"Kalikamai","Type_GN":"Gaunpalika","Province":"2","provinceId":"2","provinceCode":"2","provinceName":"Madhesh","districtId":"208","districtName":"Parsa","municipalityId":"20810","municipalityCode":"20810","municipalityName":"Kalikamai Rural Municipality","municipalityNameNe":"कालिकामाई गाउँपालिका","municipalityType":"rural_municipality"},"geometry":{"type":"Polygon","coordinates":[[[84.75464576700006,27.04821720700005],[84.75548514300004,27.05152533200004],[84.75717608000008,27.05364414400003],[84.75780195500005,27.056858644000044],[84.75693195500008,27.059426769000027],[84.75787326700004,27.06034239400003],[84.75796989200006,27.06562445700007],[84.75382951700004,27.066267269000036],[84.75304945500005,27.07109364400003],[84.74862276700009,27.071175957000037],[84.74935689300008,27.073907019000046],[84.74912370500004,27.077040331000035],[84.75314651700006,27.08608789400006],[84.75208151700008,27.086590019000027],[84.74766489300004,27.08390576900007],[84.74442570500008,27.083796582000048],[84.74197339200003,27.082742207000024],[84.73920870500007,27.080303894000053],[84.73836120500005,27.07801339400004],[84.73622308000006,27.07826383200006],[84.73591195500006,27.076843831000076],[84.73022039200004,27.078816394000057],[84.72716970500005,27.080928519000054],[84.72685151800005,27.082895644000075],[84.72501895500005,27.085082706000037],[84.72528070500005,27.092751332000034],[84.72710133000004,27.098056144000054],[84.72726264300007,27.09970258100003],[84.72534395500008,27.11214833200006],[84.72515495500005,27.115398706000065],[84.72151714200004,27.11666983200007],[84.72120270500005,27.113444581000067],[84.71915870500004,27.10870501900007],[84.72033583000007,27.10734508200005],[84.72268308000008,27.106193457000074],[84.72390489200006,27.104738456000064],[84.72387683000005,27.102825082000038],[84.71994358000006,27.10100389400003],[84.71739783000004,27.10027676900006],[84.71157545500006,27.09685614400007],[84.71013376800005,27.095245456000043],[84.71053839300004,27.093032019000077],[84.71374395500004,27.09158958100005],[84.71485626800006,27.090266144000054],[84.71304189200004,27.089223769000057],[84.71367095500005,27.087530394000055],[84.71616026700008,27.084399207000047],[84.71514570500005,27.082854144000066],[84.71509301800006,27.08028870700008],[84.71321783000008,27.079185706000032],[84.71186808000004,27.08052170600007],[84.71029276700006,27.080380706000028],[84.70981595500007,27.07872683200003],[84.70746595500003,27.076852144000043],[84.70640476800008,27.07044433200008],[84.70699626700008,27.066681956000025],[84.70691001700004,27.064689831000067],[84.70534514200006,27.062946582000052],[84.69992089200008,27.06196951900006],[84.69820826800003,27.061179206000077],[84.69846951800008,27.058905519000064],[84.69962220400004,27.05689370600004],[84.70070333000007,27.053214644000036],[84.70231801700004,27.05155251900004],[84.70367626800004,27.045850144000042],[84.70488295500007,27.047378581000032],[84.70750801700007,27.046401831000026],[84.71093389300006,27.04573020600003],[84.71180295500005,27.04495858100006],[84.71529564300005,27.044997269000078],[84.71633939200007,27.046048019000068],[84.71809508000007,27.045599019000065],[84.71881576800007,27.04369758100006],[84.71840526700004,27.041871894000053],[84.72223451700006,27.041055707000055],[84.72682483000006,27.040537894000067],[84.72805539200004,27.043966019000038],[84.73151914300007,27.04333426900007],[84.73334564200007,27.041487894000056],[84.73476270500004,27.04199058100005],[84.73615283000004,27.040672206000067],[84.73810808000007,27.036663331000057],[84.74145789300007,27.03426501900003],[84.74179064200007,27.03572776900006],[84.74387339200007,27.039151269000058],[84.74630176700003,27.04233370700007],[84.74627970500006,27.04556751900003],[84.75088489200004,27.04642983100007],[84.75378739300004,27.046211206000066],[84.75464576700006,27.04821720700005]]]}},{"type":"Feature","properties":{"STATE_CODE":2,"DISTRICT":"PARSA","GaPa_NaPa":"Pakahamainpur","Type_GN":"Gaunpalika","Province":"2","provinceId":"2","provinceCode":"2","provinceName":"Madhesh","districtId":"208","districtName":"Parsa","municipalityId":"20813","municipalityCode":"20813","municipalityName":"Pakaha Mainpur Rural Municipality","municipalityNameNe":"पकाहा मैनपुर गाउँपालिका","municipalityType":"rural_municipality"},"geometry":{"type":"Polygon","coordinates":[[[84.76111051800007,27.046645644000023],[84.75735570500007,27.047846081000046],[84.75464576700006,27.04821720700005],[84.75378739300004,27.046211206000066],[84.75088489200004,27.04642983100007],[84.74627970500006,27.04556751900003],[84.74630176700003,27.04233370700007],[84.74387339200007,27.039151269000058],[84.74179064200007,27.03572776900006],[84.74145789300007,27.03426501900003],[84.73810808000007,27.036663331000057],[84.73615283000004,27.040672206000067],[84.73476270500004,27.04199058100005],[84.73334564200007,27.041487894000056],[84.73151914300007,27.04333426900007],[84.72805539200004,27.043966019000038],[84.72682483000006,27.040537894000067],[84.72223451700006,27.041055707000055],[84.71840526700004,27.041871894000053],[84.71881576800007,27.04369758100006],[84.71809508000007,27.045599019000065],[84.71633939200007,27.046048019000068],[84.71529564300005,27.044997269000078],[84.71180295500005,27.04495858100006],[84.71093389300006,27.04573020600003],[84.70750801700007,27.046401831000026],[84.70488295500007,27.047378581000032],[84.70367626800004,27.045850144000042],[84.70043764300004,27.044322832000034],[84.69919901700007,27.042196519000072],[84.70103833000007,27.040000769000073],[84.70115045500006,27.037666831000024],[84.70023451700007,27.035448706000068],[84.70338420400003,27.03398426900003],[84.70178089300003,27.03194783200007],[84.70051039200007,27.029343332000053],[84.70217814300008,27.029271831000074],[84.70359126800008,27.026759957000024],[84.71175576700006,27.02120158200006],[84.71621532900008,27.021233206000034],[84.71669995400003,27.019678144000068],[84.71853983000005,27.01965745700005],[84.71922108000007,27.01742451900003],[84.72106889200006,27.01727964400004],[84.72186951700007,27.014906144000065],[84.72557514300007,27.013427144000048],[84.72976776800004,27.013252082000065],[84.73126926700007,27.014681644000063],[84.73522989300005,27.01350114400003],[84.74999976700008,27.006617456000072],[84.75892345500006,27.002584582000054],[84.76200970500008,27.004188144000068],[84.76301476800006,27.00528389300007],[84.76443720500004,27.00867233200006],[84.76384289200007,27.010668082000052],[84.76526182900005,27.013248644000043],[84.76729701800008,27.015291081000044],[84.76701039300008,27.018357019000064],[84.76413920500005,27.020857144000047],[84.76646951800006,27.02766826900006],[84.76831358000004,27.030000519000055],[84.76850970500004,27.031148081000026],[84.76647789200007,27.035676769000077],[84.76529639200004,27.03935914400006],[84.76257026800005,27.041034769000078],[84.76144614300006,27.043908894000026],[84.76111051800007,27.046645644000023]]]}},{"type":"Feature","properties":{"STATE_CODE":2,"DISTRICT":"PARSA","GaPa_NaPa":"Parsagadhi","Type_GN":"Nagarpalika","Province":"2","provinceId":"2","provinceCode":"2","provinceName":"Madhesh","districtId":"208","districtName":"Parsa","municipalityId":"20806","municipalityCode":"20806","municipalityName":"Parsagadhi Urban Municipality","municipalityNameNe":"पर्सागढी नगरपालिका","municipalityType":"municipality"},"geometry":{"type":"Polygon","coordinates":[[[84.89568695600008,27.23564151900007],[84.89467026800008,27.234467894000034],[84.89577714300003,27.230193832000054],[84.89090901700007,27.22735470600003],[84.88819645500007,27.22382708200007],[84.88601689300003,27.218899144000034],[84.88428726800004,27.217863082000065],[84.88112745500007,27.213972581000064],[84.88018758000004,27.212168769000073],[84.87860795500006,27.21076839400007],[84.87570676700005,27.20576589500007],[84.87305901700006,27.203223582000078],[84.87049351700006,27.199798457000043],[84.86845664300006,27.198299269000074],[84.86643064200007,27.195673956000064],[84.86474601700007,27.195490332000077],[84.86233108000005,27.197398332000034],[84.85817826700008,27.195474269000044],[84.85598070500004,27.195374832000027],[84.85746533000008,27.191344769000068],[84.85725326700003,27.188861644000042],[84.85590376800008,27.185543832000064],[84.85344326700005,27.184353894000026],[84.85343189300005,27.18045476900005],[84.85303920500007,27.176846769000065],[84.85434695500004,27.175369832000058],[84.85683970500008,27.17535689400006],[84.86024226800004,27.174632019000057],[84.85984076800008,27.17253370700007],[84.85706839300008,27.16970076900003],[84.85724226800005,27.164884331000053],[84.85566295500007,27.164472019000073],[84.85347964200008,27.16591595600005],[84.84984601800005,27.164252394000073],[84.84690933000007,27.16466951900003],[84.84593158000007,27.162055644000077],[84.84055458000006,27.15782095700007],[84.83915220500006,27.155322394000052],[84.84003326700008,27.15052201900005],[84.84172064200004,27.148219331000064],[84.84097645500003,27.145432519000053],[84.84133876800007,27.14252620600007],[84.83956745500006,27.139075331000072],[84.83642726700003,27.137733394000065],[84.83477858000003,27.136499894000053],[84.83522101800008,27.13290264400007],[84.83427120500005,27.13109183200004],[84.83386664300008,27.128151769000056],[84.83457783000006,27.126274644000034],[84.83608695500004,27.125466894000056],[84.83717308000007,27.123831206000034],[84.83424220500007,27.122429269000065],[84.83430470500008,27.12193020600006],[84.83163664200003,27.116918519000023],[84.83097758000008,27.111937831000034],[84.83289933000003,27.11127883100005],[84.83331520600007,27.10802020700004],[84.83553533000008,27.107914519000076],[84.83816426800007,27.108690894000063],[84.84051964300005,27.110658019000027],[84.84656664300007,27.111824394000053],[84.84867595500003,27.116155457000048],[84.85465289300004,27.115528019000067],[84.85575526800005,27.113589706000027],[84.85491339300006,27.11114658200006],[84.85740751700007,27.110176894000062],[84.85857158000005,27.107414582000047],[84.86087145500005,27.10594958100006],[84.86180126700003,27.103475269000057],[84.86360845500008,27.10149420700003],[84.86582276800004,27.099914581000064],[84.86921264300008,27.098747332000073],[84.87450276700008,27.097473457000035],[84.87772001800005,27.098200331000044],[84.87687164300007,27.100067206000062],[84.87982576700006,27.10203445600007],[84.87901976800003,27.10392145700007],[84.88110895500006,27.104583019000074],[84.88406076800004,27.10687514400007],[84.88477245500007,27.10871420600006],[84.88783758000005,27.110240582000074],[84.88697358000007,27.11140139400004],[84.88956876800006,27.115674581000064],[84.88865026800005,27.118230206000078],[84.88998295500005,27.120051769000042],[84.89204776800005,27.12117145600007],[84.89073533000004,27.122233519000076],[84.89217995500007,27.123368394000067],[84.89052333000006,27.126028019000046],[84.89265526700007,27.127330019000055],[84.89158808100007,27.13014389400007],[84.89152339200007,27.131924644000037],[84.89546758000006,27.135352019000038],[84.89764208000008,27.136423457000035],[84.89983826700006,27.138221394000027],[84.90307951800008,27.139024144000075],[84.90452945500004,27.138507144000073],[84.90762214300008,27.135977894000064],[84.91280264300008,27.135328394000055],[84.91269726700006,27.134006706000037],[84.91687576800007,27.133298081000078],[84.91931214300007,27.13067364400007],[84.92245151800006,27.13259139400003],[84.92264301700004,27.13425764400006],[84.92597439300005,27.136347769000054],[84.92744764200006,27.139203769000062],[84.92695458000009,27.142882831000065],[84.92742376800004,27.143649207000067],[84.93011583000003,27.144263144000035],[84.93312708000008,27.147005082000078],[84.93303995500008,27.150491894000027],[84.93017720500006,27.150301081000066],[84.92673845500008,27.14878714400004],[84.92507158000006,27.14961045700005],[84.92096914300004,27.15028058100006],[84.91947458100003,27.149283957000023],[84.91827670500004,27.151027019000026],[84.91998576800006,27.152024519000065],[84.91927964200005,27.154055456000037],[84.92036858000006,27.155415769000058],[84.92160589300005,27.158866769000042],[84.92149845500006,27.161223207000035],[84.92538551800004,27.16444464400007],[84.92856851800008,27.165939957000035],[84.93044895500003,27.16757020600005],[84.93164570500005,27.16699364400006],[84.93359058000004,27.168776894000075],[84.93248033000003,27.172171207000076],[84.93045089200007,27.174797644000023],[84.93235326800004,27.175852332000034],[84.93423420500005,27.17911170700006],[84.93566645500005,27.180205581000052],[84.93630801800003,27.18187326900005],[84.93836014300007,27.183619581000073],[84.93793326700006,27.185229082000035],[84.94039189300008,27.18699289400007],[84.94126895500006,27.189428519000046],[84.94043620500008,27.191670207000072],[84.94026533100003,27.19431370700005],[84.94086439200004,27.195636457000035],[84.94009533100007,27.197591207000073],[84.94272514200009,27.199105644000042],[84.94281133000004,27.202534832000026],[84.94520595600005,27.204587894000042],[84.94642551800007,27.20868639400004],[84.94638358000003,27.21104239400006],[84.94713314300003,27.213801456000056],[84.94957214200008,27.21799539400007],[84.95008745500007,27.22213258200003],[84.95105101800004,27.226212394000072],[84.95175708000005,27.226940957000068],[84.95130939200004,27.22981189400008],[84.95270070500004,27.232379269000035],[84.92796583100005,27.233869894000065],[84.91879626800005,27.234526019000043],[84.89568695600008,27.23564151900007]]]}},{"type":"Feature","properties":{"STATE_CODE":2,"DISTRICT":"PARSA","GaPa_NaPa":"Paterwasugauli","Type_GN":"Gaunpalika","Province":"2","provinceId":"2","provinceCode":"2","provinceName":"Madhesh","districtId":"208","districtName":"Parsa","municipalityId":"20804","municipalityCode":"20804","municipalityName":"Paterwa Sugauli Rural Municipality","municipalityNameNe":"पटेर्वा सुगौली गाउँपालिका","municipalityType":"rural_municipality"},"geometry":{"type":"Polygon","coordinates":[[[84.83972039300005,27.24062076900003],[84.82701120500008,27.241605769000046],[84.81310433000004,27.242485956000053],[84.80155201800005,27.243619894000062],[84.78936414200007,27.244970832000035],[84.78641808000003,27.245107019000045],[84.77976170500006,27.24594076900007],[84.77951133000005,27.243879707000076],[84.77836333000005,27.241823707000037],[84.77856795500009,27.23774958200005],[84.77676964300008,27.234361269000033],[84.77656501800004,27.232699394000065],[84.77736420500008,27.23108839400004],[84.77848933000007,27.224542770000028],[84.77807758000006,27.220873769000036],[84.77632676700006,27.217548331000046],[84.77314339200007,27.213824706000025],[84.76958408000007,27.204590332000066],[84.76818664300004,27.20275895700007],[84.76328164200004,27.203029456000024],[84.76149745500004,27.200721706000024],[84.76238464200009,27.199263706000067],[84.76203195500005,27.19731151900004],[84.76293839200008,27.195433706000074],[84.76188470400007,27.193376956000066],[84.75991333000007,27.191079269000056],[84.75967308000008,27.189877831000047],[84.76102845500003,27.18805626900007],[84.76403482900008,27.188473144000056],[84.76635308000004,27.18771358200007],[84.76927089200007,27.183033394000063],[84.76806926800003,27.18120995700008],[84.76522251800003,27.178364269000042],[84.76259526700005,27.176893894000045],[84.76080845500007,27.17757370700008],[84.75832639200007,27.179748894000056],[84.75474214300004,27.178626394000048],[84.75279339200006,27.176538331000074],[84.75169639200004,27.174179394000078],[84.75209264200004,27.172401394000076],[84.75640951700007,27.170787331000042],[84.75821264200005,27.169073895000054],[84.75798745500003,27.16655458200006],[84.75902189200008,27.164788894000026],[84.75833701700003,27.16013064400005],[84.75762414300004,27.15814651900007],[84.75832214200005,27.157185957000024],[84.75698664300006,27.153862581000055],[84.75884908000006,27.15163208200005],[84.75915864300003,27.149468644000024],[84.75477433000003,27.144956707000063],[84.75343001700008,27.144235081000033],[84.75059983000006,27.144423957000072],[84.75097151700004,27.14191495700004],[84.75040989200005,27.140060831000028],[84.74761851800008,27.140292394000028],[84.74632401800005,27.138602332000062],[84.74429026700005,27.138015144000065],[84.74330576700004,27.135321581000028],[84.74472601700006,27.13297626900004],[84.74319226800003,27.130078019000052],[84.74181814200006,27.128898332000063],[84.74442695500005,27.12751933100003],[84.74772401800004,27.12667364400005],[84.74856970500008,27.126982831000078],[84.75285483000005,27.12576845600006],[84.75541176800004,27.126463269000055],[84.75948458000005,27.128183394000075],[84.76295770500008,27.129044581000073],[84.77165376700003,27.127446831000043],[84.78041726800006,27.126613144000032],[84.78229108000005,27.12687120700008],[84.78144764300004,27.12844420600004],[84.78382651800007,27.13575789400005],[84.78317589300008,27.137578019000046],[84.78390958000006,27.139255082000034],[84.78193026700006,27.139536832000033],[84.78179776700006,27.142518394000035],[84.77997839300008,27.144692519000046],[84.77941339200004,27.146512207000058],[84.77991408000008,27.14851545600004],[84.77939133000007,27.150237831000027],[84.78091283000003,27.151928519000023],[84.77959701800006,27.152797831000044],[84.78246145500003,27.154690894000055],[84.78308789200008,27.156253394000032],[84.78590933000004,27.157934519000037],[84.78956695500005,27.160660207000035],[84.79206776700005,27.162097019000043],[84.79327720500004,27.164822832000027],[84.79495826700008,27.167069894000065],[84.80255889300008,27.166742269000054],[84.80673545500008,27.165400457000032],[84.80844583000004,27.168967207000037],[84.81527176800006,27.17095845600005],[84.81572633000007,27.171971332000055],[84.81555651700006,27.175417956000047],[84.81619901800008,27.179108144000054],[84.81626426800005,27.182627894000063],[84.81682595500007,27.183601644000078],[84.81562189300007,27.188660957000025],[84.81339445500004,27.19102739400006],[84.81563158000006,27.193024957000034],[84.81894995500005,27.190767144000063],[84.82221589300008,27.19015683200007],[84.82053839200006,27.188690957000063],[84.82076126800007,27.186985957000047],[84.82292064200004,27.18707033100003],[84.82393326700003,27.18520733200006],[84.82267339200007,27.182344457000056],[84.82521789300006,27.182482957000047],[84.82924933000004,27.184336581000025],[84.82900714300007,27.186310207000076],[84.82974270500006,27.187587519000033],[84.82710251700007,27.192023582000047],[84.82912639300008,27.193983769000056],[84.82825933000004,27.195327019000047],[84.82758389200006,27.199541581000062],[84.82907445500007,27.201717082000073],[84.83208989300005,27.204894394000064],[84.83192551800005,27.210960769000053],[84.83031545500006,27.21261301900006],[84.83233520500005,27.213709019000078],[84.83599689300007,27.212267894000036],[84.83608114300006,27.214426832000072],[84.83703676700009,27.218433206000043],[84.83930220500008,27.22088139400006],[84.83965020500005,27.22386014500006],[84.83852820500005,27.22723126900007],[84.83848364300007,27.229372957000066],[84.84004626800004,27.234253332000037],[84.83972039300005,27.24062076900003]]]}},{"type":"Feature","properties":{"STATE_CODE":2,"DISTRICT":"PARSA","GaPa_NaPa":"Pokhariya","Type_GN":"Nagarpalika","Province":"2","provinceId":"2","provinceCode":"2","provinceName":"Madhesh","districtId":"208","districtName":"Parsa","municipalityId":"20809","municipalityCode":"20809","municipalityName":"Pokhariya Urban Municipality","municipalityNameNe":"पोखरिया नगरपालिका","municipalityType":"municipality"},"geometry":{"type":"Polygon","coordinates":[[[84.77514695500008,27.102490644000056],[84.77474895500006,27.09842658100007],[84.77194558000008,27.096476581000047],[84.77157808000004,27.095174331000067],[84.76963639300004,27.09542639400007],[84.76796901800003,27.094760832000077],[84.76487695500003,27.095745769000075],[84.76490970400005,27.099082956000075],[84.76213914200008,27.100185707000037],[84.76189551800007,27.103583081000068],[84.76465264300003,27.10466708100006],[84.76406076700005,27.106166332000043],[84.76443964300006,27.110426894000057],[84.76075351700007,27.112107706000074],[84.75954751700004,27.109212332000027],[84.75410964300005,27.110457894000035],[84.75208483000006,27.111233706000064],[84.75140608000004,27.112309206000077],[84.74778364200006,27.115636644000062],[84.74692001800008,27.117360707000046],[84.74395764200005,27.11605183100005],[84.74249301700007,27.112223456000038],[84.74258139200003,27.109758832000068],[84.74184514200005,27.106899206000037],[84.73926183000003,27.10125789400007],[84.73574076700004,27.099078519000045],[84.73342358000008,27.098695707000047],[84.73256283000006,27.096809206000046],[84.72726264300007,27.09970258100003],[84.72710133000004,27.098056144000054],[84.72528070500005,27.092751332000034],[84.72501895500005,27.085082706000037],[84.72685151800005,27.082895644000075],[84.72716970500005,27.080928519000054],[84.73022039200004,27.078816394000057],[84.73591195500006,27.076843831000076],[84.73622308000006,27.07826383200006],[84.73836120500005,27.07801339400004],[84.73920870500007,27.080303894000053],[84.74197339200003,27.082742207000024],[84.74442570500008,27.083796582000048],[84.74766489300004,27.08390576900007],[84.75208151700008,27.086590019000027],[84.75314651700006,27.08608789400006],[84.74912370500004,27.077040331000035],[84.74935689300008,27.073907019000046],[84.74862276700009,27.071175957000037],[84.75304945500005,27.07109364400003],[84.75382951700004,27.066267269000036],[84.75796989200006,27.06562445700007],[84.75787326700004,27.06034239400003],[84.75693195500008,27.059426769000027],[84.75780195500005,27.056858644000044],[84.75717608000008,27.05364414400003],[84.75548514300004,27.05152533200004],[84.75464576700006,27.04821720700005],[84.75735570500007,27.047846081000046],[84.76111051800007,27.046645644000023],[84.76469901800004,27.04761233100004],[84.76796220500006,27.046414394000067],[84.76722870500004,27.042780831000073],[84.76801751800008,27.042318456000032],[84.77369451800007,27.04189920700003],[84.77577514200004,27.03899939400003],[84.77972045500007,27.03810426900003],[84.78488708000003,27.038260582000078],[84.78990533000007,27.039087769000048],[84.79109233000008,27.042682581000065],[84.79114008000005,27.045096769000054],[84.79513914200004,27.04617995600006],[84.79685626800006,27.049412956000026],[84.79327808000005,27.056049269000027],[84.79062533000007,27.05435151900008],[84.79086726800006,27.057856831000038],[84.79356639200006,27.06103014400003],[84.79660658000006,27.062766269000065],[84.79772389300007,27.065273706000028],[84.79597164200004,27.065929019000066],[84.79618951700007,27.067958644000043],[84.79547089200008,27.071945519000053],[84.79573251800008,27.074187019000078],[84.79725339200007,27.07544658200004],[84.79507320500005,27.076142644000072],[84.79428626800006,27.07796364400008],[84.79486733000005,27.079743019000034],[84.79470020500008,27.081964394000067],[84.79384939200008,27.083844331000023],[84.79032614300007,27.08456370700003],[84.78857658000004,27.08476083200003],[84.78688451700003,27.089213457000028],[84.78492883000007,27.091401956000027],[84.78503933000007,27.092516019000072],[84.78380826800003,27.094587644000057],[84.78474295500007,27.099285019000035],[84.78160695500009,27.100020081000025],[84.77514695500008,27.102490644000056]]]}},{"type":"Feature","properties":{"STATE_CODE":2,"DISTRICT":"PARSA","GaPa_NaPa":"SakhuwaPrasauni","Type_GN":"Gaunpalika","Province":"2","provinceId":"2","provinceCode":"2","provinceName":"Madhesh","districtId":"208","districtName":"Parsa","municipalityId":"20805","municipalityCode":"20805","municipalityName":"Sakhuwa Prasauni Rural Municipality","municipalityNameNe":"सखुवा प्रसौनी गाउँपालिका","municipalityType":"rural_municipality"},"geometry":{"type":"Polygon","coordinates":[[[84.89568695600008,27.23564151900007],[84.88613414200006,27.236340831000064],[84.85833789300005,27.23918776900007],[84.83972039300005,27.24062076900003],[84.84004626800004,27.234253332000037],[84.83848364300007,27.229372957000066],[84.83852820500005,27.22723126900007],[84.83965020500005,27.22386014500006],[84.83930220500008,27.22088139400006],[84.83703676700009,27.218433206000043],[84.83608114300006,27.214426832000072],[84.83599689300007,27.212267894000036],[84.83233520500005,27.213709019000078],[84.83031545500006,27.21261301900006],[84.83192551800005,27.210960769000053],[84.83208989300005,27.204894394000064],[84.82907445500007,27.201717082000073],[84.82758389200006,27.199541581000062],[84.82825933000004,27.195327019000047],[84.82912639300008,27.193983769000056],[84.82710251700007,27.192023582000047],[84.82974270500006,27.187587519000033],[84.82900714300007,27.186310207000076],[84.82924933000004,27.184336581000025],[84.82521789300006,27.182482957000047],[84.82267339200007,27.182344457000056],[84.82393326700003,27.18520733200006],[84.82292064200004,27.18707033100003],[84.82076126800007,27.186985957000047],[84.82053839200006,27.188690957000063],[84.82221589300008,27.19015683200007],[84.81894995500005,27.190767144000063],[84.81563158000006,27.193024957000034],[84.81339445500004,27.19102739400006],[84.81562189300007,27.188660957000025],[84.81682595500007,27.183601644000078],[84.81626426800005,27.182627894000063],[84.81619901800008,27.179108144000054],[84.81555651700006,27.175417956000047],[84.81572633000007,27.171971332000055],[84.81527176800006,27.17095845600005],[84.80844583000004,27.168967207000037],[84.80673545500008,27.165400457000032],[84.80255889300008,27.166742269000054],[84.79495826700008,27.167069894000065],[84.79327720500004,27.164822832000027],[84.79206776700005,27.162097019000043],[84.78956695500005,27.160660207000035],[84.78590933000004,27.157934519000037],[84.78308789200008,27.156253394000032],[84.78246145500003,27.154690894000055],[84.77959701800006,27.152797831000044],[84.78091283000003,27.151928519000023],[84.77939133000007,27.150237831000027],[84.77991408000008,27.14851545600004],[84.77941339200004,27.146512207000058],[84.77997839300008,27.144692519000046],[84.78179776700006,27.142518394000035],[84.78193026700006,27.139536832000033],[84.78390958000006,27.139255082000034],[84.78317589300008,27.137578019000046],[84.78382651800007,27.13575789400005],[84.78144764300004,27.12844420600004],[84.78229108000005,27.12687120700008],[84.78169789300006,27.124897831000055],[84.77778301700005,27.122608831000036],[84.77608901800005,27.120618956000044],[84.77515614200007,27.11663001900007],[84.77551283000008,27.115150019000055],[84.77924514300008,27.11433283200006],[84.77848020500005,27.109386269000026],[84.77721383000005,27.10748883100007],[84.77514695500008,27.102490644000056],[84.78160695500009,27.100020081000025],[84.78474295500007,27.099285019000035],[84.78380826800003,27.094587644000057],[84.78503933000007,27.092516019000072],[84.78492883000007,27.091401956000027],[84.78688451700003,27.089213457000028],[84.78857658000004,27.08476083200003],[84.79032614300007,27.08456370700003],[84.79348089200005,27.08852426900006],[84.79682858000007,27.091849457000023],[84.79795526800007,27.09589351900007],[84.79677126700005,27.09959645600003],[84.79822976800006,27.10091501900007],[84.80316926800003,27.100900394000064],[84.81040195500003,27.096849019000047],[84.81445989200006,27.095591269000067],[84.81689001800004,27.093704269000057],[84.81811451800007,27.09523383100003],[84.81903208000006,27.100578707000068],[84.81745708000005,27.102616457000067],[84.81823526800008,27.105085081000027],[84.81725639200005,27.106316081000045],[84.81739345500006,27.10886514400005],[84.81904364300004,27.11004689400005],[84.81789814200005,27.11273439400003],[84.81612708000006,27.11348933200003],[84.81630420500005,27.11530933100005],[84.82030108000004,27.115198019000047],[84.82469301800006,27.11797939400003],[84.82454958000005,27.119742581000025],[84.82536633000007,27.12098564400003],[84.82835951700008,27.121110206000026],[84.83165614300003,27.12228433200005],[84.83424220500007,27.122429269000065],[84.83717308000007,27.123831206000034],[84.83608695500004,27.125466894000056],[84.83457783000006,27.126274644000034],[84.83386664300008,27.128151769000056],[84.83427120500005,27.13109183200004],[84.83522101800008,27.13290264400007],[84.83477858000003,27.136499894000053],[84.83642726700003,27.137733394000065],[84.83956745500006,27.139075331000072],[84.84133876800007,27.14252620600007],[84.84097645500003,27.145432519000053],[84.84172064200004,27.148219331000064],[84.84003326700008,27.15052201900005],[84.83915220500006,27.155322394000052],[84.84055458000006,27.15782095700007],[84.84593158000007,27.162055644000077],[84.84690933000007,27.16466951900003],[84.84984601800005,27.164252394000073],[84.85347964200008,27.16591595600005],[84.85566295500007,27.164472019000073],[84.85724226800005,27.164884331000053],[84.85706839300008,27.16970076900003],[84.85984076800008,27.17253370700007],[84.86024226800004,27.174632019000057],[84.85683970500008,27.17535689400006],[84.85434695500004,27.175369832000058],[84.85303920500007,27.176846769000065],[84.85343189300005,27.18045476900005],[84.85344326700005,27.184353894000026],[84.85590376800008,27.185543832000064],[84.85725326700003,27.188861644000042],[84.85746533000008,27.191344769000068],[84.85598070500004,27.195374832000027],[84.85817826700008,27.195474269000044],[84.86233108000005,27.197398332000034],[84.86474601700007,27.195490332000077],[84.86643064200007,27.195673956000064],[84.86845664300006,27.198299269000074],[84.87049351700006,27.199798457000043],[84.87305901700006,27.203223582000078],[84.87570676700005,27.20576589500007],[84.87860795500006,27.21076839400007],[84.88018758000004,27.212168769000073],[84.88112745500007,27.213972581000064],[84.88428726800004,27.217863082000065],[84.88601689300003,27.218899144000034],[84.88819645500007,27.22382708200007],[84.89090901700007,27.22735470600003],[84.89577714300003,27.230193832000054],[84.89467026800008,27.234467894000034],[84.89568695600008,27.23564151900007]]]}},{"type":"Feature","properties":{"STATE_CODE":2,"DISTRICT":"PARSA","GaPa_NaPa":"Thori","Type_GN":"Gaunpalika","Province":"2","provinceId":"2","provinceCode":"2","provinceName":"Madhesh","districtId":"208","districtName":"Parsa","municipalityId":"20801","municipalityCode":"20801","municipalityName":"Thori Rural Municipality","municipalityNameNe":"ठोरी (सुवर्णपुर) गाउँपालिका","municipalityType":"rural_municipality"},"geometry":{"type":"Polygon","coordinates":[[[84.70841395400004,27.34267664400005],[84.69967151700007,27.34825133100003],[84.69469770500007,27.352631144000043],[84.68285683000005,27.35546276900004],[84.66843383000008,27.35873901900004],[84.66092951700006,27.36012633100006],[84.65936589300009,27.359960019000027],[84.65578714200007,27.361132207000026],[84.64613657900009,27.36303427000007],[84.64024664200008,27.364406270000075],[84.63314326700004,27.36552633200006],[84.58969851700004,27.374722270000063],[84.58650895400007,27.37576020700004],[84.56245751800003,27.375295019000077],[84.56171726700006,27.375749332000055],[84.55980220500004,27.37908308200008],[84.55790151700006,27.383177207000074],[84.55542270400008,27.386413895000032],[84.55178958000005,27.389650645000074],[84.54920820500007,27.390761957000052],[84.54412433000005,27.392203520000066],[84.53755851800008,27.393731770000045],[84.53801026800005,27.39121626900004],[84.54161126700006,27.387386582000033],[84.54120089200006,27.38513845700004],[84.53463020500004,27.383726394000064],[84.53259245400005,27.380778144000033],[84.52629701700005,27.383105957000055],[84.52201045400005,27.383814770000072],[84.51333295500007,27.382111707000035],[84.51209770400004,27.380525394000074],[84.50621708000006,27.380903395000075],[84.50468801800008,27.37972651900003],[84.50454883000003,27.377195207000057],[84.50385670500003,27.376317706000066],[84.49769082900008,27.376461644000074],[84.49597208000006,27.375080019000052],[84.49580501700007,27.373742519000075],[84.49409189200009,27.372329207000064],[84.49006308000008,27.37126476900005],[84.48958608000004,27.369134019000057],[84.48743020500007,27.366718082000034],[84.48602239200005,27.365865519000067],[84.48625607900004,27.363522457000045],[84.48757414200008,27.360631769000065],[84.48802333000003,27.35831270700004],[84.49224401800006,27.357167394000044],[84.49384433000006,27.35728133200007],[84.50100883000005,27.355604019000054],[84.50455314200008,27.355557456000042],[84.50586864300004,27.354453770000077],[84.50947908000006,27.35462789500008],[84.51289045500005,27.354254395000055],[84.51482045500006,27.352985894000028],[84.52028420400006,27.352403769000034],[84.52294395500007,27.35344539400006],[84.52516020400003,27.352071894000062],[84.52841558000006,27.35187226900007],[84.53042445500006,27.35075445700005],[84.53143358000005,27.35118389400003],[84.53574276700004,27.34990601900006],[84.54043914200008,27.350237707000076],[84.54372939300004,27.34916201900006],[84.54706358000004,27.34909039400003],[84.54984583000004,27.348402519000047],[84.55564095500006,27.348882832000072],[84.56234451700004,27.347815707000052],[84.56452489200007,27.347211207000043],[84.56718020500006,27.34731776900003],[84.57739045400007,27.344171020000033],[84.58017389200006,27.343902206000053],[84.58347489200008,27.342487207000033],[84.58704308000006,27.342122456000027],[84.58863276800008,27.34108683200003],[84.59149620400007,27.34104089400006],[84.59402826800005,27.340107207000074],[84.59566351800004,27.34028751900007],[84.60194233000004,27.338297456000078],[84.60558833000005,27.337873269000056],[84.60645783000007,27.336655519000033],[84.61028045500007,27.33519020700004],[84.61084808000004,27.336158019000038],[84.62097664200007,27.337584582000034],[84.62452483000004,27.336086269000077],[84.62492283000006,27.33529920700005],[84.63427526700008,27.322880144000067],[84.63895058000008,27.31580726900006],[84.64517364300008,27.30598095600004],[84.65017039200006,27.29763808100006],[84.65514551700005,27.288855082000055],[84.67407158000003,27.25472345600008],[84.67771201700003,27.247543707000034],[84.67864870500006,27.246298081000077],[84.68331983000007,27.236723519000066],[84.68410051700005,27.236412832000042],[84.68543282900004,27.232592831000034],[84.68785807900008,27.228774206000026],[84.68739745500005,27.226210769000033],[84.68948570400005,27.223648394000065],[84.69137545500007,27.22349920700003],[84.69169026800006,27.222258769000064],[84.69492376700003,27.22305739500007],[84.69743683000007,27.221363831000076],[84.70108551700008,27.221151457000076],[84.70538570500008,27.22288326900008],[84.70789458000007,27.22134520700007],[84.70866039300006,27.220000957000025],[84.70910595400005,27.21712164400003],[84.71141889200004,27.218341956000074],[84.71398820500008,27.218091956000023],[84.71500576800008,27.216085270000065],[84.71245858000003,27.213347519000024],[84.71112376800005,27.205452019000063],[84.71465620400005,27.20817120600003],[84.71593376700008,27.21051595600005],[84.71981608000004,27.215103894000038],[84.72237445500008,27.214452144000063],[84.72491526800007,27.21294064400007],[84.72660807900007,27.21048808100005],[84.72833101800006,27.209953394000024],[84.72958151700004,27.210996144000035],[84.73242808000003,27.21150033200007],[84.73259683000003,27.209321895000073],[84.73459351700006,27.209654456000067],[84.73594664200004,27.211617269000044],[84.73568101700005,27.213450957000077],[84.73408851800008,27.21615358200006],[84.73436108000004,27.218571144000066],[84.73388583000008,27.220284019000076],[84.73559364200008,27.223307832000046],[84.73600976800003,27.226119519000065],[84.73794407900004,27.22976264400006],[84.74158283000008,27.233644894000065],[84.74269695500004,27.235956394000027],[84.74646145500003,27.239136144000042],[84.74606251700004,27.242067144000032],[84.74731083000006,27.24336701900006],[84.74789064200007,27.24568814400004],[84.74681751800006,27.248223394000036],[84.72065495500004,27.24836276900004],[84.70480358000003,27.248283207000043],[84.69654133000006,27.248633707000067],[84.69658883000005,27.250382269000056],[84.70116414200004,27.253845770000055],[84.70383214200007,27.257713582000065],[84.70459626800005,27.260564207000073],[84.70459358000005,27.264242331000048],[84.70576645500006,27.26892764400003],[84.70584245500004,27.273365832000025],[84.70497839200004,27.275809456000047],[84.70122239300008,27.277308582000046],[84.69865476700005,27.278849081000033],[84.69791545500004,27.281783957000073],[84.69635051800003,27.282139269000027],[84.69263514300008,27.28047433200004],[84.69045776700005,27.27653851900004],[84.68747070500007,27.276219269000023],[84.68633239300004,27.278181207000046],[84.68536039200006,27.281320270000037],[84.68402608000008,27.283874394000065],[84.67749614200005,27.281491707000043],[84.67371351800006,27.282236581000063],[84.67284376800006,27.284294207000073],[84.67643370400003,27.288099394000028],[84.67544595500004,27.29150470700006],[84.67757670500004,27.293004019000023],[84.67890001700005,27.295039707000058],[84.68173982900004,27.295260582000026],[84.68461708000007,27.298182207000025],[84.68797945500006,27.300074706000032],[84.69103589200006,27.30323445700003],[84.69694476700005,27.306012270000053],[84.69928526700005,27.308647456000074],[84.70126733000006,27.312403644000028],[84.70249458000006,27.318438082000057],[84.70339289300006,27.320265832000075],[84.70640739300006,27.323529269000062],[84.70730001800007,27.325239707000037],[84.70751995500007,27.330033644000025],[84.70740820500004,27.33671108200008],[84.70841395400004,27.34267664400005]]]}}]}