{"type":"FeatureCollection","features":[{"type":"Feature","properties":{"STATE_CODE":7,"DISTRICT":"BAJURA","GaPa_NaPa":"Badimalika","Type_GN":"Nagarpalika","Province":"Sudur Pashchim","provinceId":"7","provinceCode":"7","provinceName":"Sudurpashchim","districtId":"701","districtName":"Bajura","municipalityId":"70106","municipalityCode":"70106","municipalityName":"Badimalika Urban Municipality","municipalityNameNe":"बडिमालिका नगरपालिका","municipalityType":"municipality"},"geometry":{"type":"Polygon","coordinates":[[[81.58698226400008,29.420077271000025],[81.58876857700005,29.42085439600004],[81.59189588900006,29.424041583000076],[81.59271145100007,29.425585459000047],[81.59091970200006,29.428338834000044],[81.59270607700006,29.431315271000074],[81.59419732700007,29.43272077100005],[81.59405270200006,29.441410896000036],[81.59343088900005,29.444066521000025],[81.58988164000004,29.449148834000027],[81.58737982600007,29.450766146000035],[81.58556945200007,29.452734333000024],[81.58328576500008,29.45385870900003],[81.57971451500003,29.45738220900006],[81.57676782700008,29.46335033400004],[81.57688113900008,29.46492214600005],[81.57848107700005,29.467148459000043],[81.57832863900006,29.47060952100003],[81.57648338900003,29.477549646000057],[81.57764613900008,29.48175627200004],[81.57935482700003,29.484683646000065],[81.58073820200008,29.48978027100003],[81.58271201400004,29.491355208000073],[81.58034201400005,29.491751271000055],[81.57621357600004,29.494907083000044],[81.57546245200007,29.49762858400004],[81.57200807700008,29.50000308400007],[81.57049413900006,29.502035271000068],[81.57010326400007,29.50419577100007],[81.56718588900003,29.507314459000042],[81.56158126400004,29.50965952100006],[81.55866182700004,29.510247022000044],[81.55539032700005,29.510023896000064],[81.55050714000004,29.512322521000044],[81.54731157700007,29.514350209000042],[81.54172676300004,29.515140021000036],[81.54250301400003,29.51838070900004],[81.54256395200008,29.52182733400008],[81.54471195200006,29.524484896000047],[81.54593388900008,29.527006397000036],[81.54610088900006,29.532162521000032],[81.54214807700004,29.53392695900004],[81.54221576500004,29.531147522000026],[81.53954126400004,29.529173271000047],[81.53749457700007,29.52895827100008],[81.53539145100007,29.52672220900007],[81.53293301400004,29.525450771000067],[81.53130195200004,29.52603027200007],[81.52768657700005,29.52572208400005],[81.52599551500003,29.52505433300007],[81.51902020100005,29.524824583000054],[81.51111513900008,29.522676084000068],[81.50865257600003,29.52116058400003],[81.50814626400006,29.52008658400007],[81.51042920100008,29.51911902100005],[81.50815276500003,29.51688095800006],[81.50659538900004,29.51606127100007],[81.50066138900007,29.514633272000026],[81.49999995200005,29.51217239700003],[81.49522382700007,29.51237302100003],[81.49407932700007,29.513428459000068],[81.49145788900006,29.51294864700003],[81.48941970100003,29.51160045900008],[81.48257913900005,29.51211495800004],[81.48183682700005,29.513428271000066],[81.47809376400005,29.516024709000078],[81.47634301400007,29.518882334000068],[81.47520957600005,29.516711771000075],[81.47282801400007,29.516090896000037],[81.46537926400003,29.515239647000044],[81.46351532600005,29.516836521000073],[81.45834189000004,29.516655959000047],[81.45813501500004,29.518104896000068],[81.45557982600008,29.517588084000067],[81.45426107700007,29.515675146000035],[81.45558857700007,29.51363583400007],[81.45463251400008,29.512084834000063],[81.45222263900007,29.511134334000076],[81.45144145200004,29.509733896000057],[81.44940932700007,29.509625708000044],[81.44790251400008,29.50729152100007],[81.44543570100006,29.50699295900006],[81.44505545200008,29.50187802100004],[81.44541101400006,29.49958264600008],[81.44495332600007,29.49782689700004],[81.44560376400005,29.49559595900007],[81.44733251400004,29.493334334000053],[81.44430601400006,29.490276521000055],[81.44414526400004,29.487705396000024],[81.44082026300003,29.488451834000045],[81.43998270100008,29.48541152100006],[81.44048451300006,29.48354652100005],[81.43760426400007,29.483059771000057],[81.43813507600004,29.48073670900004],[81.43967732600004,29.479786459000024],[81.43957770100008,29.47790089600005],[81.43834926400007,29.476125084000046],[81.43829163800007,29.474575521000077],[81.44058376400005,29.472966271000075],[81.44232570100007,29.466375709000033],[81.44094920100008,29.464625209000076],[81.43410332600007,29.463957459000028],[81.42969888900006,29.46500714600006],[81.42429645100003,29.463355146000026],[81.42277513800008,29.461401959000057],[81.41973776400005,29.458878209000034],[81.41630776300008,29.45675945800008],[81.41144313800004,29.45775139600005],[81.40957926300007,29.45883539600004],[81.40603620200005,29.453675833000034],[81.40513576500007,29.451192646000038],[81.40498170100005,29.447610833000056],[81.40364401400006,29.443865646000063],[81.40263963900009,29.442605396000033],[81.40246445200006,29.440503396000054],[81.40484895200007,29.43981720900007],[81.40664576400007,29.437989021000078],[81.40719220200003,29.435909709000043],[81.40908076400007,29.436100209000074],[81.41184913900008,29.43446289600007],[81.41363326400005,29.429550896000023],[81.41668807700006,29.42318883400003],[81.41818101400008,29.42183520900005],[81.41897676400004,29.419669334000048],[81.41807495200004,29.41623645900006],[81.41872901400006,29.413306272000057],[81.41749595200008,29.410431646000063],[81.41372345200006,29.41253464600004],[81.41249420100007,29.41280464700003],[81.41309895100005,29.41516464600005],[81.41140257700005,29.41717308400007],[81.41190863900005,29.421121584000048],[81.40976382700006,29.42248164600005],[81.40670245200005,29.425216146000025],[81.40275426400007,29.426423772000078],[81.40130176400004,29.428131334000057],[81.39911051400009,29.426940084000023],[81.39713407700003,29.428112146000046],[81.39397320100005,29.42689439700007],[81.39149338900006,29.424345834000064],[81.38649501400005,29.420809709000025],[81.38495563900005,29.418838021000056],[81.38468182700007,29.413526208000064],[81.38589307700005,29.41050439600008],[81.38877595100007,29.40824239600005],[81.39039588900005,29.404353021000077],[81.39325245200007,29.400169084000026],[81.39568551400004,29.397608209000055],[81.39790788900007,29.39853995900006],[81.39928245200008,29.397753084000044],[81.40364282700006,29.397613584000055],[81.40538951400003,29.397125583000047],[81.40705457700005,29.39556845800007],[81.40789313900007,29.393625834000034],[81.40977207600008,29.392907209000043],[81.41258276400004,29.388950772000044],[81.41298295100006,29.38742458400003],[81.41786445200006,29.378936271000043],[81.42183920100007,29.376205397000035],[81.42294551400005,29.374194208000063],[81.42467988900006,29.373967583000024],[81.42851670100004,29.372534146000078],[81.43135795100005,29.370181083000034],[81.43050545200003,29.366666959000042],[81.43460207700008,29.36538583300006],[81.43771313900004,29.361163959000066],[81.43685157600004,29.359481646000063],[81.43981532700008,29.358501896000064],[81.44021520100006,29.356862771000067],[81.43935970200005,29.354036646000054],[81.44254732600007,29.352025208000043],[81.44342595200004,29.350501834000056],[81.44734276400004,29.35055420900005],[81.44834751400003,29.350079334000043],[81.45235313900008,29.349966521000056],[81.45434907600009,29.350771896000026],[81.45570470200005,29.349438521000025],[81.46206170200009,29.34900383300004],[81.46293376400007,29.348664708000058],[81.47172338900003,29.34907833300008],[81.47412970100004,29.347129771000027],[81.47794170200007,29.346128083000053],[81.47960626500003,29.346920708000027],[81.48098838900006,29.346108084000036],[81.48395820200005,29.347126021000065],[81.48982995200004,29.347185896000042],[81.49087470200004,29.34892127100005],[81.49683007600004,29.349869271000046],[81.50114045200007,29.351281021000034],[81.50357607600006,29.35264802100005],[81.50670476500005,29.352514333000045],[81.50856245200004,29.35065295800007],[81.51115420200006,29.349106833000064],[81.51314095200007,29.34940814600003],[81.52041645100007,29.348231834000046],[81.52490951400006,29.35032570900006],[81.52676126500006,29.351638084000058],[81.52920938900007,29.35149533400005],[81.53285613900005,29.350228771000047],[81.53592795200007,29.35167152100007],[81.53846282700005,29.352358396000056],[81.53999276400003,29.35401477100004],[81.54284070200003,29.355092771000045],[81.54430863900006,29.356562146000044],[81.54684845200006,29.35765939600003],[81.54996601400006,29.356153208000023],[81.55576495100007,29.357764646000078],[81.55863276400004,29.358891897000035],[81.56050857600007,29.36190689600005],[81.56138932700009,29.364955334000058],[81.56243913900005,29.37040783300006],[81.56386451400004,29.372614834000046],[81.56478851500003,29.375403646000052],[81.56789976400006,29.381057147000035],[81.56615957700006,29.381831459000068],[81.56435676400008,29.386192959000027],[81.56561451400006,29.388186334000068],[81.56827757700006,29.388795334000065],[81.56996738900006,29.391215458000033],[81.57351682600006,29.39402902100005],[81.57490195200006,29.398243772000058],[81.57497282700007,29.40122345900005],[81.57297082700006,29.40267127100003],[81.57199870100004,29.40471014600007],[81.57317070100004,29.405575959000032],[81.57378788900007,29.407673459000023],[81.57729776400004,29.412939209000058],[81.57786951400004,29.41641977100005],[81.57995338900008,29.41834845900007],[81.58366126400006,29.41823302100005],[81.58698226400008,29.420077271000025]]]}},{"type":"Feature","properties":{"STATE_CODE":7,"DISTRICT":"BAJURA","GaPa_NaPa":"Budhiganga","Type_GN":"Nagarpalika","Province":"Sudur Pashchim","provinceId":"7","provinceCode":"7","provinceName":"Sudurpashchim","districtId":"701","districtName":"Bajura","municipalityId":"70108","municipalityCode":"70108","municipalityName":"Budhiganga Urban Municipality","municipalityNameNe":"बुढीगंगा नगरपालिका","municipalityType":"municipality"},"geometry":{"type":"Polygon","coordinates":[[[81.38495563900005,29.418838021000056],[81.38087982600007,29.41968214600007],[81.37421976400003,29.418013647000066],[81.36736588900004,29.418253771000025],[81.36377751400005,29.41618370900005],[81.36186645100008,29.414063896000073],[81.35771482700005,29.411674771000037],[81.35325370200007,29.41174314600005],[81.34846013900005,29.408581708000042],[81.34456601400007,29.405014021000056],[81.34301613900004,29.401902646000053],[81.34294688900007,29.39892508400004],[81.34183557700004,29.395368146000067],[81.34105526400003,29.394677583000032],[81.34095188900005,29.39032627100005],[81.33778788900008,29.394433271000025],[81.33342107700008,29.395748146000074],[81.33197751400007,29.39665864600005],[81.32683745100007,29.396294583000042],[81.32445463900007,29.394109959000048],[81.32394807600008,29.391550771000027],[81.32114007600006,29.385204959000077],[81.31918195100008,29.382563521000066],[81.31681801400003,29.37759264600004],[81.31606913900004,29.37530014600003],[81.31476876400006,29.373536896000076],[81.31453876400008,29.370146834000025],[81.31550413900004,29.369567021000023],[81.31606801400005,29.36702327100005],[81.31548857600006,29.364520646000074],[81.31393295200007,29.364294209000036],[81.31036682600006,29.36263770900007],[81.30675957600005,29.361400771000035],[81.30375707600007,29.361082771000042],[81.30141520100005,29.359887959000048],[81.29766982700005,29.36023927100007],[81.29470176400008,29.361346771000058],[81.29274532600004,29.360956271000077],[81.28841513900005,29.363763021000068],[81.28788651400004,29.364677834000076],[81.28434470200006,29.366760834000047],[81.28197107700004,29.370842271000072],[81.27909595100004,29.372440958000027],[81.27535995200003,29.37363533300004],[81.27530107600006,29.367041458000074],[81.27586832600008,29.363949709000053],[81.27553857600003,29.36174189600007],[81.27276245100006,29.36009395900004],[81.27164576400008,29.358772083000076],[81.26923738900007,29.359052208000037],[81.26792688900008,29.358441208000045],[81.26408182700004,29.35112845900005],[81.26173076300006,29.34606858400008],[81.26679463800008,29.346640584000056],[81.26834920100004,29.347875959000078],[81.26963076400006,29.34756208400006],[81.27159232600007,29.349297396000054],[81.27259682600004,29.34890958300008],[81.27270801400005,29.344731396000043],[81.27160076400008,29.342527396000037],[81.26896432600006,29.34014595900004],[81.26518920200004,29.338716521000038],[81.26272063900007,29.33721445900005],[81.26027488900007,29.337043271000027],[81.25998095100005,29.330555833000062],[81.25716732700005,29.32786539600005],[81.25493638800003,29.328059334000045],[81.25547045100006,29.32569402100006],[81.25647726300008,29.32550258400005],[81.25963263900007,29.321097459000043],[81.26143295200006,29.317161896000073],[81.26191707700008,29.31368233300003],[81.26529395200004,29.31178520800006],[81.26611870100004,29.31071202100003],[81.26611063900003,29.307605584000044],[81.26945332600008,29.306274709000036],[81.27095707600006,29.30357583400007],[81.26982113900004,29.301786896000067],[81.27111170200004,29.301698583000075],[81.27297695100003,29.303594271000065],[81.27685332700008,29.304590146000066],[81.27882113900006,29.30674270800006],[81.28101726400007,29.30834658300006],[81.28509576400006,29.308572584000046],[81.28835938800006,29.309201709000035],[81.29361032600008,29.309625708000056],[81.29682345200007,29.31033370800003],[81.29673176400007,29.313783209000064],[81.29790663900008,29.314831833000028],[81.30055732600005,29.314803333000043],[81.30114670200004,29.31587358400003],[81.30087295100003,29.318209084000046],[81.30324557600005,29.31900683400005],[81.30363557600003,29.32140620800004],[81.30475488900004,29.322531583000057],[81.30634376400008,29.32378002100006],[81.30946463800007,29.327425146000053],[81.31184638900004,29.33113733400006],[81.31241338900008,29.333236271000033],[81.31547957600003,29.335473646000025],[81.31602026400003,29.337369584000044],[81.31796201400005,29.338738833000036],[81.31809795200007,29.34147489600008],[81.32049695100005,29.342274521000036],[81.32098538900004,29.343656208000027],[81.32453563900003,29.345736646000034],[81.32518020100008,29.34802477100004],[81.32870563900008,29.350136709000026],[81.33148638900008,29.35083364600007],[81.33399432600004,29.353753271000073],[81.33700807700006,29.355187271000034],[81.33897238900005,29.35560639700003],[81.34094270200006,29.35781214600007],[81.34541545100006,29.360938584000053],[81.34911776400008,29.36254864600005],[81.35101045100004,29.364174646000038],[81.35275357700004,29.366861396000047],[81.35659345200008,29.37126145900004],[81.35670213900005,29.373059083000044],[81.35788426400006,29.375625396000032],[81.35936813900008,29.37699520900003],[81.36348001400006,29.378725646000078],[81.36521820100006,29.379871396000055],[81.36909576400006,29.38032995900005],[81.37361701400005,29.382293521000065],[81.37461907600004,29.384244271000057],[81.37648438900004,29.385222584000076],[81.37789420100006,29.387183459000028],[81.38141395200006,29.387274959000024],[81.38351107700004,29.38871945900007],[81.38588545100004,29.38939389600006],[81.38739401400005,29.39048589600003],[81.39076438900008,29.391412271000036],[81.39227563900005,29.39318320800004],[81.39503751400008,29.395097021000026],[81.39568551400004,29.397608209000055],[81.39325245200007,29.400169084000026],[81.39039588900005,29.404353021000077],[81.38877595100007,29.40824239600005],[81.38589307700005,29.41050439600008],[81.38468182700007,29.413526208000064],[81.38495563900005,29.418838021000056]]]}},{"type":"Feature","properties":{"STATE_CODE":7,"DISTRICT":"BAJURA","GaPa_NaPa":"Budhinanda","Type_GN":"Nagarpalika","Province":"Sudur Pashchim","provinceId":"7","provinceCode":"7","provinceName":"Sudurpashchim","districtId":"701","districtName":"Bajura","municipalityId":"70103","municipalityCode":"70103","municipalityName":"Budhinanda Urban Municipality","municipalityNameNe":"बुढीनन्दा नगरपालिका","municipalityType":"municipality"},"geometry":{"type":"Polygon","coordinates":[[[81.71582176400005,29.474666958000057],[81.71670907700008,29.477935271000035],[81.71643863900005,29.48099783400005],[81.71427982600005,29.484833021000043],[81.71487388900005,29.486359271000026],[81.71737257600006,29.48940683400008],[81.71883263900008,29.489782458000036],[81.71826457700007,29.49195108400005],[81.71710457700004,29.49272433300007],[81.71625313900006,29.496042647000024],[81.71801813900004,29.49832727100005],[81.71678495200007,29.50043858300006],[81.71452926400008,29.50126952100004],[81.71493732700003,29.503561458000036],[81.71451576400005,29.505778897000027],[81.71560264000004,29.507683709000048],[81.71468232600006,29.510578272000032],[81.71250982600003,29.513851834000036],[81.71012389000003,29.515930896000043],[81.70750563900003,29.51689002100005],[81.70589876400004,29.515671396000073],[81.70237188900006,29.519145896000055],[81.69817407700003,29.52062752100005],[81.69664876400003,29.524443271000052],[81.69639376500004,29.526659772000073],[81.69765232700007,29.528974334000054],[81.69749251500008,29.532663396000032],[81.69855751500006,29.535980521000056],[81.69707770200006,29.53743202100003],[81.69419620200006,29.53837870900003],[81.69236545200005,29.540589897000075],[81.69331013900006,29.542263271000024],[81.69281051400003,29.54419233400006],[81.69378195200005,29.545057959000076],[81.69305326500006,29.546591146000026],[81.69118632700008,29.54710170900006],[81.68906495200008,29.55004070900003],[81.68717195200009,29.55120995900006],[81.68572076400005,29.55293183300006],[81.68241814000004,29.554263959000025],[81.68361364000003,29.556035334000057],[81.68322488900003,29.56238283400006],[81.68166182700008,29.563534521000065],[81.68039501500004,29.566340397000033],[81.67708064000004,29.565694146000055],[81.67603489000004,29.569951584000023],[81.67117995100006,29.57234027100003],[81.66695970100005,29.573771459000056],[81.66059245200006,29.574222834000068],[81.65712226400007,29.576130334000027],[81.65573007600005,29.579446397000027],[81.65021976500003,29.58652733400004],[81.64693145200005,29.588530709000054],[81.64505776500005,29.588239771000076],[81.64125163900007,29.589710896000042],[81.64074857700007,29.590967584000055],[81.63866864000005,29.59154383400005],[81.63284832600004,29.594425209000065],[81.62992576400006,29.59547002100004],[81.62335845200005,29.596073959000023],[81.61866145200008,29.598430646000054],[81.61284545200004,29.60177589600005],[81.60742195200004,29.606070897000052],[81.60012626500009,29.609041208000065],[81.59851557700006,29.609289834000037],[81.59325826400004,29.61127145900008],[81.59157476400003,29.612533146000033],[81.59294520100008,29.61491589600007],[81.59319213900005,29.616838959000063],[81.59140313900008,29.62184570900007],[81.59149757700004,29.62464470900005],[81.59030257700005,29.627038896000045],[81.58701420100004,29.631348458000048],[81.58093795100007,29.63316177100006],[81.57826989000006,29.634290021000027],[81.57703213900004,29.636167709000063],[81.57612026400005,29.64007189700004],[81.57408332700004,29.641540271000054],[81.57002282700006,29.641695334000076],[81.56732176400004,29.640572272000043],[81.56344620200008,29.642050521000044],[81.56285920100004,29.64435389600004],[81.56389707600005,29.64881589600003],[81.56292982700006,29.653561584000045],[81.56161857700005,29.654735647000052],[81.55719126400004,29.656164208000064],[81.55374195100006,29.65674483400005],[81.55208432700005,29.659330084000032],[81.54835413900008,29.660649396000053],[81.54780907600008,29.661581021000075],[81.54811082600008,29.658769084000028],[81.54718520200004,29.65560133400004],[81.54887626500005,29.652630272000067],[81.54902732700003,29.650125708000076],[81.55056663900007,29.645513083000026],[81.54840607700004,29.638542708000045],[81.54887520200003,29.635051084000054],[81.54852270100008,29.633744208000053],[81.54906576400003,29.631028272000037],[81.54857207700007,29.628072959000065],[81.54670782700003,29.62461127100005],[81.54307064000005,29.619938709000053],[81.54418251400006,29.618337084000075],[81.54424845200003,29.61594795900004],[81.54364770100005,29.613940521000075],[81.54109926500007,29.611329709000074],[81.54062320100007,29.60859083400004],[81.54106351400003,29.604639209000027],[81.53929120200007,29.60255077200003],[81.53830832700004,29.598895897000034],[81.54022457700006,29.597015833000057],[81.54358814000005,29.59549064600003],[81.54833563900007,29.591913833000035],[81.54887863900007,29.590537771000072],[81.54846457600007,29.588425834000077],[81.54955832600007,29.585346709000078],[81.55183570100007,29.584804896000037],[81.55434020200005,29.58145358400003],[81.55688213900004,29.57895033400007],[81.56037214000008,29.574769209000067],[81.56132870200008,29.572274771000025],[81.56453476500008,29.570007647000068],[81.56691513900006,29.567326646000026],[81.57230157600003,29.56428983400008],[81.57303520100004,29.56340689600006],[81.57003039000006,29.55950377100004],[81.57062670200008,29.556683772000042],[81.56929295200007,29.553152397000076],[81.56661257700006,29.552067521000026],[81.56191107600006,29.552545397000074],[81.55683626500007,29.550577146000023],[81.55336501400006,29.546959833000074],[81.55210707700007,29.546092084000065],[81.54812588900006,29.54160820800007],[81.54475907600005,29.540264084000057],[81.54297726400006,29.53885020900003],[81.54219132700007,29.536843522000026],[81.54214807700004,29.53392695900004],[81.54610088900006,29.532162521000032],[81.54593388900008,29.527006397000036],[81.54471195200006,29.524484896000047],[81.54256395200008,29.52182733400008],[81.54250301400003,29.51838070900004],[81.54172676300004,29.515140021000036],[81.54731157700007,29.514350209000042],[81.55050714000004,29.512322521000044],[81.55539032700005,29.510023896000064],[81.55866182700004,29.510247022000044],[81.56158126400004,29.50965952100006],[81.56718588900003,29.507314459000042],[81.57010326400007,29.50419577100007],[81.57049413900006,29.502035271000068],[81.57200807700008,29.50000308400007],[81.57546245200007,29.49762858400004],[81.57621357600004,29.494907083000044],[81.58034201400005,29.491751271000055],[81.58271201400004,29.491355208000073],[81.58073820200008,29.48978027100003],[81.57935482700003,29.484683646000065],[81.57764613900008,29.48175627200004],[81.57648338900003,29.477549646000057],[81.57832863900006,29.47060952100003],[81.57848107700005,29.467148459000043],[81.57688113900008,29.46492214600005],[81.57676782700008,29.46335033400004],[81.57971451500003,29.45738220900006],[81.58328576500008,29.45385870900003],[81.58556945200007,29.452734333000024],[81.58737982600007,29.450766146000035],[81.58988164000004,29.449148834000027],[81.59343088900005,29.444066521000025],[81.59405270200006,29.441410896000036],[81.59419732700007,29.43272077100005],[81.59270607700006,29.431315271000074],[81.59091970200006,29.428338834000044],[81.59271145100007,29.425585459000047],[81.59189588900006,29.424041583000076],[81.58876857700005,29.42085439600004],[81.58698226400008,29.420077271000025],[81.59158432700008,29.41740402100004],[81.59772507700006,29.415292333000025],[81.60102082700007,29.413910396000063],[81.60457088900006,29.413722896000024],[81.60918926400007,29.41391839700003],[81.61141857700005,29.415191771000025],[81.61460801400005,29.41554927100003],[81.61585463900008,29.416973709000047],[81.61268288900004,29.42161283300004],[81.61261788900003,29.42386895900006],[81.61374126400005,29.426744459000076],[81.61627588900006,29.428600584000037],[81.62058226400006,29.43076645800005],[81.62402407700006,29.431957271000044],[81.62586914000008,29.433714896000026],[81.62600395200008,29.436594958000057],[81.62744720200004,29.438591334000023],[81.62967414000008,29.43851989600006],[81.63282020200006,29.441417272000024],[81.63394145200004,29.444242959000064],[81.63389957700008,29.44673358400007],[81.63633951400004,29.449280084000065],[81.64324657700007,29.451333521000038],[81.64575907700004,29.45459677100007],[81.64822495200008,29.456389459000036],[81.64978688900004,29.460611458000074],[81.65253670200008,29.460717584000065],[81.65452501400006,29.459843896000052],[81.65822532700008,29.459940646000064],[81.66174001400003,29.460927022000078],[81.66382882700003,29.463325833000056],[81.67135376400006,29.46424683300006],[81.67415870100007,29.466231271000026],[81.67825807700007,29.465538209000044],[81.68459120200004,29.465911833000064],[81.68660164000005,29.466442896000046],[81.69463545200006,29.46707564600007],[81.69464651500004,29.468697521000024],[81.69731482700007,29.475033646000043],[81.70259014000004,29.47865352100007],[81.70584395200007,29.480258209000056],[81.70812251500007,29.482023583000057],[81.70910488900006,29.480827334000026],[81.71123926400008,29.479845959000045],[81.71349851500008,29.477645771000027],[81.71344920200005,29.47667602100006],[81.71582176400005,29.474666958000057]]]}},{"type":"Feature","properties":{"STATE_CODE":7,"DISTRICT":"BAJURA","GaPa_NaPa":"Chhededaha","Type_GN":"Gaunpalika","Province":"Sudur Pashchim","provinceId":"7","provinceCode":"7","provinceName":"Sudurpashchim","districtId":"701","districtName":"Bajura","municipalityId":"70107","municipalityCode":"70107","municipalityName":"Khaptad Chhededaha Rural Municipality","municipalityNameNe":"खप्तड छेडेदह गाउँपालिका","municipalityType":"rural_municipality"},"geometry":{"type":"Polygon","coordinates":[[[81.40957926300007,29.45883539600004],[81.40625495200004,29.458929084000033],[81.40319720100007,29.457334459000037],[81.39609820200008,29.456843709000054],[81.39416001400008,29.456240397000045],[81.39111601400003,29.45447395900004],[81.38602363900003,29.453383458000076],[81.38384638900004,29.455487709000067],[81.37941832600006,29.45647720900007],[81.37628788900008,29.45774714600003],[81.37405120100004,29.456902959000047],[81.36713007700007,29.456024334000062],[81.36173976400005,29.455021772000066],[81.35748970100008,29.45480539600004],[81.35462782700006,29.456087583000055],[81.35228770100008,29.45659914600003],[81.34857426400004,29.45596370900006],[81.34600951400006,29.454077709000046],[81.34344982600004,29.453484334000052],[81.34052182700003,29.450638146000074],[81.34031388900007,29.448008334000065],[81.33877076400006,29.445334583000033],[81.33526270100003,29.446457834000057],[81.33439407600008,29.44744358300005],[81.33155207600004,29.447502584000063],[81.32904857700004,29.44868183400007],[81.32705463900004,29.45163295900005],[81.32566870100004,29.451681459000042],[81.32210120200006,29.453079709000065],[81.32101351400007,29.45555939600007],[81.31733388900005,29.458469146000027],[81.31494138900007,29.458982396000067],[81.31166413900007,29.458480333000068],[81.30948888900008,29.459892959000058],[81.30438338900007,29.454851646000066],[81.30497420100005,29.45396602200003],[81.30459457700005,29.45136133400007],[81.30239495200004,29.451467896000054],[81.29789920200005,29.44979958400006],[81.29648688900005,29.448729021000077],[81.29353601400004,29.447975334000034],[81.29069995100008,29.446122709000065],[81.29028051400007,29.44454683400005],[81.28548707700008,29.44379914600006],[81.28137370100006,29.44153852100004],[81.28070026400007,29.437989146000064],[81.27895270100004,29.43722583400006],[81.27343620200008,29.43701395900007],[81.26716345100004,29.435134021000067],[81.26388188900006,29.43381633300004],[81.26009001400007,29.430167021000045],[81.25510238900006,29.42358720800007],[81.25221632700004,29.421794771000066],[81.25401013900006,29.41882714700006],[81.25534201400006,29.418414021000046],[81.25645432700009,29.41680345900005],[81.25357576300007,29.413292021000075],[81.24803682700008,29.41295277100005],[81.24643513900008,29.413503959000025],[81.23996982700004,29.414244396000072],[81.23475526300007,29.41113602100006],[81.23147538800004,29.410618458000044],[81.22883695100006,29.411613334000037],[81.22864495100004,29.410280396000076],[81.22614676400008,29.40567139700005],[81.22420445100005,29.403351084000064],[81.22439963900007,29.39997145800004],[81.22146576400007,29.398142396000026],[81.21857801300007,29.395548271000052],[81.21297482700004,29.392448709000064],[81.20129532600004,29.38524577100003],[81.19791757700006,29.38221889600004],[81.19394470200007,29.380052271000068],[81.19242338800007,29.378694146000043],[81.19205682600006,29.37654258400005],[81.19382270200003,29.371712396000078],[81.19851051400008,29.36937064600005],[81.20088495100003,29.36765708300004],[81.20092576400003,29.366432084000053],[81.20310013900007,29.36498270800007],[81.20874770100005,29.365138709000064],[81.21025451400004,29.36444827100007],[81.21173663900004,29.362571271000036],[81.21406357600006,29.362159271000053],[81.21862113800006,29.36330239600005],[81.22149826400005,29.362453896000034],[81.22456620100007,29.36217808300006],[81.22708676400003,29.360558583000056],[81.22852045200005,29.360630583000045],[81.23070370100004,29.358226521000063],[81.23715438900007,29.356836834000035],[81.23861613900004,29.35310977100005],[81.24098738900005,29.352902459000063],[81.24349095100007,29.35422214600004],[81.24522307600006,29.35303683400008],[81.24783426400006,29.352772583000046],[81.25074576400004,29.35070752100006],[81.25171426400004,29.349476209000045],[81.25328538800005,29.344429021000053],[81.25813470100007,29.34065014600003],[81.26027488900007,29.337043271000027],[81.26272063900007,29.33721445900005],[81.26518920200004,29.338716521000038],[81.26896432600006,29.34014595900004],[81.27160076400008,29.342527396000037],[81.27270801400005,29.344731396000043],[81.27259682600004,29.34890958300008],[81.27159232600007,29.349297396000054],[81.26963076400006,29.34756208400006],[81.26834920100004,29.347875959000078],[81.26679463800008,29.346640584000056],[81.26173076300006,29.34606858400008],[81.26408182700004,29.35112845900005],[81.26792688900008,29.358441208000045],[81.26923738900007,29.359052208000037],[81.27164576400008,29.358772083000076],[81.27276245100006,29.36009395900004],[81.27553857600003,29.36174189600007],[81.27586832600008,29.363949709000053],[81.27530107600006,29.367041458000074],[81.27535995200003,29.37363533300004],[81.27909595100004,29.372440958000027],[81.28197107700004,29.370842271000072],[81.28434470200006,29.366760834000047],[81.28788651400004,29.364677834000076],[81.28841513900005,29.363763021000068],[81.29274532600004,29.360956271000077],[81.29470176400008,29.361346771000058],[81.29766982700005,29.36023927100007],[81.30141520100005,29.359887959000048],[81.30375707600007,29.361082771000042],[81.30675957600005,29.361400771000035],[81.31036682600006,29.36263770900007],[81.31393295200007,29.364294209000036],[81.31548857600006,29.364520646000074],[81.31606801400005,29.36702327100005],[81.31550413900004,29.369567021000023],[81.31453876400008,29.370146834000025],[81.31476876400006,29.373536896000076],[81.31606913900004,29.37530014600003],[81.31681801400003,29.37759264600004],[81.31918195100008,29.382563521000066],[81.32114007600006,29.385204959000077],[81.32394807600008,29.391550771000027],[81.32445463900007,29.394109959000048],[81.32683745100007,29.396294583000042],[81.33197751400007,29.39665864600005],[81.33342107700008,29.395748146000074],[81.33778788900008,29.394433271000025],[81.34095188900005,29.39032627100005],[81.34105526400003,29.394677583000032],[81.34183557700004,29.395368146000067],[81.34294688900007,29.39892508400004],[81.34301613900004,29.401902646000053],[81.34456601400007,29.405014021000056],[81.34846013900005,29.408581708000042],[81.35325370200007,29.41174314600005],[81.35771482700005,29.411674771000037],[81.36186645100008,29.414063896000073],[81.36377751400005,29.41618370900005],[81.36736588900004,29.418253771000025],[81.37421976400003,29.418013647000066],[81.38087982600007,29.41968214600007],[81.38495563900005,29.418838021000056],[81.38649501400005,29.420809709000025],[81.39149338900006,29.424345834000064],[81.39397320100005,29.42689439700007],[81.39713407700003,29.428112146000046],[81.39911051400009,29.426940084000023],[81.40130176400004,29.428131334000057],[81.40275426400007,29.426423772000078],[81.40670245200005,29.425216146000025],[81.40976382700006,29.42248164600005],[81.41190863900005,29.421121584000048],[81.41140257700005,29.41717308400007],[81.41309895100005,29.41516464600005],[81.41249420100007,29.41280464700003],[81.41372345200006,29.41253464600004],[81.41749595200008,29.410431646000063],[81.41872901400006,29.413306272000057],[81.41807495200004,29.41623645900006],[81.41897676400004,29.419669334000048],[81.41818101400008,29.42183520900005],[81.41668807700006,29.42318883400003],[81.41363326400005,29.429550896000023],[81.41184913900008,29.43446289600007],[81.40908076400007,29.436100209000074],[81.40719220200003,29.435909709000043],[81.40664576400007,29.437989021000078],[81.40484895200007,29.43981720900007],[81.40246445200006,29.440503396000054],[81.40263963900009,29.442605396000033],[81.40364401400006,29.443865646000063],[81.40498170100005,29.447610833000056],[81.40513576500007,29.451192646000038],[81.40603620200005,29.453675833000034],[81.40957926300007,29.45883539600004]]]}},{"type":"Feature","properties":{"STATE_CODE":7,"DISTRICT":"BAJURA","GaPa_NaPa":"Gaumul","Type_GN":"Gaunpalika","Province":"Sudur Pashchim","provinceId":"7","provinceCode":"7","provinceName":"Sudurpashchim","districtId":"701","districtName":"Bajura","municipalityId":"70102","municipalityCode":"70102","municipalityName":"Gaumul Rural Municipality","municipalityNameNe":"गौमुल गाउँपालिका","municipalityType":"rural_municipality"},"geometry":{"type":"Polygon","coordinates":[[[81.54780907600008,29.661581021000075],[81.54719801400006,29.66393408400006],[81.54591326400003,29.66518227100005],[81.54611857700007,29.666731147000064],[81.54373776400007,29.669741084000066],[81.54334588900008,29.67216989600007],[81.54105476400008,29.673519209000062],[81.53723320200004,29.679401959000074],[81.53650257700008,29.684108147000074],[81.53524207700008,29.687936772000057],[81.53151388900005,29.690857209000058],[81.52667226400007,29.692367584000067],[81.52316832600008,29.692284459000064],[81.52028601400008,29.691607834000024],[81.51740357600005,29.68888739600004],[81.51677363900006,29.687723584000025],[81.51796582700007,29.68328414700005],[81.51762888900004,29.679423584000062],[81.50967545100008,29.67597377100003],[81.50867057700003,29.674182022000025],[81.50496501400005,29.673030022000034],[81.50147245100004,29.67067245900006],[81.50000051400008,29.670240396000054],[81.49890163900005,29.668591021000054],[81.49772501400008,29.66870827100007],[81.49243901500006,29.66651958400007],[81.48947338900007,29.666189959000064],[81.48610938900003,29.66479245900007],[81.48453113900007,29.66289439600007],[81.48230232600008,29.66172277100003],[81.47660570100004,29.660220709000043],[81.47538088900006,29.65927314700008],[81.47167351400003,29.658790147000047],[81.46906007700005,29.659295709000048],[81.45837870200006,29.654307146000065],[81.45584320200004,29.652601521000065],[81.45293157700007,29.649794021000048],[81.44816882700007,29.647222834000047],[81.44582138900006,29.64856389600004],[81.44283963900006,29.64956195900004],[81.44038807700008,29.647172209000075],[81.43785695200006,29.64638202100008],[81.43610676400004,29.644901209000068],[81.43224101400006,29.645114646000025],[81.42923782600008,29.643971708000038],[81.42870463900005,29.641537209000035],[81.42554882600007,29.637360584000078],[81.42382201400005,29.636148021000054],[81.42215657700007,29.63386820900007],[81.42371076400008,29.630398334000063],[81.42368501400006,29.62933145900007],[81.42136932600005,29.62789283400008],[81.41982776400005,29.623977083000057],[81.42136463900005,29.62164883400004],[81.42191220100005,29.617040771000063],[81.42052732600007,29.61415095900003],[81.42203407700003,29.609729396000034],[81.42121751400003,29.60721895900008],[81.42085476400007,29.603793522000046],[81.42081213900008,29.598806084000046],[81.41971245100007,29.59614545900007],[81.41704282700005,29.59333639600004],[81.41496770200007,29.591781833000027],[81.41213001400007,29.590419146000045],[81.40859045100007,29.58765095900003],[81.40385195200008,29.584658459000025],[81.40261745100008,29.580854396000063],[81.39969757600005,29.575077021000027],[81.39937689000004,29.571116834000065],[81.40108801400004,29.568713709000065],[81.40343613900006,29.567677959000036],[81.40421551500003,29.566572459000042],[81.40372695200006,29.564250396000034],[81.40164307600008,29.56029783300005],[81.40172263900007,29.55839364700006],[81.40054207600008,29.55721745900007],[81.39722895200003,29.556388208000044],[81.39025895100008,29.55583814700003],[81.38826914000003,29.553712208000036],[81.38474057700006,29.553302897000037],[81.38164226400005,29.551714709000066],[81.37715557700005,29.551231271000063],[81.37325307600008,29.54998577200007],[81.37076245100008,29.547633147000056],[81.36819682700008,29.54412345800006],[81.36715345200008,29.543111209000074],[81.36522420100005,29.539310959000034],[81.35790901400009,29.533048334000057],[81.35672745100004,29.53137545900006],[81.35446376500005,29.53153489700003],[81.35289126400005,29.529978021000034],[81.35141920200005,29.526135709000073],[81.35217570200007,29.524649397000076],[81.35080307600003,29.52193470900005],[81.34548838900008,29.51475477100007],[81.34370626400005,29.51286902100003],[81.34149363900008,29.509497708000026],[81.34045545200007,29.505024771000024],[81.33734013900005,29.502720458000056],[81.33652420200008,29.501235897000072],[81.33420045100007,29.500001084000075],[81.33009863900008,29.49695689600003],[81.32818820200004,29.49487945900006],[81.32278657700004,29.494899458000077],[81.32090901400005,29.494200084000056],[81.31906570100006,29.492280334000043],[81.31649438900007,29.491528522000067],[81.31725982600005,29.488700146000042],[81.31917320100007,29.48380033400008],[81.31670832600008,29.482373771000027],[81.31535895200005,29.48292964600006],[81.31301513900007,29.479560396000068],[81.31031526400005,29.479636646000074],[81.30493038900005,29.47679770900004],[81.30250057700005,29.47751839600005],[81.30116870200004,29.47677920800004],[81.29873982600003,29.477174959000024],[81.29388557700008,29.475805146000027],[81.29266257600005,29.474815271000068],[81.29267376400009,29.473533959000065],[81.29555107700008,29.46912414600007],[81.29847770200007,29.469101771000055],[81.30490445100008,29.46749683300004],[81.30412907600004,29.465962396000066],[81.30479770200003,29.463680208000028],[81.30948888900008,29.459892959000058],[81.31166413900007,29.458480333000068],[81.31494138900007,29.458982396000067],[81.31733388900005,29.458469146000027],[81.32101351400007,29.45555939600007],[81.32210120200006,29.453079709000065],[81.32566870100004,29.451681459000042],[81.32705463900004,29.45163295900005],[81.32904857700004,29.44868183400007],[81.33155207600004,29.447502584000063],[81.33439407600008,29.44744358300005],[81.33526270100003,29.446457834000057],[81.33877076400006,29.445334583000033],[81.34031388900007,29.448008334000065],[81.34052182700003,29.450638146000074],[81.34344982600004,29.453484334000052],[81.34600951400006,29.454077709000046],[81.34857426400004,29.45596370900006],[81.35228770100008,29.45659914600003],[81.35462782700006,29.456087583000055],[81.35748970100008,29.45480539600004],[81.36173976400005,29.455021772000066],[81.36713007700007,29.456024334000062],[81.37405120100004,29.456902959000047],[81.37628788900008,29.45774714600003],[81.37941832600006,29.45647720900007],[81.38384638900004,29.455487709000067],[81.38602363900003,29.453383458000076],[81.39111601400003,29.45447395900004],[81.39416001400008,29.456240397000045],[81.39609820200008,29.456843709000054],[81.40319720100007,29.457334459000037],[81.40625495200004,29.458929084000033],[81.40957926300007,29.45883539600004],[81.41144313800004,29.45775139600005],[81.41630776300008,29.45675945800008],[81.41973776400005,29.458878209000034],[81.42277513800008,29.461401959000057],[81.42429645100003,29.463355146000026],[81.42969888900006,29.46500714600006],[81.43410332600007,29.463957459000028],[81.44094920100008,29.464625209000076],[81.44232570100007,29.466375709000033],[81.44058376400005,29.472966271000075],[81.43829163800007,29.474575521000077],[81.43834926400007,29.476125084000046],[81.43957770100008,29.47790089600005],[81.43967732600004,29.479786459000024],[81.43813507600004,29.48073670900004],[81.43760426400007,29.483059771000057],[81.44048451300006,29.48354652100005],[81.43998270100008,29.48541152100006],[81.44082026300003,29.488451834000045],[81.44414526400004,29.487705396000024],[81.44430601400006,29.490276521000055],[81.44733251400004,29.493334334000053],[81.44560376400005,29.49559595900007],[81.44495332600007,29.49782689700004],[81.44541101400006,29.49958264600008],[81.44505545200008,29.50187802100004],[81.44543570100006,29.50699295900006],[81.44790251400008,29.50729152100007],[81.44940932700007,29.509625708000044],[81.45144145200004,29.509733896000057],[81.45222263900007,29.511134334000076],[81.45463251400008,29.512084834000063],[81.45558857700007,29.51363583400007],[81.45426107700007,29.515675146000035],[81.45557982600008,29.517588084000067],[81.45813501500004,29.518104896000068],[81.45834189000004,29.516655959000047],[81.46351532600005,29.516836521000073],[81.46537926400003,29.515239647000044],[81.47282801400007,29.516090896000037],[81.47520957600005,29.516711771000075],[81.47634301400007,29.518882334000068],[81.47809376400005,29.516024709000078],[81.48183682700005,29.513428271000066],[81.48257913900005,29.51211495800004],[81.48941970100003,29.51160045900008],[81.49145788900006,29.51294864700003],[81.49407932700007,29.513428459000068],[81.49522382700007,29.51237302100003],[81.49999995200005,29.51217239700003],[81.50066138900007,29.514633272000026],[81.50659538900004,29.51606127100007],[81.50815276500003,29.51688095800006],[81.51042920100008,29.51911902100005],[81.50814626400006,29.52008658400007],[81.50865257600003,29.52116058400003],[81.51111513900008,29.522676084000068],[81.51902020100005,29.524824583000054],[81.52599551500003,29.52505433300007],[81.52768657700005,29.52572208400005],[81.53130195200004,29.52603027200007],[81.53293301400004,29.525450771000067],[81.53539145100007,29.52672220900007],[81.53749457700007,29.52895827100008],[81.53954126400004,29.529173271000047],[81.54221576500004,29.531147522000026],[81.54214807700004,29.53392695900004],[81.54219132700007,29.536843522000026],[81.54297726400006,29.53885020900003],[81.54475907600005,29.540264084000057],[81.54812588900006,29.54160820800007],[81.55210707700007,29.546092084000065],[81.55336501400006,29.546959833000074],[81.55683626500007,29.550577146000023],[81.56191107600006,29.552545397000074],[81.56661257700006,29.552067521000026],[81.56929295200007,29.553152397000076],[81.57062670200008,29.556683772000042],[81.57003039000006,29.55950377100004],[81.57303520100004,29.56340689600006],[81.57230157600003,29.56428983400008],[81.56691513900006,29.567326646000026],[81.56453476500008,29.570007647000068],[81.56132870200008,29.572274771000025],[81.56037214000008,29.574769209000067],[81.55688213900004,29.57895033400007],[81.55434020200005,29.58145358400003],[81.55183570100007,29.584804896000037],[81.54955832600007,29.585346709000078],[81.54846457600007,29.588425834000077],[81.54887863900007,29.590537771000072],[81.54833563900007,29.591913833000035],[81.54358814000005,29.59549064600003],[81.54022457700006,29.597015833000057],[81.53830832700004,29.598895897000034],[81.53929120200007,29.60255077200003],[81.54106351400003,29.604639209000027],[81.54062320100007,29.60859083400004],[81.54109926500007,29.611329709000074],[81.54364770100005,29.613940521000075],[81.54424845200003,29.61594795900004],[81.54418251400006,29.618337084000075],[81.54307064000005,29.619938709000053],[81.54670782700003,29.62461127100005],[81.54857207700007,29.628072959000065],[81.54906576400003,29.631028272000037],[81.54852270100008,29.633744208000053],[81.54887520200003,29.635051084000054],[81.54840607700004,29.638542708000045],[81.55056663900007,29.645513083000026],[81.54902732700003,29.650125708000076],[81.54887626500005,29.652630272000067],[81.54718520200004,29.65560133400004],[81.54811082600008,29.658769084000028],[81.54780907600008,29.661581021000075]]]}},{"type":"Feature","properties":{"STATE_CODE":7,"DISTRICT":"BAJURA","GaPa_NaPa":"Himali","Type_GN":"Gaunpalika","Province":"Sudur Pashchim","provinceId":"7","provinceCode":"7","provinceName":"Sudurpashchim","districtId":"701","districtName":"Bajura","municipalityId":"70101","municipalityCode":"70101","municipalityName":"Himali Rural Municipality","municipalityNameNe":"हिमाली गाउँपालिका","municipalityType":"rural_municipality"},"geometry":{"type":"Polygon","coordinates":[[[81.78178776500005,29.911068459000035],[81.77715470200008,29.911201834000053],[81.77461213900006,29.90979352200003],[81.77118007700005,29.90952939600004],[81.76531163900006,29.911056834000078],[81.76360776400008,29.912390646000063],[81.76016701400005,29.911086521000072],[81.75868520200004,29.909529709000026],[81.75581826500007,29.908409335000044],[81.75280163900004,29.909067209000057],[81.74999982700007,29.908079335000025],[81.74660888900007,29.908459522000044],[81.74441895200005,29.907312459000025],[81.74007032700007,29.90834520900006],[81.73575445200004,29.907767147000072],[81.73424326400004,29.90850183400005],[81.73313970200007,29.910813271000052],[81.72873057700008,29.912288084000068],[81.72339813900004,29.91160014600007],[81.71863951400007,29.910040396000056],[81.71801720100007,29.909371647000057],[81.71258913900004,29.91431383400004],[81.71242851500006,29.917571897000073],[81.71168832700005,29.919817959000056],[81.71136357700004,29.923304709000035],[81.71169145200008,29.926350272000036],[81.71066670200008,29.927463334000038],[81.70830889000007,29.927931585000067],[81.70085932700005,29.93066470900004],[81.69928738900006,29.931500896000045],[81.69930738900007,29.933995522000032],[81.70080489000009,29.938688271000046],[81.69974057600007,29.941488709000055],[81.69864870200007,29.942674147000048],[81.69425657700003,29.945471834000045],[81.68916345200006,29.94928345900007],[81.68713239000004,29.94867833400008],[81.68141176500006,29.945247834000043],[81.67721901400006,29.94372889600004],[81.67251557700007,29.94068977200004],[81.66923220200005,29.940992959000027],[81.66716139000005,29.940306459000055],[81.66350176400005,29.94138733400007],[81.65913982600006,29.943410022000023],[81.65610564000008,29.94273714700006],[81.65346963900004,29.943645771000035],[81.65004607700007,29.94681614600006],[81.64808895200008,29.947982834000072],[81.64424339000004,29.94752802200003],[81.63875588900004,29.944773522000048],[81.63800245200008,29.942692959000055],[81.63623970200007,29.940833772000076],[81.63222138900005,29.939937335000025],[81.62841395200007,29.938376584000025],[81.62324601400007,29.939474835000055],[81.62110857700003,29.938424772000076],[81.61924057700008,29.939058334000038],[81.61468907700004,29.94324133400005],[81.61317888900004,29.941315272000054],[81.61082895200008,29.93992314700006],[81.60778945200008,29.93724620900008],[81.60695707700006,29.932497397000077],[81.60442376400005,29.930165396000064],[81.59825095200006,29.931350646000055],[81.59306363900004,29.930607146000057],[81.59021232700007,29.933586209000055],[81.58861938900003,29.93597077100003],[81.58669126500007,29.936863585000026],[81.58250632700003,29.936164834000067],[81.57943595200004,29.93392502100005],[81.57578038900004,29.93450720900006],[81.57200620200007,29.93347245900003],[81.56910995100003,29.931515834000038],[81.56721495100004,29.931311959000027],[81.56510507700006,29.929969834000076],[81.56268676500008,29.92695983400006],[81.56136782700008,29.926126397000075],[81.55750582700006,29.927148772000066],[81.55380307700005,29.925019272000043],[81.55204882700008,29.923549147000074],[81.54957807700004,29.923620396000047],[81.54402863900003,29.927099084000076],[81.53843538900009,29.92683558400006],[81.53670170200007,29.92758702200007],[81.53212870200008,29.925485209000044],[81.53010145100006,29.924103897000066],[81.52728257700005,29.923970834000045],[81.52496551500008,29.923237959000062],[81.51828595100005,29.922434272000032],[81.51387476400004,29.916674710000052],[81.51536626400008,29.91164327200005],[81.51682995100003,29.909147209000025],[81.51683845100007,29.90740583400003],[81.51868201400003,29.905914334000045],[81.51850751500007,29.903977397000062],[81.51358157700008,29.900922147000074],[81.50959976400003,29.89738714600003],[81.50737888900005,29.89440920900006],[81.50906120200005,29.89330195900004],[81.51221332700004,29.888906897000027],[81.51511445200003,29.88685877200004],[81.51679276400006,29.886387522000064],[81.52222870200006,29.886839834000057],[81.52642988900004,29.88642158400006],[81.52934301400006,29.885726459000068],[81.53229401400006,29.884126584000057],[81.53612513900003,29.882922334000057],[81.54063195200007,29.87910083400004],[81.54308657700005,29.87816145900007],[81.54623914000007,29.874446834000025],[81.54898482700008,29.871985771000027],[81.55115263900007,29.868356334000055],[81.55345788900007,29.866325584000037],[81.55481364000008,29.863439397000036],[81.55788670200008,29.860839147000036],[81.55891638900005,29.856479084000057],[81.56299676400005,29.852778209000064],[81.56646645200004,29.851872334000063],[81.56560370200003,29.84674433400005],[81.56449101400005,29.844229459000076],[81.56383613900005,29.838660709000067],[81.56277982700004,29.834627522000062],[81.56347720200006,29.832445522000057],[81.56258670200003,29.83005152100003],[81.56192151400006,29.825387272000057],[81.56099826400003,29.82266858400004],[81.56168995200005,29.81844520900006],[81.56102851400004,29.815684771000065],[81.56016826400008,29.80974914600006],[81.55569926400005,29.806264897000062],[81.55302613900005,29.802994084000034],[81.55032132600007,29.80170152200003],[81.54957557700004,29.800491084000043],[81.54980032700007,29.798432897000055],[81.54845220200008,29.794635396000047],[81.55037282700005,29.793161146000045],[81.55233476400008,29.786615959000073],[81.55359688900006,29.784871459000044],[81.55384301500004,29.781439522000028],[81.55507832600006,29.78022977200004],[81.55751757600007,29.776276521000057],[81.55788513900006,29.774481709000042],[81.55979989000008,29.773553271000026],[81.56238801400008,29.77061208400005],[81.55835376500005,29.764450771000043],[81.55609276400008,29.763278271000047],[81.55421613900006,29.756318209000028],[81.55423132700008,29.754263209000044],[81.55257045200005,29.752406896000025],[81.54853807700005,29.75108827200006],[81.54587895100008,29.74888864600007],[81.54159863900009,29.747088147000056],[81.53968839000004,29.74747039700003],[81.53778301400007,29.748772959000064],[81.52630339000007,29.75241470900005],[81.52360276400003,29.752716459000055],[81.52000576400008,29.75241258400007],[81.51702901400006,29.752690396000048],[81.51540776400003,29.753511022000055],[81.51408620200004,29.752649959000053],[81.51235226500006,29.75000170900006],[81.51109763900007,29.744996584000035],[81.50975526500008,29.74165645900007],[81.51009113900005,29.738693397000077],[81.51286695200008,29.735450209000078],[81.51292782700006,29.732296397000027],[81.51348832600007,29.730575397000052],[81.51608557600008,29.726588396000068],[81.51880038900003,29.724283709000076],[81.51904095100008,29.722065334000035],[81.52091489000009,29.718101397000055],[81.52259345200008,29.71660377200004],[81.52398732700004,29.712928146000024],[81.52621745200008,29.710203396000054],[81.52464032600005,29.707935834000068],[81.52489732700008,29.70692189600004],[81.52320338900006,29.705399271000033],[81.52068082700004,29.704529396000055],[81.51739689000004,29.702593397000044],[81.51614513900006,29.699710897000045],[81.51738770200006,29.696514146000027],[81.51973607700006,29.693313084000067],[81.52028601400008,29.691607834000024],[81.52316832600008,29.692284459000064],[81.52667226400007,29.692367584000067],[81.53151388900005,29.690857209000058],[81.53524207700008,29.687936772000057],[81.53650257700008,29.684108147000074],[81.53723320200004,29.679401959000074],[81.54105476400008,29.673519209000062],[81.54334588900008,29.67216989600007],[81.54373776400007,29.669741084000066],[81.54611857700007,29.666731147000064],[81.54591326400003,29.66518227100005],[81.54719801400006,29.66393408400006],[81.54780907600008,29.661581021000075],[81.54835413900008,29.660649396000053],[81.55208432700005,29.659330084000032],[81.55374195100006,29.65674483400005],[81.55719126400004,29.656164208000064],[81.56161857700005,29.654735647000052],[81.56292982700006,29.653561584000045],[81.56389707600005,29.64881589600003],[81.56285920100004,29.64435389600004],[81.56344620200008,29.642050521000044],[81.56732176400004,29.640572272000043],[81.57002282700006,29.641695334000076],[81.57408332700004,29.641540271000054],[81.57612026400005,29.64007189700004],[81.57703213900004,29.636167709000063],[81.57826989000006,29.634290021000027],[81.58093795100007,29.63316177100006],[81.58701420100004,29.631348458000048],[81.59030257700005,29.627038896000045],[81.59149757700004,29.62464470900005],[81.59140313900008,29.62184570900007],[81.59319213900005,29.616838959000063],[81.59294520100008,29.61491589600007],[81.59157476400003,29.612533146000033],[81.59325826400004,29.61127145900008],[81.59851557700006,29.609289834000037],[81.60012626500009,29.609041208000065],[81.60742195200004,29.606070897000052],[81.61284545200004,29.60177589600005],[81.61866145200008,29.598430646000054],[81.62335845200005,29.596073959000023],[81.62992576400006,29.59547002100004],[81.63284832600004,29.594425209000065],[81.63866864000005,29.59154383400005],[81.64074857700007,29.590967584000055],[81.64125163900007,29.589710896000042],[81.64505776500005,29.588239771000076],[81.64693145200005,29.588530709000054],[81.65021976500003,29.58652733400004],[81.65573007600005,29.579446397000027],[81.65712226400007,29.576130334000027],[81.66059245200006,29.574222834000068],[81.66695970100005,29.573771459000056],[81.67117995100006,29.57234027100003],[81.67603489000004,29.569951584000023],[81.67708064000004,29.565694146000055],[81.68039501500004,29.566340397000033],[81.68166182700008,29.563534521000065],[81.68322488900003,29.56238283400006],[81.68361364000003,29.556035334000057],[81.68241814000004,29.554263959000025],[81.68572076400005,29.55293183300006],[81.68717195200009,29.55120995900006],[81.68906495200008,29.55004070900003],[81.69118632700008,29.54710170900006],[81.69305326500006,29.546591146000026],[81.69378195200005,29.545057959000076],[81.69281051400003,29.54419233400006],[81.69331013900006,29.542263271000024],[81.69236545200005,29.540589897000075],[81.69419620200006,29.53837870900003],[81.69707770200006,29.53743202100003],[81.69855751500006,29.535980521000056],[81.69749251500008,29.532663396000032],[81.69765232700007,29.528974334000054],[81.69639376500004,29.526659772000073],[81.69664876400003,29.524443271000052],[81.69817407700003,29.52062752100005],[81.70237188900006,29.519145896000055],[81.70589876400004,29.515671396000073],[81.70750563900003,29.51689002100005],[81.71012389000003,29.515930896000043],[81.71250982600003,29.513851834000036],[81.71468232600006,29.510578272000032],[81.71560264000004,29.507683709000048],[81.71451576400005,29.505778897000027],[81.71493732700003,29.503561458000036],[81.71452926400008,29.50126952100004],[81.71678495200007,29.50043858300006],[81.71801813900004,29.49832727100005],[81.71625313900006,29.496042647000024],[81.71710457700004,29.49272433300007],[81.71826457700007,29.49195108400005],[81.71883263900008,29.489782458000036],[81.71737257600006,29.48940683400008],[81.71487388900005,29.486359271000026],[81.71427982600005,29.484833021000043],[81.71643863900005,29.48099783400005],[81.71670907700008,29.477935271000035],[81.71582176400005,29.474666958000057],[81.71657713900004,29.474202708000064],[81.71734388900006,29.475450521000027],[81.71954270200007,29.476593584000057],[81.72000251400004,29.47809120900007],[81.72022532700004,29.483801646000074],[81.72104651500007,29.484805522000045],[81.72600320200007,29.48867208400003],[81.72829295200006,29.488770084000066],[81.73102651400006,29.490081459000066],[81.73518620200008,29.48999089600005],[81.74370063900005,29.49497395800006],[81.74999995200005,29.49634839600003],[81.75203488900007,29.497884397000064],[81.75722176500005,29.499684396000077],[81.76121351400008,29.50027970800005],[81.76211426500004,29.501670834000038],[81.76192557700006,29.503684084000042],[81.76429820100003,29.505330709000077],[81.77100532700007,29.509345584000073],[81.77271251400003,29.509335646000068],[81.77671076500008,29.508013084000027],[81.78150345200004,29.508731646000058],[81.78269864000004,29.509730647000026],[81.78228357700004,29.511260271000026],[81.77905163900004,29.515662146000068],[81.77968332700004,29.51815783400008],[81.78289238900004,29.520410583000057],[81.78420620100007,29.524720271000035],[81.78753789000007,29.528368459000035],[81.78925026500008,29.528976397000065],[81.79274045200003,29.52908414600006],[81.79426757700008,29.529756271000053],[81.79481738900006,29.53121470900004],[81.79373270200006,29.53492289600007],[81.79195376500007,29.537692271000026],[81.79219888900008,29.540515021000033],[81.79539288900008,29.547800021000057],[81.79870351400007,29.55099458400008],[81.79938139000006,29.552125146000037],[81.80082895200007,29.559194959000024],[81.80045345200006,29.56572077100003],[81.79998138900004,29.569425271000057],[81.80029151400004,29.57104527100006],[81.79967845200008,29.57338814600007],[81.80042363900003,29.57601158400007],[81.79918170200006,29.578714709000053],[81.79763457700005,29.58028045900005],[81.79623389000005,29.584055834000026],[81.79169082700008,29.589666022000074],[81.79147670200007,29.590738772000066],[81.79276320200006,29.59378308400005],[81.79150401400005,29.59664633400007],[81.78972645100004,29.597338146000027],[81.78571407700008,29.59726495900003],[81.77973376500006,29.599736396000026],[81.77751964000004,29.601664521000032],[81.77558239000007,29.605797084000073],[81.77207745200008,29.606467146000057],[81.76850701500007,29.60600064600004],[81.76431057700006,29.606121959000063],[81.76227845200003,29.605192896000062],[81.75734345200004,29.60596783400007],[81.75228364000003,29.604893521000065],[81.74527082700007,29.606056459000058],[81.74035363900003,29.606199021000066],[81.73679270200006,29.607732459000033],[81.73510482700004,29.61054795800004],[81.73278882700004,29.612460084000077],[81.73075064000005,29.61344352100008],[81.72975220200004,29.614964834000034],[81.72486226400008,29.615284958000075],[81.72212839000008,29.616748021000035],[81.72223276500006,29.620525834000034],[81.72084089000003,29.621302583000045],[81.71878876400007,29.62036183400005],[81.71760132700007,29.62084420900004],[81.71459170200006,29.62543058400007],[81.71224182700007,29.626302647000045],[81.71131332700008,29.632323709000048],[81.70835714000003,29.635323834000076],[81.70465432700007,29.637177459000043],[81.70530026400007,29.640656896000053],[81.70442863900007,29.64194952200006],[81.70185626400007,29.64319933400003],[81.70540176400004,29.644669271000055],[81.70213445200005,29.647465709000073],[81.70350932700006,29.649373522000076],[81.70329132700004,29.65154695900003],[81.70393432700007,29.65274133300005],[81.70374126500008,29.65663352200005],[81.70153220200007,29.661167959000068],[81.70085376400004,29.666034896000042],[81.70090951500003,29.67035420900004],[81.70033676500003,29.673637146000033],[81.69913770200003,29.676266834000046],[81.69914039000008,29.680383584000026],[81.70026976500003,29.682685209000056],[81.70431745200005,29.687346646000037],[81.70608213900005,29.69143133400007],[81.70588807700005,29.693331709000063],[81.70792713900005,29.695989334000046],[81.71049626400008,29.700250147000077],[81.71038495100004,29.70287639600008],[81.71116920100008,29.703799272000026],[81.71157588900007,29.70642045900007],[81.71262688900003,29.708426959000064],[81.71185932700007,29.709879209000064],[81.71347713900008,29.71145395900004],[81.71437732700008,29.71414020900005],[81.71443082700006,29.71803102100006],[81.71542832700004,29.719857271000024],[81.71554501400004,29.721733397000037],[81.71680513900003,29.723943959000053],[81.71988076500008,29.726505522000025],[81.72171426400007,29.729186584000047],[81.72490501400006,29.729645084000026],[81.72665151500007,29.730991209000024],[81.72830001500006,29.733154397000078],[81.72919770200008,29.735502084000075],[81.72790982700008,29.736571646000073],[81.72891845200007,29.739868459000036],[81.73011020200005,29.74158070900006],[81.72828732700003,29.744011146000048],[81.72860076500007,29.747945584000036],[81.72981538900007,29.750753959000065],[81.73314020200007,29.755147709000028],[81.73361763900004,29.757962459000055],[81.73453851400006,29.75892052200004],[81.73315157700006,29.762487646000068],[81.73219345200005,29.766627647000064],[81.73198920200008,29.769207022000046],[81.73315026400007,29.771090834000063],[81.73477151400004,29.77189839600004],[81.73729445200007,29.77542352200004],[81.73888145200004,29.77964858400003],[81.73850320200006,29.78086877100003],[81.73903651400008,29.784648522000055],[81.74204676500005,29.789316771000074],[81.74160276400005,29.79249295900007],[81.74313451400008,29.792678334000072],[81.74615539000007,29.794188459000054],[81.74853082700008,29.79461939600003],[81.74999951400008,29.796057021000024],[81.75312420200004,29.79801514600007],[81.75551732700006,29.798547334000034],[81.75716926500007,29.79681458400006],[81.76003288900006,29.797411647000047],[81.76392820200005,29.799746396000046],[81.76633313900004,29.801816646000077],[81.76890770200004,29.800434834000043],[81.77129364000007,29.80001039600006],[81.77312282700007,29.798497459000032],[81.77547045200004,29.79814308400006],[81.77921220200005,29.802145146000043],[81.78035976500007,29.805456459000027],[81.78217432700006,29.80705408400007],[81.78250207700006,29.810528084000055],[81.78100976500008,29.814378272000056],[81.78459951400004,29.822240521000026],[81.78406470200008,29.82415645900005],[81.78520226500007,29.830512897000062],[81.78498789000008,29.836435272000074],[81.78439901400003,29.83797714600007],[81.78259539000004,29.839275772000065],[81.78617845200006,29.84119439600005],[81.79099932700007,29.843306209000048],[81.79156363900006,29.844484771000054],[81.79396407700006,29.84651395900005],[81.79602670200006,29.848840646000042],[81.79567876500005,29.850484834000042],[81.79339688900006,29.853311397000027],[81.79473820200008,29.855714584000054],[81.79483557700007,29.857879396000044],[81.79708051500006,29.860398959000065],[81.79641389000005,29.862324771000033],[81.79784770200007,29.866159709000044],[81.79853451500009,29.86685264600004],[81.79813270200003,29.869284334000042],[81.79851876400005,29.872426334000068],[81.79837620200004,29.87719558400005],[81.79903026500006,29.878797647000056],[81.79783588900005,29.882316897000067],[81.79854820200006,29.88619002200005],[81.79775207700004,29.88942714700005],[81.79816139000008,29.890437459000054],[81.79562076400003,29.89616402200005],[81.79755120200008,29.89695764700008],[81.80035470200005,29.896521085000074],[81.80103745200006,29.90168683400003],[81.79575551400006,29.90554439600004],[81.79291795200004,29.90678396000004],[81.79049432700003,29.909629334000044],[81.78739176500005,29.910362897000027],[81.78445057700003,29.90856464700005],[81.78273088900005,29.90916814700006],[81.78178776500005,29.911068459000035]]]}},{"type":"Feature","properties":{"STATE_CODE":7,"DISTRICT":"BAJURA","GaPa_NaPa":"Pandav Gupha","Type_GN":"Gaunpalika","Province":"Sudur Pashchim","provinceId":"7","provinceCode":"7","provinceName":"Sudurpashchim","districtId":"701","districtName":"Bajura","municipalityId":"70105","municipalityCode":"70105","municipalityName":"Jagannath Rural Municipality","municipalityNameNe":"जगन्‍नाथ गाउँपालिका","municipalityType":"rural_municipality"},"geometry":{"type":"Polygon","coordinates":[[[81.74819807700004,29.342138833000035],[81.74608551400007,29.34293114600007],[81.74472251500003,29.34448627100005],[81.74433670200006,29.347375896000074],[81.74142388900003,29.349862209000037],[81.74065045200007,29.351513271000044],[81.73630832700007,29.35410445800005],[81.73271395200004,29.361347333000026],[81.72869139000005,29.365682521000053],[81.72921564000006,29.37040783300006],[81.72636001500007,29.373114646000033],[81.72483288900008,29.375408083000025],[81.72446757700004,29.377289146000066],[81.72465526400003,29.381968958000073],[81.72561301500008,29.384533084000054],[81.72501270200007,29.388872021000054],[81.72550970200007,29.393671959000073],[81.72158932700006,29.39672958400007],[81.71966613900008,29.398905521000074],[81.71797801400004,29.402372771000046],[81.71965107700004,29.40645583400004],[81.72034414000007,29.409204147000025],[81.71838964000005,29.412643521000064],[81.71862920200005,29.41675683300008],[81.71699138900004,29.42532870900004],[81.71891270100008,29.429114834000075],[81.71912095200008,29.430785271000047],[81.71769726500008,29.43189827100008],[81.71331857700005,29.43387533400005],[81.71119832700003,29.435826646000066],[81.71145632700006,29.438541271000076],[81.71116788900008,29.443469459000028],[81.71007845100007,29.44626345900008],[81.71017370200008,29.449863209000057],[81.70930245200003,29.451796521000063],[81.70795920200004,29.45842445900007],[81.70771807700004,29.462122959000055],[81.70919570200005,29.46664927200004],[81.71348164000005,29.47128233400008],[81.71539970200007,29.47247658400005],[81.71657713900004,29.474202708000064],[81.71582176400005,29.474666958000057],[81.71344920200005,29.47667602100006],[81.71349851500008,29.477645771000027],[81.71123926400008,29.479845959000045],[81.70910488900006,29.480827334000026],[81.70812251500007,29.482023583000057],[81.70584395200007,29.480258209000056],[81.70259014000004,29.47865352100007],[81.69731482700007,29.475033646000043],[81.69464651500004,29.468697521000024],[81.69463545200006,29.46707564600007],[81.68660164000005,29.466442896000046],[81.68459120200004,29.465911833000064],[81.67825807700007,29.465538209000044],[81.67415870100007,29.466231271000026],[81.67135376400006,29.46424683300006],[81.66382882700003,29.463325833000056],[81.66174001400003,29.460927022000078],[81.65822532700008,29.459940646000064],[81.65452501400006,29.459843896000052],[81.65253670200008,29.460717584000065],[81.64978688900004,29.460611458000074],[81.64822495200008,29.456389459000036],[81.64575907700004,29.45459677100007],[81.64324657700007,29.451333521000038],[81.63633951400004,29.449280084000065],[81.63389957700008,29.44673358400007],[81.63394145200004,29.444242959000064],[81.63282020200006,29.441417272000024],[81.62967414000008,29.43851989600006],[81.62744720200004,29.438591334000023],[81.62600395200008,29.436594958000057],[81.62586914000008,29.433714896000026],[81.62402407700006,29.431957271000044],[81.62058226400006,29.43076645800005],[81.61627588900006,29.428600584000037],[81.61374126400005,29.426744459000076],[81.61261788900003,29.42386895900006],[81.61268288900004,29.42161283300004],[81.61585463900008,29.416973709000047],[81.61460801400005,29.41554927100003],[81.61141857700005,29.415191771000025],[81.60918926400007,29.41391839700003],[81.60457088900006,29.413722896000024],[81.60102082700007,29.413910396000063],[81.59772507700006,29.415292333000025],[81.59158432700008,29.41740402100004],[81.58698226400008,29.420077271000025],[81.58366126400006,29.41823302100005],[81.57995338900008,29.41834845900007],[81.57786951400004,29.41641977100005],[81.57729776400004,29.412939209000058],[81.57378788900007,29.407673459000023],[81.57317070100004,29.405575959000032],[81.57199870100004,29.40471014600007],[81.57297082700006,29.40267127100003],[81.57497282700007,29.40122345900005],[81.57490195200006,29.398243772000058],[81.57351682600006,29.39402902100005],[81.56996738900006,29.391215458000033],[81.56827757700006,29.388795334000065],[81.56561451400006,29.388186334000068],[81.56435676400008,29.386192959000027],[81.56615957700006,29.381831459000068],[81.56789976400006,29.381057147000035],[81.56478851500003,29.375403646000052],[81.56386451400004,29.372614834000046],[81.56243913900005,29.37040783300006],[81.56138932700009,29.364955334000058],[81.56050857600007,29.36190689600005],[81.56109845100008,29.358996583000078],[81.56023020100008,29.357865584000024],[81.56099795200004,29.354277771000056],[81.56262795100008,29.351694708000025],[81.56547357700003,29.34998402100007],[81.56823039000005,29.34911283400004],[81.56890563900004,29.347941396000067],[81.57225057600004,29.34969127100004],[81.57507032600006,29.355102146000036],[81.57557570200004,29.358661959000074],[81.57495257700003,29.360728771000026],[81.57929370100004,29.363107959000047],[81.58142313900004,29.362476084000036],[81.58302613900008,29.364483584000027],[81.58507163900003,29.36505658300007],[81.58994382700007,29.365547208000066],[81.59186345100005,29.365155208000033],[81.59471638900004,29.366056146000062],[81.60168270100007,29.36559402100005],[81.60556082700003,29.36695483400007],[81.61103201400005,29.36745320800003],[81.61328570100005,29.37017245800007],[81.61545713900006,29.370748959000025],[81.61929245200008,29.370609396000077],[81.62440370200005,29.36883952100004],[81.62825082700004,29.368428958000038],[81.62934395200006,29.36610708300003],[81.63352707700005,29.364866833000065],[81.63651913900003,29.364372083000035],[81.63704788900003,29.36347402100006],[81.64005570200004,29.361490271000037],[81.64051507700003,29.356292834000044],[81.64214501500004,29.355355583000062],[81.64487970200008,29.356161271000076],[81.64587938900007,29.354304396000032],[81.64513932700004,29.351589709000052],[81.64575714000006,29.35003252100006],[81.64578020200008,29.343379834000075],[81.64395776500004,29.336801583000067],[81.64387595200003,29.333720458000073],[81.64426982700007,29.331771771000035],[81.64834926400005,29.328025333000028],[81.64890882700007,29.32502458400006],[81.64822282700004,29.32350070900003],[81.65015920200005,29.32114739600007],[81.65605070200007,29.321301396000024],[81.65802488900005,29.319644896000057],[81.66457795200006,29.31962820900003],[81.66615257700005,29.319297771000038],[81.67031807700005,29.317014334000078],[81.67183645100005,29.316855584000052],[81.67412351400003,29.31803058400004],[81.67576157700006,29.31953145800003],[81.68009495200005,29.32142920800004],[81.68416913900006,29.31995564600004],[81.69271363900003,29.32053645900004],[81.69427526400005,29.322114208000073],[81.69573151500003,29.325409146000027],[81.70155632700005,29.329403084000035],[81.70498757600006,29.330560271000024],[81.71351795200007,29.33064358400003],[81.71780320200008,29.331292834000067],[81.72128570200005,29.33228470800003],[81.72424082700007,29.332408521000048],[81.72820295200006,29.33421420800005],[81.73173245200007,29.33517839600006],[81.73936270200005,29.333994896000036],[81.74145913900009,29.333926896000037],[81.74729426500005,29.338861646000055],[81.74819807700004,29.342138833000035]]]}},{"type":"Feature","properties":{"STATE_CODE":7,"DISTRICT":"BAJURA","GaPa_NaPa":"Swami Kartik","Type_GN":"Gaunpalika","Province":"Sudur Pashchim","provinceId":"7","provinceCode":"7","provinceName":"Sudurpashchim","districtId":"701","districtName":"Bajura","municipalityId":"70104","municipalityCode":"70104","municipalityName":"Swamikartik Khapar Rural Municipality","municipalityNameNe":"स्वामीकार्तिक खापर गाउँपालिका","municipalityType":"rural_municipality"},"geometry":{"type":"Polygon","coordinates":[[[81.80963659200006,29.453908670000033],[81.81003357700007,29.45630852200003],[81.80979657700004,29.45876652100003],[81.80867489000008,29.46309764600005],[81.80876938900008,29.466480709000052],[81.80727107700005,29.468849334000026],[81.80543420200007,29.475600646000032],[81.80097151400008,29.481172271000048],[81.79990276500007,29.48387658400003],[81.79722851500009,29.48808608400003],[81.79556107700006,29.489343521000023],[81.79119226500006,29.494860084000038],[81.78957338900005,29.497497646000056],[81.78985907700007,29.50000664600003],[81.78777720200003,29.501473959000066],[81.78474526400004,29.50231295900005],[81.78187057700006,29.501141147000055],[81.77905176400003,29.502371271000072],[81.77339626400004,29.503615584000045],[81.76932670200006,29.50333464600004],[81.76429820100003,29.505330709000077],[81.76192557700006,29.503684084000042],[81.76211426500004,29.501670834000038],[81.76121351400008,29.50027970800005],[81.75722176500005,29.499684396000077],[81.75203488900007,29.497884397000064],[81.74999995200005,29.49634839600003],[81.74370063900005,29.49497395800006],[81.73518620200008,29.48999089600005],[81.73102651400006,29.490081459000066],[81.72829295200006,29.488770084000066],[81.72600320200007,29.48867208400003],[81.72104651500007,29.484805522000045],[81.72022532700004,29.483801646000074],[81.72000251400004,29.47809120900007],[81.71954270200007,29.476593584000057],[81.71734388900006,29.475450521000027],[81.71657713900004,29.474202708000064],[81.71539970200007,29.47247658400005],[81.71348164000005,29.47128233400008],[81.70919570200005,29.46664927200004],[81.70771807700004,29.462122959000055],[81.70795920200004,29.45842445900007],[81.70930245200003,29.451796521000063],[81.71017370200008,29.449863209000057],[81.71007845100007,29.44626345900008],[81.71116788900008,29.443469459000028],[81.71145632700006,29.438541271000076],[81.71119832700003,29.435826646000066],[81.71331857700005,29.43387533400005],[81.71769726500008,29.43189827100008],[81.71912095200008,29.430785271000047],[81.71891270100008,29.429114834000075],[81.71699138900004,29.42532870900004],[81.71862920200005,29.41675683300008],[81.71838964000005,29.412643521000064],[81.72034414000007,29.409204147000025],[81.71965107700004,29.40645583400004],[81.71797801400004,29.402372771000046],[81.71966613900008,29.398905521000074],[81.72158932700006,29.39672958400007],[81.72550970200007,29.393671959000073],[81.72501270200007,29.388872021000054],[81.72561301500008,29.384533084000054],[81.72465526400003,29.381968958000073],[81.72446757700004,29.377289146000066],[81.72483288900008,29.375408083000025],[81.72636001500007,29.373114646000033],[81.72921564000006,29.37040783300006],[81.72869139000005,29.365682521000053],[81.73271395200004,29.361347333000026],[81.73630832700007,29.35410445800005],[81.74065045200007,29.351513271000044],[81.74142388900003,29.349862209000037],[81.74433670200006,29.347375896000074],[81.74472251500003,29.34448627100005],[81.74608551400007,29.34293114600007],[81.74819807700004,29.342138833000035],[81.74915395200009,29.346620271000063],[81.75216770200007,29.348626833000026],[81.75434457700004,29.35235014600005],[81.75220376400006,29.353530771000067],[81.75283439000003,29.35612364600007],[81.75188282700003,29.35778477100007],[81.75185913900003,29.359636959000056],[81.75096957700003,29.362206834000062],[81.75148345200006,29.36652152100004],[81.75378376500004,29.36930127100004],[81.75521595200007,29.372476084000027],[81.75692639000005,29.37486883400004],[81.75834345200008,29.37563902100004],[81.75935445200008,29.377981583000064],[81.75916951500005,29.37935189600006],[81.75998276400009,29.38229102100007],[81.76152114000007,29.38324552100005],[81.76216226500003,29.385723271000074],[81.76372476400007,29.386785771000064],[81.76833188900008,29.385703646000024],[81.76903426400008,29.386707958000045],[81.76871495200004,29.390402521000055],[81.77064370200003,29.392200521000063],[81.77361526500005,29.390940396000076],[81.77860864000007,29.391348958000037],[81.78223501500008,29.39077502200007],[81.78614601400005,29.389184271000033],[81.78945682700004,29.38861202100003],[81.79115401400009,29.38899002100004],[81.79124545100007,29.39356639600004],[81.79226514000004,29.39599664600007],[81.79437839000008,29.398352646000035],[81.79631470200007,29.399380896000025],[81.79683163900006,29.402409646000024],[81.79964363900007,29.407355584000072],[81.79825801500004,29.40840152100003],[81.79947589000005,29.412420834000045],[81.79855795200007,29.41455577100004],[81.79895707700007,29.417406958000072],[81.80059895200003,29.420929647000037],[81.80134339000006,29.42722558400004],[81.80084551400006,29.42912339600008],[81.80361576400009,29.431184271000063],[81.80597201500007,29.437405021000075],[81.80724545200007,29.439319209000075],[81.80541913900004,29.442210896000063],[81.80497701500008,29.44734095800004],[81.80709089000004,29.452604459000042],[81.80963659200006,29.453908670000033]]]}},{"type":"Feature","properties":{"STATE_CODE":7,"DISTRICT":"BAJURA","GaPa_NaPa":"Tribeni","Type_GN":"Nagarpalika","Province":"Sudur Pashchim","provinceId":"7","provinceCode":"7","provinceName":"Sudurpashchim","districtId":"701","districtName":"Bajura","municipalityId":"70109","municipalityCode":"70109","municipalityName":"Tribeni Urban Municipality","municipalityNameNe":"त्रिवेणी नगरपालिका","municipalityType":"municipality"},"geometry":{"type":"Polygon","coordinates":[[[81.56050857600007,29.36190689600005],[81.55863276400004,29.358891897000035],[81.55576495100007,29.357764646000078],[81.54996601400006,29.356153208000023],[81.54684845200006,29.35765939600003],[81.54430863900006,29.356562146000044],[81.54284070200003,29.355092771000045],[81.53999276400003,29.35401477100004],[81.53846282700005,29.352358396000056],[81.53592795200007,29.35167152100007],[81.53285613900005,29.350228771000047],[81.52920938900007,29.35149533400005],[81.52676126500006,29.351638084000058],[81.52490951400006,29.35032570900006],[81.52041645100007,29.348231834000046],[81.51314095200007,29.34940814600003],[81.51115420200006,29.349106833000064],[81.50856245200004,29.35065295800007],[81.50670476500005,29.352514333000045],[81.50357607600006,29.35264802100005],[81.50114045200007,29.351281021000034],[81.49683007600004,29.349869271000046],[81.49087470200004,29.34892127100005],[81.48982995200004,29.347185896000042],[81.48395820200005,29.347126021000065],[81.48098838900006,29.346108084000036],[81.47960626500003,29.346920708000027],[81.47794170200007,29.346128083000053],[81.47412970100004,29.347129771000027],[81.47172338900003,29.34907833300008],[81.46293376400007,29.348664708000058],[81.46206170200009,29.34900383300004],[81.45570470200005,29.349438521000025],[81.45434907600009,29.350771896000026],[81.45235313900008,29.349966521000056],[81.44834751400003,29.350079334000043],[81.44734276400004,29.35055420900005],[81.44342595200004,29.350501834000056],[81.44254732600007,29.352025208000043],[81.43935970200005,29.354036646000054],[81.44021520100006,29.356862771000067],[81.43981532700008,29.358501896000064],[81.43685157600004,29.359481646000063],[81.43771313900004,29.361163959000066],[81.43460207700008,29.36538583300006],[81.43050545200003,29.366666959000042],[81.43135795100005,29.370181083000034],[81.42851670100004,29.372534146000078],[81.42467988900006,29.373967583000024],[81.42294551400005,29.374194208000063],[81.42183920100007,29.376205397000035],[81.41786445200006,29.378936271000043],[81.41298295100006,29.38742458400003],[81.41258276400004,29.388950772000044],[81.40977207600008,29.392907209000043],[81.40789313900007,29.393625834000034],[81.40705457700005,29.39556845800007],[81.40538951400003,29.397125583000047],[81.40364282700006,29.397613584000055],[81.39928245200008,29.397753084000044],[81.39790788900007,29.39853995900006],[81.39568551400004,29.397608209000055],[81.39503751400008,29.395097021000026],[81.39227563900005,29.39318320800004],[81.39076438900008,29.391412271000036],[81.38739401400005,29.39048589600003],[81.38588545100004,29.38939389600006],[81.38351107700004,29.38871945900007],[81.38141395200006,29.387274959000024],[81.37789420100006,29.387183459000028],[81.37648438900004,29.385222584000076],[81.37461907600004,29.384244271000057],[81.37361701400005,29.382293521000065],[81.36909576400006,29.38032995900005],[81.36521820100006,29.379871396000055],[81.36348001400006,29.378725646000078],[81.35936813900008,29.37699520900003],[81.35788426400006,29.375625396000032],[81.35670213900005,29.373059083000044],[81.35659345200008,29.37126145900004],[81.35275357700004,29.366861396000047],[81.35101045100004,29.364174646000038],[81.34911776400008,29.36254864600005],[81.34541545100006,29.360938584000053],[81.34094270200006,29.35781214600007],[81.33897238900005,29.35560639700003],[81.33700807700006,29.355187271000034],[81.33399432600004,29.353753271000073],[81.33148638900008,29.35083364600007],[81.32870563900008,29.350136709000026],[81.32518020100008,29.34802477100004],[81.32453563900003,29.345736646000034],[81.32098538900004,29.343656208000027],[81.32049695100005,29.342274521000036],[81.31809795200007,29.34147489600008],[81.31796201400005,29.338738833000036],[81.31602026400003,29.337369584000044],[81.31547957600003,29.335473646000025],[81.31241338900008,29.333236271000033],[81.31184638900004,29.33113733400006],[81.30946463800007,29.327425146000053],[81.30634376400008,29.32378002100006],[81.30475488900004,29.322531583000057],[81.30579526400004,29.320271021000053],[81.30806651400007,29.321359958000073],[81.31021513900004,29.32317770900005],[81.31055276400008,29.324801209000043],[81.31448345100006,29.324252896000075],[81.31874557700007,29.323085459000026],[81.31978176400008,29.321842271000037],[81.31900826400005,29.320623646000058],[81.31929445100008,29.31889945900008],[81.32183057600008,29.31823689600003],[81.32250951400005,29.31578308400003],[81.32410557700007,29.313983459000042],[81.32831082700005,29.314911709000057],[81.33177870100008,29.314063959000066],[81.33159020100004,29.312505646000034],[81.33396738900007,29.307759958000076],[81.33397888900004,29.30496039600007],[81.33567845200008,29.30303402100003],[81.33864845100004,29.301603084000078],[81.34222726400003,29.301785709000058],[81.34163582600007,29.29903495900004],[81.34358013900004,29.295921333000024],[81.34535976400008,29.29169820800007],[81.35021957600003,29.290826021000044],[81.35040126500007,29.289203583000074],[81.35243038900006,29.28656333400005],[81.35492470200006,29.286191271000064],[81.35710126400005,29.283988271000055],[81.35922732600005,29.28542402100004],[81.36009638900003,29.28409970900003],[81.36655820200008,29.284118271000068],[81.36829732700005,29.284528521000027],[81.37072463900006,29.286294958000042],[81.37353020100005,29.290695208000045],[81.37508951400008,29.292035396000074],[81.37904576400007,29.292739334000032],[81.38177432600008,29.295307833000038],[81.38451132600005,29.296667021000076],[81.38361632700008,29.300446021000027],[81.38380101400008,29.302685584000074],[81.38802170100007,29.30122289600007],[81.38957801400005,29.29998889600006],[81.39140670100005,29.296615459000066],[81.39472107700004,29.29296464600003],[81.39646232700005,29.289704209000035],[81.39732845100008,29.285733521000054],[81.39855163900006,29.28446652100007],[81.40308851500004,29.28478902100005],[81.40694338900005,29.284138958000028],[81.41234901400009,29.28083777100005],[81.41566213900006,29.279415334000078],[81.41604501500007,29.278482458000042],[81.41856057600006,29.27679845800003],[81.41910820200007,29.278418646000034],[81.42234526400006,29.282160083000065],[81.42820413900006,29.285277146000055],[81.43126076400006,29.28651483400006],[81.43444126400004,29.287068521000037],[81.43804545100005,29.28648152100004],[81.44476082700004,29.287381958000026],[81.44999863900006,29.28508595900007],[81.45364338900004,29.28208008300004],[81.45738957700007,29.280070833000025],[81.45957926400007,29.27989414600006],[81.46057232600003,29.278848458000027],[81.46612120100008,29.274671583000043],[81.46804788900005,29.271865271000024],[81.46982838900004,29.271845521000046],[81.47461582600005,29.274819896000054],[81.47786801400008,29.275620459000038],[81.48061370200008,29.27771083400006],[81.48563113900008,29.279560583000034],[81.48945770200004,29.286747459000026],[81.49253332600006,29.29057795800003],[81.49756982700006,29.293530334000025],[81.50176888900006,29.29726839600005],[81.50558970200007,29.303182459000027],[81.50666932600006,29.30629152100005],[81.50654507600007,29.30784402100005],[81.50757007700008,29.309389959000043],[81.50973476400003,29.314565708000032],[81.51285101400003,29.312688146000028],[81.51428845100008,29.313160896000056],[81.51659570200007,29.31206014600008],[81.51806120200007,29.31236577100003],[81.51986251400007,29.31492145900006],[81.52301782700005,29.31557689600004],[81.52565570200005,29.31507927100006],[81.52640963900006,29.317535209000027],[81.52838663900008,29.320405896000068],[81.53068320200003,29.32605452100006],[81.53350882700005,29.32736520800006],[81.53767588900007,29.331099959000028],[81.54223113900008,29.33224558300003],[81.54564113900005,29.334902646000046],[81.54995907700004,29.33928158300006],[81.55236951400008,29.345705396000028],[81.55216151400003,29.349502896000047],[81.55687438900003,29.35471689600007],[81.56023020100008,29.357865584000024],[81.56109845100008,29.358996583000078],[81.56050857600007,29.36190689600005]]]}},{"type":"Feature","properties":{"STATE_CODE":7,"DISTRICT":"BAJHANG","GaPa_NaPa":"Bithadchir","Type_GN":"Gaunpalika","Province":"Sudur Pashchim","provinceId":"7","provinceCode":"7","provinceName":"Sudurpashchim","districtId":"702","districtName":"Bajhang","municipalityId":"70210","municipalityCode":"70210","municipalityName":"Bitthadchir Rural Municipality","municipalityNameNe":"बित्थडचिर गाउँपालिका","municipalityType":"rural_municipality"},"geometry":{"type":"Polygon","coordinates":[[[80.86073607600008,29.54558245900006],[80.85694307600005,29.545418271000074],[80.85232045100008,29.543398771000057],[80.84956895100004,29.546001209000053],[80.84644882600008,29.547865459000036],[80.84321532700005,29.548563208000076],[80.84173095100005,29.547442584000066],[80.84115013900004,29.545752272000072],[80.83991070100006,29.545207084000026],[80.83510807600004,29.54597952200004],[80.83296351400008,29.548692834000065],[80.83198820200005,29.551843021000025],[80.83152413800008,29.55526464600007],[80.83226726400005,29.557843959000024],[80.83171070100008,29.56141658400003],[80.83015613800006,29.563512459000037],[80.82548526300008,29.56609833400006],[80.82391376400005,29.567391147000023],[80.82144657600008,29.568051083000057],[80.81842288900003,29.567092771000034],[80.81307113800005,29.562557834000074],[80.80878238900004,29.56294427200004],[80.80687920100007,29.563697209000054],[80.80459945200005,29.56268102100006],[80.79976438900007,29.56232639600006],[80.79709288900006,29.56256145900005],[80.79384920100006,29.561638334000065],[80.79202545100003,29.562621334000028],[80.78755251300004,29.56189233400005],[80.78668307600003,29.563054959000056],[80.78340388900006,29.563690334000057],[80.77823663800007,29.562614772000074],[80.77859838800003,29.56077239600006],[80.77632545100005,29.558420271000045],[80.77606907600006,29.55677758300004],[80.77445620100008,29.55369333400006],[80.77298120100005,29.551852334000046],[80.77134901400007,29.55369027100005],[80.76911576400005,29.55385339700007],[80.76356795100008,29.55573177200006],[80.76220420200008,29.555605271000047],[80.75789813900008,29.556526896000037],[80.75654976400006,29.556204709000042],[80.75249745100007,29.553717771000038],[80.74999820100004,29.55326277100005],[80.74900895100006,29.551434959000062],[80.74854732700004,29.54800895900007],[80.74838670100007,29.54325158300003],[80.74774832600008,29.54206664700007],[80.74853901300008,29.539264583000033],[80.74919701400006,29.53247502100004],[80.75000007200003,29.530654423000044],[80.75136613800004,29.529891771000052],[80.75528751300004,29.529758771000047],[80.75888876400006,29.528064458000074],[80.76229457600004,29.528147271000023],[80.76543576400007,29.52648577100007],[80.77019045100008,29.52617377100006],[80.77249763800006,29.52453545800006],[80.77518445100003,29.524093334000042],[80.77760670100008,29.524462896000045],[80.78232970100004,29.523252521000074],[80.78338501400003,29.52157589600006],[80.78280826300005,29.52006808400006],[80.78349051400005,29.51775464700006],[80.78657057600003,29.513570521000076],[80.78797907600006,29.507727834000036],[80.79002295100008,29.506774584000027],[80.79432551300005,29.506558022000036],[80.79702113800005,29.50771039600005],[80.80037320100007,29.51101127100003],[80.80078588800006,29.512166896000053],[80.80280820100006,29.51285339700007],[80.80637682600008,29.515218271000037],[80.80856707600003,29.513913083000034],[80.81174013800006,29.513376208000068],[80.81589482600003,29.51430689600005],[80.81797038800005,29.515936208000028],[80.81998032600006,29.51335602100005],[80.82439607600008,29.511002271000052],[80.82563913800004,29.508962396000072],[80.82425238800005,29.503458521000027],[80.82430470100007,29.500810209000065],[80.82756701400007,29.50000008300003],[80.83082613800008,29.49757695900007],[80.83634338900004,29.494026396000038],[80.84252470100006,29.490963584000042],[80.84659545200003,29.489377959000024],[80.84815245100003,29.487538959000062],[80.84932532700003,29.484485833000065],[80.85189045100003,29.481472646000043],[80.85437132600003,29.47953758400007],[80.85404882700004,29.47724302100005],[80.85650907700006,29.47521089600008],[80.85658332600008,29.472763334000035],[80.85808838900005,29.469060771000045],[80.86116132600006,29.46724808400006],[80.86496651400006,29.465514959000075],[80.87009832600006,29.46672470900006],[80.87280170100007,29.466465646000074],[80.87480507600003,29.464640271000064],[80.87660713900004,29.46456752100005],[80.87782738900006,29.462793271000066],[80.87856095100005,29.45886420900007],[80.88039357600007,29.45574595900007],[80.88127370200004,29.45312089600003],[80.88566282600004,29.446740583000064],[80.88480876300008,29.44328608400008],[80.88704382600008,29.44199539600004],[80.89064426400006,29.44243602100005],[80.89921688800007,29.44414370900006],[80.90341313900007,29.443898709000052],[80.90445757600008,29.443003834000024],[80.90995845100008,29.441426334000028],[80.91001188800004,29.444036396000058],[80.91234563900008,29.444870396000056],[80.91216757600006,29.44625320800003],[80.90979420100007,29.450429459000077],[80.90657276400003,29.451965709000035],[80.90477420100007,29.455754334000062],[80.90243257700007,29.457925084000067],[80.89925776300004,29.46210508400003],[80.89756782700005,29.466065146000062],[80.89760370100004,29.470455021000078],[80.89667445100008,29.473195271000066],[80.89663163900008,29.475033771000028],[80.89881320100005,29.477237209000066],[80.90003088900005,29.483674146000055],[80.89828876400009,29.48600989600004],[80.89881138800007,29.49006408400004],[80.89837532600006,29.492969334000065],[80.89760920100008,29.494184709000024],[80.89477501400006,29.49625108300006],[80.89440932700006,29.49795620900005],[80.89225957600007,29.50070889600005],[80.88839257600006,29.50306533400004],[80.88714901400004,29.50673233400005],[80.88193351300004,29.508225709000044],[80.87978220100007,29.50851245900003],[80.87843101400006,29.51026408300004],[80.87897501300006,29.512847522000072],[80.88064988800005,29.514730459000077],[80.87999076300008,29.516963146000023],[80.88060563800008,29.521396459000073],[80.88016520100007,29.523850459000073],[80.88107188900005,29.52799752100003],[80.88022932700005,29.531281334000028],[80.87687288900008,29.532363334000024],[80.87431588900006,29.535931959000038],[80.87222082600005,29.53693152200003],[80.87248201400007,29.539065833000052],[80.87167520100007,29.541047958000036],[80.87026795200006,29.541978271000062],[80.86671370100004,29.541602521000073],[80.86447163900004,29.542376271000023],[80.86138095200005,29.541901584000072],[80.86073607600008,29.54558245900006]]]}},{"type":"Feature","properties":{"STATE_CODE":7,"DISTRICT":"BAJHANG","GaPa_NaPa":"Bungal","Type_GN":"Nagarpalika","Province":"Sudur Pashchim","provinceId":"7","provinceCode":"7","provinceName":"Sudurpashchim","districtId":"702","districtName":"Bajhang","municipalityId":"70202","municipalityCode":"70202","municipalityName":"Bungal Urban Municipality","municipalityNameNe":"बुंगल नगरपालिका","municipalityType":"municipality"},"geometry":{"type":"Polygon","coordinates":[[[81.10543013900008,29.80799333400006],[81.10347226400006,29.811067209000043],[81.10071051400007,29.812301022000042],[81.09785538800008,29.812724959000036],[81.09327551400008,29.81633977200005],[81.09118151400008,29.821407647000058],[81.09073270100004,29.826154084000052],[81.09104001400004,29.829803709000032],[81.08839157600005,29.831598834000033],[81.08563113900004,29.835232396000038],[81.08193426400004,29.83511295900007],[81.07765357700004,29.83367408400005],[81.07309326400008,29.830390022000074],[81.07157663900006,29.828408084000046],[81.07259382600006,29.82446445900007],[81.07182976400009,29.821891021000056],[81.07273651400004,29.817453459000035],[81.07103601400007,29.814826459000074],[81.07201888900005,29.81055120900004],[81.07096538800005,29.807716334000077],[81.07106726400008,29.80320695900008],[81.06990532600008,29.80003602200003],[81.06955426400003,29.795944209000027],[81.06410307700008,29.79381302200005],[81.06475226400005,29.78680633400006],[81.06583126400005,29.784283771000048],[81.06540695200005,29.775538397000048],[81.06197532600004,29.772090959000025],[81.06433095200003,29.76853920900004],[81.06200357600005,29.76227827100007],[81.06034838900007,29.76097295900007],[81.05847876400009,29.757739021000077],[81.05707851400007,29.756661334000057],[81.05447195100004,29.75634439600003],[81.04967651400005,29.753961897000067],[81.04608457600006,29.75333608400007],[81.04300182600008,29.752315272000033],[81.03990707600008,29.752674897000077],[81.03914388900006,29.749681709000072],[81.03670845100004,29.747397334000027],[81.03450426400008,29.743563084000073],[81.03299676400007,29.742329522000034],[81.03111901400007,29.743230022000034],[81.02629638800005,29.74360558400008],[81.02184563800006,29.748108896000076],[81.01982770100005,29.745560209000075],[81.01723107600003,29.74613577200006],[81.01152701400008,29.745944647000044],[81.00934726300005,29.744446959000072],[81.00693551300003,29.741322897000032],[81.00482582600006,29.74060339600004],[81.00000001400008,29.742638209000063],[80.99852720100006,29.741936647000045],[80.98985395100004,29.741148959000043],[80.98800295100006,29.739003584000045],[80.98573801400005,29.733963896000034],[80.98456882600004,29.73329383400005],[80.98241338900004,29.729848959000037],[80.97799313900003,29.725927709000075],[80.97671488900005,29.72391758400005],[80.97693438800007,29.72190770900005],[80.97397470100003,29.72216433400007],[80.96560720100007,29.724711459000048],[80.96257426400007,29.72538058300006],[80.95976051400004,29.726527959000066],[80.95588563900003,29.730704459000037],[80.95340095100005,29.730926959000044],[80.95076926400003,29.732489271000077],[80.94769832600008,29.73551764700005],[80.94159588800005,29.735451897000075],[80.93983826400006,29.734763084000065],[80.93556882700005,29.73213083400003],[80.93308551400008,29.729770022000025],[80.92866132600005,29.728621771000064],[80.92087945200007,29.724651709000057],[80.91547107600007,29.72519420900005],[80.90865663800008,29.724682147000067],[80.90512901400007,29.72264720900006],[80.90117363900004,29.720799084000078],[80.89840970100005,29.72032777100003],[80.89611582600008,29.716407709000066],[80.89299332600007,29.71549383400003],[80.89188695200005,29.713889084000073],[80.88356845100003,29.713347397000064],[80.88161532600003,29.712068896000062],[80.87997126400006,29.712200521000057],[80.87258995100007,29.707400084000028],[80.86638620200006,29.706347272000073],[80.86509701300008,29.703501397000025],[80.86421626400005,29.700087521000057],[80.86240820200004,29.69792227100004],[80.86000688900003,29.69599108400007],[80.85355213900004,29.695796834000078],[80.84719407700004,29.693405272000064],[80.84497326400003,29.691322897000077],[80.84210538800005,29.68741245900003],[80.84036551400004,29.687265959000058],[80.83805738900008,29.689043021000032],[80.83349120200006,29.689820084000075],[80.83215751300008,29.691257646000054],[80.83000476400008,29.690442709000024],[80.82878957700007,29.687912459000074],[80.82541101400005,29.68631995900006],[80.82217188900006,29.68757664700007],[80.81759688900007,29.686895959000026],[80.81415338900007,29.684391771000037],[80.81294870200009,29.68411933400006],[80.80821401400004,29.68566233400003],[80.80569382600004,29.686976021000078],[80.80223663900006,29.68714689600006],[80.79769655500007,29.688312604000032],[80.79666145100003,29.686897084000066],[80.79668788900005,29.68354952100003],[80.79394045200007,29.682056459000023],[80.79326657600006,29.680744771000036],[80.79386763900004,29.678007147000073],[80.79102357700003,29.679011022000054],[80.78923195100003,29.677938959000073],[80.78679407600004,29.67970589600003],[80.78456632700005,29.680250396000076],[80.78202038900008,29.677839334000055],[80.78129863800007,29.675909396000065],[80.78125601300007,29.671591771000067],[80.78053101400008,29.670158084000036],[80.78113538900004,29.66780177100003],[80.78037776400004,29.66564402100005],[80.77865238900006,29.667657834000067],[80.77683413900007,29.66870595900008],[80.77284207600007,29.668782646000068],[80.77184576400003,29.668298209000056],[80.76716538900007,29.66360252100003],[80.76471626400007,29.661964959000045],[80.76613307600007,29.65901014600007],[80.76530476300007,29.656437022000034],[80.76590745200008,29.651161771000034],[80.76365495100003,29.647480834000078],[80.76837832600006,29.645014522000054],[80.77025207600008,29.64482152100004],[80.77323370100004,29.642318209000052],[80.77752976300008,29.642242021000072],[80.78041651400008,29.644076272000063],[80.78602757600004,29.64546377100004],[80.78766270100004,29.644209896000064],[80.79131820100008,29.643130647000078],[80.79255713800006,29.641377584000054],[80.78531795200007,29.634697834000065],[80.78317632700004,29.634243209000033],[80.78256488900007,29.632933896000054],[80.78380070100008,29.63055595900005],[80.78385076400008,29.628124272000036],[80.78555013900007,29.62561633400003],[80.78516895200005,29.623520022000037],[80.78656557600004,29.617217209000046],[80.78944788900003,29.613310271000046],[80.78760095100006,29.607938459000025],[80.78770363800004,29.604351896000026],[80.78830638800008,29.60266777100003],[80.78680451300005,29.597373209000068],[80.78284213800003,29.590170646000047],[80.78044088900003,29.589194459000055],[80.77946107600008,29.586833209000076],[80.77901532600004,29.583044959000063],[80.78029038800008,29.579586584000026],[80.77865720200003,29.578043146000027],[80.77875863800006,29.575020521000056],[80.78163538900003,29.57206789600008],[80.78108445100008,29.569948709000073],[80.77854257600006,29.568606896000063],[80.77727282600006,29.566303709000067],[80.77823663800007,29.562614772000074],[80.78340388900006,29.563690334000057],[80.78668307600003,29.563054959000056],[80.78755251300004,29.56189233400005],[80.79202545100003,29.562621334000028],[80.79384920100006,29.561638334000065],[80.79709288900006,29.56256145900005],[80.79976438900007,29.56232639600006],[80.80459945200005,29.56268102100006],[80.80687920100007,29.563697209000054],[80.80878238900004,29.56294427200004],[80.81307113800005,29.562557834000074],[80.81842288900003,29.567092771000034],[80.82144657600008,29.568051083000057],[80.82391376400005,29.567391147000023],[80.82548526300008,29.56609833400006],[80.83015613800006,29.563512459000037],[80.83171070100008,29.56141658400003],[80.83226726400005,29.557843959000024],[80.83152413800008,29.55526464600007],[80.83198820200005,29.551843021000025],[80.83296351400008,29.548692834000065],[80.83510807600004,29.54597952200004],[80.83991070100006,29.545207084000026],[80.84115013900004,29.545752272000072],[80.84173095100005,29.547442584000066],[80.84321532700005,29.548563208000076],[80.84644882600008,29.547865459000036],[80.84956895100004,29.546001209000053],[80.85232045100008,29.543398771000057],[80.85694307600005,29.545418271000074],[80.86073607600008,29.54558245900006],[80.86047632600008,29.548769708000066],[80.86298682600005,29.55349383400005],[80.86279988900003,29.556712709000067],[80.86435920100007,29.563572084000043],[80.86592701300003,29.56417827100006],[80.86614188900006,29.567336646000058],[80.86704951400003,29.57055895900004],[80.86879845100003,29.572410397000056],[80.87138738900006,29.573240896000073],[80.87452576300007,29.572765584000024],[80.87471013800007,29.571076147000042],[80.87693688900004,29.570024771000078],[80.88062820100004,29.566662396000027],[80.88167182600006,29.564615021000066],[80.88318238900007,29.563813271000072],[80.88344051400009,29.561199083000076],[80.88092501400007,29.560048521000056],[80.87582557600007,29.556867646000057],[80.87411901400003,29.554819959000042],[80.87439113900007,29.553056146000074],[80.87758445100008,29.553054646000078],[80.88217145200008,29.552145146000043],[80.88906607600006,29.554091146000076],[80.89067120200008,29.553932333000034],[80.89326245100006,29.552596709000056],[80.89658245100009,29.551674396000067],[80.89870538900004,29.553167146000078],[80.90438301400008,29.55800789600005],[80.90485876300005,29.559785834000024],[80.90911913900004,29.56310039600004],[80.91249082700006,29.564217084000063],[80.91549751400004,29.56448527200007],[80.91692720100008,29.56352739600004],[80.92222163900004,29.563122271000054],[80.92566451400006,29.56328439600003],[80.92868051300007,29.56446589600006],[80.93143151400005,29.567090896000025],[80.93169188900004,29.56883027200007],[80.93413826300008,29.572386709000057],[80.93451776300003,29.574112709000076],[80.93952707700004,29.578265771000076],[80.94099857600008,29.576892584000063],[80.94372270100007,29.57621927200006],[80.94709382600007,29.57375052100008],[80.95092045100006,29.573533147000035],[80.95485238900005,29.57446845900006],[80.95716613900004,29.577189771000064],[80.96219276400006,29.57937270900004],[80.96545313900003,29.579869897000037],[80.96628745100008,29.580709271000046],[80.97018051400005,29.58227577100007],[80.97290601300006,29.58245233400004],[80.97697076400004,29.582092147000026],[80.97956413900005,29.58266558400004],[80.98144476300007,29.585690896000074],[80.98435657600004,29.58923745900006],[80.98629163900006,29.594845708000037],[80.98911426400008,29.594543646000034],[80.98944326400004,29.595346771000038],[80.99003063900005,29.601518772000077],[80.98986063800004,29.60683577100008],[80.99202207600007,29.60993995900003],[80.99320676400004,29.61017689600004],[80.99568595100004,29.612999022000054],[80.99617738900008,29.614722521000033],[80.99470951400008,29.61701664700007],[80.99607013800005,29.61815583400005],[80.99717801400004,29.620353084000044],[80.99914763900006,29.620574146000024],[81.00219013900005,29.62235183400003],[81.00467738900005,29.626349021000067],[81.01013707600003,29.625748647000023],[81.01322432700005,29.62668458400003],[81.01962701400004,29.625871647000054],[81.02511676400007,29.630653084000073],[81.02554551400004,29.63135233400004],[81.02574588900006,29.632351584000048],[81.02417476400007,29.637247022000054],[81.02520432700004,29.63909433400005],[81.02989388900005,29.642427459000032],[81.03166732600005,29.644924272000026],[81.03281195100004,29.64788364700007],[81.03321301300008,29.65026789600006],[81.03464345100008,29.652940708000074],[81.04099370100005,29.66000633300007],[81.04219682600007,29.665025146000062],[81.04362832600003,29.66910770900006],[81.04437351400009,29.672766396000043],[81.04188682600005,29.675789958000053],[81.04100101400007,29.678075396000054],[81.04351901400008,29.68080864700005],[81.04849757700003,29.68468914600004],[81.04864101400005,29.686186959000054],[81.05250326400005,29.687660772000072],[81.05593688900007,29.690591959000074],[81.05691132600003,29.69355114700005],[81.06189063800008,29.69735895900004],[81.06375076400008,29.698456709000027],[81.06603932700006,29.69878033400005],[81.07313238900008,29.697353209000028],[81.07504726400003,29.695053459000064],[81.07596107600006,29.693018146000043],[81.08150801300008,29.690204209000058],[81.08385220200006,29.691508834000047],[81.08538151400006,29.693492959000025],[81.08612895100003,29.69630095900004],[81.09138770200008,29.70374383400008],[81.09178538800006,29.705248209000047],[81.09177820100007,29.709089834000054],[81.09248207600007,29.713702397000077],[81.09374895100007,29.715003146000072],[81.09019313900006,29.717058397000073],[81.08708701400008,29.721093834000044],[81.08753682600008,29.722345459000053],[81.09115957700004,29.727628397000046],[81.09224057700004,29.732561021000038],[81.09433601400008,29.734776959000044],[81.09586363800008,29.737530209000056],[81.09449082600008,29.740348647000076],[81.09344957600007,29.746431021000035],[81.09090782600003,29.75156695900006],[81.09152338900003,29.752922209000076],[81.09151951400008,29.75576002100007],[81.09304432600004,29.757967334000057],[81.09181001400003,29.766389021000066],[81.09271851400007,29.768098271000042],[81.09592357700006,29.770268334000036],[81.09728001300005,29.77315470900004],[81.09946907600005,29.775609646000078],[81.10070157600006,29.778191521000053],[81.10134607700007,29.78138295900004],[81.10300670100008,29.782737396000073],[81.10285732700004,29.786516022000058],[81.10475107600007,29.78962295900004],[81.10516251300004,29.79111364700003],[81.10348201400006,29.793553459000066],[81.10397938900007,29.798046584000076],[81.10511257600007,29.79959083400007],[81.10492207700008,29.802334021000036],[81.10543013900008,29.80799333400006]]]}},{"type":"Feature","properties":{"STATE_CODE":7,"DISTRICT":"BAJHANG","GaPa_NaPa":"Chabispathivera","Type_GN":"Gaunpalika","Province":"Sudur Pashchim","provinceId":"7","provinceCode":"7","provinceName":"Sudurpashchim","districtId":"702","districtName":"Bajhang","municipalityId":"70207","municipalityCode":"70207","municipalityName":"Chhabis Pathibhara Rural Municipality","municipalityNameNe":"छबिस पाथिभरा गाउँपालिका","municipalityType":"rural_municipality"},"geometry":{"type":"Polygon","coordinates":[[[81.11494638900007,29.566269272000056],[81.10913870200005,29.568202959000075],[81.10514626400004,29.571328271000027],[81.10079345100007,29.57272345900003],[81.09939863800008,29.572749333000047],[81.09723288900005,29.574544334000052],[81.09370513800008,29.576714709000044],[81.09278295200005,29.581484209000052],[81.09200782700003,29.58373158300003],[81.08982588900005,29.583757896000066],[81.08773470200003,29.585106022000048],[81.08597538900005,29.59008358400007],[81.08501976400004,29.59125945900007],[81.08412582600005,29.594512959000042],[81.08343870200008,29.595061583000074],[81.07781957700007,29.59633277100005],[81.07378495100005,29.597902834000024],[81.07127401400004,29.59796970900004],[81.06699813900008,29.59671764600006],[81.06475588800004,29.596457084000065],[81.06181570100006,29.59795633300007],[81.06037838800006,29.59775170900008],[81.05804051400008,29.596277459000078],[81.05275513900006,29.595871334000037],[81.05420520100006,29.600224522000076],[81.05337313900003,29.602850646000036],[81.05306732700006,29.60917839600006],[81.05318445100005,29.613455397000052],[81.05164488900004,29.618145897000034],[81.04700126400007,29.620559084000035],[81.04281545100008,29.62216214600005],[81.04102513900006,29.625365959000078],[81.03931776400003,29.627022272000033],[81.03221570100004,29.62966127100003],[81.02815420100006,29.631647271000077],[81.02554551400004,29.63135233400004],[81.02511676400007,29.630653084000073],[81.01962701400004,29.625871647000054],[81.01322432700005,29.62668458400003],[81.01013707600003,29.625748647000023],[81.00467738900005,29.626349021000067],[81.00219013900005,29.62235183400003],[80.99914763900006,29.620574146000024],[80.99717801400004,29.620353084000044],[80.99607013800005,29.61815583400005],[80.99470951400008,29.61701664700007],[80.99617738900008,29.614722521000033],[80.99568595100004,29.612999022000054],[80.99320676400004,29.61017689600004],[80.99202207600007,29.60993995900003],[80.98986063800004,29.60683577100008],[80.99003063900005,29.601518772000077],[80.98944326400004,29.595346771000038],[80.98911426400008,29.594543646000034],[80.98812201400006,29.589826646000063],[80.99356488800004,29.585748459000058],[80.99586982700004,29.58259033400003],[80.99735526400008,29.579321709000055],[80.99854632600005,29.57842839600005],[80.99973770200006,29.57545520800005],[81.00120620100006,29.574868646000027],[81.00249576400006,29.569039583000063],[81.00394276400004,29.567857459000038],[81.00595576400008,29.565134584000077],[81.00778657600006,29.560685959000068],[81.01140576400007,29.556690584000023],[81.01462663900008,29.554506584000023],[81.01635370100007,29.551939209000068],[81.01649132600005,29.54965177200006],[81.02126276400008,29.542800084000078],[81.02114745100005,29.54188195900008],[81.02561951400008,29.539790021000044],[81.02633032600005,29.53880408400005],[81.02905101400006,29.537495084000057],[81.03224326300005,29.53679958400005],[81.03634607600003,29.53317558400005],[81.04118645200003,29.529788147000033],[81.04257220200003,29.527207021000038],[81.04609445200003,29.52480339600004],[81.04731707600007,29.52261020900005],[81.04835963900007,29.518957584000077],[81.05179388900007,29.516208646000052],[81.05254126300008,29.51434277100003],[81.05471182600007,29.511098021000066],[81.05423113900008,29.50504333400005],[81.05560270100005,29.503008021000028],[81.05419563800007,29.49999933400005],[81.05144901400007,29.497823459000074],[81.05224788900006,29.49490408400004],[81.05209513900007,29.493065584000078],[81.05362082600004,29.489597708000076],[81.05697026300004,29.488725583000075],[81.05731938900004,29.490566208000075],[81.06020488800004,29.49016789600006],[81.06323276400008,29.490633459000037],[81.06909713900006,29.494889646000047],[81.07069445100007,29.494559396000056],[81.07270620100007,29.492376896000053],[81.07622163800005,29.49204108400005],[81.07983782700006,29.49409858300004],[81.08414370100007,29.496983396000076],[81.08683776400005,29.497593021000057],[81.08923332600006,29.49747414600006],[81.09281676400008,29.49594895900003],[81.09762413800007,29.49634483400007],[81.09976345100006,29.498154708000072],[81.10216938900004,29.499357521000036],[81.10834045100006,29.500432834000037],[81.11156213800007,29.501280396000027],[81.11247226400008,29.503567647000068],[81.11364007700007,29.50403364600004],[81.11556751300003,29.503231147000065],[81.11828013900003,29.50119845900008],[81.12137913900006,29.504324584000074],[81.12346038900006,29.504645271000072],[81.12477701400007,29.50229114700005],[81.12606995200008,29.501468771000077],[81.13035557600006,29.503147521000074],[81.13274613800007,29.503803959000038],[81.13295651400006,29.504466896000054],[81.13317882600006,29.51298708400003],[81.13031620200007,29.51241920900003],[81.12575607600007,29.513542459000064],[81.12529726400004,29.515365646000078],[81.12275963900004,29.51726970900006],[81.11992151400005,29.518379896000056],[81.11939776400004,29.520467084000074],[81.11974470200005,29.522104521000074],[81.12144345200005,29.522806771000035],[81.12558432600008,29.523565396000038],[81.12648788900003,29.524678959000028],[81.12441938900008,29.52595552100007],[81.12440513900003,29.527444271000036],[81.12126726400004,29.528665397000054],[81.12011107600006,29.530371896000077],[81.11736463900007,29.53219258400003],[81.12023657600008,29.53422702100005],[81.11824545100006,29.536541084000078],[81.11875007600008,29.538742334000062],[81.12279963900005,29.539695146000042],[81.12508176400007,29.54200527100005],[81.12514020100008,29.544146021000074],[81.11996857600008,29.546250959000076],[81.11595632700005,29.54873820800003],[81.11476232600006,29.551252271000067],[81.11461595100008,29.556199459000027],[81.11682851300003,29.562631209000074],[81.11494638900007,29.566269272000056]]]}},{"type":"Feature","properties":{"STATE_CODE":7,"DISTRICT":"BAJHANG","GaPa_NaPa":"Durgathali","Type_GN":"Gaunpalika","Province":"Sudur Pashchim","provinceId":"7","provinceCode":"7","provinceName":"Sudurpashchim","districtId":"702","districtName":"Bajhang","municipalityId":"70208","municipalityCode":"70208","municipalityName":"Durgathali Rural Municipality","municipalityNameNe":"दुर्गाथली गाउँपालिका","municipalityType":"rural_municipality"},"geometry":{"type":"Polygon","coordinates":[[[80.98911426400008,29.594543646000034],[80.98629163900006,29.594845708000037],[80.98435657600004,29.58923745900006],[80.98144476300007,29.585690896000074],[80.97956413900005,29.58266558400004],[80.97697076400004,29.582092147000026],[80.97290601300006,29.58245233400004],[80.97018051400005,29.58227577100007],[80.96628745100008,29.580709271000046],[80.96545313900003,29.579869897000037],[80.96219276400006,29.57937270900004],[80.95716613900004,29.577189771000064],[80.95485238900005,29.57446845900006],[80.95601382600006,29.572788271000036],[80.96086613900007,29.57018202100005],[80.96327726400006,29.569778959000075],[80.96438251400008,29.56857677100004],[80.96325007600007,29.566485396000076],[80.96388032600004,29.564897521000034],[80.96596101400007,29.564228021000076],[80.96498138900006,29.557834709000076],[80.96584195200006,29.556666397000072],[80.96639320100007,29.54987189600007],[80.96587645100004,29.54817758400003],[80.96691707600007,29.545448271000055],[80.96854838800004,29.54415827200006],[80.96916520100007,29.540305459000024],[80.97166895100008,29.536633521000056],[80.97244120100004,29.534576334000064],[80.97521657600004,29.530886272000032],[80.97693138900007,29.52663883300005],[80.97648938900005,29.523701584000037],[80.97961845200007,29.52424127100005],[80.98164807700005,29.522971521000045],[80.98485945200008,29.522723771000074],[80.98668595100008,29.520826834000047],[80.98807113900006,29.520303584000033],[80.98986582700007,29.518347896000023],[80.99024370100005,29.515760459000035],[80.98789476400003,29.51200195800004],[80.98515938900005,29.511383584000043],[80.98180732600008,29.506289458000026],[80.97901345100007,29.505756646000066],[80.97907088900007,29.499893646000032],[80.97972845100008,29.496559584000067],[80.98320857600004,29.491791146000025],[80.98372926400003,29.489142833000074],[80.98690051400007,29.48709933300006],[80.98939495100007,29.48645664600008],[80.99540282600003,29.487815021000074],[80.99786688900008,29.48753533400003],[80.99907495100007,29.488665584000046],[81.00007188900008,29.493748021000044],[81.00229501400008,29.49380439600003],[81.00604076400003,29.49222970900007],[81.01056232700006,29.491275271000063],[81.01338232600006,29.488640083000064],[81.01461195100006,29.486068272000068],[81.01428201400006,29.48445758300005],[81.01527263800006,29.481694021000067],[81.01721195100004,29.481747958000028],[81.01938526400005,29.480371584000068],[81.02847232600004,29.478096022000045],[81.03169582600003,29.478047896000078],[81.03968007700007,29.48046858400005],[81.04713857600007,29.480513522000024],[81.04950657600006,29.481412771000066],[81.05367638800004,29.484930271000053],[81.05617570100003,29.485793271000034],[81.05712420200007,29.48677639600004],[81.05697026300004,29.488725583000075],[81.05362082600004,29.489597708000076],[81.05209513900007,29.493065584000078],[81.05224788900006,29.49490408400004],[81.05144901400007,29.497823459000074],[81.05419563800007,29.49999933400005],[81.05560270100005,29.503008021000028],[81.05423113900008,29.50504333400005],[81.05471182600007,29.511098021000066],[81.05254126300008,29.51434277100003],[81.05179388900007,29.516208646000052],[81.04835963900007,29.518957584000077],[81.04731707600007,29.52261020900005],[81.04609445200003,29.52480339600004],[81.04257220200003,29.527207021000038],[81.04118645200003,29.529788147000033],[81.03634607600003,29.53317558400005],[81.03224326300005,29.53679958400005],[81.02905101400006,29.537495084000057],[81.02633032600005,29.53880408400005],[81.02561951400008,29.539790021000044],[81.02114745100005,29.54188195900008],[81.02126276400008,29.542800084000078],[81.01649132600005,29.54965177200006],[81.01635370100007,29.551939209000068],[81.01462663900008,29.554506584000023],[81.01140576400007,29.556690584000023],[81.00778657600006,29.560685959000068],[81.00595576400008,29.565134584000077],[81.00394276400004,29.567857459000038],[81.00249576400006,29.569039583000063],[81.00120620100006,29.574868646000027],[80.99973770200006,29.57545520800005],[80.99854632600005,29.57842839600005],[80.99735526400008,29.579321709000055],[80.99586982700004,29.58259033400003],[80.99356488800004,29.585748459000058],[80.98812201400006,29.589826646000063],[80.98911426400008,29.594543646000034]]]}},{"type":"Feature","properties":{"STATE_CODE":7,"DISTRICT":"BAJHANG","GaPa_NaPa":"JayaPrithivi","Type_GN":"Nagarpalika","Province":"Sudur Pashchim","provinceId":"7","provinceCode":"7","provinceName":"Sudurpashchim","districtId":"702","districtName":"Bajhang","municipalityId":"70206","municipalityCode":"70206","municipalityName":"Jayaprithbi Urban Municipality","municipalityNameNe":"जयपृथ्वी नगरपालिका","municipalityType":"municipality"},"geometry":{"type":"Polygon","coordinates":[[[81.21270745200007,29.631418834000044],[81.21140332600004,29.633378958000037],[81.20601776400008,29.631916646000036],[81.20489801400004,29.632703396000068],[81.20108588800008,29.632937084000048],[81.19301570100004,29.634909397000058],[81.18976695100008,29.634941146000074],[81.18643332600004,29.634305209000047],[81.18388945200007,29.63462458400005],[81.18103163800004,29.63321408400003],[81.18013538900004,29.63073614600006],[81.17593113800007,29.628025834000027],[81.17463738900005,29.626640209000072],[81.17101738900004,29.62629977100005],[81.16513988900005,29.62465152200008],[81.16161638900007,29.62179089600005],[81.15936551400006,29.61536452100006],[81.16078626400008,29.612215896000066],[81.16195538900007,29.610969271000045],[81.16429688900007,29.61052195900004],[81.16490313800006,29.607683397000073],[81.16286226400007,29.604983396000023],[81.16257888900003,29.60291520900006],[81.15880313900004,29.597537333000048],[81.15750057600007,29.595274146000065],[81.15308826400008,29.597866646000057],[81.14879588900004,29.596554146000074],[81.14466220100007,29.589247584000077],[81.14253020100006,29.58464570900003],[81.14066788900004,29.583176896000055],[81.13894551300007,29.577593208000053],[81.13714213900005,29.577807146000055],[81.13378470100008,29.582856897000056],[81.12853776400004,29.580055834000063],[81.12247438900005,29.578829834000032],[81.11880370200004,29.575744959000076],[81.11804338900004,29.573548396000035],[81.11600982700008,29.570755209000026],[81.11494638900007,29.566269272000056],[81.11682851300003,29.562631209000074],[81.11461595100008,29.556199459000027],[81.11476232600006,29.551252271000067],[81.11595632700005,29.54873820800003],[81.11996857600008,29.546250959000076],[81.12514020100008,29.544146021000074],[81.12508176400007,29.54200527100005],[81.12279963900005,29.539695146000042],[81.11875007600008,29.538742334000062],[81.11824545100006,29.536541084000078],[81.12023657600008,29.53422702100005],[81.11736463900007,29.53219258400003],[81.12011107600006,29.530371896000077],[81.12126726400004,29.528665397000054],[81.12440513900003,29.527444271000036],[81.12441938900008,29.52595552100007],[81.12648788900003,29.524678959000028],[81.12558432600008,29.523565396000038],[81.12144345200005,29.522806771000035],[81.11974470200005,29.522104521000074],[81.11939776400004,29.520467084000074],[81.11992151400005,29.518379896000056],[81.12275963900004,29.51726970900006],[81.12529726400004,29.515365646000078],[81.12575607600007,29.513542459000064],[81.13031620200007,29.51241920900003],[81.13317882600006,29.51298708400003],[81.13295651400006,29.504466896000054],[81.13274613800007,29.503803959000038],[81.13475070100003,29.503813147000074],[81.13758951400007,29.501525084000036],[81.14098970100008,29.50173127200003],[81.14487645200006,29.504923646000066],[81.14652320200008,29.50567308400008],[81.14897013900008,29.503777709000076],[81.14908976300006,29.502017959000057],[81.15437338900006,29.498700271000075],[81.15811132600004,29.497870396000053],[81.16212995100005,29.497811334000062],[81.16359701400006,29.495246897000072],[81.16551357600008,29.493609021000054],[81.16844295200008,29.486603084000024],[81.17048682700005,29.483764896000025],[81.17343551400006,29.483370771000068],[81.17556795100006,29.481910709000033],[81.17752138900005,29.48134189700005],[81.18629388800008,29.481158459000028],[81.18837051400004,29.481548083000064],[81.19150732700007,29.479768209000042],[81.19633863900003,29.477875271000073],[81.19903888900006,29.47761408300005],[81.20047157600004,29.47686520800005],[81.20258845200004,29.474182084000063],[81.20651920100005,29.474178271000028],[81.21162595200008,29.475609521000024],[81.21388513900007,29.477148896000074],[81.21842995100008,29.47772352100003],[81.22113757700004,29.477209209000023],[81.22342813900008,29.476075208000054],[81.22725638900005,29.47345189600003],[81.22896132700004,29.47062914600008],[81.23127832700004,29.470034146000046],[81.23546076400004,29.467879209000046],[81.24047545100007,29.468623709000042],[81.24357195100004,29.469685084000048],[81.24557013900005,29.46963627200006],[81.24745295200006,29.472233833000075],[81.25053101400005,29.475293771000054],[81.25672201300006,29.47608277100005],[81.25982501400006,29.477637834000063],[81.26246332700003,29.480199834000075],[81.26497676400004,29.479529396000032],[81.26832963900006,29.479703146000077],[81.26879482600003,29.478660021000053],[81.27290763900004,29.476413833000038],[81.27429026400006,29.478344333000052],[81.27581388900006,29.479245709000054],[81.28046257700004,29.478784834000066],[81.28413351400008,29.477883709000025],[81.28547920200003,29.47667620900006],[81.28768995100006,29.47711133400003],[81.28940826400003,29.475727022000058],[81.29266257600005,29.474815271000068],[81.29388557700008,29.475805146000027],[81.29873982600003,29.477174959000024],[81.30116870200004,29.47677920800004],[81.30250057700005,29.47751839600005],[81.30493038900005,29.47679770900004],[81.31031526400005,29.479636646000074],[81.31301513900007,29.479560396000068],[81.31168588900005,29.481190083000058],[81.30879813900003,29.482897646000026],[81.30756907600005,29.484229209000034],[81.30324413900007,29.485662584000067],[81.29913438900007,29.48751939600004],[81.29837070100007,29.48889045900006],[81.29672713900004,29.488959521000027],[81.29348970200004,29.490742083000043],[81.29168895200007,29.492909396000073],[81.28915276400005,29.494006771000045],[81.28542613900004,29.49731289600004],[81.28228088900005,29.49810245900005],[81.28105513900005,29.49893739600003],[81.27813345200008,29.503225147000023],[81.27567688900007,29.504342396000027],[81.27529207700007,29.505570396000053],[81.27030163900008,29.511355584000057],[81.26978738900004,29.51267858400007],[81.26576870100007,29.514734959000066],[81.26369795100004,29.515115896000054],[81.26190338900005,29.517846709000025],[81.26017845100006,29.518585521000034],[81.26004488900008,29.521067209000023],[81.25694013900005,29.52216958400004],[81.25192426400008,29.52282883400005],[81.24999995100006,29.522164771000064],[81.24732082700007,29.523444333000043],[81.24482932600006,29.525269397000045],[81.24421132600008,29.527724896000052],[81.24245157700005,29.53145702100005],[81.24058182600004,29.53246202100007],[81.23155651300004,29.542755709000062],[81.23114326300004,29.54384827100006],[81.22823670200006,29.54658283400005],[81.22231001400007,29.547862959000042],[81.22127120200008,29.54859333400003],[81.21332638900003,29.550517021000076],[81.21114107700004,29.550067084000034],[81.20706595100006,29.55329258300003],[81.20775976400006,29.55522477200003],[81.20948370100007,29.55664095900005],[81.21237707600005,29.556302522000067],[81.21763701400005,29.558592709000038],[81.22139588900006,29.559351209000056],[81.22254182600005,29.560926146000043],[81.22220076400004,29.567495647000044],[81.22466901400009,29.56996620800004],[81.22840357600006,29.571002021000027],[81.23117776300006,29.57385083400004],[81.23141920100005,29.579575772000055],[81.22551651400005,29.585678896000047],[81.22302976400005,29.586580896000044],[81.22140957700003,29.588825959000076],[81.21910326400007,29.591015646000074],[81.21707288900006,29.591619021000042],[81.21677132700006,29.59319408400006],[81.21501976400003,29.593542084000035],[81.21536345100003,29.599787897000056],[81.21361676400005,29.602511271000026],[81.21425713800005,29.605205958000056],[81.21405776400007,29.606893584000034],[81.21655057700008,29.608741646000055],[81.21706245200005,29.610405584000034],[81.21935132600004,29.61170114600003],[81.21467670200008,29.614214959000037],[81.20840770200004,29.615046146000054],[81.20401057700008,29.613230272000067],[81.20223376400008,29.61504439600003],[81.20176870100005,29.617271646000063],[81.19870051400005,29.619105709000053],[81.19707063900006,29.622038459000066],[81.20258557600005,29.623126521000074],[81.20568132600005,29.62232533400004],[81.20917963900007,29.623490709000066],[81.21048120100005,29.624533084000063],[81.21283495200004,29.62449102200003],[81.21373920200006,29.627219084000046],[81.21241820200004,29.629840209000065],[81.21270745200007,29.631418834000044]]]}},{"type":"Feature","properties":{"STATE_CODE":7,"DISTRICT":"BAJHANG","GaPa_NaPa":"Kanda","Type_GN":"Gaunpalika","Province":"Sudur Pashchim","provinceId":"7","provinceCode":"7","provinceName":"Sudurpashchim","districtId":"702","districtName":"Bajhang","municipalityId":"70201","municipalityCode":"70201","municipalityName":"Saipal Rural Municipality","municipalityNameNe":"साइपाल गाउँपालिका","municipalityType":"rural_municipality"},"geometry":{"type":"Polygon","coordinates":[[[81.09263551400005,30.05424202200004],[81.08983438900003,30.054291335000073],[81.08605245100006,30.05253214700008],[81.08320538900006,30.049085022000042],[81.08135051400006,30.048380209000072],[81.08037438900004,30.046519834000037],[81.07674738900005,30.04544833400007],[81.07305426400006,30.045479709000062],[81.07034238900007,30.043536834000065],[81.06663576400007,30.038416084000062],[81.06628095200006,30.037015460000077],[81.06405357600005,30.03450827200004],[81.06272426400005,30.034071272000062],[81.05783695100007,30.02896439600005],[81.05609220100007,30.02647489700007],[81.05526513900008,30.02412027200006],[81.05341601400005,30.02315333400003],[81.04895407700008,30.021909897000057],[81.04633476400005,30.018644709000057],[81.04355263900004,30.01775233500007],[81.04188276300005,30.015634772000055],[81.03983901300006,30.015112085000055],[81.04042770100006,30.01269833400005],[81.04004663900008,30.008441959000038],[81.03683038900004,30.003985647000036],[81.03453813800007,29.998890647000053],[81.02960982700006,29.992487897000046],[81.02765901400005,29.987532522000038],[81.02306295100004,29.983360396000023],[81.01989732700008,29.982747334000067],[81.01669620200005,29.980731209000055],[81.01718820100007,29.97882958400004],[81.01856082700004,29.97713533500007],[81.02209120200007,29.974261021000075],[81.02174870200008,29.972109209000052],[81.01936776400004,29.96778302200005],[81.01931888900003,29.966131897000025],[81.02111257700005,29.96101114700008],[81.02331020200006,29.958658084000035],[81.02041351400004,29.956738896000047],[81.01860838900006,29.95420602100006],[81.01700770100007,29.949665521000043],[81.01571638800004,29.947522709000054],[81.01234257700008,29.94558089700007],[81.01080582700007,29.94195833400005],[81.00736595100005,29.939928459000043],[81.00400057700006,29.936163772000043],[81.00426882700003,29.932441896000057],[81.00238063900008,29.927833459000055],[81.00422320100006,29.924952834000067],[81.00471032600007,29.923281334000023],[81.00770326300005,29.922155584000052],[81.01114201400003,29.919667272000027],[81.01335470200007,29.918767022000054],[81.01456401400003,29.916671335000046],[81.01687963900008,29.914304772000037],[81.02227451400006,29.911833959000035],[81.02758201400007,29.90815839700008],[81.02942251400003,29.90641202100005],[81.03127488900003,29.903639334000047],[81.03091188900004,29.901972459000035],[81.03205682600003,29.89545083400003],[81.03925488900006,29.885088272000075],[81.04250938800004,29.881714959000078],[81.04047801400003,29.878544084000055],[81.03959770200004,29.875494521000064],[81.03914626400007,29.871172584000078],[81.03951288900004,29.86944914700007],[81.03841738900007,29.86461989700007],[81.04027688900004,29.861109396000074],[81.04221326400005,29.860062147000065],[81.04078882600004,29.856744397000057],[81.04024326400008,29.85391133400003],[81.04019813900004,29.848727647000032],[81.03986632600004,29.846444896000037],[81.04066776400003,29.84289645900003],[81.04176813900006,29.840674147000072],[81.04336838900008,29.83954120900006],[81.04631007600005,29.838791334000064],[81.05111626300004,29.834814897000058],[81.05346163800004,29.83404027100005],[81.05589051300007,29.832313584000076],[81.05716532600007,29.82981139700007],[81.06181120200006,29.828496459000064],[81.06525807600008,29.82703308400005],[81.06931182600005,29.827367147000075],[81.07157663900006,29.828408084000046],[81.07309326400008,29.830390022000074],[81.07765357700004,29.83367408400005],[81.08193426400004,29.83511295900007],[81.08563113900004,29.835232396000038],[81.08839157600005,29.831598834000033],[81.09104001400004,29.829803709000032],[81.09073270100004,29.826154084000052],[81.09118151400008,29.821407647000058],[81.09327551400008,29.81633977200005],[81.09785538800008,29.812724959000036],[81.10071051400007,29.812301022000042],[81.10347226400006,29.811067209000043],[81.10543013900008,29.80799333400006],[81.11065451300004,29.80789208400006],[81.11430032700008,29.809201834000078],[81.11580876400006,29.810903584000073],[81.11753645200008,29.813978959000053],[81.12142507700008,29.81846889600007],[81.12588851400005,29.822872459000052],[81.12879832700008,29.823555397000064],[81.13304413900005,29.825552084000037],[81.13645676400006,29.825201209000056],[81.14005357700006,29.824101146000032],[81.14235088900006,29.822704646000034],[81.14368907600004,29.821112834000076],[81.14711051400008,29.81985039700004],[81.15056363900004,29.81928483400003],[81.15142613900008,29.81696039600007],[81.15549701400005,29.81260433400007],[81.15852020100004,29.81083220900007],[81.16054995200005,29.806848396000078],[81.16321438900007,29.806314959000076],[81.16667445200005,29.80722195900006],[81.17076545100008,29.806156521000048],[81.17206451400006,29.806317272000058],[81.17375082700005,29.803748022000036],[81.17644001400004,29.802894022000032],[81.17914076300008,29.802926521000074],[81.18653432700006,29.801104897000073],[81.18868320200005,29.795482771000025],[81.18976163900004,29.793390084000066],[81.19014863900009,29.79083827200003],[81.19126188900003,29.788885459000028],[81.19369388900003,29.78737502200005],[81.19628220100003,29.78402139600007],[81.19726113900003,29.780442334000043],[81.19965213900008,29.77519852200004],[81.20006901400006,29.77238277200007],[81.20138863900007,29.77007533400007],[81.20184932600006,29.768024147000062],[81.20569532700006,29.763660084000037],[81.20874726400007,29.76290414600004],[81.21000726400007,29.762056209000036],[81.21240938900007,29.758316834000027],[81.21262870200007,29.754729772000076],[81.21200776400008,29.751604271000076],[81.21256607600003,29.750006271000075],[81.21190507600005,29.74765458400003],[81.21615988900004,29.744171522000045],[81.21882582700005,29.740361647000043],[81.21993863800003,29.73976427200006],[81.22662501400004,29.740228897000065],[81.22924076400005,29.73898377100005],[81.23756276400007,29.73619902100006],[81.23964370100003,29.73270558400003],[81.24091513800005,29.72866758400005],[81.24292145100003,29.729079084000034],[81.24531495100007,29.728321209000057],[81.24834301400006,29.72509433400006],[81.24850657700006,29.72368414700003],[81.24999995100006,29.721540584000024],[81.25097388900008,29.72734964600005],[81.25180813900005,29.728672146000065],[81.25510163900003,29.73071414700007],[81.25719870100005,29.731057521000025],[81.26052745200008,29.73265933400006],[81.26341795100006,29.73246414600004],[81.26483038900005,29.733629834000055],[81.26799376400004,29.734205459000066],[81.27500163900004,29.733214334000024],[81.27927932700004,29.731549647000065],[81.28152057700004,29.731639646000076],[81.28548957600003,29.729643771000042],[81.28895620100008,29.72872264600005],[81.29192426400004,29.73035608400005],[81.29365801400007,29.73016277100004],[81.30159745100008,29.73317220900003],[81.30310351400004,29.734391396000035],[81.30576588900004,29.735463521000042],[81.30792301400004,29.735289334000072],[81.30866538900005,29.732294146000072],[81.31251026400008,29.729596272000038],[81.31701357600008,29.724931834000074],[81.31574920100007,29.722288896000066],[81.31384226400007,29.722613771000056],[81.31274545100007,29.717926584000054],[81.31314526400007,29.71664439700004],[81.31570576400009,29.714396021000027],[81.31736863900005,29.71229420900005],[81.31688807700004,29.711111084000038],[81.31394976400009,29.71003077200004],[81.31570513900004,29.708199397000044],[81.31757388900007,29.707716709000067],[81.31817370200008,29.70596933400003],[81.31674051400006,29.705043397000054],[81.31472532700008,29.70578583400004],[81.31343545100003,29.703769959000056],[81.31357688900005,29.702104834000068],[81.31544351400004,29.700981522000063],[81.31415507700007,29.699414584000067],[81.31594745200005,29.697905709000054],[81.31752470200007,29.697836521000056],[81.32099788900007,29.70002302200004],[81.32286726400008,29.699792896000076],[81.32341126400007,29.69780645900005],[81.32135101400007,29.695891834000065],[81.32149126400003,29.693680834000077],[81.32270013900006,29.69338914700006],[81.32619270100008,29.695974771000067],[81.32809913900007,29.695649709000065],[81.32945126400006,29.69411014600007],[81.32740738900003,29.691697022000028],[81.32553376400006,29.69054895900007],[81.32596970200007,29.68933202200003],[81.32827520200004,29.687821709000048],[81.33117551400005,29.688678459000073],[81.33256132600008,29.687206459000038],[81.33674020200004,29.687773397000058],[81.33867801400004,29.686448834000032],[81.33931820200007,29.684184646000062],[81.34075363900007,29.683113959000025],[81.34096382700005,29.68148020900003],[81.34260820200006,29.678460021000035],[81.34389845100003,29.677076084000078],[81.34562282700006,29.67650539600004],[81.34741363900008,29.674427709000042],[81.34899413900007,29.673733334000076],[81.35762688900007,29.67396064600007],[81.36036570200008,29.675399147000064],[81.36309538900008,29.674448771000073],[81.36460001400008,29.672621959000026],[81.36704788900005,29.673244647000047],[81.37186676400006,29.673041709000074],[81.37452020200004,29.670900209000024],[81.38228188900007,29.669181708000053],[81.38401445200003,29.670683584000074],[81.38474026400007,29.67237783400003],[81.38992470100004,29.672200272000055],[81.39283057700004,29.67163220900005],[81.39564845200005,29.673687896000047],[81.39845663900007,29.67325089700006],[81.40151851400003,29.673938709000026],[81.40420207600005,29.67608252200006],[81.40815082700004,29.676144959000055],[81.41259945100006,29.673794084000065],[81.41543207700005,29.670857271000045],[81.42362757700005,29.66619570900008],[81.42812482700003,29.665477459000044],[81.43298713900003,29.66572108400004],[81.43568757700007,29.666754396000044],[81.43812607700005,29.66841789600005],[81.44089063900003,29.667966584000055],[81.44315382600007,29.66850720800005],[81.44607032700003,29.670013271000073],[81.44993613900004,29.668461772000057],[81.45136376400006,29.668420834000074],[81.45435470200005,29.666775147000067],[81.46043376400007,29.66533527100006],[81.46343757700004,29.663452584000026],[81.46665013900008,29.662617959000045],[81.46906007700005,29.659295709000048],[81.47167351400003,29.658790147000047],[81.47538088900006,29.65927314700008],[81.47660570100004,29.660220709000043],[81.48230232600008,29.66172277100003],[81.48453113900007,29.66289439600007],[81.48610938900003,29.66479245900007],[81.48947338900007,29.666189959000064],[81.49243901500006,29.66651958400007],[81.49772501400008,29.66870827100007],[81.49890163900005,29.668591021000054],[81.50000051400008,29.670240396000054],[81.50147245100004,29.67067245900006],[81.50496501400005,29.673030022000034],[81.50867057700003,29.674182022000025],[81.50967545100008,29.67597377100003],[81.51762888900004,29.679423584000062],[81.51796582700007,29.68328414700005],[81.51677363900006,29.687723584000025],[81.51740357600005,29.68888739600004],[81.52028601400008,29.691607834000024],[81.51973607700006,29.693313084000067],[81.51738770200006,29.696514146000027],[81.51614513900006,29.699710897000045],[81.51739689000004,29.702593397000044],[81.52068082700004,29.704529396000055],[81.52320338900006,29.705399271000033],[81.52489732700008,29.70692189600004],[81.52464032600005,29.707935834000068],[81.52621745200008,29.710203396000054],[81.52398732700004,29.712928146000024],[81.52259345200008,29.71660377200004],[81.52091489000009,29.718101397000055],[81.51904095100008,29.722065334000035],[81.51880038900003,29.724283709000076],[81.51608557600008,29.726588396000068],[81.51348832600007,29.730575397000052],[81.51292782700006,29.732296397000027],[81.51286695200008,29.735450209000078],[81.51009113900005,29.738693397000077],[81.50975526500008,29.74165645900007],[81.51109763900007,29.744996584000035],[81.51235226500006,29.75000170900006],[81.51408620200004,29.752649959000053],[81.51540776400003,29.753511022000055],[81.51702901400006,29.752690396000048],[81.52000576400008,29.75241258400007],[81.52360276400003,29.752716459000055],[81.52630339000007,29.75241470900005],[81.53778301400007,29.748772959000064],[81.53968839000004,29.74747039700003],[81.54159863900009,29.747088147000056],[81.54587895100008,29.74888864600007],[81.54853807700005,29.75108827200006],[81.55257045200005,29.752406896000025],[81.55423132700008,29.754263209000044],[81.55421613900006,29.756318209000028],[81.55609276400008,29.763278271000047],[81.55835376500005,29.764450771000043],[81.56238801400008,29.77061208400005],[81.55979989000008,29.773553271000026],[81.55788513900006,29.774481709000042],[81.55751757600007,29.776276521000057],[81.55507832600006,29.78022977200004],[81.55384301500004,29.781439522000028],[81.55359688900006,29.784871459000044],[81.55233476400008,29.786615959000073],[81.55037282700005,29.793161146000045],[81.54845220200008,29.794635396000047],[81.54980032700007,29.798432897000055],[81.54957557700004,29.800491084000043],[81.55032132600007,29.80170152200003],[81.55302613900005,29.802994084000034],[81.55569926400005,29.806264897000062],[81.56016826400008,29.80974914600006],[81.56102851400004,29.815684771000065],[81.56168995200005,29.81844520900006],[81.56099826400003,29.82266858400004],[81.56192151400006,29.825387272000057],[81.56258670200003,29.83005152100003],[81.56347720200006,29.832445522000057],[81.56277982700004,29.834627522000062],[81.56383613900005,29.838660709000067],[81.56449101400005,29.844229459000076],[81.56560370200003,29.84674433400005],[81.56646645200004,29.851872334000063],[81.56299676400005,29.852778209000064],[81.55891638900005,29.856479084000057],[81.55788670200008,29.860839147000036],[81.55481364000008,29.863439397000036],[81.55345788900007,29.866325584000037],[81.55115263900007,29.868356334000055],[81.54898482700008,29.871985771000027],[81.54623914000007,29.874446834000025],[81.54308657700005,29.87816145900007],[81.54063195200007,29.87910083400004],[81.53612513900003,29.882922334000057],[81.53229401400006,29.884126584000057],[81.52934301400006,29.885726459000068],[81.52642988900004,29.88642158400006],[81.52222870200006,29.886839834000057],[81.51679276400006,29.886387522000064],[81.51511445200003,29.88685877200004],[81.51221332700004,29.888906897000027],[81.50906120200005,29.89330195900004],[81.50737888900005,29.89440920900006],[81.50559857700006,29.89277839700003],[81.50157482700007,29.891092959000048],[81.49922132700004,29.890770272000054],[81.49662070200003,29.889557522000075],[81.49451332700005,29.887169896000046],[81.49059138900003,29.88808689700005],[81.48607707700006,29.890438147000054],[81.48471120200008,29.891586834000066],[81.48063095100008,29.891935584000066],[81.47774151400006,29.89050245900006],[81.47246432700007,29.889833459000045],[81.46627170200009,29.893381146000024],[81.46167801400009,29.897378584000023],[81.45855926400003,29.90054745900005],[81.45806907600007,29.903046209000024],[81.45976426400006,29.907696084000065],[81.46256757700007,29.91103145900007],[81.46344176400004,29.913322459000028],[81.46183345200006,29.917602584000065],[81.46247320200007,29.919028209000032],[81.46444726400006,29.92074464700005],[81.46228076500006,29.923619209000037],[81.46184557600003,29.925691459000063],[81.46199601500007,29.92967445900007],[81.46060888900007,29.932140272000026],[81.45655676400008,29.93476195900007],[81.45748020200006,29.937073147000035],[81.45988376400004,29.94088133500003],[81.46037751400007,29.94264133400003],[81.45838332700004,29.945650584000077],[81.45464738900006,29.94904252200007],[81.45453413900003,29.95117452100004],[81.45765420200007,29.953854771000067],[81.46273895200005,29.95771002200007],[81.46586413900008,29.957938084000034],[81.46870232600008,29.96075214700005],[81.47046426400004,29.963705272000027],[81.46990907600008,29.967812584000058],[81.47007089000004,29.971227146000047],[81.47196620100004,29.97316470900006],[81.47182714000007,29.975120896000078],[81.46999201500006,29.976893646000065],[81.46701495200006,29.980919334000077],[81.46534107700006,29.98175083500007],[81.46249226400005,29.985697022000068],[81.46245895100003,29.986892647000047],[81.46486676400008,29.99423308400003],[81.46492801400007,29.995565959000032],[81.46154782700006,29.998320772000056],[81.45838663900008,30.00139727100003],[81.45628632700004,30.002442147000068],[81.45196701400005,30.00267133400007],[81.44961845200004,30.002424459000054],[81.44630638900009,30.00302220900005],[81.44412382700006,30.004403334000074],[81.44204226400007,30.006956960000025],[81.43541813900003,30.008253522000075],[81.43202451400003,30.00759927200005],[81.42770695200005,30.00966158500006],[81.42656570200006,30.010684772000047],[81.42312776400007,30.01164777200006],[81.42048038900003,30.01309533400007],[81.41476064000005,30.017798522000078],[81.41440839000006,30.018640959000038],[81.40659220100008,30.019673647000047],[81.40383657700005,30.021220459000062],[81.40310495200004,30.022839959000066],[81.40131738900004,30.018117647000054],[81.39603207700003,30.01713664700003],[81.39199845100006,30.016896084000052],[81.38568957700005,30.013603397000054],[81.38469045200003,30.010432584000057],[81.38449876500005,30.00811208400006],[81.38371326400005,30.007227896000074],[81.37837838900003,30.00647864700005],[81.37737726400007,30.00921764700007],[81.37554182600007,30.010143209000034],[81.37232695100005,30.009728272000075],[81.36986332600003,30.010955522000074],[81.36663295100004,30.009834522000062],[81.36430970200007,30.009586084000034],[81.35881001400008,30.01056658500005],[81.35148951400004,30.016742084000043],[81.34821970100006,30.018798897000067],[81.34252370200005,30.020377022000048],[81.33931532600008,30.021923709000077],[81.33592620100006,30.022751209000035],[81.33353238900008,30.024142334000032],[81.32671257700008,30.024669147000054],[81.32476763900007,30.025628147000077],[81.32158520200005,30.025324709000074],[81.32021182700004,30.02572727100005],[81.31918357600006,30.028409460000034],[81.31684151400003,30.032346834000066],[81.31561126400004,30.032915959000036],[81.31167057700003,30.032889272000034],[81.30992482600004,30.031528709000042],[81.30798963900008,30.03114527100007],[81.30470720200003,30.032066459000077],[81.30203045100006,30.03334708400007],[81.29991495100006,30.03355945900006],[81.29582188900008,30.034827396000026],[81.29279945200005,30.035001084000044],[81.29010457600003,30.036597209000035],[81.28641876400008,30.03756177200006],[81.28426238900005,30.040307084000062],[81.28341601400007,30.043320209000058],[81.27865901400008,30.044280022000066],[81.27588532700008,30.044272334000027],[81.27371727100007,30.04528289600006],[81.26573788900004,30.04336614700003],[81.26475776400008,30.04041095900004],[81.26252345100005,30.03966427200004],[81.25176595100004,30.03862514700006],[81.25043488900008,30.037278771000047],[81.24575376400009,30.035110897000038],[81.24445045100003,30.033717022000076],[81.23919057600006,30.03158383400006],[81.24450345200006,30.02903864600006],[81.24999995100006,30.026944084000036],[81.25501357700006,30.02365245900006],[81.25540201400008,30.019711022000024],[81.25165176400003,30.01621289700006],[81.24945482700008,30.013323085000025],[81.24714857600003,30.011225146000072],[81.24360470200008,30.012632522000047],[81.24152463900003,30.012534835000054],[81.23801863900007,30.011025397000026],[81.23335438900006,30.007702084000073],[81.22951832700005,30.00749683400005],[81.22785013900005,30.00806364700003],[81.21921238900006,30.007324897000046],[81.21595538900004,30.014045459000045],[81.21244301400003,30.015625646000046],[81.20946645200007,30.020459834000064],[81.20560801400006,30.022044896000068],[81.20362295100006,30.021551772000066],[81.20021982700007,30.021784772000046],[81.19656538900006,30.02289558500007],[81.19353395200005,30.019832334000057],[81.19225032700007,30.017380022000054],[81.18916813900006,30.014411522000046],[81.18752251400008,30.01181983400005],[81.18576132700008,30.01080733400005],[81.18437513900005,30.011600959000077],[81.18219088900008,30.01399052200003],[81.17921570200008,30.015115647000073],[81.17629826400008,30.014357209000025],[81.17269320100007,30.014445459000058],[81.16929220200007,30.012173834000066],[81.16649857600004,30.010760834000052],[81.16482538900004,30.01050583400007],[81.16050720100003,30.011314146000075],[81.15793551400003,30.01245639700005],[81.15648307600003,30.011871647000078],[81.15093232700008,30.011627771000065],[81.14984357700007,30.01217489700008],[81.14662845100008,30.015859772000056],[81.14428701400004,30.016660897000065],[81.13960795200006,30.016643397000053],[81.13508845200005,30.016061647000072],[81.13116563900007,30.01825814700004],[81.12561751400006,30.020316209000043],[81.12367945200003,30.028878397000028],[81.12148982600007,30.031023334000054],[81.11944913900004,30.034460584000044],[81.11586876400008,30.034396147000052],[81.11249795100008,30.03567127200006],[81.10985420100008,30.038971334000053],[81.10951713900005,30.041619772000047],[81.10826376400007,30.044505835000052],[81.10529313900008,30.04554358400003],[81.10095501400008,30.047712459000024],[81.09999807600008,30.049269584000058],[81.09601345100003,30.05269670900003],[81.09263551400005,30.05424202200004]]]}},{"type":"Feature","properties":{"STATE_CODE":7,"DISTRICT":"BAJHANG","GaPa_NaPa":"Kedarseu","Type_GN":"Gaunpalika","Province":"Sudur Pashchim","provinceId":"7","provinceCode":"7","provinceName":"Sudurpashchim","districtId":"702","districtName":"Bajhang","municipalityId":"70209","municipalityCode":"70209","municipalityName":"Kedarsyun Rural Municipality","municipalityNameNe":"केदारस्युँ गाउँपालिका","municipalityType":"rural_municipality"},"geometry":{"type":"Polygon","coordinates":[[[80.95485238900005,29.57446845900006],[80.95092045100006,29.573533147000035],[80.94709382600007,29.57375052100008],[80.94372270100007,29.57621927200006],[80.94099857600008,29.576892584000063],[80.93952707700004,29.578265771000076],[80.93451776300003,29.574112709000076],[80.93413826300008,29.572386709000057],[80.93169188900004,29.56883027200007],[80.93143151400005,29.567090896000025],[80.92868051300007,29.56446589600006],[80.92566451400006,29.56328439600003],[80.92222163900004,29.563122271000054],[80.91692720100008,29.56352739600004],[80.91549751400004,29.56448527200007],[80.91249082700006,29.564217084000063],[80.90911913900004,29.56310039600004],[80.90485876300005,29.559785834000024],[80.90438301400008,29.55800789600005],[80.89870538900004,29.553167146000078],[80.89658245100009,29.551674396000067],[80.89326245100006,29.552596709000056],[80.89067120200008,29.553932333000034],[80.88906607600006,29.554091146000076],[80.88217145200008,29.552145146000043],[80.87758445100008,29.553054646000078],[80.87439113900007,29.553056146000074],[80.87411901400003,29.554819959000042],[80.87582557600007,29.556867646000057],[80.88092501400007,29.560048521000056],[80.88344051400009,29.561199083000076],[80.88318238900007,29.563813271000072],[80.88167182600006,29.564615021000066],[80.88062820100004,29.566662396000027],[80.87693688900004,29.570024771000078],[80.87471013800007,29.571076147000042],[80.87452576300007,29.572765584000024],[80.87138738900006,29.573240896000073],[80.86879845100003,29.572410397000056],[80.86704951400003,29.57055895900004],[80.86614188900006,29.567336646000058],[80.86592701300003,29.56417827100006],[80.86435920100007,29.563572084000043],[80.86279988900003,29.556712709000067],[80.86298682600005,29.55349383400005],[80.86047632600008,29.548769708000066],[80.86073607600008,29.54558245900006],[80.86138095200005,29.541901584000072],[80.86447163900004,29.542376271000023],[80.86671370100004,29.541602521000073],[80.87026795200006,29.541978271000062],[80.87167520100007,29.541047958000036],[80.87248201400007,29.539065833000052],[80.87222082600005,29.53693152200003],[80.87431588900006,29.535931959000038],[80.87687288900008,29.532363334000024],[80.88022932700005,29.531281334000028],[80.88107188900005,29.52799752100003],[80.88016520100007,29.523850459000073],[80.88060563800008,29.521396459000073],[80.87999076300008,29.516963146000023],[80.88064988800005,29.514730459000077],[80.87897501300006,29.512847522000072],[80.87843101400006,29.51026408300004],[80.87978220100007,29.50851245900003],[80.88193351300004,29.508225709000044],[80.88714901400004,29.50673233400005],[80.88839257600006,29.50306533400004],[80.89225957600007,29.50070889600005],[80.89440932700006,29.49795620900005],[80.89477501400006,29.49625108300006],[80.89760920100008,29.494184709000024],[80.89837532600006,29.492969334000065],[80.89881138800007,29.49006408400004],[80.89828876400009,29.48600989600004],[80.90003088900005,29.483674146000055],[80.89881320100005,29.477237209000066],[80.89663163900008,29.475033771000028],[80.89667445100008,29.473195271000066],[80.89760370100004,29.470455021000078],[80.89756782700005,29.466065146000062],[80.89925776300004,29.46210508400003],[80.90243257700007,29.457925084000067],[80.90477420100007,29.455754334000062],[80.90657276400003,29.451965709000035],[80.90979420100007,29.450429459000077],[80.91216757600006,29.44625320800003],[80.91234563900008,29.444870396000056],[80.91344838900005,29.44569227100004],[80.91527901300003,29.451567772000033],[80.91316326400005,29.454384021000067],[80.91392651400008,29.455652271000076],[80.91598801400005,29.45688083400006],[80.92084201300008,29.45715220900007],[80.92458251400006,29.45818308400004],[80.92675457600006,29.45961677100007],[80.93221670100007,29.46430964600006],[80.93420363800004,29.46431739700006],[80.94107951300003,29.461816646000045],[80.94593157600008,29.45962595900005],[80.94817407600004,29.461954896000066],[80.95181038900006,29.460787708000055],[80.95469463900008,29.462297959000068],[80.95844070100003,29.46290145900008],[80.96637420100006,29.462811208000062],[80.96658870100003,29.464205396000068],[80.97180051400005,29.46580383400004],[80.97622120100004,29.466842333000045],[80.98203007600006,29.464781396000035],[80.98417238900004,29.462647583000035],[80.98753288900008,29.463211896000075],[80.98961382600004,29.467286209000065],[80.99470245100008,29.46790464600008],[80.99895782600004,29.469034959000055],[81.00235638900006,29.469463521000023],[81.00737276400008,29.47107402200004],[81.00962357600008,29.472450021000043],[81.00996876300007,29.47658270900007],[81.01112307600005,29.478561021000075],[81.01527263800006,29.481694021000067],[81.01428201400006,29.48445758300005],[81.01461195100006,29.486068272000068],[81.01338232600006,29.488640083000064],[81.01056232700006,29.491275271000063],[81.00604076400003,29.49222970900007],[81.00229501400008,29.49380439600003],[81.00007188900008,29.493748021000044],[80.99907495100007,29.488665584000046],[80.99786688900008,29.48753533400003],[80.99540282600003,29.487815021000074],[80.98939495100007,29.48645664600008],[80.98690051400007,29.48709933300006],[80.98372926400003,29.489142833000074],[80.98320857600004,29.491791146000025],[80.97972845100008,29.496559584000067],[80.97907088900007,29.499893646000032],[80.97901345100007,29.505756646000066],[80.98180732600008,29.506289458000026],[80.98515938900005,29.511383584000043],[80.98789476400003,29.51200195800004],[80.99024370100005,29.515760459000035],[80.98986582700007,29.518347896000023],[80.98807113900006,29.520303584000033],[80.98668595100008,29.520826834000047],[80.98485945200008,29.522723771000074],[80.98164807700005,29.522971521000045],[80.97961845200007,29.52424127100005],[80.97648938900005,29.523701584000037],[80.97693138900007,29.52663883300005],[80.97521657600004,29.530886272000032],[80.97244120100004,29.534576334000064],[80.97166895100008,29.536633521000056],[80.96916520100007,29.540305459000024],[80.96854838800004,29.54415827200006],[80.96691707600007,29.545448271000055],[80.96587645100004,29.54817758400003],[80.96639320100007,29.54987189600007],[80.96584195200006,29.556666397000072],[80.96498138900006,29.557834709000076],[80.96596101400007,29.564228021000076],[80.96388032600004,29.564897521000034],[80.96325007600007,29.566485396000076],[80.96438251400008,29.56857677100004],[80.96327726400006,29.569778959000075],[80.96086613900007,29.57018202100005],[80.95601382600006,29.572788271000036],[80.95485238900005,29.57446845900006]]]}},{"type":"Feature","properties":{"STATE_CODE":7,"DISTRICT":"BAJHANG","GaPa_NaPa":"Khaptadchhanna","Type_GN":"Gaunpalika","Province":"Sudur Pashchim","provinceId":"7","provinceCode":"7","provinceName":"Sudurpashchim","districtId":"702","districtName":"Bajhang","municipalityId":"70212","municipalityCode":"70212","municipalityName":"Khaptad Chhanna Rural Municipality","municipalityNameNe":"खप्तडछान्ना गाउँपालिका","municipalityType":"rural_municipality"},"geometry":{"type":"Polygon","coordinates":[[[81.29266257600005,29.474815271000068],[81.28940826400003,29.475727022000058],[81.28768995100006,29.47711133400003],[81.28547920200003,29.47667620900006],[81.28413351400008,29.477883709000025],[81.28046257700004,29.478784834000066],[81.27581388900006,29.479245709000054],[81.27429026400006,29.478344333000052],[81.27290763900004,29.476413833000038],[81.26879482600003,29.478660021000053],[81.26832963900006,29.479703146000077],[81.26497676400004,29.479529396000032],[81.26246332700003,29.480199834000075],[81.25982501400006,29.477637834000063],[81.25672201300006,29.47608277100005],[81.25053101400005,29.475293771000054],[81.24745295200006,29.472233833000075],[81.24557013900005,29.46963627200006],[81.24357195100004,29.469685084000048],[81.24047545100007,29.468623709000042],[81.23546076400004,29.467879209000046],[81.23127832700004,29.470034146000046],[81.22896132700004,29.47062914600008],[81.22725638900005,29.47345189600003],[81.22342813900008,29.476075208000054],[81.22113757700004,29.477209209000023],[81.21842995100008,29.47772352100003],[81.21388513900007,29.477148896000074],[81.21162595200008,29.475609521000024],[81.20651920100005,29.474178271000028],[81.20258845200004,29.474182084000063],[81.20047157600004,29.47686520800005],[81.19903888900006,29.47761408300005],[81.19633863900003,29.477875271000073],[81.19150732700007,29.479768209000042],[81.18837051400004,29.481548083000064],[81.18629388800008,29.481158459000028],[81.17752138900005,29.48134189700005],[81.17556795100006,29.481910709000033],[81.17343551400006,29.483370771000068],[81.17048682700005,29.483764896000025],[81.16844295200008,29.486603084000024],[81.16551357600008,29.493609021000054],[81.16359701400006,29.495246897000072],[81.16212995100005,29.497811334000062],[81.15811132600004,29.497870396000053],[81.15437338900006,29.498700271000075],[81.14908976300006,29.502017959000057],[81.14897013900008,29.503777709000076],[81.14652320200008,29.50567308400008],[81.14487645200006,29.504923646000066],[81.14098970100008,29.50173127200003],[81.13758951400007,29.501525084000036],[81.13475070100003,29.503813147000074],[81.13274613800007,29.503803959000038],[81.13035557600006,29.503147521000074],[81.13522901400006,29.500882271000023],[81.13327526300003,29.499201396000046],[81.13302595200008,29.498125584000036],[81.13463632600008,29.49586808400005],[81.13517732600008,29.49379895900006],[81.13332770100004,29.493218771000045],[81.12618482700003,29.494581522000033],[81.12150382600004,29.492657146000056],[81.11912238800005,29.490405646000056],[81.11796663900003,29.48827714600003],[81.11777332700007,29.48581164600006],[81.11276226400008,29.483384209000064],[81.10651807600004,29.47792783400007],[81.10448157600007,29.476709021000033],[81.10076795200007,29.47539670900005],[81.09884057700003,29.474218334000057],[81.09303226400004,29.468957334000038],[81.09250851400003,29.466755959000068],[81.08995538900007,29.46495752100003],[81.08945370200007,29.462891459000048],[81.09114407700008,29.463803959000074],[81.09531595200008,29.465023708000047],[81.09879882700005,29.46541595900004],[81.10205195100008,29.46485177200003],[81.10703295200005,29.465829146000033],[81.11035551400005,29.464845146000073],[81.11303101400006,29.465343708000034],[81.11896970100008,29.46315483400008],[81.11744976400007,29.461525209000058],[81.11449570200006,29.460546459000057],[81.11570570200007,29.459410709000053],[81.11732788900008,29.460627458000033],[81.11825345100004,29.459622771000056],[81.12108557600004,29.45970377100008],[81.12192582600005,29.458489271000076],[81.12134145100003,29.455906834000075],[81.12012838900006,29.45515220900006],[81.11934932600008,29.452454833000047],[81.12174820100006,29.45006820900005],[81.12663163900004,29.44817320900006],[81.12969088900007,29.44798077100006],[81.13195126400007,29.448382396000056],[81.13220701400007,29.445857771000078],[81.13338945100008,29.444124083000077],[81.13342795100004,29.442283271000065],[81.12978882600004,29.440351271000054],[81.12847226400004,29.440223959000036],[81.12535195100008,29.437754521000045],[81.12116638900005,29.43847577200006],[81.11862582700007,29.437614083000028],[81.11822195100007,29.436617272000035],[81.11994526400008,29.432049834000054],[81.12115170100003,29.431238896000025],[81.12693620100003,29.429600209000057],[81.13217438900006,29.429615458000058],[81.13483795100007,29.430257959000073],[81.13979863800006,29.430151334000072],[81.14068426400007,29.430883521000055],[81.14404982700006,29.431234147000055],[81.14408076400008,29.428953396000054],[81.14676288900006,29.42835039600004],[81.14785882700005,29.425942146000068],[81.15051895100004,29.42401264700004],[81.15375945200003,29.424879709000038],[81.15513832700003,29.423743396000077],[81.15703045100008,29.424808209000048],[81.15711507600008,29.426209021000034],[81.15929882600005,29.426490709000063],[81.16041063900008,29.424140958000066],[81.16360976400006,29.421669146000056],[81.16551457700007,29.418190459000073],[81.16917101400009,29.41644208400004],[81.16993576400006,29.414967959000023],[81.17143313900004,29.414986396000074],[81.17681195100005,29.41383783400005],[81.17947488900006,29.414743396000063],[81.18241920200006,29.415005584000028],[81.18321620200004,29.417242397000052],[81.18223082600008,29.42404964600007],[81.18711457600006,29.42483702100003],[81.19101238900004,29.427380646000074],[81.19370295100003,29.425265271000058],[81.19535195200007,29.425305709000042],[81.19936870200007,29.428234709000037],[81.20277595100004,29.42538939600007],[81.20345520200004,29.423723521000056],[81.20543857700005,29.422010459000035],[81.20537845200005,29.421110458000044],[81.20810976300004,29.41834502100005],[81.21325432600008,29.41607877200005],[81.22184513800005,29.418180834000054],[81.22466601300005,29.421095146000027],[81.22737801400007,29.419594896000035],[81.22767332700005,29.416927959000077],[81.22846951400004,29.41507445900004],[81.22883695100006,29.411613334000037],[81.23147538800004,29.410618458000044],[81.23475526300007,29.41113602100006],[81.23996982700004,29.414244396000072],[81.24643513900008,29.413503959000025],[81.24803682700008,29.41295277100005],[81.25357576300007,29.413292021000075],[81.25645432700009,29.41680345900005],[81.25534201400006,29.418414021000046],[81.25401013900006,29.41882714700006],[81.25221632700004,29.421794771000066],[81.25510238900006,29.42358720800007],[81.26009001400007,29.430167021000045],[81.26388188900006,29.43381633300004],[81.26716345100004,29.435134021000067],[81.27343620200008,29.43701395900007],[81.27895270100004,29.43722583400006],[81.28070026400007,29.437989146000064],[81.28137370100006,29.44153852100004],[81.28548707700008,29.44379914600006],[81.29028051400007,29.44454683400005],[81.29069995100008,29.446122709000065],[81.29353601400004,29.447975334000034],[81.29648688900005,29.448729021000077],[81.29789920200005,29.44979958400006],[81.30239495200004,29.451467896000054],[81.30459457700005,29.45136133400007],[81.30497420100005,29.45396602200003],[81.30438338900007,29.454851646000066],[81.30948888900008,29.459892959000058],[81.30479770200003,29.463680208000028],[81.30412907600004,29.465962396000066],[81.30490445100008,29.46749683300004],[81.29847770200007,29.469101771000055],[81.29555107700008,29.46912414600007],[81.29267376400009,29.473533959000065],[81.29266257600005,29.474815271000068]]]}},{"type":"Feature","properties":{"STATE_CODE":7,"DISTRICT":"BAJHANG","GaPa_NaPa":"Masta","Type_GN":"Gaunpalika","Province":"Sudur Pashchim","provinceId":"7","provinceCode":"7","provinceName":"Sudurpashchim","districtId":"702","districtName":"Bajhang","municipalityId":"70205","municipalityCode":"70205","municipalityName":"Masta Rural Municipality","municipalityNameNe":"मष्टा गाउँपालिका","municipalityType":"rural_municipality"},"geometry":{"type":"Polygon","coordinates":[[[81.36819682700008,29.54412345800006],[81.36546932600004,29.54488445900006],[81.35977501400004,29.549704896000037],[81.35554701400008,29.552856397000028],[81.35313245100008,29.560965771000042],[81.35205826400005,29.56203789600005],[81.34911595200003,29.56298858400004],[81.34646738900005,29.566072459000054],[81.34625770100007,29.567769397000063],[81.34468288900007,29.569469834000074],[81.34012901500006,29.572213334000025],[81.33632207700003,29.572852459000046],[81.32634213900008,29.575514396000074],[81.32045820100006,29.578418459000034],[81.31241401400007,29.579944521000073],[81.30918945200006,29.582968084000072],[81.30300870100007,29.583169584000075],[81.30020901400007,29.584245147000047],[81.29320070100005,29.58948308400005],[81.28788632600003,29.590198522000037],[81.28206295100006,29.590062147000026],[81.27761563900003,29.592167146000065],[81.27111001400004,29.593227334000062],[81.26974288900004,29.59427908400005],[81.26889813900004,29.598621021000042],[81.27035345200005,29.60326958400003],[81.26872157600008,29.606749084000057],[81.26685170200005,29.606432521000045],[81.26627607700004,29.603503396000065],[81.25993476400004,29.602780584000072],[81.25747695100006,29.601632584000072],[81.25278420200004,29.600712271000077],[81.24911288900006,29.59943108300007],[81.24681851400004,29.599349647000054],[81.24444226400004,29.59554614600006],[81.24431601400005,29.593904209000073],[81.24199138900008,29.591233084000066],[81.24169476400004,29.589686147000066],[81.24344595100007,29.587230834000025],[81.24305301400005,29.586155521000023],[81.24021826400008,29.584475584000074],[81.23831101400003,29.58270820900003],[81.23552745100005,29.582009334000077],[81.23598795100008,29.580686584000034],[81.23117776300006,29.57385083400004],[81.22840357600006,29.571002021000027],[81.22466901400009,29.56996620800004],[81.22220076400004,29.567495647000044],[81.22254182600005,29.560926146000043],[81.22139588900006,29.559351209000056],[81.21763701400005,29.558592709000038],[81.21237707600005,29.556302522000067],[81.20948370100007,29.55664095900005],[81.20775976400006,29.55522477200003],[81.20706595100006,29.55329258300003],[81.21114107700004,29.550067084000034],[81.21332638900003,29.550517021000076],[81.22127120200008,29.54859333400003],[81.22231001400007,29.547862959000042],[81.22823670200006,29.54658283400005],[81.23114326300004,29.54384827100006],[81.23155651300004,29.542755709000062],[81.24058182600004,29.53246202100007],[81.24245157700005,29.53145702100005],[81.24421132600008,29.527724896000052],[81.24482932600006,29.525269397000045],[81.24732082700007,29.523444333000043],[81.24999995100006,29.522164771000064],[81.25192426400008,29.52282883400005],[81.25694013900005,29.52216958400004],[81.26004488900008,29.521067209000023],[81.26017845100006,29.518585521000034],[81.26190338900005,29.517846709000025],[81.26369795100004,29.515115896000054],[81.26576870100007,29.514734959000066],[81.26978738900004,29.51267858400007],[81.27030163900008,29.511355584000057],[81.27529207700007,29.505570396000053],[81.27567688900007,29.504342396000027],[81.27813345200008,29.503225147000023],[81.28105513900005,29.49893739600003],[81.28228088900005,29.49810245900005],[81.28542613900004,29.49731289600004],[81.28915276400005,29.494006771000045],[81.29168895200007,29.492909396000073],[81.29348970200004,29.490742083000043],[81.29672713900004,29.488959521000027],[81.29837070100007,29.48889045900006],[81.29913438900007,29.48751939600004],[81.30324413900007,29.485662584000067],[81.30756907600005,29.484229209000034],[81.30879813900003,29.482897646000026],[81.31168588900005,29.481190083000058],[81.31301513900007,29.479560396000068],[81.31535895200005,29.48292964600006],[81.31670832600008,29.482373771000027],[81.31917320100007,29.48380033400008],[81.31725982600005,29.488700146000042],[81.31649438900007,29.491528522000067],[81.31906570100006,29.492280334000043],[81.32090901400005,29.494200084000056],[81.32278657700004,29.494899458000077],[81.32818820200004,29.49487945900006],[81.33009863900008,29.49695689600003],[81.33420045100007,29.500001084000075],[81.33652420200008,29.501235897000072],[81.33734013900005,29.502720458000056],[81.34045545200007,29.505024771000024],[81.34149363900008,29.509497708000026],[81.34370626400005,29.51286902100003],[81.34548838900008,29.51475477100007],[81.35080307600003,29.52193470900005],[81.35217570200007,29.524649397000076],[81.35141920200005,29.526135709000073],[81.35289126400005,29.529978021000034],[81.35446376500005,29.53153489700003],[81.35672745100004,29.53137545900006],[81.35790901400009,29.533048334000057],[81.36522420100005,29.539310959000034],[81.36715345200008,29.543111209000074],[81.36819682700008,29.54412345800006]]]}},{"type":"Feature","properties":{"STATE_CODE":7,"DISTRICT":"BAJHANG","GaPa_NaPa":"Surma","Type_GN":"Gaunpalika","Province":"Sudur Pashchim","provinceId":"7","provinceCode":"7","provinceName":"Sudurpashchim","districtId":"702","districtName":"Bajhang","municipalityId":"70203","municipalityCode":"70203","municipalityName":"Surma Rural Municipality","municipalityNameNe":"सूर्मा गाउँपालिका","municipalityType":"rural_municipality"},"geometry":{"type":"Polygon","coordinates":[[[81.21270745200007,29.631418834000044],[81.21341157700004,29.634248771000046],[81.21341920200007,29.637858021000056],[81.21432370200006,29.638822083000036],[81.21376045100004,29.64044039600003],[81.21409901400006,29.644076209000048],[81.21575470200008,29.645011959000044],[81.21605132700006,29.647871833000067],[81.21840851400003,29.649178584000026],[81.22012457700004,29.651081959000066],[81.22140957700003,29.65141589600006],[81.22266145100008,29.655052397000077],[81.22185513900007,29.65630120900005],[81.22264520200008,29.66002202100003],[81.22189895200006,29.663061834000075],[81.22368770100007,29.666690646000063],[81.22423195200008,29.668668083000057],[81.22418201400006,29.673369209000043],[81.22197657700008,29.674119647000055],[81.22214663900007,29.67612027200005],[81.22324845200006,29.67877345900007],[81.22238907600007,29.681800021000072],[81.22341038900004,29.682777272000067],[81.22218970100005,29.684117021000077],[81.22214245200007,29.685671396000032],[81.21877857700008,29.685945334000053],[81.21585538900007,29.687644271000067],[81.21278370100003,29.688357522000047],[81.21253620100003,29.690309209000077],[81.21075263900008,29.69224077100006],[81.21243388900007,29.69462695800007],[81.21164826400008,29.698257772000034],[81.20871901400005,29.699609147000047],[81.20890938800005,29.702636084000062],[81.20712488900006,29.70583995900006],[81.20726413900007,29.711027959000035],[81.20408926400006,29.70954183400005],[81.20238057700004,29.710361084000056],[81.20362657700008,29.71281570900004],[81.20288488900007,29.714258271000062],[81.20040288900003,29.714528272000052],[81.19929595200006,29.71260570900006],[81.19769795100007,29.71364127100003],[81.19627988900004,29.716138271000034],[81.19714007600004,29.718095021000067],[81.19571595100007,29.719701022000038],[81.19424770200004,29.719703209000045],[81.19384326400007,29.721411396000065],[81.19466201400007,29.723153959000058],[81.19279057600005,29.725541021000026],[81.19124057700003,29.725437271000033],[81.18798220100007,29.728442147000067],[81.18560851400008,29.72790414700006],[81.18344288900005,29.728243209000027],[81.18249307700006,29.730608584000038],[81.17843657600008,29.734534646000043],[81.17651595200005,29.73521627200006],[81.17209845200006,29.741445772000077],[81.16981670200005,29.742687147000026],[81.16790982600008,29.74591083400003],[81.16630201400005,29.74775583400003],[81.16366338900008,29.74844939700006],[81.15974463900005,29.750734771000054],[81.15911176400004,29.75273414700007],[81.15689120100006,29.755910709000034],[81.15663420100003,29.759402959000056],[81.15843763900006,29.762935584000047],[81.15788338900006,29.76977577100007],[81.15646882600004,29.771130896000045],[81.15625938900007,29.773407209000027],[81.15530045100007,29.774089584000023],[81.15275476400006,29.779222209000068],[81.14844451400006,29.783555896000053],[81.14842138900008,29.78783064600003],[81.14696245100004,29.792698022000025],[81.14483995200004,29.794175584000072],[81.14306070100008,29.798129584000037],[81.13991501400005,29.80145120900005],[81.13657551400007,29.806494084000065],[81.13573657700005,29.808946897000055],[81.13396695100005,29.810649584000032],[81.13230757700006,29.813877021000053],[81.13202970200007,29.815787897000064],[81.12588851400005,29.822872459000052],[81.12142507700008,29.81846889600007],[81.11753645200008,29.813978959000053],[81.11580876400006,29.810903584000073],[81.11430032700008,29.809201834000078],[81.11065451300004,29.80789208400006],[81.10543013900008,29.80799333400006],[81.10492207700008,29.802334021000036],[81.10511257600007,29.79959083400007],[81.10397938900007,29.798046584000076],[81.10348201400006,29.793553459000066],[81.10516251300004,29.79111364700003],[81.10475107600007,29.78962295900004],[81.10285732700004,29.786516022000058],[81.10300670100008,29.782737396000073],[81.10134607700007,29.78138295900004],[81.10070157600006,29.778191521000053],[81.09946907600005,29.775609646000078],[81.09728001300005,29.77315470900004],[81.09592357700006,29.770268334000036],[81.09271851400007,29.768098271000042],[81.09181001400003,29.766389021000066],[81.09304432600004,29.757967334000057],[81.09151951400008,29.75576002100007],[81.09152338900003,29.752922209000076],[81.09090782600003,29.75156695900006],[81.09344957600007,29.746431021000035],[81.09449082600008,29.740348647000076],[81.09586363800008,29.737530209000056],[81.09433601400008,29.734776959000044],[81.09224057700004,29.732561021000038],[81.09115957700004,29.727628397000046],[81.08753682600008,29.722345459000053],[81.08708701400008,29.721093834000044],[81.09019313900006,29.717058397000073],[81.09374895100007,29.715003146000072],[81.09248207600007,29.713702397000077],[81.09177820100007,29.709089834000054],[81.09178538800006,29.705248209000047],[81.09138770200008,29.70374383400008],[81.08612895100003,29.69630095900004],[81.08538151400006,29.693492959000025],[81.08385220200006,29.691508834000047],[81.08150801300008,29.690204209000058],[81.07596107600006,29.693018146000043],[81.07504726400003,29.695053459000064],[81.07313238900008,29.697353209000028],[81.06603932700006,29.69878033400005],[81.06375076400008,29.698456709000027],[81.06189063800008,29.69735895900004],[81.05691132600003,29.69355114700005],[81.05593688900007,29.690591959000074],[81.05250326400005,29.687660772000072],[81.04864101400005,29.686186959000054],[81.04849757700003,29.68468914600004],[81.04351901400008,29.68080864700005],[81.04100101400007,29.678075396000054],[81.04188682600005,29.675789958000053],[81.04437351400009,29.672766396000043],[81.04362832600003,29.66910770900006],[81.04219682600007,29.665025146000062],[81.04099370100005,29.66000633300007],[81.03464345100008,29.652940708000074],[81.03321301300008,29.65026789600006],[81.03281195100004,29.64788364700007],[81.03166732600005,29.644924272000026],[81.02989388900005,29.642427459000032],[81.02520432700004,29.63909433400005],[81.02417476400007,29.637247022000054],[81.02574588900006,29.632351584000048],[81.02554551400004,29.63135233400004],[81.02815420100006,29.631647271000077],[81.03221570100004,29.62966127100003],[81.03931776400003,29.627022272000033],[81.04102513900006,29.625365959000078],[81.04281545100008,29.62216214600005],[81.04700126400007,29.620559084000035],[81.05164488900004,29.618145897000034],[81.05318445100005,29.613455397000052],[81.05306732700006,29.60917839600006],[81.05337313900003,29.602850646000036],[81.05420520100006,29.600224522000076],[81.05275513900006,29.595871334000037],[81.05804051400008,29.596277459000078],[81.06037838800006,29.59775170900008],[81.06181570100006,29.59795633300007],[81.06475588800004,29.596457084000065],[81.06699813900008,29.59671764600006],[81.07127401400004,29.59796970900004],[81.07378495100005,29.597902834000024],[81.07781957700007,29.59633277100005],[81.08343870200008,29.595061583000074],[81.08412582600005,29.594512959000042],[81.08501976400004,29.59125945900007],[81.08597538900005,29.59008358400007],[81.08773470200003,29.585106022000048],[81.08982588900005,29.583757896000066],[81.09200782700003,29.58373158300003],[81.09278295200005,29.581484209000052],[81.09370513800008,29.576714709000044],[81.09723288900005,29.574544334000052],[81.09939863800008,29.572749333000047],[81.10079345100007,29.57272345900003],[81.10514626400004,29.571328271000027],[81.10913870200005,29.568202959000075],[81.11494638900007,29.566269272000056],[81.11600982700008,29.570755209000026],[81.11804338900004,29.573548396000035],[81.11880370200004,29.575744959000076],[81.12247438900005,29.578829834000032],[81.12853776400004,29.580055834000063],[81.13378470100008,29.582856897000056],[81.13714213900005,29.577807146000055],[81.13894551300007,29.577593208000053],[81.14066788900004,29.583176896000055],[81.14253020100006,29.58464570900003],[81.14466220100007,29.589247584000077],[81.14879588900004,29.596554146000074],[81.15308826400008,29.597866646000057],[81.15750057600007,29.595274146000065],[81.15880313900004,29.597537333000048],[81.16257888900003,29.60291520900006],[81.16286226400007,29.604983396000023],[81.16490313800006,29.607683397000073],[81.16429688900007,29.61052195900004],[81.16195538900007,29.610969271000045],[81.16078626400008,29.612215896000066],[81.15936551400006,29.61536452100006],[81.16161638900007,29.62179089600005],[81.16513988900005,29.62465152200008],[81.17101738900004,29.62629977100005],[81.17463738900005,29.626640209000072],[81.17593113800007,29.628025834000027],[81.18013538900004,29.63073614600006],[81.18103163800004,29.63321408400003],[81.18388945200007,29.63462458400005],[81.18643332600004,29.634305209000047],[81.18976695100008,29.634941146000074],[81.19301570100004,29.634909397000058],[81.20108588800008,29.632937084000048],[81.20489801400004,29.632703396000068],[81.20601776400008,29.631916646000036],[81.21140332600004,29.633378958000037],[81.21270745200007,29.631418834000044]]]}},{"type":"Feature","properties":{"STATE_CODE":7,"DISTRICT":"BAJHANG","GaPa_NaPa":"Talkot","Type_GN":"Gaunpalika","Province":"Sudur Pashchim","provinceId":"7","provinceCode":"7","provinceName":"Sudurpashchim","districtId":"702","districtName":"Bajhang","municipalityId":"70204","municipalityCode":"70204","municipalityName":"Talkot Rural Municipality","municipalityNameNe":"तालकोट गाउँपालिका","municipalityType":"rural_municipality"},"geometry":{"type":"Polygon","coordinates":[[[81.46906007700005,29.659295709000048],[81.46665013900008,29.662617959000045],[81.46343757700004,29.663452584000026],[81.46043376400007,29.66533527100006],[81.45435470200005,29.666775147000067],[81.45136376400006,29.668420834000074],[81.44993613900004,29.668461772000057],[81.44607032700003,29.670013271000073],[81.44315382600007,29.66850720800005],[81.44089063900003,29.667966584000055],[81.43812607700005,29.66841789600005],[81.43568757700007,29.666754396000044],[81.43298713900003,29.66572108400004],[81.42812482700003,29.665477459000044],[81.42362757700005,29.66619570900008],[81.41543207700005,29.670857271000045],[81.41259945100006,29.673794084000065],[81.40815082700004,29.676144959000055],[81.40420207600005,29.67608252200006],[81.40151851400003,29.673938709000026],[81.39845663900007,29.67325089700006],[81.39564845200005,29.673687896000047],[81.39283057700004,29.67163220900005],[81.38992470100004,29.672200272000055],[81.38474026400007,29.67237783400003],[81.38401445200003,29.670683584000074],[81.38228188900007,29.669181708000053],[81.37452020200004,29.670900209000024],[81.37186676400006,29.673041709000074],[81.36704788900005,29.673244647000047],[81.36460001400008,29.672621959000026],[81.36309538900008,29.674448771000073],[81.36036570200008,29.675399147000064],[81.35762688900007,29.67396064600007],[81.34899413900007,29.673733334000076],[81.34741363900008,29.674427709000042],[81.34562282700006,29.67650539600004],[81.34389845100003,29.677076084000078],[81.34260820200006,29.678460021000035],[81.34096382700005,29.68148020900003],[81.34075363900007,29.683113959000025],[81.33931820200007,29.684184646000062],[81.33867801400004,29.686448834000032],[81.33674020200004,29.687773397000058],[81.33256132600008,29.687206459000038],[81.33117551400005,29.688678459000073],[81.32827520200004,29.687821709000048],[81.32596970200007,29.68933202200003],[81.32553376400006,29.69054895900007],[81.32740738900003,29.691697022000028],[81.32945126400006,29.69411014600007],[81.32809913900007,29.695649709000065],[81.32619270100008,29.695974771000067],[81.32270013900006,29.69338914700006],[81.32149126400003,29.693680834000077],[81.32135101400007,29.695891834000065],[81.32341126400007,29.69780645900005],[81.32286726400008,29.699792896000076],[81.32099788900007,29.70002302200004],[81.31752470200007,29.697836521000056],[81.31594745200005,29.697905709000054],[81.31415507700007,29.699414584000067],[81.31544351400004,29.700981522000063],[81.31357688900005,29.702104834000068],[81.31343545100003,29.703769959000056],[81.31472532700008,29.70578583400004],[81.31674051400006,29.705043397000054],[81.31817370200008,29.70596933400003],[81.31757388900007,29.707716709000067],[81.31570513900004,29.708199397000044],[81.31394976400009,29.71003077200004],[81.31688807700004,29.711111084000038],[81.31736863900005,29.71229420900005],[81.31570576400009,29.714396021000027],[81.31314526400007,29.71664439700004],[81.31274545100007,29.717926584000054],[81.31384226400007,29.722613771000056],[81.31574920100007,29.722288896000066],[81.31701357600008,29.724931834000074],[81.31251026400008,29.729596272000038],[81.30866538900005,29.732294146000072],[81.30792301400004,29.735289334000072],[81.30576588900004,29.735463521000042],[81.30310351400004,29.734391396000035],[81.30159745100008,29.73317220900003],[81.29365801400007,29.73016277100004],[81.29192426400004,29.73035608400005],[81.28895620100008,29.72872264600005],[81.28548957600003,29.729643771000042],[81.28152057700004,29.731639646000076],[81.27927932700004,29.731549647000065],[81.27500163900004,29.733214334000024],[81.26799376400004,29.734205459000066],[81.26483038900005,29.733629834000055],[81.26341795100006,29.73246414600004],[81.26052745200008,29.73265933400006],[81.25719870100005,29.731057521000025],[81.25510163900003,29.73071414700007],[81.25180813900005,29.728672146000065],[81.25097388900008,29.72734964600005],[81.24999995100006,29.721540584000024],[81.24850657700006,29.72368414700003],[81.24834301400006,29.72509433400006],[81.24531495100007,29.728321209000057],[81.24292145100003,29.729079084000034],[81.24091513800005,29.72866758400005],[81.23964370100003,29.73270558400003],[81.23756276400007,29.73619902100006],[81.22924076400005,29.73898377100005],[81.22662501400004,29.740228897000065],[81.21993863800003,29.73976427200006],[81.21882582700005,29.740361647000043],[81.21615988900004,29.744171522000045],[81.21190507600005,29.74765458400003],[81.21256607600003,29.750006271000075],[81.21200776400008,29.751604271000076],[81.21262870200007,29.754729772000076],[81.21240938900007,29.758316834000027],[81.21000726400007,29.762056209000036],[81.20874726400007,29.76290414600004],[81.20569532700006,29.763660084000037],[81.20184932600006,29.768024147000062],[81.20138863900007,29.77007533400007],[81.20006901400006,29.77238277200007],[81.19965213900008,29.77519852200004],[81.19726113900003,29.780442334000043],[81.19628220100003,29.78402139600007],[81.19369388900003,29.78737502200005],[81.19126188900003,29.788885459000028],[81.19014863900009,29.79083827200003],[81.18976163900004,29.793390084000066],[81.18868320200005,29.795482771000025],[81.18653432700006,29.801104897000073],[81.17914076300008,29.802926521000074],[81.17644001400004,29.802894022000032],[81.17375082700005,29.803748022000036],[81.17206451400006,29.806317272000058],[81.17076545100008,29.806156521000048],[81.16667445200005,29.80722195900006],[81.16321438900007,29.806314959000076],[81.16054995200005,29.806848396000078],[81.15852020100004,29.81083220900007],[81.15549701400005,29.81260433400007],[81.15142613900008,29.81696039600007],[81.15056363900004,29.81928483400003],[81.14711051400008,29.81985039700004],[81.14368907600004,29.821112834000076],[81.14235088900006,29.822704646000034],[81.14005357700006,29.824101146000032],[81.13645676400006,29.825201209000056],[81.13304413900005,29.825552084000037],[81.12879832700008,29.823555397000064],[81.12588851400005,29.822872459000052],[81.13202970200007,29.815787897000064],[81.13230757700006,29.813877021000053],[81.13396695100005,29.810649584000032],[81.13573657700005,29.808946897000055],[81.13657551400007,29.806494084000065],[81.13991501400005,29.80145120900005],[81.14306070100008,29.798129584000037],[81.14483995200004,29.794175584000072],[81.14696245100004,29.792698022000025],[81.14842138900008,29.78783064600003],[81.14844451400006,29.783555896000053],[81.15275476400006,29.779222209000068],[81.15530045100007,29.774089584000023],[81.15625938900007,29.773407209000027],[81.15646882600004,29.771130896000045],[81.15788338900006,29.76977577100007],[81.15843763900006,29.762935584000047],[81.15663420100003,29.759402959000056],[81.15689120100006,29.755910709000034],[81.15911176400004,29.75273414700007],[81.15974463900005,29.750734771000054],[81.16366338900008,29.74844939700006],[81.16630201400005,29.74775583400003],[81.16790982600008,29.74591083400003],[81.16981670200005,29.742687147000026],[81.17209845200006,29.741445772000077],[81.17651595200005,29.73521627200006],[81.17843657600008,29.734534646000043],[81.18249307700006,29.730608584000038],[81.18344288900005,29.728243209000027],[81.18560851400008,29.72790414700006],[81.18798220100007,29.728442147000067],[81.19124057700003,29.725437271000033],[81.19279057600005,29.725541021000026],[81.19466201400007,29.723153959000058],[81.19384326400007,29.721411396000065],[81.19424770200004,29.719703209000045],[81.19571595100007,29.719701022000038],[81.19714007600004,29.718095021000067],[81.19627988900004,29.716138271000034],[81.19769795100007,29.71364127100003],[81.19929595200006,29.71260570900006],[81.20040288900003,29.714528272000052],[81.20288488900007,29.714258271000062],[81.20362657700008,29.71281570900004],[81.20238057700004,29.710361084000056],[81.20408926400006,29.70954183400005],[81.20726413900007,29.711027959000035],[81.20712488900006,29.70583995900006],[81.20890938800005,29.702636084000062],[81.20871901400005,29.699609147000047],[81.21164826400008,29.698257772000034],[81.21243388900007,29.69462695800007],[81.21075263900008,29.69224077100006],[81.21253620100003,29.690309209000077],[81.21278370100003,29.688357522000047],[81.21585538900007,29.687644271000067],[81.21877857700008,29.685945334000053],[81.22214245200007,29.685671396000032],[81.22218970100005,29.684117021000077],[81.22341038900004,29.682777272000067],[81.22238907600007,29.681800021000072],[81.22324845200006,29.67877345900007],[81.22214663900007,29.67612027200005],[81.22197657700008,29.674119647000055],[81.22418201400006,29.673369209000043],[81.22423195200008,29.668668083000057],[81.22368770100007,29.666690646000063],[81.22189895200006,29.663061834000075],[81.22264520200008,29.66002202100003],[81.22185513900007,29.65630120900005],[81.22266145100008,29.655052397000077],[81.22140957700003,29.65141589600006],[81.22012457700004,29.651081959000066],[81.21840851400003,29.649178584000026],[81.21605132700006,29.647871833000067],[81.21575470200008,29.645011959000044],[81.21409901400006,29.644076209000048],[81.21376045100004,29.64044039600003],[81.21432370200006,29.638822083000036],[81.21341920200007,29.637858021000056],[81.21341157700004,29.634248771000046],[81.21270745200007,29.631418834000044],[81.21241820200004,29.629840209000065],[81.21373920200006,29.627219084000046],[81.21283495200004,29.62449102200003],[81.21048120100005,29.624533084000063],[81.20917963900007,29.623490709000066],[81.20568132600005,29.62232533400004],[81.20258557600005,29.623126521000074],[81.19707063900006,29.622038459000066],[81.19870051400005,29.619105709000053],[81.20176870100005,29.617271646000063],[81.20223376400008,29.61504439600003],[81.20401057700008,29.613230272000067],[81.20840770200004,29.615046146000054],[81.21467670200008,29.614214959000037],[81.21935132600004,29.61170114600003],[81.21706245200005,29.610405584000034],[81.21655057700008,29.608741646000055],[81.21405776400007,29.606893584000034],[81.21425713800005,29.605205958000056],[81.21361676400005,29.602511271000026],[81.21536345100003,29.599787897000056],[81.21501976400003,29.593542084000035],[81.21677132700006,29.59319408400006],[81.21707288900006,29.591619021000042],[81.21910326400007,29.591015646000074],[81.22140957700003,29.588825959000076],[81.22302976400005,29.586580896000044],[81.22551651400005,29.585678896000047],[81.23141920100005,29.579575772000055],[81.23117776300006,29.57385083400004],[81.23598795100008,29.580686584000034],[81.23552745100005,29.582009334000077],[81.23831101400003,29.58270820900003],[81.24021826400008,29.584475584000074],[81.24305301400005,29.586155521000023],[81.24344595100007,29.587230834000025],[81.24169476400004,29.589686147000066],[81.24199138900008,29.591233084000066],[81.24431601400005,29.593904209000073],[81.24444226400004,29.59554614600006],[81.24681851400004,29.599349647000054],[81.24911288900006,29.59943108300007],[81.25278420200004,29.600712271000077],[81.25747695100006,29.601632584000072],[81.25993476400004,29.602780584000072],[81.26627607700004,29.603503396000065],[81.26685170200005,29.606432521000045],[81.26872157600008,29.606749084000057],[81.27035345200005,29.60326958400003],[81.26889813900004,29.598621021000042],[81.26974288900004,29.59427908400005],[81.27111001400004,29.593227334000062],[81.27761563900003,29.592167146000065],[81.28206295100006,29.590062147000026],[81.28788632600003,29.590198522000037],[81.29320070100005,29.58948308400005],[81.30020901400007,29.584245147000047],[81.30300870100007,29.583169584000075],[81.30918945200006,29.582968084000072],[81.31241401400007,29.579944521000073],[81.32045820100006,29.578418459000034],[81.32634213900008,29.575514396000074],[81.33632207700003,29.572852459000046],[81.34012901500006,29.572213334000025],[81.34468288900007,29.569469834000074],[81.34625770100007,29.567769397000063],[81.34646738900005,29.566072459000054],[81.34911595200003,29.56298858400004],[81.35205826400005,29.56203789600005],[81.35313245100008,29.560965771000042],[81.35554701400008,29.552856397000028],[81.35977501400004,29.549704896000037],[81.36546932600004,29.54488445900006],[81.36819682700008,29.54412345800006],[81.37076245100008,29.547633147000056],[81.37325307600008,29.54998577200007],[81.37715557700005,29.551231271000063],[81.38164226400005,29.551714709000066],[81.38474057700006,29.553302897000037],[81.38826914000003,29.553712208000036],[81.39025895100008,29.55583814700003],[81.39722895200003,29.556388208000044],[81.40054207600008,29.55721745900007],[81.40172263900007,29.55839364700006],[81.40164307600008,29.56029783300005],[81.40372695200006,29.564250396000034],[81.40421551500003,29.566572459000042],[81.40343613900006,29.567677959000036],[81.40108801400004,29.568713709000065],[81.39937689000004,29.571116834000065],[81.39969757600005,29.575077021000027],[81.40261745100008,29.580854396000063],[81.40385195200008,29.584658459000025],[81.40859045100007,29.58765095900003],[81.41213001400007,29.590419146000045],[81.41496770200007,29.591781833000027],[81.41704282700005,29.59333639600004],[81.41971245100007,29.59614545900007],[81.42081213900008,29.598806084000046],[81.42085476400007,29.603793522000046],[81.42121751400003,29.60721895900008],[81.42203407700003,29.609729396000034],[81.42052732600007,29.61415095900003],[81.42191220100005,29.617040771000063],[81.42136463900005,29.62164883400004],[81.41982776400005,29.623977083000057],[81.42136932600005,29.62789283400008],[81.42368501400006,29.62933145900007],[81.42371076400008,29.630398334000063],[81.42215657700007,29.63386820900007],[81.42382201400005,29.636148021000054],[81.42554882600007,29.637360584000078],[81.42870463900005,29.641537209000035],[81.42923782600008,29.643971708000038],[81.43224101400006,29.645114646000025],[81.43610676400004,29.644901209000068],[81.43785695200006,29.64638202100008],[81.44038807700008,29.647172209000075],[81.44283963900006,29.64956195900004],[81.44582138900006,29.64856389600004],[81.44816882700007,29.647222834000047],[81.45293157700007,29.649794021000048],[81.45584320200004,29.652601521000065],[81.45837870200006,29.654307146000065],[81.46906007700005,29.659295709000048]]]}},{"type":"Feature","properties":{"STATE_CODE":7,"DISTRICT":"BAJHANG","GaPa_NaPa":"Thalara","Type_GN":"Gaunpalika","Province":"Sudur Pashchim","provinceId":"7","provinceCode":"7","provinceName":"Sudurpashchim","districtId":"702","districtName":"Bajhang","municipalityId":"70211","municipalityCode":"70211","municipalityName":"Thalara Rural Municipality","municipalityNameNe":"थलारा गाउँपालिका","municipalityType":"rural_municipality"},"geometry":{"type":"Polygon","coordinates":[[[81.13035557600006,29.503147521000074],[81.12606995200008,29.501468771000077],[81.12477701400007,29.50229114700005],[81.12346038900006,29.504645271000072],[81.12137913900006,29.504324584000074],[81.11828013900003,29.50119845900008],[81.11556751300003,29.503231147000065],[81.11364007700007,29.50403364600004],[81.11247226400008,29.503567647000068],[81.11156213800007,29.501280396000027],[81.10834045100006,29.500432834000037],[81.10216938900004,29.499357521000036],[81.09976345100006,29.498154708000072],[81.09762413800007,29.49634483400007],[81.09281676400008,29.49594895900003],[81.08923332600006,29.49747414600006],[81.08683776400005,29.497593021000057],[81.08414370100007,29.496983396000076],[81.07983782700006,29.49409858300004],[81.07622163800005,29.49204108400005],[81.07270620100007,29.492376896000053],[81.07069445100007,29.494559396000056],[81.06909713900006,29.494889646000047],[81.06323276400008,29.490633459000037],[81.06020488800004,29.49016789600006],[81.05731938900004,29.490566208000075],[81.05697026300004,29.488725583000075],[81.05712420200007,29.48677639600004],[81.05617570100003,29.485793271000034],[81.05367638800004,29.484930271000053],[81.04950657600006,29.481412771000066],[81.04713857600007,29.480513522000024],[81.03968007700007,29.48046858400005],[81.03169582600003,29.478047896000078],[81.02847232600004,29.478096022000045],[81.01938526400005,29.480371584000068],[81.01721195100004,29.481747958000028],[81.01527263800006,29.481694021000067],[81.01112307600005,29.478561021000075],[81.00996876300007,29.47658270900007],[81.00962357600008,29.472450021000043],[81.00737276400008,29.47107402200004],[81.00235638900006,29.469463521000023],[80.99895782600004,29.469034959000055],[80.99470245100008,29.46790464600008],[80.98961382600004,29.467286209000065],[80.98753288900008,29.463211896000075],[80.98417238900004,29.462647583000035],[80.98203007600006,29.464781396000035],[80.97622120100004,29.466842333000045],[80.97180051400005,29.46580383400004],[80.96658870100003,29.464205396000068],[80.96637420100006,29.462811208000062],[80.95844070100003,29.46290145900008],[80.95469463900008,29.462297959000068],[80.95181038900006,29.460787708000055],[80.94817407600004,29.461954896000066],[80.94593157600008,29.45962595900005],[80.94107951300003,29.461816646000045],[80.93420363800004,29.46431739700006],[80.93221670100007,29.46430964600006],[80.92675457600006,29.45961677100007],[80.92458251400006,29.45818308400004],[80.92084201300008,29.45715220900007],[80.91598801400005,29.45688083400006],[80.91392651400008,29.455652271000076],[80.91316326400005,29.454384021000067],[80.91527901300003,29.451567772000033],[80.91344838900005,29.44569227100004],[80.91448201300005,29.444499584000027],[80.91418620100006,29.441086209000048],[80.91721795100005,29.434582146000025],[80.91766213800008,29.431841521000024],[80.91906038900004,29.430405396000026],[80.92539882700004,29.427618521000056],[80.92828207600007,29.425443209000036],[80.92850451300006,29.42287833300003],[80.92971501400007,29.421031396000046],[80.93190876400007,29.420279083000025],[80.93389888900003,29.417457958000057],[80.93385576400004,29.414971896000054],[80.93272907700003,29.413011022000035],[80.93354170100008,29.410049396000034],[80.93509051300003,29.408049146000053],[80.93619751400007,29.40381764600005],[80.93744951400004,29.400835959000062],[80.94104463900004,29.39779889600004],[80.94308182600008,29.398884896000027],[80.94864295100007,29.400427896000053],[80.95134607600005,29.39990789600006],[80.95573932600007,29.40133058300006],[80.95794420100003,29.40026652100005],[80.96134563900006,29.400109583000074],[80.96307913900006,29.39930477200005],[80.97312570100007,29.40042158400007],[80.97599863900007,29.401987709000025],[80.97900670200005,29.40268977100004],[80.98152745100003,29.404066271000033],[80.98584288800004,29.404233771000065],[80.98857538900006,29.40513183400003],[80.99198701400007,29.407985833000055],[80.99660345100006,29.409459084000048],[80.99817801400008,29.41090289600004],[81.00206707700005,29.412840708000033],[81.00489963800004,29.41611395800004],[81.01017870100003,29.419804271000032],[81.01576863800005,29.421358084000076],[81.01794832600007,29.420992333000072],[81.02396126300005,29.421821583000053],[81.02566320100004,29.42141520900003],[81.02644770200004,29.419664459000046],[81.02789945100005,29.423323209000046],[81.03201082600003,29.43031108400004],[81.03398382700004,29.43302214600004],[81.03887107700007,29.43808983400004],[81.04203963900005,29.43914683400004],[81.04560295100003,29.439639709000062],[81.04955795100005,29.442045333000067],[81.05350645100003,29.441240709000056],[81.06245476400005,29.44080370900008],[81.06561370200006,29.440409647000024],[81.06680445200004,29.440898584000024],[81.06818132600006,29.444099021000056],[81.06621238900004,29.445036208000033],[81.06745213800008,29.446937271000024],[81.07024988800003,29.447687021000036],[81.07589988800004,29.448247896000055],[81.07884570200008,29.447488209000028],[81.08001938800004,29.44946589600005],[81.08207088900008,29.450800146000063],[81.07968807700007,29.451791959000047],[81.08078545100005,29.454721646000053],[81.07723363900004,29.457099209000035],[81.07883401400005,29.460267771000076],[81.08348607600004,29.460725146000073],[81.08945370200007,29.462891459000048],[81.08995538900007,29.46495752100003],[81.09250851400003,29.466755959000068],[81.09303226400004,29.468957334000038],[81.09884057700003,29.474218334000057],[81.10076795200007,29.47539670900005],[81.10448157600007,29.476709021000033],[81.10651807600004,29.47792783400007],[81.11276226400008,29.483384209000064],[81.11777332700007,29.48581164600006],[81.11796663900003,29.48827714600003],[81.11912238800005,29.490405646000056],[81.12150382600004,29.492657146000056],[81.12618482700003,29.494581522000033],[81.13332770100004,29.493218771000045],[81.13517732600008,29.49379895900006],[81.13463632600008,29.49586808400005],[81.13302595200008,29.498125584000036],[81.13327526300003,29.499201396000046],[81.13522901400006,29.500882271000023],[81.13035557600006,29.503147521000074]]]}},{"type":"Feature","properties":{"STATE_CODE":7,"DISTRICT":"ACHHAM","GaPa_NaPa":"Bannigadhi Jayagadh","Type_GN":"Gaunpalika","Province":"Sudur Pashchim","provinceId":"7","provinceCode":"7","provinceName":"Sudurpashchim","districtId":"707","districtName":"Achham","municipalityId":"70707","municipalityCode":"70707","municipalityName":"Bannigadhi Jayagadh Rural Municipality","municipalityNameNe":"बान्नीगढी जयगढ गाउँपालिका","municipalityType":"rural_municipality"},"geometry":{"type":"Polygon","coordinates":[[[81.33948982600003,29.211945833000073],[81.33715457700004,29.21304583400007],[81.33231988900008,29.209432583000023],[81.33004538900008,29.20881333400007],[81.32670132700008,29.212126521000073],[81.32377570200003,29.21320289600004],[81.32206395100008,29.214524521000044],[81.32015482600008,29.21421552100003],[81.31762257700007,29.21510589600007],[81.31466432600007,29.21524602100004],[81.31067632600008,29.21610127100007],[81.30938082700004,29.217157833000044],[81.30431332700005,29.21738827100006],[81.30113301400007,29.214388271000075],[81.29969401400007,29.214775021000037],[81.29622263900006,29.21423908400004],[81.29176113900007,29.212962959000038],[81.28889151400006,29.212840646000075],[81.28359988900007,29.211241209000036],[81.28021213900007,29.21157089600007],[81.27666245200004,29.211230896000075],[81.26921926400007,29.215733146000048],[81.26618188900005,29.215894896000066],[81.26370576400006,29.214798896000048],[81.26060638900003,29.216108896000037],[81.26207807600008,29.217633334000027],[81.26099438900007,29.22030195900004],[81.26142738900006,29.221684021000044],[81.26108145100005,29.225975521000066],[81.25707982700004,29.223763396000038],[81.25318032700005,29.22355427100007],[81.24910870200006,29.22180902100007],[81.24576251400003,29.221713709000028],[81.24313076400006,29.21990020800007],[81.24719020100008,29.21771127100004],[81.24770801400007,29.215307709000058],[81.24722276400007,29.21065683300003],[81.24891476400006,29.205963584000074],[81.24885076300006,29.203669396000066],[81.24783013900003,29.201911646000042],[81.24548363900004,29.201011333000054],[81.24418201400005,29.19726427100005],[81.24850795100008,29.194016771000065],[81.24892188800004,29.192010459000073],[81.24829245100005,29.190881396000066],[81.24875207600007,29.184498396000038],[81.24984026400006,29.181766709000044],[81.24651970200006,29.174616896000032],[81.24656363800005,29.17362195900006],[81.24847695100004,29.171292521000055],[81.25118657600007,29.16953458300003],[81.25374832600005,29.164927583000065],[81.25541307600008,29.16352795800003],[81.25761651400006,29.160699271000055],[81.26071057700005,29.16249808300006],[81.26286745100003,29.163154834000068],[81.26386645200006,29.16456508400006],[81.26388320200005,29.16657964600006],[81.26473501400005,29.16746908300007],[81.26818470100005,29.165535646000023],[81.27157757600008,29.162835146000077],[81.27594145200004,29.163593271000025],[81.27824645100003,29.16454052100005],[81.28387326400008,29.164833271000077],[81.28640532700007,29.163309646000073],[81.28857901400005,29.16598052100005],[81.28981232600006,29.166032021000035],[81.29368563900005,29.163916521000033],[81.29602770200006,29.16403770900007],[81.29875313900004,29.161888458000078],[81.30475576400005,29.16241414600006],[81.30769613900003,29.161739646000058],[81.30948970200006,29.16221827100003],[81.30899038900003,29.166284708000035],[81.31167513900004,29.166677771000025],[81.31523401400005,29.163982584000053],[81.31802663900004,29.164377521000063],[81.32138995100007,29.165790771000047],[81.32340670200006,29.165889708000066],[81.32532632700008,29.163884021000058],[81.32748195100004,29.163409521000062],[81.33037463900007,29.165735083000072],[81.33200295200004,29.165715271000067],[81.33366801400007,29.164344021000034],[81.33605801400006,29.165382521000026],[81.34350582600007,29.167152646000034],[81.34636932600006,29.166766334000044],[81.35115395200006,29.16688014600004],[81.35376032600004,29.167980959000033],[81.35466626300007,29.16757927100008],[81.35983838900006,29.168587396000078],[81.36165370200007,29.167287583000075],[81.36381445100005,29.167545709000024],[81.36419895100005,29.171424896000076],[81.36235513900004,29.175068771000042],[81.36300326400004,29.178626896000026],[81.36267895100008,29.180340021000063],[81.36510263900004,29.18563720800006],[81.36422845100003,29.187974458000042],[81.36166351400004,29.190424646000054],[81.35676120200003,29.192470396000033],[81.35491995100006,29.19386720800003],[81.35000401400004,29.196512834000032],[81.34938620200006,29.197254396000062],[81.34864338900007,29.200744021000048],[81.34621276400003,29.203971834000072],[81.34349157700007,29.206275396000024],[81.34250888900004,29.208274396000036],[81.33948982600003,29.211945833000073]]]}},{"type":"Feature","properties":{"STATE_CODE":7,"DISTRICT":"ACHHAM","GaPa_NaPa":"Chaurpati","Type_GN":"Gaunpalika","Province":"Sudur Pashchim","provinceId":"7","provinceCode":"7","provinceName":"Sudurpashchim","districtId":"707","districtName":"Achham","municipalityId":"70705","municipalityCode":"70705","municipalityName":"Chaurpati Rural Municipality","municipalityNameNe":"चौरपाटी गाउँपालिका","municipalityType":"rural_municipality"},"geometry":{"type":"Polygon","coordinates":[[[81.14068451400004,29.303896146000056],[81.13739857700006,29.304833521000035],[81.13036232600007,29.301409271000068],[81.12577426400009,29.300994083000035],[81.12240507600006,29.29931877100006],[81.12077520200006,29.296570271000064],[81.12083757600004,29.293808959000046],[81.11985957600007,29.291862958000024],[81.11756526300007,29.289568459000066],[81.11590101400003,29.286935021000033],[81.11328363900003,29.283896209000034],[81.11398488900005,29.28069670900004],[81.11361820100007,29.279553271000054],[81.10827507700003,29.27313502100003],[81.10581001400004,29.269642583000063],[81.10183495100006,29.26153552100004],[81.10140463900007,29.259194146000027],[81.10184195200003,29.255902396000067],[81.09983038900003,29.253914209000072],[81.09989738900003,29.25231464600006],[81.09896913900008,29.24848927100004],[81.09960332700007,29.24722545900005],[81.10295838800005,29.24614002100003],[81.10489870100008,29.244956458000047],[81.10795463900007,29.244274958000062],[81.11121988800005,29.242997708000075],[81.11335557600006,29.240327083000068],[81.11460682600006,29.239626646000033],[81.11653782600007,29.236349333000078],[81.11681232600006,29.234289459000024],[81.11529695100006,29.23025033400006],[81.11536907700008,29.227734896000072],[81.11162376400006,29.22284714600005],[81.10885401400003,29.220246021000037],[81.10601007600008,29.218484146000037],[81.10395726400003,29.215760583000076],[81.10136145100006,29.214740521000067],[81.09229095100005,29.21481708400006],[81.09053826400003,29.211804334000078],[81.08815838800007,29.208931833000065],[81.08624626400007,29.208723271000054],[81.08399620100005,29.207542584000066],[81.08132007600005,29.20728027100006],[81.07642751400004,29.205525771000055],[81.07634813900006,29.204208333000054],[81.07390670100006,29.201764209000032],[81.06549263800008,29.198222271000077],[81.06311038900003,29.199236271000075],[81.05849101400008,29.198586396000053],[81.05420876300008,29.198946896000052],[81.04912501400008,29.19755470800004],[81.04781038800007,29.198750834000066],[81.04650107600008,29.198379083000077],[81.04416438900006,29.199602583000058],[81.03898701300005,29.199396646000025],[81.03715707700007,29.19897295900006],[81.03287195200005,29.196528709000063],[81.03188195200005,29.195351333000076],[81.02957951400003,29.19546914600005],[81.02852901400007,29.194770021000068],[81.02994488800005,29.19298070800005],[81.02832276400005,29.191620646000047],[81.02853445100004,29.18896314600005],[81.03204688900007,29.18608602100005],[81.03463426300004,29.186216209000065],[81.03589532600006,29.18838158400007],[81.03720888900006,29.189306208000062],[81.03942107700004,29.18888595800007],[81.04187920100009,29.18701045800003],[81.04297213900009,29.185435459000075],[81.04586307700004,29.18522020900008],[81.04745132600004,29.18318252100005],[81.04580295100004,29.181572334000066],[81.04578051400006,29.177369459000033],[81.04499851400004,29.175388958000042],[81.04622076300006,29.17369883300006],[81.04810457600007,29.172937896000064],[81.05023357600004,29.17122027100004],[81.05120813900004,29.169243709000057],[81.05021670200006,29.166214271000058],[81.05017563900003,29.164382458000034],[81.05113251400007,29.16246452100006],[81.05281682600008,29.16157270800005],[81.05488401400004,29.162014084000077],[81.05917476400003,29.16125420900005],[81.06025538800003,29.158742833000076],[81.06063401400007,29.153470395000056],[81.05707420100003,29.151493521000077],[81.05754701400008,29.148989146000076],[81.05890370100008,29.14794633300005],[81.06107407600007,29.147909208000044],[81.06353426400005,29.14647552100007],[81.06717563800004,29.145571396000037],[81.06829301400006,29.144305209000038],[81.06905282600007,29.14200820800005],[81.06881395200008,29.139797458000032],[81.06673895100005,29.136437083000033],[81.06713895100006,29.135135209000055],[81.06887220100003,29.13462670800004],[81.07243538900008,29.13463839600007],[81.07406938900004,29.132871021000028],[81.07313638900007,29.13078027100005],[81.07499651300003,29.127751646000036],[81.07682457600004,29.12586914600007],[81.08097988800006,29.124079959000028],[81.08327276400007,29.120854708000024],[81.08728088800007,29.118172083000047],[81.09422882700005,29.109337396000058],[81.09848176400004,29.107229458000063],[81.10042801400004,29.105290146000073],[81.10140738900003,29.10320258300004],[81.10367970100003,29.100712521000048],[81.10748451400008,29.099313021000057],[81.10857213900005,29.10240283400003],[81.11244132600007,29.10285314600003],[81.11443632600003,29.101369271000067],[81.11662776400004,29.100997396000025],[81.11833576400005,29.101880271000027],[81.11938438900006,29.103781146000074],[81.12093632700004,29.104271521000044],[81.12488913900006,29.103658834000043],[81.12730820200005,29.105089083000053],[81.13249407600006,29.109722396000052],[81.13461501400008,29.11086858400006],[81.13841351400004,29.11044508300006],[81.14080345100007,29.111410458000023],[81.14243563900004,29.11412270900007],[81.14594545100005,29.115537896000035],[81.14790095200004,29.11803539500005],[81.15422945100005,29.120266208000032],[81.15660563800003,29.12485895800006],[81.15776457600003,29.129331208000053],[81.15924388900004,29.12950539600007],[81.16272607600007,29.128382271000078],[81.16509445100007,29.128765146000035],[81.16548326400004,29.129854333000026],[81.16467513800006,29.131860896000035],[81.16641263900004,29.132129459000055],[81.17215532600005,29.135558084000024],[81.17355963900008,29.138428146000024],[81.18104276300005,29.139356709000026],[81.18416807700004,29.139422396000043],[81.18722182600004,29.142217833000075],[81.19208188900006,29.14299377100008],[81.19581670100007,29.14239283300003],[81.19835351400008,29.143582459000072],[81.19876063900006,29.145970958000078],[81.19855832600007,29.14917702100007],[81.20031457700009,29.15015352100005],[81.20213926400004,29.14947170800008],[81.20381776400006,29.146213771000077],[81.20594645200003,29.145475083000065],[81.20958370100004,29.15029045800003],[81.20890607700005,29.152466271000037],[81.20751276300007,29.154219084000033],[81.20937482600004,29.156760958000064],[81.21167270200004,29.15901558300004],[81.21195051400008,29.161286833000077],[81.21372626400006,29.164074709000033],[81.21628707600007,29.165336208000042],[81.21821738900007,29.166977646000078],[81.21799601400005,29.172157709000032],[81.21521307600005,29.17509952100005],[81.21430001400006,29.17722158400005],[81.21399488900005,29.17974427100006],[81.21457982600003,29.183183584000062],[81.21362338900008,29.184674146000077],[81.21155920200005,29.186220521000052],[81.20949413900007,29.190158146000044],[81.21052382700003,29.19426464600008],[81.20907907600008,29.19455339600006],[81.20508138900004,29.193481209000026],[81.19512788800006,29.19347808400005],[81.18958651400004,29.192960396000046],[81.18832463900003,29.19485039600005],[81.18621532700007,29.196626584000057],[81.18551838900004,29.19869170800007],[81.18408263900005,29.20046908300003],[81.18425463900007,29.203182833000028],[81.18375295100003,29.205227458000024],[81.18518645200004,29.209814083000026],[81.18599157600005,29.210846209000067],[81.19288426400004,29.213735333000045],[81.19527663900004,29.21530202100007],[81.19682326400005,29.21856864600005],[81.19645663900008,29.221856083000034],[81.19887113900006,29.223440709000045],[81.19876463900005,29.22588633400005],[81.19482963900003,29.22559883300005],[81.19102426400008,29.22443127100007],[81.18869820200007,29.224202208000065],[81.18507001300003,29.226932459000068],[81.18215488900006,29.226340896000067],[81.17414945100006,29.225640896000073],[81.17088657600004,29.225586459000056],[81.16755863900005,29.22623820900003],[81.16553682600005,29.22583908400003],[81.16429807600008,29.226454208000064],[81.16247257700007,29.228676334000056],[81.16127720200006,29.231317209000053],[81.16351538800006,29.23424052100006],[81.16462370100004,29.237280146000046],[81.16708007700004,29.23942020800007],[81.16810263800005,29.243608271000028],[81.16784151300004,29.24515845800005],[81.16366726300004,29.246063771000024],[81.16175476400008,29.245723146000046],[81.15986388900006,29.246451833000037],[81.15577776400005,29.24573027100007],[81.15271301400008,29.247457334000046],[81.14940907600004,29.248399583000037],[81.14269276400006,29.248772333000034],[81.14259057700008,29.25020045900004],[81.14090588800008,29.250653458000045],[81.14005520100005,29.252441084000054],[81.13746982600009,29.25252720900005],[81.13454432600008,29.253642396000032],[81.13209207700004,29.25652114600007],[81.13060032600004,29.257573896000054],[81.13033832700006,29.25917583300003],[81.12869520100008,29.260170083000048],[81.12776470100005,29.26291420900003],[81.12879688900006,29.266612958000053],[81.12806638800004,29.267561146000048],[81.12863788900006,29.270071458000075],[81.12623563900007,29.272471834000044],[81.12563032600008,29.27378308300007],[81.12513788900003,29.277754021000078],[81.12517457600006,29.28119427100006],[81.12712682600005,29.28435077100005],[81.12923782700005,29.285539896000046],[81.13210157600008,29.288153959000056],[81.13408701300006,29.28861677100008],[81.13607401400003,29.290284083000074],[81.13762288900006,29.293817583000077],[81.13902932600007,29.29545614600005],[81.14234120100008,29.297194271000023],[81.14237945100007,29.299046334000025],[81.14045157700008,29.30200364600006],[81.14068451400004,29.303896146000056]]]}},{"type":"Feature","properties":{"STATE_CODE":7,"DISTRICT":"ACHHAM","GaPa_NaPa":"Dhakari","Type_GN":"Gaunpalika","Province":"Sudur Pashchim","provinceId":"7","provinceCode":"7","provinceName":"Sudurpashchim","districtId":"707","districtName":"Achham","municipalityId":"70709","municipalityCode":"70709","municipalityName":"Dhakari Rural Municipality","municipalityNameNe":"ढकारी गाउँपालिका","municipalityType":"rural_municipality"},"geometry":{"type":"Polygon","coordinates":[[[81.25236888900008,29.045507083000075],[81.25021270200006,29.04862670800003],[81.24691051400004,29.04994577100007],[81.24418738900005,29.04564408300007],[81.24119807700004,29.04639620900008],[81.24063620100003,29.04435777100008],[81.23697520200005,29.044840271000055],[81.23543807600004,29.04276520800005],[81.23215670100006,29.04178733400005],[81.23009882600007,29.042294021000032],[81.22888813900005,29.039877583000077],[81.22765413900004,29.03871102100004],[81.22406301400008,29.039064521000057],[81.22215888800008,29.03824645800006],[81.21936782600005,29.03983252100005],[81.21635713900008,29.03974720800005],[81.21229395200004,29.04049139600005],[81.20712751400004,29.03773808400007],[81.20189570100007,29.03621195900007],[81.19953226400008,29.034731021000027],[81.19946207600003,29.03294439600006],[81.19827220200006,29.02907477100007],[81.19690176300008,29.028221771000062],[81.19470445100006,29.028439396000067],[81.19377195100003,29.027224646000036],[81.19405651400007,29.025306646000047],[81.19275995100008,29.02465427100003],[81.18986145100007,29.02510058300004],[81.18559020100008,29.028429646000063],[81.18344732700007,29.02929439600007],[81.17955638900008,29.029150771000047],[81.17756932600008,29.02663339600008],[81.17360907700004,29.02601820800004],[81.16569726300008,29.026752333000047],[81.16117826400006,29.026669896000044],[81.15619526400008,29.023806084000057],[81.15124395100008,29.023098833000063],[81.14902376400005,29.023656333000076],[81.14637145200004,29.02341108400003],[81.14581032600006,29.021160146000057],[81.14600463800008,29.018795646000058],[81.14726357700005,29.014232583000023],[81.14866307600005,29.011760708000054],[81.14906170100005,29.009427521000077],[81.15073282600008,29.008083271000032],[81.15187163900003,29.006029021000074],[81.14968320100007,29.00323177100006],[81.14871213900005,29.00099483300005],[81.14891901400006,28.998066270000038],[81.14700470100007,28.993387146000032],[81.14496807600005,28.990370771000073],[81.14336251400005,28.98948589500003],[81.14032482600004,28.989687583000034],[81.13816713900007,28.989272459000063],[81.13681076300008,28.987893146000033],[81.13612220100003,28.985752896000065],[81.13354701400004,28.980823771000075],[81.13104476400008,28.980417896000063],[81.12622432600006,28.97815289600004],[81.12106170100003,28.974333646000048],[81.11892313900006,28.974022020000064],[81.11009557600005,28.977661709000074],[81.10781626400006,28.978017770000065],[81.10681670100007,28.976897334000057],[81.10743732600008,28.973460896000063],[81.10421232700008,28.970968208000045],[81.10371276300003,28.969811271000026],[81.10553676400008,28.965588771000057],[81.10808245100003,28.96600639500008],[81.11423195200007,28.96570802100007],[81.11860120100005,28.96448595800007],[81.12244257600008,28.962544583000067],[81.12598432600004,28.959807021000074],[81.12904457600007,28.956564333000074],[81.13130563900006,28.952298271000075],[81.13311563900004,28.949783271000058],[81.13642326400003,28.947083958000064],[81.14340276400003,28.945668958000056],[81.14437038900007,28.94497764500005],[81.14638813900007,28.940916771000047],[81.14854957600005,28.93815752100005],[81.15241670200004,28.935563208000076],[81.15713445100005,28.93361308300007],[81.15936645100004,28.931546208000043],[81.16216907600005,28.92814745800007],[81.16587851400004,28.92579889500007],[81.17050176300006,28.92136670800005],[81.17450870100004,28.91929964600007],[81.17831470100003,28.91848914600007],[81.18540626400005,28.915021083000056],[81.18735913900008,28.91480845800004],[81.18905220100004,28.915530395000076],[81.19591957600005,28.916210834000026],[81.20022688900008,28.913398021000035],[81.20284413900004,28.90967839600006],[81.20593088900006,28.90801777100006],[81.20905501400006,28.907600083000034],[81.21157926400008,28.90789170800008],[81.21979438900007,28.90617745800006],[81.23446920200007,28.905778208000072],[81.23836038900004,28.905899959000067],[81.23964563900006,28.906477520000067],[81.24079151400008,28.908465333000038],[81.24201307600003,28.91291883300005],[81.24371701400008,28.914585271000078],[81.24566470100007,28.915084833000037],[81.25017801400008,28.914776458000063],[81.25344970100008,28.91364002000006],[81.25604970100005,28.910724833000074],[81.25755488900006,28.908125208000058],[81.26216932700004,28.903466583000068],[81.26461932600006,28.902270583000075],[81.26920138900005,28.903143646000046],[81.27355638900008,28.90663402100006],[81.27491007600008,28.90927533300004],[81.27576570100007,28.913088584000036],[81.27751432600007,28.91618258400007],[81.28344520200005,28.918681208000066],[81.28524545100004,28.921547083000064],[81.28830188900008,28.92281520800003],[81.29144745200006,28.922246708000046],[81.29343082600008,28.922625958000026],[81.29898257600007,28.92457870800007],[81.29730320100003,28.926044396000066],[81.29812782600004,28.927883458000053],[81.29709601400003,28.930056083000068],[81.29985513900004,28.937955146000036],[81.30006020100006,28.94014302100004],[81.30269876400007,28.94409870800007],[81.30437020200003,28.945331271000043],[81.30526763900008,28.946978396000077],[81.30525432600007,28.94921414500004],[81.30639138900005,28.95207220800006],[81.30849282600008,28.95466639600005],[81.31008382600004,28.955720708000058],[81.31244588900006,28.95960470800003],[81.31493788900008,28.96165645800005],[81.31600888900005,28.963345958000048],[81.32097388900007,28.96739277100005],[81.32509526400008,28.968167959000027],[81.32560626300005,28.97037764600003],[81.32693801400006,28.971464083000058],[81.32824607700007,28.975796958000046],[81.32787970200008,28.976991333000058],[81.32909263900007,28.97900977100005],[81.33350020100005,28.982256583000037],[81.33736176400004,28.987002645000075],[81.33797220200006,28.988871334000066],[81.33732363900003,28.990269459000046],[81.33933582600008,28.990970521000065],[81.33888320100004,28.995980021000037],[81.33918051400008,28.999999521000063],[81.33777657700006,29.00112652100006],[81.33898320200007,29.004214208000064],[81.33904757700003,29.00603920800006],[81.33104976400006,29.00703145800003],[81.32879713900007,29.008070271000065],[81.32566801400003,29.008312458000034],[81.31870188900007,29.01228395800007],[81.31822051400007,29.015177334000043],[81.31927651400008,29.01698639500006],[81.31714351400007,29.01865639600004],[81.31379613900003,29.018973333000076],[81.31235807600007,29.01664395800003],[81.31045445100006,29.017571084000053],[81.30675995100006,29.018100709000066],[81.30605607700005,29.01657952100004],[81.30268095200006,29.020171959000038],[81.30222220200005,29.021946209000077],[81.30010388900007,29.024615270000027],[81.29805645100004,29.025393646000055],[81.29310138900007,29.026444583000057],[81.29114720100006,29.028255896000076],[81.29039895100004,29.030560895000065],[81.28459870200004,29.033379771000057],[81.28034382600003,29.03438139600007],[81.27817345100004,29.03804514600006],[81.27502457700007,29.03894495800006],[81.27271820100003,29.03834508400007],[81.26923526400003,29.03989070800003],[81.26748313900003,29.039670896000075],[81.26495457700008,29.041273146000037],[81.26463538900003,29.04370127100003],[81.26318882700008,29.043512333000024],[81.26195095100007,29.04514583300005],[81.25993657700008,29.04531220900003],[81.25704388900004,29.043571583000073],[81.25236888900008,29.045507083000075]]]}},{"type":"Feature","properties":{"STATE_CODE":7,"DISTRICT":"ACHHAM","GaPa_NaPa":"Kamalbazar","Type_GN":"Nagarpalika","Province":"Sudur Pashchim","provinceId":"7","provinceCode":"7","provinceName":"Sudurpashchim","districtId":"707","districtName":"Achham","municipalityId":"70708","municipalityCode":"70708","municipalityName":"Kamal bazar Urban Municipality","municipalityNameNe":"कमलबजार नगरपालिका","municipalityType":"municipality"},"geometry":{"type":"Polygon","coordinates":[[[81.36953601400006,29.123306395000043],[81.36734388900004,29.122626584000045],[81.36343951400005,29.12218602100006],[81.36182951400008,29.11934108400004],[81.36072307600006,29.11923352100007],[81.35500013900008,29.117019896000045],[81.35309663900006,29.119344084000033],[81.35080120100008,29.120372083000063],[81.34989988900008,29.122596521000048],[81.34743432700003,29.12461752100006],[81.34548770100008,29.121270208000055],[81.34427295200004,29.118144271000062],[81.34233163800008,29.115715084000044],[81.33589557600004,29.11465295800008],[81.33290045100006,29.113018083000043],[81.33034807700005,29.11383427100003],[81.32785676400005,29.113465896000037],[81.32485738900004,29.113685271000065],[81.32217620200004,29.11442495800003],[81.31797170200008,29.116887208000037],[81.31568738900006,29.11720845800005],[81.31335307700004,29.11651683300005],[81.30868007700008,29.116854771000078],[81.30607670100005,29.11963789600003],[81.30152276400008,29.12166508400003],[81.29932613800008,29.119515458000024],[81.29654482700005,29.118109521000065],[81.29835213900003,29.11472370900003],[81.29826701400003,29.113056708000045],[81.30035520200005,29.111339771000075],[81.30018388900004,29.106514583000035],[81.30118901400004,29.104554146000055],[81.30205107700004,29.100430521000078],[81.30143120200006,29.098146646000032],[81.29968526400006,29.095580959000074],[81.29970970100004,29.093818959000032],[81.29866207700007,29.09105095800004],[81.29968263900008,29.090450833000034],[81.29968695200006,29.08616445900003],[81.29931232600006,29.083403959000066],[81.29963707700006,29.080709584000033],[81.29899657700008,29.07857908300008],[81.29598170100007,29.076898270000072],[81.29155682600003,29.075105459000042],[81.28740745200008,29.074701520000076],[81.28437338900005,29.07220383300006],[81.28119520200005,29.06648933300005],[81.27891182600007,29.06581502100005],[81.27479632700005,29.067382396000028],[81.27254557600008,29.06739827100006],[81.26956145100007,29.06587477100004],[81.26714345100004,29.065523146000032],[81.26201026400008,29.065806208000026],[81.25976613900008,29.065415771000062],[81.25642901400005,29.06303758300004],[81.25445045200007,29.062247271000047],[81.25157707600005,29.06200227100004],[81.25127732700008,29.05910383400004],[81.25258532600003,29.057145458000036],[81.25735326400007,29.05262220800006],[81.25554313800006,29.050818520000064],[81.25438020100006,29.047757084000068],[81.25236888900008,29.045507083000075],[81.25704388900004,29.043571583000073],[81.25993657700008,29.04531220900003],[81.26195095100007,29.04514583300005],[81.26318882700008,29.043512333000024],[81.26463538900003,29.04370127100003],[81.26495457700008,29.041273146000037],[81.26748313900003,29.039670896000075],[81.26923526400003,29.03989070800003],[81.27271820100003,29.03834508400007],[81.27502457700007,29.03894495800006],[81.27817345100004,29.03804514600006],[81.28034382600003,29.03438139600007],[81.28459870200004,29.033379771000057],[81.29039895100004,29.030560895000065],[81.29114720100006,29.028255896000076],[81.29310138900007,29.026444583000057],[81.29805645100004,29.025393646000055],[81.30010388900007,29.024615270000027],[81.30222220200005,29.021946209000077],[81.30268095200006,29.020171959000038],[81.30605607700005,29.01657952100004],[81.30675995100006,29.018100709000066],[81.31045445100006,29.017571084000053],[81.31235807600007,29.01664395800003],[81.31379613900003,29.018973333000076],[81.31714351400007,29.01865639600004],[81.31927651400008,29.01698639500006],[81.31822051400007,29.015177334000043],[81.31870188900007,29.01228395800007],[81.32566801400003,29.008312458000034],[81.32879713900007,29.008070271000065],[81.33104976400006,29.00703145800003],[81.33904757700003,29.00603920800006],[81.34036082600005,29.010112458000037],[81.34201613900007,29.013587021000035],[81.34402820100007,29.01508439500003],[81.34497638900007,29.016755958000033],[81.34941995100007,29.019237333000035],[81.35250751400008,29.019888021000042],[81.35998101400008,29.018489834000036],[81.36154932700003,29.017955458000074],[81.36610026400007,29.01781677100007],[81.36939588900003,29.019035021000036],[81.37032370200006,29.020627520000062],[81.37407070100005,29.02208120800003],[81.37707488800004,29.024642396000047],[81.37951163900004,29.02414827100006],[81.38166376400005,29.022170396000035],[81.38448582700005,29.02091708300003],[81.39117445100004,29.01907033300006],[81.39363838900005,29.017853959000036],[81.39811257700006,29.016609020000033],[81.39940138900005,29.014180021000072],[81.40195501400007,29.01280752100007],[81.40442745200005,29.01005002100004],[81.40563588900005,29.009620020000057],[81.41072845200006,29.00992039600004],[81.41631870100008,29.008718771000076],[81.41788632600003,29.00923277100003],[81.41666682700009,29.01377108300005],[81.41713763900003,29.01708602000008],[81.42076045200008,29.02243720900003],[81.42728995100003,29.02292870900004],[81.42929826400007,29.025816771000052],[81.42056695200006,29.02962089600004],[81.41665207600005,29.03390820800007],[81.40906888900008,29.03768089600004],[81.40753845200004,29.039711521000072],[81.40583651400004,29.040416021000055],[81.40477032700005,29.043022646000054],[81.40326938900006,29.04408520900006],[81.40219788900004,29.04683170900006],[81.40230951400008,29.053087271000038],[81.40310388900008,29.054521958000066],[81.40313263900003,29.056624459000034],[81.40540388900007,29.058794645000035],[81.40694520100004,29.06584214600008],[81.40617938900004,29.06928483300004],[81.40475076400008,29.07039233300003],[81.40192851500007,29.068747209000037],[81.40036026400008,29.066951583000048],[81.39834701400008,29.066801958000042],[81.39573207600006,29.065419958000064],[81.39344470100008,29.066078708000077],[81.39339282600008,29.06814758400003],[81.39189945100009,29.070500396000057],[81.39043395200008,29.07141608300003],[81.38677563900006,29.076890708000064],[81.38442576400007,29.07811339600005],[81.38337682700006,29.07988739600006],[81.38328863900006,29.082091709000053],[81.38047588900008,29.084759521000024],[81.37862832600007,29.08944589600003],[81.37660888900007,29.08945827100007],[81.37387238900004,29.091478333000055],[81.37396676400004,29.092741458000035],[81.37166176400007,29.09762752100005],[81.36782295100005,29.102190646000054],[81.36915795200008,29.104842271000052],[81.36939426400005,29.10897008300003],[81.37113370100008,29.11225445900004],[81.37028088900007,29.11497752100007],[81.37008645100008,29.12221752100004],[81.36953601400006,29.123306395000043]]]}},{"type":"Feature","properties":{"STATE_CODE":7,"DISTRICT":"ACHHAM","GaPa_NaPa":"Mangalsen","Type_GN":"Nagarpalika","Province":"Sudur Pashchim","provinceId":"7","provinceCode":"7","provinceName":"Sudurpashchim","districtId":"707","districtName":"Achham","municipalityId":"70706","municipalityCode":"70706","municipalityName":"Mangalsen Urban Municipality","municipalityNameNe":"मंगलसेन नगरपालिका","municipalityType":"municipality"},"geometry":{"type":"Polygon","coordinates":[[[81.34743432700003,29.12461752100006],[81.34671795200006,29.12630233300007],[81.34681045200006,29.130132771000035],[81.34493463900003,29.13645208300005],[81.34650532600006,29.14200445800003],[81.34848476400003,29.14620670800008],[81.34951245100007,29.150300833000074],[81.35063232600004,29.152375583000037],[81.35103501400005,29.156290958000056],[81.35244001400008,29.158101083000076],[81.35240576400008,29.160675208000043],[81.35371595100008,29.16311495800005],[81.35466626300007,29.16757927100008],[81.35376032600004,29.167980959000033],[81.35115395200006,29.16688014600004],[81.34636932600006,29.166766334000044],[81.34350582600007,29.167152646000034],[81.33605801400006,29.165382521000026],[81.33366801400007,29.164344021000034],[81.33200295200004,29.165715271000067],[81.33037463900007,29.165735083000072],[81.32748195100004,29.163409521000062],[81.32532632700008,29.163884021000058],[81.32340670200006,29.165889708000066],[81.32138995100007,29.165790771000047],[81.31802663900004,29.164377521000063],[81.31523401400005,29.163982584000053],[81.31167513900004,29.166677771000025],[81.30899038900003,29.166284708000035],[81.30948970200006,29.16221827100003],[81.30769613900003,29.161739646000058],[81.30475576400005,29.16241414600006],[81.29875313900004,29.161888458000078],[81.29602770200006,29.16403770900007],[81.29368563900005,29.163916521000033],[81.28981232600006,29.166032021000035],[81.28857901400005,29.16598052100005],[81.28640532700007,29.163309646000073],[81.28387326400008,29.164833271000077],[81.27824645100003,29.16454052100005],[81.27594145200004,29.163593271000025],[81.27157757600008,29.162835146000077],[81.26818470100005,29.165535646000023],[81.26473501400005,29.16746908300007],[81.26388320200005,29.16657964600006],[81.26386645200006,29.16456508400006],[81.26286745100003,29.163154834000068],[81.26071057700005,29.16249808300006],[81.25761651400006,29.160699271000055],[81.25597907700006,29.160104584000067],[81.25330088900006,29.16275589600008],[81.24867832600006,29.162967583000068],[81.24598582600004,29.163897521000024],[81.24327076400004,29.163724271000035],[81.23971057700004,29.162253021000026],[81.23836288800004,29.162731458000053],[81.23707695100006,29.16505964600003],[81.23477126400007,29.16673764600006],[81.23373007600009,29.16595433300006],[81.23321332600005,29.163491771000054],[81.22997645100008,29.163434146000043],[81.22895757700007,29.162269584000057],[81.22663357600004,29.162077271000044],[81.22419945200005,29.162801021000064],[81.22304913900007,29.16218933400006],[81.22324807600006,29.160413520000077],[81.21996732600007,29.16069870800004],[81.21936351400007,29.15850464600004],[81.21614845100004,29.158636209000065],[81.21378320200006,29.157430771000065],[81.21167270200004,29.15901558300004],[81.20937482600004,29.156760958000064],[81.20751276300007,29.154219084000033],[81.20890607700005,29.152466271000037],[81.20958370100004,29.15029045800003],[81.20594645200003,29.145475083000065],[81.20381776400006,29.146213771000077],[81.20213926400004,29.14947170800008],[81.20031457700009,29.15015352100005],[81.19855832600007,29.14917702100007],[81.19876063900006,29.145970958000078],[81.19835351400008,29.143582459000072],[81.19581670100007,29.14239283300003],[81.19208188900006,29.14299377100008],[81.18722182600004,29.142217833000075],[81.18416807700004,29.139422396000043],[81.18104276300005,29.139356709000026],[81.17355963900008,29.138428146000024],[81.17215532600005,29.135558084000024],[81.16641263900004,29.132129459000055],[81.16467513800006,29.131860896000035],[81.16548326400004,29.129854333000026],[81.16509445100007,29.128765146000035],[81.16272607600007,29.128382271000078],[81.15924388900004,29.12950539600007],[81.15776457600003,29.129331208000053],[81.15660563800003,29.12485895800006],[81.15422945100005,29.120266208000032],[81.14790095200004,29.11803539500005],[81.14594545100005,29.115537896000035],[81.14243563900004,29.11412270900007],[81.14080345100007,29.111410458000023],[81.13841351400004,29.11044508300006],[81.13461501400008,29.11086858400006],[81.13249407600006,29.109722396000052],[81.12730820200005,29.105089083000053],[81.12488913900006,29.103658834000043],[81.12093632700004,29.104271521000044],[81.11938438900006,29.103781146000074],[81.11833576400005,29.101880271000027],[81.11662776400004,29.100997396000025],[81.11443632600003,29.101369271000067],[81.11244132600007,29.10285314600003],[81.10857213900005,29.10240283400003],[81.10748451400008,29.099313021000057],[81.11035070100007,29.098130833000027],[81.11139776400006,29.09667708300003],[81.11093907600008,29.094087583000032],[81.11080376400008,29.086757958000078],[81.11118620100007,29.08531152100005],[81.11321145100004,29.08417502100008],[81.11530295100005,29.085165896000035],[81.11706157600008,29.08505608400003],[81.11928007600005,29.083955458000048],[81.12882807600005,29.082857021000052],[81.13030470200005,29.081213208000065],[81.12974695100007,29.07830345800005],[81.12643076400008,29.074202958000058],[81.12435288900008,29.07453202000005],[81.12261813900005,29.073746334000077],[81.12126132600008,29.07221345800008],[81.12229045200007,29.07029714600003],[81.12308995100005,29.065294833000053],[81.12456226400008,29.062845709000044],[81.13282520100006,29.05967483300003],[81.13333926400009,29.058814833000042],[81.13293651400005,29.055113083000037],[81.13345026300004,29.05231514600007],[81.13721013800006,29.048866333000035],[81.13818438900006,29.044168396000032],[81.13804863800004,29.04255320900006],[81.14083813900004,29.038762458000065],[81.14416157700003,29.037398520000067],[81.14637832600005,29.035334146000025],[81.14681863900006,29.03374089500005],[81.14681813900006,29.028398646000028],[81.14637145200004,29.02341108400003],[81.14902376400005,29.023656333000076],[81.15124395100008,29.023098833000063],[81.15619526400008,29.023806084000057],[81.16117826400006,29.026669896000044],[81.16569726300008,29.026752333000047],[81.17360907700004,29.02601820800004],[81.17756932600008,29.02663339600008],[81.17955638900008,29.029150771000047],[81.18344732700007,29.02929439600007],[81.18559020100008,29.028429646000063],[81.18986145100007,29.02510058300004],[81.19275995100008,29.02465427100003],[81.19405651400007,29.025306646000047],[81.19377195100003,29.027224646000036],[81.19470445100006,29.028439396000067],[81.19690176300008,29.028221771000062],[81.19827220200006,29.02907477100007],[81.19946207600003,29.03294439600006],[81.19953226400008,29.034731021000027],[81.20189570100007,29.03621195900007],[81.20712751400004,29.03773808400007],[81.21229395200004,29.04049139600005],[81.21635713900008,29.03974720800005],[81.21936782600005,29.03983252100005],[81.22215888800008,29.03824645800006],[81.22406301400008,29.039064521000057],[81.22765413900004,29.03871102100004],[81.22888813900005,29.039877583000077],[81.23009882600007,29.042294021000032],[81.23215670100006,29.04178733400005],[81.23543807600004,29.04276520800005],[81.23697520200005,29.044840271000055],[81.24063620100003,29.04435777100008],[81.24119807700004,29.04639620900008],[81.24418738900005,29.04564408300007],[81.24691051400004,29.04994577100007],[81.25021270200006,29.04862670800003],[81.25236888900008,29.045507083000075],[81.25438020100006,29.047757084000068],[81.25554313800006,29.050818520000064],[81.25735326400007,29.05262220800006],[81.25258532600003,29.057145458000036],[81.25127732700008,29.05910383400004],[81.25157707600005,29.06200227100004],[81.25445045200007,29.062247271000047],[81.25642901400005,29.06303758300004],[81.25976613900008,29.065415771000062],[81.26201026400008,29.065806208000026],[81.26714345100004,29.065523146000032],[81.26956145100007,29.06587477100004],[81.27254557600008,29.06739827100006],[81.27479632700005,29.067382396000028],[81.27891182600007,29.06581502100005],[81.28119520200005,29.06648933300005],[81.28437338900005,29.07220383300006],[81.28740745200008,29.074701520000076],[81.29155682600003,29.075105459000042],[81.29598170100007,29.076898270000072],[81.29899657700008,29.07857908300008],[81.29963707700006,29.080709584000033],[81.29931232600006,29.083403959000066],[81.29968695200006,29.08616445900003],[81.29968263900008,29.090450833000034],[81.29866207700007,29.09105095800004],[81.29970970100004,29.093818959000032],[81.29968526400006,29.095580959000074],[81.30143120200006,29.098146646000032],[81.30205107700004,29.100430521000078],[81.30118901400004,29.104554146000055],[81.30018388900004,29.106514583000035],[81.30035520200005,29.111339771000075],[81.29826701400003,29.113056708000045],[81.29835213900003,29.11472370900003],[81.29654482700005,29.118109521000065],[81.29932613800008,29.119515458000024],[81.30152276400008,29.12166508400003],[81.30607670100005,29.11963789600003],[81.30868007700008,29.116854771000078],[81.31335307700004,29.11651683300005],[81.31568738900006,29.11720845800005],[81.31797170200008,29.116887208000037],[81.32217620200004,29.11442495800003],[81.32485738900004,29.113685271000065],[81.32785676400005,29.113465896000037],[81.33034807700005,29.11383427100003],[81.33290045100006,29.113018083000043],[81.33589557600004,29.11465295800008],[81.34233163800008,29.115715084000044],[81.34427295200004,29.118144271000062],[81.34548770100008,29.121270208000055],[81.34743432700003,29.12461752100006]]]}},{"type":"Feature","properties":{"STATE_CODE":7,"DISTRICT":"ACHHAM","GaPa_NaPa":"Mellekh","Type_GN":"Gaunpalika","Province":"Sudur Pashchim","provinceId":"7","provinceCode":"7","provinceName":"Sudurpashchim","districtId":"707","districtName":"Achham","municipalityId":"70703","municipalityCode":"70703","municipalityName":"Mellekh Rural Municipality","municipalityNameNe":"मेल्लेख गाउँपालिका","municipalityType":"rural_municipality"},"geometry":{"type":"Polygon","coordinates":[[[81.41604501500007,29.278482458000042],[81.41566213900006,29.279415334000078],[81.41234901400009,29.28083777100005],[81.40694338900005,29.284138958000028],[81.40308851500004,29.28478902100005],[81.39855163900006,29.28446652100007],[81.39732845100008,29.285733521000054],[81.39646232700005,29.289704209000035],[81.39472107700004,29.29296464600003],[81.39140670100005,29.296615459000066],[81.38957801400005,29.29998889600006],[81.38802170100007,29.30122289600007],[81.38380101400008,29.302685584000074],[81.38361632700008,29.300446021000027],[81.38451132600005,29.296667021000076],[81.38177432600008,29.295307833000038],[81.37904576400007,29.292739334000032],[81.37508951400008,29.292035396000074],[81.37353020100005,29.290695208000045],[81.37072463900006,29.286294958000042],[81.36829732700005,29.284528521000027],[81.36655820200008,29.284118271000068],[81.36009638900003,29.28409970900003],[81.35922732600005,29.28542402100004],[81.35710126400005,29.283988271000055],[81.35492470200006,29.286191271000064],[81.35243038900006,29.28656333400005],[81.35040126500007,29.289203583000074],[81.35021957600003,29.290826021000044],[81.34535976400008,29.29169820800007],[81.34358013900004,29.295921333000024],[81.34163582600007,29.29903495900004],[81.34222726400003,29.301785709000058],[81.33864845100004,29.301603084000078],[81.33567845200008,29.30303402100003],[81.33397888900004,29.30496039600007],[81.33396738900007,29.307759958000076],[81.33159020100004,29.312505646000034],[81.33177870100008,29.314063959000066],[81.32831082700005,29.314911709000057],[81.32410557700007,29.313983459000042],[81.32250951400005,29.31578308400003],[81.32183057600008,29.31823689600003],[81.31929445100008,29.31889945900008],[81.31900826400005,29.320623646000058],[81.31978176400008,29.321842271000037],[81.31874557700007,29.323085459000026],[81.31448345100006,29.324252896000075],[81.31055276400008,29.324801209000043],[81.31021513900004,29.32317770900005],[81.30806651400007,29.321359958000073],[81.30579526400004,29.320271021000053],[81.30475488900004,29.322531583000057],[81.30363557600003,29.32140620800004],[81.30324557600005,29.31900683400005],[81.30087295100003,29.318209084000046],[81.30114670200004,29.31587358400003],[81.30055732600005,29.314803333000043],[81.29790663900008,29.314831833000028],[81.29673176400007,29.313783209000064],[81.29682345200007,29.31033370800003],[81.29361032600008,29.309625708000056],[81.28835938800006,29.309201709000035],[81.28509576400006,29.308572584000046],[81.28101726400007,29.30834658300006],[81.27882113900006,29.30674270800006],[81.27685332700008,29.304590146000066],[81.27297695100003,29.303594271000065],[81.27111170200004,29.301698583000075],[81.26982113900004,29.301786896000067],[81.26494782600008,29.30311414600004],[81.25949957600005,29.29676983300004],[81.25776582700007,29.29404583400003],[81.25574832700005,29.292851833000043],[81.25462888900006,29.291055958000072],[81.25447832700007,29.288455146000047],[81.25364495200006,29.28602939600006],[81.25212957700006,29.284092146000035],[81.24869307600005,29.281129708000037],[81.24713413900008,29.276805771000056],[81.24272576400006,29.276737146000073],[81.24167688900008,29.275789334000024],[81.24142795200004,29.273727833000066],[81.23908420100008,29.27360802100003],[81.23606001400003,29.272582396000075],[81.23499176400009,29.270168209000076],[81.23268126400006,29.269339771000034],[81.23154513800006,29.26715352100007],[81.23156420100008,29.264746396000078],[81.23361632700005,29.261469459000068],[81.23310726400007,29.258217271000035],[81.24087145100003,29.259866146000036],[81.24856413900005,29.252842834000035],[81.25000032700007,29.253239458000053],[81.25206563900008,29.252265521000027],[81.25411857600005,29.25226164600008],[81.25518770100007,29.251321146000066],[81.25724257600007,29.252099959000077],[81.26122732600004,29.25000102100006],[81.26371420100008,29.249463771000023],[81.26828695200004,29.24579777100007],[81.26925945100004,29.24289920900003],[81.26832707600005,29.240956459000074],[81.26677495200005,29.23981352100003],[81.26416301400008,29.239902208000046],[81.26160588900007,29.240816333000055],[81.25843432600004,29.239311083000075],[81.25702301400008,29.238093271000025],[81.25524713900006,29.23794102100004],[81.25412476400004,29.23628502100007],[81.25735845100007,29.23338902100005],[81.25996832600003,29.23022108300006],[81.26108145100005,29.225975521000066],[81.26142738900006,29.221684021000044],[81.26099438900007,29.22030195900004],[81.26207807600008,29.217633334000027],[81.26060638900003,29.216108896000037],[81.26370576400006,29.214798896000048],[81.26618188900005,29.215894896000066],[81.26921926400007,29.215733146000048],[81.27666245200004,29.211230896000075],[81.28021213900007,29.21157089600007],[81.28359988900007,29.211241209000036],[81.28889151400006,29.212840646000075],[81.29176113900007,29.212962959000038],[81.29622263900006,29.21423908400004],[81.29969401400007,29.214775021000037],[81.30113301400007,29.214388271000075],[81.30431332700005,29.21738827100006],[81.30938082700004,29.217157833000044],[81.31067632600008,29.21610127100007],[81.31466432600007,29.21524602100004],[81.31762257700007,29.21510589600007],[81.32015482600008,29.21421552100003],[81.32206395100008,29.214524521000044],[81.32377570200003,29.21320289600004],[81.32670132700008,29.212126521000073],[81.33004538900008,29.20881333400007],[81.33231988900008,29.209432583000023],[81.33715457700004,29.21304583400007],[81.33948982600003,29.211945833000073],[81.34191307700007,29.214125583000055],[81.34807413900006,29.217392146000066],[81.35114582600005,29.219770896000057],[81.35302120200004,29.220686396000076],[81.35612132600005,29.220831584000052],[81.35751163900005,29.222391208000033],[81.36114970100004,29.224617083000055],[81.36336913900004,29.227532521000057],[81.36517988900005,29.228463771000065],[81.36811026400005,29.228354271000057],[81.37260138900007,29.23184302100003],[81.37380626400005,29.230937271000073],[81.37566763900008,29.23106514600005],[81.37869526400004,29.23342539600003],[81.37999088900006,29.233586396000078],[81.38458376400007,29.236264583000036],[81.38609851400008,29.236201583000025],[81.39086401400004,29.23836920900004],[81.39350732600008,29.241822021000075],[81.39570607700006,29.24336089600007],[81.39670420200008,29.244871646000036],[81.39862088900009,29.245265208000035],[81.39932895200008,29.248245458000042],[81.40027213900004,29.250000021000062],[81.40010995100005,29.25245033400006],[81.40231470200007,29.25344089600003],[81.40528326400005,29.253885396000044],[81.40956007700004,29.260310771000036],[81.40889364000003,29.26271308400004],[81.41091213900006,29.268046646000073],[81.41379726400004,29.272400709000067],[81.41413163900006,29.275409083000056],[81.41604501500007,29.278482458000042]]]}},{"type":"Feature","properties":{"STATE_CODE":7,"DISTRICT":"ACHHAM","GaPa_NaPa":"Panchadewal Binayak","Type_GN":"Nagarpalika","Province":"Sudur Pashchim","provinceId":"7","provinceCode":"7","provinceName":"Sudurpashchim","districtId":"707","districtName":"Achham","municipalityId":"70701","municipalityCode":"70701","municipalityName":"Panchdebal Binayak Urban Municipality","municipalityNameNe":"पंचदेवल बिनायक नगरपालिका","municipalityType":"municipality"},"geometry":{"type":"Polygon","coordinates":[[[81.48908513900005,29.172949146000065],[81.48473207700005,29.171065459000033],[81.48303907700006,29.17072870900006],[81.48064426400003,29.171199771000033],[81.47940382600007,29.169785208000064],[81.47600801500005,29.170020584000042],[81.47232295100008,29.171238396000035],[81.47164226400008,29.170776084000067],[81.46533863900004,29.169336333000047],[81.46275970100004,29.16702377100006],[81.45901513900003,29.16151414600006],[81.45396482700005,29.15341214600005],[81.45210232600004,29.151832584000033],[81.45109963900006,29.15012820800007],[81.44754089000008,29.149842396000054],[81.44371807600004,29.14777733300008],[81.44038595200004,29.143969021000032],[81.43831782600006,29.140483583000048],[81.43683013900005,29.14220295800004],[81.43143357700006,29.14590439600005],[81.43221388900008,29.148895521000043],[81.42970457700005,29.151134771000045],[81.42848195200008,29.152846458000056],[81.42400220100006,29.152989271000024],[81.42294601400005,29.15222783300004],[81.41590113900008,29.150537646000032],[81.41353007700008,29.148737958000027],[81.41136063900007,29.143476958000065],[81.41118163900006,29.13966945800007],[81.41015551400005,29.137048896000067],[81.40851407700006,29.135240146000058],[81.40821338900008,29.13198120800007],[81.40476620100003,29.13015302100007],[81.39870870200008,29.13002227100003],[81.39536188900007,29.129350896000062],[81.39177601400007,29.129656958000055],[81.38647226400008,29.129063270000074],[81.38180057700004,29.13019333300008],[81.37872395100004,29.129058334000035],[81.37651301400007,29.128917896000075],[81.37293757600008,29.130879271000026],[81.37060301400004,29.130315021000058],[81.36952176400007,29.12866208300005],[81.36994245100004,29.12523864600007],[81.36953601400006,29.123306395000043],[81.37008645100008,29.12221752100004],[81.37028088900007,29.11497752100007],[81.37113370100008,29.11225445900004],[81.36939426400005,29.10897008300003],[81.36915795200008,29.104842271000052],[81.36782295100005,29.102190646000054],[81.37166176400007,29.09762752100005],[81.37396676400004,29.092741458000035],[81.37387238900004,29.091478333000055],[81.37660888900007,29.08945827100007],[81.37862832600007,29.08944589600003],[81.38047588900008,29.084759521000024],[81.38328863900006,29.082091709000053],[81.38337682700006,29.07988739600006],[81.38442576400007,29.07811339600005],[81.38677563900006,29.076890708000064],[81.39043395200008,29.07141608300003],[81.39189945100009,29.070500396000057],[81.39339282600008,29.06814758400003],[81.39344470100008,29.066078708000077],[81.39573207600006,29.065419958000064],[81.39834701400008,29.066801958000042],[81.40036026400008,29.066951583000048],[81.40192851500007,29.068747209000037],[81.40475076400008,29.07039233300003],[81.40617938900004,29.06928483300004],[81.40694520100004,29.06584214600008],[81.40540388900007,29.058794645000035],[81.40313263900003,29.056624459000034],[81.40310388900008,29.054521958000066],[81.40230951400008,29.053087271000038],[81.40219788900004,29.04683170900006],[81.40326938900006,29.04408520900006],[81.40477032700005,29.043022646000054],[81.40583651400004,29.040416021000055],[81.40753845200004,29.039711521000072],[81.40906888900008,29.03768089600004],[81.41665207600005,29.03390820800007],[81.42056695200006,29.02962089600004],[81.42929826400007,29.025816771000052],[81.43177688900005,29.029416146000074],[81.43422082600006,29.037119270000062],[81.43548832600004,29.037873146000038],[81.44047607600004,29.03930070800004],[81.44472663900007,29.04688939600004],[81.44470488900004,29.050801333000038],[81.44589601400008,29.053725646000032],[81.44898263900006,29.05617664500005],[81.45507770100005,29.059702521000077],[81.45728182600004,29.06196452100005],[81.46106007700007,29.064631708000036],[81.46640888900004,29.065621646000068],[81.46857357600004,29.067019583000047],[81.46958270200008,29.068699021000043],[81.46914270200006,29.072488333000024],[81.47040051500005,29.074902333000068],[81.47057201400008,29.077464521000024],[81.47358807700004,29.07950683300004],[81.48007207700005,29.081268270000066],[81.48488201400005,29.083076084000027],[81.48856257700004,29.085426959000074],[81.49507345100005,29.08824558400005],[81.49907670200008,29.088975271000038],[81.50126895100004,29.09070639600003],[81.50480807700006,29.091162396000072],[81.50743257700003,29.090405771000064],[81.51167195200009,29.090667146000044],[81.51319820200007,29.091563708000024],[81.51654676400005,29.095388271000047],[81.51907913900004,29.095967271000063],[81.52089957600003,29.098493646000065],[81.52292145200005,29.09970177100007],[81.52397501400003,29.10282214600005],[81.52646432600005,29.10473895800004],[81.53022145200003,29.10513927100004],[81.53314176400005,29.106169959000056],[81.53758957700006,29.10635970800007],[81.54287445100005,29.109914084000025],[81.54500995100005,29.111987708000072],[81.54956426500007,29.115389083000025],[81.55109957700006,29.117968146000067],[81.55534588900008,29.121090896000055],[81.56128101400003,29.12382514600006],[81.56276870100004,29.124895021000043],[81.56733138900006,29.126091708000047],[81.56375364000007,29.127415271000075],[81.55418970100004,29.128510896000023],[81.55206113900005,29.129288958000075],[81.54652688900006,29.132384271000035],[81.54161457700008,29.134229271000038],[81.53943801400004,29.136302209000064],[81.53621176400003,29.137634896000066],[81.53480488900004,29.140880021000044],[81.53510132700006,29.146514146000072],[81.52873720200006,29.151457333000053],[81.52644076500007,29.152686833000075],[81.52272195100005,29.152703708000047],[81.52010095100007,29.153557583000065],[81.51727995200008,29.152724770000077],[81.51558626400004,29.15310583300004],[81.51401726500006,29.151307083000063],[81.51043782600004,29.151819334000038],[81.50923845200003,29.15146070800006],[81.50086057700008,29.151686271000074],[81.49871470100004,29.154771396000058],[81.49809607600008,29.158383208000032],[81.49713376400007,29.15990952100003],[81.49650882700007,29.165441146000035],[81.49702051400004,29.168807334000064],[81.49403751400007,29.169222209000054],[81.49030482600006,29.171309146000056],[81.48908513900005,29.172949146000065]]]}},{"type":"Feature","properties":{"STATE_CODE":7,"DISTRICT":"ACHHAM","GaPa_NaPa":"Ramaroshan","Type_GN":"Gaunpalika","Province":"Sudur Pashchim","provinceId":"7","provinceCode":"7","provinceName":"Sudurpashchim","districtId":"707","districtName":"Achham","municipalityId":"70702","municipalityCode":"70702","municipalityName":"Ramaroshan Rural Municipality","municipalityNameNe":"रामारोशन गाउँपालिका","municipalityType":"rural_municipality"},"geometry":{"type":"Polygon","coordinates":[[[81.46982838900004,29.271845521000046],[81.46804788900005,29.271865271000024],[81.46612120100008,29.274671583000043],[81.46057232600003,29.278848458000027],[81.45957926400007,29.27989414600006],[81.45738957700007,29.280070833000025],[81.45364338900004,29.28208008300004],[81.44999863900006,29.28508595900007],[81.44476082700004,29.287381958000026],[81.43804545100005,29.28648152100004],[81.43444126400004,29.287068521000037],[81.43126076400006,29.28651483400006],[81.42820413900006,29.285277146000055],[81.42234526400006,29.282160083000065],[81.41910820200007,29.278418646000034],[81.41856057600006,29.27679845800003],[81.41604501500007,29.278482458000042],[81.41413163900006,29.275409083000056],[81.41379726400004,29.272400709000067],[81.41091213900006,29.268046646000073],[81.40889364000003,29.26271308400004],[81.40956007700004,29.260310771000036],[81.40528326400005,29.253885396000044],[81.40231470200007,29.25344089600003],[81.40010995100005,29.25245033400006],[81.40027213900004,29.250000021000062],[81.39932895200008,29.248245458000042],[81.39862088900009,29.245265208000035],[81.39670420200008,29.244871646000036],[81.39570607700006,29.24336089600007],[81.39350732600008,29.241822021000075],[81.39086401400004,29.23836920900004],[81.38609851400008,29.236201583000025],[81.38458376400007,29.236264583000036],[81.37999088900006,29.233586396000078],[81.37869526400004,29.23342539600003],[81.37566763900008,29.23106514600005],[81.37380626400005,29.230937271000073],[81.37260138900007,29.23184302100003],[81.36811026400005,29.228354271000057],[81.36517988900005,29.228463771000065],[81.36336913900004,29.227532521000057],[81.36114970100004,29.224617083000055],[81.35751163900005,29.222391208000033],[81.35612132600005,29.220831584000052],[81.35302120200004,29.220686396000076],[81.35114582600005,29.219770896000057],[81.34807413900006,29.217392146000066],[81.34191307700007,29.214125583000055],[81.33948982600003,29.211945833000073],[81.34250888900004,29.208274396000036],[81.34349157700007,29.206275396000024],[81.34621276400003,29.203971834000072],[81.34864338900007,29.200744021000048],[81.34938620200006,29.197254396000062],[81.35000401400004,29.196512834000032],[81.35491995100006,29.19386720800003],[81.35676120200003,29.192470396000033],[81.36166351400004,29.190424646000054],[81.36422845100003,29.187974458000042],[81.36510263900004,29.18563720800006],[81.36267895100008,29.180340021000063],[81.36300326400004,29.178626896000026],[81.36235513900004,29.175068771000042],[81.36419895100005,29.171424896000076],[81.36381445100005,29.167545709000024],[81.36165370200007,29.167287583000075],[81.35983838900006,29.168587396000078],[81.35466626300007,29.16757927100008],[81.35371595100008,29.16311495800005],[81.35240576400008,29.160675208000043],[81.35244001400008,29.158101083000076],[81.35103501400005,29.156290958000056],[81.35063232600004,29.152375583000037],[81.34951245100007,29.150300833000074],[81.34848476400003,29.14620670800008],[81.34650532600006,29.14200445800003],[81.34493463900003,29.13645208300005],[81.34681045200006,29.130132771000035],[81.34671795200006,29.12630233300007],[81.34743432700003,29.12461752100006],[81.34989988900008,29.122596521000048],[81.35080120100008,29.120372083000063],[81.35309663900006,29.119344084000033],[81.35500013900008,29.117019896000045],[81.36072307600006,29.11923352100007],[81.36182951400008,29.11934108400004],[81.36343951400005,29.12218602100006],[81.36734388900004,29.122626584000045],[81.36953601400006,29.123306395000043],[81.36994245100004,29.12523864600007],[81.36952176400007,29.12866208300005],[81.37060301400004,29.130315021000058],[81.37293757600008,29.130879271000026],[81.37651301400007,29.128917896000075],[81.37872395100004,29.129058334000035],[81.38180057700004,29.13019333300008],[81.38647226400008,29.129063270000074],[81.39177601400007,29.129656958000055],[81.39536188900007,29.129350896000062],[81.39870870200008,29.13002227100003],[81.40476620100003,29.13015302100007],[81.40821338900008,29.13198120800007],[81.40851407700006,29.135240146000058],[81.41015551400005,29.137048896000067],[81.41118163900006,29.13966945800007],[81.41136063900007,29.143476958000065],[81.41353007700008,29.148737958000027],[81.41590113900008,29.150537646000032],[81.42294601400005,29.15222783300004],[81.42400220100006,29.152989271000024],[81.42848195200008,29.152846458000056],[81.42970457700005,29.151134771000045],[81.43221388900008,29.148895521000043],[81.43143357700006,29.14590439600005],[81.43683013900005,29.14220295800004],[81.43831782600006,29.140483583000048],[81.44038595200004,29.143969021000032],[81.44371807600004,29.14777733300008],[81.44754089000008,29.149842396000054],[81.45109963900006,29.15012820800007],[81.45210232600004,29.151832584000033],[81.45396482700005,29.15341214600005],[81.45901513900003,29.16151414600006],[81.46275970100004,29.16702377100006],[81.46533863900004,29.169336333000047],[81.47164226400008,29.170776084000067],[81.47232295100008,29.171238396000035],[81.47600801500005,29.170020584000042],[81.47940382600007,29.169785208000064],[81.48064426400003,29.171199771000033],[81.48303907700006,29.17072870900006],[81.48473207700005,29.171065459000033],[81.48908513900005,29.172949146000065],[81.48855845200006,29.175852208000038],[81.49196720100008,29.181260646000055],[81.49176395200004,29.182709771000077],[81.49253057700008,29.184971834000066],[81.49179264000009,29.18656508400005],[81.48870363900005,29.189676021000025],[81.48646707700004,29.192707084000062],[81.48565139000004,29.197346021000044],[81.48421607600005,29.199002521000068],[81.48403557600005,29.201218521000044],[81.48557195200004,29.20435327100006],[81.48745557700005,29.21075995800004],[81.48800045200005,29.215184084000043],[81.48761570100004,29.21850845800003],[81.48833063900008,29.225422458000025],[81.48934982700007,29.227875459000074],[81.49278620200005,29.230883521000067],[81.49405726500004,29.233394146000023],[81.49550414000004,29.234354333000056],[81.49659301400004,29.236265584000023],[81.49999988900004,29.238795271000072],[81.49999970200008,29.24139183400007],[81.49852582700004,29.242462146000037],[81.49698345100006,29.24480052100006],[81.49600720200004,29.25000170900006],[81.49501332600005,29.252213959000073],[81.49665307700008,29.25456758300004],[81.49652388900006,29.25711270800008],[81.49475832700006,29.25870064600008],[81.49297663900006,29.261637646000054],[81.48882720200004,29.263342521000027],[81.48600188900008,29.263014459000033],[81.48409751400004,29.264002708000078],[81.48142463900007,29.26447708300003],[81.47967588900008,29.263955459000044],[81.47732970200008,29.266643896000062],[81.47553901400005,29.267065333000062],[81.46982838900004,29.271845521000046]]]}},{"type":"Feature","properties":{"STATE_CODE":7,"DISTRICT":"ACHHAM","GaPa_NaPa":"Sanphebagar","Type_GN":"Nagarpalika","Province":"Sudur Pashchim","provinceId":"7","provinceCode":"7","provinceName":"Sudurpashchim","districtId":"707","districtName":"Achham","municipalityId":"70704","municipalityCode":"70704","municipalityName":"Sanphebagar Urban Municipality","municipalityNameNe":"साँफेबगर नगरपालिका","municipalityType":"municipality"},"geometry":{"type":"Polygon","coordinates":[[[81.26027488900007,29.337043271000027],[81.25813470100007,29.34065014600003],[81.25328538800005,29.344429021000053],[81.25171426400004,29.349476209000045],[81.25074576400004,29.35070752100006],[81.24783426400006,29.352772583000046],[81.24522307600006,29.35303683400008],[81.24349095100007,29.35422214600004],[81.24098738900005,29.352902459000063],[81.23861613900004,29.35310977100005],[81.23715438900007,29.356836834000035],[81.23070370100004,29.358226521000063],[81.22852045200005,29.360630583000045],[81.22708676400003,29.360558583000056],[81.22546595100005,29.358235458000024],[81.22117801400003,29.357843396000078],[81.21843163900007,29.355957458000034],[81.21596738900007,29.355449333000024],[81.21689332700004,29.353090458000054],[81.21692620100004,29.350967583000056],[81.21817451400005,29.34736733400007],[81.22004045200003,29.34589795900007],[81.21786063900004,29.345242771000073],[81.21441632600005,29.346444021000025],[81.20961188900003,29.34587414600003],[81.20367551400005,29.347721896000053],[81.20003545100008,29.347052896000037],[81.19726601400004,29.349051209000038],[81.19263857600004,29.348983521000036],[81.19230251400006,29.346723584000074],[81.19013307600005,29.34635902100007],[81.18850926400006,29.350221146000024],[81.18590301400008,29.35289133400005],[81.18241782600006,29.353218709000032],[81.17899895200003,29.35058402100003],[81.17652001400006,29.350539896000043],[81.17543401400007,29.347547709000025],[81.17654363900004,29.344633834000035],[81.17582313900004,29.33904689600007],[81.17679463900004,29.33806202100004],[81.17499801400004,29.334621896000044],[81.17888545100004,29.333533896000063],[81.18079170200008,29.33246652100007],[81.18207195200006,29.329408021000063],[81.18480026400005,29.32865527100006],[81.18876107600005,29.32512827100004],[81.19009563800006,29.322893021000027],[81.19269807600006,29.32175452100006],[81.19279770200006,29.320802396000033],[81.18938538900005,29.31903189600007],[81.18699038800008,29.322574771000063],[81.18369570100003,29.321778521000056],[81.18214407700003,29.322353646000067],[81.17853307700005,29.322469084000033],[81.17324351400003,29.318149146000053],[81.17334638900007,29.317136146000053],[81.17766932600006,29.31260277100006],[81.17812226400008,29.311406521000038],[81.17439907600004,29.309660834000056],[81.17280001400007,29.30662195900004],[81.17096145100004,29.304995521000023],[81.17078863900008,29.299568021000027],[81.17173263800004,29.296140021000042],[81.17099820100003,29.294622708000077],[81.16736770100005,29.296585459000028],[81.16237257600005,29.303154146000054],[81.15807576400005,29.30272158400004],[81.15738213900005,29.298512896000034],[81.15454476400004,29.299950958000068],[81.15167763900007,29.30194177100003],[81.14947838900008,29.30267964600006],[81.14824407600008,29.30411808300005],[81.14605482600007,29.302660896000077],[81.14162726400008,29.304632834000074],[81.14068451400004,29.303896146000056],[81.14045157700008,29.30200364600006],[81.14237945100007,29.299046334000025],[81.14234120100008,29.297194271000023],[81.13902932600007,29.29545614600005],[81.13762288900006,29.293817583000077],[81.13607401400003,29.290284083000074],[81.13408701300006,29.28861677100008],[81.13210157600008,29.288153959000056],[81.12923782700005,29.285539896000046],[81.12712682600005,29.28435077100005],[81.12517457600006,29.28119427100006],[81.12513788900003,29.277754021000078],[81.12563032600008,29.27378308300007],[81.12623563900007,29.272471834000044],[81.12863788900006,29.270071458000075],[81.12806638800004,29.267561146000048],[81.12879688900006,29.266612958000053],[81.12776470100005,29.26291420900003],[81.12869520100008,29.260170083000048],[81.13033832700006,29.25917583300003],[81.13060032600004,29.257573896000054],[81.13209207700004,29.25652114600007],[81.13454432600008,29.253642396000032],[81.13746982600009,29.25252720900005],[81.14005520100005,29.252441084000054],[81.14090588800008,29.250653458000045],[81.14259057700008,29.25020045900004],[81.14269276400006,29.248772333000034],[81.14940907600004,29.248399583000037],[81.15271301400008,29.247457334000046],[81.15577776400005,29.24573027100007],[81.15986388900006,29.246451833000037],[81.16175476400008,29.245723146000046],[81.16366726300004,29.246063771000024],[81.16784151300004,29.24515845800005],[81.16810263800005,29.243608271000028],[81.16708007700004,29.23942020800007],[81.16462370100004,29.237280146000046],[81.16351538800006,29.23424052100006],[81.16127720200006,29.231317209000053],[81.16247257700007,29.228676334000056],[81.16429807600008,29.226454208000064],[81.16553682600005,29.22583908400003],[81.16755863900005,29.22623820900003],[81.17088657600004,29.225586459000056],[81.17414945100006,29.225640896000073],[81.18215488900006,29.226340896000067],[81.18507001300003,29.226932459000068],[81.18869820200007,29.224202208000065],[81.19102426400008,29.22443127100007],[81.19482963900003,29.22559883300005],[81.19876463900005,29.22588633400005],[81.19887113900006,29.223440709000045],[81.19645663900008,29.221856083000034],[81.19682326400005,29.21856864600005],[81.19527663900004,29.21530202100007],[81.19288426400004,29.213735333000045],[81.18599157600005,29.210846209000067],[81.18518645200004,29.209814083000026],[81.18375295100003,29.205227458000024],[81.18425463900007,29.203182833000028],[81.18408263900005,29.20046908300003],[81.18551838900004,29.19869170800007],[81.18621532700007,29.196626584000057],[81.18832463900003,29.19485039600005],[81.18958651400004,29.192960396000046],[81.19512788800006,29.19347808400005],[81.20508138900004,29.193481209000026],[81.20907907600008,29.19455339600006],[81.21052382700003,29.19426464600008],[81.20949413900007,29.190158146000044],[81.21155920200005,29.186220521000052],[81.21362338900008,29.184674146000077],[81.21457982600003,29.183183584000062],[81.21399488900005,29.17974427100006],[81.21430001400006,29.17722158400005],[81.21521307600005,29.17509952100005],[81.21799601400005,29.172157709000032],[81.21821738900007,29.166977646000078],[81.21628707600007,29.165336208000042],[81.21372626400006,29.164074709000033],[81.21195051400008,29.161286833000077],[81.21167270200004,29.15901558300004],[81.21378320200006,29.157430771000065],[81.21614845100004,29.158636209000065],[81.21936351400007,29.15850464600004],[81.21996732600007,29.16069870800004],[81.22324807600006,29.160413520000077],[81.22304913900007,29.16218933400006],[81.22419945200005,29.162801021000064],[81.22663357600004,29.162077271000044],[81.22895757700007,29.162269584000057],[81.22997645100008,29.163434146000043],[81.23321332600005,29.163491771000054],[81.23373007600009,29.16595433300006],[81.23477126400007,29.16673764600006],[81.23707695100006,29.16505964600003],[81.23836288800004,29.162731458000053],[81.23971057700004,29.162253021000026],[81.24327076400004,29.163724271000035],[81.24598582600004,29.163897521000024],[81.24867832600006,29.162967583000068],[81.25330088900006,29.16275589600008],[81.25597907700006,29.160104584000067],[81.25761651400006,29.160699271000055],[81.25541307600008,29.16352795800003],[81.25374832600005,29.164927583000065],[81.25118657600007,29.16953458300003],[81.24847695100004,29.171292521000055],[81.24656363800005,29.17362195900006],[81.24651970200006,29.174616896000032],[81.24984026400006,29.181766709000044],[81.24875207600007,29.184498396000038],[81.24829245100005,29.190881396000066],[81.24892188800004,29.192010459000073],[81.24850795100008,29.194016771000065],[81.24418201400005,29.19726427100005],[81.24548363900004,29.201011333000054],[81.24783013900003,29.201911646000042],[81.24885076300006,29.203669396000066],[81.24891476400006,29.205963584000074],[81.24722276400007,29.21065683300003],[81.24770801400007,29.215307709000058],[81.24719020100008,29.21771127100004],[81.24313076400006,29.21990020800007],[81.24576251400003,29.221713709000028],[81.24910870200006,29.22180902100007],[81.25318032700005,29.22355427100007],[81.25707982700004,29.223763396000038],[81.26108145100005,29.225975521000066],[81.25996832600003,29.23022108300006],[81.25735845100007,29.23338902100005],[81.25412476400004,29.23628502100007],[81.25524713900006,29.23794102100004],[81.25702301400008,29.238093271000025],[81.25843432600004,29.239311083000075],[81.26160588900007,29.240816333000055],[81.26416301400008,29.239902208000046],[81.26677495200005,29.23981352100003],[81.26832707600005,29.240956459000074],[81.26925945100004,29.24289920900003],[81.26828695200004,29.24579777100007],[81.26371420100008,29.249463771000023],[81.26122732600004,29.25000102100006],[81.25724257600007,29.252099959000077],[81.25518770100007,29.251321146000066],[81.25411857600005,29.25226164600008],[81.25206563900008,29.252265521000027],[81.25000032700007,29.253239458000053],[81.24856413900005,29.252842834000035],[81.24087145100003,29.259866146000036],[81.23310726400007,29.258217271000035],[81.23361632700005,29.261469459000068],[81.23156420100008,29.264746396000078],[81.23154513800006,29.26715352100007],[81.23268126400006,29.269339771000034],[81.23499176400009,29.270168209000076],[81.23606001400003,29.272582396000075],[81.23908420100008,29.27360802100003],[81.24142795200004,29.273727833000066],[81.24167688900008,29.275789334000024],[81.24272576400006,29.276737146000073],[81.24713413900008,29.276805771000056],[81.24869307600005,29.281129708000037],[81.25212957700006,29.284092146000035],[81.25364495200006,29.28602939600006],[81.25447832700007,29.288455146000047],[81.25462888900006,29.291055958000072],[81.25574832700005,29.292851833000043],[81.25776582700007,29.29404583400003],[81.25949957600005,29.29676983300004],[81.26494782600008,29.30311414600004],[81.26982113900004,29.301786896000067],[81.27095707600006,29.30357583400007],[81.26945332600008,29.306274709000036],[81.26611063900003,29.307605584000044],[81.26611870100004,29.31071202100003],[81.26529395200004,29.31178520800006],[81.26191707700008,29.31368233300003],[81.26143295200006,29.317161896000073],[81.25963263900007,29.321097459000043],[81.25647726300008,29.32550258400005],[81.25547045100006,29.32569402100006],[81.25493638800003,29.328059334000045],[81.25716732700005,29.32786539600005],[81.25998095100005,29.330555833000062],[81.26027488900007,29.337043271000027]]]}},{"type":"Feature","properties":{"STATE_CODE":7,"DISTRICT":"ACHHAM","GaPa_NaPa":"Turmakhad","Type_GN":"Gaunpalika","Province":"Sudur Pashchim","provinceId":"7","provinceCode":"7","provinceName":"Sudurpashchim","districtId":"707","districtName":"Achham","municipalityId":"70710","municipalityCode":"70710","municipalityName":"Turmakhand Rural Municipality","municipalityNameNe":"तुर्माखाँद गाउँपालिका","municipalityType":"rural_municipality"},"geometry":{"type":"Polygon","coordinates":[[[81.41788632600003,29.00923277100003],[81.41631870100008,29.008718771000076],[81.41072845200006,29.00992039600004],[81.40563588900005,29.009620020000057],[81.40442745200005,29.01005002100004],[81.40195501400007,29.01280752100007],[81.39940138900005,29.014180021000072],[81.39811257700006,29.016609020000033],[81.39363838900005,29.017853959000036],[81.39117445100004,29.01907033300006],[81.38448582700005,29.02091708300003],[81.38166376400005,29.022170396000035],[81.37951163900004,29.02414827100006],[81.37707488800004,29.024642396000047],[81.37407070100005,29.02208120800003],[81.37032370200006,29.020627520000062],[81.36939588900003,29.019035021000036],[81.36610026400007,29.01781677100007],[81.36154932700003,29.017955458000074],[81.35998101400008,29.018489834000036],[81.35250751400008,29.019888021000042],[81.34941995100007,29.019237333000035],[81.34497638900007,29.016755958000033],[81.34402820100007,29.01508439500003],[81.34201613900007,29.013587021000035],[81.34036082600005,29.010112458000037],[81.33904757700003,29.00603920800006],[81.33898320200007,29.004214208000064],[81.33777657700006,29.00112652100006],[81.33918051400008,28.999999521000063],[81.33888320100004,28.995980021000037],[81.33933582600008,28.990970521000065],[81.33732363900003,28.990269459000046],[81.33797220200006,28.988871334000066],[81.33736176400004,28.987002645000075],[81.33350020100005,28.982256583000037],[81.32909263900007,28.97900977100005],[81.32787970200008,28.976991333000058],[81.32824607700007,28.975796958000046],[81.32693801400006,28.971464083000058],[81.32560626300005,28.97037764600003],[81.32509526400008,28.968167959000027],[81.32097388900007,28.96739277100005],[81.31600888900005,28.963345958000048],[81.31493788900008,28.96165645800005],[81.31244588900006,28.95960470800003],[81.31008382600004,28.955720708000058],[81.30849282600008,28.95466639600005],[81.30639138900005,28.95207220800006],[81.30525432600007,28.94921414500004],[81.30526763900008,28.946978396000077],[81.30437020200003,28.945331271000043],[81.30269876400007,28.94409870800007],[81.30006020100006,28.94014302100004],[81.29985513900004,28.937955146000036],[81.29709601400003,28.930056083000068],[81.29812782600004,28.927883458000053],[81.29730320100003,28.926044396000066],[81.29898257600007,28.92457870800007],[81.29998007700004,28.92521952100003],[81.30378382600009,28.925668958000074],[81.30492526400008,28.92529870800007],[81.31100538900006,28.92028083300005],[81.31362957600004,28.91972202100004],[81.31744913900008,28.920344708000073],[81.32292701400007,28.91408695800004],[81.32327020100007,28.911877521000065],[81.32593313900009,28.908010958000034],[81.33006376400004,28.907800145000067],[81.33256670100008,28.908748271000036],[81.33596951400006,28.90823677000003],[81.33813932700008,28.907040146000043],[81.33887895100008,28.905244708000055],[81.33874913900007,28.900595271000043],[81.34066988900008,28.89562264600005],[81.34407870200005,28.89260895800004],[81.34937582700007,28.890109146000043],[81.35418013900005,28.889773958000035],[81.35927526400008,28.889771771000028],[81.36288488900004,28.89070964600006],[81.37125626400007,28.891408770000055],[81.37785470100005,28.893626083000072],[81.38128457600004,28.896341833000065],[81.38528257600007,28.89854583300007],[81.38873132600008,28.89952420800006],[81.39003526400006,28.90096420900005],[81.39078720200007,28.903209021000066],[81.39356913900008,28.90527652000003],[81.39535263900007,28.907874770000035],[81.39760863900005,28.90879083300007],[81.40269751400007,28.909269771000027],[81.40503320200008,28.90890633300006],[81.40804357700006,28.909923771000024],[81.41044388900008,28.911473083000033],[81.41531638900005,28.913901458000055],[81.41713163900005,28.913857521000068],[81.41930201400004,28.911409708000065],[81.42139045200008,28.91045120800004],[81.42796557700007,28.909092583000074],[81.43258245100003,28.91070220900008],[81.43397201400006,28.910350333000054],[81.43646963900005,28.907653021000044],[81.43725995100004,28.904598083000053],[81.44197982700007,28.900562396000055],[81.44369826400003,28.89981227100003],[81.45453257600008,28.896940333000032],[81.45761176400003,28.896526084000072],[81.45929101400003,28.89522089600007],[81.46511220100007,28.894562458000053],[81.46669988900004,28.893582396000056],[81.46834820100008,28.89099352100004],[81.46870982600007,28.887321646000032],[81.46682932700008,28.883131958000035],[81.46464445100008,28.88119933300004],[81.46391101400008,28.87897289600005],[81.46398657600008,28.875067396000077],[81.46765038900008,28.869410146000064],[81.46779188900007,28.865664645000038],[81.46903832700008,28.86257183300006],[81.46837182700006,28.859532958000045],[81.46540170200007,28.856274271000075],[81.46456382700006,28.853856395000037],[81.46521326400006,28.852514083000074],[81.46747251400006,28.851574521000032],[81.47422557600004,28.84984995800005],[81.47674707600004,28.848564083000042],[81.47947357700008,28.846456270000033],[81.48199607700008,28.843755833000046],[81.48402420200006,28.842640833000075],[81.48975545100006,28.842322395000053],[81.49271026400004,28.840357895000068],[81.49258101500004,28.836996833000057],[81.49571695200007,28.833143333000066],[81.49686551400004,28.82979339600007],[81.49748963900004,28.826208458000053],[81.50000007600005,28.82118170800004],[81.50281457700004,28.819233333000057],[81.50609476400007,28.81614383300007],[81.50983301400004,28.810994958000038],[81.51185820200004,28.809229833000074],[81.51435851400004,28.808092333000047],[81.51970963900004,28.806934771000044],[81.52198170100007,28.805520520000073],[81.52395145200006,28.80346664500007],[81.52498826400006,28.799645333000058],[81.52411726400004,28.79795445800005],[81.52040632600006,28.795976646000042],[81.51765957600009,28.78797602000003],[81.51773301400004,28.785990396000045],[81.51723520200005,28.78034989500003],[81.51877288900005,28.77773383300007],[81.52145651400008,28.776295333000064],[81.52682882700003,28.775751083000046],[81.52897201400003,28.774948583000025],[81.53028951500005,28.77368227000005],[81.53307413900006,28.767483020000043],[81.53609238900003,28.763852271000076],[81.53681713900005,28.761002271000052],[81.53341201400008,28.757142083000076],[81.53046188900004,28.755109708000077],[81.52279326400003,28.751644895000027],[81.52148338900008,28.750039145000073],[81.52411045200006,28.748170020000032],[81.53187863900007,28.748976646000074],[81.54284720200008,28.748317145000044],[81.54826657600006,28.748987895000027],[81.55572513900006,28.75002002100007],[81.56391620200003,28.75251064500003],[81.56666232700007,28.75375570800003],[81.57413001400005,28.755420833000073],[81.57751526400006,28.755077020000044],[81.58003082700003,28.755429458000037],[81.58307632700007,28.759132083000054],[81.58379838900004,28.76500820800004],[81.58241257700007,28.771820708000064],[81.58341757600004,28.77457552100003],[81.58197832600007,28.778931458000045],[81.58108520100006,28.780658833000075],[81.57651957700006,28.783288645000027],[81.56796051500004,28.791254958000025],[81.56379051400006,28.793192271000066],[81.56217807700006,28.794947458000024],[81.55865963900004,28.797475271000053],[81.55864020100006,28.800074333000055],[81.55571063900004,28.80707108300004],[81.55398670100004,28.80948995800003],[81.55468845200005,28.811170083000036],[81.55344514000006,28.816066271000068],[81.55087632700008,28.81850202100003],[81.54820420200008,28.82408758300005],[81.54575332700006,28.82818770800003],[81.54547313900008,28.83010870800007],[81.53982545200006,28.83602870800007],[81.53923407700006,28.838851145000035],[81.53960645200004,28.842617208000036],[81.53819301400006,28.84480670800008],[81.53722282700005,28.848616520000064],[81.53569657700007,28.850937271000078],[81.53348426400004,28.856306396000036],[81.52981713900004,28.859244646000036],[81.52830576500008,28.861777333000077],[81.52739851400008,28.864323333000073],[81.52550451400003,28.865982208000048],[81.52449451400008,28.868373020000035],[81.52365695100008,28.870136021000064],[81.52183807700004,28.87147189600006],[81.51832863900006,28.872917958000073],[81.51659457700003,28.87496633300003],[81.51441920100007,28.88007102100005],[81.51189782600005,28.883805333000055],[81.51105863900005,28.888954520000027],[81.51014126400008,28.89008608300003],[81.50476682700008,28.889172209000037],[81.49950976400004,28.89027470800005],[81.49342088900005,28.894127896000043],[81.48799020200005,28.899020708000023],[81.48461651400004,28.90335314500004],[81.48250288900005,28.908960208000053],[81.47974907700006,28.911882520000063],[81.47530957600003,28.91685695800004],[81.47268982700007,28.922571708000078],[81.47111907600004,28.92439333300007],[81.46829057700006,28.928825021000023],[81.46352695100006,28.929116708000038],[81.46104382700008,28.930704458000037],[81.45766445200007,28.931022771000073],[81.45678088900007,28.934802395000077],[81.45305751400008,28.938907396000047],[81.45198957700006,28.939569709000068],[81.44652563900007,28.940260270000067],[81.44564488900005,28.941668708000066],[81.44673026400005,28.947602896000035],[81.44693357700004,28.95089377100004],[81.44657932600006,28.955767958000024],[81.44480445200008,28.95971508300005],[81.44335138900004,28.959913896000046],[81.44064845200006,28.957544958000028],[81.43890401400006,28.956614396000077],[81.43611001400006,28.95665277100005],[81.43389388900005,28.95732545800007],[81.43273451400006,28.958425646000023],[81.43021851400005,28.96259608300005],[81.43017938900005,28.96414608300006],[81.42827907600008,28.965546334000067],[81.42645882700003,28.965687458000048],[81.42431945200008,28.96903764600006],[81.42435976400003,28.97121908300005],[81.42707257700005,28.97645802100004],[81.42754513900007,28.978755395000064],[81.42648320100005,28.980698896000035],[81.42328963900007,28.983447770000055],[81.42229345200008,28.987227459000053],[81.42040257700006,28.989681208000036],[81.41791295100006,28.991441833000067],[81.41631338900004,28.99490977100004],[81.41257788900003,28.995925208000074],[81.41253332700006,28.997953584000072],[81.41512857700008,28.998148584000035],[81.41905888900004,29.00055933400006],[81.42078745100008,29.004242459000068],[81.42050432600007,29.00610458400007],[81.41788632600003,29.00923277100003]]]}},{"type":"Feature","properties":{"STATE_CODE":7,"DISTRICT":"DOTI","GaPa_NaPa":"Adharsha","Type_GN":"Gaunpalika","Province":"Sudur Pashchim","provinceId":"7","provinceCode":"7","provinceName":"Sudurpashchim","districtId":"706","districtName":"Doti","municipalityId":"70603","municipalityCode":"70603","municipalityName":"Aadarsha Rural Municipality","municipalityNameNe":"आदर्श गाउँपालिका","municipalityType":"rural_municipality"},"geometry":{"type":"Polygon","coordinates":[[[80.94722370100004,29.301719709000054],[80.94925220100004,29.304332834000036],[80.95020895100004,29.306510208000077],[80.95215938900003,29.30859083400003],[80.95624226300004,29.309866834000047],[80.95661126400006,29.312869646000024],[80.95781513900005,29.314936396000064],[80.95934470200007,29.31606477100007],[80.96389288900008,29.31637964600003],[80.96520732600004,29.319233833000055],[80.96426601400003,29.323088959000074],[80.96399232700008,29.329195708000043],[80.96471526400006,29.33061258400005],[80.95651238900007,29.330508646000055],[80.95421363900005,29.328924271000062],[80.95075007600008,29.329489271000057],[80.94773020100007,29.328678208000042],[80.94513763900005,29.328731333000064],[80.94293570100007,29.329434271000025],[80.94059526300003,29.32929327100004],[80.93802926400008,29.32792283300006],[80.93675876300006,29.326293458000066],[80.93514551400006,29.328918584000064],[80.93354920100006,29.330059334000055],[80.93326838900003,29.332328646000065],[80.93442520100007,29.33406627100004],[80.93336920100006,29.33470639600006],[80.93151032600008,29.338450334000072],[80.93386088900007,29.341765458000054],[80.93565276400005,29.342600959000038],[80.93933488900007,29.34577233300007],[80.94174695100008,29.345856833000028],[80.94409170100005,29.348826708000047],[80.94651807600007,29.34936683400008],[80.94735220100006,29.350328146000038],[80.94702663900006,29.35254558300005],[80.94413895200006,29.354322084000046],[80.94295213900006,29.358287458000063],[80.94073482700009,29.361106396000025],[80.93831701400006,29.360399209000036],[80.93640938800007,29.362999396000077],[80.93436582600003,29.36342927100003],[80.93219938900006,29.364732084000025],[80.93048470100007,29.364902646000075],[80.92722607600007,29.364045958000077],[80.92565101400004,29.366104708000023],[80.91917288900004,29.36803202200008],[80.91925457600007,29.369748833000074],[80.92127170200007,29.374255084000026],[80.92076551400004,29.378816209000036],[80.92133245100007,29.38058752200004],[80.91702845200007,29.382705396000063],[80.91372588800004,29.38269652100007],[80.91149163900008,29.383820771000046],[80.90607657600003,29.385495458000037],[80.90381545100007,29.38790314700003],[80.90185432700008,29.38906802100007],[80.90023263900008,29.38914352100005],[80.89905526400008,29.390266084000075],[80.89843657600005,29.39326595800003],[80.89649320100006,29.39520452100004],[80.89448682600005,29.395654146000027],[80.89148582600006,29.399635646000036],[80.88638370200005,29.40172714700003],[80.88526982700006,29.402838334000023],[80.88358945100003,29.406444084000043],[80.88596988900008,29.40727177100007],[80.88752857600008,29.408484521000048],[80.88629888800006,29.411393583000063],[80.88667145200003,29.413742271000046],[80.88305982600008,29.416150709000078],[80.88031845100005,29.41682508300005],[80.87823426400007,29.413482146000035],[80.87504626300006,29.411629396000023],[80.86955788800003,29.41154970900004],[80.86514470100008,29.414089959000023],[80.86350082600006,29.414327396000033],[80.86321757600007,29.41098389600006],[80.85880970200003,29.408921959000054],[80.85413176400004,29.40795358400004],[80.85368832600005,29.405904771000053],[80.85542132600006,29.40385602200007],[80.85898895100007,29.40131745800005],[80.86142501400008,29.39836702100007],[80.86184045100003,29.39645445800005],[80.86126145100008,29.394349146000025],[80.86081163800003,29.389581959000054],[80.86012495100005,29.387559896000027],[80.85484238900005,29.378618646000064],[80.85240020100008,29.376646583000024],[80.85032795100005,29.37578927100003],[80.84718813900008,29.375408959000026],[80.84287301400008,29.37679358400004],[80.84019357600005,29.378874834000044],[80.83921657700006,29.380385146000037],[80.83749563900005,29.381177209000043],[80.83492482600008,29.379858771000045],[80.83154901300009,29.375123896000048],[80.82764588800006,29.37090939600006],[80.82245157600005,29.36981527100005],[80.82125870100003,29.36912333300006],[80.81882176400006,29.366133271000024],[80.81634976400005,29.364805646000036],[80.81325532600005,29.365035959000068],[80.80994907600007,29.366461521000076],[80.80820095100006,29.366292084000065],[80.80302413900006,29.36486558400003],[80.79735532600006,29.365797833000045],[80.79289782600006,29.36520895900003],[80.78747251400006,29.366386958000078],[80.78472813900004,29.36604870800005],[80.78007251300005,29.364617646000056],[80.77632576300005,29.364994959000057],[80.77522726400008,29.362827396000057],[80.77288451400005,29.36158270900006],[80.77269576400005,29.358336146000056],[80.77006626400004,29.35724427100007],[80.76822070100008,29.357983271000023],[80.76701938900004,29.359515271000078],[80.76724563900007,29.361821147000057],[80.76561088900007,29.363390646000028],[80.76511745200008,29.35983895800007],[80.76554563800005,29.357297334000066],[80.76653170100008,29.355713146000028],[80.77009545100003,29.352276834000065],[80.77137588900007,29.35041339600008],[80.77429545100006,29.349935583000047],[80.77996845100006,29.350578959000075],[80.78337338800003,29.35208695800003],[80.78770863800008,29.352181959000063],[80.79177682600005,29.349422584000024],[80.79433720100008,29.347263146000046],[80.79741382600008,29.34392683300007],[80.80020288900005,29.343355771000063],[80.80219876400008,29.342172146000053],[80.80582076300004,29.341764708000028],[80.80887801400007,29.34005908300003],[80.81358963900004,29.335774959000048],[80.81364826400005,29.33344020800007],[80.81102745100003,29.329351021000036],[80.81083476400005,29.328416834000052],[80.80472851400003,29.320417521000024],[80.81051207600007,29.317249521000065],[80.81250276400004,29.315397958000062],[80.81287051400005,29.310976896000057],[80.81247607600005,29.30990027100006],[80.81352020100007,29.307438271000024],[80.81551057600007,29.308282458000065],[80.81768620100007,29.310124021000036],[80.82051770100009,29.309349583000028],[80.82319201300004,29.313540146000037],[80.82894007600004,29.316775833000065],[80.83595245100008,29.32244927100004],[80.84253807600004,29.32030958400003],[80.84593338800005,29.321109896000053],[80.84795932700007,29.31829452100004],[80.85585238900006,29.31251233300003],[80.85430776300007,29.30811383400004],[80.85588788800004,29.30811108300003],[80.86015551300005,29.30695833300007],[80.86349057600006,29.304676521000033],[80.86820670100008,29.299871583000026],[80.86941857600004,29.299886334000064],[80.87159645100007,29.29824158300005],[80.87484645100005,29.294044146000033],[80.87573188900006,29.291798021000034],[80.87752251400008,29.289902459000075],[80.87668988900003,29.28726227100003],[80.87785988900004,29.28646020800005],[80.87960732700003,29.287219771000025],[80.88283026300007,29.286083396000038],[80.88331170200007,29.283674459000054],[80.88662801400005,29.28524070800006],[80.89109188800006,29.285576021000054],[80.89360157600004,29.28780464600004],[80.89572926400007,29.288397458000077],[80.89878932700003,29.290481959000033],[80.90211138900008,29.29051152100004],[80.90538251400005,29.29115683300006],[80.91056445200007,29.29737552100005],[80.91302507600005,29.29795464600005],[80.91671051400004,29.299829396000064],[80.92151032600003,29.29845395800004],[80.92233726400008,29.297394146000045],[80.92473157600006,29.296439021000026],[80.92774182600004,29.296927958000026],[80.92923326400006,29.29884177100007],[80.93303263900003,29.29661489600005],[80.93686295100008,29.296655084000065],[80.94019976300007,29.297247709000033],[80.94214288800003,29.29952252100003],[80.94638745100008,29.300036396000053],[80.94722370100004,29.301719709000054]]]}},{"type":"Feature","properties":{"STATE_CODE":7,"DISTRICT":"DOTI","GaPa_NaPa":"Badikedar","Type_GN":"Gaunpalika","Province":"Sudur Pashchim","provinceId":"7","provinceCode":"7","provinceName":"Sudurpashchim","districtId":"706","districtName":"Doti","municipalityId":"70608","municipalityCode":"70608","municipalityName":"Badi Kedar Rural Municipality","municipalityNameNe":"बडीकेदार गाउँपालिका","municipalityType":"rural_municipality"},"geometry":{"type":"Polygon","coordinates":[[[80.88096957700003,29.12538939500007],[80.87312682600003,29.127872770000067],[80.87132495100008,29.128175646000045],[80.86806932700006,29.126712833000056],[80.86469507600003,29.126163521000024],[80.86082626400008,29.12724245800007],[80.85684707600007,29.126552459000038],[80.85426070100004,29.124886958000047],[80.85323120100009,29.122686271000077],[80.85200632600004,29.121753209000076],[80.84559270100004,29.11915833300003],[80.84399182600004,29.11711258400004],[80.83909820100007,29.112926396000034],[80.83866032600008,29.111583583000026],[80.83567395100005,29.11088058400003],[80.83327982700007,29.109727083000053],[80.83279801400005,29.108381895000036],[80.82784976400006,29.106300146000024],[80.82382776400004,29.103253833000053],[80.82382276300007,29.102028896000036],[80.82092976400008,29.10063983300006],[80.81984482600006,29.09894408300005],[80.81959982600006,29.096358396000028],[80.82104407600008,29.09549177100007],[80.82190120100006,29.092190146000064],[80.82143651300004,29.090192959000035],[80.82323820100004,29.087709146000066],[80.82793732600004,29.087031771000056],[80.82738938900007,29.085221770000032],[80.82486163800007,29.083585146000075],[80.82392176300004,29.08102558300004],[80.82460095100004,29.077139396000064],[80.82300926300007,29.073038146000044],[80.82498126400003,29.071517896000046],[80.82364057600006,29.068948834000025],[80.82443545100006,29.068135459000075],[80.82353388900003,29.066151208000065],[80.81999313900008,29.06352270900004],[80.81881501300006,29.061190771000042],[80.81537163800004,29.056610959000068],[80.81419345200004,29.056961208000075],[80.81325695100008,29.054394770000044],[80.81123101300005,29.05353470800003],[80.80879738800007,29.053619208000043],[80.80603495100007,29.052588770000057],[80.80201813900004,29.048594208000054],[80.79942945100004,29.044924395000066],[80.79753295100005,29.048118271000078],[80.79406232600007,29.051837771000066],[80.78681795100005,29.054472709000038],[80.78344151300007,29.054413209000074],[80.77979770100006,29.053351458000066],[80.77793588900005,29.05016514500005],[80.77812613900005,29.047347708000075],[80.77920157700004,29.044658084000048],[80.77869395100004,29.04221620800007],[80.77483263800008,29.041325458000074],[80.77305332600008,29.04032527100003],[80.77080907600003,29.039951459000065],[80.76586026300004,29.043629271000043],[80.76334438900005,29.044001646000027],[80.76152182600003,29.042750771000044],[80.75616845100006,29.041705708000052],[80.75340920100007,29.04399052100007],[80.74828870100004,29.045627896000042],[80.74626713900005,29.048004208000066],[80.74245582600008,29.049104646000046],[80.74027070100004,29.046867021000025],[80.73813201400003,29.046217584000033],[80.73758982600003,29.04437789600007],[80.73973770100008,29.042367458000058],[80.73759813800007,29.039304146000063],[80.73730720100008,29.037864271000046],[80.73886276400003,29.03592258300006],[80.74201407600003,29.034969833000048],[80.74068420100008,29.033329458000026],[80.74073220100007,29.030805083000075],[80.74252957600004,29.027668146000053],[80.74183413800006,29.025767271000063],[80.74269213900004,29.021110209000028],[80.73913932600004,29.01814802000007],[80.74122513900005,29.016372020000063],[80.74150638800006,29.014635458000043],[80.73818070100003,29.014581646000067],[80.73842157600006,29.010683708000045],[80.74159913800008,29.010353708000025],[80.74592370100004,29.008581959000026],[80.75025245100005,29.00604302100004],[80.75201813900003,29.004033896000067],[80.75457738800003,29.002590208000072],[80.76167732600004,29.003277584000045],[80.76489226300004,29.00147839600004],[80.76523257600007,28.999796021000066],[80.76247388800005,28.99626045800005],[80.76314626300007,28.992593271000032],[80.76237213800005,28.989429021000035],[80.76401782600004,28.98804677100003],[80.77173770100006,28.985136271000044],[80.77451851300003,28.984969458000023],[80.77736632600005,28.985477333000063],[80.77981226400004,28.984881208000047],[80.78425332600006,28.985023771000044],[80.78658001300005,28.98331520800008],[80.78877201400007,28.980277521000062],[80.79417945100005,28.979347396000037],[80.80052832600006,28.976764771000035],[80.80152701400004,28.97527277000006],[80.80478338800003,28.972276959000055],[80.80810820100004,28.967219208000074],[80.80672351400005,28.962378021000063],[80.80543801400006,28.960260021000067],[80.80570551300008,28.95919327100006],[80.80927913800008,28.957722959000023],[80.81096532600003,28.95639870900004],[80.81140207600004,28.954125270000077],[80.80899451400006,28.946988271000066],[80.80716145100007,28.94525752100003],[80.80759270100003,28.943884208000043],[80.81202470100004,28.942739896000035],[80.81228045100005,28.938541771000075],[80.81678451300007,28.939319521000073],[80.81768988800007,28.93874770800005],[80.81876088900003,28.93624264600004],[80.81796926400006,28.933001895000075],[80.81835838800004,28.93157208300005],[80.82280482600004,28.93062370800004],[80.82758257600005,28.931658709000033],[80.83077126300003,28.93369089600003],[80.83130695100004,28.936080771000036],[80.83312226300006,28.936220646000038],[80.83397638900004,28.937390333000053],[80.83343476300007,28.94029320800007],[80.83799982600004,28.946509646000038],[80.83894763800004,28.946670958000027],[80.84092182600006,28.94891364600005],[80.84135213800005,28.951224271000058],[80.83856770100004,28.955171333000067],[80.83875938800008,28.956019833000028],[80.84300651300003,28.95916070900006],[80.84477945100008,28.96178658300005],[80.84535132600007,28.964711084000044],[80.84826907600007,28.968319584000028],[80.85020976300007,28.972001333000037],[80.85226420200007,28.974634146000028],[80.85539188900003,28.976925146000042],[80.85732526300006,28.977576959000032],[80.86052613900006,28.977047896000045],[80.86410563900006,28.97535952100003],[80.86531663900007,28.973892083000067],[80.86717413900004,28.96941789600004],[80.86871188900005,28.96866595800003],[80.87504826300005,28.969558583000037],[80.88102151400005,28.96828483300004],[80.88365188900008,28.96703720800008],[80.88621995100004,28.963560646000076],[80.88714101300008,28.959942709000075],[80.88707701400006,28.957749770000078],[80.88614320200008,28.956641271000024],[80.88586457600007,28.951914646000034],[80.88489638900006,28.949190771000076],[80.88277607600008,28.94574845900007],[80.88278013800004,28.944482833000052],[80.88409932600007,28.941395396000075],[80.88500695200008,28.94044864600005],[80.88988788900008,28.940229395000074],[80.89301732600006,28.938718083000026],[80.89475251400006,28.935405333000062],[80.89620432700008,28.934352833000048],[80.89940663900006,28.934628271000065],[80.90029801400004,28.93683077000003],[80.89841407600005,28.94121745800004],[80.90000145100004,28.942182021000065],[80.90085307600003,28.94075452100003],[80.90124332600004,28.937325646000033],[80.90368932600006,28.936479145000078],[80.90472251400007,28.936917521000055],[80.90531538800008,28.93999745900004],[80.90815082600005,28.94036714600003],[80.90941226300004,28.939061770000023],[80.91037851300007,28.93613858300006],[80.91196826400005,28.93351133300007],[80.91249195100005,28.93104352100005],[80.91528526400003,28.931334083000024],[80.91673713900008,28.932584834000068],[80.91859401300007,28.93537445800007],[80.92030207600004,28.93916114500007],[80.92312132600006,28.941542896000044],[80.92583220200004,28.942749209000056],[80.93154501400005,28.943557646000045],[80.93402126400008,28.94340095800004],[80.93938332600004,28.942092708000075],[80.94778695100007,28.93817745800004],[80.95499126300007,28.935761459000048],[80.95823838900003,28.936152896000067],[80.96200226400003,28.93774458300004],[80.96764870200008,28.940685646000077],[80.97069332600006,28.941304521000063],[80.97599282600004,28.939475896000033],[80.98044870200005,28.939014145000044],[80.98096501400005,28.94327814500008],[80.98159151400006,28.944801020000057],[80.98068107600005,28.946037271000023],[80.98189770100004,28.948661208000033],[80.98119095100003,28.95072314500004],[80.98172513800006,28.952573208000047],[80.98410532600008,28.95440314600006],[80.98583451300004,28.95755052000004],[80.98579245100007,28.96031645800008],[80.98671288900005,28.964169895000055],[80.99031613800008,28.967209084000046],[80.99152676400007,28.967588146000026],[80.99031457700005,28.97322145800007],[80.98763970100003,28.97495608400004],[80.98633401300003,28.978091896000024],[80.98596926300007,28.980738208000048],[80.98658495200004,28.981706083000063],[80.98523632700005,28.98332358300007],[80.98027632700007,28.983855333000065],[80.98055601400006,28.98549102100003],[80.98212751300008,28.986452271000076],[80.98324138900006,28.988940833000072],[80.98452876400006,28.99003289600006],[80.98494663900004,28.992591334000053],[80.98607295200003,28.994274458000064],[80.98437563800007,28.997401084000046],[80.98623088900007,28.998269896000068],[80.98678788900008,29.002484209000045],[80.98554726400005,29.003307584000027],[80.98509013800003,29.005353709000076],[80.98609951300006,29.00694208400006],[80.98814520100007,29.00798908300004],[80.98820057600005,29.009092271000043],[80.99012288900008,29.00979408300003],[80.99066388800009,29.011790708000035],[80.99429351400005,29.016745146000062],[80.99689126300007,29.01881627000006],[80.99916351400003,29.018915583000023],[80.99893313900003,29.021309208000048],[81.00079895100004,29.022078521000026],[80.99941120100004,29.02458045800006],[80.99615826300004,29.02464583400007],[80.99418263800004,29.025410521000026],[80.99209351400003,29.02830945900007],[80.99280001400007,29.030044334000024],[80.99229638800006,29.032029645000023],[80.99273457600003,29.033870583000066],[80.99289951400004,29.038793208000072],[80.99227488900004,29.040683770000044],[80.99282101400007,29.041899771000033],[80.99273795100004,29.044591209000032],[80.99500207600005,29.046369021000032],[80.99486432600008,29.048024958000042],[80.99785632600003,29.05291614500004],[80.99947301400005,29.053892959000052],[81.00137445100006,29.05673777100003],[81.00313782700005,29.05787477100006],[81.00362063800003,29.06071739600003],[81.00520801400006,29.063862146000076],[81.00220007600007,29.064782708000052],[80.99765801400008,29.06713577100004],[80.99478601400006,29.06750114600004],[80.98602295100005,29.072590083000023],[80.98231276400008,29.07194670800004],[80.97757501300003,29.072943146000057],[80.96784920100004,29.07393383300007],[80.95928626400007,29.077232021000043],[80.95779132600006,29.077157208000074],[80.95449570100004,29.078333646000033],[80.95162563900004,29.07839583300006],[80.94942676400007,29.077842333000035],[80.94330676400006,29.079570209000053],[80.93941676400004,29.07887820800005],[80.92967938800007,29.07565183300005],[80.92722282600005,29.07625514600005],[80.92281276400007,29.07553302100007],[80.92164513800003,29.07734389500007],[80.91593176400005,29.083237646000043],[80.91537788800008,29.084929333000048],[80.91255495100006,29.08899958300003],[80.91044195100005,29.091245208000032],[80.91200751300005,29.093177396000044],[80.91329276400006,29.096237333000033],[80.91002657600006,29.096711208000045],[80.90787101300003,29.098248333000072],[80.90437457600007,29.099640083000054],[80.90059420100005,29.10041339600008],[80.89983345100006,29.101773209000044],[80.89727263900005,29.10309102100007],[80.89334513900008,29.103724146000047],[80.89173351400007,29.105216333000044],[80.88869070100003,29.10600345900008],[80.88882332700007,29.109915458000046],[80.88964582600005,29.11464470800007],[80.88851176300005,29.116800521000073],[80.88861520200004,29.118296333000046],[80.88670763900006,29.120210084000064],[80.88452263900007,29.122622146000026],[80.88096957700003,29.12538939500007]]]}},{"type":"Feature","properties":{"STATE_CODE":7,"DISTRICT":"DOTI","GaPa_NaPa":"Bogtan","Type_GN":"Gaunpalika","Province":"Sudur Pashchim","provinceId":"7","provinceCode":"7","provinceName":"Sudurpashchim","districtId":"706","districtName":"Doti","municipalityId":"70607","municipalityCode":"70607","municipalityName":"Bogatan Phudsil Rural Municipality","municipalityNameNe":"बोगटान फुड्सिल गाउँपालिका","municipalityType":"rural_municipality"},"geometry":{"type":"Polygon","coordinates":[[[81.10748451400008,29.099313021000057],[81.10367970100003,29.100712521000048],[81.10140738900003,29.10320258300004],[81.10042801400004,29.105290146000073],[81.09848176400004,29.107229458000063],[81.09422882700005,29.109337396000058],[81.08728088800007,29.118172083000047],[81.08327276400007,29.120854708000024],[81.08097988800006,29.124079959000028],[81.07682457600004,29.12586914600007],[81.07499651300003,29.127751646000036],[81.07313638900007,29.13078027100005],[81.07406938900004,29.132871021000028],[81.07243538900008,29.13463839600007],[81.06887220100003,29.13462670800004],[81.06713895100006,29.135135209000055],[81.06673895100005,29.136437083000033],[81.06881395200008,29.139797458000032],[81.06905282600007,29.14200820800005],[81.06829301400006,29.144305209000038],[81.06717563800004,29.145571396000037],[81.06353426400005,29.14647552100007],[81.06107407600007,29.147909208000044],[81.05890370100008,29.14794633300005],[81.05754701400008,29.148989146000076],[81.05707420100003,29.151493521000077],[81.06063401400007,29.153470395000056],[81.06025538800003,29.158742833000076],[81.05917476400003,29.16125420900005],[81.05488401400004,29.162014084000077],[81.05446607700003,29.16148408300006],[81.05614788900004,29.158338521000076],[81.05348488900006,29.159027708000053],[81.05296870200004,29.157428458000027],[81.05086607600003,29.157749583000054],[81.05042057600008,29.156684958000028],[81.04788057600007,29.156685896000056],[81.04812832700003,29.15548108300004],[81.04375576400008,29.154638833000035],[81.04207213900008,29.153486584000063],[81.04110657600006,29.154583271000035],[81.03790213900004,29.155367083000044],[81.03567263800005,29.15389227000003],[81.03459538900006,29.154682146000027],[81.03287482600007,29.15414108300007],[81.03088276400007,29.152510520000078],[81.02671545100003,29.150456209000026],[81.02357788900008,29.151190020000058],[81.02076401300008,29.14973989600003],[81.01998045100004,29.147526834000075],[81.01757488800007,29.145711146000053],[81.01643657600005,29.142792021000048],[81.01715613900006,29.138965771000073],[81.01633282600005,29.13700314600004],[81.01626570200006,29.134636645000057],[81.01517476400005,29.131949896000037],[81.01174763900008,29.129985271000066],[81.00921963800005,29.131090896000046],[81.00509126300005,29.130583584000078],[81.00422720100005,29.128868958000055],[81.00386538900005,29.12526164600007],[81.00000026400005,29.124880895000047],[80.99950251400008,29.121999583000047],[80.99821976300007,29.11981802100007],[80.99811088800004,29.116901021000047],[80.99112232600004,29.117306770000027],[80.98980038900004,29.11790902100006],[80.98310932600003,29.118531021000024],[80.98125832600005,29.119388146000063],[80.97926351300003,29.122850709000033],[80.97889326300003,29.12432833400004],[80.97656576300005,29.125284521000026],[80.97498688800005,29.12522558300003],[80.97253657600004,29.12649520900004],[80.96618926300005,29.12787439600004],[80.96018913900008,29.13059127100007],[80.95902632700006,29.130523208000056],[80.95790288800004,29.128000646000032],[80.95632576300005,29.127490333000026],[80.95228207700006,29.12873195900005],[80.94989082600006,29.13071414600006],[80.94766670100006,29.131615646000057],[80.93912313800007,29.13277389500007],[80.93566401400005,29.13285802100006],[80.93236382600008,29.131624584000065],[80.92863220100008,29.131198521000044],[80.92489163900007,29.128741958000035],[80.92098913800004,29.12707933300004],[80.91673545100008,29.124216146000037],[80.91230301300004,29.122965771000054],[80.91035613800005,29.121407833000035],[80.90380276400003,29.119952708000028],[80.90076426300004,29.119921146000024],[80.89727307600003,29.12045095900004],[80.89025582700003,29.11992427100006],[80.88862282600007,29.120726021000053],[80.88670763900006,29.120210084000064],[80.88861520200004,29.118296333000046],[80.88851176300005,29.116800521000073],[80.88964582600005,29.11464470800007],[80.88882332700007,29.109915458000046],[80.88869070100003,29.10600345900008],[80.89173351400007,29.105216333000044],[80.89334513900008,29.103724146000047],[80.89727263900005,29.10309102100007],[80.89983345100006,29.101773209000044],[80.90059420100005,29.10041339600008],[80.90437457600007,29.099640083000054],[80.90787101300003,29.098248333000072],[80.91002657600006,29.096711208000045],[80.91329276400006,29.096237333000033],[80.91200751300005,29.093177396000044],[80.91044195100005,29.091245208000032],[80.91255495100006,29.08899958300003],[80.91537788800008,29.084929333000048],[80.91593176400005,29.083237646000043],[80.92164513800003,29.07734389500007],[80.92281276400007,29.07553302100007],[80.92722282600005,29.07625514600005],[80.92967938800007,29.07565183300005],[80.93941676400004,29.07887820800005],[80.94330676400006,29.079570209000053],[80.94942676400007,29.077842333000035],[80.95162563900004,29.07839583300006],[80.95449570100004,29.078333646000033],[80.95779132600006,29.077157208000074],[80.95928626400007,29.077232021000043],[80.96784920100004,29.07393383300007],[80.97757501300003,29.072943146000057],[80.98231276400008,29.07194670800004],[80.98602295100005,29.072590083000023],[80.99478601400006,29.06750114600004],[80.99765801400008,29.06713577100004],[81.00220007600007,29.064782708000052],[81.00520801400006,29.063862146000076],[81.00362063800003,29.06071739600003],[81.00313782700005,29.05787477100006],[81.00137445100006,29.05673777100003],[80.99947301400005,29.053892959000052],[80.99785632600003,29.05291614500004],[80.99486432600008,29.048024958000042],[80.99500207600005,29.046369021000032],[80.99273795100004,29.044591209000032],[80.99282101400007,29.041899771000033],[80.99227488900004,29.040683770000044],[80.99289951400004,29.038793208000072],[80.99273457600003,29.033870583000066],[80.99229638800006,29.032029645000023],[80.99280001400007,29.030044334000024],[80.99209351400003,29.02830945900007],[80.99418263800004,29.025410521000026],[80.99615826300004,29.02464583400007],[80.99941120100004,29.02458045800006],[81.00079895100004,29.022078521000026],[80.99893313900003,29.021309208000048],[80.99916351400003,29.018915583000023],[80.99689126300007,29.01881627000006],[80.99429351400005,29.016745146000062],[80.99066388800009,29.011790708000035],[80.99012288900008,29.00979408300003],[80.98820057600005,29.009092271000043],[80.98814520100007,29.00798908300004],[80.98609951300006,29.00694208400006],[80.98509013800003,29.005353709000076],[80.98554726400005,29.003307584000027],[80.98678788900008,29.002484209000045],[80.98623088900007,28.998269896000068],[80.98437563800007,28.997401084000046],[80.98607295200003,28.994274458000064],[80.98494663900004,28.992591334000053],[80.98452876400006,28.99003289600006],[80.98324138900006,28.988940833000072],[80.98212751300008,28.986452271000076],[80.98055601400006,28.98549102100003],[80.98027632700007,28.983855333000065],[80.98523632700005,28.98332358300007],[80.98658495200004,28.981706083000063],[80.98596926300007,28.980738208000048],[80.98633401300003,28.978091896000024],[80.98763970100003,28.97495608400004],[80.99031457700005,28.97322145800007],[80.99152676400007,28.967588146000026],[80.99031613800008,28.967209084000046],[80.98671288900005,28.964169895000055],[80.98579245100007,28.96031645800008],[80.98583451300004,28.95755052000004],[80.98410532600008,28.95440314600006],[80.98172513800006,28.952573208000047],[80.98119095100003,28.95072314500004],[80.98189770100004,28.948661208000033],[80.98068107600005,28.946037271000023],[80.98159151400006,28.944801020000057],[80.98096501400005,28.94327814500008],[80.98044870200005,28.939014145000044],[80.98274101400006,28.938698583000075],[80.98403513800008,28.94139695800004],[80.98572751400008,28.942777895000063],[80.98874982600006,28.943831771000077],[80.99422001300007,28.947886208000057],[80.99657845200005,28.95106058300007],[81.00032482600005,28.95485302000003],[81.00276695200006,28.95632395800004],[81.00600145100003,28.95730295900006],[81.00929370100005,28.957458458000076],[81.01223213800006,28.95679039600003],[81.01505251400005,28.95542977100007],[81.01747370100009,28.953320021000025],[81.02061576400007,28.95213739600007],[81.02253338900005,28.95281170900006],[81.02616201400008,28.95608908300005],[81.02946157600007,28.960686208000027],[81.03000538900005,28.96293314600007],[81.03096545100004,28.96376989600003],[81.03934657600007,28.96764808300003],[81.04421395200006,28.970509521000054],[81.04808945100007,28.97431864600003],[81.04986507600006,28.977943458000027],[81.05096501400004,28.978265646000068],[81.05399626400003,28.977353021000056],[81.05572363900006,28.975423334000027],[81.05868963900008,28.973206708000077],[81.06608182600007,28.970349396000074],[81.07108376300005,28.970423521000043],[81.07479582600007,28.96992295800004],[81.07826163900006,28.96865308400004],[81.08256776400003,28.967605958000036],[81.09072270100006,28.967756396000027],[81.09831120100006,28.964283521000027],[81.10279795100007,28.963790583000048],[81.10553676400008,28.965588771000057],[81.10371276300003,28.969811271000026],[81.10421232700008,28.970968208000045],[81.10743732600008,28.973460896000063],[81.10681670100007,28.976897334000057],[81.10781626400006,28.978017770000065],[81.11009557600005,28.977661709000074],[81.11892313900006,28.974022020000064],[81.12106170100003,28.974333646000048],[81.12622432600006,28.97815289600004],[81.13104476400008,28.980417896000063],[81.13354701400004,28.980823771000075],[81.13612220100003,28.985752896000065],[81.13681076300008,28.987893146000033],[81.13816713900007,28.989272459000063],[81.14032482600004,28.989687583000034],[81.14336251400005,28.98948589500003],[81.14496807600005,28.990370771000073],[81.14700470100007,28.993387146000032],[81.14891901400006,28.998066270000038],[81.14871213900005,29.00099483300005],[81.14968320100007,29.00323177100006],[81.15187163900003,29.006029021000074],[81.15073282600008,29.008083271000032],[81.14906170100005,29.009427521000077],[81.14866307600005,29.011760708000054],[81.14726357700005,29.014232583000023],[81.14600463800008,29.018795646000058],[81.14581032600006,29.021160146000057],[81.14637145200004,29.02341108400003],[81.14681813900006,29.028398646000028],[81.14681863900006,29.03374089500005],[81.14637832600005,29.035334146000025],[81.14416157700003,29.037398520000067],[81.14083813900004,29.038762458000065],[81.13804863800004,29.04255320900006],[81.13818438900006,29.044168396000032],[81.13721013800006,29.048866333000035],[81.13345026300004,29.05231514600007],[81.13293651400005,29.055113083000037],[81.13333926400009,29.058814833000042],[81.13282520100006,29.05967483300003],[81.12456226400008,29.062845709000044],[81.12308995100005,29.065294833000053],[81.12229045200007,29.07029714600003],[81.12126132600008,29.07221345800008],[81.12261813900005,29.073746334000077],[81.12435288900008,29.07453202000005],[81.12643076400008,29.074202958000058],[81.12974695100007,29.07830345800005],[81.13030470200005,29.081213208000065],[81.12882807600005,29.082857021000052],[81.11928007600005,29.083955458000048],[81.11706157600008,29.08505608400003],[81.11530295100005,29.085165896000035],[81.11321145100004,29.08417502100008],[81.11118620100007,29.08531152100005],[81.11080376400008,29.086757958000078],[81.11093907600008,29.094087583000032],[81.11139776400006,29.09667708300003],[81.11035070100007,29.098130833000027],[81.10748451400008,29.099313021000057]]]}},{"type":"Feature","properties":{"STATE_CODE":7,"DISTRICT":"DOTI","GaPa_NaPa":"Dipayal Silgadi","Type_GN":"Nagarpalika","Province":"Sudur Pashchim","provinceId":"7","provinceCode":"7","provinceName":"Sudurpashchim","districtId":"706","districtName":"Doti","municipalityId":"70605","municipalityCode":"70605","municipalityName":"Dipayal Silgadhi Urban Municipality","municipalityNameNe":"दिपायल सिलगढी नगरपालिका","municipalityType":"municipality"},"geometry":{"type":"Polygon","coordinates":[[[81.00445457600006,29.329227521000064],[81.00224113800004,29.329760022000073],[80.99835901400007,29.331393271000024],[80.99311720100008,29.33517633400004],[80.99171345100007,29.334136271000034],[80.98565701300004,29.333558208000056],[80.98258720200005,29.33479189600007],[80.97838526400005,29.335077709000075],[80.97616338900008,29.333432771000048],[80.97566795100005,29.329796146000035],[80.97851307600007,29.32859877100003],[80.97878788800006,29.32719333400007],[80.98215413900004,29.325077771000053],[80.98238270100006,29.320441896000034],[80.98551938800006,29.31672902100007],[80.98662432700007,29.314349083000025],[80.98951032600007,29.31414408300003],[80.98915051400007,29.311734709000064],[80.98674382600007,29.310913334000077],[80.98503938800008,29.30707127100004],[80.98515138800008,29.304763458000025],[80.98312070100008,29.304061646000036],[80.97857945100003,29.305121271000075],[80.97650263900005,29.303690646000064],[80.97162263800004,29.30333777100003],[80.96966588900005,29.299998583000047],[80.96725738900005,29.29703370900006],[80.96744820100008,29.29506208400005],[80.96376813900008,29.292259271000034],[80.96248963900007,29.290668458000027],[80.96113270100005,29.292470584000057],[80.95901226400008,29.293649771000048],[80.95383182600006,29.294309146000046],[80.94949851400008,29.300064646000067],[80.94722370100004,29.301719709000054],[80.94638745100008,29.300036396000053],[80.94214288800003,29.29952252100003],[80.94019976300007,29.297247709000033],[80.93686295100008,29.296655084000065],[80.93303263900003,29.29661489600005],[80.92923326400006,29.29884177100007],[80.92774182600004,29.296927958000026],[80.92473157600006,29.296439021000026],[80.92233726400008,29.297394146000045],[80.92151032600003,29.29845395800004],[80.91671051400004,29.299829396000064],[80.91302507600005,29.29795464600005],[80.91056445200007,29.29737552100005],[80.90538251400005,29.29115683300006],[80.90211138900008,29.29051152100004],[80.89878932700003,29.290481959000033],[80.89572926400007,29.288397458000077],[80.89360157600004,29.28780464600004],[80.89109188800006,29.285576021000054],[80.88662801400005,29.28524070800006],[80.88331170200007,29.283674459000054],[80.88283026300007,29.286083396000038],[80.87960732700003,29.287219771000025],[80.87785988900004,29.28646020800005],[80.87668988900003,29.28726227100003],[80.87752251400008,29.289902459000075],[80.87573188900006,29.291798021000034],[80.87484645100005,29.294044146000033],[80.87159645100007,29.29824158300005],[80.86941857600004,29.299886334000064],[80.86820670100008,29.299871583000026],[80.86349057600006,29.304676521000033],[80.86015551300005,29.30695833300007],[80.85588788800004,29.30811108300003],[80.85430776300007,29.30811383400004],[80.85170101400007,29.307183833000067],[80.85164157600008,29.30601064600006],[80.84878088900007,29.302361834000067],[80.84914145100004,29.299573958000053],[80.84874732600008,29.295413583000027],[80.84982201300005,29.286517333000063],[80.85778945100003,29.288371459000075],[80.86105613900008,29.290272083000048],[80.86341682600005,29.28997902100008],[80.86468157600007,29.28908695900003],[80.86565351300004,29.286789146000046],[80.86556057600006,29.28458045900004],[80.86829007600005,29.28399664600005],[80.86982201400008,29.281900146000055],[80.86777770100008,29.27823664600004],[80.86788688800004,29.276623834000077],[80.87265438900005,29.270909646000064],[80.87489876300003,29.26956952100005],[80.87827276400003,29.269477833000053],[80.88184707600004,29.271389584000076],[80.88540251400008,29.27244845900003],[80.88946032600006,29.270351583000036],[80.89292101400008,29.26733820900006],[80.89427320200008,29.265363146000027],[80.89461751300007,29.259529459000078],[80.89511826400008,29.257323584000062],[80.89688595100006,29.25424783300008],[80.89963032600008,29.252562459000046],[80.90228738800005,29.252036521000036],[80.90457670100005,29.25266533300004],[80.90632338800003,29.25244095800008],[80.90785801300007,29.25096439600003],[80.90718626400007,29.248410209000042],[80.90908220100005,29.244066521000036],[80.90945751400005,29.24179052100004],[80.90864051300008,29.239245271000073],[80.90920882600005,29.23793495800004],[80.91076307600008,29.23763370900008],[80.91366013900006,29.240568334000045],[80.91507663900006,29.243156833000057],[80.91704851400004,29.245366646000036],[80.91881213900007,29.246315208000055],[80.92302345100006,29.246430521000036],[80.92391851400004,29.24529177100004],[80.92655188900005,29.245500771000025],[80.92888720100007,29.242923521000023],[80.93165401400006,29.242103771000075],[80.92988182600004,29.24045827100008],[80.92668045100004,29.241142333000028],[80.92391007600008,29.238521646000038],[80.92478938900007,29.239025208000044],[80.92907345100008,29.23955095900004],[80.93144763900006,29.237641396000072],[80.93284588900008,29.238318896000067],[80.93421045100007,29.23629820800005],[80.93735626300008,29.230490646000078],[80.93898238900005,29.228379833000076],[80.94219932600004,29.22607339600006],[80.94466132600007,29.228454458000044],[80.95009476300004,29.23229402100003],[80.94976182600004,29.234033208000028],[80.95128976300003,29.235130146000074],[80.95298820100004,29.238408709000055],[80.95397963900007,29.239385834000075],[80.95668682600007,29.23901452100006],[80.95843438900005,29.240490521000027],[80.96120682600008,29.24020708300003],[80.96107663900005,29.23502508400003],[80.96203563800003,29.232683708000025],[80.96465795100005,29.231639896000047],[80.96860157600008,29.231440083000052],[80.97259951400008,29.229665521000072],[80.97408095100008,29.228454396000075],[80.97734607600006,29.226995396000063],[80.97767645100004,29.22604345800005],[80.97625651400006,29.22302245800006],[80.97767538900007,29.22068327100004],[80.98294032600006,29.222021833000042],[80.98557832600005,29.222240958000043],[80.98995026400007,29.221325396000054],[80.99389051400004,29.217937208000023],[80.99581026300007,29.211178396000037],[80.99742338900006,29.207961459000046],[81.00084151400006,29.20773358400004],[81.00562501400003,29.205743709000046],[81.00905345100006,29.20304089600006],[81.00930488800003,29.199943459000053],[81.01221463800005,29.19756764600004],[81.01379201300006,29.194517458000064],[81.01713607700003,29.192118958000037],[81.01850026400007,29.19162920900004],[81.02241345100003,29.19178652100004],[81.02485863900006,29.19075289600005],[81.02228038800007,29.187279146000037],[81.02270882600004,29.184332771000072],[81.02510220100004,29.182631333000074],[81.02738288800003,29.182630896000035],[81.03115138900006,29.181432146000077],[81.03219620100003,29.18161464600007],[81.03463426300004,29.186216209000065],[81.03204688900007,29.18608602100005],[81.02853445100004,29.18896314600005],[81.02832276400005,29.191620646000047],[81.02994488800005,29.19298070800005],[81.02852901400007,29.194770021000068],[81.02957951400003,29.19546914600005],[81.02949601400007,29.197914583000056],[81.03098676400003,29.19914383400004],[81.03067801400005,29.200826834000054],[81.02850951400006,29.203405834000023],[81.02951376400006,29.205936896000026],[81.03259613900008,29.207668709000075],[81.03145520100009,29.210430333000033],[81.03086113800003,29.213340646000063],[81.02793170100006,29.215507021000064],[81.02985620100003,29.216427021000072],[81.03047020200006,29.218619709000052],[81.03191220100007,29.219219459000044],[81.03342488900006,29.21673977100005],[81.03586026300007,29.21855295900008],[81.03359926300004,29.220274833000076],[81.03317051400006,29.222494771000072],[81.03517113800007,29.222573209000075],[81.03617126400007,29.224321334000024],[81.03634813900004,29.22630877100005],[81.03545426400007,29.227845271000035],[81.03978270100004,29.231496521000054],[81.03872720100009,29.23402802100003],[81.04010745100004,29.234857833000035],[81.04168595100003,29.23765245800007],[81.04481638900006,29.239185521000024],[81.04646601400003,29.242359083000053],[81.04831538900004,29.244097771000042],[81.04853095100003,29.249103646000037],[81.05048932700004,29.24912095800005],[81.05133032600008,29.251365271000054],[81.05304263900007,29.25302952100003],[81.05206045100005,29.25480308400006],[81.05320670200007,29.256869084000073],[81.05296238900007,29.258969458000024],[81.05480357600004,29.261323959000038],[81.05460526400003,29.262352709000027],[81.05162507600005,29.263815771000054],[81.04895245100005,29.263828083000078],[81.04601688900004,29.264774333000048],[81.04130370100006,29.26414870900004],[81.03741420100005,29.26439127100008],[81.03358620100005,29.26587445900003],[81.03137195200003,29.26508764600004],[81.02479145100006,29.264062584000044],[81.02377007600006,29.264213896000058],[81.02159007600005,29.266749959000038],[81.01844007700004,29.26657220800007],[81.01548632600003,29.27102133300008],[81.01583257700008,29.272167271000058],[81.01966770100006,29.27652977100007],[81.02157357600004,29.28174977100008],[81.02421720200005,29.28502039600005],[81.02432463900004,29.287849334000043],[81.02350057600006,29.289509833000068],[81.02150570100008,29.290942708000046],[81.01922945100006,29.291132583000035],[81.01284995100008,29.294490146000044],[81.01383551300006,29.30055402100004],[81.01400295100007,29.30368977100005],[81.01482420100007,29.30500939600006],[81.01505782600003,29.307533771000067],[81.01355445100006,29.31131933300003],[81.01080020200004,29.31146852100005],[81.00880838900008,29.310033833000034],[81.00732851300006,29.312727584000072],[81.00182407600005,29.311173396000072],[81.00162457700003,29.313296209000043],[81.00311345100005,29.31679514600006],[81.00300001400007,29.319319521000068],[81.00342488900003,29.323662209000076],[81.00452463800008,29.326703146000057],[81.00445457600006,29.329227521000064]]]}},{"type":"Feature","properties":{"STATE_CODE":7,"DISTRICT":"DOTI","GaPa_NaPa":"Jorayal","Type_GN":"Gaunpalika","Province":"Sudur Pashchim","provinceId":"7","provinceCode":"7","provinceName":"Sudurpashchim","districtId":"706","districtName":"Doti","municipalityId":"70609","municipalityCode":"70609","municipalityName":"Jorayal Rural Municipality","municipalityNameNe":"जोरायल गाउँपालिका","municipalityType":"rural_municipality"},"geometry":{"type":"Polygon","coordinates":[[[80.70624732200008,29.19273626900008],[80.70387133200006,29.19305364400003],[80.70265132600008,29.194724833000066],[80.70145963800007,29.19438608400003],[80.69951739000004,29.188680899000076],[80.69774438400003,29.18791439900008],[80.69519870000005,29.187944714000025],[80.69112745100006,29.18969508400005],[80.68974282600004,29.190693458000055],[80.68752245800005,29.190783082000053],[80.68278838900005,29.191780333000054],[80.67824957600004,29.190603209000074],[80.67628102100008,29.18889745900003],[80.67508573700007,29.185059437000064],[80.67366145600005,29.184546144000024],[80.67217027200007,29.18284826300004],[80.66942682600006,29.18337164600007],[80.66395931900007,29.18315502200005],[80.65688988800008,29.181217271000037],[80.65316614000005,29.180503832000056],[80.64747013500005,29.17809539500007],[80.64439395200003,29.17886102400007],[80.64036932600004,29.177850900000067],[80.63600513900008,29.177699267000037],[80.63103057000006,29.176334332000067],[80.62516489400008,29.177572336000026],[80.62136426100005,29.181033575000072],[80.61771201300007,29.17949814600007],[80.61230332600007,29.174844396000026],[80.61020532600008,29.174080271000037],[80.60709232600004,29.170283459000075],[80.60543588900003,29.170050709000066],[80.60213557600008,29.170652333000078],[80.60047895100007,29.17037895900006],[80.59735345100006,29.167348896000078],[80.59616757600008,29.164626896000073],[80.59384151400008,29.16298652100005],[80.59357657600003,29.159094209000045],[80.59287726300005,29.15703695800005],[80.59556038900007,29.154035521000026],[80.59416370100007,29.15187014600008],[80.59336226400006,29.14857402100006],[80.59036707600006,29.147339959000078],[80.58357876300005,29.14726264600006],[80.57753782600008,29.147505396000042],[80.57660645100003,29.14596620800006],[80.57183226300003,29.144859084000075],[80.56913632600003,29.144825646000072],[80.56762120100007,29.143557458000032],[80.56718032600008,29.14121433300005],[80.56805676300007,29.13811295800008],[80.56645970100004,29.13543233400003],[80.56827620100006,29.13463495800005],[80.57083820100007,29.134383771000046],[80.57264470100006,29.13274720800007],[80.57385276400004,29.130158958000038],[80.57148207600005,29.126359146000027],[80.57044995100006,29.123080208000033],[80.56860951300007,29.119187271000044],[80.56762176400008,29.11847345900003],[80.56482570100007,29.118796021000037],[80.56087995100006,29.116324146000068],[80.55886820100005,29.116807083000026],[80.55161201400006,29.11364952100007],[80.54993788800004,29.112046646000067],[80.54640807600003,29.111211334000075],[80.54094545100008,29.107556145000046],[80.53427132600007,29.106646521000073],[80.53066213800008,29.105469896000045],[80.52838351300005,29.10589727000007],[80.52806988900005,29.102426584000057],[80.52938032600008,29.101282834000074],[80.53026801400006,29.098064458000067],[80.53192363800008,29.095275083000047],[80.53179876300004,29.09420758300007],[80.53328226400004,29.091476271000033],[80.53313413900008,29.089587583000025],[80.53540057600003,29.088929896000025],[80.53868507600004,29.086121208000066],[80.54258151300007,29.083316896000042],[80.54580651400005,29.081455396000024],[80.54926120100004,29.080271396000057],[80.55309701400006,29.078395958000044],[80.55750682600006,29.077298334000034],[80.56065695100006,29.076040834000025],[80.56147813800004,29.07420033300008],[80.56367376300005,29.072953208000058],[80.56280632600004,29.068093270000077],[80.56629482600005,29.064598834000037],[80.56734926300004,29.062371020000057],[80.56838870100006,29.06226383300003],[80.57086776300008,29.06439464500005],[80.57390470100006,29.064456208000024],[80.57502176400004,29.063661145000026],[80.57557076400008,29.060962458000063],[80.57912670100006,29.060924021000062],[80.57925088800005,29.058878271000026],[80.58075251400004,29.057660146000046],[80.58320376400007,29.057726521000063],[80.58463582600007,29.059352958000034],[80.58588907600006,29.058975583000063],[80.58773451400003,29.055861271000026],[80.58942245100008,29.055537083000047],[80.58907513800006,29.053936458000067],[80.59107776300004,29.05282589600006],[80.59247188900008,29.053249709000056],[80.59370863800007,29.05485752100003],[80.59507032600004,29.05448033400006],[80.59600782600006,29.05200833300006],[80.59783532600005,29.049852584000064],[80.59845720100003,29.048128646000066],[80.60262926400003,29.047759708000058],[80.60448701400009,29.048886458000027],[80.60798426300005,29.04829664600004],[80.61024295100003,29.05010352100004],[80.61163988800007,29.052187583000034],[80.61147301400007,29.05528008300007],[80.61372226300006,29.05786964600003],[80.61729651300004,29.05908908300006],[80.61901176400005,29.05830889500004],[80.61991488900009,29.05658333300005],[80.62302251300008,29.053287083000043],[80.62441857600004,29.052605208000045],[80.62525588800008,29.049692771000025],[80.62801926400005,29.047437708000075],[80.62919663900004,29.045399271000065],[80.63294657600005,29.042350458000044],[80.63591576400006,29.035933459000034],[80.64231188800005,29.03092877000006],[80.64500932600004,29.028555895000068],[80.64810263900006,29.02739308400004],[80.65053520100008,29.025382583000066],[80.65549738900006,29.023834271000055],[80.65772782600004,29.02235777100003],[80.66060988800007,29.022401208000076],[80.66344051300007,29.021408896000025],[80.66567376400008,29.019684083000072],[80.66755976400003,29.01987377100005],[80.67050295100006,29.019251583000027],[80.67227938900004,29.018078271000036],[80.67361957600008,29.018668083000023],[80.67539820100006,29.020678021000037],[80.67850820100006,29.018925770000067],[80.67814238800008,29.01696670900003],[80.67992420100006,29.015353396000023],[80.68343851400004,29.015600833000065],[80.68499070100006,29.014025333000063],[80.68752451400007,29.014051520000066],[80.69369107600005,29.014765083000043],[80.69471151400006,29.01448764500003],[80.69755232600005,29.011678583000048],[80.70243276300005,29.010866021000027],[80.70530345100008,29.009534521000035],[80.71257876300007,29.010078209000028],[80.71797351400005,29.010238521000076],[80.72066020100004,29.009003333000067],[80.72239920100003,29.007147958000076],[80.72382307600003,29.008062334000044],[80.72434457600008,29.009922333000077],[80.72722426300004,29.010909584000046],[80.73114238900007,29.010434708000048],[80.73842157600006,29.010683708000045],[80.73818070100003,29.014581646000067],[80.74150638800006,29.014635458000043],[80.74122513900005,29.016372020000063],[80.73913932600004,29.01814802000007],[80.74269213900004,29.021110209000028],[80.74183413800006,29.025767271000063],[80.74252957600004,29.027668146000053],[80.74073220100007,29.030805083000075],[80.74068420100008,29.033329458000026],[80.74201407600003,29.034969833000048],[80.73886276400003,29.03592258300006],[80.73730720100008,29.037864271000046],[80.73759813800007,29.039304146000063],[80.73973770100008,29.042367458000058],[80.73758982600003,29.04437789600007],[80.73813201400003,29.046217584000033],[80.74027070100004,29.046867021000025],[80.74245582600008,29.049104646000046],[80.74626713900005,29.048004208000066],[80.74828870100004,29.045627896000042],[80.75340920100007,29.04399052100007],[80.75616845100006,29.041705708000052],[80.76152182600003,29.042750771000044],[80.76334438900005,29.044001646000027],[80.76586026300004,29.043629271000043],[80.77080907600003,29.039951459000065],[80.77305332600008,29.04032527100003],[80.77483263800008,29.041325458000074],[80.77869395100004,29.04221620800007],[80.77920157700004,29.044658084000048],[80.77812613900005,29.047347708000075],[80.77793588900005,29.05016514500005],[80.77979770100006,29.053351458000066],[80.78344151300007,29.054413209000074],[80.78681795100005,29.054472709000038],[80.79406232600007,29.051837771000066],[80.79753295100005,29.048118271000078],[80.79942945100004,29.044924395000066],[80.80201813900004,29.048594208000054],[80.80603495100007,29.052588770000057],[80.80879738800007,29.053619208000043],[80.81123101300005,29.05353470800003],[80.81325695100008,29.054394770000044],[80.81419345200004,29.056961208000075],[80.81537163800004,29.056610959000068],[80.81881501300006,29.061190771000042],[80.81999313900008,29.06352270900004],[80.82353388900003,29.066151208000065],[80.82443545100006,29.068135459000075],[80.82364057600006,29.068948834000025],[80.82498126400003,29.071517896000046],[80.82300926300007,29.073038146000044],[80.82460095100004,29.077139396000064],[80.82392176300004,29.08102558300004],[80.82486163800007,29.083585146000075],[80.82738938900007,29.085221770000032],[80.82793732600004,29.087031771000056],[80.82323820100004,29.087709146000066],[80.82143651300004,29.090192959000035],[80.82190120100006,29.092190146000064],[80.82104407600008,29.09549177100007],[80.81959982600006,29.096358396000028],[80.81984482600006,29.09894408300005],[80.82092976400008,29.10063983300006],[80.82382276300007,29.102028896000036],[80.82382776400004,29.103253833000053],[80.82784976400006,29.106300146000024],[80.83279801400005,29.108381895000036],[80.83327982700007,29.109727083000053],[80.83567395100005,29.11088058400003],[80.83866032600008,29.111583583000026],[80.83909820100007,29.112926396000034],[80.84399182600004,29.11711258400004],[80.84559270100004,29.11915833300003],[80.85200632600004,29.121753209000076],[80.85323120100009,29.122686271000077],[80.85426070100004,29.124886958000047],[80.85684707600007,29.126552459000038],[80.86082626400008,29.12724245800007],[80.86469507600003,29.126163521000024],[80.86806932700006,29.126712833000056],[80.87132495100008,29.128175646000045],[80.87145282600005,29.134323334000044],[80.87107438800007,29.137210646000028],[80.87004345100007,29.13836020800005],[80.86842226400006,29.141918521000036],[80.86854476300005,29.144582958000058],[80.86580626300008,29.149216333000027],[80.85891626300008,29.149044584000023],[80.85998188800005,29.154694646000053],[80.85839332700004,29.157409208000047],[80.85340851400008,29.159576333000075],[80.84580445100005,29.159511396000028],[80.83961026300005,29.15730227100005],[80.83592557600008,29.15545695800006],[80.83185276300003,29.155097708000028],[80.82551638900003,29.156562833000066],[80.82341682600008,29.15791583300006],[80.81931832600003,29.15950308400005],[80.81488913900006,29.15950383300003],[80.81199351300006,29.160260083000026],[80.80860538800005,29.160345520000078],[80.80644826400004,29.16108914600005],[80.80491413800007,29.162413396000034],[80.80408601400006,29.164695271000028],[80.80252332600008,29.166648833000067],[80.80008357600008,29.167353646000038],[80.79425495100008,29.168181771000036],[80.79008420100007,29.170783208000046],[80.77858038900007,29.178965146000053],[80.77944232600004,29.183293521000053],[80.77832226400005,29.184699396000042],[80.77448588900006,29.186863208000034],[80.77011232600006,29.188622209000073],[80.76601476300004,29.188926458000026],[80.76223482600005,29.189844708000066],[80.75722138900005,29.19063658400006],[80.75332976400006,29.189968459000056],[80.75212651400005,29.18718689600007],[80.75068126300005,29.18665633300003],[80.74784276300005,29.187397709000038],[80.74606407600004,29.190471521000063],[80.74288413900007,29.192879271000038],[80.73915957600008,29.192373521000036],[80.73375807600007,29.19234714600003],[80.72843182600008,29.19171152100006],[80.71764251400003,29.189406145000078],[80.71574970100005,29.189844334000043],[80.71444951300003,29.19132145800006],[80.70833345100004,29.19193770800007],[80.70624732200008,29.19273626900008]]]}},{"type":"Feature","properties":{"STATE_CODE":7,"DISTRICT":"DOTI","GaPa_NaPa":"K I Singh","Type_GN":"Gaunpalika","Province":"Sudur Pashchim","provinceId":"7","provinceCode":"7","provinceName":"Sudurpashchim","districtId":"706","districtName":"Doti","municipalityId":"70606","municipalityCode":"70606","municipalityName":"K.I. Singh Rural Municipality","municipalityNameNe":"के.आई.सिं. गाउँपालिका","municipalityType":"rural_municipality"},"geometry":{"type":"Polygon","coordinates":[[[81.03463426300004,29.186216209000065],[81.03219620100003,29.18161464600007],[81.03115138900006,29.181432146000077],[81.02738288800003,29.182630896000035],[81.02510220100004,29.182631333000074],[81.02270882600004,29.184332771000072],[81.02228038800007,29.187279146000037],[81.02485863900006,29.19075289600005],[81.02241345100003,29.19178652100004],[81.01850026400007,29.19162920900004],[81.01713607700003,29.192118958000037],[81.01379201300006,29.194517458000064],[81.01221463800005,29.19756764600004],[81.00930488800003,29.199943459000053],[81.00905345100006,29.20304089600006],[81.00562501400003,29.205743709000046],[81.00084151400006,29.20773358400004],[80.99742338900006,29.207961459000046],[80.99581026300007,29.211178396000037],[80.99389051400004,29.217937208000023],[80.98995026400007,29.221325396000054],[80.98557832600005,29.222240958000043],[80.98294032600006,29.222021833000042],[80.97767538900007,29.22068327100004],[80.97625651400006,29.22302245800006],[80.97767645100004,29.22604345800005],[80.97734607600006,29.226995396000063],[80.97408095100008,29.228454396000075],[80.97259951400008,29.229665521000072],[80.96860157600008,29.231440083000052],[80.96465795100005,29.231639896000047],[80.96203563800003,29.232683708000025],[80.96107663900005,29.23502508400003],[80.96120682600008,29.24020708300003],[80.95843438900005,29.240490521000027],[80.95668682600007,29.23901452100006],[80.95397963900007,29.239385834000075],[80.95298820100004,29.238408709000055],[80.95128976300003,29.235130146000074],[80.94976182600004,29.234033208000028],[80.95009476300004,29.23229402100003],[80.94466132600007,29.228454458000044],[80.94219932600004,29.22607339600006],[80.93898238900005,29.228379833000076],[80.93735626300008,29.230490646000078],[80.93421045100007,29.23629820800005],[80.93284588900008,29.238318896000067],[80.93144763900006,29.237641396000072],[80.92907345100008,29.23955095900004],[80.92478938900007,29.239025208000044],[80.92391007600008,29.238521646000038],[80.92618888900006,29.23829283300006],[80.92865726300005,29.23884683400007],[80.92904338800008,29.236579833000064],[80.92788663900006,29.234102146000055],[80.92919813800006,29.233150833000025],[80.93024470100005,29.234536584000068],[80.93195170100006,29.23296952100003],[80.93156488900007,29.23063220800003],[80.92974570100006,29.228853521000076],[80.93408570100007,29.227763896000056],[80.93462538900008,29.226408271000025],[80.93193726300007,29.225136834000068],[80.92985307600003,29.22225039600005],[80.92857838900005,29.219488459000047],[80.92669457700003,29.21899333400006],[80.92542307600007,29.21779920800003],[80.92419982600006,29.21527864600006],[80.92144345100007,29.212130021000064],[80.91955788800004,29.210806896000065],[80.92015457600007,29.209076896000056],[80.91910413900007,29.20781745800008],[80.92130282700003,29.206891583000072],[80.92143151400006,29.203796458000056],[80.91817470100005,29.201164021000068],[80.91768526300007,29.19899802100008],[80.91951307600004,29.19862914600003],[80.91931813900004,29.196812959000056],[80.91758432600005,29.19462139600006],[80.91763413900009,29.19294295900005],[80.91620432700006,29.190174021000075],[80.91587513900004,29.187559209000028],[80.91707420100005,29.186352896000074],[80.91678588900004,29.184387771000047],[80.91771613900005,29.181784958000037],[80.91540826400006,29.181564708000053],[80.91333138900006,29.180660896000063],[80.91314101400008,29.179036583000027],[80.91563620100004,29.17830495900006],[80.91410101400004,29.176501458000075],[80.91369551300005,29.17494458400006],[80.91217563900005,29.172989896000047],[80.91251701400006,29.171801209000023],[80.91090870100004,29.16995027100006],[80.90645245100006,29.16880345800007],[80.90509282600004,29.16898070900004],[80.90341307600005,29.166450583000028],[80.90291857600005,29.163761083000054],[80.90174245100008,29.16224420900005],[80.90184651400006,29.160904208000034],[80.89848570100008,29.158726958000045],[80.89589226400005,29.154659708000054],[80.89522070100008,29.151938458000075],[80.89278270100004,29.14937820800003],[80.89237013900004,29.148231896000027],[80.89270851400005,29.144112708000023],[80.89183276400007,29.139561709000077],[80.89043188900007,29.13746020900004],[80.88857220100004,29.13580052100008],[80.88365776300003,29.133750146000068],[80.88152463800003,29.13174727100005],[80.88090570100007,29.129799771000023],[80.88096957700003,29.12538939500007],[80.88452263900007,29.122622146000026],[80.88670763900006,29.120210084000064],[80.88862282600007,29.120726021000053],[80.89025582700003,29.11992427100006],[80.89727307600003,29.12045095900004],[80.90076426300004,29.119921146000024],[80.90380276400003,29.119952708000028],[80.91035613800005,29.121407833000035],[80.91230301300004,29.122965771000054],[80.91673545100008,29.124216146000037],[80.92098913800004,29.12707933300004],[80.92489163900007,29.128741958000035],[80.92863220100008,29.131198521000044],[80.93236382600008,29.131624584000065],[80.93566401400005,29.13285802100006],[80.93912313800007,29.13277389500007],[80.94766670100006,29.131615646000057],[80.94989082600006,29.13071414600006],[80.95228207700006,29.12873195900005],[80.95632576300005,29.127490333000026],[80.95790288800004,29.128000646000032],[80.95902632700006,29.130523208000056],[80.96018913900008,29.13059127100007],[80.96618926300005,29.12787439600004],[80.97253657600004,29.12649520900004],[80.97498688800005,29.12522558300003],[80.97656576300005,29.125284521000026],[80.97889326300003,29.12432833400004],[80.97926351300003,29.122850709000033],[80.98125832600005,29.119388146000063],[80.98310932600003,29.118531021000024],[80.98980038900004,29.11790902100006],[80.99112232600004,29.117306770000027],[80.99811088800004,29.116901021000047],[80.99821976300007,29.11981802100007],[80.99950251400008,29.121999583000047],[81.00000026400005,29.124880895000047],[81.00386538900005,29.12526164600007],[81.00422720100005,29.128868958000055],[81.00509126300005,29.130583584000078],[81.00921963800005,29.131090896000046],[81.01174763900008,29.129985271000066],[81.01517476400005,29.131949896000037],[81.01626570200006,29.134636645000057],[81.01633282600005,29.13700314600004],[81.01715613900006,29.138965771000073],[81.01643657600005,29.142792021000048],[81.01757488800007,29.145711146000053],[81.01998045100004,29.147526834000075],[81.02076401300008,29.14973989600003],[81.02357788900008,29.151190020000058],[81.02671545100003,29.150456209000026],[81.03088276400007,29.152510520000078],[81.03287482600007,29.15414108300007],[81.03459538900006,29.154682146000027],[81.03567263800005,29.15389227000003],[81.03790213900004,29.155367083000044],[81.04110657600006,29.154583271000035],[81.04207213900008,29.153486584000063],[81.04375576400008,29.154638833000035],[81.04812832700003,29.15548108300004],[81.04788057600007,29.156685896000056],[81.05042057600008,29.156684958000028],[81.05086607600003,29.157749583000054],[81.05296870200004,29.157428458000027],[81.05348488900006,29.159027708000053],[81.05614788900004,29.158338521000076],[81.05446607700003,29.16148408300006],[81.05488401400004,29.162014084000077],[81.05281682600008,29.16157270800005],[81.05113251400007,29.16246452100006],[81.05017563900003,29.164382458000034],[81.05021670200006,29.166214271000058],[81.05120813900004,29.169243709000057],[81.05023357600004,29.17122027100004],[81.04810457600007,29.172937896000064],[81.04622076300006,29.17369883300006],[81.04499851400004,29.175388958000042],[81.04578051400006,29.177369459000033],[81.04580295100004,29.181572334000066],[81.04745132600004,29.18318252100005],[81.04586307700004,29.18522020900008],[81.04297213900009,29.185435459000075],[81.04187920100009,29.18701045800003],[81.03942107700004,29.18888595800007],[81.03720888900006,29.189306208000062],[81.03589532600006,29.18838158400007],[81.03463426300004,29.186216209000065]]]}},{"type":"Feature","properties":{"STATE_CODE":7,"DISTRICT":"DOTI","GaPa_NaPa":"Purbichauki","Type_GN":"Gaunpalika","Province":"Sudur Pashchim","provinceId":"7","provinceCode":"7","provinceName":"Sudurpashchim","districtId":"706","districtName":"Doti","municipalityId":"70601","municipalityCode":"70601","municipalityName":"Purbichouki Rural Municipality","municipalityNameNe":"पुर्विचौकी गाउँपालिका","municipalityType":"rural_municipality"},"geometry":{"type":"Polygon","coordinates":[[[81.13664076400005,29.309292021000033],[81.13399888900005,29.309148021000055],[81.13066295200008,29.307563146000064],[81.12521713900009,29.30948595800004],[81.12087582700008,29.310137396000073],[81.11480288900003,29.311796334000064],[81.11135551400008,29.313845396000033],[81.10892607600005,29.314411396000025],[81.10623563900003,29.314251021000075],[81.10310263800005,29.314957396000068],[81.09961888900006,29.316638459000046],[81.09225663800004,29.321279708000077],[81.08870726300006,29.322807083000043],[81.08700788900006,29.323972209000033],[81.08518938900005,29.330161459000067],[81.08403051400006,29.332837708000056],[81.08122795200006,29.336830208000038],[81.07879688900005,29.338207771000043],[81.07632263900007,29.34092083400003],[81.07254732600006,29.34145758300008],[81.06964113800007,29.340728209000076],[81.06703963900003,29.33877814600004],[81.06218045200006,29.339405396000075],[81.05697326300003,29.340589833000024],[81.05436963900007,29.341504584000063],[81.05029101400004,29.342000209000048],[81.04864163900004,29.34293702100007],[81.04786182600003,29.341655959000036],[81.04157207700007,29.340676708000046],[81.04018357600006,29.338858834000064],[81.03653870100004,29.33549183300005],[81.03545395100008,29.33499583400004],[81.03096032600007,29.33447808300008],[81.02913882600006,29.33260158400003],[81.02705532600004,29.331417646000034],[81.02386545100006,29.328702083000053],[81.02139063800007,29.328452146000075],[81.01507082600006,29.33053295800005],[81.01135826400008,29.33012952100006],[81.00797232700006,29.32899952100007],[81.00445457600006,29.329227521000064],[81.00452463800008,29.326703146000057],[81.00342488900003,29.323662209000076],[81.00300001400007,29.319319521000068],[81.00311345100005,29.31679514600006],[81.00162457700003,29.313296209000043],[81.00182407600005,29.311173396000072],[81.00732851300006,29.312727584000072],[81.00880838900008,29.310033833000034],[81.01080020200004,29.31146852100005],[81.01355445100006,29.31131933300003],[81.01505782600003,29.307533771000067],[81.01482420100007,29.30500939600006],[81.01400295100007,29.30368977100005],[81.01383551300006,29.30055402100004],[81.01284995100008,29.294490146000044],[81.01922945100006,29.291132583000035],[81.02150570100008,29.290942708000046],[81.02350057600006,29.289509833000068],[81.02432463900004,29.287849334000043],[81.02421720200005,29.28502039600005],[81.02157357600004,29.28174977100008],[81.01966770100006,29.27652977100007],[81.01583257700008,29.272167271000058],[81.01548632600003,29.27102133300008],[81.01844007700004,29.26657220800007],[81.02159007600005,29.266749959000038],[81.02377007600006,29.264213896000058],[81.02479145100006,29.264062584000044],[81.03137195200003,29.26508764600004],[81.03358620100005,29.26587445900003],[81.03741420100005,29.26439127100008],[81.04130370100006,29.26414870900004],[81.04601688900004,29.264774333000048],[81.04895245100005,29.263828083000078],[81.05162507600005,29.263815771000054],[81.05460526400003,29.262352709000027],[81.05480357600004,29.261323959000038],[81.05296238900007,29.258969458000024],[81.05320670200007,29.256869084000073],[81.05206045100005,29.25480308400006],[81.05304263900007,29.25302952100003],[81.05133032600008,29.251365271000054],[81.05048932700004,29.24912095800005],[81.04853095100003,29.249103646000037],[81.04831538900004,29.244097771000042],[81.04646601400003,29.242359083000053],[81.04481638900006,29.239185521000024],[81.04168595100003,29.23765245800007],[81.04010745100004,29.234857833000035],[81.03872720100009,29.23402802100003],[81.03978270100004,29.231496521000054],[81.03545426400007,29.227845271000035],[81.03634813900004,29.22630877100005],[81.03617126400007,29.224321334000024],[81.03517113800007,29.222573209000075],[81.03317051400006,29.222494771000072],[81.03359926300004,29.220274833000076],[81.03586026300007,29.21855295900008],[81.03342488900006,29.21673977100005],[81.03191220100007,29.219219459000044],[81.03047020200006,29.218619709000052],[81.02985620100003,29.216427021000072],[81.02793170100006,29.215507021000064],[81.03086113800003,29.213340646000063],[81.03145520100009,29.210430333000033],[81.03259613900008,29.207668709000075],[81.02951376400006,29.205936896000026],[81.02850951400006,29.203405834000023],[81.03067801400005,29.200826834000054],[81.03098676400003,29.19914383400004],[81.02949601400007,29.197914583000056],[81.02957951400003,29.19546914600005],[81.03188195200005,29.195351333000076],[81.03287195200005,29.196528709000063],[81.03715707700007,29.19897295900006],[81.03898701300005,29.199396646000025],[81.04416438900006,29.199602583000058],[81.04650107600008,29.198379083000077],[81.04781038800007,29.198750834000066],[81.04912501400008,29.19755470800004],[81.05420876300008,29.198946896000052],[81.05849101400008,29.198586396000053],[81.06311038900003,29.199236271000075],[81.06549263800008,29.198222271000077],[81.07390670100006,29.201764209000032],[81.07634813900006,29.204208333000054],[81.07642751400004,29.205525771000055],[81.08132007600005,29.20728027100006],[81.08399620100005,29.207542584000066],[81.08624626400007,29.208723271000054],[81.08815838800007,29.208931833000065],[81.09053826400003,29.211804334000078],[81.09229095100005,29.21481708400006],[81.10136145100006,29.214740521000067],[81.10395726400003,29.215760583000076],[81.10601007600008,29.218484146000037],[81.10885401400003,29.220246021000037],[81.11162376400006,29.22284714600005],[81.11536907700008,29.227734896000072],[81.11529695100006,29.23025033400006],[81.11681232600006,29.234289459000024],[81.11653782600007,29.236349333000078],[81.11460682600006,29.239626646000033],[81.11335557600006,29.240327083000068],[81.11121988800005,29.242997708000075],[81.10795463900007,29.244274958000062],[81.10489870100008,29.244956458000047],[81.10295838800005,29.24614002100003],[81.09960332700007,29.24722545900005],[81.09896913900008,29.24848927100004],[81.09989738900003,29.25231464600006],[81.09983038900003,29.253914209000072],[81.10184195200003,29.255902396000067],[81.10140463900007,29.259194146000027],[81.10183495100006,29.26153552100004],[81.10581001400004,29.269642583000063],[81.10827507700003,29.27313502100003],[81.11361820100007,29.279553271000054],[81.11398488900005,29.28069670900004],[81.11328363900003,29.283896209000034],[81.11590101400003,29.286935021000033],[81.11756526300007,29.289568459000066],[81.11985957600007,29.291862958000024],[81.12083757600004,29.293808959000046],[81.12077520200006,29.296570271000064],[81.12240507600006,29.29931877100006],[81.12577426400009,29.300994083000035],[81.13036232600007,29.301409271000068],[81.13739857700006,29.304833521000035],[81.13664076400005,29.309292021000033]]]}},{"type":"Feature","properties":{"STATE_CODE":7,"DISTRICT":"DOTI","GaPa_NaPa":"Sayal","Type_GN":"Gaunpalika","Province":"Sudur Pashchim","provinceId":"7","provinceCode":"7","provinceName":"Sudurpashchim","districtId":"706","districtName":"Doti","municipalityId":"70602","municipalityCode":"70602","municipalityName":"Sayal Rural Municipality","municipalityNameNe":"सायल गाउँपालिका","municipalityType":"rural_municipality"},"geometry":{"type":"Polygon","coordinates":[[[81.02644770200004,29.419664459000046],[81.02566320100004,29.42141520900003],[81.02396126300005,29.421821583000053],[81.01794832600007,29.420992333000072],[81.01576863800005,29.421358084000076],[81.01017870100003,29.419804271000032],[81.00489963800004,29.41611395800004],[81.00206707700005,29.412840708000033],[80.99817801400008,29.41090289600004],[80.99660345100006,29.409459084000048],[80.99198701400007,29.407985833000055],[80.98857538900006,29.40513183400003],[80.98584288800004,29.404233771000065],[80.98152745100003,29.404066271000033],[80.97900670200005,29.40268977100004],[80.97599863900007,29.401987709000025],[80.97312570100007,29.40042158400007],[80.96307913900006,29.39930477200005],[80.96134563900006,29.400109583000074],[80.95794420100003,29.40026652100005],[80.95573932600007,29.40133058300006],[80.95134607600005,29.39990789600006],[80.94864295100007,29.400427896000053],[80.94308182600008,29.398884896000027],[80.94104463900004,29.39779889600004],[80.93744951400004,29.400835959000062],[80.93619751400007,29.40381764600005],[80.93509051300003,29.408049146000053],[80.93354170100008,29.410049396000034],[80.93272907700003,29.413011022000035],[80.93385576400004,29.414971896000054],[80.93389888900003,29.417457958000057],[80.93190876400007,29.420279083000025],[80.92971501400007,29.421031396000046],[80.92850451300006,29.42287833300003],[80.92828207600007,29.425443209000036],[80.92539882700004,29.427618521000056],[80.91906038900004,29.430405396000026],[80.91766213800008,29.431841521000024],[80.91721795100005,29.434582146000025],[80.91418620100006,29.441086209000048],[80.91448201300005,29.444499584000027],[80.91344838900005,29.44569227100004],[80.91234563900008,29.444870396000056],[80.91001188800004,29.444036396000058],[80.90995845100008,29.441426334000028],[80.90908757600005,29.438560771000027],[80.90394663900008,29.43710658400005],[80.90284795200006,29.436203396000053],[80.90238695100004,29.434211146000052],[80.90096063800007,29.432703209000067],[80.89863601300004,29.43212164600004],[80.89472376400005,29.426054771000054],[80.89340170100007,29.42454683300008],[80.89104826400006,29.423405708000075],[80.88786413900004,29.422877396000047],[80.88454551400008,29.419921646000034],[80.88210463800004,29.418547896000064],[80.88031845100005,29.41682508300005],[80.88305982600008,29.416150709000078],[80.88667145200003,29.413742271000046],[80.88629888800006,29.411393583000063],[80.88752857600008,29.408484521000048],[80.88596988900008,29.40727177100007],[80.88358945100003,29.406444084000043],[80.88526982700006,29.402838334000023],[80.88638370200005,29.40172714700003],[80.89148582600006,29.399635646000036],[80.89448682600005,29.395654146000027],[80.89649320100006,29.39520452100004],[80.89843657600005,29.39326595800003],[80.89905526400008,29.390266084000075],[80.90023263900008,29.38914352100005],[80.90185432700008,29.38906802100007],[80.90381545100007,29.38790314700003],[80.90607657600003,29.385495458000037],[80.91149163900008,29.383820771000046],[80.91372588800004,29.38269652100007],[80.91702845200007,29.382705396000063],[80.92133245100007,29.38058752200004],[80.92076551400004,29.378816209000036],[80.92127170200007,29.374255084000026],[80.91925457600007,29.369748833000074],[80.91917288900004,29.36803202200008],[80.92565101400004,29.366104708000023],[80.92722607600007,29.364045958000077],[80.93048470100007,29.364902646000075],[80.93219938900006,29.364732084000025],[80.93436582600003,29.36342927100003],[80.93640938800007,29.362999396000077],[80.93831701400006,29.360399209000036],[80.94073482700009,29.361106396000025],[80.94295213900006,29.358287458000063],[80.94413895200006,29.354322084000046],[80.94702663900006,29.35254558300005],[80.94735220100006,29.350328146000038],[80.94651807600007,29.34936683400008],[80.94409170100005,29.348826708000047],[80.94174695100008,29.345856833000028],[80.93933488900007,29.34577233300007],[80.93565276400005,29.342600959000038],[80.93386088900007,29.341765458000054],[80.93151032600008,29.338450334000072],[80.93336920100006,29.33470639600006],[80.93442520100007,29.33406627100004],[80.93326838900003,29.332328646000065],[80.93354920100006,29.330059334000055],[80.93514551400006,29.328918584000064],[80.93675876300006,29.326293458000066],[80.93802926400008,29.32792283300006],[80.94059526300003,29.32929327100004],[80.94293570100007,29.329434271000025],[80.94513763900005,29.328731333000064],[80.94773020100007,29.328678208000042],[80.95075007600008,29.329489271000057],[80.95421363900005,29.328924271000062],[80.95651238900007,29.330508646000055],[80.96471526400006,29.33061258400005],[80.96399232700008,29.329195708000043],[80.96426601400003,29.323088959000074],[80.96520732600004,29.319233833000055],[80.96389288900008,29.31637964600003],[80.95934470200007,29.31606477100007],[80.95781513900005,29.314936396000064],[80.95661126400006,29.312869646000024],[80.95624226300004,29.309866834000047],[80.95215938900003,29.30859083400003],[80.95020895100004,29.306510208000077],[80.94925220100004,29.304332834000036],[80.94722370100004,29.301719709000054],[80.94949851400008,29.300064646000067],[80.95383182600006,29.294309146000046],[80.95901226400008,29.293649771000048],[80.96113270100005,29.292470584000057],[80.96248963900007,29.290668458000027],[80.96376813900008,29.292259271000034],[80.96744820100008,29.29506208400005],[80.96725738900005,29.29703370900006],[80.96966588900005,29.299998583000047],[80.97162263800004,29.30333777100003],[80.97650263900005,29.303690646000064],[80.97857945100003,29.305121271000075],[80.98312070100008,29.304061646000036],[80.98515138800008,29.304763458000025],[80.98503938800008,29.30707127100004],[80.98674382600007,29.310913334000077],[80.98915051400007,29.311734709000064],[80.98951032600007,29.31414408300003],[80.98662432700007,29.314349083000025],[80.98551938800006,29.31672902100007],[80.98238270100006,29.320441896000034],[80.98215413900004,29.325077771000053],[80.97878788800006,29.32719333400007],[80.97851307600007,29.32859877100003],[80.97566795100005,29.329796146000035],[80.97616338900008,29.333432771000048],[80.97838526400005,29.335077709000075],[80.98258720200005,29.33479189600007],[80.98565701300004,29.333558208000056],[80.99171345100007,29.334136271000034],[80.99311720100008,29.33517633400004],[80.99835901400007,29.331393271000024],[81.00224113800004,29.329760022000073],[81.00445457600006,29.329227521000064],[81.00797232700006,29.32899952100007],[81.01135826400008,29.33012952100006],[81.01507082600006,29.33053295800005],[81.02139063800007,29.328452146000075],[81.02386545100006,29.328702083000053],[81.02705532600004,29.331417646000034],[81.02913882600006,29.33260158400003],[81.03096032600007,29.33447808300008],[81.03545395100008,29.33499583400004],[81.03653870100004,29.33549183300005],[81.04018357600006,29.338858834000064],[81.04157207700007,29.340676708000046],[81.04786182600003,29.341655959000036],[81.04864163900004,29.34293702100007],[81.04597032600003,29.346033084000055],[81.04303988900006,29.34796289600007],[81.04225738900004,29.34947233400004],[81.04656932600005,29.354580584000075],[81.04276845100003,29.35861314600004],[81.03796438900008,29.361517958000036],[81.03615826400005,29.363659334000033],[81.03233288900003,29.363944583000034],[81.02896507600008,29.36333170900008],[81.02757170200005,29.365490958000066],[81.02495276300004,29.374438396000073],[81.02625557600004,29.376301521000073],[81.02958713900006,29.375910583000064],[81.03448938900004,29.377021583000044],[81.03814770100007,29.376594209000075],[81.03980451400008,29.378139021000038],[81.04341145100005,29.38025170800006],[81.04445613800004,29.382114709000064],[81.04720976400006,29.382864959000074],[81.04557895200008,29.386612584000034],[81.05034963900005,29.38983008400004],[81.05273757600008,29.392164021000042],[81.05398388900005,29.395423271000027],[81.05294576300008,29.396806583000057],[81.05305582600005,29.39860445800008],[81.05435645200004,29.40092752100003],[81.05431032700005,29.40306614600007],[81.05281757600005,29.40425783300003],[81.05323920100005,29.407355021000058],[81.05309301400007,29.41062164600004],[81.04899338900003,29.413373146000026],[81.04616401400006,29.411531084000046],[81.04109770200006,29.411293646000047],[81.03659388800008,29.411507021000034],[81.03167957700003,29.41336033300007],[81.02746132700008,29.417033896000078],[81.02644770200004,29.419664459000046]]]}},{"type":"Feature","properties":{"STATE_CODE":7,"DISTRICT":"DOTI","GaPa_NaPa":"Shikhar","Type_GN":"Nagarpalika","Province":"Sudur Pashchim","provinceId":"7","provinceCode":"7","provinceName":"Sudurpashchim","districtId":"706","districtName":"Doti","municipalityId":"70604","municipalityCode":"70604","municipalityName":"Shikhar Urban Municipality","municipalityNameNe":"शिखर नगरपालिका","municipalityType":"municipality"},"geometry":{"type":"Polygon","coordinates":[[[80.85430776300007,29.30811383400004],[80.85585238900006,29.31251233300003],[80.84795932700007,29.31829452100004],[80.84593338800005,29.321109896000053],[80.84253807600004,29.32030958400003],[80.83595245100008,29.32244927100004],[80.82894007600004,29.316775833000065],[80.82319201300004,29.313540146000037],[80.82051770100009,29.309349583000028],[80.81768620100007,29.310124021000036],[80.81551057600007,29.308282458000065],[80.81352020100007,29.307438271000024],[80.81247607600005,29.30990027100006],[80.81287051400005,29.310976896000057],[80.81250276400004,29.315397958000062],[80.81051207600007,29.317249521000065],[80.80472851400003,29.320417521000024],[80.81083476400005,29.328416834000052],[80.81102745100003,29.329351021000036],[80.81364826400005,29.33344020800007],[80.81358963900004,29.335774959000048],[80.80887801400007,29.34005908300003],[80.80582076300004,29.341764708000028],[80.80219876400008,29.342172146000053],[80.80020288900005,29.343355771000063],[80.79741382600008,29.34392683300007],[80.79433720100008,29.347263146000046],[80.79177682600005,29.349422584000024],[80.78770863800008,29.352181959000063],[80.78337338800003,29.35208695800003],[80.77996845100006,29.350578959000075],[80.77429545100006,29.349935583000047],[80.77137588900007,29.35041339600008],[80.77009545100003,29.352276834000065],[80.76653170100008,29.355713146000028],[80.76554563800005,29.357297334000066],[80.76511745200008,29.35983895800007],[80.76561088900007,29.363390646000028],[80.76372282600005,29.362543584000036],[80.76282401400005,29.35865058400003],[80.76415713800003,29.352616084000033],[80.76324020100003,29.349492334000047],[80.76203663900003,29.348833709000075],[80.76017120100005,29.349301834000073],[80.75899826400007,29.346306146000074],[80.75932870200006,29.344698271000027],[80.76304932600004,29.340856333000033],[80.76447245200006,29.335834959000067],[80.76365145100004,29.33459952100003],[80.76095070100007,29.332638833000033],[80.76200438800004,29.32862295800004],[80.76407476400004,29.32616095900005],[80.76609395100007,29.32467777100004],[80.76822557600008,29.324268708000034],[80.77102895100006,29.32300795900005],[80.77302795100007,29.320394521000026],[80.77311057600008,29.318262771000036],[80.77778938900008,29.315816209000047],[80.77769957600003,29.31449402100003],[80.77504651300006,29.313797084000043],[80.77333063800006,29.311423208000065],[80.77340607700006,29.307576958000027],[80.77430357600008,29.306330959000036],[80.77374970200003,29.30145495800008],[80.76994670100004,29.302813334000064],[80.76740157600005,29.302057709000053],[80.76660495100003,29.30419720900005],[80.76278113900008,29.30625914600006],[80.75971295100004,29.308349333000024],[80.75800876300008,29.308838146000028],[80.75404713800003,29.308005207000065],[80.75008576300007,29.30297839700006],[80.74784282600007,29.301990646000036],[80.74421214400007,29.302238644000056],[80.74325182700005,29.301569021000034],[80.73933107600004,29.302154766000058],[80.73904332700005,29.299686208000026],[80.73619782200007,29.29888202400008],[80.73729238900006,29.297587023000062],[80.73629495100005,29.295751021000058],[80.73435713800006,29.29420183700006],[80.73430170100005,29.292004459000054],[80.73790920100004,29.289997021000033],[80.74042819400006,29.290834396000037],[80.74206251400005,29.287864271000046],[80.74533982900005,29.287838959000055],[80.74735707500008,29.284711583000046],[80.74756707300008,29.281736393000074],[80.74517363900003,29.277671146000046],[80.74548989400006,29.274793207000073],[80.75054558200003,29.274489148000043],[80.75234813900005,29.273797708000075],[80.75553401700006,29.270949776000066],[80.75743651100004,29.270123081000065],[80.75856032200005,29.268324868000036],[80.75644607700008,29.26678477100006],[80.75537976200008,29.26333571200007],[80.75388414100007,29.261780895000072],[80.75082658100007,29.257166337000058],[80.74991938800008,29.25451614600007],[80.74854663500008,29.254761767000048],[80.74602727100006,29.25218521100004],[80.74292351200006,29.251141585000028],[80.74256982800006,29.249444401000062],[80.74013632600008,29.249286271000074],[80.73737682600006,29.24746033300005],[80.73795245100007,29.246683205000068],[80.74062432100004,29.24692077000003],[80.73716270100005,29.24390233300005],[80.73566795700003,29.243486525000037],[80.73270580000008,29.240550191000068],[80.73081669800007,29.240338837000024],[80.72519870100007,29.23603664600006],[80.72292601700008,29.235267151000073],[80.72100276900005,29.236181334000037],[80.71736388900007,29.235794706000036],[80.71211582600006,29.234242709000057],[80.70849445100004,29.231349516000023],[80.70852083200003,29.228270206000047],[80.70947995100005,29.22520195900006],[80.70595388900006,29.221449396000025],[80.70465726500004,29.219580836000034],[80.70359263900008,29.216756271000065],[80.70722151800004,29.214079709000032],[80.70843870200008,29.211300773000062],[80.70791638900005,29.20549733300004],[80.70817526200005,29.204103712000062],[80.70769613900006,29.199507271000073],[80.70702294900008,29.197892830000058],[80.70624732200008,29.19273626900008],[80.70833345100004,29.19193770800007],[80.71444951300003,29.19132145800006],[80.71574970100005,29.189844334000043],[80.71764251400003,29.189406145000078],[80.72843182600008,29.19171152100006],[80.73375807600007,29.19234714600003],[80.73915957600008,29.192373521000036],[80.74288413900007,29.192879271000038],[80.74606407600004,29.190471521000063],[80.74784276300005,29.187397709000038],[80.75068126300005,29.18665633300003],[80.75212651400005,29.18718689600007],[80.75332976400006,29.189968459000056],[80.75722138900005,29.19063658400006],[80.76223482600005,29.189844708000066],[80.76601476300004,29.188926458000026],[80.77011232600006,29.188622209000073],[80.77448588900006,29.186863208000034],[80.77832226400005,29.184699396000042],[80.77944232600004,29.183293521000053],[80.77858038900007,29.178965146000053],[80.79008420100007,29.170783208000046],[80.79425495100008,29.168181771000036],[80.80008357600008,29.167353646000038],[80.80252332600008,29.166648833000067],[80.80408601400006,29.164695271000028],[80.80491413800007,29.162413396000034],[80.80644826400004,29.16108914600005],[80.80860538800005,29.160345520000078],[80.81199351300006,29.160260083000026],[80.81488913900006,29.15950383300003],[80.81931832600003,29.15950308400005],[80.82341682600008,29.15791583300006],[80.82551638900003,29.156562833000066],[80.83185276300003,29.155097708000028],[80.83592557600008,29.15545695800006],[80.83961026300005,29.15730227100005],[80.84580445100005,29.159511396000028],[80.85340851400008,29.159576333000075],[80.85839332700004,29.157409208000047],[80.85998188800005,29.154694646000053],[80.85891626300008,29.149044584000023],[80.86580626300008,29.149216333000027],[80.86854476300005,29.144582958000058],[80.86842226400006,29.141918521000036],[80.87004345100007,29.13836020800005],[80.87107438800007,29.137210646000028],[80.87145282600005,29.134323334000044],[80.87132495100008,29.128175646000045],[80.87312682600003,29.127872770000067],[80.88096957700003,29.12538939500007],[80.88090570100007,29.129799771000023],[80.88152463800003,29.13174727100005],[80.88365776300003,29.133750146000068],[80.88857220100004,29.13580052100008],[80.89043188900007,29.13746020900004],[80.89183276400007,29.139561709000077],[80.89270851400005,29.144112708000023],[80.89237013900004,29.148231896000027],[80.89278270100004,29.14937820800003],[80.89522070100008,29.151938458000075],[80.89589226400005,29.154659708000054],[80.89848570100008,29.158726958000045],[80.90184651400006,29.160904208000034],[80.90174245100008,29.16224420900005],[80.90291857600005,29.163761083000054],[80.90341307600005,29.166450583000028],[80.90509282600004,29.16898070900004],[80.90645245100006,29.16880345800007],[80.91090870100004,29.16995027100006],[80.91251701400006,29.171801209000023],[80.91217563900005,29.172989896000047],[80.91369551300005,29.17494458400006],[80.91410101400004,29.176501458000075],[80.91563620100004,29.17830495900006],[80.91314101400008,29.179036583000027],[80.91333138900006,29.180660896000063],[80.91540826400006,29.181564708000053],[80.91771613900005,29.181784958000037],[80.91678588900004,29.184387771000047],[80.91707420100005,29.186352896000074],[80.91587513900004,29.187559209000028],[80.91620432700006,29.190174021000075],[80.91763413900009,29.19294295900005],[80.91758432600005,29.19462139600006],[80.91931813900004,29.196812959000056],[80.91951307600004,29.19862914600003],[80.91768526300007,29.19899802100008],[80.91817470100005,29.201164021000068],[80.92143151400006,29.203796458000056],[80.92130282700003,29.206891583000072],[80.91910413900007,29.20781745800008],[80.92015457600007,29.209076896000056],[80.91955788800004,29.210806896000065],[80.92144345100007,29.212130021000064],[80.92419982600006,29.21527864600006],[80.92542307600007,29.21779920800003],[80.92669457700003,29.21899333400006],[80.92857838900005,29.219488459000047],[80.92985307600003,29.22225039600005],[80.93193726300007,29.225136834000068],[80.93462538900008,29.226408271000025],[80.93408570100007,29.227763896000056],[80.92974570100006,29.228853521000076],[80.93156488900007,29.23063220800003],[80.93195170100006,29.23296952100003],[80.93024470100005,29.234536584000068],[80.92919813800006,29.233150833000025],[80.92788663900006,29.234102146000055],[80.92904338800008,29.236579833000064],[80.92865726300005,29.23884683400007],[80.92618888900006,29.23829283300006],[80.92391007600008,29.238521646000038],[80.92668045100004,29.241142333000028],[80.92988182600004,29.24045827100008],[80.93165401400006,29.242103771000075],[80.92888720100007,29.242923521000023],[80.92655188900005,29.245500771000025],[80.92391851400004,29.24529177100004],[80.92302345100006,29.246430521000036],[80.91881213900007,29.246315208000055],[80.91704851400004,29.245366646000036],[80.91507663900006,29.243156833000057],[80.91366013900006,29.240568334000045],[80.91076307600008,29.23763370900008],[80.90920882600005,29.23793495800004],[80.90864051300008,29.239245271000073],[80.90945751400005,29.24179052100004],[80.90908220100005,29.244066521000036],[80.90718626400007,29.248410209000042],[80.90785801300007,29.25096439600003],[80.90632338800003,29.25244095800008],[80.90457670100005,29.25266533300004],[80.90228738800005,29.252036521000036],[80.89963032600008,29.252562459000046],[80.89688595100006,29.25424783300008],[80.89511826400008,29.257323584000062],[80.89461751300007,29.259529459000078],[80.89427320200008,29.265363146000027],[80.89292101400008,29.26733820900006],[80.88946032600006,29.270351583000036],[80.88540251400008,29.27244845900003],[80.88184707600004,29.271389584000076],[80.87827276400003,29.269477833000053],[80.87489876300003,29.26956952100005],[80.87265438900005,29.270909646000064],[80.86788688800004,29.276623834000077],[80.86777770100008,29.27823664600004],[80.86982201400008,29.281900146000055],[80.86829007600005,29.28399664600005],[80.86556057600006,29.28458045900004],[80.86565351300004,29.286789146000046],[80.86468157600007,29.28908695900003],[80.86341682600005,29.28997902100008],[80.86105613900008,29.290272083000048],[80.85778945100003,29.288371459000075],[80.84982201300005,29.286517333000063],[80.84874732600008,29.295413583000027],[80.84914145100004,29.299573958000053],[80.84878088900007,29.302361834000067],[80.85164157600008,29.30601064600006],[80.85170101400007,29.307183833000067],[80.85430776300007,29.30811383400004]]]}},{"type":"Feature","properties":{"STATE_CODE":7,"DISTRICT":"KAILALI","GaPa_NaPa":"Bardagoriya","Type_GN":"Gaunpalika","Province":"Sudur Pashchim","provinceId":"7","provinceCode":"7","provinceName":"Sudurpashchim","districtId":"708","districtName":"Kailali","municipalityId":"70806","municipalityCode":"70806","municipalityName":"Bardagoriya Rural Municipality","municipalityNameNe":"बर्दगोरिया गाउँपालिका","municipalityType":"rural_municipality"},"geometry":{"type":"Polygon","coordinates":[[[81.08138038900006,28.705622833000064],[81.07944857600006,28.709032958000023],[81.07848238900004,28.712747146000027],[81.07800295100003,28.718904458000054],[81.07566026400008,28.720462458000043],[81.07478570200004,28.72285445800003],[81.07241895100003,28.72594664500008],[81.06858357600004,28.728078395000068],[81.06422670100005,28.731300021000038],[81.06313920100007,28.733534083000052],[81.06267438800006,28.736379271000033],[81.06065076400006,28.741914458000053],[81.06012532700004,28.744152771000074],[81.06074513900006,28.747863833000054],[81.06039195100004,28.75701708300005],[81.05991563900005,28.758571708000034],[81.05682401300004,28.762182770000038],[81.05541388800003,28.761698396000043],[81.05414032600004,28.757933458000025],[81.04867826400005,28.753481958000066],[81.04197301300007,28.750587333000055],[81.03961420100006,28.75009170800007],[81.03454532600006,28.746020771000076],[81.03408357600006,28.745100395000065],[81.03019726400004,28.743628083000033],[81.02957076300004,28.741690208000023],[81.02789482600008,28.741322833000027],[81.02676276400007,28.73667320800007],[81.02672482700007,28.734593021000023],[81.02418713900005,28.73072877000004],[81.02485820200008,28.72713239500007],[81.02711307600003,28.72136302000007],[81.02752982600003,28.71848639600006],[81.02697645200004,28.716349958000023],[81.02775007600007,28.713078395000025],[81.02698882600004,28.711059333000037],[81.02758926400008,28.709800208000047],[81.02590545100009,28.707767833000048],[81.02895688900009,28.70639777100007],[81.02878851400004,28.704793645000052],[81.02593957600004,28.703330021000056],[81.02578532600006,28.70187933300008],[81.03027620100005,28.701124896000067],[81.03164176400009,28.69912339600006],[81.03131151400004,28.697462896000047],[81.03273651300003,28.69438745800005],[81.03069488900007,28.69333883300004],[81.02798220100004,28.695577521000075],[81.02643645100005,28.69368945800005],[81.02687745100008,28.692024333000063],[81.02274338800004,28.69204989600007],[81.02058463900005,28.691648645000043],[81.01753482600003,28.688991333000047],[81.01618026300008,28.688650833000054],[81.01124876400007,28.689492895000058],[81.00996870100005,28.688879333000045],[81.00798351300006,28.684728146000054],[81.00915057600008,28.68159202000004],[81.00876882600005,28.679401333000044],[81.00999707600005,28.678126521000024],[81.01156026400008,28.674369958000057],[81.01103201400008,28.672197333000042],[81.01226482700008,28.66980570800007],[81.01229563800007,28.66788120800004],[81.01079113800006,28.665162645000066],[81.00688082600004,28.666712895000046],[81.00498407600008,28.66329945800004],[81.00490051400004,28.660147583000025],[81.00649076300004,28.655912771000033],[81.00581595100005,28.65464927000005],[81.00661226400007,28.65262327100004],[81.00643851300003,28.64974214500006],[81.00572832700004,28.648485583000024],[81.00602170100007,28.645947333000038],[81.00760313900008,28.64390320800004],[81.00947401300004,28.640072146000023],[81.00767826300006,28.63554414600003],[81.00661663800008,28.634777082000028],[81.00418420100004,28.634657583000035],[81.00430301400007,28.632047208000074],[81.00228557600008,28.62937370700007],[80.99853470100004,28.62730033300005],[80.99625820100005,28.625466020000033],[80.99569707600006,28.622072771000035],[80.99826051300005,28.62187202100006],[80.99960813900003,28.62058145800006],[80.99781670100003,28.614643270000045],[81.00173326400005,28.614277771000047],[81.00405313900006,28.617727396000078],[81.00665257600008,28.61728958300006],[81.01172382700008,28.621203708000053],[81.01480407600008,28.620641645000035],[81.01550995100007,28.619468333000043],[81.01882545100005,28.619641646000048],[81.01988613900005,28.622236083000075],[81.02263620100007,28.62187689600006],[81.02405201400006,28.623483021000027],[81.02511563900003,28.621896771000024],[81.02491920100005,28.61993620800007],[81.02589945200003,28.61690820800004],[81.02602076300008,28.613763146000053],[81.02953720100004,28.613038145000075],[81.03008413900005,28.615506270000026],[81.03349288900006,28.619557583000073],[81.03471863900006,28.619661020000024],[81.03574713900008,28.621237833000066],[81.03996326300006,28.62089370800004],[81.04184170100007,28.622203957000067],[81.04394663900007,28.62051120800004],[81.04626676300006,28.61953352000006],[81.04797488900005,28.616044958000032],[81.05009201300004,28.616712020000023],[81.05355995100007,28.615638958000034],[81.05594007700006,28.615498083000034],[81.05757926300004,28.61763402100007],[81.05985663800004,28.61940183300004],[81.05912176300006,28.62148908300003],[81.05926463900005,28.62382414500007],[81.05747932600008,28.624264896000057],[81.05770026300007,28.627303833000042],[81.05594295200007,28.628791396000054],[81.05702551400003,28.633278458000063],[81.05520570100003,28.634632896000028],[81.05724026300004,28.635579646000053],[81.05838345100005,28.63786239600006],[81.05736157700005,28.639385708000077],[81.05898745100006,28.642096895000066],[81.05860701300008,28.64491502100003],[81.06021951400004,28.647619458000065],[81.06128620100003,28.650601583000025],[81.06334338900007,28.652931270000067],[81.06291888900006,28.655176333000043],[81.06561720100007,28.656826521000028],[81.07002295100006,28.658286333000035],[81.07085607600004,28.660975208000025],[81.07312038800006,28.662075021000078],[81.07454588900004,28.665257645000054],[81.07613263800005,28.66764377000004],[81.07343657600006,28.668906458000038],[81.07453882600004,28.671107833000065],[81.07492676300006,28.673454020000065],[81.07878513800006,28.67316302100005],[81.07937588900006,28.67373352000004],[81.07999382600008,28.68432345800005],[81.07819501400007,28.686765645000037],[81.07956576300006,28.689253396000026],[81.07908926400006,28.690986396000028],[81.08126770100006,28.693029145000025],[81.08075995100006,28.700357396000072],[81.08149670100005,28.703395958000044],[81.08138038900006,28.705622833000064]]]}},{"type":"Feature","properties":{"STATE_CODE":7,"DISTRICT":"KAILALI","GaPa_NaPa":"Bhajani","Type_GN":"Nagarpalika","Province":"Sudur Pashchim","provinceId":"7","provinceCode":"7","provinceName":"Sudurpashchim","districtId":"708","districtName":"Kailali","municipalityId":"70811","municipalityCode":"70811","municipalityName":"Bhajani Urban Municipality","municipalityNameNe":"भजनी नगरपालिका","municipalityType":"municipality"},"geometry":{"type":"Polygon","coordinates":[[[80.99212445100005,28.588110521000033],[80.98397545100005,28.590004958000065],[80.97965913800005,28.590108145000045],[80.97615170100005,28.590825083000027],[80.96870638900003,28.588630582000064],[80.96939545100008,28.59143739600006],[80.96464007600008,28.591298582000036],[80.96005370100005,28.596258646000024],[80.95619920100006,28.59704714600008],[80.95542701400007,28.59819752100003],[80.95321507600005,28.59870214600005],[80.94974220100005,28.60044945800007],[80.94400195100008,28.601263896000034],[80.94094282600008,28.602135770000075],[80.93893176400007,28.604860333000033],[80.93660076400005,28.60422752000005],[80.93506607600006,28.60225495800006],[80.93505120100008,28.598938333000035],[80.93177470100005,28.599873021000064],[80.92916688900004,28.599174520000076],[80.92864726400006,28.597752833000072],[80.92566595100004,28.59567558200007],[80.92514782600006,28.594059833000074],[80.92225420100004,28.59201870800007],[80.91947188800003,28.59207570800004],[80.91492507600003,28.59328227000003],[80.91230132600003,28.591617770000028],[80.91002057600008,28.58956770700007],[80.90624163800004,28.589729833000035],[80.90579501300004,28.58853152100005],[80.90522938900006,28.587188708000042],[80.90685857600005,28.586140708000073],[80.90301863900004,28.580820207000045],[80.90130413900005,28.579113333000066],[80.89986188900008,28.57677033300007],[80.89979063800007,28.57374020800006],[80.90164320100007,28.570776958000067],[80.90099457600007,28.569853770000066],[80.89804595100009,28.57033439500003],[80.89748263900003,28.569742833000078],[80.90231563800006,28.566037270000038],[80.90496776400005,28.56542095800006],[80.90666813800004,28.563041833000057],[80.90891301400006,28.56221983300003],[80.90571220100009,28.560985833000075],[80.90319001300008,28.559400208000056],[80.90143976400003,28.55899958300006],[80.90108682600004,28.557309458000077],[80.89976195100007,28.556087895000076],[80.89687382600005,28.555250958000045],[80.89359657600005,28.55256808300004],[80.89278657600005,28.549638896000033],[80.89370026400007,28.547620333000054],[80.89564101400003,28.546272645000045],[80.89618951300008,28.542272832000037],[80.89821263900006,28.54085520800004],[80.89987532600009,28.538918396000042],[80.90014913900006,28.53744983200005],[80.90223913900007,28.53572989500003],[80.90576301400006,28.53798627100008],[80.90751120100003,28.53743245800007],[80.91058207600008,28.53164739500005],[80.90980938800004,28.528826646000027],[80.90746401400008,28.526686208000058],[80.90686670100007,28.524684582000077],[80.90902095100006,28.52022327000003],[80.91069563900004,28.519337708000023],[80.91356770100003,28.514926458000048],[80.90932957600006,28.514463395000064],[80.91018045100003,28.510775083000055],[80.91147907600003,28.509629895000046],[80.91251663800006,28.505510645000072],[80.91070626300007,28.503302896000037],[80.91103076400003,28.501667395000027],[80.90719595100006,28.499999771000034],[80.90893713900005,28.498080895000044],[80.91034238800006,28.49751327000007],[80.90857545100005,28.48957702000007],[80.90321607600004,28.48578745800006],[80.90478313800008,28.47723527000005],[80.90744245100007,28.46572139500006],[80.91244926300004,28.461020520000034],[80.91737357600005,28.457578332000026],[80.91609651300007,28.46745752000004],[80.92129570100008,28.463688208000065],[80.91931782600005,28.459680020000064],[80.93231688800006,28.457552770000063],[80.93411545100008,28.46299108200003],[80.94427963800007,28.46837670800005],[80.94698257600004,28.46606289600004],[80.93405495100006,28.458629833000032],[80.94645213800004,28.45466433300004],[80.95345413900003,28.45541595800006],[80.95348057600006,28.447469583000043],[80.96581732600004,28.449521895000032],[80.96878582600004,28.45692752100007],[80.98157626400007,28.455192520000026],[80.98026057600003,28.454138708000073],[80.96658570100004,28.44466214600004],[80.96982476300008,28.44281733300005],[80.96695226300005,28.437717520000035],[80.98083607600006,28.434284020000064],[80.97959301300006,28.442426582000053],[80.99092313900007,28.441581708000058],[81.00000001300003,28.452466021000077],[81.00145045100004,28.45393933300005],[81.01780701400008,28.451767708000034],[81.02010695100006,28.45864208300003],[81.02116432600008,28.460604771000078],[81.02248626400007,28.46082795800004],[81.02327857600005,28.458542333000025],[81.02339726400004,28.45572420700006],[81.02505226400007,28.455365208000046],[81.03221213800003,28.46115764600006],[81.03283813800005,28.46257214600007],[81.03248076300008,28.465045083000064],[81.03355088800004,28.46790795800007],[81.03678157600007,28.467230208000046],[81.04073351400007,28.46711177000003],[81.04097220100005,28.46867977100004],[81.03746588900003,28.471758270000066],[81.03765957600007,28.473384958000054],[81.03960338900004,28.47421014500003],[81.04319051400006,28.472724457000027],[81.04666282600004,28.47326033300004],[81.04830645100003,28.47495639500005],[81.04603170100006,28.477393895000034],[81.04281195100003,28.47910964500005],[81.04340507600006,28.48090995800004],[81.04770913900006,28.481790646000036],[81.04542407600007,28.483012083000062],[81.04560545100009,28.484640957000067],[81.04718013900003,28.485960270000078],[81.04733007600004,28.487244082000075],[81.04267788900006,28.48941383300007],[81.04309963900005,28.49178945700004],[81.04648388800007,28.49461539500004],[81.04705682600007,28.495901208000078],[81.04651663900006,28.49808770800007],[81.04502951300003,28.501224270000023],[81.04530445100005,28.50260720800003],[81.04872420100008,28.504672708000044],[81.04865707600004,28.506597270000043],[81.04480713800007,28.508870583000032],[81.04500001300005,28.512015708000035],[81.04333763800008,28.51645414500007],[81.04114032600006,28.51702789600006],[81.03419195100008,28.52000577000007],[81.03265676400008,28.519444333000024],[81.02467088800006,28.514387645000056],[81.02349982600003,28.513914020000072],[81.01996638800006,28.515552583000044],[81.02069820100007,28.51871570800006],[81.02376251300007,28.520623958000044],[81.02587995100004,28.523057958000038],[81.02655813800004,28.52652564500005],[81.02921001300007,28.53108933200008],[81.02693020100008,28.53291283300007],[81.02762451400008,28.534083645000067],[81.03090357600007,28.536625582000056],[81.03585551300006,28.539424396000072],[81.03584963800006,28.540922520000038],[81.03277795200006,28.542628958000023],[81.03007995200005,28.543441770000072],[81.02863745100007,28.541984582000055],[81.01835301300008,28.54206533200005],[81.01797832700004,28.53967383300005],[81.01097501300006,28.538954896000064],[81.00367357600004,28.538783770000066],[81.00225676300005,28.537960333000058],[80.99807613800004,28.53152339500008],[80.99557588900007,28.531857271000035],[80.99111957600007,28.534474208000063],[80.98926813800006,28.534618521000027],[80.98939107700005,28.538388583000028],[80.99149332600007,28.54122927000003],[80.99159738800006,28.54221977000003],[80.98947420100006,28.544114833000037],[80.98933345100005,28.545971645000066],[80.99086801400006,28.548060958000065],[80.99017695100008,28.549813958000072],[80.99210995100003,28.551352833000067],[80.99213157600008,28.55265689500004],[80.99017857600006,28.553198270000053],[80.98969301400007,28.557169083000076],[80.99055682600005,28.559910458000047],[80.99410351400007,28.561814833000028],[80.99293807600003,28.563231708000046],[80.98991201400008,28.564740895000057],[80.98859176300004,28.566911271000038],[80.99477282600003,28.566214458000047],[80.99424363900005,28.56977239500003],[80.99442632600005,28.57143970800007],[80.99367557600004,28.575911458000064],[80.99506751400008,28.578842270000052],[80.99157713900007,28.583895958000028],[80.98859626300003,28.584443958000065],[80.98607638900006,28.58555152100007],[80.99212445100005,28.588110521000033]]]}},{"type":"Feature","properties":{"STATE_CODE":7,"DISTRICT":"KAILALI","GaPa_NaPa":"Chure","Type_GN":"Gaunpalika","Province":"Sudur Pashchim","provinceId":"7","provinceCode":"7","provinceName":"Sudurpashchim","districtId":"708","districtName":"Kailali","municipalityId":"70802","municipalityCode":"70802","municipalityName":"Chure Rural Municipality","municipalityNameNe":"चुरे गाउँपालिका","municipalityType":"rural_municipality"},"geometry":{"type":"Polygon","coordinates":[[[80.73842157600006,29.010683708000045],[80.73114238900007,29.010434708000048],[80.72722426300004,29.010909584000046],[80.72434457600008,29.009922333000077],[80.72382307600003,29.008062334000044],[80.72239920100003,29.007147958000076],[80.72066020100004,29.009003333000067],[80.71797351400005,29.010238521000076],[80.71257876300007,29.010078209000028],[80.70530345100008,29.009534521000035],[80.70243276300005,29.010866021000027],[80.69755232600005,29.011678583000048],[80.69471151400006,29.01448764500003],[80.69369107600005,29.014765083000043],[80.68752451400007,29.014051520000066],[80.68499070100006,29.014025333000063],[80.68343851400004,29.015600833000065],[80.67992420100006,29.015353396000023],[80.67814238800008,29.01696670900003],[80.67850820100006,29.018925770000067],[80.67539820100006,29.020678021000037],[80.67361957600008,29.018668083000023],[80.67227938900004,29.018078271000036],[80.67050295100006,29.019251583000027],[80.66755976400003,29.01987377100005],[80.66567376400008,29.019684083000072],[80.66344051300007,29.021408896000025],[80.66060988800007,29.022401208000076],[80.65772782600004,29.02235777100003],[80.65549738900006,29.023834271000055],[80.65053520100008,29.025382583000066],[80.64810263900006,29.02739308400004],[80.64500932600004,29.028555895000068],[80.64231188800005,29.03092877000006],[80.63591576400006,29.035933459000034],[80.63294657600005,29.042350458000044],[80.62919663900004,29.045399271000065],[80.62801926400005,29.047437708000075],[80.62525588800008,29.049692771000025],[80.62441857600004,29.052605208000045],[80.62302251300008,29.053287083000043],[80.61991488900009,29.05658333300005],[80.61901176400005,29.05830889500004],[80.61729651300004,29.05908908300006],[80.61372226300006,29.05786964600003],[80.61147301400007,29.05528008300007],[80.61163988800007,29.052187583000034],[80.61024295100003,29.05010352100004],[80.60798426300005,29.04829664600004],[80.60448701400009,29.048886458000027],[80.60262926400003,29.047759708000058],[80.59845720100003,29.048128646000066],[80.59783532600005,29.049852584000064],[80.59600782600006,29.05200833300006],[80.59507032600004,29.05448033400006],[80.59370863800007,29.05485752100003],[80.59247188900008,29.053249709000056],[80.59107776300004,29.05282589600006],[80.58907513800006,29.053936458000067],[80.58942245100008,29.055537083000047],[80.58773451400003,29.055861271000026],[80.58588907600006,29.058975583000063],[80.58463582600007,29.059352958000034],[80.58320376400007,29.057726521000063],[80.58075251400004,29.057660146000046],[80.57925088800005,29.058878271000026],[80.57912670100006,29.060924021000062],[80.57557076400008,29.060962458000063],[80.57502176400004,29.063661145000026],[80.57390470100006,29.064456208000024],[80.57086776300008,29.06439464500005],[80.56838870100006,29.06226383300003],[80.56734926300004,29.062371020000057],[80.56629482600005,29.064598834000037],[80.56280632600004,29.068093270000077],[80.56096988900003,29.06180889600006],[80.55891463800003,29.058194833000073],[80.55688013900004,29.05637889600007],[80.55359132600006,29.054651146000026],[80.55255213800007,29.05276845900005],[80.55069207600008,29.051027396000052],[80.54634357600008,29.04934789600003],[80.54664207500008,29.047068146000072],[80.54825701300007,29.04443402100003],[80.54855770100005,29.038598771000068],[80.54515257600008,29.03610795800006],[80.54405563800003,29.036711146000073],[80.53797070100006,29.03197083300006],[80.53589320100008,29.02969639500003],[80.53601920100004,29.025563833000035],[80.53486082600006,29.024350645000027],[80.53563732600009,29.022354521000068],[80.53539832600006,29.020330083000033],[80.53780176300006,29.01709420800006],[80.53716126300003,29.013944895000066],[80.53336388900004,29.012318770000036],[80.53146563900003,29.01059758300005],[80.52774845000005,29.00922195800007],[80.52375051300004,29.006284083000025],[80.52247457600004,29.004693583000062],[80.52023176300008,29.003609459000074],[80.52067282600007,28.999227708000035],[80.52177832600006,28.998099084000046],[80.52040270100008,28.994446271000072],[80.52068638800006,28.993298958000025],[80.51943895100004,28.990452021000067],[80.51948582600005,28.98884358400005],[80.52348913900005,28.98723577100003],[80.52521876300005,28.98719677100007],[80.52946570100005,28.982893708000063],[80.52925545100004,28.980312145000028],[80.52990963800005,28.977634271000056],[80.53002607600007,28.973790458000053],[80.53149932600007,28.97231789600005],[80.53113820100003,28.96946733300007],[80.53185788800005,28.96655958300005],[80.53091332600007,28.96372727100004],[80.53213038900003,28.960857333000035],[80.53556407600007,28.96192958300003],[80.54005876300005,28.96231277000004],[80.54254982600008,28.961125521000042],[80.54729482600004,28.962508709000076],[80.54842551300004,28.960807083000077],[80.54910313900007,28.957901208000067],[80.54812826300008,28.95725052000006],[80.54500676400005,28.957172271000047],[80.54557257600004,28.955664958000057],[80.54878682600008,28.95135102100005],[80.55186526300008,28.951201083000058],[80.55483795100008,28.949009084000068],[80.56021645100003,28.94697158400004],[80.56169057600005,28.946915459000024],[80.56524288800006,28.948885208000036],[80.56844957600003,28.950185959000066],[80.57215226300008,28.95383670800004],[80.57703020100007,28.953536333000045],[80.58223270100007,28.953597708000075],[80.58357663800007,28.95308295800004],[80.58800295100008,28.956855146000066],[80.59111563900007,28.955926083000065],[80.59206788800003,28.954726521000055],[80.59124882600008,28.952298833000043],[80.59133795100007,28.949549021000053],[80.59313295100003,28.947950396000067],[80.59745370100006,28.94927864500005],[80.59944226300007,28.94869127100003],[80.60207732600009,28.950242208000077],[80.60760751300006,28.952661146000025],[80.60994095100006,28.95304914500008],[80.60763207500008,28.948862021000025],[80.60730913900005,28.947428521000063],[80.60681757600008,28.940476271000023],[80.60809495100006,28.939600083000073],[80.61222457600007,28.940388270000028],[80.61668363800004,28.938005021000038],[80.61945226300008,28.937760208000043],[80.62202882700007,28.936005520000037],[80.62460676300003,28.93304608300008],[80.62508770000005,28.931073396000045],[80.62792332600003,28.92915458300007],[80.62968270100004,28.92876689600007],[80.63265538900004,28.929111146000025],[80.63418170100005,28.92854683300004],[80.63612513900006,28.926016271000037],[80.63992001400004,28.924593896000033],[80.64362957600008,28.920545145000062],[80.64696507600007,28.919324396000036],[80.65135195100004,28.92011414500007],[80.65701913800007,28.918937521000032],[80.65787438800004,28.918436584000062],[80.66542695100003,28.91700720800003],[80.66707963800008,28.917478333000076],[80.66871701400004,28.916782958000056],[80.67003282600007,28.915069333000076],[80.67308551400004,28.91442702100005],[80.67271395100005,28.910473583000055],[80.67353870100004,28.908501521000062],[80.67130895100007,28.90595352100007],[80.67192726300004,28.90175877100006],[80.67613457600004,28.900214521000066],[80.67637445100007,28.897388333000038],[80.67466051300005,28.89586358300005],[80.67334451400006,28.893065145000037],[80.67266001300004,28.887315083000033],[80.67346651300005,28.886107770000024],[80.67353401400004,28.883278896000036],[80.67585457600006,28.88193083300007],[80.67585126400007,28.880211708000047],[80.67736607600006,28.879114395000045],[80.67613870100007,28.877103521000038],[80.67312520100006,28.875780895000048],[80.67279863800007,28.874986083000067],[80.67347013900007,28.870604146000062],[80.67301145100004,28.868543333000048],[80.66973651400008,28.867188396000074],[80.66830082600006,28.86559214600004],[80.67075070100003,28.86480627000003],[80.67166695100008,28.86378195800006],[80.67530676400008,28.862827458000027],[80.68001470100006,28.863404958000046],[80.68047482600008,28.862643520000063],[80.67719513800006,28.85924714600003],[80.67787907600007,28.85489902100005],[80.67704970100004,28.853232083000023],[80.67709495100007,28.847713833000057],[80.67678507600004,28.845993958000065],[80.67929295100004,28.84062152100006],[80.68064813800004,28.838738645000035],[80.68204132600005,28.834870520000038],[80.68313413900006,28.833386333000078],[80.68304295100006,28.82915145800007],[80.68467638800007,28.82534477100006],[80.68839438900005,28.822828896000033],[80.69121595100006,28.82145014500003],[80.69559557500008,28.817372083000066],[80.69757451400005,28.815952895000066],[80.69828895100005,28.813380333000055],[80.70045295100005,28.810607895000032],[80.70351182600007,28.804308895000077],[80.70435220100006,28.799676770000076],[80.70531101300008,28.796306021000078],[80.70693738800009,28.795646271000066],[80.71655763800004,28.798818521000044],[80.71866663900005,28.802017645000035],[80.72557695100005,28.79890483300005],[80.72851801400003,28.79818208300003],[80.72814995100003,28.79577858300007],[80.72934601300005,28.794682271000056],[80.72913638900008,28.792446083000073],[80.73904807600007,28.79071033300005],[80.74221463800006,28.79124889600007],[80.74344751300004,28.79095339500003],[80.74800576300004,28.788072020000072],[80.75601020100004,28.78613514500006],[80.75723963800004,28.788143021000053],[80.75816313900003,28.792365833000076],[80.75983001400004,28.793138146000047],[80.75991863800004,28.79608927000004],[80.76183251400005,28.800483021000048],[80.76583932600005,28.802861146000055],[80.76738095100006,28.80548989500005],[80.76832013900008,28.81111370800005],[80.76942170100006,28.813121271000057],[80.77260482600008,28.815847521000023],[80.77583051400006,28.817581020000034],[80.78078795100004,28.819125583000073],[80.78411170100003,28.818178896000063],[80.78661520100007,28.819326708000062],[80.78910526300007,28.817945395000038],[80.78823382600007,28.815119395000067],[80.78908970100008,28.81231864600005],[80.79343757600003,28.805780458000072],[80.79549745100007,28.80347789600006],[80.79712701400007,28.804267708000054],[80.79727770100004,28.808595145000027],[80.80041776300004,28.810709270000075],[80.80597645100005,28.81161977100004],[80.80909582600003,28.814153333000036],[80.81290326400006,28.815397145000077],[80.81577595100003,28.814697271000057],[80.81755826400007,28.815450958000042],[80.81858863900004,28.816979708000076],[80.82071120100005,28.818045208000058],[80.82177238800006,28.82449002100003],[80.82313576300004,28.826691458000028],[80.82453176400008,28.83053995800003],[80.82728001400005,28.835191020000025],[80.82896207600004,28.840488271000027],[80.82917182600005,28.84209702100003],[80.83167857600006,28.844848083000045],[80.83310988900007,28.84475514500008],[80.83635857600007,28.848201895000045],[80.83793926400006,28.851777458000072],[80.84018551300005,28.853185646000043],[80.84063476300008,28.857165896000026],[80.83942063900008,28.859783771000025],[80.83946682600003,28.862078333000056],[80.84252582600004,28.866497021000043],[80.84518170100006,28.871693583000024],[80.84595413800008,28.874530333000052],[80.84808013900005,28.876206770000067],[80.85139832600004,28.879558458000076],[80.85358207600007,28.882496021000065],[80.85649720100008,28.885589958000025],[80.86076895100007,28.888525083000047],[80.86015870100005,28.891926584000032],[80.85823713900004,28.893898646000025],[80.85622995100005,28.897262583000042],[80.85399020100004,28.90293639600003],[80.85514220100004,28.904677083000024],[80.85751638900007,28.906340083000032],[80.86055045100005,28.907656271000064],[80.86181457600009,28.90881495800005],[80.86324451400003,28.91166133300004],[80.86413445100004,28.915204208000034],[80.86346120100006,28.91752052100003],[80.86059632600006,28.919367584000042],[80.85901270100004,28.921836271000075],[80.85793413900006,28.927170708000062],[80.85706557600008,28.929617646000054],[80.85789576400003,28.930902208000077],[80.85889732700008,28.934600958000033],[80.86012645100004,28.93556783300005],[80.86001745100003,28.937938833000032],[80.85800163800008,28.938807521000058],[80.85445338800008,28.938668396000025],[80.85274326400008,28.937825021000037],[80.85066295200005,28.937779833000036],[80.84463170100008,28.941538395000066],[80.84397020100005,28.942636333000053],[80.83965557600004,28.94480158300007],[80.83894763800004,28.946670958000027],[80.83799982600004,28.946509646000038],[80.83343476300007,28.94029320800007],[80.83397638900004,28.937390333000053],[80.83312226300006,28.936220646000038],[80.83130695100004,28.936080771000036],[80.83077126300003,28.93369089600003],[80.82758257600005,28.931658709000033],[80.82280482600004,28.93062370800004],[80.81835838800004,28.93157208300005],[80.81796926400006,28.933001895000075],[80.81876088900003,28.93624264600004],[80.81768988800007,28.93874770800005],[80.81678451300007,28.939319521000073],[80.81228045100005,28.938541771000075],[80.81202470100004,28.942739896000035],[80.80759270100003,28.943884208000043],[80.80716145100007,28.94525752100003],[80.80899451400006,28.946988271000066],[80.81140207600004,28.954125270000077],[80.81096532600003,28.95639870900004],[80.80927913800008,28.957722959000023],[80.80570551300008,28.95919327100006],[80.80543801400006,28.960260021000067],[80.80672351400005,28.962378021000063],[80.80810820100004,28.967219208000074],[80.80478338800003,28.972276959000055],[80.80152701400004,28.97527277000006],[80.80052832600006,28.976764771000035],[80.79417945100005,28.979347396000037],[80.78877201400007,28.980277521000062],[80.78658001300005,28.98331520800008],[80.78425332600006,28.985023771000044],[80.77981226400004,28.984881208000047],[80.77736632600005,28.985477333000063],[80.77451851300003,28.984969458000023],[80.77173770100006,28.985136271000044],[80.76401782600004,28.98804677100003],[80.76237213800005,28.989429021000035],[80.76314626300007,28.992593271000032],[80.76247388800005,28.99626045800005],[80.76523257600007,28.999796021000066],[80.76489226300004,29.00147839600004],[80.76167732600004,29.003277584000045],[80.75457738800003,29.002590208000072],[80.75201813900003,29.004033896000067],[80.75025245100005,29.00604302100004],[80.74592370100004,29.008581959000026],[80.74159913800008,29.010353708000025],[80.73842157600006,29.010683708000045]]]}},{"type":"Feature","properties":{"STATE_CODE":7,"DISTRICT":"KAILALI","GaPa_NaPa":"Dhangadhi","Type_GN":"Upamahanagarpalika","Province":"Sudur Pashchim","provinceId":"7","provinceCode":"7","provinceName":"Sudurpashchim","districtId":"708","districtName":"Kailali","municipalityId":"70813","municipalityCode":"70813","municipalityName":"Dhangadhi Sub-Metropolitian City","municipalityNameNe":"धनगढी उपमहानगरपालिका","municipalityType":"sub_metropolitan"},"geometry":{"type":"Polygon","coordinates":[[[80.65954976300003,28.752046708000023],[80.65390713900007,28.749397271000078],[80.65339838900007,28.745977958000026],[80.65436695100004,28.74465383300003],[80.65663413900006,28.74370758300006],[80.65944407600006,28.74358383300006],[80.66324320100006,28.73828695800006],[80.66313138800007,28.737429458000065],[80.66082576300005,28.733883770000034],[80.65885507600007,28.732626708000055],[80.65921145100003,28.730279021000058],[80.65597220100005,28.730266270000072],[80.65521151300004,28.72914077100006],[80.65183570100004,28.727564146000077],[80.64859870100008,28.727970895000055],[80.64327932500004,28.726319020000062],[80.63958251300005,28.726178396000023],[80.63655613800006,28.73290252000004],[80.63339620100004,28.738572583000064],[80.63310070100005,28.740812145000064],[80.63406201300006,28.74392583300005],[80.63617138800004,28.747724020000078],[80.63571726300006,28.758247458000028],[80.63934432600007,28.757875958000056],[80.63966313800006,28.760378770000045],[80.63735438800006,28.762475271000028],[80.63670038800007,28.765110895000078],[80.63787270100005,28.76643839600007],[80.63821876300005,28.76835470800006],[80.63996245100003,28.77072152100004],[80.64109945100006,28.769296396000072],[80.64428776400007,28.767698520000067],[80.64708170100005,28.768642145000058],[80.64333970000007,28.771648708000043],[80.63947251300004,28.776170896000053],[80.63952163800008,28.77762395800005],[80.63850395100008,28.779969833000052],[80.63517901300008,28.78233202000007],[80.63431195100003,28.780549646000054],[80.63024526300006,28.77556164500004],[80.62613232500007,28.774839645000043],[80.62362795000007,28.773650520000047],[80.62138270000008,28.773504332000073],[80.61684288800006,28.774732395000058],[80.61394951400007,28.774638458000027],[80.61380595100007,28.772867020000035],[80.61155020100006,28.770205146000023],[80.60995370100005,28.769835020000073],[80.60941920100004,28.77361920800007],[80.60999001300007,28.776515395000047],[80.61048151300008,28.782939895000027],[80.60789170000004,28.784491333000062],[80.60423395000004,28.78144177000007],[80.60270907600005,28.77945189500008],[80.60254895100007,28.77584170800003],[80.59981207500005,28.774917646000063],[80.59730726300006,28.77551939500006],[80.59456988800008,28.77484339600005],[80.59094163900005,28.77589958300007],[80.58930182600005,28.775876521000043],[80.58576326300005,28.770020145000046],[80.58400045000008,28.768352020000066],[80.58257495000004,28.768728958000054],[80.57877063800004,28.764464458000077],[80.57399707600007,28.76560002000008],[80.57235738800006,28.765436958000066],[80.56851263900006,28.76632945800003],[80.56630095100007,28.76339395800005],[80.56153945100004,28.761395520000065],[80.55675976300006,28.76403758300006],[80.55200320100005,28.764964958000064],[80.54275657600004,28.764812146000054],[80.54031795100008,28.765049770000076],[80.54194388800005,28.763203083000064],[80.54247263900004,28.761219520000054],[80.54271451300008,28.756252458000063],[80.54662257500007,28.751807583000073],[80.54928120100004,28.750623020000035],[80.55221551300008,28.750698208000074],[80.55688138800008,28.75495052000008],[80.55848495100008,28.753223083000023],[80.55730420100008,28.751590333000024],[80.55409213900003,28.749411646000055],[80.55320820100007,28.74573358300006],[80.55171595100006,28.743950896000058],[80.54848088800009,28.74183514500004],[80.54531395100008,28.740495708000026],[80.54151470100004,28.740273083000034],[80.53984832600008,28.73864302000004],[80.54139726300008,28.73624102000008],[80.54607151300007,28.734244395000076],[80.55051832600003,28.73449839600005],[80.55294882600003,28.733225020000077],[80.55506238900006,28.728965708000032],[80.55728620100007,28.725509895000073],[80.56104207600004,28.723038208000048],[80.56028645100008,28.72210620800007],[80.55485701300006,28.72139583300003],[80.55251213900004,28.720052520000024],[80.55124151400008,28.71808095800003],[80.55202663800003,28.713339021000024],[80.55117426400005,28.71194870800008],[80.54816107600004,28.711433270000043],[80.54437645100006,28.71508902000005],[80.54148913900008,28.716507395000065],[80.54035813800004,28.71595527100004],[80.53979795100008,28.71325283300007],[80.54059726400004,28.710570833000077],[80.54367526400006,28.70741595800007],[80.54370738800003,28.705983395000032],[80.54228407600004,28.70293739600004],[80.54552576300006,28.70099227000003],[80.54448145100008,28.69839427100004],[80.54453151400008,28.696140583000044],[80.54629438900008,28.695580208000024],[80.55032282600007,28.695176270000047],[80.55193913800008,28.694385270000055],[80.55588953500006,28.690691750000042],[80.57035970100003,28.68786158300003],[80.59209251300007,28.679682833000072],[80.58186770100008,28.661234958000023],[80.59927595100004,28.655911271000036],[80.59140207600007,28.64768902000003],[80.60606795100006,28.651669395000056],[80.60793363800008,28.652317708000055],[80.61325701300007,28.639249832000075],[80.63496020100007,28.63726827000005],[80.64320020100007,28.643221520000054],[80.65292295100005,28.633865770000057],[80.66930170100005,28.64184158300003],[80.67245020100006,28.628292083000076],[80.67601945000007,28.624643458000037],[80.68125163800005,28.620412083000076],[80.67908370100008,28.60429358300007],[80.69730482600005,28.60339689500006],[80.69736757600003,28.603130833000023],[80.69196832600005,28.58702327000003],[80.70561195100004,28.578714770000033],[80.71632338800003,28.56782908300005],[80.72563813900007,28.574501645000055],[80.72650095100005,28.574553021000042],[80.74030520100007,28.56580589500004],[80.74010576400008,28.574160083000038],[80.74998501400006,28.57132914600004],[80.75145088800008,28.570733958000062],[80.75397745100008,28.57300145800008],[80.75341813900008,28.57529045800004],[80.75397432600005,28.576954271000034],[80.75691926400003,28.57801545800004],[80.75778713800008,28.579914458000076],[80.75554382600006,28.58230420800004],[80.74948657600004,28.58711233200006],[80.74307713900004,28.58946252000004],[80.74003745100003,28.592707896000036],[80.73948938900008,28.594561396000074],[80.74058076300008,28.596575958000074],[80.73869701300003,28.59864802000004],[80.73491095100007,28.59680414500008],[80.73163663800005,28.597373020000077],[80.73037413900005,28.59883252000003],[80.72874526300006,28.603463395000063],[80.73167201300004,28.605829208000046],[80.73001870100006,28.606870521000076],[80.72781770100005,28.60997508300005],[80.72520326300008,28.60915314600004],[80.72217451300008,28.61096539500005],[80.72295376400007,28.61471902100004],[80.72191982600003,28.618234146000077],[80.72212226300007,28.61952958300003],[80.72491932600008,28.62185464600003],[80.72758257600003,28.626383583000063],[80.72519188900003,28.629869020000058],[80.72241070100006,28.631620896000072],[80.71869988800006,28.632400646000065],[80.71973932600008,28.635107895000033],[80.71983007600005,28.63823958300003],[80.71899251300005,28.640514333000056],[80.72411176400004,28.64428808300005],[80.72491601300004,28.64787695800004],[80.72588945100006,28.64927102000007],[80.72618157600004,28.65618439600007],[80.72424445100006,28.658939708000048],[80.72295770100004,28.663469645000077],[80.72094295100004,28.66880352000004],[80.71908082600004,28.672761458000025],[80.71742751400006,28.67490358300006],[80.71825101300004,28.675762646000067],[80.72247882600004,28.675315708000028],[80.72479176300004,28.676362708000056],[80.72703607600005,28.676358208000067],[80.73169351400009,28.67539508300007],[80.73350188800003,28.674281895000036],[80.73959820100004,28.67167214500006],[80.74356807600003,28.67149470800007],[80.75139926400004,28.670539146000067],[80.75424451300006,28.672263520000058],[80.75142788900007,28.67333458300004],[80.75405895100005,28.67585495800006],[80.75581320100008,28.681035958000052],[80.75465126300008,28.683249395000075],[80.75161182600004,28.685897083000043],[80.75235895100008,28.686864021000076],[80.75055707600006,28.68859345800007],[80.75020538900003,28.691234708000025],[80.74831501400007,28.69234577000003],[80.74866588800006,28.69368202100003],[80.75130788800004,28.694334396000045],[80.74976413900004,28.698284271000034],[80.74778163800005,28.699090583000043],[80.74396238900005,28.69936539500003],[80.74519926400006,28.700969583000074],[80.74328770100004,28.703323646000058],[80.74435445100005,28.70557727100004],[80.74316995100008,28.70634433300006],[80.73939526400005,28.711390833000053],[80.74132282600004,28.712491021000062],[80.73902020100007,28.713772583000036],[80.73799320100005,28.71545139600005],[80.74059257600004,28.71698608300005],[80.73827376300005,28.719316708000065],[80.73395457500004,28.719118708000053],[80.73469907600008,28.721022145000063],[80.73612207600007,28.720654895000052],[80.73555457600008,28.723437833000048],[80.73395682600005,28.72732645800005],[80.73630551400004,28.73032945800003],[80.73482013800003,28.731113958000037],[80.73009338900005,28.731948395000074],[80.72736495100008,28.730871270000023],[80.72580476300004,28.735050896000075],[80.72424188900004,28.74060008300006],[80.72649463800008,28.744636270000058],[80.72661395100005,28.74722877100004],[80.72791688800004,28.750001895000025],[80.72851801400003,28.755036458000063],[80.72971326400005,28.75630458300003],[80.72808888800006,28.75723983300003],[80.72641007600004,28.757053708000058],[80.72596357500004,28.75903583300004],[80.72375332600006,28.762566708000065],[80.72194107600006,28.762815708000062],[80.71844288900007,28.767440145000023],[80.71799813800004,28.770848270000045],[80.71629413900007,28.772913521000078],[80.71274926400008,28.773573833000057],[80.70895838800004,28.775050270000065],[80.70713457600004,28.77617658300005],[80.70420245100007,28.77603483300004],[80.70186695100006,28.774504583000066],[80.70095376300003,28.773142146000055],[80.69961538800004,28.76701164600007],[80.69862557600004,28.764712708000047],[80.69682120100003,28.763991270000076],[80.69216813800006,28.763448271000073],[80.68781020100005,28.761498020000033],[80.68464288900003,28.761181583000052],[80.68470632600008,28.75925502000007],[80.68840707600003,28.76011189600007],[80.68942013800006,28.75812220800003],[80.68820957600008,28.756337020000046],[80.68632157500008,28.75540314600005],[80.68347945100004,28.75493627000003],[80.68293420100008,28.75756108300004],[80.67759345100006,28.760842271000058],[80.67627557600008,28.763178770000025],[80.67596932600003,28.767832333000058],[80.67682645100007,28.770435708000036],[80.67635657600005,28.772110833000056],[80.67292232600005,28.77057295800006],[80.67014120100004,28.77053008300004],[80.66982601400008,28.76766402000004],[80.66902920100006,28.76548045800007],[80.66916238800007,28.76301939600006],[80.67133607600005,28.759202896000033],[80.67303076300004,28.757957146000024],[80.67329345100006,28.75551889600007],[80.67077932600006,28.75467352100003],[80.66929338900007,28.75242733300007],[80.66534188900005,28.748455896000053],[80.66372576400005,28.750773458000026],[80.65954976300003,28.752046708000023]]]}},{"type":"Feature","properties":{"STATE_CODE":7,"DISTRICT":"KAILALI","GaPa_NaPa":"Gauriganga","Type_GN":"Nagarpalika","Province":"Sudur Pashchim","provinceId":"7","provinceCode":"7","provinceName":"Sudurpashchim","districtId":"708","districtName":"Kailali","municipalityId":"70804","municipalityCode":"70804","municipalityName":"Gauriganga Urban Municipality","municipalityNameNe":"गौरीगंगा नगरपालिका","municipalityType":"municipality"},"geometry":{"type":"Polygon","coordinates":[[[80.80597645100005,28.81161977100004],[80.80041776300004,28.810709270000075],[80.79727770100004,28.808595145000027],[80.79712701400007,28.804267708000054],[80.79549745100007,28.80347789600006],[80.79343757600003,28.805780458000072],[80.78908970100008,28.81231864600005],[80.78823382600007,28.815119395000067],[80.78910526300007,28.817945395000038],[80.78661520100007,28.819326708000062],[80.78411170100003,28.818178896000063],[80.78078795100004,28.819125583000073],[80.77583051400006,28.817581020000034],[80.77260482600008,28.815847521000023],[80.76942170100006,28.813121271000057],[80.76832013900008,28.81111370800005],[80.76738095100006,28.80548989500005],[80.76583932600005,28.802861146000055],[80.76183251400005,28.800483021000048],[80.75991863800004,28.79608927000004],[80.75983001400004,28.793138146000047],[80.75816313900003,28.792365833000076],[80.75723963800004,28.788143021000053],[80.75601020100004,28.78613514500006],[80.74800576300004,28.788072020000072],[80.74344751300004,28.79095339500003],[80.74221463800006,28.79124889600007],[80.73904807600007,28.79071033300005],[80.72913638900008,28.792446083000073],[80.72934601300005,28.794682271000056],[80.72814995100003,28.79577858300007],[80.72851801400003,28.79818208300003],[80.72557695100005,28.79890483300005],[80.71866663900005,28.802017645000035],[80.71655763800004,28.798818521000044],[80.70693738800009,28.795646271000066],[80.70531101300008,28.796306021000078],[80.70435220100006,28.799676770000076],[80.70351182600007,28.804308895000077],[80.70045295100005,28.810607895000032],[80.69828895100005,28.813380333000055],[80.69757451400005,28.815952895000066],[80.69559557500008,28.817372083000066],[80.69121595100006,28.82145014500003],[80.68839438900005,28.822828896000033],[80.68467638800007,28.82534477100006],[80.68304295100006,28.82915145800007],[80.68313413900006,28.833386333000078],[80.68204132600005,28.834870520000038],[80.68064813800004,28.838738645000035],[80.67929295100004,28.84062152100006],[80.67678507600004,28.845993958000065],[80.67709495100007,28.847713833000057],[80.67704970100004,28.853232083000023],[80.67787907600007,28.85489902100005],[80.67719513800006,28.85924714600003],[80.68047482600008,28.862643520000063],[80.68001470100006,28.863404958000046],[80.67530676400008,28.862827458000027],[80.67166695100008,28.86378195800006],[80.67075070100003,28.86480627000003],[80.66830082600006,28.86559214600004],[80.66803107600003,28.864294208000047],[80.66621038800008,28.86227958300003],[80.66175595100003,28.860039458000074],[80.65927088800004,28.857504208000023],[80.65516026400007,28.85553095800003],[80.65125420100009,28.852396208000073],[80.65031663900004,28.85084395800004],[80.64865770100005,28.843196083000066],[80.64739445100008,28.840715583000076],[80.64668770100008,28.836691208000047],[80.64671245100004,28.83249945800003],[80.64628551300007,28.829570021000052],[80.64657320100008,28.82365983300008],[80.64436726400004,28.817271645000062],[80.64043901300005,28.810946458000046],[80.63768857600007,28.801278583000055],[80.63808345100006,28.798755020000044],[80.64175945100004,28.80002827100003],[80.64562220100004,28.80195395800007],[80.64733313800008,28.801412458000073],[80.64952782600005,28.803935895000052],[80.65400701400006,28.802841958000045],[80.65523138800006,28.799445208000066],[80.65360520100006,28.798188895000067],[80.65622588900004,28.795337145000076],[80.65838645100007,28.795085458000074],[80.65995113800005,28.794083208000075],[80.65891595100004,28.792065896000054],[80.65511413900003,28.790411520000077],[80.65518988800005,28.78939652100007],[80.65283363900005,28.787752583000042],[80.65059913900006,28.78484770800003],[80.64967032600003,28.780861083000048],[80.64678426300003,28.776361708000024],[80.64672995100005,28.77536658300005],[80.65253588800005,28.77306914600007],[80.65531476400008,28.771359395000047],[80.66101538900006,28.77080527000004],[80.66281526400007,28.769907396000065],[80.66317276300003,28.766609833000075],[80.66208782600006,28.76310570800007],[80.66072663900007,28.761241021000046],[80.65858220100006,28.76005564500008],[80.65861988900008,28.758508083000038],[80.66032976300005,28.755854708000072],[80.66069570100007,28.753872521000062],[80.65954976300003,28.752046708000023],[80.66372576400005,28.750773458000026],[80.66534188900005,28.748455896000053],[80.66929338900007,28.75242733300007],[80.67077932600006,28.75467352100003],[80.67329345100006,28.75551889600007],[80.67303076300004,28.757957146000024],[80.67133607600005,28.759202896000033],[80.66916238800007,28.76301939600006],[80.66902920100006,28.76548045800007],[80.66982601400008,28.76766402000004],[80.67014120100004,28.77053008300004],[80.67292232600005,28.77057295800006],[80.67635657600005,28.772110833000056],[80.67682645100007,28.770435708000036],[80.67596932600003,28.767832333000058],[80.67627557600008,28.763178770000025],[80.67759345100006,28.760842271000058],[80.68293420100008,28.75756108300004],[80.68347945100004,28.75493627000003],[80.68632157500008,28.75540314600005],[80.68820957600008,28.756337020000046],[80.68942013800006,28.75812220800003],[80.68840707600003,28.76011189600007],[80.68470632600008,28.75925502000007],[80.68464288900003,28.761181583000052],[80.68781020100005,28.761498020000033],[80.69216813800006,28.763448271000073],[80.69682120100003,28.763991270000076],[80.69862557600004,28.764712708000047],[80.69961538800004,28.76701164600007],[80.70095376300003,28.773142146000055],[80.70186695100006,28.774504583000066],[80.70420245100007,28.77603483300004],[80.70713457600004,28.77617658300005],[80.70895838800004,28.775050270000065],[80.71274926400008,28.773573833000057],[80.71629413900007,28.772913521000078],[80.71799813800004,28.770848270000045],[80.71844288900007,28.767440145000023],[80.72194107600006,28.762815708000062],[80.72375332600006,28.762566708000065],[80.72596357500004,28.75903583300004],[80.72641007600004,28.757053708000058],[80.72808888800006,28.75723983300003],[80.72971326400005,28.75630458300003],[80.72851801400003,28.755036458000063],[80.72791688800004,28.750001895000025],[80.72661395100005,28.74722877100004],[80.72649463800008,28.744636270000058],[80.72424188900004,28.74060008300006],[80.72580476300004,28.735050896000075],[80.72736495100008,28.730871270000023],[80.73009338900005,28.731948395000074],[80.73482013800003,28.731113958000037],[80.73630551400004,28.73032945800003],[80.73395682600005,28.72732645800005],[80.73555457600008,28.723437833000048],[80.73612207600007,28.720654895000052],[80.73469907600008,28.721022145000063],[80.73395457500004,28.719118708000053],[80.73827376300005,28.719316708000065],[80.74059257600004,28.71698608300005],[80.73799320100005,28.71545139600005],[80.73902020100007,28.713772583000036],[80.74132282600004,28.712491021000062],[80.73939526400005,28.711390833000053],[80.74316995100008,28.70634433300006],[80.74435445100005,28.70557727100004],[80.74328770100004,28.703323646000058],[80.74519926400006,28.700969583000074],[80.74396238900005,28.69936539500003],[80.74778163800005,28.699090583000043],[80.74976413900004,28.698284271000034],[80.75130788800004,28.694334396000045],[80.75483507600006,28.694846208000058],[80.75742563900008,28.692281145000038],[80.75981682600008,28.692143271000077],[80.76085201300003,28.694335833000025],[80.76361526400007,28.692463583000062],[80.76988288800004,28.693530270000053],[80.77114638800003,28.70203120800005],[80.77214301300006,28.703106771000023],[80.77243976400007,28.70551233300006],[80.77424232600004,28.706866770000033],[80.78059970100009,28.706008646000043],[80.78221632600008,28.704362020000076],[80.78546801300007,28.70260289500004],[80.78867263800004,28.702283083000054],[80.79030913900004,28.70158845800006],[80.79216932600008,28.699745833000065],[80.79366745100003,28.69950220800007],[80.79818582600006,28.695231396000054],[80.80415026300005,28.693119395000053],[80.80803820100004,28.693397958000048],[80.81158876400008,28.694142958000043],[80.81323957600006,28.69360602000006],[80.81302607600009,28.691345083000044],[80.81987182600005,28.688279270000066],[80.82159576400005,28.68714220800007],[80.81997670100003,28.68418002100003],[80.82035001300005,28.68097227000004],[80.82305607600006,28.679353708000065],[80.82187507600008,28.67668539600004],[80.82277307600003,28.67626014500007],[80.82140501300006,28.673435958000027],[80.82053157600006,28.67013858300004],[80.82416920100007,28.66716745800005],[80.82312657600005,28.665361208000036],[80.81947738900004,28.66352889500007],[80.81882788800004,28.660042333000035],[80.81586132600006,28.65893052000007],[80.81440682600004,28.656140020000066],[80.81378632600007,28.653208396000025],[80.81008070100006,28.652106770000046],[80.80843382600005,28.650863583000046],[80.81247038900005,28.649350833000028],[80.81343957600006,28.651073583000027],[80.81921370100008,28.649289958000054],[80.82258270100004,28.64635702000004],[80.82610007600005,28.64443708300007],[80.83066613900007,28.644603020000034],[80.83682838800007,28.64112483300005],[80.84337438800003,28.639190021000047],[80.84478801400007,28.639205208000078],[80.84540232600006,28.641922270000066],[80.84895007600005,28.64183152000004],[80.84897901300008,28.639525770000034],[80.85097763800007,28.637743396000076],[80.85185751300008,28.635646145000067],[80.85383432600008,28.63521064500003],[80.85711682700008,28.63608270800006],[80.85873370100006,28.634432896000078],[80.86093688900007,28.637090645000058],[80.86104738800003,28.638643021000064],[80.85996338900003,28.64055733300006],[80.86034270100004,28.643314770000075],[80.86233888800007,28.645293208000055],[80.86390495100005,28.64841277000005],[80.86632951400009,28.649265771000046],[80.86703563900005,28.651405270000055],[80.86614063900004,28.65296120800008],[80.86724001400006,28.65364583300004],[80.86731113900004,28.65605770800005],[80.86667245100006,28.658466645000033],[80.86524045100003,28.659090208000066],[80.86462676300005,28.66166839600004],[80.86439351400008,28.665277958000047],[80.86246295100005,28.67221589500008],[80.86011413900007,28.676795708000043],[80.85995907600005,28.679126146000044],[80.86405388800006,28.683597458000065],[80.86483720100006,28.686071020000043],[80.86573513800005,28.691696458000024],[80.86372120100003,28.69352639500005],[80.85679138900008,28.69536252000006],[80.86006188800008,28.69803945800004],[80.86259776400004,28.69804202000006],[80.86625670100005,28.702569270000026],[80.86619501300004,28.705314895000072],[80.86538032700008,28.705988708000064],[80.86445657600007,28.70992695800004],[80.86568970100006,28.711500708000074],[80.86885682600007,28.713227458000063],[80.87330120100006,28.714174833000072],[80.87464732600006,28.71505595800005],[80.88044451400003,28.717319583000062],[80.87971601400005,28.719020083000032],[80.87825520100006,28.719578270000056],[80.87904838900005,28.72283683300003],[80.88227882600006,28.72545227100005],[80.88203607600008,28.726498896000066],[80.88308820100008,28.728672458000062],[80.88140901400004,28.73129714600003],[80.88010570100005,28.736108270000045],[80.87916288900004,28.737352833000045],[80.88019338900006,28.73946545800004],[80.88722595100006,28.739058646000046],[80.89274857600003,28.739498583000056],[80.89881982600008,28.73949195800003],[80.89787757600004,28.74096902100007],[80.89721882600008,28.74407295800006],[80.89486645100004,28.745316521000063],[80.89329113900004,28.745283708000045],[80.89240101400003,28.747651895000047],[80.89238613900005,28.750923271000033],[80.89321582600007,28.752918333000025],[80.89352195100008,28.755901145000053],[80.89273095100003,28.75826495800004],[80.89273163900003,28.765452895000067],[80.89179407600005,28.767090083000028],[80.89160095100004,28.773982395000075],[80.89021332600004,28.778570208000076],[80.88872795100008,28.784996583000066],[80.88778670100004,28.78713689600005],[80.88620926400006,28.79639458300005],[80.88612951300007,28.80083458300004],[80.88676832600004,28.80609858300005],[80.88247788900009,28.809063896000055],[80.87942807700006,28.81232127100003],[80.87564932600003,28.81490558300004],[80.87334332600005,28.817112146000056],[80.86762807600007,28.818476146000023],[80.86446388800005,28.81991914500003],[80.86272113900003,28.82167039600006],[80.86128695100007,28.822011833000033],[80.86119632600008,28.81885545800003],[80.85816651300007,28.815594520000047],[80.85748407600005,28.813978458000065],[80.85862682600003,28.811931083000047],[80.85988588900005,28.80833620800007],[80.85825220100008,28.80458258300007],[80.85818226300006,28.801599958000054],[80.85863207700004,28.798568270000032],[80.85858495100007,28.795508958000028],[80.85465670100007,28.793099771000072],[80.85208376400004,28.790958146000037],[80.84837432600006,28.786024458000043],[80.84725151400005,28.782566833000033],[80.84460263900007,28.78095752100006],[80.83902420100003,28.776607958000056],[80.83645995100005,28.77737195800006],[80.83493438900007,28.77693014600004],[80.83363263800004,28.773810646000072],[80.83154926300006,28.773126708000063],[80.82951945100007,28.769649833000074],[80.82790207600004,28.76945145800005],[80.82669463900004,28.76816839600008],[80.82679001400004,28.765454395000063],[80.82532088900007,28.765429958000027],[80.82362357600005,28.767142395000064],[80.82371257600005,28.769247458000052],[80.82224276300008,28.77147908300003],[80.81847188800003,28.771988458000067],[80.81668907600005,28.771404021000023],[80.81424013900005,28.771725520000075],[80.81190095100004,28.77491920800003],[80.80948813800006,28.774324771000067],[80.80648601400003,28.775001771000063],[80.80605507600006,28.776945958000056],[80.80462970100007,28.777783146000047],[80.80294820100005,28.77743102000005],[80.80090338900004,28.779921021000064],[80.79959245100008,28.78047408300006],[80.79794945100008,28.782378021000056],[80.79855288900006,28.78353633300003],[80.79714976400004,28.785368395000035],[80.79808582600003,28.788196708000044],[80.79932513900008,28.78999664500003],[80.79887257600006,28.79193852000003],[80.80009820100008,28.793413521000048],[80.80025876400003,28.79719952100004],[80.79972420200005,28.798967520000076],[80.80106613800007,28.80111277000003],[80.80281332600003,28.80573133300004],[80.80466601300003,28.807252333000065],[80.80597645100005,28.81161977100004]]]}},{"type":"Feature","properties":{"STATE_CODE":7,"DISTRICT":"KAILALI","GaPa_NaPa":"Ghodaghodi","Type_GN":"Nagarpalika","Province":"Sudur Pashchim","provinceId":"7","provinceCode":"7","provinceName":"Sudurpashchim","districtId":"708","districtName":"Kailali","municipalityId":"70805","municipalityCode":"70805","municipalityName":"Ghodaghodi Urban Municipality","municipalityNameNe":"घोडाघोडी नगरपालिका","municipalityType":"municipality"},"geometry":{"type":"Polygon","coordinates":[[[81.02418713900005,28.73072877000004],[81.02231601400007,28.73378164500008],[81.02266951400009,28.736452833000044],[81.02367207600008,28.73801389500005],[81.02429151400008,28.74196870800006],[81.02324188900008,28.743365521000044],[81.02387820100006,28.745337208000024],[81.02305720100009,28.747521333000066],[81.02340745200007,28.75114908300003],[81.02630845100003,28.75337758300003],[81.02714632600004,28.754834895000045],[81.02351557600008,28.759494458000063],[81.02206213900007,28.762107333000074],[81.02153545100003,28.764349958000025],[81.02199801300003,28.765962958000046],[81.02009182600005,28.767075521000038],[81.01807126400007,28.76938158300004],[81.01771107700006,28.770807458000036],[81.01524088800005,28.772617208000042],[81.01224845200005,28.776344583000025],[81.01424426300008,28.778119958000048],[81.01688101300005,28.782261833000064],[81.01976826400005,28.784102458000064],[81.02076770100007,28.785753770000042],[81.02452032600007,28.79000364600006],[81.02569013800007,28.79261377100005],[81.02856313800004,28.80163077000003],[81.02419138900007,28.80312520800004],[81.02169176300004,28.805032021000045],[81.01770307600003,28.806661521000024],[81.01507138900007,28.806977708000034],[81.00948926300003,28.806429958000024],[81.00728682600004,28.807849271000066],[81.00389370100004,28.809083458000032],[81.00022951400007,28.80938352100003],[80.99730276400004,28.812142708000067],[80.99497007600007,28.812172021000038],[80.99083076400007,28.81108208300003],[80.98762163900005,28.813132583000026],[80.98525370100003,28.815341083000078],[80.98188232600006,28.815708458000074],[80.97976101400008,28.816463895000027],[80.97784851400007,28.818311333000054],[80.97442513800007,28.82001639500004],[80.96989095100008,28.823115271000063],[80.96422201400003,28.82473608300006],[80.96302438900005,28.826202271000056],[80.96036007600003,28.82739708300005],[80.95761670100006,28.833713396000064],[80.95483970100008,28.83492627100003],[80.95069751400007,28.834103583000058],[80.94750945100003,28.835352271000033],[80.94169401300007,28.833125395000025],[80.93417713900004,28.83257370800004],[80.93068957700007,28.83064752100006],[80.92715363800005,28.82948377100007],[80.92531057600007,28.830353583000033],[80.91796576300004,28.82997252100006],[80.91473663900007,28.828289770000026],[80.91286970100003,28.82650177000005],[80.90924757600004,28.82535327100004],[80.90487720100003,28.823130271000025],[80.90256132600007,28.823656521000032],[80.89767201400008,28.82730552000004],[80.89344545100005,28.82898758300007],[80.89144882600004,28.827217208000036],[80.89156013800005,28.823925646000077],[80.88873545100006,28.823106646000042],[80.88816432600004,28.821438896000075],[80.88796182600004,28.817073208000068],[80.88740376300007,28.814008958000045],[80.88829795200007,28.810280396000053],[80.88676832600004,28.80609858300005],[80.88612951300007,28.80083458300004],[80.88620926400006,28.79639458300005],[80.88778670100004,28.78713689600005],[80.88872795100008,28.784996583000066],[80.89021332600004,28.778570208000076],[80.89160095100004,28.773982395000075],[80.89179407600005,28.767090083000028],[80.89273163900003,28.765452895000067],[80.89273095100003,28.75826495800004],[80.89352195100008,28.755901145000053],[80.89321582600007,28.752918333000025],[80.89238613900005,28.750923271000033],[80.89240101400003,28.747651895000047],[80.89329113900004,28.745283708000045],[80.89486645100004,28.745316521000063],[80.89721882600008,28.74407295800006],[80.89787757600004,28.74096902100007],[80.89881982600008,28.73949195800003],[80.89274857600003,28.739498583000056],[80.88722595100006,28.739058646000046],[80.88019338900006,28.73946545800004],[80.87916288900004,28.737352833000045],[80.88010570100005,28.736108270000045],[80.88140901400004,28.73129714600003],[80.88308820100008,28.728672458000062],[80.88203607600008,28.726498896000066],[80.88227882600006,28.72545227100005],[80.87904838900005,28.72283683300003],[80.87825520100006,28.719578270000056],[80.87971601400005,28.719020083000032],[80.88044451400003,28.717319583000062],[80.87464732600006,28.71505595800005],[80.87330120100006,28.714174833000072],[80.86885682600007,28.713227458000063],[80.86568970100006,28.711500708000074],[80.86445657600007,28.70992695800004],[80.86538032700008,28.705988708000064],[80.86619501300004,28.705314895000072],[80.86625670100005,28.702569270000026],[80.86259776400004,28.69804202000006],[80.86006188800008,28.69803945800004],[80.85679138900008,28.69536252000006],[80.86372120100003,28.69352639500005],[80.86573513800005,28.691696458000024],[80.86483720100006,28.686071020000043],[80.86405388800006,28.683597458000065],[80.85995907600005,28.679126146000044],[80.86011413900007,28.676795708000043],[80.86246295100005,28.67221589500008],[80.86439351400008,28.665277958000047],[80.86462676300005,28.66166839600004],[80.86524045100003,28.659090208000066],[80.86667245100006,28.658466645000033],[80.86731113900004,28.65605770800005],[80.86724001400006,28.65364583300004],[80.86614063900004,28.65296120800008],[80.86703563900005,28.651405270000055],[80.86632951400009,28.649265771000046],[80.86390495100005,28.64841277000005],[80.86233888800007,28.645293208000055],[80.86034270100004,28.643314770000075],[80.85996338900003,28.64055733300006],[80.86104738800003,28.638643021000064],[80.86093688900007,28.637090645000058],[80.85873370100006,28.634432896000078],[80.85571388900007,28.630864958000075],[80.85465288900008,28.62763083300007],[80.85434163900004,28.623382083000024],[80.85511863900007,28.621803645000057],[80.84910607600006,28.618846020000035],[80.84524763800005,28.61724427000007],[80.83953501400003,28.614345270000058],[80.83320445100009,28.613166646000025],[80.83632820100007,28.611954395000055],[80.83792301400007,28.610740271000054],[80.84151945100007,28.60904789500006],[80.84661701300007,28.607711332000065],[80.84822501300005,28.604949333000036],[80.85104745100006,28.602109708000057],[80.85254745100008,28.598936895000065],[80.85244045100006,28.59706870800005],[80.85133257600006,28.596146958000077],[80.84857876400008,28.595406146000073],[80.84033845100004,28.594313708000072],[80.83732795100008,28.59306477000007],[80.83932076400004,28.591305083000066],[80.84372713900007,28.59096727000008],[80.85093576400004,28.59111752000007],[80.85393776400008,28.590484583000034],[80.86040076400008,28.590234145000068],[80.87340938900007,28.590598895000028],[80.88712570100006,28.591752583000073],[80.88907226300006,28.58997633300004],[80.89698557600008,28.58905077000003],[80.90124638800006,28.590312895000068],[80.90485757600004,28.58985070800003],[80.90579501300004,28.58853152100005],[80.90624163800004,28.589729833000035],[80.91002057600008,28.58956770700007],[80.91230132600003,28.591617770000028],[80.91492507600003,28.59328227000003],[80.91947188800003,28.59207570800004],[80.92225420100004,28.59201870800007],[80.92514782600006,28.594059833000074],[80.92566595100004,28.59567558200007],[80.92864726400006,28.597752833000072],[80.92916688900004,28.599174520000076],[80.93177470100005,28.599873021000064],[80.93505120100008,28.598938333000035],[80.93506607600006,28.60225495800006],[80.93660076400005,28.60422752000005],[80.93893176400007,28.604860333000033],[80.94094282600008,28.602135770000075],[80.94400195100008,28.601263896000034],[80.94974220100005,28.60044945800007],[80.95321507600005,28.59870214600005],[80.95542701400007,28.59819752100003],[80.95619920100006,28.59704714600008],[80.96005370100005,28.596258646000024],[80.96464007600008,28.591298582000036],[80.96939545100008,28.59143739600006],[80.96870638900003,28.588630582000064],[80.97615170100005,28.590825083000027],[80.97965913800005,28.590108145000045],[80.98397545100005,28.590004958000065],[80.99212445100005,28.588110521000033],[80.99469738900007,28.587309708000078],[80.99528851400004,28.588024896000036],[80.99310588800006,28.590711896000073],[80.99255301400007,28.592313770000032],[80.98992451300006,28.591363770000044],[80.98958845100003,28.593227333000073],[80.99243945100005,28.59312595800003],[80.99323857600007,28.595212896000078],[80.99107538800007,28.597344958000065],[80.99120688800008,28.60201520800007],[80.99031413800003,28.604025396000054],[80.99083195100008,28.60656814500004],[80.99059045100006,28.60919202100007],[80.98978420100008,28.611657958000023],[80.99079170100003,28.614146583000036],[80.99297813900006,28.614139958000067],[80.99323651400005,28.616599208000025],[80.99191245100008,28.61930195800005],[80.99271113900005,28.62087914500006],[80.99569707600006,28.622072771000035],[80.99625820100005,28.625466020000033],[80.99853470100004,28.62730033300005],[81.00228557600008,28.62937370700007],[81.00430301400007,28.632047208000074],[81.00418420100004,28.634657583000035],[81.00661663800008,28.634777082000028],[81.00767826300006,28.63554414600003],[81.00947401300004,28.640072146000023],[81.00760313900008,28.64390320800004],[81.00602170100007,28.645947333000038],[81.00572832700004,28.648485583000024],[81.00643851300003,28.64974214500006],[81.00661226400007,28.65262327100004],[81.00581595100005,28.65464927000005],[81.00649076300004,28.655912771000033],[81.00490051400004,28.660147583000025],[81.00498407600008,28.66329945800004],[81.00688082600004,28.666712895000046],[81.01079113800006,28.665162645000066],[81.01229563800007,28.66788120800004],[81.01226482700008,28.66980570800007],[81.01103201400008,28.672197333000042],[81.01156026400008,28.674369958000057],[81.00999707600005,28.678126521000024],[81.00876882600005,28.679401333000044],[81.00915057600008,28.68159202000004],[81.00798351300006,28.684728146000054],[81.00996870100005,28.688879333000045],[81.01124876400007,28.689492895000058],[81.01618026300008,28.688650833000054],[81.01753482600003,28.688991333000047],[81.02058463900005,28.691648645000043],[81.02274338800004,28.69204989600007],[81.02687745100008,28.692024333000063],[81.02643645100005,28.69368945800005],[81.02798220100004,28.695577521000075],[81.03069488900007,28.69333883300004],[81.03273651300003,28.69438745800005],[81.03131151400004,28.697462896000047],[81.03164176400009,28.69912339600006],[81.03027620100005,28.701124896000067],[81.02578532600006,28.70187933300008],[81.02593957600004,28.703330021000056],[81.02878851400004,28.704793645000052],[81.02895688900009,28.70639777100007],[81.02590545100009,28.707767833000048],[81.02758926400008,28.709800208000047],[81.02698882600004,28.711059333000037],[81.02775007600007,28.713078395000025],[81.02697645200004,28.716349958000023],[81.02752982600003,28.71848639600006],[81.02711307600003,28.72136302000007],[81.02485820200008,28.72713239500007],[81.02418713900005,28.73072877000004]]]}},{"type":"Feature","properties":{"STATE_CODE":7,"DISTRICT":"KAILALI","GaPa_NaPa":"Godawari","Type_GN":"Nagarpalika","Province":"Sudur Pashchim","provinceId":"7","provinceCode":"7","provinceName":"Sudurpashchim","districtId":"708","districtName":"Kailali","municipalityId":"70803","municipalityCode":"70803","municipalityName":"Godawari Urban Municipality","municipalityNameNe":"गोदावरी नगरपालिका","municipalityType":"municipality"},"geometry":{"type":"Polygon","coordinates":[[[80.66830082600006,28.86559214600004],[80.66973651400008,28.867188396000074],[80.67301145100004,28.868543333000048],[80.67347013900007,28.870604146000062],[80.67279863800007,28.874986083000067],[80.67312520100006,28.875780895000048],[80.67613870100007,28.877103521000038],[80.67736607600006,28.879114395000045],[80.67585126400007,28.880211708000047],[80.67585457600006,28.88193083300007],[80.67353401400004,28.883278896000036],[80.67346651300005,28.886107770000024],[80.67266001300004,28.887315083000033],[80.67334451400006,28.893065145000037],[80.67466051300005,28.89586358300005],[80.67637445100007,28.897388333000038],[80.67613457600004,28.900214521000066],[80.67192726300004,28.90175877100006],[80.67130895100007,28.90595352100007],[80.67353870100004,28.908501521000062],[80.67271395100005,28.910473583000055],[80.67308551400004,28.91442702100005],[80.67003282600007,28.915069333000076],[80.66871701400004,28.916782958000056],[80.66707963800008,28.917478333000076],[80.66542695100003,28.91700720800003],[80.65787438800004,28.918436584000062],[80.65701913800007,28.918937521000032],[80.65135195100004,28.92011414500007],[80.64696507600007,28.919324396000036],[80.64362957600008,28.920545145000062],[80.63992001400004,28.924593896000033],[80.63612513900006,28.926016271000037],[80.63418170100005,28.92854683300004],[80.63265538900004,28.929111146000025],[80.62968270100004,28.92876689600007],[80.62792332600003,28.92915458300007],[80.62508770000005,28.931073396000045],[80.62460676300003,28.93304608300008],[80.62202882700007,28.936005520000037],[80.61945226300008,28.937760208000043],[80.61668363800004,28.938005021000038],[80.61222457600007,28.940388270000028],[80.60809495100006,28.939600083000073],[80.60681757600008,28.940476271000023],[80.60730913900005,28.947428521000063],[80.60763207500008,28.948862021000025],[80.60994095100006,28.95304914500008],[80.60760751300006,28.952661146000025],[80.60207732600009,28.950242208000077],[80.59944226300007,28.94869127100003],[80.59745370100006,28.94927864500005],[80.59313295100003,28.947950396000067],[80.59133795100007,28.949549021000053],[80.59124882600008,28.952298833000043],[80.59206788800003,28.954726521000055],[80.59111563900007,28.955926083000065],[80.58800295100008,28.956855146000066],[80.58357663800007,28.95308295800004],[80.58223270100007,28.953597708000075],[80.57703020100007,28.953536333000045],[80.57215226300008,28.95383670800004],[80.56844957600003,28.950185959000066],[80.56524288800006,28.948885208000036],[80.56169057600005,28.946915459000024],[80.56021645100003,28.94697158400004],[80.55483795100008,28.949009084000068],[80.55186526300008,28.951201083000058],[80.54878682600008,28.95135102100005],[80.54557257600004,28.955664958000057],[80.54500676400005,28.957172271000047],[80.54812826300008,28.95725052000006],[80.54910313900007,28.957901208000067],[80.54842551300004,28.960807083000077],[80.54729482600004,28.962508709000076],[80.54254982600008,28.961125521000042],[80.54005876300005,28.96231277000004],[80.53556407600007,28.96192958300003],[80.53213038900003,28.960857333000035],[80.53091332600007,28.96372727100004],[80.53185788800005,28.96655958300005],[80.53113820100003,28.96946733300007],[80.53149932600007,28.97231789600005],[80.53002607600007,28.973790458000053],[80.52990963800005,28.977634271000056],[80.52925545100004,28.980312145000028],[80.52946570100005,28.982893708000063],[80.52521876300005,28.98719677100007],[80.52348913900005,28.98723577100003],[80.51948582600005,28.98884358400005],[80.51943895100004,28.990452021000067],[80.52068638800006,28.993298958000025],[80.52040270100008,28.994446271000072],[80.52177832600006,28.998099084000046],[80.52067282600007,28.999227708000035],[80.51780057600007,28.99777583300005],[80.51332788900004,28.99641964600005],[80.51073276400007,28.99663133300004],[80.50638745100008,28.99638308400006],[80.50489751300006,28.995504521000043],[80.50308738900003,28.993284708000033],[80.50140120100008,28.993283021000025],[80.49784732600006,28.994959521000055],[80.49574495100006,28.99425227000006],[80.48994563900004,28.995322271000077],[80.48841126400004,28.996392583000045],[80.48735488800008,28.998168521000025],[80.48590095100008,28.99650708300004],[80.48546263800006,28.99427195800007],[80.48917351400007,28.989192083000034],[80.49120438900007,28.985680458000047],[80.49154695100003,28.982929458000058],[80.49050320000003,28.980197958000076],[80.49004463900008,28.977448458000026],[80.48750532600008,28.97403220800004],[80.48700426300007,28.972045021000042],[80.48529045100008,28.970078021000063],[80.48498401300003,28.96786370800004],[80.48387557600006,28.965113958000074],[80.48332632600005,28.95961402000006],[80.48146251300005,28.95609870800007],[80.47879938800008,28.953248083000062],[80.47427488900007,28.94745514500005],[80.47336651300003,28.943860020000045],[80.46981788900007,28.938580583000032],[80.47228582600007,28.938716646000046],[80.47629076300007,28.93965270800004],[80.47802320100004,28.937874959000055],[80.48053488800008,28.937778646000027],[80.48330632600005,28.93676508300007],[80.48499607600007,28.931984270000044],[80.48625195100004,28.931104708000078],[80.48930507600005,28.926782521000064],[80.48952213900003,28.924489021000056],[80.49229282600004,28.92576964600005],[80.49580013800005,28.923091396000075],[80.49727220100004,28.922862271000042],[80.50353732600007,28.92408345800004],[80.50724863800008,28.925234083000078],[80.50976213800004,28.923115834000043],[80.51212138900007,28.921741458000042],[80.51251920100003,28.919200458000034],[80.51170232600003,28.918073959000026],[80.50767345100007,28.915106146000028],[80.50513363800007,28.912540770000078],[80.50454907600005,28.906857958000046],[80.50584288900006,28.901385083000037],[80.50859257600007,28.899285708000036],[80.50948688800008,28.896780333000038],[80.50865720100006,28.893257896000023],[80.50717382600004,28.891416083000024],[80.50535182600004,28.887680146000037],[80.50530038900007,28.88400489600008],[80.50578351300004,28.88171002100006],[80.50711432600008,28.87938445800006],[80.50648770100008,28.877532208000048],[80.50455726400008,28.874863271000038],[80.50398526300006,28.872690583000065],[80.50258738800005,28.87046777100005],[80.50392857600008,28.868361083000025],[80.50355695100006,28.865605084000038],[80.50419151300008,28.864267333000043],[80.50314163900003,28.862923395000053],[80.50139401300004,28.86266652100005],[80.50009101400008,28.860346958000036],[80.50068720100006,28.85826458300005],[80.49885145100006,28.85742758300006],[80.49805095100004,28.855615271000033],[80.49878157600006,28.854031958000064],[80.50100051300006,28.853022708000026],[80.50200563800007,28.85109527000003],[80.50195470100005,28.848877395000045],[80.50273820100006,28.847867333000067],[80.50477038800005,28.84743714600006],[80.50394826300004,28.844237333000024],[80.50515638800005,28.840875708000056],[80.50770201300008,28.841232459000025],[80.50965770100004,28.839195646000064],[80.50726663800003,28.838264208000055],[80.50729807600004,28.83667827100004],[80.50944288800008,28.835481395000045],[80.50883063800006,28.83320283300003],[80.51071932500008,28.831623646000025],[80.51335563900005,28.831236146000037],[80.51498632600004,28.832771583000067],[80.51633263900004,28.83501670800007],[80.51797726400008,28.834393146000025],[80.51982626300008,28.832143708000046],[80.52019132600003,28.82908795800006],[80.51895120100005,28.827226895000024],[80.51772395000006,28.82674195800007],[80.51601388900008,28.82409627100003],[80.51612932600005,28.822948333000056],[80.51805376400006,28.822440895000057],[80.51964782600004,28.81959939500007],[80.51885495100004,28.81869864600003],[80.51617738800007,28.818858333000037],[80.51359245100008,28.817488646000072],[80.51271870100004,28.815057958000068],[80.51528282600003,28.812391521000052],[80.51911826300005,28.810516896000024],[80.52162382600005,28.810870958000066],[80.52522763800005,28.807711708000056],[80.52653276300003,28.806017458000042],[80.53087401300007,28.802249208000035],[80.53309382600008,28.79910520800007],[80.53282532600008,28.796561646000043],[80.53741451300004,28.795032083000024],[80.53982663900007,28.796037458000058],[80.54072332600003,28.794168021000075],[80.54005057600006,28.79317302100003],[80.54020463800003,28.79022489600004],[80.54272438800007,28.787756270000045],[80.54625463800005,28.786249833000056],[80.54706676300003,28.78380933300008],[80.54856857600004,28.781698083000038],[80.55097807600004,28.779535770000052],[80.55191613800008,28.777783646000046],[80.55187001400003,28.774115145000053],[80.55026020100007,28.772040958000048],[80.54663545100004,28.77102483300007],[80.54391413800005,28.77079914600006],[80.54015132600006,28.771445208000046],[80.53784482600008,28.770419833000062],[80.53744651400007,28.768124020000073],[80.53860138900006,28.76622158300006],[80.54031795100008,28.765049770000076],[80.54275657600004,28.764812146000054],[80.55200320100005,28.764964958000064],[80.55675976300006,28.76403758300006],[80.56153945100004,28.761395520000065],[80.56630095100007,28.76339395800005],[80.56851263900006,28.76632945800003],[80.57235738800006,28.765436958000066],[80.57399707600007,28.76560002000008],[80.57877063800004,28.764464458000077],[80.58257495000004,28.768728958000054],[80.58400045000008,28.768352020000066],[80.58576326300005,28.770020145000046],[80.58930182600005,28.775876521000043],[80.59094163900005,28.77589958300007],[80.59456988800008,28.77484339600005],[80.59730726300006,28.77551939500006],[80.59981207500005,28.774917646000063],[80.60254895100007,28.77584170800003],[80.60270907600005,28.77945189500008],[80.60423395000004,28.78144177000007],[80.60789170000004,28.784491333000062],[80.61048151300008,28.782939895000027],[80.60999001300007,28.776515395000047],[80.60941920100004,28.77361920800007],[80.60995370100005,28.769835020000073],[80.61155020100006,28.770205146000023],[80.61380595100007,28.772867020000035],[80.61394951400007,28.774638458000027],[80.61684288800006,28.774732395000058],[80.62138270000008,28.773504332000073],[80.62362795000007,28.773650520000047],[80.62613232500007,28.774839645000043],[80.63024526300006,28.77556164500004],[80.63431195100003,28.780549646000054],[80.63517901300008,28.78233202000007],[80.63850395100008,28.779969833000052],[80.63952163800008,28.77762395800005],[80.63947251300004,28.776170896000053],[80.64333970000007,28.771648708000043],[80.64708170100005,28.768642145000058],[80.64428776400007,28.767698520000067],[80.64109945100006,28.769296396000072],[80.63996245100003,28.77072152100004],[80.63821876300005,28.76835470800006],[80.63787270100005,28.76643839600007],[80.63670038800007,28.765110895000078],[80.63735438800006,28.762475271000028],[80.63966313800006,28.760378770000045],[80.63934432600007,28.757875958000056],[80.63571726300006,28.758247458000028],[80.63617138800004,28.747724020000078],[80.63406201300006,28.74392583300005],[80.63310070100005,28.740812145000064],[80.63339620100004,28.738572583000064],[80.63655613800006,28.73290252000004],[80.63958251300005,28.726178396000023],[80.64327932500004,28.726319020000062],[80.64859870100008,28.727970895000055],[80.65183570100004,28.727564146000077],[80.65521151300004,28.72914077100006],[80.65597220100005,28.730266270000072],[80.65921145100003,28.730279021000058],[80.65885507600007,28.732626708000055],[80.66082576300005,28.733883770000034],[80.66313138800007,28.737429458000065],[80.66324320100006,28.73828695800006],[80.65944407600006,28.74358383300006],[80.65663413900006,28.74370758300006],[80.65436695100004,28.74465383300003],[80.65339838900007,28.745977958000026],[80.65390713900007,28.749397271000078],[80.65954976300003,28.752046708000023],[80.66069570100007,28.753872521000062],[80.66032976300005,28.755854708000072],[80.65861988900008,28.758508083000038],[80.65858220100006,28.76005564500008],[80.66072663900007,28.761241021000046],[80.66208782600006,28.76310570800007],[80.66317276300003,28.766609833000075],[80.66281526400007,28.769907396000065],[80.66101538900006,28.77080527000004],[80.65531476400008,28.771359395000047],[80.65253588800005,28.77306914600007],[80.64672995100005,28.77536658300005],[80.64678426300003,28.776361708000024],[80.64967032600003,28.780861083000048],[80.65059913900006,28.78484770800003],[80.65283363900005,28.787752583000042],[80.65518988800005,28.78939652100007],[80.65511413900003,28.790411520000077],[80.65891595100004,28.792065896000054],[80.65995113800005,28.794083208000075],[80.65838645100007,28.795085458000074],[80.65622588900004,28.795337145000076],[80.65360520100006,28.798188895000067],[80.65523138800006,28.799445208000066],[80.65400701400006,28.802841958000045],[80.64952782600005,28.803935895000052],[80.64733313800008,28.801412458000073],[80.64562220100004,28.80195395800007],[80.64175945100004,28.80002827100003],[80.63808345100006,28.798755020000044],[80.63768857600007,28.801278583000055],[80.64043901300005,28.810946458000046],[80.64436726400004,28.817271645000062],[80.64657320100008,28.82365983300008],[80.64628551300007,28.829570021000052],[80.64671245100004,28.83249945800003],[80.64668770100008,28.836691208000047],[80.64739445100008,28.840715583000076],[80.64865770100005,28.843196083000066],[80.65031663900004,28.85084395800004],[80.65125420100009,28.852396208000073],[80.65516026400007,28.85553095800003],[80.65927088800004,28.857504208000023],[80.66175595100003,28.860039458000074],[80.66621038800008,28.86227958300003],[80.66803107600003,28.864294208000047],[80.66830082600006,28.86559214600004]]]}},{"type":"Feature","properties":{"STATE_CODE":7,"DISTRICT":"KAILALI","GaPa_NaPa":"Janaki","Type_GN":"Gaunpalika","Province":"Sudur Pashchim","provinceId":"7","provinceCode":"7","provinceName":"Sudurpashchim","districtId":"708","districtName":"Kailali","municipalityId":"70808","municipalityCode":"70808","municipalityName":"Janaki Rural Municipality","municipalityNameNe":"जानकी गाउँपालिका","municipalityType":"rural_municipality"},"geometry":{"type":"Polygon","coordinates":[[[81.26231088900005,28.613053895000064],[81.25527732600005,28.613974271000075],[81.24808357600006,28.61454489500005],[81.24582288900007,28.61396014500008],[81.24349463900006,28.612612958000057],[81.23908363900006,28.61227558300004],[81.23124307700004,28.609496083000067],[81.22884038800004,28.60818020800008],[81.22430476400007,28.607425271000068],[81.22131213900008,28.605471833000024],[81.21849713900008,28.60200420800004],[81.21652182700007,28.601384645000053],[81.21528863900005,28.599996833000034],[81.21120626300007,28.599236145000077],[81.20811395100003,28.596851645000072],[81.20759182600005,28.595911646000047],[81.20433763900007,28.594341770000028],[81.20024626400004,28.59187289600004],[81.19674145100004,28.591350082000076],[81.19332532600004,28.59137302000005],[81.18824401300003,28.58996783300006],[81.18568682600005,28.588922208000042],[81.18114526400007,28.588177020000046],[81.16958420200007,28.59530570800007],[81.16580676400008,28.59734089600005],[81.16231020100008,28.59818445800005],[81.16103557600007,28.594923583000025],[81.15662363900003,28.592004708000047],[81.15275132700003,28.59544302000006],[81.14974776400004,28.596766208000076],[81.14070101400006,28.60177783300003],[81.14014607700005,28.603353208000044],[81.13661538900004,28.60379677000003],[81.13408282600005,28.604676958000027],[81.13207532700005,28.606041583000035],[81.12882382700008,28.60418114500004],[81.12600013900004,28.606703958000026],[81.12230407600003,28.606711833000077],[81.12283257700005,28.60493352000003],[81.12136370200005,28.602931333000072],[81.11952263900008,28.601836520000063],[81.11496488800003,28.600080645000048],[81.11349326400006,28.600997895000035],[81.10943013800005,28.60209770800003],[81.10387263800004,28.602034395000032],[81.10013951300004,28.603587270000048],[81.09789557600004,28.60297964600005],[81.09422020100004,28.599873271000035],[81.09639895100008,28.597708083000043],[81.09719938900008,28.595512271000075],[81.09543970100003,28.593884520000074],[81.09258113900006,28.593642832000057],[81.09035882600006,28.59234708300005],[81.08657638800008,28.589238270000067],[81.08480913900007,28.588546707000035],[81.08028620100004,28.590361208000047],[81.07587782600007,28.592543208000052],[81.07429313800003,28.592126646000054],[81.07427857600004,28.59051352000006],[81.07186201300004,28.587710396000034],[81.06931645100008,28.58695814600003],[81.06779576400004,28.585882708000042],[81.06540782600007,28.577457082000024],[81.06591195200008,28.57586402000004],[81.06444801400005,28.573703271000056],[81.06564138900006,28.572834083000032],[81.06455738800008,28.570280583000056],[81.06547088900004,28.569386708000025],[81.06721363800006,28.570920083000033],[81.06831182600007,28.569647020000048],[81.06754338900004,28.568020708000063],[81.06367395100006,28.567523958000038],[81.06380813800007,28.56534670700006],[81.06080626300007,28.562690270000076],[81.06283863800007,28.56117320800007],[81.06339595100008,28.55986889600007],[81.06217088900007,28.558346521000033],[81.05692295100005,28.555133770000054],[81.05647451400006,28.552198645000033],[81.05464338800004,28.549358896000058],[81.05758326300008,28.546988645000056],[81.05983045100004,28.548919021000074],[81.06138676400008,28.54808127000007],[81.06088932600005,28.54673002000004],[81.05758238800007,28.544218083000032],[81.05609632600004,28.538287207000053],[81.05491632600007,28.536877520000075],[81.05203520100008,28.534791708000057],[81.04999376400008,28.533993708000025],[81.05003313900005,28.532231645000024],[81.04917476300005,28.530257833000064],[81.05067620200003,28.528592208000077],[81.05024763900008,28.527279270000065],[81.04633088800006,28.524611583000024],[81.04304638800005,28.524238145000027],[81.04296926300003,28.52211283200006],[81.04604545200004,28.52165608300004],[81.04801488900006,28.52266389500005],[81.04981738900005,28.52227064500005],[81.05361195100005,28.524089958000047],[81.05546607600007,28.523448458000075],[81.05848001400005,28.523546457000066],[81.06634338900005,28.523026208000033],[81.07007845100003,28.522259457000075],[81.07434807600004,28.52285958300007],[81.07636438800006,28.523779020000063],[81.07983638800005,28.523136271000055],[81.08447126400006,28.52317183300005],[81.08694895200006,28.523887708000075],[81.09205426300008,28.524732708000045],[81.09387288800008,28.52579408300005],[81.09911826400008,28.526965833000077],[81.10119545100008,28.52679283300006],[81.10400370100007,28.529195833000074],[81.10511863800008,28.53189795800006],[81.10924432600007,28.531761520000032],[81.10963176400008,28.53491989500003],[81.10721288900004,28.53748708300003],[81.10581420200003,28.538002582000047],[81.10395801400006,28.53739939500008],[81.10002407600007,28.538228082000046],[81.09870720100008,28.53948802000008],[81.10226070100003,28.543553270000075],[81.10252688900005,28.54466764600005],[81.10014657700003,28.545538020000038],[81.09723045200008,28.547633895000047],[81.09790270100007,28.54887208300005],[81.10195770100006,28.552932458000043],[81.10456463800006,28.55305908300005],[81.10769276400003,28.552418145000047],[81.11339501400005,28.552266833000033],[81.11618270200006,28.55348733200003],[81.11828582600003,28.54982370700003],[81.11961945100006,28.54928783300005],[81.12329282600007,28.55047358300004],[81.12858220100009,28.551628333000053],[81.13313688900007,28.551407332000053],[81.13825332600004,28.552331770000023],[81.14124695100008,28.55232645800004],[81.14510963900005,28.55177189500006],[81.14663107600006,28.55225752000007],[81.14863351400004,28.551307833000067],[81.15024195100005,28.548736270000063],[81.15409495200004,28.54386983300003],[81.15869607700006,28.538858083000036],[81.16327632600007,28.533462645000043],[81.16619620100005,28.530363520000037],[81.16850351400007,28.525902520000045],[81.16915957600008,28.523198833000038],[81.17784882600006,28.531499521000057],[81.18621520200008,28.54074314500008],[81.19099945100004,28.54542258300006],[81.19444251300007,28.548152208000033],[81.19969351300006,28.552995332000023],[81.20631451400004,28.558393521000028],[81.21276857600003,28.562386020000076],[81.22075176400006,28.566838208000036],[81.22722807700006,28.571782083000073],[81.23081826400005,28.57523470800004],[81.23344495100008,28.576872708000053],[81.24214988900007,28.585622646000047],[81.24610126400006,28.590493458000026],[81.25005638900006,28.59383427000006],[81.25176463900004,28.59594064600003],[81.25533113900008,28.601865458000077],[81.25881851400004,28.60822564500006],[81.26231088900005,28.613053895000064]]]}},{"type":"Feature","properties":{"STATE_CODE":7,"DISTRICT":"KAILALI","GaPa_NaPa":"Joshipur","Type_GN":"Gaunpalika","Province":"Sudur Pashchim","provinceId":"7","provinceCode":"7","provinceName":"Sudurpashchim","districtId":"708","districtName":"Kailali","municipalityId":"70809","municipalityCode":"70809","municipalityName":"Joshipur Rural Municipality","municipalityNameNe":"जोशीपुर गाउँपालिका","municipalityType":"rural_municipality"},"geometry":{"type":"Polygon","coordinates":[[[80.99569707600006,28.622072771000035],[80.99271113900005,28.62087914500006],[80.99191245100008,28.61930195800005],[80.99323651400005,28.616599208000025],[80.99297813900006,28.614139958000067],[80.99079170100003,28.614146583000036],[80.98978420100008,28.611657958000023],[80.99059045100006,28.60919202100007],[80.99083195100008,28.60656814500004],[80.99031413800003,28.604025396000054],[80.99120688800008,28.60201520800007],[80.99107538800007,28.597344958000065],[80.99323857600007,28.595212896000078],[80.99243945100005,28.59312595800003],[80.98958845100003,28.593227333000073],[80.98992451300006,28.591363770000044],[80.99255301400007,28.592313770000032],[80.99310588800006,28.590711896000073],[80.99528851400004,28.588024896000036],[80.99469738900007,28.587309708000078],[80.99212445100005,28.588110521000033],[80.98607638900006,28.58555152100007],[80.98859626300003,28.584443958000065],[80.99157713900007,28.583895958000028],[80.99506751400008,28.578842270000052],[80.99367557600004,28.575911458000064],[80.99442632600005,28.57143970800007],[80.99424363900005,28.56977239500003],[80.99477282600003,28.566214458000047],[80.98859176300004,28.566911271000038],[80.98991201400008,28.564740895000057],[80.99293807600003,28.563231708000046],[80.99410351400007,28.561814833000028],[80.99055682600005,28.559910458000047],[80.98969301400007,28.557169083000076],[80.99017857600006,28.553198270000053],[80.99213157600008,28.55265689500004],[80.99210995100003,28.551352833000067],[80.99017695100008,28.549813958000072],[80.99086801400006,28.548060958000065],[80.98933345100005,28.545971645000066],[80.98947420100006,28.544114833000037],[80.99159738800006,28.54221977000003],[80.99149332600007,28.54122927000003],[80.98939107700005,28.538388583000028],[80.98926813800006,28.534618521000027],[80.99111957600007,28.534474208000063],[80.99557588900007,28.531857271000035],[80.99807613800004,28.53152339500008],[81.00225676300005,28.537960333000058],[81.00367357600004,28.538783770000066],[81.01097501300006,28.538954896000064],[81.01797832700004,28.53967383300005],[81.01835301300008,28.54206533200005],[81.02863745100007,28.541984582000055],[81.03007995200005,28.543441770000072],[81.03277795200006,28.542628958000023],[81.03584963800006,28.540922520000038],[81.03585551300006,28.539424396000072],[81.03090357600007,28.536625582000056],[81.02762451400008,28.534083645000067],[81.02693020100008,28.53291283300007],[81.02921001300007,28.53108933200008],[81.02655813800004,28.52652564500005],[81.02587995100004,28.523057958000038],[81.02376251300007,28.520623958000044],[81.02069820100007,28.51871570800006],[81.01996638800006,28.515552583000044],[81.02349982600003,28.513914020000072],[81.02467088800006,28.514387645000056],[81.03265676400008,28.519444333000024],[81.03419195100008,28.52000577000007],[81.04114032600006,28.51702789600006],[81.04333763800008,28.51645414500007],[81.04389313800004,28.51845977100004],[81.04604545200004,28.52165608300004],[81.04296926300003,28.52211283200006],[81.04304638800005,28.524238145000027],[81.04633088800006,28.524611583000024],[81.05024763900008,28.527279270000065],[81.05067620200003,28.528592208000077],[81.04917476300005,28.530257833000064],[81.05003313900005,28.532231645000024],[81.04999376400008,28.533993708000025],[81.05203520100008,28.534791708000057],[81.05491632600007,28.536877520000075],[81.05609632600004,28.538287207000053],[81.05758238800007,28.544218083000032],[81.06088932600005,28.54673002000004],[81.06138676400008,28.54808127000007],[81.05983045100004,28.548919021000074],[81.05758326300008,28.546988645000056],[81.05464338800004,28.549358896000058],[81.05647451400006,28.552198645000033],[81.05692295100005,28.555133770000054],[81.06217088900007,28.558346521000033],[81.06339595100008,28.55986889600007],[81.06283863800007,28.56117320800007],[81.06080626300007,28.562690270000076],[81.06380813800007,28.56534670700006],[81.06367395100006,28.567523958000038],[81.06754338900004,28.568020708000063],[81.06831182600007,28.569647020000048],[81.06721363800006,28.570920083000033],[81.06547088900004,28.569386708000025],[81.06455738800008,28.570280583000056],[81.06564138900006,28.572834083000032],[81.06444801400005,28.573703271000056],[81.06591195200008,28.57586402000004],[81.06540782600007,28.577457082000024],[81.06779576400004,28.585882708000042],[81.06512576400007,28.584282146000078],[81.06371388900004,28.585936583000034],[81.06233076300003,28.584597083000062],[81.06105657600006,28.585294833000034],[81.06021657600007,28.588668145000042],[81.06151045200005,28.59215339600007],[81.05796088900007,28.59312058300003],[81.06088320100008,28.594940020000024],[81.06091645100008,28.59662764500007],[81.05909963900007,28.598099457000046],[81.06108863900005,28.598703208000074],[81.05923563800008,28.601323458000024],[81.05938945200006,28.606047833000048],[81.05859638800007,28.608615645000043],[81.05964301300008,28.609668833000057],[81.05978882600004,28.612597271000027],[81.06165526400008,28.61368845800007],[81.06153145200005,28.61557689500006],[81.05985663800004,28.61940183300004],[81.05757926300004,28.61763402100007],[81.05594007700006,28.615498083000034],[81.05355995100007,28.615638958000034],[81.05009201300004,28.616712020000023],[81.04797488900005,28.616044958000032],[81.04626676300006,28.61953352000006],[81.04394663900007,28.62051120800004],[81.04184170100007,28.622203957000067],[81.03996326300006,28.62089370800004],[81.03574713900008,28.621237833000066],[81.03471863900006,28.619661020000024],[81.03349288900006,28.619557583000073],[81.03008413900005,28.615506270000026],[81.02953720100004,28.613038145000075],[81.02602076300008,28.613763146000053],[81.02589945200003,28.61690820800004],[81.02491920100005,28.61993620800007],[81.02511563900003,28.621896771000024],[81.02405201400006,28.623483021000027],[81.02263620100007,28.62187689600006],[81.01988613900005,28.622236083000075],[81.01882545100005,28.619641646000048],[81.01550995100007,28.619468333000043],[81.01480407600008,28.620641645000035],[81.01172382700008,28.621203708000053],[81.00665257600008,28.61728958300006],[81.00405313900006,28.617727396000078],[81.00173326400005,28.614277771000047],[80.99781670100003,28.614643270000045],[80.99960813900003,28.62058145800006],[80.99826051300005,28.62187202100006],[80.99569707600006,28.622072771000035]]]}},{"type":"Feature","properties":{"STATE_CODE":7,"DISTRICT":"KAILALI","GaPa_NaPa":"Kailari","Type_GN":"Gaunpalika","Province":"Sudur Pashchim","provinceId":"7","provinceCode":"7","provinceName":"Sudurpashchim","districtId":"708","districtName":"Kailali","municipalityId":"70812","municipalityCode":"70812","municipalityName":"Kailari Rural Municipality","municipalityNameNe":"कैलारी गाउँपालिका","municipalityType":"rural_municipality"},"geometry":{"type":"Polygon","coordinates":[[[80.85873370100006,28.634432896000078],[80.85711682700008,28.63608270800006],[80.85383432600008,28.63521064500003],[80.85185751300008,28.635646145000067],[80.85097763800007,28.637743396000076],[80.84897901300008,28.639525770000034],[80.84895007600005,28.64183152000004],[80.84540232600006,28.641922270000066],[80.84478801400007,28.639205208000078],[80.84337438800003,28.639190021000047],[80.83682838800007,28.64112483300005],[80.83066613900007,28.644603020000034],[80.82610007600005,28.64443708300007],[80.82258270100004,28.64635702000004],[80.81921370100008,28.649289958000054],[80.81343957600006,28.651073583000027],[80.81247038900005,28.649350833000028],[80.80843382600005,28.650863583000046],[80.81008070100006,28.652106770000046],[80.81378632600007,28.653208396000025],[80.81440682600004,28.656140020000066],[80.81586132600006,28.65893052000007],[80.81882788800004,28.660042333000035],[80.81947738900004,28.66352889500007],[80.82312657600005,28.665361208000036],[80.82416920100007,28.66716745800005],[80.82053157600006,28.67013858300004],[80.82140501300006,28.673435958000027],[80.82277307600003,28.67626014500007],[80.82187507600008,28.67668539600004],[80.82305607600006,28.679353708000065],[80.82035001300005,28.68097227000004],[80.81997670100003,28.68418002100003],[80.82159576400005,28.68714220800007],[80.81987182600005,28.688279270000066],[80.81302607600009,28.691345083000044],[80.81323957600006,28.69360602000006],[80.81158876400008,28.694142958000043],[80.80803820100004,28.693397958000048],[80.80415026300005,28.693119395000053],[80.79818582600006,28.695231396000054],[80.79366745100003,28.69950220800007],[80.79216932600008,28.699745833000065],[80.79030913900004,28.70158845800006],[80.78867263800004,28.702283083000054],[80.78546801300007,28.70260289500004],[80.78221632600008,28.704362020000076],[80.78059970100009,28.706008646000043],[80.77424232600004,28.706866770000033],[80.77243976400007,28.70551233300006],[80.77214301300006,28.703106771000023],[80.77114638800003,28.70203120800005],[80.76988288800004,28.693530270000053],[80.76361526400007,28.692463583000062],[80.76085201300003,28.694335833000025],[80.75981682600008,28.692143271000077],[80.75742563900008,28.692281145000038],[80.75483507600006,28.694846208000058],[80.75130788800004,28.694334396000045],[80.74866588800006,28.69368202100003],[80.74831501400007,28.69234577000003],[80.75020538900003,28.691234708000025],[80.75055707600006,28.68859345800007],[80.75235895100008,28.686864021000076],[80.75161182600004,28.685897083000043],[80.75465126300008,28.683249395000075],[80.75581320100008,28.681035958000052],[80.75405895100005,28.67585495800006],[80.75142788900007,28.67333458300004],[80.75424451300006,28.672263520000058],[80.75139926400004,28.670539146000067],[80.74356807600003,28.67149470800007],[80.73959820100004,28.67167214500006],[80.73350188800003,28.674281895000036],[80.73169351400009,28.67539508300007],[80.72703607600005,28.676358208000067],[80.72479176300004,28.676362708000056],[80.72247882600004,28.675315708000028],[80.71825101300004,28.675762646000067],[80.71742751400006,28.67490358300006],[80.71908082600004,28.672761458000025],[80.72094295100004,28.66880352000004],[80.72295770100004,28.663469645000077],[80.72424445100006,28.658939708000048],[80.72618157600004,28.65618439600007],[80.72588945100006,28.64927102000007],[80.72491601300004,28.64787695800004],[80.72411176400004,28.64428808300005],[80.71899251300005,28.640514333000056],[80.71983007600005,28.63823958300003],[80.71973932600008,28.635107895000033],[80.71869988800006,28.632400646000065],[80.72241070100006,28.631620896000072],[80.72519188900003,28.629869020000058],[80.72758257600003,28.626383583000063],[80.72491932600008,28.62185464600003],[80.72212226300007,28.61952958300003],[80.72191982600003,28.618234146000077],[80.72295376400007,28.61471902100004],[80.72217451300008,28.61096539500005],[80.72520326300008,28.60915314600004],[80.72781770100005,28.60997508300005],[80.73001870100006,28.606870521000076],[80.73167201300004,28.605829208000046],[80.72874526300006,28.603463395000063],[80.73037413900005,28.59883252000003],[80.73163663800005,28.597373020000077],[80.73491095100007,28.59680414500008],[80.73869701300003,28.59864802000004],[80.74058076300008,28.596575958000074],[80.73948938900008,28.594561396000074],[80.74003745100003,28.592707896000036],[80.74307713900004,28.58946252000004],[80.74948657600004,28.58711233200006],[80.75554382600006,28.58230420800004],[80.75778713800008,28.579914458000076],[80.75691926400003,28.57801545800004],[80.75397432600005,28.576954271000034],[80.75341813900008,28.57529045800004],[80.75397745100008,28.57300145800008],[80.75145088800008,28.570733958000062],[80.76973963800003,28.56549577000004],[80.77123645100005,28.549648707000074],[80.78442557600005,28.54673045800007],[80.79097413900007,28.54349408300004],[80.79097113800003,28.542377271000078],[80.78625345100005,28.52922314600005],[80.79070826300006,28.524307083000053],[80.80146932600007,28.521063083000058],[80.81718245100006,28.520600020000074],[80.83170845100005,28.51168208300004],[80.83807451300004,28.505291208000074],[80.84525638800005,28.499656832000028],[80.84619963800003,28.49534852000005],[80.85700826300007,28.497047958000053],[80.86727032600004,28.489502395000045],[80.86328788900005,28.504084770000077],[80.87756470100004,28.509700520000024],[80.88751376400006,28.507125770000073],[80.89783401300008,28.50559064600003],[80.90148563800005,28.500435707000065],[80.90893713900005,28.498080895000044],[80.90719595100006,28.499999771000034],[80.91103076400003,28.501667395000027],[80.91070626300007,28.503302896000037],[80.91251663800006,28.505510645000072],[80.91147907600003,28.509629895000046],[80.91018045100003,28.510775083000055],[80.90932957600006,28.514463395000064],[80.91356770100003,28.514926458000048],[80.91069563900004,28.519337708000023],[80.90902095100006,28.52022327000003],[80.90686670100007,28.524684582000077],[80.90746401400008,28.526686208000058],[80.90980938800004,28.528826646000027],[80.91058207600008,28.53164739500005],[80.90751120100003,28.53743245800007],[80.90576301400006,28.53798627100008],[80.90223913900007,28.53572989500003],[80.90014913900006,28.53744983200005],[80.89987532600009,28.538918396000042],[80.89821263900006,28.54085520800004],[80.89618951300008,28.542272832000037],[80.89564101400003,28.546272645000045],[80.89370026400007,28.547620333000054],[80.89278657600005,28.549638896000033],[80.89359657600005,28.55256808300004],[80.89687382600005,28.555250958000045],[80.89976195100007,28.556087895000076],[80.90108682600004,28.557309458000077],[80.90143976400003,28.55899958300006],[80.90319001300008,28.559400208000056],[80.90571220100009,28.560985833000075],[80.90891301400006,28.56221983300003],[80.90666813800004,28.563041833000057],[80.90496776400005,28.56542095800006],[80.90231563800006,28.566037270000038],[80.89748263900003,28.569742833000078],[80.89804595100009,28.57033439500003],[80.90099457600007,28.569853770000066],[80.90164320100007,28.570776958000067],[80.89979063800007,28.57374020800006],[80.89986188900008,28.57677033300007],[80.90130413900005,28.579113333000066],[80.90301863900004,28.580820207000045],[80.90685857600005,28.586140708000073],[80.90522938900006,28.587188708000042],[80.90579501300004,28.58853152100005],[80.90485757600004,28.58985070800003],[80.90124638800006,28.590312895000068],[80.89698557600008,28.58905077000003],[80.88907226300006,28.58997633300004],[80.88712570100006,28.591752583000073],[80.87340938900007,28.590598895000028],[80.86040076400008,28.590234145000068],[80.85393776400008,28.590484583000034],[80.85093576400004,28.59111752000007],[80.84372713900007,28.59096727000008],[80.83932076400004,28.591305083000066],[80.83732795100008,28.59306477000007],[80.84033845100004,28.594313708000072],[80.84857876400008,28.595406146000073],[80.85133257600006,28.596146958000077],[80.85244045100006,28.59706870800005],[80.85254745100008,28.598936895000065],[80.85104745100006,28.602109708000057],[80.84822501300005,28.604949333000036],[80.84661701300007,28.607711332000065],[80.84151945100007,28.60904789500006],[80.83792301400007,28.610740271000054],[80.83632820100007,28.611954395000055],[80.83320445100009,28.613166646000025],[80.83953501400003,28.614345270000058],[80.84524763800005,28.61724427000007],[80.84910607600006,28.618846020000035],[80.85511863900007,28.621803645000057],[80.85434163900004,28.623382083000024],[80.85465288900008,28.62763083300007],[80.85571388900007,28.630864958000075],[80.85873370100006,28.634432896000078]]]}},{"type":"Feature","properties":{"STATE_CODE":7,"DISTRICT":"KAILALI","GaPa_NaPa":"Lamkichuha","Type_GN":"Nagarpalika","Province":"Sudur Pashchim","provinceId":"7","provinceCode":"7","provinceName":"Sudurpashchim","districtId":"708","districtName":"Kailali","municipalityId":"70807","municipalityCode":"70807","municipalityName":"Lamki Chuha Urban Municipality","municipalityNameNe":"लम्कि चुहा नगरपालिका","municipalityType":"municipality"},"geometry":{"type":"Polygon","coordinates":[[[81.28942020100004,28.649065395000036],[81.28683701400007,28.65074720800004],[81.28443720200005,28.651453958000047],[81.28254845200007,28.652701020000052],[81.27879470100004,28.65313070800005],[81.27698220100007,28.655219083000077],[81.27449388900004,28.656135645000063],[81.26963763900005,28.656862833000048],[81.26705551400005,28.65663333300006],[81.26601088900009,28.655746458000067],[81.26049326400005,28.657708770000056],[81.25776695100006,28.660498021000024],[81.25603707600004,28.66101795800006],[81.25273738900006,28.65920570800006],[81.25148807700003,28.65716395800007],[81.24927051400005,28.65561583300007],[81.24676188900008,28.656723708000072],[81.24317745200005,28.656782083000053],[81.23790088900006,28.659079145000078],[81.23529345200006,28.659850833000064],[81.23401538900004,28.660990145000028],[81.23312926400007,28.664712020000024],[81.22988376400008,28.66884402000005],[81.22794451300007,28.673517521000065],[81.22676832700006,28.677840020000076],[81.22458907600003,28.679743270000074],[81.22172088900004,28.67965102000005],[81.22030363900006,28.681250645000034],[81.21701013900008,28.683715145000065],[81.21529207700007,28.688076770000066],[81.21294376400004,28.689774833000058],[81.21140632700008,28.691886708000027],[81.20528207600006,28.69344383300006],[81.20296982600007,28.695392145000028],[81.20175413900006,28.697566583000025],[81.19799007600005,28.70159033300007],[81.19746276400008,28.703872021000052],[81.19353138900004,28.705772833000026],[81.18981588900004,28.705787145000045],[81.18708688900006,28.707038583000042],[81.18513451400008,28.710251708000044],[81.18269576400007,28.712062208000077],[81.17997051400005,28.71318039600004],[81.17792432700008,28.716718521000075],[81.17529326400006,28.717475395000065],[81.17320695100005,28.71898520800005],[81.17195876400007,28.720663083000034],[81.16980507700003,28.721333645000072],[81.16741245200006,28.722992583000064],[81.16679157700008,28.726533208000035],[81.15809070100005,28.730798708000066],[81.15267007600005,28.730222895000054],[81.15243863900008,28.729036396000026],[81.15286457600007,28.72361895800003],[81.15165101400004,28.72291189500004],[81.15048257600006,28.72002089600005],[81.14888363800003,28.718062083000063],[81.14701138900006,28.71778208300003],[81.14243726300003,28.713644771000077],[81.14045926400007,28.71225252000005],[81.13613601400004,28.711510145000034],[81.13361157600008,28.711429208000027],[81.13147601400004,28.713344520000078],[81.13221682700004,28.715022333000036],[81.13190413800004,28.716489083000056],[81.12965795100007,28.717524583000056],[81.12909638900004,28.719524083000067],[81.13169407600003,28.722190646000058],[81.13074470100008,28.723150333000035],[81.12665051400006,28.723767895000037],[81.12418332600004,28.721787083000038],[81.12150413900008,28.72149164500007],[81.12075982600004,28.72050864600004],[81.11798251400006,28.720811208000043],[81.11726507600008,28.72327327000005],[81.11410057600006,28.727454270000067],[81.10915076400005,28.726134020000075],[81.10589651400005,28.72579595800005],[81.10563982600007,28.724381583000024],[81.10340545100007,28.72191733300008],[81.10090576400006,28.721319083000026],[81.09862770100005,28.71805164600005],[81.09490282600007,28.715619958000048],[81.09063151300006,28.71333514500003],[81.08877013900008,28.71089752000006],[81.08782445100007,28.708547270000054],[81.08576888800008,28.70717458300004],[81.08138038900006,28.705622833000064],[81.08149670100005,28.703395958000044],[81.08075995100006,28.700357396000072],[81.08126770100006,28.693029145000025],[81.07908926400006,28.690986396000028],[81.07956576300006,28.689253396000026],[81.07819501400007,28.686765645000037],[81.07999382600008,28.68432345800005],[81.07937588900006,28.67373352000004],[81.07878513800006,28.67316302100005],[81.07492676300006,28.673454020000065],[81.07453882600004,28.671107833000065],[81.07343657600006,28.668906458000038],[81.07613263800005,28.66764377000004],[81.07454588900004,28.665257645000054],[81.07312038800006,28.662075021000078],[81.07085607600004,28.660975208000025],[81.07002295100006,28.658286333000035],[81.06561720100007,28.656826521000028],[81.06291888900006,28.655176333000043],[81.06334338900007,28.652931270000067],[81.06128620100003,28.650601583000025],[81.06021951400004,28.647619458000065],[81.05860701300008,28.64491502100003],[81.05898745100006,28.642096895000066],[81.05736157700005,28.639385708000077],[81.05838345100005,28.63786239600006],[81.05724026300004,28.635579646000053],[81.05520570100003,28.634632896000028],[81.05702551400003,28.633278458000063],[81.05594295200007,28.628791396000054],[81.05770026300007,28.627303833000042],[81.05747932600008,28.624264896000057],[81.05926463900005,28.62382414500007],[81.05912176300006,28.62148908300003],[81.05985663800004,28.61940183300004],[81.06153145200005,28.61557689500006],[81.06165526400008,28.61368845800007],[81.05978882600004,28.612597271000027],[81.05964301300008,28.609668833000057],[81.05859638800007,28.608615645000043],[81.05938945200006,28.606047833000048],[81.05923563800008,28.601323458000024],[81.06108863900005,28.598703208000074],[81.05909963900007,28.598099457000046],[81.06091645100008,28.59662764500007],[81.06088320100008,28.594940020000024],[81.05796088900007,28.59312058300003],[81.06151045200005,28.59215339600007],[81.06021657600007,28.588668145000042],[81.06105657600006,28.585294833000034],[81.06233076300003,28.584597083000062],[81.06371388900004,28.585936583000034],[81.06512576400007,28.584282146000078],[81.06779576400004,28.585882708000042],[81.06931645100008,28.58695814600003],[81.07186201300004,28.587710396000034],[81.07427857600004,28.59051352000006],[81.07429313800003,28.592126646000054],[81.07587782600007,28.592543208000052],[81.08028620100004,28.590361208000047],[81.08480913900007,28.588546707000035],[81.08657638800008,28.589238270000067],[81.09035882600006,28.59234708300005],[81.09258113900006,28.593642832000057],[81.09543970100003,28.593884520000074],[81.09719938900008,28.595512271000075],[81.09639895100008,28.597708083000043],[81.09422020100004,28.599873271000035],[81.09789557600004,28.60297964600005],[81.10013951300004,28.603587270000048],[81.10387263800004,28.602034395000032],[81.10943013800005,28.60209770800003],[81.11349326400006,28.600997895000035],[81.11496488800003,28.600080645000048],[81.11952263900008,28.601836520000063],[81.12136370200005,28.602931333000072],[81.12283257700005,28.60493352000003],[81.12230407600003,28.606711833000077],[81.12600013900004,28.606703958000026],[81.12882382700008,28.60418114500004],[81.13207532700005,28.606041583000035],[81.13408282600005,28.604676958000027],[81.13661538900004,28.60379677000003],[81.14014607700005,28.603353208000044],[81.14070101400006,28.60177783300003],[81.14974776400004,28.596766208000076],[81.15275132700003,28.59544302000006],[81.15662363900003,28.592004708000047],[81.16103557600007,28.594923583000025],[81.16231020100008,28.59818445800005],[81.16580676400008,28.59734089600005],[81.16958420200007,28.59530570800007],[81.18114526400007,28.588177020000046],[81.18568682600005,28.588922208000042],[81.18824401300003,28.58996783300006],[81.19332532600004,28.59137302000005],[81.19674145100004,28.591350082000076],[81.20024626400004,28.59187289600004],[81.20433763900007,28.594341770000028],[81.20759182600005,28.595911646000047],[81.20811395100003,28.596851645000072],[81.21120626300007,28.599236145000077],[81.21528863900005,28.599996833000034],[81.21652182700007,28.601384645000053],[81.21849713900008,28.60200420800004],[81.22131213900008,28.605471833000024],[81.22430476400007,28.607425271000068],[81.22884038800004,28.60818020800008],[81.23124307700004,28.609496083000067],[81.23908363900006,28.61227558300004],[81.24349463900006,28.612612958000057],[81.24582288900007,28.61396014500008],[81.24808357600006,28.61454489500005],[81.25527732600005,28.613974271000075],[81.26231088900005,28.613053895000064],[81.26464788800007,28.614590270000065],[81.26675957600008,28.615226895000035],[81.27051826400003,28.61774633300007],[81.27132051400008,28.619730145000062],[81.27154751400008,28.623233520000042],[81.27232457600007,28.625600896000037],[81.27243182700005,28.629508333000047],[81.27417832600008,28.631438333000062],[81.27885363900003,28.63552370800005],[81.28340276400007,28.638907458000062],[81.28804251400004,28.64538402000005],[81.28942020100004,28.649065395000036]]]}},{"type":"Feature","properties":{"STATE_CODE":7,"DISTRICT":"KAILALI","GaPa_NaPa":"Mohanyal","Type_GN":"Gaunpalika","Province":"Sudur Pashchim","provinceId":"7","provinceCode":"7","provinceName":"Sudurpashchim","districtId":"708","districtName":"Kailali","municipalityId":"70801","municipalityCode":"70801","municipalityName":"Mohanyal Rural Municipality","municipalityNameNe":"मोहन्याल गाउँपालिका","municipalityType":"rural_municipality"},"geometry":{"type":"Polygon","coordinates":[[[80.98044870200005,28.939014145000044],[80.97599282600004,28.939475896000033],[80.97069332600006,28.941304521000063],[80.96764870200008,28.940685646000077],[80.96200226400003,28.93774458300004],[80.95823838900003,28.936152896000067],[80.95499126300007,28.935761459000048],[80.94778695100007,28.93817745800004],[80.93938332600004,28.942092708000075],[80.93402126400008,28.94340095800004],[80.93154501400005,28.943557646000045],[80.92583220200004,28.942749209000056],[80.92312132600006,28.941542896000044],[80.92030207600004,28.93916114500007],[80.91859401300007,28.93537445800007],[80.91673713900008,28.932584834000068],[80.91528526400003,28.931334083000024],[80.91249195100005,28.93104352100005],[80.91196826400005,28.93351133300007],[80.91037851300007,28.93613858300006],[80.90941226300004,28.939061770000023],[80.90815082600005,28.94036714600003],[80.90531538800008,28.93999745900004],[80.90472251400007,28.936917521000055],[80.90368932600006,28.936479145000078],[80.90124332600004,28.937325646000033],[80.90085307600003,28.94075452100003],[80.90000145100004,28.942182021000065],[80.89841407600005,28.94121745800004],[80.90029801400004,28.93683077000003],[80.89940663900006,28.934628271000065],[80.89620432700008,28.934352833000048],[80.89475251400006,28.935405333000062],[80.89301732600006,28.938718083000026],[80.88988788900008,28.940229395000074],[80.88500695200008,28.94044864600005],[80.88409932600007,28.941395396000075],[80.88278013800004,28.944482833000052],[80.88277607600008,28.94574845900007],[80.88489638900006,28.949190771000076],[80.88586457600007,28.951914646000034],[80.88614320200008,28.956641271000024],[80.88707701400006,28.957749770000078],[80.88714101300008,28.959942709000075],[80.88621995100004,28.963560646000076],[80.88365188900008,28.96703720800008],[80.88102151400005,28.96828483300004],[80.87504826300005,28.969558583000037],[80.86871188900005,28.96866595800003],[80.86717413900004,28.96941789600004],[80.86531663900007,28.973892083000067],[80.86410563900006,28.97535952100003],[80.86052613900006,28.977047896000045],[80.85732526300006,28.977576959000032],[80.85539188900003,28.976925146000042],[80.85226420200007,28.974634146000028],[80.85020976300007,28.972001333000037],[80.84826907600007,28.968319584000028],[80.84535132600007,28.964711084000044],[80.84477945100008,28.96178658300005],[80.84300651300003,28.95916070900006],[80.83875938800008,28.956019833000028],[80.83856770100004,28.955171333000067],[80.84135213800005,28.951224271000058],[80.84092182600006,28.94891364600005],[80.83894763800004,28.946670958000027],[80.83965557600004,28.94480158300007],[80.84397020100005,28.942636333000053],[80.84463170100008,28.941538395000066],[80.85066295200005,28.937779833000036],[80.85274326400008,28.937825021000037],[80.85445338800008,28.938668396000025],[80.85800163800008,28.938807521000058],[80.86001745100003,28.937938833000032],[80.86012645100004,28.93556783300005],[80.85889732700008,28.934600958000033],[80.85789576400003,28.930902208000077],[80.85706557600008,28.929617646000054],[80.85793413900006,28.927170708000062],[80.85901270100004,28.921836271000075],[80.86059632600006,28.919367584000042],[80.86346120100006,28.91752052100003],[80.86413445100004,28.915204208000034],[80.86324451400003,28.91166133300004],[80.86181457600009,28.90881495800005],[80.86055045100005,28.907656271000064],[80.85751638900007,28.906340083000032],[80.85514220100004,28.904677083000024],[80.85399020100004,28.90293639600003],[80.85622995100005,28.897262583000042],[80.85823713900004,28.893898646000025],[80.86015870100005,28.891926584000032],[80.86076895100007,28.888525083000047],[80.85649720100008,28.885589958000025],[80.85358207600007,28.882496021000065],[80.85139832600004,28.879558458000076],[80.84808013900005,28.876206770000067],[80.84595413800008,28.874530333000052],[80.84518170100006,28.871693583000024],[80.84252582600004,28.866497021000043],[80.83946682600003,28.862078333000056],[80.83942063900008,28.859783771000025],[80.84063476300008,28.857165896000026],[80.84018551300005,28.853185646000043],[80.83793926400006,28.851777458000072],[80.83635857600007,28.848201895000045],[80.83310988900007,28.84475514500008],[80.83167857600006,28.844848083000045],[80.82917182600005,28.84209702100003],[80.82896207600004,28.840488271000027],[80.82728001400005,28.835191020000025],[80.82453176400008,28.83053995800003],[80.82313576300004,28.826691458000028],[80.82177238800006,28.82449002100003],[80.82071120100005,28.818045208000058],[80.81858863900004,28.816979708000076],[80.81755826400007,28.815450958000042],[80.81577595100003,28.814697271000057],[80.81290326400006,28.815397145000077],[80.80909582600003,28.814153333000036],[80.80597645100005,28.81161977100004],[80.80466601300003,28.807252333000065],[80.80281332600003,28.80573133300004],[80.80106613800007,28.80111277000003],[80.79972420200005,28.798967520000076],[80.80025876400003,28.79719952100004],[80.80009820100008,28.793413521000048],[80.79887257600006,28.79193852000003],[80.79932513900008,28.78999664500003],[80.79808582600003,28.788196708000044],[80.79714976400004,28.785368395000035],[80.79855288900006,28.78353633300003],[80.79794945100008,28.782378021000056],[80.79959245100008,28.78047408300006],[80.80090338900004,28.779921021000064],[80.80294820100005,28.77743102000005],[80.80462970100007,28.777783146000047],[80.80605507600006,28.776945958000056],[80.80648601400003,28.775001771000063],[80.80948813800006,28.774324771000067],[80.81190095100004,28.77491920800003],[80.81424013900005,28.771725520000075],[80.81668907600005,28.771404021000023],[80.81847188800003,28.771988458000067],[80.82224276300008,28.77147908300003],[80.82371257600005,28.769247458000052],[80.82362357600005,28.767142395000064],[80.82532088900007,28.765429958000027],[80.82679001400004,28.765454395000063],[80.82669463900004,28.76816839600008],[80.82790207600004,28.76945145800005],[80.82951945100007,28.769649833000074],[80.83154926300006,28.773126708000063],[80.83363263800004,28.773810646000072],[80.83493438900007,28.77693014600004],[80.83645995100005,28.77737195800006],[80.83902420100003,28.776607958000056],[80.84460263900007,28.78095752100006],[80.84725151400005,28.782566833000033],[80.84837432600006,28.786024458000043],[80.85208376400004,28.790958146000037],[80.85465670100007,28.793099771000072],[80.85858495100007,28.795508958000028],[80.85863207700004,28.798568270000032],[80.85818226300006,28.801599958000054],[80.85825220100008,28.80458258300007],[80.85988588900005,28.80833620800007],[80.85862682600003,28.811931083000047],[80.85748407600005,28.813978458000065],[80.85816651300007,28.815594520000047],[80.86119632600008,28.81885545800003],[80.86128695100007,28.822011833000033],[80.86272113900003,28.82167039600006],[80.86446388800005,28.81991914500003],[80.86762807600007,28.818476146000023],[80.87334332600005,28.817112146000056],[80.87564932600003,28.81490558300004],[80.87942807700006,28.81232127100003],[80.88247788900009,28.809063896000055],[80.88676832600004,28.80609858300005],[80.88829795200007,28.810280396000053],[80.88740376300007,28.814008958000045],[80.88796182600004,28.817073208000068],[80.88816432600004,28.821438896000075],[80.88873545100006,28.823106646000042],[80.89156013800005,28.823925646000077],[80.89144882600004,28.827217208000036],[80.89344545100005,28.82898758300007],[80.89767201400008,28.82730552000004],[80.90256132600007,28.823656521000032],[80.90487720100003,28.823130271000025],[80.90924757600004,28.82535327100004],[80.91286970100003,28.82650177000005],[80.91473663900007,28.828289770000026],[80.91796576300004,28.82997252100006],[80.92531057600007,28.830353583000033],[80.92715363800005,28.82948377100007],[80.93068957700007,28.83064752100006],[80.93417713900004,28.83257370800004],[80.94169401300007,28.833125395000025],[80.94750945100003,28.835352271000033],[80.95069751400007,28.834103583000058],[80.95483970100008,28.83492627100003],[80.95761670100006,28.833713396000064],[80.96036007600003,28.82739708300005],[80.96302438900005,28.826202271000056],[80.96422201400003,28.82473608300006],[80.96989095100008,28.823115271000063],[80.97442513800007,28.82001639500004],[80.97784851400007,28.818311333000054],[80.97976101400008,28.816463895000027],[80.98188232600006,28.815708458000074],[80.98525370100003,28.815341083000078],[80.98762163900005,28.813132583000026],[80.99083076400007,28.81108208300003],[80.99497007600007,28.812172021000038],[80.99730276400004,28.812142708000067],[81.00022951400007,28.80938352100003],[81.00389370100004,28.809083458000032],[81.00728682600004,28.807849271000066],[81.00948926300003,28.806429958000024],[81.01507138900007,28.806977708000034],[81.01770307600003,28.806661521000024],[81.02169176300004,28.805032021000045],[81.02419138900007,28.80312520800004],[81.02856313800004,28.80163077000003],[81.02569013800007,28.79261377100005],[81.02452032600007,28.79000364600006],[81.02076770100007,28.785753770000042],[81.01976826400005,28.784102458000064],[81.01688101300005,28.782261833000064],[81.01424426300008,28.778119958000048],[81.01224845200005,28.776344583000025],[81.01524088800005,28.772617208000042],[81.01771107700006,28.770807458000036],[81.01807126400007,28.76938158300004],[81.02009182600005,28.767075521000038],[81.02199801300003,28.765962958000046],[81.02153545100003,28.764349958000025],[81.02206213900007,28.762107333000074],[81.02351557600008,28.759494458000063],[81.02714632600004,28.754834895000045],[81.02630845100003,28.75337758300003],[81.02340745200007,28.75114908300003],[81.02305720100009,28.747521333000066],[81.02387820100006,28.745337208000024],[81.02324188900008,28.743365521000044],[81.02429151400008,28.74196870800006],[81.02367207600008,28.73801389500005],[81.02266951400009,28.736452833000044],[81.02231601400007,28.73378164500008],[81.02418713900005,28.73072877000004],[81.02672482700007,28.734593021000023],[81.02676276400007,28.73667320800007],[81.02789482600008,28.741322833000027],[81.02957076300004,28.741690208000023],[81.03019726400004,28.743628083000033],[81.03408357600006,28.745100395000065],[81.03454532600006,28.746020771000076],[81.03961420100006,28.75009170800007],[81.04197301300007,28.750587333000055],[81.04867826400005,28.753481958000066],[81.05414032600004,28.757933458000025],[81.05541388800003,28.761698396000043],[81.05682401300004,28.762182770000038],[81.05991563900005,28.758571708000034],[81.06039195100004,28.75701708300005],[81.06074513900006,28.747863833000054],[81.06012532700004,28.744152771000074],[81.06065076400006,28.741914458000053],[81.06267438800006,28.736379271000033],[81.06313920100007,28.733534083000052],[81.06422670100005,28.731300021000038],[81.06858357600004,28.728078395000068],[81.07241895100003,28.72594664500008],[81.07478570200004,28.72285445800003],[81.07566026400008,28.720462458000043],[81.07800295100003,28.718904458000054],[81.07848238900004,28.712747146000027],[81.07944857600006,28.709032958000023],[81.08138038900006,28.705622833000064],[81.08576888800008,28.70717458300004],[81.08782445100007,28.708547270000054],[81.08877013900008,28.71089752000006],[81.09063151300006,28.71333514500003],[81.09490282600007,28.715619958000048],[81.09862770100005,28.71805164600005],[81.10090576400006,28.721319083000026],[81.10340545100007,28.72191733300008],[81.10563982600007,28.724381583000024],[81.10589651400005,28.72579595800005],[81.10915076400005,28.726134020000075],[81.11410057600006,28.727454270000067],[81.11726507600008,28.72327327000005],[81.11798251400006,28.720811208000043],[81.12075982600004,28.72050864600004],[81.12150413900008,28.72149164500007],[81.12418332600004,28.721787083000038],[81.12665051400006,28.723767895000037],[81.13074470100008,28.723150333000035],[81.13169407600003,28.722190646000058],[81.12909638900004,28.719524083000067],[81.12965795100007,28.717524583000056],[81.13190413800004,28.716489083000056],[81.13221682700004,28.715022333000036],[81.13147601400004,28.713344520000078],[81.13361157600008,28.711429208000027],[81.13613601400004,28.711510145000034],[81.14045926400007,28.71225252000005],[81.14243726300003,28.713644771000077],[81.14701138900006,28.71778208300003],[81.14888363800003,28.718062083000063],[81.15048257600006,28.72002089600005],[81.15165101400004,28.72291189500004],[81.15286457600007,28.72361895800003],[81.15243863900008,28.729036396000026],[81.15267007600005,28.730222895000054],[81.15809070100005,28.730798708000066],[81.16679157700008,28.726533208000035],[81.16741245200006,28.722992583000064],[81.16980507700003,28.721333645000072],[81.17195876400007,28.720663083000034],[81.17320695100005,28.71898520800005],[81.17529326400006,28.717475395000065],[81.17792432700008,28.716718521000075],[81.17997051400005,28.71318039600004],[81.18269576400007,28.712062208000077],[81.18513451400008,28.710251708000044],[81.18708688900006,28.707038583000042],[81.18981588900004,28.705787145000045],[81.19353138900004,28.705772833000026],[81.19746276400008,28.703872021000052],[81.19799007600005,28.70159033300007],[81.20175413900006,28.697566583000025],[81.20296982600007,28.695392145000028],[81.20528207600006,28.69344383300006],[81.21140632700008,28.691886708000027],[81.21294376400004,28.689774833000058],[81.21529207700007,28.688076770000066],[81.21701013900008,28.683715145000065],[81.22030363900006,28.681250645000034],[81.22172088900004,28.67965102000005],[81.22458907600003,28.679743270000074],[81.22676832700006,28.677840020000076],[81.22794451300007,28.673517521000065],[81.22988376400008,28.66884402000005],[81.23312926400007,28.664712020000024],[81.23401538900004,28.660990145000028],[81.23529345200006,28.659850833000064],[81.23790088900006,28.659079145000078],[81.24317745200005,28.656782083000053],[81.24676188900008,28.656723708000072],[81.24927051400005,28.65561583300007],[81.25148807700003,28.65716395800007],[81.25273738900006,28.65920570800006],[81.25603707600004,28.66101795800006],[81.25776695100006,28.660498021000024],[81.26049326400005,28.657708770000056],[81.26601088900009,28.655746458000067],[81.26705551400005,28.65663333300006],[81.26963763900005,28.656862833000048],[81.27449388900004,28.656135645000063],[81.27698220100007,28.655219083000077],[81.27879470100004,28.65313070800005],[81.28254845200007,28.652701020000052],[81.28443720200005,28.651453958000047],[81.28683701400007,28.65074720800004],[81.28942020100004,28.649065395000036],[81.28975163800004,28.65378908300005],[81.28916288800008,28.663417270000025],[81.28816376400005,28.665912396000067],[81.28716563900008,28.66996652100005],[81.28706501400006,28.673202020000076],[81.28699720200007,28.675749333000056],[81.28613038900005,28.682524083000033],[81.28462551400008,28.686132583000074],[81.28339588900008,28.69032020800006],[81.28345451400008,28.69307933300007],[81.28208326400005,28.696285895000074],[81.28007732600008,28.69805208300005],[81.27600032700008,28.699515708000035],[81.27338251400005,28.701966645000027],[81.26950632600006,28.702739208000025],[81.26823926400004,28.704108958000063],[81.26875888900008,28.706163271000037],[81.27208820200008,28.71158708300004],[81.27499407600004,28.717636646000074],[81.27492926400004,28.724407333000045],[81.27400632600006,28.72726995800008],[81.27221788900005,28.72853702100008],[81.26916520200007,28.72893570800005],[81.26248738900006,28.728806646000066],[81.25930532600006,28.72918283300004],[81.25784807600007,28.72987820800006],[81.25810901400007,28.73479833300007],[81.26035557600005,28.73825933300003],[81.26167913900008,28.74115820800006],[81.26282801400004,28.745774208000057],[81.26128607700008,28.750061583000047],[81.25753732700008,28.752162396000074],[81.25675920100008,28.753046020000056],[81.25277376400004,28.754725333000067],[81.24874663900005,28.761571083000035],[81.24924763900003,28.76363445800007],[81.25092820100008,28.765341458000023],[81.25221676300004,28.76852470800003],[81.25246463900004,28.770444145000056],[81.25074620100008,28.776491458000066],[81.24898745100006,28.78049702100003],[81.24742507700006,28.781896458000062],[81.24223901400006,28.783647520000045],[81.23848282600005,28.784152833000064],[81.23471688900008,28.78574764600006],[81.23280620100007,28.78725808300004],[81.22949482600006,28.791126208000037],[81.22763532700003,28.79506170800005],[81.22783857600007,28.79695195800008],[81.23094926400006,28.79955245800005],[81.24080601400004,28.802966833000028],[81.24161870200004,28.80409789500004],[81.24399545100005,28.81029783300005],[81.24258070200005,28.812328646000026],[81.23728732700005,28.813642083000047],[81.23274570200005,28.81549552100006],[81.23115195100007,28.818128770000044],[81.23135595200006,28.825939020000078],[81.23253151400007,28.82762677100004],[81.23547670100004,28.829383708000023],[81.23216782600008,28.833310458000028],[81.22809913900005,28.835122271000046],[81.22743982700007,28.837275770000076],[81.22604988900008,28.838796396000077],[81.22046395100006,28.84168889600005],[81.21547195100004,28.842888146000064],[81.21248595100008,28.84488052100005],[81.21027545100003,28.847103958000048],[81.20758338800005,28.850792333000072],[81.20699132600004,28.852848583000025],[81.20771357600006,28.85520277100005],[81.21001276400006,28.857161958000063],[81.20956651400007,28.86034595800004],[81.20636007600007,28.863286083000048],[81.20409345100006,28.863612146000037],[81.20196263900004,28.86258658400004],[81.20048557600006,28.860170271000072],[81.20039057600007,28.857420271000024],[81.20173451400007,28.851455458000032],[81.20090726400008,28.848548583000024],[81.20104782600004,28.846184020000067],[81.20009588800008,28.84220570800005],[81.19821682700007,28.83824227100007],[81.19692763800003,28.832964958000048],[81.19803576300006,28.83192095800007],[81.20368620100004,28.829191708000053],[81.20686988900007,28.82708652100007],[81.20841420200009,28.825161958000024],[81.20932013900006,28.822256958000025],[81.20877288900004,28.820340145000046],[81.20678901400004,28.817439583000066],[81.20513545200004,28.816663771000037],[81.20280326400007,28.817341833000057],[81.20002751300007,28.819681083000035],[81.19734451400006,28.821178520000046],[81.18872632700004,28.823009270000057],[81.18351326400006,28.824977020000063],[81.17982245100006,28.82802545800007],[81.17785220100006,28.83160170800005],[81.17740632700009,28.833431958000062],[81.17584613900004,28.834909458000027],[81.17051726400007,28.835308896000072],[81.16799432700003,28.835061646000042],[81.16495820200004,28.83372527100005],[81.15813607600006,28.82852633300007],[81.15540601400005,28.82973202100004],[81.15438126400005,28.830910896000034],[81.15483476400004,28.833493521000037],[81.15941957700005,28.843807583000057],[81.15893338900008,28.845355833000042],[81.15610701400004,28.84771445800004],[81.15352613900006,28.848983083000064],[81.15090695100008,28.852625146000037],[81.14679657600004,28.86236914600005],[81.14654132600003,28.86489620800006],[81.14671595200008,28.870870145000026],[81.14614363900006,28.87235977100005],[81.14458138900005,28.873117146000027],[81.14231107600006,28.87314445800007],[81.13866363800008,28.872166895000078],[81.13696288800008,28.87112177100005],[81.13078301400003,28.865149333000033],[81.12869476300006,28.861726584000053],[81.12926826400007,28.857669646000033],[81.12846788800005,28.852607771000066],[81.12722626300007,28.85127783300004],[81.12411263900003,28.850718958000073],[81.12015545100007,28.85063233300008],[81.11405757700004,28.84969458300003],[81.10835357600007,28.847955333000073],[81.10543395100007,28.84520520800004],[81.10349601400003,28.845170583000026],[81.09946645100007,28.850536333000036],[81.09436782600005,28.855959146000032],[81.09197201400008,28.861542333000045],[81.09087170200007,28.862792958000057],[81.08097395100003,28.863694896000027],[81.07640320200005,28.86368402000005],[81.07459070100003,28.864799583000035],[81.07368901300003,28.866413145000024],[81.07382663900006,28.86936852100007],[81.07494088900006,28.87150895800005],[81.07562782600007,28.875064146000057],[81.07251845200005,28.87757458300007],[81.06843638800007,28.877188708000062],[81.06298770100005,28.87386589500005],[81.05933907600007,28.873522396000055],[81.05767845100007,28.874100645000055],[81.05322013900008,28.87682108300004],[81.04915070200008,28.88391120800003],[81.04636807700007,28.88685858300005],[81.04224182600007,28.888635521000026],[81.03570132700008,28.898437771000033],[81.03320451300004,28.90362733300003],[81.03208570100009,28.908033708000062],[81.03095951400007,28.909320021000042],[81.02763220200006,28.911511333000078],[81.02495945100003,28.916985020000027],[81.02329157600008,28.919374520000076],[81.02103651300007,28.920778146000032],[81.01501957700003,28.923181646000046],[81.01060588800004,28.926584208000065],[81.00792026400006,28.927847833000044],[81.00317845100005,28.928028521000044],[80.99890876400008,28.929122646000053],[80.99209788800005,28.932840459000033],[80.98798838900007,28.934575083000027],[80.98600245100005,28.93656695800007],[80.98274101400006,28.938698583000075],[80.98044870200005,28.939014145000044]]]}},{"type":"Feature","properties":{"STATE_CODE":7,"DISTRICT":"KAILALI","GaPa_NaPa":"Tikapur","Type_GN":"Nagarpalika","Province":"Sudur Pashchim","provinceId":"7","provinceCode":"7","provinceName":"Sudurpashchim","districtId":"708","districtName":"Kailali","municipalityId":"70810","municipalityCode":"70810","municipalityName":"Tikapur Urban Municipality","municipalityNameNe":"टिकापुर नगरपालिका","municipalityType":"municipality"},"geometry":{"type":"Polygon","coordinates":[[[81.16915957600008,28.523198833000038],[81.16850351400007,28.525902520000045],[81.16619620100005,28.530363520000037],[81.16327632600007,28.533462645000043],[81.15869607700006,28.538858083000036],[81.15409495200004,28.54386983300003],[81.15024195100005,28.548736270000063],[81.14863351400004,28.551307833000067],[81.14663107600006,28.55225752000007],[81.14510963900005,28.55177189500006],[81.14124695100008,28.55232645800004],[81.13825332600004,28.552331770000023],[81.13313688900007,28.551407332000053],[81.12858220100009,28.551628333000053],[81.12329282600007,28.55047358300004],[81.11961945100006,28.54928783300005],[81.11828582600003,28.54982370700003],[81.11618270200006,28.55348733200003],[81.11339501400005,28.552266833000033],[81.10769276400003,28.552418145000047],[81.10456463800006,28.55305908300005],[81.10195770100006,28.552932458000043],[81.09790270100007,28.54887208300005],[81.09723045200008,28.547633895000047],[81.10014657700003,28.545538020000038],[81.10252688900005,28.54466764600005],[81.10226070100003,28.543553270000075],[81.09870720100008,28.53948802000008],[81.10002407600007,28.538228082000046],[81.10395801400006,28.53739939500008],[81.10581420200003,28.538002582000047],[81.10721288900004,28.53748708300003],[81.10963176400008,28.53491989500003],[81.10924432600007,28.531761520000032],[81.10511863800008,28.53189795800006],[81.10400370100007,28.529195833000074],[81.10119545100008,28.52679283300006],[81.09911826400008,28.526965833000077],[81.09387288800008,28.52579408300005],[81.09205426300008,28.524732708000045],[81.08694895200006,28.523887708000075],[81.08447126400006,28.52317183300005],[81.07983638800005,28.523136271000055],[81.07636438800006,28.523779020000063],[81.07434807600004,28.52285958300007],[81.07007845100003,28.522259457000075],[81.06634338900005,28.523026208000033],[81.05848001400005,28.523546457000066],[81.05546607600007,28.523448458000075],[81.05361195100005,28.524089958000047],[81.04981738900005,28.52227064500005],[81.04801488900006,28.52266389500005],[81.04604545200004,28.52165608300004],[81.04389313800004,28.51845977100004],[81.04333763800008,28.51645414500007],[81.04500001300005,28.512015708000035],[81.04480713800007,28.508870583000032],[81.04865707600004,28.506597270000043],[81.04872420100008,28.504672708000044],[81.04530445100005,28.50260720800003],[81.04502951300003,28.501224270000023],[81.04651663900006,28.49808770800007],[81.04705682600007,28.495901208000078],[81.04648388800007,28.49461539500004],[81.04309963900005,28.49178945700004],[81.04267788900006,28.48941383300007],[81.04733007600004,28.487244082000075],[81.04718013900003,28.485960270000078],[81.04560545100009,28.484640957000067],[81.04542407600007,28.483012083000062],[81.04770913900006,28.481790646000036],[81.04340507600006,28.48090995800004],[81.04281195100003,28.47910964500005],[81.04603170100006,28.477393895000034],[81.04830645100003,28.47495639500005],[81.04666282600004,28.47326033300004],[81.04319051400006,28.472724457000027],[81.03960338900004,28.47421014500003],[81.03765957600007,28.473384958000054],[81.03746588900003,28.471758270000066],[81.04097220100005,28.46867977100004],[81.04073351400007,28.46711177000003],[81.03678157600007,28.467230208000046],[81.03355088800004,28.46790795800007],[81.03248076300008,28.465045083000064],[81.03283813800005,28.46257214600007],[81.03221213800003,28.46115764600006],[81.02505226400007,28.455365208000046],[81.02339726400004,28.45572420700006],[81.02327857600005,28.458542333000025],[81.02248626400007,28.46082795800004],[81.02116432600008,28.460604771000078],[81.02010695100006,28.45864208300003],[81.01780701400008,28.451767708000034],[81.01920601400008,28.451571208000075],[81.01485395100008,28.438751895000053],[81.01566063900003,28.437064208000038],[81.02095401400004,28.431616896000037],[81.03132813900004,28.438487396000028],[81.03551663800005,28.42785727000006],[81.01849101400006,28.41569958300005],[81.02276013800008,28.41027045800007],[81.03407063900005,28.398682333000068],[81.03657438900007,28.413295333000065],[81.04769095100005,28.409934645000078],[81.05892207600004,28.401683708000064],[81.06907876400004,28.39437552000004],[81.06927282600003,28.396568457000058],[81.06880745200004,28.399495020000074],[81.06624813900004,28.403108520000046],[81.06159095100008,28.406788333000065],[81.06089295200007,28.408390583000028],[81.06306551300008,28.414129458000048],[81.06457632600006,28.41615708200004],[81.06624757600008,28.42071839500005],[81.06729857600004,28.422396520000063],[81.07150813900006,28.427017395000064],[81.07797370100008,28.432304645000045],[81.08668907600008,28.43721345800003],[81.08756351400007,28.438291333000052],[81.08936888900007,28.44427820800007],[81.08955226400008,28.44608983300003],[81.09102595200005,28.449879270000054],[81.09078157600004,28.453326958000048],[81.09233657600004,28.45684333300005],[81.09429295100006,28.458741708000048],[81.09720313900004,28.459691771000053],[81.10061795100006,28.459283207000055],[81.10950770200003,28.460842145000072],[81.11219070100003,28.462579520000077],[81.11338732600007,28.46657877000007],[81.11366532600005,28.46896789500005],[81.11653820100008,28.47245127000008],[81.11819176400007,28.47348095800004],[81.12277663900005,28.475225458000068],[81.12454220200004,28.47694983300005],[81.13165582600004,28.48209858200005],[81.13435670100006,28.48462964500004],[81.13673763800006,28.487718270000073],[81.14040463900005,28.491353770000046],[81.14415870100004,28.493822645000023],[81.14820126400008,28.495311896000032],[81.14984182600006,28.496864645000073],[81.14901382600004,28.49811095700005],[81.15297688900006,28.501055395000037],[81.15447851400006,28.501762145000043],[81.15700432700004,28.50183370800005],[81.15907832700003,28.500969458000043],[81.16188076300006,28.501338333000035],[81.16361651400007,28.505803583000045],[81.16449307700003,28.513304395000034],[81.16557163800007,28.515908958000068],[81.16896263900009,28.519850833000078],[81.16969251300003,28.521569145000058],[81.16915957600008,28.523198833000038]]]}},{"type":"Feature","properties":{"STATE_CODE":7,"DISTRICT":"KANCHANPUR","GaPa_NaPa":"Bedkot","Type_GN":"Nagarpalika","Province":"Sudur Pashchim","provinceId":"7","provinceCode":"7","provinceName":"Sudurpashchim","districtId":"709","districtName":"Kanchanpur","municipalityId":"70903","municipalityCode":"70903","municipalityName":"Bedkot Urban Municipality","municipalityNameNe":"बेदकोट नगरपालिका","municipalityType":"municipality"},"geometry":{"type":"Polygon","coordinates":[[[80.34427845100004,29.054189146000056],[80.34198726400007,29.05463364600007],[80.33897863900006,29.053488646000062],[80.33736676400008,29.052192646000037],[80.33059326400007,29.053345583000066],[80.32657663900005,29.051315458000033],[80.32404688900004,29.053012771000056],[80.32021263900003,29.05427927100004],[80.31708038800008,29.05468077100005],[80.31463051300005,29.058192021000025],[80.31193413900007,29.056350958000053],[80.30950532600008,29.058064208000076],[80.30721682600006,29.05740502100008],[80.30395563900004,29.05777389600007],[80.30288351400003,29.058465458000057],[80.29981070100007,29.05740945900004],[80.29520826400005,29.056974770000068],[80.29140482600008,29.05460183400004],[80.28718151400005,29.054268146000027],[80.28477451300006,29.052766458000065],[80.28401651300004,29.04904239600006],[80.28207257600008,29.04983745800007],[80.27942126500005,29.04984802000007],[80.27653270200005,29.04725170900008],[80.27393513900006,29.045879521000074],[80.27297664000008,29.04811458300003],[80.27019901400007,29.049570334000066],[80.26781563900005,29.051635083000065],[80.26541751400003,29.052145333000055],[80.26297688900007,29.051049146000025],[80.25838082600006,29.052745083000048],[80.25286982600005,29.052500270000053],[80.25125026400008,29.052109958000074],[80.24679314000008,29.050075021000055],[80.24343251400006,29.049914021000063],[80.24177326400007,29.048826271000053],[80.23623557600007,29.047265458000027],[80.23278195200004,29.04560570800004],[80.22933364000005,29.04552052100007],[80.22405088900007,29.050992208000025],[80.22370976400003,29.052526646000047],[80.22554195200007,29.053694458000052],[80.22528532700005,29.055479646000038],[80.22360113900004,29.056830271000024],[80.21988357700008,29.05337970800008],[80.21888863900006,29.05095333400004],[80.21541257700005,29.045103770000026],[80.21540907700006,29.043317084000023],[80.21342032700005,29.042648959000076],[80.20967038900005,29.040429709000023],[80.20949138900005,29.039045771000076],[80.21089045200006,29.036177708000025],[80.21068801500007,29.03301152100005],[80.21154551400008,29.031981083000062],[80.20996326400007,29.026210208000066],[80.21131963900007,29.02328545900008],[80.21147482700007,29.021098146000043],[80.21288251500005,29.01934452100005],[80.21525988900004,29.018153771000073],[80.21750414000007,29.015292833000046],[80.21828670200006,29.01132695800004],[80.21246963900006,29.004236459000026],[80.21040532700005,29.002721896000025],[80.21196045200008,28.999473458000068],[80.21096763900005,28.99664327100004],[80.20767070200003,28.993253521000042],[80.20643351400008,28.99057295800003],[80.20661570200008,28.989312958000028],[80.20459795200009,28.98481852100008],[80.20495032700006,28.980978770000036],[80.20427651500006,28.978328583000064],[80.20438889000008,28.974541583000075],[80.20235757700004,28.969740083000033],[80.20310932700005,28.96822414600007],[80.20509157700008,28.966940958000066],[80.20700520200006,28.96670858300007],[80.20952707700008,28.965433021000024],[80.21121757700007,28.96349383300003],[80.21051907700007,28.95915833300006],[80.21334282700008,28.956724958000052],[80.21688482700006,28.955033333000074],[80.21815351500004,28.951713208000058],[80.21991207700006,28.951382771000056],[80.22282732700006,28.94788264600004],[80.22174082700008,28.946335521000037],[80.22164888900005,28.94113733300003],[80.22308963900008,28.940531958000065],[80.22584776500008,28.940908833000037],[80.22698770200003,28.939324958000043],[80.22625357700008,28.93837552100007],[80.22732932600007,28.93493683300005],[80.22875063900005,28.934254708000026],[80.22678282700008,28.932461208000063],[80.23031651400004,28.92928027000005],[80.23256338900006,28.928404270000044],[80.23327101400008,28.926811083000075],[80.23285388900007,28.925256583000078],[80.23450101400005,28.924140271000056],[80.23591301400006,28.924757396000075],[80.23680020200004,28.92288320800003],[80.23843882700004,28.921214021000026],[80.24061651400007,28.92050670900005],[80.24167070100003,28.918883833000052],[80.24392420100008,28.919122084000037],[80.24158782600006,28.914554145000068],[80.24317676400005,28.91399689600007],[80.24627201400006,28.909730146000072],[80.24883213900006,28.910982958000034],[80.24967126500007,28.91520633300007],[80.25061332700005,28.915635646000055],[80.25490014000007,28.915025521000075],[80.25748451400005,28.916278333000037],[80.25864657600005,28.914315208000062],[80.26100095200007,28.91359727100007],[80.26261945100003,28.914980021000076],[80.26181670100004,28.918075333000047],[80.26638557700005,28.92289420800006],[80.26846295200005,28.922711521000053],[80.27177345200005,28.925287771000058],[80.27964695200006,28.92789952100003],[80.28406070200003,28.92789833300003],[80.28380588900006,28.930362770000045],[80.28710995200004,28.931348083000046],[80.28844007600003,28.933015521000073],[80.29033201400006,28.931665146000057],[80.29190288900008,28.93306764600004],[80.29374963900005,28.932655458000056],[80.29831507600005,28.934380333000036],[80.30213720100005,28.933827208000025],[80.30388638900007,28.935002583000028],[80.30322426400005,28.936700146000078],[80.30637282700008,28.939525083000035],[80.30957920100008,28.940229645000045],[80.31102032600006,28.941480083000044],[80.31111201400006,28.94346802000007],[80.31375657600006,28.943192771000042],[80.31345970100006,28.945045708000066],[80.31489682700004,28.946772021000072],[80.31336788900006,28.94831408400006],[80.31446201400007,28.949619146000032],[80.31237438900007,28.950583021000057],[80.31160601400006,28.95182214600004],[80.31568482600005,28.95629395800006],[80.31767138900005,28.95705077100007],[80.31732538900008,28.960620208000023],[80.31943670100003,28.963153083000066],[80.31960126400008,28.96510308300003],[80.32126101400007,28.96694558300004],[80.32200776400003,28.969509834000064],[80.32539107700006,28.973499583000034],[80.32742576400005,28.978725583000028],[80.33350795200005,28.985002645000066],[80.33460338800006,28.987185021000073],[80.33714626400007,28.99035139500006],[80.33783351400007,28.99665795800007],[80.33954088900003,29.000000646000046],[80.33903007700007,29.00440627100005],[80.33965632600007,29.00657058400003],[80.33826901400005,29.00957095800004],[80.33794138900004,29.011696709000034],[80.33977288900007,29.01442408300005],[80.33901626400007,29.018677396000044],[80.33974832600006,29.02414264600003],[80.34199782700006,29.026010333000045],[80.34454470200006,29.02964127100006],[80.34509295100008,29.031694646000062],[80.34637182600005,29.03344695800007],[80.34560595200008,29.038160396000023],[80.34663788900008,29.040004020000026],[80.34684701400005,29.044864333000078],[80.34615763900007,29.047516271000063],[80.34442620100003,29.04950883300006],[80.34427845100004,29.054189146000056]]]}},{"type":"Feature","properties":{"STATE_CODE":7,"DISTRICT":"KANCHANPUR","GaPa_NaPa":"Belauri","Type_GN":"Nagarpalika","Province":"Sudur Pashchim","provinceId":"7","provinceCode":"7","provinceName":"Sudurpashchim","districtId":"709","districtName":"Kanchanpur","municipalityId":"70908","municipalityCode":"70908","municipalityName":"Belouri Urban Municipality","municipalityNameNe":"बेलौरी नगरपालिका","municipalityType":"municipality"},"geometry":{"type":"Polygon","coordinates":[[[80.31638270100007,28.76447239600003],[80.31454301400004,28.76290645800003],[80.31019288900006,28.77079395800007],[80.30906832600004,28.770763395000074],[80.30657920100003,28.77259377100006],[80.30473270100003,28.771523958000046],[80.30488770100004,28.769577833000028],[80.30206476400008,28.768746583000052],[80.29643620100006,28.76915052100003],[80.29649538900009,28.766247333000024],[80.29871032600005,28.76388102100003],[80.30079626400004,28.759774583000024],[80.30008126400008,28.75632820800007],[80.29691451400004,28.74969258300007],[80.29886451300007,28.745213208000052],[80.29850557700007,28.74457739500008],[80.29522332600004,28.743815833000042],[80.29068188800005,28.74478245800003],[80.29024851400004,28.74630977000004],[80.28844182600005,28.747022208000033],[80.28464038900006,28.746469708000063],[80.28110976400006,28.74517408300005],[80.27946545100008,28.74659564500007],[80.27547401400005,28.747210520000067],[80.27263432700005,28.748964020000074],[80.27245057700003,28.750449708000076],[80.26886526400006,28.75191033300007],[80.26362345200005,28.748937770000055],[80.26534045100004,28.74699339500006],[80.26675976400008,28.743490708000024],[80.26622295100003,28.737802645000045],[80.26397482600004,28.733273895000025],[80.26149551400005,28.731132896000076],[80.25788726400003,28.729340020000052],[80.26365795100008,28.724893270000052],[80.26608920100006,28.722363958000074],[80.26858057600003,28.720829770000023],[80.27689420100006,28.71108783300008],[80.27971926300006,28.70971995800005],[80.28553345100005,28.710400521000054],[80.29212288800005,28.711488708000047],[80.29534207600005,28.711279958000034],[80.29857051300007,28.70968814500003],[80.30060363800004,28.706377770000074],[80.30717957600007,28.705430146000026],[80.31005520100007,28.704418458000077],[80.31749295100008,28.70075620800003],[80.31897407600007,28.69979358300003],[80.32101420100008,28.697310896000033],[80.32238407600005,28.694881208000027],[80.32359963900007,28.691376895000076],[80.32435532600005,28.686406083000065],[80.32402370100004,28.68381445800003],[80.32292770100008,28.681232583000053],[80.32671013900006,28.672457333000068],[80.32763857600008,28.66977945800005],[80.32759363900004,28.666304895000053],[80.33895395100006,28.660650770000075],[80.34900401300007,28.654292208000072],[80.35504557600007,28.650255645000072],[80.35612001300007,28.64770914500008],[80.35790932600008,28.646510645000035],[80.36028295100004,28.646215020000056],[80.36240801300005,28.644889458000023],[80.35926095100007,28.642368083000065],[80.35897882600005,28.64028664500006],[80.36092876300006,28.63692752000003],[80.36380782600008,28.634955708000064],[80.36925951300003,28.63519327100005],[80.37259957600008,28.63231195800006],[80.37245245100007,28.630019146000052],[80.37390763900004,28.62896777000003],[80.37544588900005,28.629978833000052],[80.37803801300004,28.628280520000033],[80.38092026300006,28.629679021000072],[80.38511095100006,28.630605083000034],[80.38689170100008,28.629681396000024],[80.38870588800006,28.630580708000025],[80.40628882600004,28.634814583000036],[80.41638907600003,28.639117957000053],[80.42010226400004,28.638978270000052],[80.42195807600007,28.637743083000032],[80.42567388900005,28.637059457000078],[80.42804963800006,28.63759970800004],[80.42794845100008,28.638916833000053],[80.42619376400006,28.641379895000057],[80.42628588900004,28.64413270800003],[80.42945826300007,28.64548620800008],[80.42948570100003,28.649100583000063],[80.42845032600007,28.65007758300004],[80.42375507600008,28.651815208000073],[80.42099582600008,28.653935458000035],[80.41681570100008,28.65891477100007],[80.41828307600008,28.662138208000044],[80.41766663800007,28.665136208000035],[80.41593270100003,28.666721520000067],[80.41513001300007,28.66916814500007],[80.41521545100005,28.670831271000054],[80.41022882600004,28.672891958000037],[80.40858651300005,28.67635464600005],[80.40605082600007,28.677843833000054],[80.40427007600005,28.680123708000053],[80.40622320100005,28.682090583000047],[80.40806307500003,28.680442646000074],[80.41105751300006,28.684243646000027],[80.40803376300005,28.686107520000064],[80.40408263900008,28.687247583000044],[80.40226338900004,28.687151520000043],[80.40160263800004,28.68839170800004],[80.40131088800007,28.69310564500006],[80.40184595100004,28.694587958000056],[80.39932351300007,28.696632083000054],[80.40193845100004,28.698240958000042],[80.40283245100005,28.70195389500003],[80.40446320100006,28.702281458000073],[80.40492263800007,28.704185333000055],[80.40422382600008,28.705637396000043],[80.40521445000007,28.707164646000024],[80.40377676400004,28.710129521000056],[80.40423245100004,28.711002396000026],[80.40677482600006,28.711426395000046],[80.41050888800004,28.715963896000062],[80.41029782600003,28.716964645000076],[80.40497151300008,28.721780583000054],[80.40012870100009,28.724480021000034],[80.39952070100009,28.725224083000057],[80.39982488800007,28.728431270000044],[80.40125120100004,28.72988827100005],[80.40312732600006,28.73351533300007],[80.40262501400008,28.738902833000054],[80.40421226300003,28.74305414500003],[80.40189563800004,28.74707095800005],[80.39884607600004,28.748846521000075],[80.39663595100006,28.746472333000042],[80.39357876300005,28.74639320800003],[80.39257826300008,28.74863570800005],[80.39133363800005,28.74987095800003],[80.38793070100007,28.749036645000047],[80.38568670100005,28.749378458000024],[80.38021238900006,28.74885933300004],[80.37865557600009,28.746582646000036],[80.37679307600007,28.74821645800006],[80.37729620100004,28.749179833000028],[80.37536357600004,28.75074564600004],[80.37667101300008,28.752662583000074],[80.37454807600005,28.753507770000056],[80.36993545100006,28.75107014500003],[80.36940645100003,28.75198139500003],[80.37092163900007,28.753448083000023],[80.36913195100004,28.75505058300007],[80.36904363900004,28.758829020000064],[80.36847070100004,28.75979645800004],[80.36554413800008,28.760777646000065],[80.36290370100005,28.759506395000074],[80.36047538900004,28.76215252000003],[80.35835276300008,28.762683895000066],[80.35899476300006,28.75959839500007],[80.35757807600004,28.757121333000043],[80.35903888800004,28.754159333000075],[80.35716370100005,28.753347271000052],[80.35928670100003,28.753303208000034],[80.36207526300007,28.749061521000044],[80.36543338800004,28.74213320800004],[80.36304395100007,28.737975333000065],[80.35890845100005,28.73500489500003],[80.35049932600003,28.733004270000038],[80.34803082600007,28.73320670800007],[80.34613495100007,28.73749077000008],[80.34493513800004,28.738242958000058],[80.34078963800005,28.737663395000027],[80.33282482600004,28.737960458000032],[80.33132182600008,28.738632083000027],[80.32664807600008,28.743190895000055],[80.31952295100007,28.74451339500007],[80.31731751400008,28.745695708000028],[80.31723257600004,28.754468958000075],[80.31666707600004,28.756699583000056],[80.31629126300004,28.761166896000077],[80.31638270100007,28.76447239600003]]]}},{"type":"Feature","properties":{"STATE_CODE":7,"DISTRICT":"KANCHANPUR","GaPa_NaPa":"Beldandi","Type_GN":"Gaunpalika","Province":"Sudur Pashchim","provinceId":"7","provinceCode":"7","provinceName":"Sudurpashchim","districtId":"709","districtName":"Kanchanpur","municipalityId":"70909","municipalityCode":"70909","municipalityName":"Beldandi Rural Municipality","municipalityNameNe":"बेलडाँडी गाउँपालिका","municipalityType":"rural_municipality"},"geometry":{"type":"Polygon","coordinates":[[[80.31638270100007,28.76447239600003],[80.31603626400005,28.777307458000053],[80.31529207700004,28.77798727100003],[80.29762070100008,28.784599146000062],[80.29231195200003,28.786953770000025],[80.28580695100004,28.78941695800006],[80.27172007600007,28.79551639500005],[80.26523057700007,28.79780720800005],[80.25752057700004,28.796677646000035],[80.25632238900005,28.797602771000072],[80.24896863900005,28.799901521000038],[80.24721951400005,28.80075814500003],[80.24527757700008,28.80046752000004],[80.24359188900007,28.80162670800007],[80.24074270200003,28.801849833000063],[80.23849507600005,28.803350958000067],[80.23671595200005,28.797854333000032],[80.23568926400003,28.79381027100004],[80.23567138900006,28.792131771000072],[80.22728345100006,28.789099270000065],[80.22365951400008,28.788634083000034],[80.22238807700006,28.787753708000025],[80.22036951400008,28.782790146000025],[80.22012157700004,28.777220895000028],[80.22107995100004,28.772475333000045],[80.22356932700006,28.768266396000058],[80.22607545200003,28.766137583000045],[80.22713551400005,28.764388521000058],[80.22767957600007,28.761571583000034],[80.22761982700007,28.758902396000053],[80.22675457700007,28.75719639600004],[80.23414076400007,28.759131271000058],[80.23646907700004,28.759178270000064],[80.23887826400005,28.75702608200004],[80.24315432600008,28.756113895000055],[80.24755357700008,28.756003083000053],[80.25054526400004,28.757610208000074],[80.25228570100006,28.75777327000003],[80.25765370100004,28.75446395800003],[80.26122332700004,28.75162739500007],[80.26362345200005,28.748937770000055],[80.26886526400006,28.75191033300007],[80.27245057700003,28.750449708000076],[80.27263432700005,28.748964020000074],[80.27547401400005,28.747210520000067],[80.27946545100008,28.74659564500007],[80.28110976400006,28.74517408300005],[80.28464038900006,28.746469708000063],[80.28844182600005,28.747022208000033],[80.29024851400004,28.74630977000004],[80.29068188800005,28.74478245800003],[80.29522332600004,28.743815833000042],[80.29850557700007,28.74457739500008],[80.29886451300007,28.745213208000052],[80.29691451400004,28.74969258300007],[80.30008126400008,28.75632820800007],[80.30079626400004,28.759774583000024],[80.29871032600005,28.76388102100003],[80.29649538900009,28.766247333000024],[80.29643620100006,28.76915052100003],[80.30206476400008,28.768746583000052],[80.30488770100004,28.769577833000028],[80.30473270100003,28.771523958000046],[80.30657920100003,28.77259377100006],[80.30906832600004,28.770763395000074],[80.31019288900006,28.77079395800007],[80.31454301400004,28.76290645800003],[80.31638270100007,28.76447239600003]]]}},{"type":"Feature","properties":{"STATE_CODE":7,"DISTRICT":"KANCHANPUR","GaPa_NaPa":"Bhimdatta","Type_GN":"Nagarpalika","Province":"Sudur Pashchim","provinceId":"7","provinceCode":"7","provinceName":"Sudurpashchim","districtId":"709","districtName":"Kanchanpur","municipalityId":"70904","municipalityCode":"70904","municipalityName":"Bhimdatta Urban Municipality","municipalityNameNe":"भिमदत्त नगरपालिका","municipalityType":"municipality"},"geometry":{"type":"Polygon","coordinates":[[[80.22360113900004,29.056830271000024],[80.21935963900006,29.05612433300007],[80.21707420100006,29.057184833000065],[80.21312663800006,29.057500146000052],[80.21311820100004,29.060728271000073],[80.21254938900006,29.061282146000053],[80.21273082600004,29.06739445900007],[80.20821170100004,29.07083970800005],[80.20574688800008,29.071914770000035],[80.20617938900006,29.074455146000048],[80.20446901400004,29.076132396000048],[80.20281520100008,29.076465583000072],[80.20158495100003,29.077897521000068],[80.19940676400006,29.07853195900003],[80.19792445200005,29.081383583000047],[80.19515476300006,29.082515271000034],[80.19312545100007,29.085857584000053],[80.18812138900006,29.08668014600005],[80.18741388900008,29.088018084000055],[80.18809826400008,29.091631646000053],[80.18662257600005,29.09622470800008],[80.18685057600004,29.099853583000026],[80.18648126400007,29.10223127100005],[80.18739913800005,29.10629289600007],[80.18699063900004,29.10805902100003],[80.18997282600003,29.112191833000054],[80.18865945100004,29.11533758300004],[80.18906895100008,29.117954646000044],[80.18791426400009,29.122639896000067],[80.18844626300006,29.128271521000045],[80.18802170100008,29.13140233400003],[80.18692988800007,29.13553752000007],[80.18604976300009,29.137257834000025],[80.18390307600004,29.136335708000047],[80.17978001300008,29.12851427100003],[80.17797632600008,29.127298584000073],[80.17542420100006,29.126628709000045],[80.17272488900005,29.126939208000067],[80.16945645100003,29.12573464600007],[80.16821945100008,29.124558458000024],[80.16757245200006,29.120076521000044],[80.16559826400004,29.116948896000054],[80.16018326400007,29.112802646000034],[80.15382245200004,29.108257709000043],[80.15165770100003,29.106078395000054],[80.14684470100008,29.103823583000064],[80.14605207600005,29.102983834000042],[80.14422376400006,29.098408583000037],[80.14085238900003,29.08914020800006],[80.13174738800006,29.064909896000074],[80.13017276400006,29.061037646000045],[80.13815807700007,29.05886483300003],[80.13458726300007,29.04938977100005],[80.12811832600005,29.031686583000067],[80.13303063900008,29.030367083000044],[80.12624651400006,29.01303395800005],[80.13795488900007,29.00955658400005],[80.13726632600003,29.007253396000067],[80.12848357600006,29.006001083000058],[80.11961376400006,28.981649583000035],[80.10976432600006,28.98435045800005],[80.11006963900007,28.979139083000064],[80.10986307700006,28.973784521000027],[80.10786888900003,28.967743521000045],[80.10739682700006,28.963226333000023],[80.10748763900006,28.958807583000066],[80.10820501400008,28.956518146000064],[80.10784676400004,28.95353577000003],[80.10618876300003,28.944354459000067],[80.10626770100004,28.940993646000038],[80.10538645100007,28.930714333000026],[80.10520870200008,28.925581021000028],[80.10575663900005,28.923136958000043],[80.10561532700007,28.920631958000058],[80.10818182600008,28.921109208000075],[80.11576920100003,28.92165777100007],[80.11772113800004,28.92125327000008],[80.11993807700003,28.918497458000047],[80.12319295100008,28.917665958000043],[80.12485482600005,28.918960395000056],[80.12704488900005,28.92199302100005],[80.12854951300005,28.923135271000035],[80.12885626400004,28.926320334000025],[80.13069720100003,28.927006770000048],[80.13395332700003,28.92646152100008],[80.13662901400005,28.923279833000038],[80.14001945100006,28.92003495800003],[80.14270651300006,28.91808039600005],[80.14421938900006,28.91807189600007],[80.14501045200007,28.920921708000037],[80.15128220100007,28.923289521000072],[80.15194651400003,28.92519770800004],[80.15116745100005,28.933758458000057],[80.15208788900003,28.935990958000048],[80.15242513900006,28.939972520000026],[80.15209220100007,28.943024896000054],[80.14940582600008,28.945033771000055],[80.15061070100006,28.946992771000055],[80.15175063800007,28.95181183400007],[80.15084976300005,28.955063771000027],[80.15052770100004,28.958535771000072],[80.15252670100006,28.961476583000035],[80.15938776400003,28.956633271000044],[80.16124882600008,28.954871770000068],[80.16721001400003,28.950105895000036],[80.17140957600003,28.949335520000034],[80.17180401400003,28.946418770000037],[80.17286295100007,28.943799395000042],[80.18076095100008,28.946857083000054],[80.18263301300004,28.948244584000065],[80.18513451400008,28.944178771000054],[80.18790138900005,28.944375958000023],[80.19077820200005,28.941805771000077],[80.19297713900005,28.940408958000035],[80.19375288900005,28.938760021000064],[80.19372688800007,28.936237771000037],[80.19250088900003,28.934098520000077],[80.19089570100004,28.929656021000028],[80.19099601400006,28.928167646000077],[80.19247638800005,28.926013083000043],[80.19664070100004,28.923924209000063],[80.20047195100005,28.924025959000062],[80.20354132600005,28.923331271000052],[80.20574551400006,28.924400083000023],[80.20967607600005,28.921984520000024],[80.20922113800003,28.918401646000063],[80.20776363900006,28.919676708000054],[80.20665620100004,28.91799627100005],[80.20760032600003,28.914723958000025],[80.21087920100007,28.91353852000003],[80.21253501400008,28.914716833000057],[80.21763882600004,28.913778771000068],[80.21842195200009,28.911152771000047],[80.21632407600003,28.909602146000054],[80.21641307600004,28.905988583000067],[80.21762563800007,28.90331558300005],[80.21763938800007,28.90182445800008],[80.21895882600006,28.899208458000032],[80.22008513900005,28.898330646000034],[80.22190201300003,28.89847645800006],[80.22605307600008,28.897079146000067],[80.22789013900007,28.89726564600005],[80.22770226400007,28.895157520000055],[80.23140776300005,28.89619152000006],[80.23146913900007,28.897561333000056],[80.23301163900004,28.898066458000073],[80.23484182600004,28.897488021000072],[80.23670120100007,28.899894395000047],[80.23908626300005,28.902024021000045],[80.24096151300006,28.903013646000034],[80.24077557600003,28.905135458000075],[80.23962263900006,28.90704652100004],[80.23865357600005,28.910988958000075],[80.23939176400006,28.913296521000063],[80.24158782600006,28.914554145000068],[80.24392420100008,28.919122084000037],[80.24167070100003,28.918883833000052],[80.24061651400007,28.92050670900005],[80.23843882700004,28.921214021000026],[80.23680020200004,28.92288320800003],[80.23591301400006,28.924757396000075],[80.23450101400005,28.924140271000056],[80.23285388900007,28.925256583000078],[80.23327101400008,28.926811083000075],[80.23256338900006,28.928404270000044],[80.23031651400004,28.92928027000005],[80.22678282700008,28.932461208000063],[80.22875063900005,28.934254708000026],[80.22732932600007,28.93493683300005],[80.22625357700008,28.93837552100007],[80.22698770200003,28.939324958000043],[80.22584776500008,28.940908833000037],[80.22308963900008,28.940531958000065],[80.22164888900005,28.94113733300003],[80.22174082700008,28.946335521000037],[80.22282732700006,28.94788264600004],[80.21991207700006,28.951382771000056],[80.21815351500004,28.951713208000058],[80.21688482700006,28.955033333000074],[80.21334282700008,28.956724958000052],[80.21051907700007,28.95915833300006],[80.21121757700007,28.96349383300003],[80.20952707700008,28.965433021000024],[80.20700520200006,28.96670858300007],[80.20509157700008,28.966940958000066],[80.20310932700005,28.96822414600007],[80.20235757700004,28.969740083000033],[80.20438889000008,28.974541583000075],[80.20427651500006,28.978328583000064],[80.20495032700006,28.980978770000036],[80.20459795200009,28.98481852100008],[80.20661570200008,28.989312958000028],[80.20643351400008,28.99057295800003],[80.20767070200003,28.993253521000042],[80.21096763900005,28.99664327100004],[80.21196045200008,28.999473458000068],[80.21040532700005,29.002721896000025],[80.21246963900006,29.004236459000026],[80.21828670200006,29.01132695800004],[80.21750414000007,29.015292833000046],[80.21525988900004,29.018153771000073],[80.21288251500005,29.01934452100005],[80.21147482700007,29.021098146000043],[80.21131963900007,29.02328545900008],[80.20996326400007,29.026210208000066],[80.21154551400008,29.031981083000062],[80.21068801500007,29.03301152100005],[80.21089045200006,29.036177708000025],[80.20949138900005,29.039045771000076],[80.20967038900005,29.040429709000023],[80.21342032700005,29.042648959000076],[80.21540907700006,29.043317084000023],[80.21541257700005,29.045103770000026],[80.21888863900006,29.05095333400004],[80.21988357700008,29.05337970800008],[80.22360113900004,29.056830271000024]]]}},{"type":"Feature","properties":{"STATE_CODE":7,"DISTRICT":"KANCHANPUR","GaPa_NaPa":"Krishnapur","Type_GN":"Nagarpalika","Province":"Sudur Pashchim","provinceId":"7","provinceCode":"7","provinceName":"Sudurpashchim","districtId":"709","districtName":"Kanchanpur","municipalityId":"70901","municipalityCode":"70901","municipalityName":"Krishnapur Urban Municipality","municipalityNameNe":"कृष्णपुर नगरपालिका","municipalityType":"municipality"},"geometry":{"type":"Polygon","coordinates":[[[80.47836063900007,29.007545896000067],[80.47675520100006,29.009797896000066],[80.47745251300006,29.01250102100005],[80.47936882600004,29.01517952100005],[80.47991670100004,29.01763845800008],[80.47862145100004,29.01885839600004],[80.47638732600007,29.019255771000076],[80.47254832600004,29.018392521000067],[80.47059201300004,29.018732271000033],[80.47139101300007,29.02116733300005],[80.47018695100007,29.02342308300007],[80.47109863800006,29.026659521000056],[80.46981151300008,29.02982408300005],[80.46564095100007,29.029857271000026],[80.46256226300005,29.031509834000076],[80.46271826400005,29.03440258300003],[80.46214395100003,29.036748771000077],[80.46107226300006,29.037466395000024],[80.45295882600004,29.030489645000046],[80.44910051400007,29.026110896000034],[80.44829651300006,29.024332146000063],[80.44794970100008,29.02039627100004],[80.44577651400004,29.017238021000026],[80.44551288900004,29.01481627100003],[80.44336101300007,29.013029646000064],[80.44387151400008,29.010500583000066],[80.44245295100006,29.00672270800004],[80.44344020100004,29.005504083000062],[80.44140251300007,29.003997646000073],[80.44116345100008,29.001691020000067],[80.43900095100008,29.001163145000078],[80.43817145100007,28.999618833000056],[80.43836182600006,28.997153833000027],[80.43721182600007,28.996564833000036],[80.43610082600003,28.993645396000034],[80.43570582600006,28.991067396000062],[80.43359945100008,28.989125083000033],[80.43224957600006,28.985918208000044],[80.42954182600005,28.982310708000057],[80.42623045100004,28.97588964600004],[80.42607826400007,28.969754958000067],[80.42536432600008,28.968150208000054],[80.42311388800005,28.965686021000067],[80.42049570100005,28.959267771000043],[80.42017251300007,28.957145771000057],[80.42024295100003,28.951120334000052],[80.41884276300004,28.94566839600003],[80.41564795100004,28.93998739600005],[80.41398538800007,28.93821152000004],[80.41141876300009,28.932704708000074],[80.41109776400003,28.929718583000067],[80.40961270100007,28.923695396000028],[80.41052401400003,28.919327209000073],[80.40998513800008,28.916798146000076],[80.40747757600008,28.914384521000045],[80.40222438800004,28.910399771000073],[80.40198713800004,28.908618709000052],[80.40464738900005,28.904560708000076],[80.40374132600004,28.90266614500007],[80.39993488900006,28.902452958000026],[80.39874620100005,28.900460146000057],[80.40013326400003,28.898165208000023],[80.39862238900008,28.895638521000024],[80.39888445100007,28.89426127100006],[80.40129282600003,28.891165458000046],[80.40142507600007,28.88967258300005],[80.39802938900004,28.887947458000042],[80.39324688800008,28.887003209000056],[80.39273101400005,28.885069771000076],[80.39687482600004,28.879737146000025],[80.39755045100003,28.877041958000063],[80.39673001400007,28.874685271000033],[80.39464945100008,28.87185820800005],[80.39437263800005,28.870580021000023],[80.39987263800003,28.86651445800004],[80.40431088800005,28.860702333000063],[80.40300563800008,28.860392021000052],[80.39769745100006,28.86060983300007],[80.39595157600007,28.860211708000065],[80.39366051300004,28.85583377000006],[80.39509095100004,28.854148208000026],[80.39414538800008,28.849496583000075],[80.39412851400004,28.84599289600004],[80.39222795100005,28.843597458000033],[80.39181888800005,28.84212470800003],[80.39255720100005,28.840018584000063],[80.39587151300003,28.837087145000055],[80.39455632600004,28.83367927100005],[80.39570632600004,28.832529270000066],[80.39478263900008,28.83059620800003],[80.39764520100005,28.82858308300007],[80.39775213800004,28.827029208000056],[80.39946763900008,28.827050333000045],[80.40063063800005,28.828526458000056],[80.40318863800007,28.833392770000046],[80.40607932600005,28.84011270800005],[80.40890901400007,28.841835208000077],[80.41201938900008,28.84085614600008],[80.41685501300003,28.840026583000054],[80.41900888900005,28.84153845800006],[80.42153613800008,28.841580833000023],[80.42706101300007,28.842847521000067],[80.43387363800008,28.84624002100003],[80.43490745100007,28.847099396000033],[80.43684051400004,28.844425021000063],[80.43898701400008,28.842419396000025],[80.44257945100009,28.840758020000067],[80.44517432600009,28.840053521000073],[80.44871295100006,28.841146458000026],[80.45130338900003,28.842560271000025],[80.45350338800006,28.84584039500004],[80.46225095100004,28.842308771000035],[80.46519388800004,28.841357145000075],[80.47192745100006,28.840090958000076],[80.46943932600004,28.83727920800004],[80.47101007600008,28.834916521000025],[80.47577238800005,28.831314208000038],[80.47861757600003,28.831070271000044],[80.48090295100008,28.82984952100003],[80.48109751400006,28.827880771000025],[80.48260682600005,28.82633439600005],[80.48027970100003,28.823406146000025],[80.47816813800006,28.82151195800003],[80.47480582600008,28.821546270000056],[80.47034501300004,28.81995189500003],[80.46857845100004,28.818534896000074],[80.46627332600008,28.81580052000004],[80.46388207600006,28.813961395000035],[80.46181451300004,28.811148896000077],[80.46306557500003,28.809085020000055],[80.46181670100003,28.80686689500004],[80.45938195100007,28.80556445900004],[80.45614538800004,28.801395833000072],[80.45564945100006,28.799045271000068],[80.45586757600006,28.795260520000056],[80.45219576300008,28.791651771000033],[80.44722963800007,28.789535708000074],[80.44579070100008,28.785473395000054],[80.44671063900006,28.77990239500008],[80.44864032600003,28.776848895000057],[80.44704776300006,28.773891458000037],[80.44697063800004,28.769694895000043],[80.44598732500003,28.764792958000044],[80.44316613900008,28.76169283300004],[80.44198463800006,28.75956502100007],[80.44229026400006,28.758417896000026],[80.43999920100003,28.749878271000057],[80.44438401400004,28.748614958000076],[80.45107038800006,28.74597783300004],[80.45975038900008,28.74339352000004],[80.46721145100008,28.740738333000024],[80.47444626300006,28.737743583000054],[80.47882170100007,28.73626702100006],[80.48717113800006,28.732987021000042],[80.49862388800005,28.728718583000045],[80.50259857600008,28.727593958000057],[80.50465901300004,28.72814070800007],[80.50777345100005,28.72799870800003],[80.51326988900007,28.726748396000062],[80.51510445100007,28.725917958000025],[80.51687751300005,28.724072083000067],[80.52003538800005,28.724809770000036],[80.52246970100003,28.724197958000047],[80.52448657600007,28.72208889500007],[80.52578613800006,28.72195808300006],[80.52690438800005,28.72036920800008],[80.52934726400008,28.719394083000054],[80.53144476300008,28.71572164500003],[80.53477757600007,28.714569020000056],[80.53586557600005,28.71334545800005],[80.53731507600008,28.715010896000024],[80.54032182500004,28.71656658300003],[80.54148913900008,28.716507395000065],[80.54437645100006,28.71508902000005],[80.54816107600004,28.711433270000043],[80.55117426400005,28.71194870800008],[80.55202663800003,28.713339021000024],[80.55124151400008,28.71808095800003],[80.55251213900004,28.720052520000024],[80.55485701300006,28.72139583300003],[80.56028645100008,28.72210620800007],[80.56104207600004,28.723038208000048],[80.55728620100007,28.725509895000073],[80.55506238900006,28.728965708000032],[80.55294882600003,28.733225020000077],[80.55051832600003,28.73449839600005],[80.54607151300007,28.734244395000076],[80.54139726300008,28.73624102000008],[80.53984832600008,28.73864302000004],[80.54151470100004,28.740273083000034],[80.54531395100008,28.740495708000026],[80.54848088800009,28.74183514500004],[80.55171595100006,28.743950896000058],[80.55320820100007,28.74573358300006],[80.55409213900003,28.749411646000055],[80.55730420100008,28.751590333000024],[80.55848495100008,28.753223083000023],[80.55688138800008,28.75495052000008],[80.55221551300008,28.750698208000074],[80.54928120100004,28.750623020000035],[80.54662257500007,28.751807583000073],[80.54271451300008,28.756252458000063],[80.54247263900004,28.761219520000054],[80.54194388800005,28.763203083000064],[80.54031795100008,28.765049770000076],[80.53860138900006,28.76622158300006],[80.53744651400007,28.768124020000073],[80.53784482600008,28.770419833000062],[80.54015132600006,28.771445208000046],[80.54391413800005,28.77079914600006],[80.54663545100004,28.77102483300007],[80.55026020100007,28.772040958000048],[80.55187001400003,28.774115145000053],[80.55191613800008,28.777783646000046],[80.55097807600004,28.779535770000052],[80.54856857600004,28.781698083000038],[80.54706676300003,28.78380933300008],[80.54625463800005,28.786249833000056],[80.54272438800007,28.787756270000045],[80.54020463800003,28.79022489600004],[80.54005057600006,28.79317302100003],[80.54072332600003,28.794168021000075],[80.53982663900007,28.796037458000058],[80.53741451300004,28.795032083000024],[80.53282532600008,28.796561646000043],[80.53309382600008,28.79910520800007],[80.53087401300007,28.802249208000035],[80.52653276300003,28.806017458000042],[80.52522763800005,28.807711708000056],[80.52162382600005,28.810870958000066],[80.51911826300005,28.810516896000024],[80.51528282600003,28.812391521000052],[80.51271870100004,28.815057958000068],[80.51359245100008,28.817488646000072],[80.51617738800007,28.818858333000037],[80.51885495100004,28.81869864600003],[80.51964782600004,28.81959939500007],[80.51805376400006,28.822440895000057],[80.51612932600005,28.822948333000056],[80.51601388900008,28.82409627100003],[80.51772395000006,28.82674195800007],[80.51895120100005,28.827226895000024],[80.52019132600003,28.82908795800006],[80.51982626300008,28.832143708000046],[80.51797726400008,28.834393146000025],[80.51633263900004,28.83501670800007],[80.51498632600004,28.832771583000067],[80.51335563900005,28.831236146000037],[80.51071932500008,28.831623646000025],[80.50883063800006,28.83320283300003],[80.50944288800008,28.835481395000045],[80.50729807600004,28.83667827100004],[80.50726663800003,28.838264208000055],[80.50965770100004,28.839195646000064],[80.50770201300008,28.841232459000025],[80.50515638800005,28.840875708000056],[80.50394826300004,28.844237333000024],[80.50477038800005,28.84743714600006],[80.50273820100006,28.847867333000067],[80.50195470100005,28.848877395000045],[80.50200563800007,28.85109527000003],[80.50100051300006,28.853022708000026],[80.49878157600006,28.854031958000064],[80.49805095100004,28.855615271000033],[80.49885145100006,28.85742758300006],[80.50068720100006,28.85826458300005],[80.50009101400008,28.860346958000036],[80.50139401300004,28.86266652100005],[80.50314163900003,28.862923395000053],[80.50419151300008,28.864267333000043],[80.50355695100006,28.865605084000038],[80.50392857600008,28.868361083000025],[80.50258738800005,28.87046777100005],[80.50398526300006,28.872690583000065],[80.50455726400008,28.874863271000038],[80.50648770100008,28.877532208000048],[80.50711432600008,28.87938445800006],[80.50578351300004,28.88171002100006],[80.50530038900007,28.88400489600008],[80.50535182600004,28.887680146000037],[80.50717382600004,28.891416083000024],[80.50865720100006,28.893257896000023],[80.50948688800008,28.896780333000038],[80.50859257600007,28.899285708000036],[80.50584288900006,28.901385083000037],[80.50454907600005,28.906857958000046],[80.50513363800007,28.912540770000078],[80.50767345100007,28.915106146000028],[80.51170232600003,28.918073959000026],[80.51251920100003,28.919200458000034],[80.51212138900007,28.921741458000042],[80.50976213800004,28.923115834000043],[80.50724863800008,28.925234083000078],[80.50353732600007,28.92408345800004],[80.49727220100004,28.922862271000042],[80.49580013800005,28.923091396000075],[80.49229282600004,28.92576964600005],[80.48952213900003,28.924489021000056],[80.48930507600005,28.926782521000064],[80.48625195100004,28.931104708000078],[80.48499607600007,28.931984270000044],[80.48330632600005,28.93676508300007],[80.48053488800008,28.937778646000027],[80.47802320100004,28.937874959000055],[80.47629076300007,28.93965270800004],[80.47228582600007,28.938716646000046],[80.46981788900007,28.938580583000032],[80.47336651300003,28.943860020000045],[80.47427488900007,28.94745514500005],[80.47879938800008,28.953248083000062],[80.48146251300005,28.95609870800007],[80.48332632600005,28.95961402000006],[80.48387557600006,28.965113958000074],[80.48498401300003,28.96786370800004],[80.48529045100008,28.970078021000063],[80.48700426300007,28.972045021000042],[80.48750532600008,28.97403220800004],[80.49004463900008,28.977448458000026],[80.49050320000003,28.980197958000076],[80.49154695100003,28.982929458000058],[80.49120438900007,28.985680458000047],[80.48917351400007,28.989192083000034],[80.48546263800006,28.99427195800007],[80.48590095100008,28.99650708300004],[80.48735488800008,28.998168521000025],[80.48323920100006,28.996756333000064],[80.48139282600005,28.993872896000028],[80.47888245100006,28.993948833000047],[80.47663301400007,28.99469358300007],[80.47345588900004,28.996774771000048],[80.47497301400006,28.999999958000046],[80.47437607600006,29.00199420900003],[80.47470663800004,29.004057458000034],[80.47675363800005,29.00487758400004],[80.47836063900007,29.007545896000067]]]}},{"type":"Feature","properties":{"STATE_CODE":7,"DISTRICT":"KANCHANPUR","GaPa_NaPa":"Laljhadi","Type_GN":"Gaunpalika","Province":"Sudur Pashchim","provinceId":"7","provinceCode":"7","provinceName":"Sudurpashchim","districtId":"709","districtName":"Kanchanpur","municipalityId":"70906","municipalityCode":"70906","municipalityName":"Laljhadi Rural Municipality","municipalityNameNe":"लालझाडी गाउँपालिका","municipalityType":"rural_municipality"},"geometry":{"type":"Polygon","coordinates":[[[80.51326988900007,28.726748396000062],[80.50777345100005,28.72799870800003],[80.50465901300004,28.72814070800007],[80.50259857600008,28.727593958000057],[80.49862388800005,28.728718583000045],[80.48717113800006,28.732987021000042],[80.47882170100007,28.73626702100006],[80.47444626300006,28.737743583000054],[80.46721145100008,28.740738333000024],[80.45975038900008,28.74339352000004],[80.45107038800006,28.74597783300004],[80.44438401400004,28.748614958000076],[80.43999920100003,28.749878271000057],[80.44229026400006,28.758417896000026],[80.44198463800006,28.75956502100007],[80.44316613900008,28.76169283300004],[80.44598732500003,28.764792958000044],[80.44697063800004,28.769694895000043],[80.44704776300006,28.773891458000037],[80.44864032600003,28.776848895000057],[80.44671063900006,28.77990239500008],[80.44579070100008,28.785473395000054],[80.44722963800007,28.789535708000074],[80.45219576300008,28.791651771000033],[80.45586757600006,28.795260520000056],[80.45564945100006,28.799045271000068],[80.45614538800004,28.801395833000072],[80.45938195100007,28.80556445900004],[80.46181670100003,28.80686689500004],[80.46306557500003,28.809085020000055],[80.46181451300004,28.811148896000077],[80.46388207600006,28.813961395000035],[80.46627332600008,28.81580052000004],[80.46857845100004,28.818534896000074],[80.47034501300004,28.81995189500003],[80.47480582600008,28.821546270000056],[80.47816813800006,28.82151195800003],[80.48027970100003,28.823406146000025],[80.48260682600005,28.82633439600005],[80.48109751400006,28.827880771000025],[80.48090295100008,28.82984952100003],[80.47861757600003,28.831070271000044],[80.47577238800005,28.831314208000038],[80.47101007600008,28.834916521000025],[80.46943932600004,28.83727920800004],[80.47192745100006,28.840090958000076],[80.46519388800004,28.841357145000075],[80.46225095100004,28.842308771000035],[80.45350338800006,28.84584039500004],[80.45130338900003,28.842560271000025],[80.44871295100006,28.841146458000026],[80.44517432600009,28.840053521000073],[80.44257945100009,28.840758020000067],[80.43898701400008,28.842419396000025],[80.43684051400004,28.844425021000063],[80.43490745100007,28.847099396000033],[80.43387363800008,28.84624002100003],[80.42706101300007,28.842847521000067],[80.42153613800008,28.841580833000023],[80.41900888900005,28.84153845800006],[80.41685501300003,28.840026583000054],[80.41201938900008,28.84085614600008],[80.40890901400007,28.841835208000077],[80.40607932600005,28.84011270800005],[80.40318863800007,28.833392770000046],[80.40063063800005,28.828526458000056],[80.39946763900008,28.827050333000045],[80.39775213800004,28.827029208000056],[80.39590445100004,28.825173208000024],[80.39365463900003,28.825251146000028],[80.39138757600006,28.824042958000064],[80.38801545100006,28.823276459000056],[80.38398388800005,28.819483771000023],[80.38548976400006,28.815691521000076],[80.38429145100008,28.812051583000027],[80.38203251300007,28.808621146000064],[80.37980820100006,28.80768370800007],[80.37821682500004,28.805154146000064],[80.37583776300005,28.80517252100003],[80.37450438900004,28.806752333000077],[80.37381070100008,28.808921646000044],[80.37479820100003,28.811277021000024],[80.37449488900006,28.813276708000046],[80.37198807600004,28.815446646000055],[80.36915526400009,28.814043708000042],[80.36701432600006,28.814423958000077],[80.36613620100007,28.81571258300005],[80.36367676300006,28.81374277100008],[80.36230913800006,28.810695208000027],[80.36170470100006,28.806949583000062],[80.35944288800005,28.806582458000037],[80.35830757600007,28.807716396000046],[80.35613482600007,28.80786164600005],[80.35411426400003,28.81080058300006],[80.35101820100004,28.807300208000072],[80.34759651400003,28.79719245800004],[80.34479001400007,28.787924708000048],[80.34462851300003,28.78503845800003],[80.34263695100003,28.785610833000078],[80.34164632600005,28.78355527100007],[80.34023551400009,28.78239558300004],[80.34206420100008,28.78092452100003],[80.34358357600007,28.776295770000047],[80.34516957600005,28.775337896000053],[80.34606207600007,28.77271170800003],[80.34394520100005,28.77293833300007],[80.34323282600008,28.771078145000047],[80.34361607600005,28.769629395000038],[80.34504338800008,28.769318208000072],[80.34761238900006,28.765314896000064],[80.35084201400008,28.762447208000026],[80.35120188900004,28.759473271000047],[80.35400501400005,28.756222208000054],[80.35517820100006,28.753829645000053],[80.35716370100005,28.753347271000052],[80.35903888800004,28.754159333000075],[80.35757807600004,28.757121333000043],[80.35899476300006,28.75959839500007],[80.35835276300008,28.762683895000066],[80.36047538900004,28.76215252000003],[80.36290370100005,28.759506395000074],[80.36554413800008,28.760777646000065],[80.36847070100004,28.75979645800004],[80.36904363900004,28.758829020000064],[80.36913195100004,28.75505058300007],[80.37092163900007,28.753448083000023],[80.36940645100003,28.75198139500003],[80.36993545100006,28.75107014500003],[80.37454807600005,28.753507770000056],[80.37667101300008,28.752662583000074],[80.37536357600004,28.75074564600004],[80.37729620100004,28.749179833000028],[80.37679307600007,28.74821645800006],[80.37865557600009,28.746582646000036],[80.38021238900006,28.74885933300004],[80.38568670100005,28.749378458000024],[80.38793070100007,28.749036645000047],[80.39133363800005,28.74987095800003],[80.39257826300008,28.74863570800005],[80.39357876300005,28.74639320800003],[80.39663595100006,28.746472333000042],[80.39884607600004,28.748846521000075],[80.40189563800004,28.74707095800005],[80.40421226300003,28.74305414500003],[80.40262501400008,28.738902833000054],[80.40312732600006,28.73351533300007],[80.40125120100004,28.72988827100005],[80.39982488800007,28.728431270000044],[80.39952070100009,28.725224083000057],[80.40012870100009,28.724480021000034],[80.40497151300008,28.721780583000054],[80.41029782600003,28.716964645000076],[80.41050888800004,28.715963896000062],[80.41447707600008,28.71141033300006],[80.41570413800008,28.711131395000052],[80.41797401300005,28.71255345800006],[80.42413007600004,28.714314708000074],[80.42535857600006,28.713311458000078],[80.42680013900008,28.70983645800004],[80.42691113800004,28.707540271000028],[80.42769820100006,28.70528752100006],[80.42579307600005,28.703630271000065],[80.42433788800008,28.698383208000052],[80.42431532600006,28.69666177000005],[80.42702782600009,28.69434952000006],[80.43003845100003,28.695246583000028],[80.43248138800004,28.693418145000066],[80.43345945100003,28.693548521000025],[80.43608563800007,28.69211789600007],[80.43794382600004,28.69196320800006],[80.43914626400004,28.68905102100007],[80.44156963800003,28.687299083000028],[80.44636738800006,28.686125333000064],[80.44887720100007,28.686893646000044],[80.45056482600006,28.684335333000035],[80.46162151300007,28.680027770000038],[80.46291838900004,28.67749933300007],[80.46504482500006,28.67527645800004],[80.46733313900006,28.674349145000065],[80.46987507600005,28.67408845800003],[80.47077601400008,28.671474895000074],[80.47485488900008,28.66895045800004],[80.47687801400008,28.670264520000046],[80.47997270000008,28.669687645000067],[80.48330182500007,28.666623083000047],[80.48468526300007,28.667454083000052],[80.48798457600003,28.667254521000075],[80.48972651300005,28.666169146000072],[80.49130245100008,28.666136708000067],[80.49316695100003,28.670335521000027],[80.49534338800004,28.67172439500007],[80.49352088900008,28.673001271000032],[80.49574988800003,28.67551389600004],[80.49323788900006,28.678446458000053],[80.49419438900003,28.680241396000042],[80.49300557600003,28.68179139500006],[80.49253532600005,28.684339021000028],[80.49594282600003,28.684117083000046],[80.49781413800008,28.683029833000035],[80.50026045100003,28.683954895000056],[80.50219601400005,28.68584583300003],[80.50469663800004,28.68667395700004],[80.50568957600007,28.688335833000053],[80.50929626300007,28.691500708000035],[80.50876188800004,28.69394214600004],[80.50897582600004,28.699226646000056],[80.50717151300006,28.700727208000046],[80.50776257600006,28.70511289600006],[80.50942357600007,28.713430395000046],[80.51167088800008,28.719635958000026],[80.51256057600006,28.723030083000026],[80.51381826400007,28.724616146000074],[80.51326988900007,28.726748396000062]]]}},{"type":"Feature","properties":{"STATE_CODE":7,"DISTRICT":"KANCHANPUR","GaPa_NaPa":"Mahakali","Type_GN":"Nagarpalika","Province":"Sudur Pashchim","provinceId":"7","provinceCode":"7","provinceName":"Sudurpashchim","districtId":"709","districtName":"Kanchanpur","municipalityId":"70905","municipalityCode":"70905","municipalityName":"Mahakali Urban Municipality","municipalityNameNe":"महाकाली नगरपालिका","municipalityType":"municipality"},"geometry":{"type":"Polygon","coordinates":[[[80.10885413900007,28.827724833000048],[80.10732595100006,28.828213333000065],[80.10488507600007,28.827795583000068],[80.10265157600008,28.83091427000005],[80.10115395100007,28.834019771000044],[80.10217576400004,28.83881139600004],[80.10156720100008,28.841866395000068],[80.10138745100005,28.845386708000035],[80.10288470200004,28.850255958000048],[80.10420257600003,28.853231333000053],[80.10560838900005,28.85817664600006],[80.10694713800007,28.860940020000044],[80.10695363900004,28.862546270000053],[80.10583151400004,28.864257895000037],[80.10468257600007,28.86872370800006],[80.10308307600008,28.87050883300003],[80.10327638800004,28.87291945800007],[80.10068107600006,28.874506145000055],[80.09911688800008,28.876410958000065],[80.09980801400008,28.881793708000032],[80.09935257600006,28.883626958000036],[80.10047988800005,28.888784771000076],[80.10075932600006,28.892461583000056],[80.10235926400003,28.896151646000078],[80.10243332700009,28.89882764600003],[80.10336645100006,28.90189289500006],[80.10538732600008,28.90447133300006],[80.10654370100008,28.907003333000034],[80.10706838900006,28.909874083000034],[80.10566170100003,28.913205771000037],[80.10319688800007,28.91639283300003],[80.10229576400008,28.919389395000053],[80.10561532700007,28.920631958000058],[80.10575663900005,28.923136958000043],[80.10520870200008,28.925581021000028],[80.10538645100007,28.930714333000026],[80.10626770100004,28.940993646000038],[80.10618876300003,28.944354459000067],[80.10784676400004,28.95353577000003],[80.10820501400008,28.956518146000064],[80.10748763900006,28.958807583000066],[80.10739682700006,28.963226333000023],[80.10786888900003,28.967743521000045],[80.10986307700006,28.973784521000027],[80.11006963900007,28.979139083000064],[80.10976432600006,28.98435045800005],[80.10191938800006,28.986430145000043],[80.09773463900007,28.97526477100007],[80.07772376400004,28.94367283300005],[80.06488695100006,28.923836146000042],[80.06014782700004,28.91637670800003],[80.06092482600008,28.90818427100004],[80.06271870200004,28.884629208000035],[80.06323788900005,28.879013333000046],[80.06433295100004,28.863028770000028],[80.06641295100007,28.83731883300004],[80.07665070100006,28.824327458000027],[80.08125457600005,28.824695021000025],[80.09774901400004,28.826405770000065],[80.10308232600005,28.827179021000063],[80.10885413900007,28.827724833000048]]]}},{"type":"Feature","properties":{"STATE_CODE":7,"DISTRICT":"KANCHANPUR","GaPa_NaPa":"Punarbas","Type_GN":"Nagarpalika","Province":"Sudur Pashchim","provinceId":"7","provinceCode":"7","provinceName":"Sudurpashchim","districtId":"709","districtName":"Kanchanpur","municipalityId":"70907","municipalityCode":"70907","municipalityName":"Punarbas Urban Municipality","municipalityNameNe":"पुनर्वास नगरपालिका","municipalityType":"municipality"},"geometry":{"type":"Polygon","coordinates":[[[80.54148913900008,28.716507395000065],[80.54032182500004,28.71656658300003],[80.53731507600008,28.715010896000024],[80.53586557600005,28.71334545800005],[80.53477757600007,28.714569020000056],[80.53144476300008,28.71572164500003],[80.52934726400008,28.719394083000054],[80.52690438800005,28.72036920800008],[80.52578613800006,28.72195808300006],[80.52448657600007,28.72208889500007],[80.52246970100003,28.724197958000047],[80.52003538800005,28.724809770000036],[80.51687751300005,28.724072083000067],[80.51510445100007,28.725917958000025],[80.51326988900007,28.726748396000062],[80.51381826400007,28.724616146000074],[80.51256057600006,28.723030083000026],[80.51167088800008,28.719635958000026],[80.50942357600007,28.713430395000046],[80.50776257600006,28.70511289600006],[80.50717151300006,28.700727208000046],[80.50897582600004,28.699226646000056],[80.50876188800004,28.69394214600004],[80.50929626300007,28.691500708000035],[80.50568957600007,28.688335833000053],[80.50469663800004,28.68667395700004],[80.50219601400005,28.68584583300003],[80.50026045100003,28.683954895000056],[80.49781413800008,28.683029833000035],[80.49594282600003,28.684117083000046],[80.49253532600005,28.684339021000028],[80.49300557600003,28.68179139500006],[80.49419438900003,28.680241396000042],[80.49323788900006,28.678446458000053],[80.49574988800003,28.67551389600004],[80.49352088900008,28.673001271000032],[80.49534338800004,28.67172439500007],[80.49316695100003,28.670335521000027],[80.49130245100008,28.666136708000067],[80.48972651300005,28.666169146000072],[80.48798457600003,28.667254521000075],[80.48468526300007,28.667454083000052],[80.48330182500007,28.666623083000047],[80.47997270000008,28.669687645000067],[80.47687801400008,28.670264520000046],[80.47485488900008,28.66895045800004],[80.47077601400008,28.671474895000074],[80.46987507600005,28.67408845800003],[80.46733313900006,28.674349145000065],[80.46504482500006,28.67527645800004],[80.46291838900004,28.67749933300007],[80.46162151300007,28.680027770000038],[80.45056482600006,28.684335333000035],[80.44887720100007,28.686893646000044],[80.44636738800006,28.686125333000064],[80.44156963800003,28.687299083000028],[80.43914626400004,28.68905102100007],[80.43794382600004,28.69196320800006],[80.43608563800007,28.69211789600007],[80.43345945100003,28.693548521000025],[80.43248138800004,28.693418145000066],[80.43003845100003,28.695246583000028],[80.42702782600009,28.69434952000006],[80.42431532600006,28.69666177000005],[80.42433788800008,28.698383208000052],[80.42579307600005,28.703630271000065],[80.42769820100006,28.70528752100006],[80.42691113800004,28.707540271000028],[80.42680013900008,28.70983645800004],[80.42535857600006,28.713311458000078],[80.42413007600004,28.714314708000074],[80.41797401300005,28.71255345800006],[80.41570413800008,28.711131395000052],[80.41447707600008,28.71141033300006],[80.41050888800004,28.715963896000062],[80.40677482600006,28.711426395000046],[80.40423245100004,28.711002396000026],[80.40377676400004,28.710129521000056],[80.40521445000007,28.707164646000024],[80.40422382600008,28.705637396000043],[80.40492263800007,28.704185333000055],[80.40446320100006,28.702281458000073],[80.40283245100005,28.70195389500003],[80.40193845100004,28.698240958000042],[80.39932351300007,28.696632083000054],[80.40184595100004,28.694587958000056],[80.40131088800007,28.69310564500006],[80.40160263800004,28.68839170800004],[80.40226338900004,28.687151520000043],[80.40408263900008,28.687247583000044],[80.40803376300005,28.686107520000064],[80.41105751300006,28.684243646000027],[80.40806307500003,28.680442646000074],[80.40622320100005,28.682090583000047],[80.40427007600005,28.680123708000053],[80.40605082600007,28.677843833000054],[80.40858651300005,28.67635464600005],[80.41022882600004,28.672891958000037],[80.41521545100005,28.670831271000054],[80.41513001300007,28.66916814500007],[80.41593270100003,28.666721520000067],[80.41766663800007,28.665136208000035],[80.41828307600008,28.662138208000044],[80.41681570100008,28.65891477100007],[80.42099582600008,28.653935458000035],[80.42375507600008,28.651815208000073],[80.42845032600007,28.65007758300004],[80.42948570100003,28.649100583000063],[80.42945826300007,28.64548620800008],[80.42628588900004,28.64413270800003],[80.42619376400006,28.641379895000057],[80.42794845100008,28.638916833000053],[80.42804963800006,28.63759970800004],[80.43408095100006,28.637225708000074],[80.43972713800008,28.634983958000078],[80.44116182600004,28.63286695800008],[80.44161226400007,28.630926333000048],[80.44375082600004,28.628787333000048],[80.44604257600008,28.628264270000045],[80.45098295100007,28.62902214500008],[80.45330363800008,28.628580271000033],[80.45555757600005,28.62682733300005],[80.45793338900006,28.623545208000053],[80.46222620100008,28.621576895000032],[80.46415938900003,28.617151333000038],[80.46531095100005,28.61626020800003],[80.46236320100007,28.614560958000027],[80.46198007500004,28.613735958000063],[80.46421457600007,28.61250620800007],[80.46786407600007,28.60070758300003],[80.47054307500008,28.59464008300006],[80.47342620000006,28.590179646000024],[80.47281738800007,28.587711333000072],[80.47266732600008,28.584536395000043],[80.47014426400006,28.58392870800003],[80.47049926400007,28.582784020000076],[80.47328732600005,28.58258727100008],[80.47743001300006,28.583106395000073],[80.48078270100007,28.585436333000075],[80.48313976400004,28.585048270000073],[80.48541001300003,28.582017895000035],[80.49042070100006,28.579654333000065],[80.49335313900008,28.577776957000026],[80.49724670100005,28.57470052000008],[80.50147182600006,28.56964883200004],[80.50671088800004,28.568948270000078],[80.50908801400004,28.567095582000036],[80.51246676300008,28.562225458000057],[80.51711807600003,28.556935645000067],[80.51905270100008,28.551988020000067],[80.52088176400008,28.552678145000073],[80.52158770100004,28.55422608300006],[80.52445826400003,28.552756145000046],[80.52687120100006,28.55897120800006],[80.53223076300003,28.571599332000062],[80.53165901300008,28.57475370800006],[80.52729151400007,28.573199896000062],[80.52340076400003,28.576694583000062],[80.52201720100004,28.583728833000066],[80.51977882600005,28.597767583000063],[80.51934226400004,28.599676958000032],[80.51649782600003,28.615872583000055],[80.51300763900008,28.623700083000074],[80.51297770100007,28.62617720800006],[80.51209463900005,28.62968002100007],[80.50652632600008,28.65808458300006],[80.50520613900005,28.66516845800004],[80.50783182600009,28.670946895000043],[80.51831038800003,28.677215895000074],[80.53243320100006,28.685443771000052],[80.54152695100004,28.69059395800008],[80.55176963800005,28.691530707000027],[80.55588953500006,28.690691750000042],[80.55193913800008,28.694385270000055],[80.55032282600007,28.695176270000047],[80.54629438900008,28.695580208000024],[80.54453151400008,28.696140583000044],[80.54448145100008,28.69839427100004],[80.54552576300006,28.70099227000003],[80.54228407600004,28.70293739600004],[80.54370738800003,28.705983395000032],[80.54367526400006,28.70741595800007],[80.54059726400004,28.710570833000077],[80.53979795100008,28.71325283300007],[80.54035813800004,28.71595527100004],[80.54148913900008,28.716507395000065]]]}},{"type":"Feature","properties":{"STATE_CODE":7,"DISTRICT":"KANCHANPUR","GaPa_NaPa":"Shuklaphanta","Type_GN":"Nagarpalika","Province":"Sudur Pashchim","provinceId":"7","provinceCode":"7","provinceName":"Sudurpashchim","districtId":"709","districtName":"Kanchanpur","municipalityId":"70902","municipalityCode":"70902","municipalityName":"Shuklaphanta Urban Municipality","municipalityNameNe":"शुक्लाफाँटा नगरपालिका","municipalityType":"municipality"},"geometry":{"type":"Polygon","coordinates":[[[80.46107226300006,29.037466395000024],[80.45919707600007,29.03712720900006],[80.45695138900004,29.035119396000027],[80.45440938800004,29.035276021000072],[80.45127801300004,29.03408564600005],[80.44911932600007,29.034703958000023],[80.44525507600008,29.03429777100007],[80.44343288900006,29.033250209000073],[80.44223432600006,29.031650271000046],[80.44068632600005,29.032259708000026],[80.43489351400007,29.028763583000057],[80.42802838900008,29.026458208000065],[80.42497951400009,29.02692352100007],[80.42195713800004,29.026430021000067],[80.41957588800005,29.02765602100004],[80.41713407600008,29.030167583000036],[80.41686045100005,29.032605084000068],[80.41180957600005,29.032131896000067],[80.41087320100007,29.03337758300006],[80.40675476400008,29.03633508400003],[80.40288682600004,29.036254771000074],[80.39988120100008,29.03704452100004],[80.39718213900005,29.03915077000005],[80.39355301400008,29.04086477100003],[80.39246326400007,29.043533146000073],[80.39082751400008,29.046000521000053],[80.38840263800006,29.047410709000076],[80.38486613800006,29.047333645000037],[80.38054151300008,29.043595958000026],[80.37918488900004,29.04345889500007],[80.38016451400006,29.040902895000045],[80.38194726300003,29.038837896000075],[80.38558832600006,29.036970833000055],[80.38628526300005,29.03562045800004],[80.38508282600003,29.03211145800003],[80.38373388900004,29.030923146000077],[80.38261201300008,29.028772583000034],[80.38235163900003,29.026486146000025],[80.37949451400004,29.022437083000057],[80.37844145100007,29.018906146000063],[80.37686707600005,29.018524396000032],[80.37632351300005,29.011438084000076],[80.37528876300007,29.009587896000028],[80.37526932600008,29.007968083000037],[80.37364582600003,29.00566395800007],[80.37084782600004,29.004019834000076],[80.36790463900007,29.000055833000033],[80.36368613800005,28.995747333000054],[80.35981551300006,28.988909146000026],[80.35897901400006,28.986937958000055],[80.35881576400004,28.984642896000025],[80.35802045100007,28.983168208000052],[80.35689651400008,28.977586083000062],[80.35720957600006,28.975295521000078],[80.35563926300006,28.97257408300004],[80.35754163900003,28.968418646000032],[80.35878245100008,28.967010083000048],[80.35833788800005,28.96452414500004],[80.36099388800005,28.961364958000047],[80.36109070100008,28.958861209000077],[80.36030163800007,28.957023333000052],[80.35772538900005,28.954087333000075],[80.35492501300007,28.95210670800003],[80.35437451400009,28.950497833000043],[80.35234670100004,28.949439020000057],[80.35019232600007,28.950689771000043],[80.35023357600005,28.948242208000067],[80.34799470100006,28.946512333000044],[80.34654413800007,28.946410583000045],[80.34540895100008,28.94864295800005],[80.34328538900007,28.947637645000043],[80.34068763900007,28.947453583000026],[80.33898820100006,28.946010458000046],[80.34022226300004,28.943379271000026],[80.34073988800003,28.940916083000047],[80.33808832600005,28.939393770000038],[80.33818582600009,28.938018084000078],[80.34185376300007,28.93704120800004],[80.34135076400008,28.932224458000064],[80.34184026300005,28.92786833300005],[80.33795863800003,28.92584370800006],[80.33757501300005,28.925077083000076],[80.33854345100008,28.921481270000072],[80.33735188900005,28.92039477000003],[80.33555188800005,28.92082358400006],[80.33485370100004,28.918776208000054],[80.33298982600007,28.918976833000045],[80.33235707600005,28.91668158400006],[80.32966788900006,28.91662989500003],[80.32974207600006,28.91540752000003],[80.32777926300008,28.913962896000044],[80.32607288800006,28.915885521000064],[80.32446976300008,28.915609020000034],[80.32168926300005,28.91330295800003],[80.32008563900007,28.91312345800003],[80.32229882600006,28.90724645800003],[80.32011138900003,28.906815833000053],[80.32112001400003,28.90538614600007],[80.31875870100004,28.90503127100004],[80.31961057600006,28.896632083000043],[80.32113932600004,28.89394839600004],[80.32149657600007,28.89188820800007],[80.31964976400008,28.889241645000027],[80.32003145100003,28.88666495900003],[80.31835195000008,28.885129208000023],[80.31632245100008,28.884333833000028],[80.31650432600003,28.88269239600004],[80.32210126300004,28.87984202000007],[80.32451395100009,28.877717708000034],[80.32658426300003,28.874256083000034],[80.32423157600005,28.871446896000066],[80.32548795100007,28.869337020000046],[80.32458107600007,28.867035895000072],[80.32477726400003,28.86483952100008],[80.32587845100005,28.863089896000076],[80.32653726400008,28.860131083000056],[80.32878313800006,28.856557458000054],[80.33204388800004,28.853239271000064],[80.33239251400005,28.848864396000067],[80.33439157600003,28.848059896000052],[80.33615995100007,28.84857164500005],[80.33615838800006,28.850789270000064],[80.33849851300005,28.850408208000033],[80.34057532600008,28.84930620800003],[80.34120976400004,28.847547333000023],[80.34013376400003,28.842836083000066],[80.34119032600006,28.841891458000077],[80.34436913800005,28.84302589600003],[80.34696201300005,28.842970895000065],[80.34902451400006,28.84182345800008],[80.34981632600005,28.84026383300005],[80.34907120100007,28.83905327100007],[80.34475513800004,28.836223645000075],[80.34739895100006,28.83299908300006],[80.34649145100008,28.83129139500005],[80.34719695100006,28.828373271000032],[80.35020982600008,28.827501208000058],[80.34973188900005,28.825969333000046],[80.35236057600008,28.824711833000038],[80.35300626300005,28.823151520000067],[80.35119601400004,28.821071833000076],[80.35342426400007,28.81899114600003],[80.35612463800004,28.81718120800008],[80.35639582600004,28.816189895000036],[80.35378063900004,28.814580083000067],[80.35411426400003,28.81080058300006],[80.35613482600007,28.80786164600005],[80.35830757600007,28.807716396000046],[80.35944288800005,28.806582458000037],[80.36170470100006,28.806949583000062],[80.36230913800006,28.810695208000027],[80.36367676300006,28.81374277100008],[80.36613620100007,28.81571258300005],[80.36701432600006,28.814423958000077],[80.36915526400009,28.814043708000042],[80.37198807600004,28.815446646000055],[80.37449488900006,28.813276708000046],[80.37479820100003,28.811277021000024],[80.37381070100008,28.808921646000044],[80.37450438900004,28.806752333000077],[80.37583776300005,28.80517252100003],[80.37821682500004,28.805154146000064],[80.37980820100006,28.80768370800007],[80.38203251300007,28.808621146000064],[80.38429145100008,28.812051583000027],[80.38548976400006,28.815691521000076],[80.38398388800005,28.819483771000023],[80.38801545100006,28.823276459000056],[80.39138757600006,28.824042958000064],[80.39365463900003,28.825251146000028],[80.39590445100004,28.825173208000024],[80.39775213800004,28.827029208000056],[80.39764520100005,28.82858308300007],[80.39478263900008,28.83059620800003],[80.39570632600004,28.832529270000066],[80.39455632600004,28.83367927100005],[80.39587151300003,28.837087145000055],[80.39255720100005,28.840018584000063],[80.39181888800005,28.84212470800003],[80.39222795100005,28.843597458000033],[80.39412851400004,28.84599289600004],[80.39414538800008,28.849496583000075],[80.39509095100004,28.854148208000026],[80.39366051300004,28.85583377000006],[80.39595157600007,28.860211708000065],[80.39769745100006,28.86060983300007],[80.40300563800008,28.860392021000052],[80.40431088800005,28.860702333000063],[80.39987263800003,28.86651445800004],[80.39437263800005,28.870580021000023],[80.39464945100008,28.87185820800005],[80.39673001400007,28.874685271000033],[80.39755045100003,28.877041958000063],[80.39687482600004,28.879737146000025],[80.39273101400005,28.885069771000076],[80.39324688800008,28.887003209000056],[80.39802938900004,28.887947458000042],[80.40142507600007,28.88967258300005],[80.40129282600003,28.891165458000046],[80.39888445100007,28.89426127100006],[80.39862238900008,28.895638521000024],[80.40013326400003,28.898165208000023],[80.39874620100005,28.900460146000057],[80.39993488900006,28.902452958000026],[80.40374132600004,28.90266614500007],[80.40464738900005,28.904560708000076],[80.40198713800004,28.908618709000052],[80.40222438800004,28.910399771000073],[80.40747757600008,28.914384521000045],[80.40998513800008,28.916798146000076],[80.41052401400003,28.919327209000073],[80.40961270100007,28.923695396000028],[80.41109776400003,28.929718583000067],[80.41141876300009,28.932704708000074],[80.41398538800007,28.93821152000004],[80.41564795100004,28.93998739600005],[80.41884276300004,28.94566839600003],[80.42024295100003,28.951120334000052],[80.42017251300007,28.957145771000057],[80.42049570100005,28.959267771000043],[80.42311388800005,28.965686021000067],[80.42536432600008,28.968150208000054],[80.42607826400007,28.969754958000067],[80.42623045100004,28.97588964600004],[80.42954182600005,28.982310708000057],[80.43224957600006,28.985918208000044],[80.43359945100008,28.989125083000033],[80.43570582600006,28.991067396000062],[80.43610082600003,28.993645396000034],[80.43721182600007,28.996564833000036],[80.43836182600006,28.997153833000027],[80.43817145100007,28.999618833000056],[80.43900095100008,29.001163145000078],[80.44116345100008,29.001691020000067],[80.44140251300007,29.003997646000073],[80.44344020100004,29.005504083000062],[80.44245295100006,29.00672270800004],[80.44387151400008,29.010500583000066],[80.44336101300007,29.013029646000064],[80.44551288900004,29.01481627100003],[80.44577651400004,29.017238021000026],[80.44794970100008,29.02039627100004],[80.44829651300006,29.024332146000063],[80.44910051400007,29.026110896000034],[80.45295882600004,29.030489645000046],[80.46107226300006,29.037466395000024]]]}},{"type":"Feature","properties":{"STATE_CODE":7,"DISTRICT":"DADELDHURA","GaPa_NaPa":"Ajaymeru","Type_GN":"Gaunpalika","Province":"Sudur Pashchim","provinceId":"7","provinceCode":"7","provinceName":"Sudurpashchim","districtId":"705","districtName":"Dadeldhura","municipalityId":"70503","municipalityCode":"70503","municipalityName":"Ajayameru Rural Municipality","municipalityNameNe":"अजयमेरु गाउँपालिका","municipalityType":"rural_municipality"},"geometry":{"type":"Polygon","coordinates":[[[80.62491870100007,29.38981502100006],[80.62439213800008,29.392913083000053],[80.62289995200007,29.394131583000046],[80.61731395100009,29.396538458000066],[80.61303457600008,29.39559220900003],[80.60781251300006,29.39680414600008],[80.60254251400005,29.396682458000043],[80.59921420100005,29.39711920900004],[80.59641645100004,29.396952834000047],[80.59349988900004,29.396059646000026],[80.58317813800005,29.396679709000068],[80.58328870100007,29.399272084000074],[80.58223601400005,29.401143397000055],[80.58039357600006,29.40609377100003],[80.57825701300004,29.40907608400005],[80.57799645100005,29.41181833400003],[80.57345138800008,29.41435977100008],[80.56664370100003,29.415770271000042],[80.56359582600004,29.415011396000068],[80.55807626400008,29.417258083000036],[80.55534032600008,29.417436209000073],[80.55408626300004,29.41851258300005],[80.55198763900006,29.41818070900007],[80.55060288900006,29.415053959000034],[80.54950276300008,29.411377709000078],[80.54979407600007,29.409091146000037],[80.54915326300005,29.405116458000066],[80.54906338900008,29.402138458000024],[80.54963013800005,29.398711459000026],[80.54449213900006,29.398574396000072],[80.53885745100007,29.393316896000044],[80.53375282600007,29.391993021000076],[80.53063032600005,29.39178127200006],[80.52487132600004,29.39230002100004],[80.52414888900006,29.39276664600004],[80.51799013900006,29.392345271000067],[80.51189813800005,29.394619583000065],[80.50929557600006,29.394364146000044],[80.50423488900003,29.39885033300004],[80.50110632600007,29.397424271000034],[80.49728188900008,29.396839209000063],[80.49151870100007,29.39436752200004],[80.48889426300008,29.392448958000045],[80.48788807600005,29.39081633400008],[80.48409663800004,29.386835959000052],[80.48150388800008,29.385702459000072],[80.47879845100005,29.387803396000038],[80.47080195200004,29.391500834000055],[80.46919395100008,29.39092370900005],[80.46580745100005,29.392162146000032],[80.46332076300007,29.39414858400005],[80.45952088900003,29.396055271000023],[80.45653532600005,29.393300021000073],[80.45386232600003,29.392454396000062],[80.45220976300004,29.39293939600003],[80.45017257600006,29.39457777100006],[80.44741620100007,29.39331439600005],[80.44657532600007,29.39227095900003],[80.44706982600007,29.388891458000046],[80.44394438900008,29.388858147000064],[80.44372395100004,29.387242084000036],[80.44180801400006,29.387840896000057],[80.43959207600005,29.393299771000045],[80.43789770100005,29.39404383400006],[80.43564938800006,29.392958271000055],[80.43282045100005,29.39250414600008],[80.43240063900004,29.389944209000078],[80.43069451400004,29.388703021000026],[80.43075938800007,29.387164771000073],[80.42711745100007,29.385141459000067],[80.42628195200007,29.37978927100005],[80.42391813900008,29.37811877100006],[80.42111301300008,29.378438209000024],[80.41966920100003,29.376189646000057],[80.42009657600005,29.374071021000077],[80.41744382600007,29.37371427100004],[80.41827070200003,29.37041083400004],[80.42029170100005,29.36939995800003],[80.42079932600006,29.368217896000033],[80.41893213800006,29.36691264600006],[80.41964201300004,29.36413427100007],[80.41954963900008,29.361575708000032],[80.41611470100008,29.356006833000038],[80.41469270100004,29.35673145900006],[80.41392120100005,29.359299771000053],[80.41193201400006,29.35977377100005],[80.41055657600003,29.358310396000036],[80.40758620100007,29.356621146000066],[80.40979307600008,29.35462102100007],[80.40561388800006,29.35159308300007],[80.40461776300003,29.349253834000024],[80.40657151300007,29.34780302100006],[80.40826707600007,29.34887302100003],[80.41103370100006,29.347382896000056],[80.41214695100007,29.344274708000057],[80.41521863900005,29.34292339600006],[80.41780282600007,29.345580833000042],[80.41935357600005,29.345400271000074],[80.42312707600007,29.34345195800006],[80.42503763900004,29.342007333000026],[80.42561145100007,29.34000883300007],[80.42789407600003,29.339179459000036],[80.43014582600006,29.341172021000034],[80.43186313800004,29.33995214600003],[80.43018345100006,29.338110958000073],[80.43178095200005,29.334824209000033],[80.43397082600006,29.336482584000066],[80.43593420100007,29.336969146000058],[80.43839076400008,29.33568002100003],[80.43947676300007,29.333410771000047],[80.44048782600004,29.333076646000052],[80.44433220100007,29.33357314600005],[80.44575101400005,29.332164646000024],[80.44858382600006,29.331116209000072],[80.44933238900006,29.329253583000025],[80.45075101400005,29.32886689600008],[80.45155651400006,29.32712189600005],[80.45418288800005,29.327647084000034],[80.45576482600006,29.326512021000042],[80.46002370100007,29.326102958000035],[80.46422638900003,29.32436933300005],[80.46662195100004,29.32540533300005],[80.46713707600009,29.326961708000056],[80.47011726300008,29.327591709000046],[80.47237782600007,29.32711789600006],[80.47417426300007,29.329475583000033],[80.47664051300006,29.32886714600005],[80.47780407600004,29.32989139600005],[80.48378432600003,29.329551459000072],[80.48572645100006,29.331363646000057],[80.48818270100008,29.329394708000052],[80.48848595100003,29.326797084000077],[80.49010420200005,29.32540014600005],[80.49020076400006,29.324101083000073],[80.48882870100005,29.320921834000046],[80.48932170100005,29.317034584000055],[80.49112626300007,29.31579620900004],[80.49102076300005,29.31455733300004],[80.49361826300003,29.311699959000066],[80.49468051300005,29.31330564600006],[80.49599351300003,29.311824021000064],[80.49736032600003,29.31175470900007],[80.49945376400007,29.315229896000062],[80.50096982600007,29.313602271000036],[80.49969732600005,29.312604958000065],[80.49975563900006,29.311136584000053],[80.50177526400006,29.309740959000067],[80.50767170100005,29.310940396000035],[80.50831713900004,29.31187895900007],[80.50696176400004,29.313444084000025],[80.51043651400005,29.313165833000028],[80.51040963900004,29.31043164600004],[80.51134420100004,29.310261333000028],[80.51263013800008,29.312923458000057],[80.51252738800008,29.315503833000037],[80.51583145100005,29.31609108400005],[80.51658388900006,29.312376146000076],[80.51984157600003,29.31571308300005],[80.52089026400006,29.318241146000048],[80.52409551300008,29.315877146000048],[80.52608238800008,29.310240021000027],[80.52738838800008,29.309687396000072],[80.52920738800003,29.310420271000055],[80.52865251400004,29.312484708000056],[80.52662226300004,29.314431084000034],[80.52937495100008,29.315203334000046],[80.52947495100005,29.316618084000027],[80.53144763800003,29.31714164600004],[80.53293838900004,29.318349271000045],[80.53637245100003,29.317688958000076],[80.53925332600005,29.318826896000076],[80.54047526300008,29.317718958000057],[80.54249538800008,29.31747777100003],[80.54445563800004,29.31631814600007],[80.54426845100005,29.31494139600005],[80.54709838900004,29.313480209000033],[80.54530313900005,29.312361958000054],[80.54576638900005,29.311064146000035],[80.54897751400006,29.31128708400007],[80.54933332600007,29.313641146000066],[80.55122245100006,29.313478333000035],[80.55204070100007,29.31082139600005],[80.55315026300008,29.310328834000074],[80.55495945100006,29.312861459000032],[80.55710070100008,29.31422889600003],[80.55897457600008,29.31685870900003],[80.56088038800004,29.31770414600004],[80.56372563800005,29.31744727100005],[80.56456645200007,29.318575709000072],[80.56975576400004,29.31842108400008],[80.57202501400008,29.324429146000057],[80.57414595100005,29.325660834000075],[80.57684107800003,29.32511445700004],[80.58073857600004,29.327114146000042],[80.58172457100005,29.329562648000035],[80.58656207600006,29.33593708500007],[80.59139763800005,29.338677088000054],[80.59488682600005,29.34141508400006],[80.59596026500003,29.34662270800004],[80.59599789100008,29.348914826000055],[80.59755383000004,29.352107082000032],[80.59920745800008,29.350925459000052],[80.60195388800008,29.355779334000033],[80.60412354900006,29.356755821000036],[80.60472669500007,29.358952585000054],[80.60752082200008,29.36214614800008],[80.60794707700006,29.365659830000027],[80.61310532100003,29.370687460000056],[80.61659789200007,29.372793271000035],[80.61843337900007,29.374937093000028],[80.61888032800005,29.376905521000026],[80.61835601300004,29.378670397000064],[80.62075976300008,29.380337584000074],[80.62331007900008,29.38385277100008],[80.62491870100007,29.38981502100006]]]}},{"type":"Feature","properties":{"STATE_CODE":7,"DISTRICT":"DADELDHURA","GaPa_NaPa":"Alital","Type_GN":"Gaunpalika","Province":"Sudur Pashchim","provinceId":"7","provinceCode":"7","provinceName":"Sudurpashchim","districtId":"705","districtName":"Dadeldhura","municipalityId":"70506","municipalityCode":"70506","municipalityName":"Aalital Rural Municipality","municipalityNameNe":"आलिताल गाउँपालिका","municipalityType":"rural_municipality"},"geometry":{"type":"Polygon","coordinates":[[[80.48101932600008,29.235557958000072],[80.47914395100008,29.23490545900006],[80.47714501300004,29.235127771000066],[80.47417157700005,29.23646064600007],[80.47009938800005,29.235932458000036],[80.46542170100008,29.23628833300006],[80.46487251300005,29.235309333000032],[80.46163532600008,29.233931521000045],[80.46002520100006,29.23270677100004],[80.46013426300004,29.228646646000072],[80.45899026300003,29.22548602100005],[80.45803095100007,29.224385771000073],[80.45767288800005,29.22102527100003],[80.45412145100005,29.21529202100004],[80.45022695100005,29.21199608300003],[80.45046270100005,29.209499709000056],[80.44834963800008,29.20631695900005],[80.45206370100004,29.204859146000047],[80.45272007600005,29.20219083300003],[80.45410207600008,29.20014583300008],[80.45257520100006,29.198249146000023],[80.45157432600007,29.194867896000062],[80.45225557600008,29.190825833000076],[80.45422451300004,29.18867270900006],[80.45625576300006,29.189066771000057],[80.45707076400004,29.187186396000072],[80.45749945100005,29.183883209000044],[80.45927076300006,29.183143646000076],[80.46196820100005,29.179317146000074],[80.45586576400007,29.177167458000042],[80.45205670100006,29.173228833000053],[80.45004488800004,29.17299052100003],[80.44821963800007,29.16965552100004],[80.44506951300008,29.166669209000077],[80.44228532600005,29.16586127100004],[80.44070801300006,29.16451920800006],[80.43933426300003,29.16165520800007],[80.43909838900004,29.15936220800006],[80.43557351400005,29.155683771000042],[80.43499945100007,29.151857521000068],[80.43717038900007,29.14952277100008],[80.43808270100004,29.14403795800007],[80.43744370100006,29.14246058300006],[80.43472326300008,29.140982833000066],[80.43275451400007,29.140875209000058],[80.43141745100007,29.139554333000035],[80.43150995200006,29.136114458000065],[80.43206420100006,29.134442896000053],[80.43238013800004,29.129630083000052],[80.43098232600005,29.128099146000068],[80.43152201400005,29.125049145000048],[80.43242088800008,29.123367708000046],[80.43314788900005,29.12027795800003],[80.43321932600008,29.11639133400007],[80.43475495100006,29.113169520000042],[80.43449126400003,29.109182146000023],[80.43293063900006,29.104550896000035],[80.43113145100006,29.103570958000034],[80.43015338800006,29.10100402100005],[80.43163701400005,29.097876833000043],[80.43277976300004,29.096528084000056],[80.43398082600004,29.092957521000073],[80.43630188900005,29.09159564600003],[80.43847113900006,29.09116033300006],[80.43896876400004,29.08951333300007],[80.43599113900007,29.085814584000047],[80.43606370100008,29.084107146000065],[80.43479226300008,29.081299896000075],[80.43565270100004,29.078758896000068],[80.43434738900004,29.074769333000063],[80.43445657600006,29.07205589600005],[80.43230613800006,29.070298458000025],[80.42845876400008,29.068475083000067],[80.42849913800006,29.06569589600008],[80.42762695100004,29.05879802000004],[80.43049313900008,29.058679334000033],[80.43314870100005,29.057934833000047],[80.43694626300004,29.05806364600005],[80.43735895100008,29.05931064600003],[80.43985401300006,29.059936958000037],[80.44188445200007,29.059523520000027],[80.44155538800004,29.06162020800008],[80.44326882600006,29.062843271000077],[80.44505201400005,29.06246939600004],[80.44631138900007,29.061112084000058],[80.44765901300008,29.061388271000055],[80.44915807600006,29.059842333000063],[80.45368695100007,29.059777396000072],[80.45609395100007,29.05879677100006],[80.46031420100007,29.05888377100007],[80.46378738800007,29.05838102100006],[80.46737101400004,29.05692664600008],[80.47145170100003,29.05579902100004],[80.47487395100006,29.053098521000038],[80.47799338900006,29.053318208000064],[80.48461001400005,29.048874709000074],[80.48747288800007,29.04755239600007],[80.48504120100006,29.04226639600006],[80.48497676400007,29.037718083000073],[80.48666307600007,29.035069271000054],[80.48661557600008,29.03357333400004],[80.48545070100005,29.031786708000027],[80.48614288900006,29.02451152100008],[80.48878482600009,29.021250458000054],[80.49340232600008,29.017541021000056],[80.49353051400004,29.016131521000034],[80.49211445100008,29.01328589600007],[80.49192770100007,29.00908908400004],[80.48972332600005,29.006630709000035],[80.48658201400008,29.00617658300007],[80.48307657600003,29.00643608300004],[80.47836063900007,29.007545896000067],[80.47675363800005,29.00487758400004],[80.47470663800004,29.004057458000034],[80.47437607600006,29.00199420900003],[80.47497301400006,28.999999958000046],[80.47345588900004,28.996774771000048],[80.47663301400007,28.99469358300007],[80.47888245100006,28.993948833000047],[80.48139282600005,28.993872896000028],[80.48323920100006,28.996756333000064],[80.48735488800008,28.998168521000025],[80.48841126400004,28.996392583000045],[80.48994563900004,28.995322271000077],[80.49574495100006,28.99425227000006],[80.49784732600006,28.994959521000055],[80.50140120100008,28.993283021000025],[80.50308738900003,28.993284708000033],[80.50489751300006,28.995504521000043],[80.50638745100008,28.99638308400006],[80.51073276400007,28.99663133300004],[80.51332788900004,28.99641964600005],[80.51780057600007,28.99777583300005],[80.52067282600007,28.999227708000035],[80.52023176300008,29.003609459000074],[80.52247457600004,29.004693583000062],[80.52375051300004,29.006284083000025],[80.52774845000005,29.00922195800007],[80.53146563900003,29.01059758300005],[80.53336388900004,29.012318770000036],[80.53716126300003,29.013944895000066],[80.53780176300006,29.01709420800006],[80.53539832600006,29.020330083000033],[80.53563732600009,29.022354521000068],[80.53486082600006,29.024350645000027],[80.53601920100004,29.025563833000035],[80.53589320100008,29.02969639500003],[80.53797070100006,29.03197083300006],[80.54405563800003,29.036711146000073],[80.54515257600008,29.03610795800006],[80.54855770100005,29.038598771000068],[80.54825701300007,29.04443402100003],[80.54664207500008,29.047068146000072],[80.54634357600008,29.04934789600003],[80.55069207600008,29.051027396000052],[80.55255213800007,29.05276845900005],[80.55359132600006,29.054651146000026],[80.55688013900004,29.05637889600007],[80.55891463800003,29.058194833000073],[80.56096988900003,29.06180889600006],[80.56280632600004,29.068093270000077],[80.56367376300005,29.072953208000058],[80.56147813800004,29.07420033300008],[80.56065695100006,29.076040834000025],[80.55750682600006,29.077298334000034],[80.55309701400006,29.078395958000044],[80.54926120100004,29.080271396000057],[80.54580651400005,29.081455396000024],[80.54258151300007,29.083316896000042],[80.53868507600004,29.086121208000066],[80.53540057600003,29.088929896000025],[80.53313413900008,29.089587583000025],[80.53328226400004,29.091476271000033],[80.53179876300004,29.09420758300007],[80.53192363800008,29.095275083000047],[80.53026801400006,29.098064458000067],[80.52938032600008,29.101282834000074],[80.52806988900005,29.102426584000057],[80.52838351300005,29.10589727000007],[80.53066213800008,29.105469896000045],[80.53427132600007,29.106646521000073],[80.54094545100008,29.107556145000046],[80.54640807600003,29.111211334000075],[80.54993788800004,29.112046646000067],[80.55161201400006,29.11364952100007],[80.55886820100005,29.116807083000026],[80.56087995100006,29.116324146000068],[80.56482570100007,29.118796021000037],[80.56762176400008,29.11847345900003],[80.56860951300007,29.119187271000044],[80.57044995100006,29.123080208000033],[80.57148207600005,29.126359146000027],[80.57385276400004,29.130158958000038],[80.57264470100006,29.13274720800007],[80.57083820100007,29.134383771000046],[80.56827620100006,29.13463495800005],[80.56645970100004,29.13543233400003],[80.56805676300007,29.13811295800008],[80.56718032600008,29.14121433300005],[80.56762120100007,29.143557458000032],[80.56913632600003,29.144825646000072],[80.57183226300003,29.144859084000075],[80.57660645100003,29.14596620800006],[80.57753782600008,29.147505396000042],[80.58357876300005,29.14726264600006],[80.59036707600006,29.147339959000078],[80.59336226400006,29.14857402100006],[80.59416370100007,29.15187014600008],[80.59556038900007,29.154035521000026],[80.59287726300005,29.15703695800005],[80.59357657600003,29.159094209000045],[80.59384151400008,29.16298652100005],[80.59616757600008,29.164626896000073],[80.59735345100006,29.167348896000078],[80.60047895100007,29.17037895900006],[80.60213557600008,29.170652333000078],[80.60543588900003,29.170050709000066],[80.60709232600004,29.170283459000075],[80.61020532600008,29.174080271000037],[80.61230332600007,29.174844396000026],[80.61771201300007,29.17949814600007],[80.62136426100005,29.181033575000072],[80.62079401300008,29.182471271000054],[80.62137526300006,29.185563525000077],[80.62113314200008,29.187171336000063],[80.61956126300004,29.18858133300006],[80.61851951300008,29.190633581000043],[80.61899539200004,29.192216336000058],[80.61623095600004,29.19399965300005],[80.61462982600005,29.19837158300004],[80.61173982600008,29.201690769000038],[80.60949145600006,29.200946523000027],[80.60736076400008,29.202393146000077],[80.60704658100008,29.208334336000064],[80.60778913700005,29.21136851700004],[80.61080976200003,29.215528266000035],[80.60995113800004,29.21763958200006],[80.60709033200004,29.218183896000028],[80.60646976300006,29.220234959000038],[80.60452213900004,29.22220539600005],[80.60322433500005,29.222618958000055],[80.60035663800005,29.22413764600003],[80.59630982600004,29.224141333000034],[80.59300726300006,29.222989771000073],[80.58810445100005,29.222561959000075],[80.58343357600006,29.22316564600004],[80.58042620100008,29.224396959000046],[80.57762245100008,29.224652083000024],[80.56996738800007,29.226556521000077],[80.56771832700008,29.22914133300003],[80.56580982600008,29.229617958000063],[80.56443707600005,29.231046021000054],[80.56362107600006,29.234846833000063],[80.56127695100008,29.23370214600004],[80.55873970100004,29.231196521000072],[80.55399488900008,29.234097709000025],[80.54929845100008,29.23427595800007],[80.54528063900005,29.231690583000045],[80.54338920100008,29.23176539600007],[80.53831957600005,29.229864271000054],[80.53705526300007,29.228039396000042],[80.53222182600007,29.22579595900004],[80.52956195100006,29.22668677100006],[80.52727932600004,29.226615521000042],[80.52539926400004,29.227346646000058],[80.52311426400007,29.227083521000054],[80.51586263800004,29.229491646000042],[80.51480832600004,29.228698209000072],[80.51016301400006,29.227765396000052],[80.50751626300007,29.228342146000045],[80.50381182600006,29.231301833000032],[80.49824551400008,29.232727083000043],[80.49365607600004,29.233490396000036],[80.48931501300007,29.23370170800007],[80.48525145100007,29.235364521000065],[80.48101932600008,29.235557958000072]]]}},{"type":"Feature","properties":{"STATE_CODE":7,"DISTRICT":"DADELDHURA","GaPa_NaPa":"Amargadhi","Type_GN":"Nagarpalika","Province":"Sudur Pashchim","provinceId":"7","provinceCode":"7","provinceName":"Sudurpashchim","districtId":"705","districtName":"Dadeldhura","municipalityId":"70502","municipalityCode":"70502","municipalityName":"Amargadhi Urban Municipality","municipalityNameNe":"अमरगढी नगरपालिका","municipalityType":"municipality"},"geometry":{"type":"Polygon","coordinates":[[[80.67058751600007,29.30525595900008],[80.66647102000007,29.30719483300004],[80.66626351300005,29.309260709000057],[80.66514064200004,29.311423586000046],[80.66277113700005,29.312236521000045],[80.66087807600007,29.309838271000046],[80.65772157600009,29.311612334000074],[80.65520163900004,29.312345771000025],[80.65359195100007,29.311563334000027],[80.65098432600007,29.311506896000026],[80.64724770100008,29.313019833000055],[80.64502270100007,29.31330045900006],[80.64348463900006,29.31470402100007],[80.64183151400005,29.31383108400007],[80.64051238800005,29.31518333400004],[80.63853220500005,29.316005897000025],[80.63829676300008,29.317532518000064],[80.63135776300004,29.320728205000023],[80.62953313900005,29.322263959000054],[80.62762555400008,29.32280003900007],[80.62679520400008,29.324602455000047],[80.62704064100006,29.326042396000048],[80.62463163900009,29.32630408700004],[80.62264051000005,29.325380334000045],[80.62168495100008,29.32602508100007],[80.62183026400004,29.32806933300003],[80.62039470100007,29.329285709000033],[80.62135083200008,29.33396939800008],[80.62388857600007,29.33523539600003],[80.62284301300008,29.336813834000054],[80.62416445100007,29.338306396000064],[80.62485332700004,29.341261334000023],[80.62584113900004,29.341769396000075],[80.62580782600008,29.343840271000033],[80.62727107600006,29.34850952100004],[80.62818663800005,29.349258771000052],[80.63099426400004,29.349185396000053],[80.63100376300008,29.35210002100007],[80.63208501300005,29.353982146000078],[80.63220913900005,29.358318333000057],[80.63044407600006,29.36171308300004],[80.63055570100005,29.36487839600005],[80.62959913900005,29.366488708000077],[80.62682176400006,29.36704270900003],[80.62546695100008,29.36971664600003],[80.62640226300005,29.37217364600008],[80.62778488800006,29.37256552100007],[80.62951651300006,29.376784396000062],[80.63164182600008,29.379720646000067],[80.63119863800006,29.386279522000052],[80.62818707300005,29.388220215000047],[80.62491870100007,29.38981502100006],[80.62331007900008,29.38385277100008],[80.62075976300008,29.380337584000074],[80.61835601300004,29.378670397000064],[80.61888032800005,29.376905521000026],[80.61843337900007,29.374937093000028],[80.61659789200007,29.372793271000035],[80.61310532100003,29.370687460000056],[80.60794707700006,29.365659830000027],[80.60752082200008,29.36214614800008],[80.60472669500007,29.358952585000054],[80.60412354900006,29.356755821000036],[80.60195388800008,29.355779334000033],[80.59920745800008,29.350925459000052],[80.59755383000004,29.352107082000032],[80.59599789100008,29.348914826000055],[80.59596026500003,29.34662270800004],[80.59488682600005,29.34141508400006],[80.59139763800005,29.338677088000054],[80.58656207600006,29.33593708500007],[80.58172457100005,29.329562648000035],[80.58073857600004,29.327114146000042],[80.57684107800003,29.32511445700004],[80.57414595100005,29.325660834000075],[80.57202501400008,29.324429146000057],[80.56975576400004,29.31842108400008],[80.56456645200007,29.318575709000072],[80.56372563800005,29.31744727100005],[80.56088038800004,29.31770414600004],[80.55897457600008,29.31685870900003],[80.55710070100008,29.31422889600003],[80.55495945100006,29.312861459000032],[80.55315026300008,29.310328834000074],[80.55204070100007,29.31082139600005],[80.55122245100006,29.313478333000035],[80.54933332600007,29.313641146000066],[80.54897751400006,29.31128708400007],[80.54965838800007,29.309874896000053],[80.54949838800007,29.30748314600004],[80.55025070100004,29.304902646000073],[80.55151863900005,29.30330070900004],[80.55395413900004,29.302469708000046],[80.55527063900007,29.299949709000032],[80.55719213900005,29.297815271000047],[80.55831601400007,29.294798334000063],[80.55700120100005,29.293523896000067],[80.55286532600007,29.29148427100006],[80.54930720100003,29.291316709000057],[80.54635282600003,29.291877396000075],[80.54256282600005,29.290335021000033],[80.54030370100008,29.290593459000036],[80.53874495100007,29.289554896000027],[80.53583532600004,29.290047896000033],[80.53514370100004,29.28926039600003],[80.53074382600005,29.28789377100003],[80.53011970100005,29.286515396000027],[80.52822770100005,29.28761870900007],[80.52593688800005,29.285185521000074],[80.52437338900006,29.28543033300008],[80.51816507600006,29.280575958000043],[80.51634226400006,29.280571646000055],[80.51324657600009,29.27874664600006],[80.51360213800007,29.276681521000057],[80.51699332600003,29.275083146000043],[80.51776345100006,29.272464521000074],[80.51740057600006,29.270969834000027],[80.51851951300006,29.267950959000075],[80.51710907600005,29.267909771000063],[80.51614720100008,29.264619458000027],[80.51458945200005,29.263429459000065],[80.51713963900005,29.261550459000034],[80.51809188800007,29.257777521000037],[80.51536538900007,29.25581633400003],[80.51357895100006,29.257048334000046],[80.50949113900003,29.258156833000044],[80.50671326300005,29.258090208000056],[80.50388570100006,29.259861896000075],[80.49919732600006,29.260300146000077],[80.49771351300006,29.25996070900004],[80.49660745100005,29.258413458000064],[80.49648220100005,29.25555477100005],[80.49376682600007,29.25495802100005],[80.49183995100003,29.251769834000072],[80.49000463900006,29.25075670800004],[80.48916876400006,29.249233084000025],[80.48728007600005,29.24810464600006],[80.48756295100003,29.246831146000034],[80.48654126400004,29.24453070800007],[80.48292388900006,29.23941383400006],[80.48101932600008,29.235557958000072],[80.48525145100007,29.235364521000065],[80.48931501300007,29.23370170800007],[80.49365607600004,29.233490396000036],[80.49824551400008,29.232727083000043],[80.50381182600006,29.231301833000032],[80.50751626300007,29.228342146000045],[80.51016301400006,29.227765396000052],[80.51480832600004,29.228698209000072],[80.51586263800004,29.229491646000042],[80.52311426400007,29.227083521000054],[80.52539926400004,29.227346646000058],[80.52727932600004,29.226615521000042],[80.52956195100006,29.22668677100006],[80.53222182600007,29.22579595900004],[80.53705526300007,29.228039396000042],[80.53831957600005,29.229864271000054],[80.54338920100008,29.23176539600007],[80.54528063900005,29.231690583000045],[80.54929845100008,29.23427595800007],[80.55399488900008,29.234097709000025],[80.55873970100004,29.231196521000072],[80.56127695100008,29.23370214600004],[80.56362107600006,29.234846833000063],[80.56443707600005,29.231046021000054],[80.56580982600008,29.229617958000063],[80.56771832700008,29.22914133300003],[80.56996738800007,29.226556521000077],[80.57762245100008,29.224652083000024],[80.58042620100008,29.224396959000046],[80.58343357600006,29.22316564600004],[80.58810445100005,29.222561959000075],[80.59300726300006,29.222989771000073],[80.59630982600004,29.224141333000034],[80.60035663800005,29.22413764600003],[80.60322433500005,29.222618958000055],[80.60373494700008,29.227527088000045],[80.61025476400005,29.235859334000054],[80.60878214200005,29.237903456000026],[80.61213045100004,29.24066314600003],[80.61559920100007,29.242712521000044],[80.62073144700008,29.246869083000036],[80.62163433100005,29.24975921300006],[80.62413639200008,29.25337126900007],[80.62788142500006,29.255960255000048],[80.63110745800003,29.25723477100007],[80.63300876400007,29.256851958000027],[80.63500676400008,29.25451808400004],[80.63645057600007,29.254165584000077],[80.63767907600004,29.256968521000033],[80.63681851400008,29.25905739600006],[80.63461907600004,29.261618646000045],[80.63681282600004,29.26248645800007],[80.63870001300006,29.265054271000054],[80.63884157600006,29.26705114600003],[80.64051170100004,29.268808458000024],[80.64741570100006,29.272454396000057],[80.64914451400006,29.27206639600007],[80.65254332600006,29.275172646000044],[80.65379688900003,29.277147583000044],[80.65603320100007,29.27814820800006],[80.65965451400007,29.281087959000047],[80.65981626400009,29.282390021000026],[80.65825476400005,29.283872709000036],[80.65881757600005,29.285642771000028],[80.65609107600005,29.28756233400003],[80.65700526400008,29.289204771000072],[80.65492457600004,29.293909709000047],[80.65768082700004,29.293350584000052],[80.65902276300005,29.29446845900003],[80.66357138900008,29.29524470900003],[80.66573513900005,29.29644127100005],[80.66900995100008,29.30009502100006],[80.66898788900005,29.302549396000074],[80.67033426400008,29.303479896000056],[80.67058751600007,29.30525595900008]]]}},{"type":"Feature","properties":{"STATE_CODE":7,"DISTRICT":"DADELDHURA","GaPa_NaPa":"Bhageshwar","Type_GN":"Gaunpalika","Province":"Sudur Pashchim","provinceId":"7","provinceCode":"7","provinceName":"Sudurpashchim","districtId":"705","districtName":"Dadeldhura","municipalityId":"70504","municipalityCode":"70504","municipalityName":"Bhageshwor Rural Municipality","municipalityNameNe":"भागेश्वर गाउँपालिका","municipalityType":"rural_municipality"},"geometry":{"type":"Polygon","coordinates":[[[80.40758620100007,29.356621146000066],[80.40418913900004,29.355983396000056],[80.40310788800008,29.357469709000043],[80.40507707600005,29.358615459000077],[80.40358463800004,29.36067289600004],[80.40158570100004,29.35993977100003],[80.40117570100006,29.35804983400004],[80.39933101400004,29.357594834000054],[80.39459363900005,29.358360708000077],[80.39300638900005,29.357214334000048],[80.38804995100008,29.355910333000054],[80.38656532600004,29.354671834000044],[80.38859220100005,29.35140789600007],[80.38794720100003,29.34918970900003],[80.38602201400005,29.34909964600007],[80.38381988900005,29.353788459000043],[80.38107695100007,29.35391783400007],[80.37959370100003,29.349243584000078],[80.37837651400008,29.349068771000077],[80.37622982600004,29.35041227100004],[80.37519045100004,29.349999083000057],[80.37509488900008,29.348040583000056],[80.37313107600005,29.347528271000044],[80.37178076300006,29.349283771000046],[80.37004251400003,29.350049333000072],[80.36918888900004,29.348957959000074],[80.36915345100005,29.345240209000053],[80.36742888900005,29.340449584000055],[80.36993382600008,29.339080833000025],[80.37311638900007,29.338836396000033],[80.37369013800003,29.338008959000035],[80.37196545100005,29.335860084000046],[80.36868713800004,29.334991896000076],[80.36821138900007,29.33265483300005],[80.36604376400004,29.333585209000034],[80.36426438800004,29.33269695900003],[80.36364770100005,29.33095252100003],[80.36497682600003,29.327723958000036],[80.36245588800006,29.327190834000078],[80.35903607600005,29.32977770900004],[80.35623763900008,29.330957584000032],[80.35522751400003,29.334219209000025],[80.35255095100007,29.332329396000034],[80.35209501400004,29.33064427100004],[80.35229276400008,29.327854772000023],[80.34885051400005,29.326798084000075],[80.34543570100004,29.32708139600004],[80.34409957600008,29.32386702100007],[80.34184820100006,29.323334834000036],[80.33793538900005,29.320678396000062],[80.33559757600005,29.319800521000047],[80.33494138900005,29.318270083000073],[80.33725670100006,29.31481208400004],[80.33579507600007,29.31221058400007],[80.32812045100007,29.308506459000057],[80.32704838800004,29.308413146000078],[80.32285526300006,29.310004708000065],[80.31869351300008,29.313347084000043],[80.31759001400007,29.308879396000066],[80.31786526400003,29.30725883300005],[80.31993188800004,29.304661646000056],[80.31964351300007,29.301628271000027],[80.31793451300007,29.300130771000056],[80.31593545100003,29.295872708000047],[80.31266207600004,29.29108483300007],[80.31149557600008,29.29003433300005],[80.30971645100004,29.290025146000062],[80.30780663900003,29.28897308300003],[80.30598070100007,29.285273021000023],[80.30576170100005,29.281795584000065],[80.30623088900006,29.277568334000023],[80.30569020100006,29.27281464600003],[80.30439463900007,29.268925583000055],[80.30332301400006,29.26451433400007],[80.30104751400006,29.262224021000065],[80.30084895100003,29.259035458000028],[80.30188976400007,29.254984834000027],[80.30045582600007,29.252060521000033],[80.30035101300007,29.24898070900008],[80.30203538900008,29.245468084000038],[80.30203895100004,29.242097896000075],[80.30081726300006,29.240043146000062],[80.29718545100008,29.237484021000057],[80.29500557600005,29.234388771000056],[80.29243570100004,29.23187120800003],[80.29291795200004,29.229112584000063],[80.29558870100004,29.225384146000067],[80.29773938900007,29.22138227100004],[80.29778832600005,29.219857583000078],[80.29635413800008,29.216071459000034],[80.29939620100004,29.21622952100006],[80.30084482600006,29.215485958000045],[80.30178888800003,29.21379889600007],[80.30629745100003,29.212220708000075],[80.30720213800004,29.210283083000036],[80.31228813900003,29.209230959000024],[80.31432757600004,29.203725834000068],[80.31621176300007,29.20298652100007],[80.31779057600005,29.204580459000056],[80.31953138800003,29.204530646000023],[80.32539463800003,29.202660896000054],[80.32691920100007,29.20368145900005],[80.32944082600005,29.20375727100003],[80.33149263800004,29.206774646000042],[80.33291501300005,29.207465271000046],[80.33435888900004,29.20930420800005],[80.33712888800005,29.209915771000055],[80.34122757600005,29.209092334000047],[80.34322095100003,29.210629333000043],[80.34536295100008,29.211138396000024],[80.34673976300007,29.21314383400005],[80.34896907600006,29.213635209000074],[80.35054438800006,29.212986396000076],[80.35704501400005,29.21271327100004],[80.35880938800005,29.213693959000068],[80.36166888900004,29.214172396000038],[80.36772057600007,29.213470209000036],[80.36967345100004,29.213612521000073],[80.37071626400007,29.214869458000067],[80.37259695100005,29.215410709000025],[80.37367695100005,29.214526896000052],[80.37557982600003,29.21538858300005],[80.37552026300006,29.21773664600005],[80.37950295100006,29.222086459000025],[80.38249032600004,29.222301084000037],[80.38435270100007,29.22373989600004],[80.38866801400007,29.22496433300006],[80.39171395100004,29.22693408300006],[80.39408488800007,29.229124021000075],[80.39462251400005,29.230755208000062],[80.39016620100006,29.230216146000032],[80.38917907600006,29.233658646000038],[80.38916770200007,29.23572277100004],[80.38713126400006,29.23701052100006],[80.38980538900006,29.24193608300004],[80.39096138900004,29.242850459000067],[80.39131288800007,29.245279396000058],[80.38977713800006,29.247778708000055],[80.38905726400003,29.25020727100008],[80.39126095100005,29.252098708000062],[80.39240888900008,29.251402334000034],[80.39584720100004,29.25170220800004],[80.40039626400005,29.253152896000074],[80.40523620100004,29.251820958000053],[80.40863863800007,29.251930833000074],[80.41227988800006,29.25156789600004],[80.41513113900004,29.25050658400005],[80.41703638900003,29.250677334000045],[80.42090007600007,29.248598396000034],[80.42542476400007,29.247945584000036],[80.42674613800006,29.246776021000073],[80.43052138900003,29.245504021000045],[80.43434407600006,29.24530139600006],[80.43920120100006,29.24421195800005],[80.44344182600008,29.244969646000072],[80.44990826400004,29.244987396000056],[80.45320626300008,29.24367214600005],[80.45389520100008,29.24133789600006],[80.45905651400005,29.23753739600005],[80.46125032600008,29.236233208000044],[80.46542170100008,29.23628833300006],[80.47009938800005,29.235932458000036],[80.47417157700005,29.23646064600007],[80.47714501300004,29.235127771000066],[80.47914395100008,29.23490545900006],[80.48101932600008,29.235557958000072],[80.48292388900006,29.23941383400006],[80.48654126400004,29.24453070800007],[80.48756295100003,29.246831146000034],[80.48728007600005,29.24810464600006],[80.48916876400006,29.249233084000025],[80.49000463900006,29.25075670800004],[80.49183995100003,29.251769834000072],[80.49376682600007,29.25495802100005],[80.49648220100005,29.25555477100005],[80.49660745100005,29.258413458000064],[80.49771351300006,29.25996070900004],[80.49919732600006,29.260300146000077],[80.50388570100006,29.259861896000075],[80.50671326300005,29.258090208000056],[80.50949113900003,29.258156833000044],[80.51357895100006,29.257048334000046],[80.51536538900007,29.25581633400003],[80.51809188800007,29.257777521000037],[80.51713963900005,29.261550459000034],[80.51458945200005,29.263429459000065],[80.51614720100008,29.264619458000027],[80.51710907600005,29.267909771000063],[80.51851951300006,29.267950959000075],[80.51740057600006,29.270969834000027],[80.51776345100006,29.272464521000074],[80.51699332600003,29.275083146000043],[80.51360213800007,29.276681521000057],[80.51324657600009,29.27874664600006],[80.51634226400006,29.280571646000055],[80.51816507600006,29.280575958000043],[80.52437338900006,29.28543033300008],[80.52593688800005,29.285185521000074],[80.52822770100005,29.28761870900007],[80.53011970100005,29.286515396000027],[80.53074382600005,29.28789377100003],[80.53514370100004,29.28926039600003],[80.53583532600004,29.290047896000033],[80.53874495100007,29.289554896000027],[80.54030370100008,29.290593459000036],[80.54256282600005,29.290335021000033],[80.54635282600003,29.291877396000075],[80.54930720100003,29.291316709000057],[80.55286532600007,29.29148427100006],[80.55700120100005,29.293523896000067],[80.55831601400007,29.294798334000063],[80.55719213900005,29.297815271000047],[80.55527063900007,29.299949709000032],[80.55395413900004,29.302469708000046],[80.55151863900005,29.30330070900004],[80.55025070100004,29.304902646000073],[80.54949838800007,29.30748314600004],[80.54965838800007,29.309874896000053],[80.54897751400006,29.31128708400007],[80.54576638900005,29.311064146000035],[80.54530313900005,29.312361958000054],[80.54709838900004,29.313480209000033],[80.54426845100005,29.31494139600005],[80.54445563800004,29.31631814600007],[80.54249538800008,29.31747777100003],[80.54047526300008,29.317718958000057],[80.53925332600005,29.318826896000076],[80.53637245100003,29.317688958000076],[80.53293838900004,29.318349271000045],[80.53144763800003,29.31714164600004],[80.52947495100005,29.316618084000027],[80.52937495100008,29.315203334000046],[80.52662226300004,29.314431084000034],[80.52865251400004,29.312484708000056],[80.52920738800003,29.310420271000055],[80.52738838800008,29.309687396000072],[80.52608238800008,29.310240021000027],[80.52409551300008,29.315877146000048],[80.52089026400006,29.318241146000048],[80.51984157600003,29.31571308300005],[80.51658388900006,29.312376146000076],[80.51583145100005,29.31609108400005],[80.51252738800008,29.315503833000037],[80.51263013800008,29.312923458000057],[80.51134420100004,29.310261333000028],[80.51040963900004,29.31043164600004],[80.51043651400005,29.313165833000028],[80.50696176400004,29.313444084000025],[80.50831713900004,29.31187895900007],[80.50767170100005,29.310940396000035],[80.50177526400006,29.309740959000067],[80.49975563900006,29.311136584000053],[80.49969732600005,29.312604958000065],[80.50096982600007,29.313602271000036],[80.49945376400007,29.315229896000062],[80.49736032600003,29.31175470900007],[80.49599351300003,29.311824021000064],[80.49468051300005,29.31330564600006],[80.49361826300003,29.311699959000066],[80.49102076300005,29.31455733300004],[80.49112626300007,29.31579620900004],[80.48932170100005,29.317034584000055],[80.48882870100005,29.320921834000046],[80.49020076400006,29.324101083000073],[80.49010420200005,29.32540014600005],[80.48848595100003,29.326797084000077],[80.48818270100008,29.329394708000052],[80.48572645100006,29.331363646000057],[80.48378432600003,29.329551459000072],[80.47780407600004,29.32989139600005],[80.47664051300006,29.32886714600005],[80.47417426300007,29.329475583000033],[80.47237782600007,29.32711789600006],[80.47011726300008,29.327591709000046],[80.46713707600009,29.326961708000056],[80.46662195100004,29.32540533300005],[80.46422638900003,29.32436933300005],[80.46002370100007,29.326102958000035],[80.45576482600006,29.326512021000042],[80.45418288800005,29.327647084000034],[80.45155651400006,29.32712189600005],[80.45075101400005,29.32886689600008],[80.44933238900006,29.329253583000025],[80.44858382600006,29.331116209000072],[80.44575101400005,29.332164646000024],[80.44433220100007,29.33357314600005],[80.44048782600004,29.333076646000052],[80.43947676300007,29.333410771000047],[80.43839076400008,29.33568002100003],[80.43593420100007,29.336969146000058],[80.43397082600006,29.336482584000066],[80.43178095200005,29.334824209000033],[80.43018345100006,29.338110958000073],[80.43186313800004,29.33995214600003],[80.43014582600006,29.341172021000034],[80.42789407600003,29.339179459000036],[80.42561145100007,29.34000883300007],[80.42503763900004,29.342007333000026],[80.42312707600007,29.34345195800006],[80.41935357600005,29.345400271000074],[80.41780282600007,29.345580833000042],[80.41521863900005,29.34292339600006],[80.41214695100007,29.344274708000057],[80.41103370100006,29.347382896000056],[80.40826707600007,29.34887302100003],[80.40657151300007,29.34780302100006],[80.40461776300003,29.349253834000024],[80.40561388800006,29.35159308300007],[80.40979307600008,29.35462102100007],[80.40758620100007,29.356621146000066]]]}},{"type":"Feature","properties":{"STATE_CODE":7,"DISTRICT":"DADELDHURA","GaPa_NaPa":"Ganayapdhura","Type_GN":"Gaunpalika","Province":"Sudur Pashchim","provinceId":"7","provinceCode":"7","provinceName":"Sudurpashchim","districtId":"705","districtName":"Dadeldhura","municipalityId":"70507","municipalityCode":"70507","municipalityName":"Ganyapdhura Rural Municipality","municipalityNameNe":"गन्यापधुरा गाउँपालिका","municipalityType":"rural_municipality"},"geometry":{"type":"Polygon","coordinates":[[[80.75404713800003,29.308005207000065],[80.75411551300004,29.310888396000053],[80.75293763900004,29.31235708300005],[80.75115482700005,29.31297864800007],[80.74876620800006,29.312360584000032],[80.74653351400008,29.314948396000034],[80.74338026400005,29.315188275000025],[80.74263563900007,29.313664146000065],[80.74075013800007,29.312631768000074],[80.74019288300008,29.314146648000076],[80.74118045100005,29.316402208000056],[80.73869082600004,29.31883152100005],[80.73785107200007,29.318547893000073],[80.73547126200003,29.315518017000045],[80.73688345300008,29.31365739900008],[80.73519363700007,29.312627641000063],[80.73258388800008,29.312841271000025],[80.72916351500004,29.314927838000074],[80.72776395800008,29.31438358300005],[80.72633301100007,29.31091557800005],[80.72485033100008,29.311036584000078],[80.72302314100006,29.312679642000035],[80.72019370100008,29.31191577100003],[80.71934588800008,29.308611332000055],[80.71682776400007,29.31004977400005],[80.71521407900008,29.310206520000065],[80.71419270100006,29.308523646000026],[80.71096589100006,29.306355582000037],[80.70902995100005,29.306353584000078],[80.70737594900004,29.308021644000064],[80.70755063800004,29.30963045900006],[80.70237814400008,29.31026651800005],[80.69959339400003,29.31190033000007],[80.69922289100003,29.310306835000063],[80.69751295100008,29.30917045800004],[80.69726695100007,29.307789271000047],[80.69539544900005,29.305389269000045],[80.69245094900003,29.30483208000004],[80.69178057700003,29.307136083000046],[80.69037620100005,29.30841195800008],[80.68812639400005,29.307077960000072],[80.68672614100007,29.309829085000047],[80.68756332600003,29.31109445900006],[80.68413713800004,29.311442774000056],[80.68247270100005,29.310200339000062],[80.68140132800005,29.311212961000024],[80.67887026400007,29.310640646000024],[80.67819182800008,29.309150143000068],[80.67618775000005,29.309221991000072],[80.67540288900005,29.30763420900007],[80.67331631400003,29.30835549300008],[80.67268945100005,29.30656052100005],[80.67058751600007,29.30525595900008],[80.67033426400008,29.303479896000056],[80.66898788900005,29.302549396000074],[80.66900995100008,29.30009502100006],[80.66573513900005,29.29644127100005],[80.66357138900008,29.29524470900003],[80.65902276300005,29.29446845900003],[80.65768082700004,29.293350584000052],[80.65492457600004,29.293909709000047],[80.65700526400008,29.289204771000072],[80.65609107600005,29.28756233400003],[80.65881757600005,29.285642771000028],[80.65825476400005,29.283872709000036],[80.65981626400009,29.282390021000026],[80.65965451400007,29.281087959000047],[80.65603320100007,29.27814820800006],[80.65379688900003,29.277147583000044],[80.65254332600006,29.275172646000044],[80.64914451400006,29.27206639600007],[80.64741570100006,29.272454396000057],[80.64051170100004,29.268808458000024],[80.63884157600006,29.26705114600003],[80.63870001300006,29.265054271000054],[80.63681282600004,29.26248645800007],[80.63461907600004,29.261618646000045],[80.63681851400008,29.25905739600006],[80.63767907600004,29.256968521000033],[80.63645057600007,29.254165584000077],[80.63500676400008,29.25451808400004],[80.63300876400007,29.256851958000027],[80.63110745800003,29.25723477100007],[80.62788142500006,29.255960255000048],[80.62413639200008,29.25337126900007],[80.62163433100005,29.24975921300006],[80.62073144700008,29.246869083000036],[80.61559920100007,29.242712521000044],[80.61213045100004,29.24066314600003],[80.60878214200005,29.237903456000026],[80.61025476400005,29.235859334000054],[80.60373494700008,29.227527088000045],[80.60322433500005,29.222618958000055],[80.60452213900004,29.22220539600005],[80.60646976300006,29.220234959000038],[80.60709033200004,29.218183896000028],[80.60995113800004,29.21763958200006],[80.61080976200003,29.215528266000035],[80.60778913700005,29.21136851700004],[80.60704658100008,29.208334336000064],[80.60736076400008,29.202393146000077],[80.60949145600006,29.200946523000027],[80.61173982600008,29.201690769000038],[80.61462982600005,29.19837158300004],[80.61623095600004,29.19399965300005],[80.61899539200004,29.192216336000058],[80.61851951300008,29.190633581000043],[80.61956126300004,29.18858133300006],[80.62113314200008,29.187171336000063],[80.62137526300006,29.185563525000077],[80.62079401300008,29.182471271000054],[80.62136426100005,29.181033575000072],[80.62516489400008,29.177572336000026],[80.63103057000006,29.176334332000067],[80.63600513900008,29.177699267000037],[80.64036932600004,29.177850900000067],[80.64439395200003,29.17886102400007],[80.64747013500005,29.17809539500007],[80.65316614000005,29.180503832000056],[80.65688988800008,29.181217271000037],[80.66395931900007,29.18315502200005],[80.66942682600006,29.18337164600007],[80.67217027200007,29.18284826300004],[80.67366145600005,29.184546144000024],[80.67508573700007,29.185059437000064],[80.67628102100008,29.18889745900003],[80.67824957600004,29.190603209000074],[80.68278838900005,29.191780333000054],[80.68752245800005,29.190783082000053],[80.68974282600004,29.190693458000055],[80.69112745100006,29.18969508400005],[80.69519870000005,29.187944714000025],[80.69774438400003,29.18791439900008],[80.69951739000004,29.188680899000076],[80.70145963800007,29.19438608400003],[80.70265132600008,29.194724833000066],[80.70387133200006,29.19305364400003],[80.70624732200008,29.19273626900008],[80.70702294900008,29.197892830000058],[80.70769613900006,29.199507271000073],[80.70817526200005,29.204103712000062],[80.70791638900005,29.20549733300004],[80.70843870200008,29.211300773000062],[80.70722151800004,29.214079709000032],[80.70359263900008,29.216756271000065],[80.70465726500004,29.219580836000034],[80.70595388900006,29.221449396000025],[80.70947995100005,29.22520195900006],[80.70852083200003,29.228270206000047],[80.70849445100004,29.231349516000023],[80.71211582600006,29.234242709000057],[80.71736388900007,29.235794706000036],[80.72100276900005,29.236181334000037],[80.72292601700008,29.235267151000073],[80.72519870100007,29.23603664600006],[80.73081669800007,29.240338837000024],[80.73270580000008,29.240550191000068],[80.73566795700003,29.243486525000037],[80.73716270100005,29.24390233300005],[80.74062432100004,29.24692077000003],[80.73795245100007,29.246683205000068],[80.73737682600006,29.24746033300005],[80.74013632600008,29.249286271000074],[80.74256982800006,29.249444401000062],[80.74292351200006,29.251141585000028],[80.74602727100006,29.25218521100004],[80.74854663500008,29.254761767000048],[80.74991938800008,29.25451614600007],[80.75082658100007,29.257166337000058],[80.75388414100007,29.261780895000072],[80.75537976200008,29.26333571200007],[80.75644607700008,29.26678477100006],[80.75856032200005,29.268324868000036],[80.75743651100004,29.270123081000065],[80.75553401700006,29.270949776000066],[80.75234813900005,29.273797708000075],[80.75054558200003,29.274489148000043],[80.74548989400006,29.274793207000073],[80.74517363900003,29.277671146000046],[80.74756707300008,29.281736393000074],[80.74735707500008,29.284711583000046],[80.74533982900005,29.287838959000055],[80.74206251400005,29.287864271000046],[80.74042819400006,29.290834396000037],[80.73790920100004,29.289997021000033],[80.73430170100005,29.292004459000054],[80.73435713800006,29.29420183700006],[80.73629495100005,29.295751021000058],[80.73729238900006,29.297587023000062],[80.73619782200007,29.29888202400008],[80.73904332700005,29.299686208000026],[80.73933107600004,29.302154766000058],[80.74325182700005,29.301569021000034],[80.74421214400007,29.302238644000056],[80.74784282600007,29.301990646000036],[80.75008576300007,29.30297839700006],[80.75404713800003,29.308005207000065]]]}},{"type":"Feature","properties":{"STATE_CODE":7,"DISTRICT":"DADELDHURA","GaPa_NaPa":"Nawadurga","Type_GN":"Gaunpalika","Province":"Sudur Pashchim","provinceId":"7","provinceCode":"7","provinceName":"Sudurpashchim","districtId":"705","districtName":"Dadeldhura","municipalityId":"70501","municipalityCode":"70501","municipalityName":"Nawadurga Rural Municipality","municipalityNameNe":"नवदुर्गा गाउँपालिका","municipalityType":"rural_municipality"},"geometry":{"type":"Polygon","coordinates":[[[80.72028895100004,29.418631334000054],[80.71528926300005,29.414975209000033],[80.71372032600004,29.414315396000063],[80.70801976400008,29.414663959000052],[80.70720388800004,29.41739627100003],[80.70429445100007,29.419587084000057],[80.69800376300003,29.41983920900003],[80.69370045100004,29.421995021000043],[80.69102370100006,29.422252771000046],[80.68985063900004,29.422983208000062],[80.68378357600005,29.42510752100003],[80.67905451400003,29.42368852100003],[80.67556101300005,29.420521834000056],[80.67262001400007,29.419957458000056],[80.67061413900007,29.418930584000066],[80.67124076400006,29.417474834000075],[80.67397795100004,29.41595658400007],[80.67438507600008,29.414637896000045],[80.67766563900005,29.413269771000046],[80.67971645100005,29.409728459000064],[80.67950938900003,29.407361584000057],[80.68058601400008,29.404988708000076],[80.68039551400005,29.40162689600004],[80.67818507600003,29.399074771000073],[80.67622851400006,29.399539333000064],[80.67263520100005,29.399149271000056],[80.66731289400008,29.396699709000075],[80.66534594700005,29.395235214000024],[80.66435520000005,29.39304227200006],[80.66330676400008,29.392432771000074],[80.65931870100007,29.392138396000064],[80.65828282500007,29.389523458000042],[80.65577907500005,29.385079705000066],[80.65221138800007,29.38252802100004],[80.64900213900006,29.384525146000044],[80.64678876000005,29.386405206000063],[80.63984213900005,29.386939334000033],[80.63715695600007,29.38558977200006],[80.63435426400008,29.386536334000027],[80.63301182700008,29.387610963000043],[80.62818707300005,29.388220215000047],[80.63119863800006,29.386279522000052],[80.63164182600008,29.379720646000067],[80.62951651300006,29.376784396000062],[80.62778488800006,29.37256552100007],[80.62640226300005,29.37217364600008],[80.62546695100008,29.36971664600003],[80.62682176400006,29.36704270900003],[80.62959913900005,29.366488708000077],[80.63055570100005,29.36487839600005],[80.63044407600006,29.36171308300004],[80.63220913900005,29.358318333000057],[80.63208501300005,29.353982146000078],[80.63100376300008,29.35210002100007],[80.63099426400004,29.349185396000053],[80.62818663800005,29.349258771000052],[80.62727107600006,29.34850952100004],[80.62580782600008,29.343840271000033],[80.62584113900004,29.341769396000075],[80.62485332700004,29.341261334000023],[80.62416445100007,29.338306396000064],[80.62284301300008,29.336813834000054],[80.62388857600007,29.33523539600003],[80.62135083200008,29.33396939800008],[80.62039470100007,29.329285709000033],[80.62183026400004,29.32806933300003],[80.62168495100008,29.32602508100007],[80.62264051000005,29.325380334000045],[80.62463163900009,29.32630408700004],[80.62704064100006,29.326042396000048],[80.62679520400008,29.324602455000047],[80.62762555400008,29.32280003900007],[80.62953313900005,29.322263959000054],[80.63135776300004,29.320728205000023],[80.63829676300008,29.317532518000064],[80.63853220500005,29.316005897000025],[80.64051238800005,29.31518333400004],[80.64183151400005,29.31383108400007],[80.64348463900006,29.31470402100007],[80.64502270100007,29.31330045900006],[80.64724770100008,29.313019833000055],[80.65098432600007,29.311506896000026],[80.65359195100007,29.311563334000027],[80.65520163900004,29.312345771000025],[80.65772157600009,29.311612334000074],[80.66087807600007,29.309838271000046],[80.66277113700005,29.312236521000045],[80.66514064200004,29.311423586000046],[80.66626351300005,29.309260709000057],[80.66647102000007,29.30719483300004],[80.67058751600007,29.30525595900008],[80.67268945100005,29.30656052100005],[80.67331631400003,29.30835549300008],[80.67540288900005,29.30763420900007],[80.67618775000005,29.309221991000072],[80.67819182800008,29.309150143000068],[80.67887026400007,29.310640646000024],[80.68140132800005,29.311212961000024],[80.68247270100005,29.310200339000062],[80.68413713800004,29.311442774000056],[80.68756332600003,29.31109445900006],[80.68672614100007,29.309829085000047],[80.68812639400005,29.307077960000072],[80.69037620100005,29.30841195800008],[80.69178057700003,29.307136083000046],[80.69245094900003,29.30483208000004],[80.69539544900005,29.305389269000045],[80.69726695100007,29.307789271000047],[80.69751295100008,29.30917045800004],[80.69922289100003,29.310306835000063],[80.69959339400003,29.31190033000007],[80.70237814400008,29.31026651800005],[80.70755063800004,29.30963045900006],[80.70737594900004,29.308021644000064],[80.70902995100005,29.306353584000078],[80.71096589100006,29.306355582000037],[80.71419270100006,29.308523646000026],[80.71521407900008,29.310206520000065],[80.71682776400007,29.31004977400005],[80.71934588800008,29.308611332000055],[80.72019370100008,29.31191577100003],[80.72302314100006,29.312679642000035],[80.72485033100008,29.311036584000078],[80.72633301100007,29.31091557800005],[80.72776395800008,29.31438358300005],[80.72916351500004,29.314927838000074],[80.73258388800008,29.312841271000025],[80.73519363700007,29.312627641000063],[80.73688345300008,29.31365739900008],[80.73547126200003,29.315518017000045],[80.73785107200007,29.318547893000073],[80.73869082600004,29.31883152100005],[80.74118045100005,29.316402208000056],[80.74019288300008,29.314146648000076],[80.74075013800007,29.312631768000074],[80.74263563900007,29.313664146000065],[80.74338026400005,29.315188275000025],[80.74653351400008,29.314948396000034],[80.74876620800006,29.312360584000032],[80.75115482700005,29.31297864800007],[80.75293763900004,29.31235708300005],[80.75411551300004,29.310888396000053],[80.75404713800003,29.308005207000065],[80.75800876300008,29.308838146000028],[80.75971295100004,29.308349333000024],[80.76278113900008,29.30625914600006],[80.76660495100003,29.30419720900005],[80.76740157600005,29.302057709000053],[80.76994670100004,29.302813334000064],[80.77374970200003,29.30145495800008],[80.77430357600008,29.306330959000036],[80.77340607700006,29.307576958000027],[80.77333063800006,29.311423208000065],[80.77504651300006,29.313797084000043],[80.77769957600003,29.31449402100003],[80.77778938900008,29.315816209000047],[80.77311057600008,29.318262771000036],[80.77302795100007,29.320394521000026],[80.77102895100006,29.32300795900005],[80.76822557600008,29.324268708000034],[80.76609395100007,29.32467777100004],[80.76407476400004,29.32616095900005],[80.76200438800004,29.32862295800004],[80.76095070100007,29.332638833000033],[80.76365145100004,29.33459952100003],[80.76447245200006,29.335834959000067],[80.76304932600004,29.340856333000033],[80.75932870200006,29.344698271000027],[80.75899826400007,29.346306146000074],[80.76017120100005,29.349301834000073],[80.76203663900003,29.348833709000075],[80.76324020100003,29.349492334000047],[80.76415713800003,29.352616084000033],[80.76282401400005,29.35865058400003],[80.76372282600005,29.362543584000036],[80.76561088900007,29.363390646000028],[80.76724563900007,29.361821147000057],[80.76701938900004,29.359515271000078],[80.76822070100008,29.357983271000023],[80.77006626400004,29.35724427100007],[80.77269576400005,29.358336146000056],[80.77288451400005,29.36158270900006],[80.77522726400008,29.362827396000057],[80.77632576300005,29.364994959000057],[80.78007251300005,29.364617646000056],[80.78472813900004,29.36604870800005],[80.78747251400006,29.366386958000078],[80.78748463800008,29.370625896000035],[80.78667538800005,29.372887271000025],[80.78505145100007,29.375039834000063],[80.78221982600007,29.375934521000033],[80.78148788800007,29.378101271000048],[80.78024195100005,29.37941664600004],[80.76999826400004,29.38258920800007],[80.76419557600008,29.385529833000078],[80.76486638900008,29.388407271000062],[80.76423651400006,29.391510271000072],[80.76519213900008,29.39322420900004],[80.76710513900008,29.394542708000074],[80.76923013900006,29.39953870900007],[80.76610995100003,29.400376958000038],[80.76362138900004,29.399758959000053],[80.75923176400005,29.399469147000048],[80.75459557600004,29.400196083000026],[80.74819182600004,29.400463959000035],[80.74701976400007,29.401059458000077],[80.74310663800009,29.401708459000076],[80.74030482600006,29.40286483400007],[80.73406745100004,29.404460959000062],[80.73022295100003,29.40598502200004],[80.72883507600005,29.407134959000075],[80.72375151400007,29.408987834000072],[80.72165270100004,29.41199064600005],[80.72125620100007,29.41627820800005],[80.72028895100004,29.418631334000054]]]}},{"type":"Feature","properties":{"STATE_CODE":7,"DISTRICT":"DADELDHURA","GaPa_NaPa":"Parashuram","Type_GN":"Nagarpalika","Province":"Sudur Pashchim","provinceId":"7","provinceCode":"7","provinceName":"Sudurpashchim","districtId":"705","districtName":"Dadeldhura","municipalityId":"70505","municipalityCode":"70505","municipalityName":"Parashuram Urban Municipality","municipalityNameNe":"परशुराम नगरपालिका","municipalityType":"municipality"},"geometry":{"type":"Polygon","coordinates":[[[80.46542170100008,29.23628833300006],[80.46125032600008,29.236233208000044],[80.45905651400005,29.23753739600005],[80.45389520100008,29.24133789600006],[80.45320626300008,29.24367214600005],[80.44990826400004,29.244987396000056],[80.44344182600008,29.244969646000072],[80.43920120100006,29.24421195800005],[80.43434407600006,29.24530139600006],[80.43052138900003,29.245504021000045],[80.42674613800006,29.246776021000073],[80.42542476400007,29.247945584000036],[80.42090007600007,29.248598396000034],[80.41703638900003,29.250677334000045],[80.41513113900004,29.25050658400005],[80.41227988800006,29.25156789600004],[80.40863863800007,29.251930833000074],[80.40523620100004,29.251820958000053],[80.40039626400005,29.253152896000074],[80.39584720100004,29.25170220800004],[80.39240888900008,29.251402334000034],[80.39126095100005,29.252098708000062],[80.38905726400003,29.25020727100008],[80.38977713800006,29.247778708000055],[80.39131288800007,29.245279396000058],[80.39096138900004,29.242850459000067],[80.38980538900006,29.24193608300004],[80.38713126400006,29.23701052100006],[80.38916770200007,29.23572277100004],[80.38917907600006,29.233658646000038],[80.39016620100006,29.230216146000032],[80.39462251400005,29.230755208000062],[80.39408488800007,29.229124021000075],[80.39171395100004,29.22693408300006],[80.38866801400007,29.22496433300006],[80.38435270100007,29.22373989600004],[80.38249032600004,29.222301084000037],[80.37950295100006,29.222086459000025],[80.37552026300006,29.21773664600005],[80.37557982600003,29.21538858300005],[80.37367695100005,29.214526896000052],[80.37259695100005,29.215410709000025],[80.37071626400007,29.214869458000067],[80.36967345100004,29.213612521000073],[80.36772057600007,29.213470209000036],[80.36166888900004,29.214172396000038],[80.35880938800005,29.213693959000068],[80.35704501400005,29.21271327100004],[80.35054438800006,29.212986396000076],[80.34896907600006,29.213635209000074],[80.34673976300007,29.21314383400005],[80.34536295100008,29.211138396000024],[80.34322095100003,29.210629333000043],[80.34122757600005,29.209092334000047],[80.33712888800005,29.209915771000055],[80.33435888900004,29.20930420800005],[80.33291501300005,29.207465271000046],[80.33149263800004,29.206774646000042],[80.32944082600005,29.20375727100003],[80.32691920100007,29.20368145900005],[80.32539463800003,29.202660896000054],[80.31953138800003,29.204530646000023],[80.31779057600005,29.204580459000056],[80.31621176300007,29.20298652100007],[80.31432757600004,29.203725834000068],[80.31228813900003,29.209230959000024],[80.30720213800004,29.210283083000036],[80.30629745100003,29.212220708000075],[80.30178888800003,29.21379889600007],[80.30084482600006,29.215485958000045],[80.29939620100004,29.21622952100006],[80.29635413800008,29.216071459000034],[80.29573182600006,29.21292120800007],[80.29580495200008,29.210686021000072],[80.29890107600005,29.206707146000042],[80.29908307600004,29.205521458000078],[80.29670701300006,29.20012427100005],[80.29477851300004,29.19710020800005],[80.29203020100005,29.195375771000045],[80.28969751400007,29.19500695800008],[80.28708432600007,29.19612777100008],[80.28527851400008,29.19769277100005],[80.28278057600005,29.20167683300008],[80.27943632600005,29.205180271000074],[80.27668213800007,29.20704683300005],[80.27162620100006,29.20691789600005],[80.26578351400008,29.20608958400004],[80.26336913900008,29.206347084000072],[80.26004695100005,29.209342583000023],[80.25925557600004,29.21203170800004],[80.25867288800004,29.217868896000027],[80.25649163800006,29.22056608400004],[80.25438101400005,29.22143639600006],[80.25077176300005,29.221330521000027],[80.24868607600007,29.219266021000067],[80.24896038900005,29.216210834000037],[80.24846632600008,29.214800396000044],[80.24614588900005,29.212416459000053],[80.24580020100007,29.209538271000042],[80.24272245100008,29.204172209000035],[80.24248320100008,29.20244064600007],[80.24357538900006,29.200375958000052],[80.24737051300008,29.19852720800003],[80.25248488800008,29.194969021000077],[80.25536363900005,29.19122002100005],[80.25960795100008,29.187329646000023],[80.26023057700007,29.18300858400005],[80.26212613900003,29.176684521000027],[80.26225351400007,29.173702958000035],[80.26007807600007,29.170444771000064],[80.26003588800006,29.165759021000042],[80.26119138900003,29.163184709000063],[80.26485063800004,29.158239583000068],[80.26795307600008,29.15262814600004],[80.27352920100003,29.14666914600008],[80.27448538900006,29.143491271000073],[80.27334670100004,29.142066146000047],[80.27077263900003,29.140538458000037],[80.26444376300003,29.139960146000078],[80.26179838900003,29.139986145000023],[80.25781463900006,29.139102458000025],[80.25456582700008,29.13689395800003],[80.25304132600007,29.13451002100004],[80.25203820100006,29.131095833000074],[80.25049732600007,29.128950958000075],[80.24800682700004,29.127019396000037],[80.24600938900005,29.127073646000042],[80.24217301300007,29.124268208000046],[80.23990751400004,29.121352084000023],[80.23686482600004,29.119054146000053],[80.23339257600009,29.118449958000042],[80.23094582600004,29.119142084000032],[80.22825626400004,29.119261959000028],[80.22539088800005,29.120181709000065],[80.22169545100007,29.120473833000062],[80.21849070200005,29.12129658300006],[80.21139395100005,29.121823521000067],[80.20748851300004,29.124999333000062],[80.20511570100007,29.12931883300007],[80.20252701400005,29.130305021000026],[80.19829257600009,29.130728771000065],[80.19593682600004,29.13165308400005],[80.19119707600004,29.13425714600004],[80.18820245100005,29.136607708000042],[80.18604976300009,29.137257834000025],[80.18692988800007,29.13553752000007],[80.18802170100008,29.13140233400003],[80.18844626300006,29.128271521000045],[80.18791426400009,29.122639896000067],[80.18906895100008,29.117954646000044],[80.18865945100004,29.11533758300004],[80.18997282600003,29.112191833000054],[80.18699063900004,29.10805902100003],[80.18739913800005,29.10629289600007],[80.18648126400007,29.10223127100005],[80.18685057600004,29.099853583000026],[80.18662257600005,29.09622470800008],[80.18809826400008,29.091631646000053],[80.18741388900008,29.088018084000055],[80.18812138900006,29.08668014600005],[80.19312545100007,29.085857584000053],[80.19515476300006,29.082515271000034],[80.19792445200005,29.081383583000047],[80.19940676400006,29.07853195900003],[80.20158495100003,29.077897521000068],[80.20281520100008,29.076465583000072],[80.20446901400004,29.076132396000048],[80.20617938900006,29.074455146000048],[80.20574688800008,29.071914770000035],[80.20821170100004,29.07083970800005],[80.21273082600004,29.06739445900007],[80.21254938900006,29.061282146000053],[80.21311820100004,29.060728271000073],[80.21312663800006,29.057500146000052],[80.21707420100006,29.057184833000065],[80.21935963900006,29.05612433300007],[80.22360113900004,29.056830271000024],[80.22528532700005,29.055479646000038],[80.22554195200007,29.053694458000052],[80.22370976400003,29.052526646000047],[80.22405088900007,29.050992208000025],[80.22933364000005,29.04552052100007],[80.23278195200004,29.04560570800004],[80.23623557600007,29.047265458000027],[80.24177326400007,29.048826271000053],[80.24343251400006,29.049914021000063],[80.24679314000008,29.050075021000055],[80.25125026400008,29.052109958000074],[80.25286982600005,29.052500270000053],[80.25838082600006,29.052745083000048],[80.26297688900007,29.051049146000025],[80.26541751400003,29.052145333000055],[80.26781563900005,29.051635083000065],[80.27019901400007,29.049570334000066],[80.27297664000008,29.04811458300003],[80.27393513900006,29.045879521000074],[80.27653270200005,29.04725170900008],[80.27942126500005,29.04984802000007],[80.28207257600008,29.04983745800007],[80.28401651300004,29.04904239600006],[80.28477451300006,29.052766458000065],[80.28718151400005,29.054268146000027],[80.29140482600008,29.05460183400004],[80.29520826400005,29.056974770000068],[80.29981070100007,29.05740945900004],[80.30288351400003,29.058465458000057],[80.30395563900004,29.05777389600007],[80.30721682600006,29.05740502100008],[80.30950532600008,29.058064208000076],[80.31193413900007,29.056350958000053],[80.31463051300005,29.058192021000025],[80.31708038800008,29.05468077100005],[80.32021263900003,29.05427927100004],[80.32404688900004,29.053012771000056],[80.32657663900005,29.051315458000033],[80.33059326400007,29.053345583000066],[80.33736676400008,29.052192646000037],[80.33897863900006,29.053488646000062],[80.34198726400007,29.05463364600007],[80.34427845100004,29.054189146000056],[80.34550601400008,29.05384777100005],[80.34983088900003,29.05403570900006],[80.35340770100004,29.052151208000055],[80.35615257600006,29.049283583000033],[80.35561582600008,29.045892583000068],[80.35693251300006,29.044511458000045],[80.36119645100007,29.047654021000028],[80.36700345100007,29.046948334000035],[80.37424213800006,29.044521021000037],[80.37553888900004,29.04480002100007],[80.37918488900004,29.04345889500007],[80.38054151300008,29.043595958000026],[80.38486613800006,29.047333645000037],[80.38840263800006,29.047410709000076],[80.39082751400008,29.046000521000053],[80.39246326400007,29.043533146000073],[80.39355301400008,29.04086477100003],[80.39718213900005,29.03915077000005],[80.39988120100008,29.03704452100004],[80.40288682600004,29.036254771000074],[80.40675476400008,29.03633508400003],[80.41087320100007,29.03337758300006],[80.41180957600005,29.032131896000067],[80.41686045100005,29.032605084000068],[80.41713407600008,29.030167583000036],[80.41957588800005,29.02765602100004],[80.42195713800004,29.026430021000067],[80.42497951400009,29.02692352100007],[80.42802838900008,29.026458208000065],[80.43489351400007,29.028763583000057],[80.44068632600005,29.032259708000026],[80.44223432600006,29.031650271000046],[80.44343288900006,29.033250209000073],[80.44525507600008,29.03429777100007],[80.44911932600007,29.034703958000023],[80.45127801300004,29.03408564600005],[80.45440938800004,29.035276021000072],[80.45695138900004,29.035119396000027],[80.45919707600007,29.03712720900006],[80.46107226300006,29.037466395000024],[80.46214395100003,29.036748771000077],[80.46271826400005,29.03440258300003],[80.46256226300005,29.031509834000076],[80.46564095100007,29.029857271000026],[80.46981151300008,29.02982408300005],[80.47109863800006,29.026659521000056],[80.47018695100007,29.02342308300007],[80.47139101300007,29.02116733300005],[80.47059201300004,29.018732271000033],[80.47254832600004,29.018392521000067],[80.47638732600007,29.019255771000076],[80.47862145100004,29.01885839600004],[80.47991670100004,29.01763845800008],[80.47936882600004,29.01517952100005],[80.47745251300006,29.01250102100005],[80.47675520100006,29.009797896000066],[80.47836063900007,29.007545896000067],[80.48307657600003,29.00643608300004],[80.48658201400008,29.00617658300007],[80.48972332600005,29.006630709000035],[80.49192770100007,29.00908908400004],[80.49211445100008,29.01328589600007],[80.49353051400004,29.016131521000034],[80.49340232600008,29.017541021000056],[80.48878482600009,29.021250458000054],[80.48614288900006,29.02451152100008],[80.48545070100005,29.031786708000027],[80.48661557600008,29.03357333400004],[80.48666307600007,29.035069271000054],[80.48497676400007,29.037718083000073],[80.48504120100006,29.04226639600006],[80.48747288800007,29.04755239600007],[80.48461001400005,29.048874709000074],[80.47799338900006,29.053318208000064],[80.47487395100006,29.053098521000038],[80.47145170100003,29.05579902100004],[80.46737101400004,29.05692664600008],[80.46378738800007,29.05838102100006],[80.46031420100007,29.05888377100007],[80.45609395100007,29.05879677100006],[80.45368695100007,29.059777396000072],[80.44915807600006,29.059842333000063],[80.44765901300008,29.061388271000055],[80.44631138900007,29.061112084000058],[80.44505201400005,29.06246939600004],[80.44326882600006,29.062843271000077],[80.44155538800004,29.06162020800008],[80.44188445200007,29.059523520000027],[80.43985401300006,29.059936958000037],[80.43735895100008,29.05931064600003],[80.43694626300004,29.05806364600005],[80.43314870100005,29.057934833000047],[80.43049313900008,29.058679334000033],[80.42762695100004,29.05879802000004],[80.42849913800006,29.06569589600008],[80.42845876400008,29.068475083000067],[80.43230613800006,29.070298458000025],[80.43445657600006,29.07205589600005],[80.43434738900004,29.074769333000063],[80.43565270100004,29.078758896000068],[80.43479226300008,29.081299896000075],[80.43606370100008,29.084107146000065],[80.43599113900007,29.085814584000047],[80.43896876400004,29.08951333300007],[80.43847113900006,29.09116033300006],[80.43630188900005,29.09159564600003],[80.43398082600004,29.092957521000073],[80.43277976300004,29.096528084000056],[80.43163701400005,29.097876833000043],[80.43015338800006,29.10100402100005],[80.43113145100006,29.103570958000034],[80.43293063900006,29.104550896000035],[80.43449126400003,29.109182146000023],[80.43475495100006,29.113169520000042],[80.43321932600008,29.11639133400007],[80.43314788900005,29.12027795800003],[80.43242088800008,29.123367708000046],[80.43152201400005,29.125049145000048],[80.43098232600005,29.128099146000068],[80.43238013800004,29.129630083000052],[80.43206420100006,29.134442896000053],[80.43150995200006,29.136114458000065],[80.43141745100007,29.139554333000035],[80.43275451400007,29.140875209000058],[80.43472326300008,29.140982833000066],[80.43744370100006,29.14246058300006],[80.43808270100004,29.14403795800007],[80.43717038900007,29.14952277100008],[80.43499945100007,29.151857521000068],[80.43557351400005,29.155683771000042],[80.43909838900004,29.15936220800006],[80.43933426300003,29.16165520800007],[80.44070801300006,29.16451920800006],[80.44228532600005,29.16586127100004],[80.44506951300008,29.166669209000077],[80.44821963800007,29.16965552100004],[80.45004488800004,29.17299052100003],[80.45205670100006,29.173228833000053],[80.45586576400007,29.177167458000042],[80.46196820100005,29.179317146000074],[80.45927076300006,29.183143646000076],[80.45749945100005,29.183883209000044],[80.45707076400004,29.187186396000072],[80.45625576300006,29.189066771000057],[80.45422451300004,29.18867270900006],[80.45225557600008,29.190825833000076],[80.45157432600007,29.194867896000062],[80.45257520100006,29.198249146000023],[80.45410207600008,29.20014583300008],[80.45272007600005,29.20219083300003],[80.45206370100004,29.204859146000047],[80.44834963800008,29.20631695900005],[80.45046270100005,29.209499709000056],[80.45022695100005,29.21199608300003],[80.45412145100005,29.21529202100004],[80.45767288800005,29.22102527100003],[80.45803095100007,29.224385771000073],[80.45899026300003,29.22548602100005],[80.46013426300004,29.228646646000072],[80.46002520100006,29.23270677100004],[80.46163532600008,29.233931521000045],[80.46487251300005,29.235309333000032],[80.46542170100008,29.23628833300006]]]}},{"type":"Feature","properties":{"STATE_CODE":7,"DISTRICT":"BAITADI","GaPa_NaPa":"Dasharathchanda","Type_GN":"Nagarpalika","Province":"Sudur Pashchim","provinceId":"7","provinceCode":"7","provinceName":"Sudurpashchim","districtId":"704","districtName":"Baitadi","municipalityId":"70405","municipalityCode":"70405","municipalityName":"Dasharathchand Urban Municipality","municipalityNameNe":"दशरथचन्द नगरपालिका","municipalityType":"municipality"},"geometry":{"type":"Polygon","coordinates":[[[80.44365095100005,29.616547396000044],[80.44122088800003,29.617358271000057],[80.43981126300008,29.619637459000046],[80.43851670100008,29.620234271000072],[80.43464845200003,29.618562147000034],[80.43088832600006,29.618230209000046],[80.43012795100003,29.616862209000033],[80.43026188900006,29.61411077100007],[80.42933351400006,29.612378833000037],[80.42768270100004,29.612071709000077],[80.42261232600003,29.614398021000056],[80.41991307600006,29.614248709000037],[80.41873695100008,29.612874272000056],[80.41950982600008,29.60685470900006],[80.41615482600008,29.60550908400006],[80.41240988900006,29.605485834000035],[80.41057026300007,29.605001584000036],[80.41075863900005,29.603288146000068],[80.40989126400007,29.595923647000063],[80.40491426400007,29.589569521000044],[80.39977320100007,29.586943209000026],[80.39819851400006,29.584657709000055],[80.39314938900003,29.581609771000046],[80.39255082700004,29.58029639600005],[80.39192457600006,29.574602209000034],[80.38964038900008,29.571753959000034],[80.38505838900005,29.57124777100006],[80.38129095100004,29.571746896000036],[80.38046120100006,29.570337708000068],[80.38046807600006,29.566299834000063],[80.38089170100005,29.56411827100004],[80.38065826400003,29.561466646000042],[80.37762657600007,29.561265271000025],[80.37363076400004,29.56290670900006],[80.36850520100006,29.562923022000064],[80.36561932700005,29.56412064700004],[80.36405813900006,29.56273939700003],[80.36418163800005,29.560224834000053],[80.36571538900006,29.55860345900004],[80.36572782600007,29.556611708000048],[80.36145320200006,29.555986647000054],[80.35893495200008,29.555058709000036],[80.35100663900005,29.555342771000028],[80.34438907600008,29.552914647000023],[80.34441145200003,29.55178458300003],[80.34676376300007,29.549793084000044],[80.34729607700007,29.54835427100005],[80.34306113800005,29.541660771000068],[80.34353163800006,29.540316396000037],[80.34593407700004,29.54000570900007],[80.34815932700008,29.54098433400003],[80.35070338900005,29.540216271000077],[80.35332526400003,29.536838647000025],[80.35578176400008,29.53531664600007],[80.35823332600006,29.534561522000047],[80.35969238900003,29.53252483400007],[80.35931813800005,29.530867271000034],[80.35680070100005,29.527478208000048],[80.35092382600004,29.524932209000042],[80.35005582600007,29.523529333000056],[80.35276363900005,29.522290584000075],[80.35820638800004,29.520489834000045],[80.35991595100006,29.519194209000034],[80.36238407600007,29.518813584000043],[80.36304663900006,29.51762795800005],[80.36586751400006,29.516245084000047],[80.36840532600007,29.515693209000062],[80.37000638900008,29.51437889600004],[80.37591001400006,29.512229896000065],[80.37574988900008,29.506014459000028],[80.37645407600007,29.50409127100005],[80.37834351300006,29.501593959000047],[80.37983907600005,29.500718896000024],[80.38236563800007,29.500563709000062],[80.38811026400003,29.498990896000066],[80.39165595100008,29.49889664600005],[80.39569251400007,29.50011514600004],[80.39888038800007,29.501771833000078],[80.40176257600007,29.50242320800004],[80.40652320100008,29.50268139600007],[80.40866713800006,29.500802833000023],[80.40935326300007,29.499109522000026],[80.41432613900008,29.495454521000056],[80.41459238900006,29.493432209000048],[80.41727782600003,29.490432459000033],[80.41760463900005,29.48845108300003],[80.41914020100006,29.48686070900004],[80.42158332600007,29.48429745800007],[80.42722407600007,29.485851271000058],[80.42937907600003,29.487507333000053],[80.43495026300008,29.489056021000067],[80.43647101400006,29.48996933400008],[80.44071320100005,29.49140383400004],[80.44540788800003,29.49215664600007],[80.44632395100007,29.489796333000072],[80.44808763800006,29.488301334000028],[80.44866601400008,29.486598333000074],[80.44629426400007,29.48445220900004],[80.44744220100006,29.481621333000078],[80.44576063900007,29.474966521000056],[80.44482070100008,29.473816646000046],[80.44254870100008,29.473056022000037],[80.44208107600008,29.470933521000063],[80.43924357600008,29.473937646000024],[80.43709207600006,29.473299147000034],[80.43701757600007,29.469818146000023],[80.44176307600003,29.469217771000046],[80.44744245100003,29.469744521000052],[80.44930745200008,29.468822834000036],[80.45007645100003,29.467436459000055],[80.45437257600008,29.470452084000044],[80.45887701400005,29.470269709000036],[80.46286545100008,29.472183021000035],[80.46604195100008,29.472243209000055],[80.46725038800008,29.473123271000077],[80.46930988800005,29.473190146000036],[80.47103213800006,29.474117396000054],[80.47777520200003,29.476129146000062],[80.47567007600009,29.479148208000026],[80.47621338800008,29.482601772000066],[80.47459370100006,29.485365521000062],[80.47605763800004,29.485750334000045],[80.47627151400008,29.48828439600004],[80.48284776400004,29.491364521000037],[80.48425976400006,29.491640709000023],[80.48637876300006,29.49354608400006],[80.49032832600005,29.491664083000046],[80.49263757700004,29.491431584000054],[80.49562857600006,29.489572833000068],[80.49449570100006,29.487308209000048],[80.49503395200009,29.486513959000035],[80.49879445200008,29.486934209000026],[80.50172088800008,29.488145334000023],[80.50362407600005,29.487495958000068],[80.50506351400008,29.485978647000024],[80.50814595100007,29.485051646000045],[80.51089163800003,29.48605658400004],[80.51036257600003,29.489115834000074],[80.50786520100007,29.49278358400005],[80.50556557600004,29.497755959000074],[80.50432957600003,29.50286077100003],[80.50416276400006,29.506067959000063],[80.50150576300007,29.509227458000055],[80.50088926300003,29.51182383400004],[80.50534638900007,29.514511396000046],[80.50871476300006,29.518591083000047],[80.51174382700003,29.52050845900004],[80.51140295100004,29.524975958000027],[80.50799007600006,29.527237209000077],[80.50734657700008,29.531340459000035],[80.50262613900009,29.53525927100003],[80.50015838800005,29.539833834000035],[80.49030663800005,29.545266708000042],[80.48752807600005,29.54474845900006],[80.48604882600006,29.545834583000044],[80.48459545200006,29.549057021000067],[80.48390495100006,29.55578564600006],[80.48192882700005,29.56016545800003],[80.47963695100003,29.56893608400003],[80.47672501400007,29.569908272000077],[80.47400726400008,29.56849658400006],[80.47222620100007,29.56952270900007],[80.46866445100005,29.570313834000046],[80.46702313900005,29.573271334000026],[80.46240082600008,29.57370389600004],[80.45583876400008,29.57541183400008],[80.45411763900006,29.577892897000027],[80.45243888800007,29.57920789600007],[80.44877807600005,29.57931458400003],[80.44661038900006,29.577509959000054],[80.44062320100005,29.574969647000046],[80.43857470100005,29.57503770900007],[80.43649326400003,29.579366771000025],[80.43345301400007,29.582500646000028],[80.43310182600004,29.58392933300007],[80.43409832600008,29.585607397000047],[80.43228570100007,29.58862689600005],[80.43480201400007,29.590631709000036],[80.43633863900004,29.59262108400003],[80.43555670100005,29.595196146000035],[80.43268838900008,29.59611552100006],[80.43161051400006,29.598111834000065],[80.42709788800005,29.598320271000034],[80.42509351400008,29.59969214700004],[80.42505976300004,29.603136522000057],[80.42655401300004,29.605031084000075],[80.42984682600007,29.60620477200007],[80.43250307600005,29.60765539700003],[80.43401313800007,29.60981602100003],[80.43716282600008,29.61019708400005],[80.44003382700004,29.609027209000033],[80.44194495100004,29.609299209000028],[80.44395976400006,29.61113933400003],[80.44365095100005,29.616547396000044]]]}},{"type":"Feature","properties":{"STATE_CODE":7,"DISTRICT":"BAITADI","GaPa_NaPa":"Dilasaini","Type_GN":"Gaunpalika","Province":"Sudur Pashchim","provinceId":"7","provinceCode":"7","provinceName":"Sudurpashchim","districtId":"704","districtName":"Baitadi","municipalityId":"70401","municipalityCode":"70401","municipalityName":"Dilasaini Rural Municipality","municipalityNameNe":"डीलासैनी गाउँपालिका","municipalityType":"rural_municipality"},"geometry":{"type":"Polygon","coordinates":[[[80.79769655500007,29.688312604000032],[80.79552126300007,29.68857589600003],[80.79147182600008,29.69244727100005],[80.78957657600006,29.69574452200004],[80.78757120100005,29.696039084000063],[80.78528582600006,29.69938977100003],[80.78239470100004,29.701798772000075],[80.78015570100007,29.70209733400003],[80.77688820100008,29.701392584000075],[80.77342682700004,29.702467209000076],[80.76737851400003,29.70170327200003],[80.76415113900003,29.703091646000075],[80.76356832700003,29.70411702100006],[80.76031176400005,29.70429389700007],[80.75657370200008,29.70786483300003],[80.75395526400007,29.70762758400008],[80.74823876400006,29.704835459000037],[80.74431820100006,29.70440833400005],[80.73936720100005,29.70514989700007],[80.73712001400008,29.70581764700006],[80.73217545200004,29.70382489600007],[80.73008207600003,29.703956021000067],[80.72487320100004,29.70316702100007],[80.72188607600003,29.703183396000043],[80.71748407600006,29.70241608400005],[80.71282470100005,29.699981146000027],[80.71036270100007,29.69925164600005],[80.70896657600008,29.699634334000052],[80.70593132600004,29.701903709000078],[80.70553557600005,29.703260771000032],[80.70267682700006,29.70476808400008],[80.69735613900008,29.706095959000038],[80.69532970100005,29.706055209000056],[80.69077757600007,29.70520552100004],[80.68731613800009,29.703995022000072],[80.68536476300005,29.700509772000032],[80.68432113900008,29.699686084000064],[80.68104538900008,29.694688522000035],[80.67809657600003,29.692290272000037],[80.67603188900006,29.687236771000073],[80.67239920100008,29.68728420900004],[80.66925282600005,29.68567027100005],[80.66701238900004,29.685664709000037],[80.66158482600008,29.682330396000054],[80.65812307600004,29.682192959000076],[80.65316351400008,29.681155959000023],[80.64945657600003,29.68182289600003],[80.64834145100008,29.682663584000068],[80.64732957600006,29.685015959000054],[80.64508157600005,29.68576114600006],[80.64402970200007,29.687231334000046],[80.64057582600003,29.689678584000035],[80.63449076300003,29.69057102200003],[80.62937901400005,29.688001021000048],[80.62565688900008,29.686813021000034],[80.62107088900007,29.68806545900003],[80.61333176300008,29.687961896000047],[80.61035482600005,29.686696709000046],[80.60826276400007,29.686634147000063],[80.60628720100004,29.687984021000034],[80.60544507600008,29.690180896000072],[80.60302670100003,29.691754959000036],[80.59923901400003,29.690629209000065],[80.59500188800007,29.690850959000045],[80.59208863900005,29.690487834000066],[80.58765270100008,29.68830183400007],[80.58469445100008,29.68799483400005],[80.57914988800007,29.688108146000047],[80.57698382600006,29.68666658400008],[80.57457213900005,29.687112271000046],[80.57349882700004,29.684778522000045],[80.57175282600008,29.68313977100007],[80.57102595200007,29.679248459000064],[80.56152876400006,29.67287864700006],[80.56055888900005,29.670777584000064],[80.55905932700006,29.670574084000066],[80.55674238900008,29.671554396000033],[80.55518113900007,29.67119727100004],[80.55290870100004,29.668036021000034],[80.55029195100008,29.66799783400006],[80.54791376400004,29.66636333400004],[80.54473007700005,29.66631177100004],[80.54187588900004,29.663730459000078],[80.53932145100003,29.663854709000077],[80.53454001300008,29.66084233400005],[80.52963588900008,29.65672164600005],[80.52430738900006,29.653815334000058],[80.52103976400008,29.653715584000054],[80.51962238800007,29.652925459000073],[80.51663238900005,29.65061595900005],[80.51385195100005,29.649448522000057],[80.51221251400005,29.647211584000047],[80.50807238900006,29.644751022000037],[80.50734463900005,29.643453522000073],[80.50692482600004,29.63885014600004],[80.51027882600005,29.63894152100005],[80.51349426400003,29.640922646000035],[80.51551088800005,29.640505959000052],[80.51807470100005,29.639182146000053],[80.51985532600008,29.639432209000063],[80.52260820100008,29.63837970900005],[80.52443320100008,29.638589272000047],[80.52755576400006,29.639994522000052],[80.53010420100009,29.63925914600003],[80.53433932600007,29.637390521000043],[80.53512026400006,29.635895396000024],[80.53980926400004,29.63661333400006],[80.54166751400004,29.638043147000076],[80.54417457600005,29.637255459000073],[80.54649657600004,29.63851089600007],[80.54904982700003,29.63598633400005],[80.55150888800006,29.634571272000073],[80.55262001400007,29.634690084000056],[80.55677826400006,29.637512521000076],[80.55912395100006,29.63649620900003],[80.56207320100003,29.638051209000025],[80.56424688800007,29.63691689600006],[80.56884726300007,29.63728608400004],[80.57092832600006,29.639413271000024],[80.57329095100005,29.639312647000054],[80.57611701300004,29.637526084000058],[80.57499107600006,29.634086834000072],[80.57724438900004,29.632456396000066],[80.57966107600004,29.634304834000034],[80.58115201300006,29.632581584000036],[80.58583101400006,29.634612959000037],[80.58688126400006,29.63217320800004],[80.58846045100006,29.63339177100005],[80.59003307600005,29.633290647000024],[80.59301032600007,29.634423146000074],[80.59482307700006,29.632001459000037],[80.59829988900003,29.63087514600005],[80.59988126400003,29.62814364600007],[80.60450626300008,29.627268709000077],[80.60724426400003,29.62384577100005],[80.60766338900004,29.620540022000057],[80.61046688900007,29.620645272000047],[80.61214357600005,29.618854584000076],[80.61522882600008,29.619553834000044],[80.61805801400004,29.616943021000054],[80.62085963900006,29.617104459000075],[80.62302901400005,29.61952208400004],[80.62487645100003,29.618006896000054],[80.62768745100004,29.618517834000045],[80.62921270200007,29.620186896000064],[80.63032288900007,29.620187771000076],[80.63267995100006,29.61818889600005],[80.63510520100004,29.61783239600004],[80.63603832600006,29.619700521000027],[80.64150376300006,29.617872396000053],[80.64275645200007,29.618277334000027],[80.64289482600003,29.620592146000035],[80.64460770100004,29.621749459000057],[80.64623238900003,29.61943033400007],[80.64790657600008,29.620398021000028],[80.64846188900003,29.622585333000075],[80.65396213900004,29.62375477200004],[80.65496395100007,29.621977583000046],[80.65445513900005,29.61965727100005],[80.65615407600006,29.61697502100003],[80.65836282600003,29.617436396000073],[80.65928438800006,29.61537020800006],[80.66103857600007,29.613969334000046],[80.66242688800008,29.620356771000047],[80.66462513800008,29.624810834000073],[80.66483595200003,29.630446334000055],[80.66750963900006,29.634315021000077],[80.66546413900005,29.636087459000066],[80.66491888900003,29.638438896000025],[80.66515557600007,29.643487959000026],[80.66833013900003,29.645368209000026],[80.67211126400008,29.649528334000024],[80.67258901300005,29.651135646000057],[80.67517607600007,29.652269896000064],[80.67900238800007,29.65306195900007],[80.68050282600007,29.652912271000048],[80.68271995100008,29.654792084000064],[80.68371951400007,29.65653370900003],[80.68271882600004,29.657927646000076],[80.67858563900006,29.661991646000047],[80.67730082600008,29.66648208400005],[80.67700513900007,29.669504147000055],[80.67601582700007,29.671798084000045],[80.67532220100009,29.676041833000056],[80.68152270100006,29.675540271000045],[80.68701313800005,29.673353959000053],[80.68769851400003,29.670905708000078],[80.69129520100006,29.66901933400004],[80.69392845100003,29.668567522000046],[80.69590195100005,29.66987364700003],[80.69688782600008,29.67316489700005],[80.69619957600008,29.67632139600005],[80.69699982700007,29.677374459000077],[80.69686163900008,29.67962989700004],[80.69991513900004,29.67835558400003],[80.70396701300007,29.67849552200005],[80.70603826400009,29.677924896000036],[80.70918045100007,29.676152022000053],[80.71397395100007,29.676807584000073],[80.71550507600006,29.674685959000044],[80.71681495100006,29.671386209000048],[80.72051726300003,29.66756152100004],[80.72345788900003,29.665735959000074],[80.72757001400004,29.66578508400005],[80.72888013900007,29.664260522000063],[80.73153676300007,29.663390771000024],[80.73338607600004,29.66345314600005],[80.73814738900006,29.66472589600005],[80.73942757600008,29.665989397000033],[80.73702870100004,29.672014397000055],[80.73402382600005,29.67494552100004],[80.73611226400004,29.675982771000065],[80.73907220100006,29.67507508400007],[80.74122588800003,29.675862022000047],[80.74455607600004,29.67434358400004],[80.74703838900007,29.671068396000067],[80.74736638900004,29.66851095900006],[80.74882495100007,29.666930146000027],[80.75559632700003,29.66539533400004],[80.75994326300008,29.663348272000064],[80.76471626400007,29.661964959000045],[80.76716538900007,29.66360252100003],[80.77184576400003,29.668298209000056],[80.77284207600007,29.668782646000068],[80.77683413900007,29.66870595900008],[80.77865238900006,29.667657834000067],[80.78037776400004,29.66564402100005],[80.78113538900004,29.66780177100003],[80.78053101400008,29.670158084000036],[80.78125601300007,29.671591771000067],[80.78129863800007,29.675909396000065],[80.78202038900008,29.677839334000055],[80.78456632700005,29.680250396000076],[80.78679407600004,29.67970589600003],[80.78923195100003,29.677938959000073],[80.79102357700003,29.679011022000054],[80.79386763900004,29.678007147000073],[80.79326657600006,29.680744771000036],[80.79394045200007,29.682056459000023],[80.79668788900005,29.68354952100003],[80.79666145100003,29.686897084000066],[80.79769655500007,29.688312604000032]]]}},{"type":"Feature","properties":{"STATE_CODE":7,"DISTRICT":"BAITADI","GaPa_NaPa":"Dogadakedar","Type_GN":"Gaunpalika","Province":"Sudur Pashchim","provinceId":"7","provinceCode":"7","provinceName":"Sudurpashchim","districtId":"704","districtName":"Baitadi","municipalityId":"70402","municipalityCode":"70402","municipalityName":"Dogada Kedar Rural Municipality","municipalityNameNe":"दोगडाकेदार गाउँपालिका","municipalityType":"rural_municipality"},"geometry":{"type":"Polygon","coordinates":[[[80.61805801400004,29.616943021000054],[80.61522882600008,29.619553834000044],[80.61214357600005,29.618854584000076],[80.61046688900007,29.620645272000047],[80.60766338900004,29.620540022000057],[80.60724426400003,29.62384577100005],[80.60450626300008,29.627268709000077],[80.59988126400003,29.62814364600007],[80.59829988900003,29.63087514600005],[80.59482307700006,29.632001459000037],[80.59301032600007,29.634423146000074],[80.59003307600005,29.633290647000024],[80.58846045100006,29.63339177100005],[80.58688126400006,29.63217320800004],[80.58583101400006,29.634612959000037],[80.58115201300006,29.632581584000036],[80.57966107600004,29.634304834000034],[80.57724438900004,29.632456396000066],[80.57499107600006,29.634086834000072],[80.57611701300004,29.637526084000058],[80.57329095100005,29.639312647000054],[80.57092832600006,29.639413271000024],[80.56884726300007,29.63728608400004],[80.56424688800007,29.63691689600006],[80.56207320100003,29.638051209000025],[80.55912395100006,29.63649620900003],[80.55677826400006,29.637512521000076],[80.55262001400007,29.634690084000056],[80.55150888800006,29.634571272000073],[80.54904982700003,29.63598633400005],[80.54649657600004,29.63851089600007],[80.54417457600005,29.637255459000073],[80.54166751400004,29.638043147000076],[80.53980926400004,29.63661333400006],[80.53512026400006,29.635895396000024],[80.53433932600007,29.637390521000043],[80.53010420100009,29.63925914600003],[80.52755576400006,29.639994522000052],[80.52443320100008,29.638589272000047],[80.52260820100008,29.63837970900005],[80.51985532600008,29.639432209000063],[80.51807470100005,29.639182146000053],[80.51551088800005,29.640505959000052],[80.51349426400003,29.640922646000035],[80.51027882600005,29.63894152100005],[80.50692482600004,29.63885014600004],[80.50679182600004,29.638121084000034],[80.50312651300004,29.63425452100006],[80.50034882600005,29.63220483400005],[80.49913776400007,29.629019646000074],[80.49907626300006,29.625525209000045],[80.49683063800006,29.62415420900004],[80.49108332600008,29.623620209000023],[80.48863963800005,29.623721334000038],[80.48121407600007,29.623144333000027],[80.47790445200008,29.62157264700005],[80.47380213800005,29.621766209000043],[80.46874407700005,29.620435459000078],[80.46646920100005,29.62220389600003],[80.46524420200006,29.622435834000044],[80.46187620100005,29.624359896000044],[80.46015001400008,29.626202646000024],[80.45772463800006,29.625049021000052],[80.45150163900007,29.625314458000048],[80.44660688900007,29.618111772000077],[80.44365095100005,29.616547396000044],[80.44395976400006,29.61113933400003],[80.44194495100004,29.609299209000028],[80.44003382700004,29.609027209000033],[80.43716282600008,29.61019708400005],[80.43401313800007,29.60981602100003],[80.43250307600005,29.60765539700003],[80.42984682600007,29.60620477200007],[80.42655401300004,29.605031084000075],[80.42505976300004,29.603136522000057],[80.42509351400008,29.59969214700004],[80.42709788800005,29.598320271000034],[80.43161051400006,29.598111834000065],[80.43268838900008,29.59611552100006],[80.43555670100005,29.595196146000035],[80.43633863900004,29.59262108400003],[80.43480201400007,29.590631709000036],[80.43228570100007,29.58862689600005],[80.43409832600008,29.585607397000047],[80.43310182600004,29.58392933300007],[80.43345301400007,29.582500646000028],[80.43649326400003,29.579366771000025],[80.43857470100005,29.57503770900007],[80.44062320100005,29.574969647000046],[80.44661038900006,29.577509959000054],[80.44877807600005,29.57931458400003],[80.45243888800007,29.57920789600007],[80.45411763900006,29.577892897000027],[80.45583876400008,29.57541183400008],[80.46240082600008,29.57370389600004],[80.46702313900005,29.573271334000026],[80.46866445100005,29.570313834000046],[80.47222620100007,29.56952270900007],[80.47400726400008,29.56849658400006],[80.47672501400007,29.569908272000077],[80.47963695100003,29.56893608400003],[80.48357257600009,29.57166520800007],[80.49086070100003,29.573179896000056],[80.49282676300004,29.574087459000054],[80.49781738900003,29.575209521000033],[80.50120976300008,29.575206584000057],[80.50503751400004,29.573228959000062],[80.50580207600007,29.572160334000046],[80.50638470100006,29.568106584000077],[80.50612901400007,29.567092772000024],[80.50783138800006,29.564917709000042],[80.50823601400003,29.561896396000066],[80.51144832700004,29.561542833000033],[80.51641532600007,29.55696814600003],[80.51851432600006,29.553301084000054],[80.52137076400004,29.550040522000074],[80.52313032600006,29.549433271000055],[80.52417963900007,29.547600771000077],[80.52524213800007,29.54280195900003],[80.52801370100008,29.543881084000077],[80.53012907700008,29.546279709000032],[80.53318407700004,29.547055209000064],[80.53632432600006,29.548383584000078],[80.53931263900006,29.550306959000068],[80.54110688800006,29.552338896000037],[80.54497082600005,29.55411620900003],[80.54834288900008,29.553784896000025],[80.55149170200008,29.555158022000057],[80.55384188900007,29.554802709000057],[80.55688563900003,29.55516033400005],[80.55999651300004,29.554906708000033],[80.56300138800003,29.553942146000054],[80.56422307600008,29.552894958000024],[80.57241132600006,29.549715959000025],[80.57659132600008,29.548412021000047],[80.57806426400003,29.54917914600003],[80.58000126300004,29.54830552100003],[80.58457820100006,29.549271958000077],[80.58876613900003,29.54953302100006],[80.58880701300006,29.554802771000027],[80.58779395100004,29.557912646000034],[80.58824132600006,29.559748021000075],[80.58735476300006,29.563679396000055],[80.58864770100007,29.56572495900008],[80.58891870100007,29.568171084000028],[80.58718220100008,29.572805897000023],[80.58826851400005,29.577296084000068],[80.58910807600006,29.578846209000062],[80.59891657600008,29.579947709000066],[80.60166570100006,29.581789959000048],[80.60252545100008,29.58483108400003],[80.60389013900004,29.587303021000025],[80.60688707600008,29.587140459000068],[80.61083801400008,29.587709334000067],[80.61285826300008,29.58704527200007],[80.61509338900004,29.58833302100004],[80.61548163900005,29.590420834000042],[80.61504495100007,29.592503959000055],[80.61395757600008,29.594050459000073],[80.61521501300007,29.59591064600005],[80.61525657600004,29.59761389600004],[80.61655445100007,29.601939834000063],[80.61468495100007,29.603693959000054],[80.61457445100007,29.605263646000026],[80.61626682700006,29.60664683400006],[80.61713301300006,29.60902020900005],[80.61663126300004,29.61097002200006],[80.61841032700005,29.61260158400006],[80.61925426400006,29.615340334000052],[80.61805801400004,29.616943021000054]]]}},{"type":"Feature","properties":{"STATE_CODE":7,"DISTRICT":"BAITADI","GaPa_NaPa":"Melauli","Type_GN":"Nagarpalika","Province":"Sudur Pashchim","provinceId":"7","provinceCode":"7","provinceName":"Sudurpashchim","districtId":"704","districtName":"Baitadi","municipalityId":"70408","municipalityCode":"70408","municipalityName":"Melauli Urban Municipality","municipalityNameNe":"मेलौली नगरपालिका","municipalityType":"municipality"},"geometry":{"type":"Polygon","coordinates":[[[80.47605763800004,29.485750334000045],[80.47459370100006,29.485365521000062],[80.47621338800008,29.482601772000066],[80.47567007600009,29.479148208000026],[80.47777520200003,29.476129146000062],[80.47103213800006,29.474117396000054],[80.46930988800005,29.473190146000036],[80.46725038800008,29.473123271000077],[80.46604195100008,29.472243209000055],[80.46286545100008,29.472183021000035],[80.45887701400005,29.470269709000036],[80.45437257600008,29.470452084000044],[80.45007645100003,29.467436459000055],[80.44930745200008,29.468822834000036],[80.44744245100003,29.469744521000052],[80.44176307600003,29.469217771000046],[80.43701757600007,29.469818146000023],[80.43709207600006,29.473299147000034],[80.43924357600008,29.473937646000024],[80.44208107600008,29.470933521000063],[80.44254870100008,29.473056022000037],[80.44482070100008,29.473816646000046],[80.44576063900007,29.474966521000056],[80.44744220100006,29.481621333000078],[80.44629426400007,29.48445220900004],[80.44866601400008,29.486598333000074],[80.44808763800006,29.488301334000028],[80.44632395100007,29.489796333000072],[80.44540788800003,29.49215664600007],[80.44071320100005,29.49140383400004],[80.43647101400006,29.48996933400008],[80.43495026300008,29.489056021000067],[80.42937907600003,29.487507333000053],[80.42722407600007,29.485851271000058],[80.42158332600007,29.48429745800007],[80.41914020100006,29.48686070900004],[80.41214332700008,29.485341147000042],[80.40995988900005,29.48576683400006],[80.40746151300004,29.48425108400005],[80.40529557600007,29.484988083000076],[80.40194576300007,29.48166158400005],[80.40051938800008,29.48126714700004],[80.39828476300005,29.47759364600006],[80.39503895100006,29.477197584000066],[80.39187570100006,29.47797733400006],[80.38623626300006,29.477049084000043],[80.38348888900003,29.47556108400005],[80.38188720100004,29.471423272000038],[80.38045407600004,29.469839772000057],[80.37803663900007,29.469454083000073],[80.37501563900008,29.47055202100006],[80.37166001400004,29.472848396000074],[80.36682638800005,29.474483521000025],[80.36271782600005,29.473956334000036],[80.36069588900006,29.474535459000037],[80.35893170100007,29.47297039600005],[80.35942538900008,29.470915583000078],[80.35713095200003,29.469690834000062],[80.35844482700008,29.468003083000042],[80.35554557600005,29.465751272000034],[80.35079920100003,29.465874833000044],[80.35268845100006,29.46014302100008],[80.35189707600006,29.458733834000043],[80.34998507600005,29.457409333000044],[80.34662438800007,29.45676577100005],[80.34774663900004,29.455408771000066],[80.35091176400005,29.453615084000035],[80.35271913900004,29.451359084000046],[80.35589545100004,29.450921021000056],[80.35696770100003,29.449184771000034],[80.36230226400005,29.448745709000036],[80.36284707700008,29.450604834000046],[80.36461626400006,29.451470521000033],[80.36726088900008,29.451873333000037],[80.36990751400003,29.455348584000035],[80.37121801400008,29.45600445900004],[80.37448538900009,29.459665271000063],[80.37853138900005,29.458278834000055],[80.38145926400006,29.457660834000023],[80.38098407600006,29.453631959000063],[80.38186257700005,29.449338709000074],[80.38132295100007,29.447581209000077],[80.38164326400005,29.44496595800007],[80.37585201400003,29.44305308400004],[80.37589607700005,29.442381021000074],[80.37996182700005,29.438179396000066],[80.37838670100007,29.43503645900006],[80.37749913800008,29.431869646000052],[80.37551513900007,29.43008952100007],[80.37694545200003,29.427957709000054],[80.37663195100004,29.426129021000065],[80.37867182700006,29.424545959000056],[80.38071076400007,29.42401402200005],[80.38094388800005,29.422756396000068],[80.37579738900007,29.422536084000058],[80.37334963800004,29.420828209000035],[80.37210013900005,29.42121714600006],[80.37152226400008,29.417812584000046],[80.37600620100005,29.416252334000035],[80.37823238900006,29.416783896000027],[80.37957682700005,29.414974208000046],[80.37943401300004,29.411176959000045],[80.38101157600005,29.40983077100003],[80.38461032600003,29.410253522000062],[80.38678126300005,29.40957320900003],[80.38987120100006,29.41170564600003],[80.39297051300008,29.407203646000028],[80.39097888900005,29.40472214600004],[80.39168338800005,29.40150402100005],[80.38849707600008,29.40119164600003],[80.38493757600008,29.39794495800004],[80.38199257600007,29.398017021000044],[80.37809970100005,29.396471708000036],[80.37789457600007,29.392814083000076],[80.37725632600007,29.39081920800004],[80.37492826300007,29.388917896000066],[80.37262738900006,29.385489521000068],[80.37404288900007,29.383481709000023],[80.37469701400005,29.38008520900007],[80.37629482600005,29.376932271000044],[80.37547288900004,29.373079958000062],[80.37402432600004,29.37241670800006],[80.37219870200005,29.369304084000078],[80.36996151400007,29.368170146000068],[80.36948595100006,29.365463146000025],[80.37040307600006,29.361073084000054],[80.36953338900008,29.35739195900004],[80.36796376300003,29.354954896000038],[80.36637932600007,29.354241396000077],[80.37004251400003,29.350049333000072],[80.37178076300006,29.349283771000046],[80.37313107600005,29.347528271000044],[80.37509488900008,29.348040583000056],[80.37519045100004,29.349999083000057],[80.37622982600004,29.35041227100004],[80.37837651400008,29.349068771000077],[80.37959370100003,29.349243584000078],[80.38107695100007,29.35391783400007],[80.38381988900005,29.353788459000043],[80.38602201400005,29.34909964600007],[80.38794720100003,29.34918970900003],[80.38859220100005,29.35140789600007],[80.38656532600004,29.354671834000044],[80.38804995100008,29.355910333000054],[80.39300638900005,29.357214334000048],[80.39459363900005,29.358360708000077],[80.39933101400004,29.357594834000054],[80.40117570100006,29.35804983400004],[80.40158570100004,29.35993977100003],[80.40358463800004,29.36067289600004],[80.40507707600005,29.358615459000077],[80.40310788800008,29.357469709000043],[80.40418913900004,29.355983396000056],[80.40758620100007,29.356621146000066],[80.41055657600003,29.358310396000036],[80.41193201400006,29.35977377100005],[80.41392120100005,29.359299771000053],[80.41469270100004,29.35673145900006],[80.41611470100008,29.356006833000038],[80.41954963900008,29.361575708000032],[80.41964201300004,29.36413427100007],[80.41893213800006,29.36691264600006],[80.42079932600006,29.368217896000033],[80.42029170100005,29.36939995800003],[80.41827070200003,29.37041083400004],[80.41744382600007,29.37371427100004],[80.42009657600005,29.374071021000077],[80.41966920100003,29.376189646000057],[80.42111301300008,29.378438209000024],[80.42391813900008,29.37811877100006],[80.42628195200007,29.37978927100005],[80.42711745100007,29.385141459000067],[80.43075938800007,29.387164771000073],[80.43069451400004,29.388703021000026],[80.43240063900004,29.389944209000078],[80.43282045100005,29.39250414600008],[80.43564938800006,29.392958271000055],[80.43789770100005,29.39404383400006],[80.43959207600005,29.393299771000045],[80.44180801400006,29.387840896000057],[80.44372395100004,29.387242084000036],[80.44394438900008,29.388858147000064],[80.44706982600007,29.388891458000046],[80.44657532600007,29.39227095900003],[80.44741620100007,29.39331439600005],[80.45017257600006,29.39457777100006],[80.45220976300004,29.39293939600003],[80.45386232600003,29.392454396000062],[80.45653532600005,29.393300021000073],[80.45952088900003,29.396055271000023],[80.46106670100005,29.39707889700003],[80.46219220200004,29.398845271000027],[80.46407588900007,29.399310771000046],[80.46608695100008,29.402325834000067],[80.46909132600007,29.40504489600005],[80.47152995100004,29.40545839600003],[80.47325682600007,29.406509709000034],[80.47115532600003,29.411392083000067],[80.46758413900005,29.411472584000023],[80.46854320100005,29.41327433300006],[80.47017995100003,29.413456834000044],[80.47215995100004,29.414795584000046],[80.47348820100007,29.413167646000034],[80.47538645100008,29.413181834000056],[80.47949232700006,29.416011022000077],[80.48030495100005,29.418292584000028],[80.47965713900004,29.420575271000075],[80.47807182600008,29.422969271000056],[80.47515776400007,29.42271652100004],[80.47401913900006,29.42383989600006],[80.47212201300005,29.423929396000062],[80.47004070100007,29.425396458000023],[80.47570201300005,29.428820646000077],[80.47497495100004,29.43351670900006],[80.47524882600004,29.435015646000068],[80.47748076400006,29.436750146000065],[80.47969988900007,29.437031834000038],[80.48014157600005,29.43981277100005],[80.47786570100004,29.440593397000043],[80.47854970200007,29.44233983400005],[80.48193570100005,29.44608420900005],[80.48708613800005,29.446379334000028],[80.48971538900008,29.444142646000046],[80.49166695100007,29.44352745900005],[80.49293451400007,29.444786584000042],[80.49254638900004,29.44613858400004],[80.49487301300007,29.448766458000023],[80.49530426300004,29.45178414700007],[80.49250088800005,29.45295327100007],[80.49223313900006,29.455988646000037],[80.49429482600004,29.457183084000064],[80.49433388900007,29.45937139600005],[80.49357545100008,29.46286727200004],[80.49361213800006,29.465854146000027],[80.49092151300005,29.466353709000032],[80.48907263900009,29.467341459000068],[80.48643951400004,29.466665833000036],[80.48541795100004,29.47013364600008],[80.48724795100003,29.47045877100004],[80.48711020200005,29.47209145800008],[80.49033351300005,29.472913646000052],[80.49077876400008,29.476283334000073],[80.48924407600003,29.47828508300006],[80.48779707600005,29.477832896000052],[80.48551238900006,29.480068646000063],[80.48325801300007,29.48000127100005],[80.48230920100008,29.481157084000074],[80.47876132600004,29.481301146000078],[80.47728851300008,29.481854833000057],[80.47801557600008,29.48362627100005],[80.47605763800004,29.485750334000045]]]}},{"type":"Feature","properties":{"STATE_CODE":7,"DISTRICT":"BAITADI","GaPa_NaPa":"Pancheshwar","Type_GN":"Gaunpalika","Province":"Sudur Pashchim","provinceId":"7","provinceCode":"7","provinceName":"Sudurpashchim","districtId":"704","districtName":"Baitadi","municipalityId":"70406","municipalityCode":"70406","municipalityName":"Pancheshwor Rural Municipality","municipalityNameNe":"पन्चेश्वर गाउँपालिका","municipalityType":"rural_municipality"},"geometry":{"type":"Polygon","coordinates":[[[80.41914020100006,29.48686070900004],[80.41760463900005,29.48845108300003],[80.41727782600003,29.490432459000033],[80.41459238900006,29.493432209000048],[80.41432613900008,29.495454521000056],[80.40935326300007,29.499109522000026],[80.40866713800006,29.500802833000023],[80.40652320100008,29.50268139600007],[80.40176257600007,29.50242320800004],[80.39888038800007,29.501771833000078],[80.39569251400007,29.50011514600004],[80.39165595100008,29.49889664600005],[80.38811026400003,29.498990896000066],[80.38236563800007,29.500563709000062],[80.37983907600005,29.500718896000024],[80.37834351300006,29.501593959000047],[80.37645407600007,29.50409127100005],[80.37574988900008,29.506014459000028],[80.37591001400006,29.512229896000065],[80.37000638900008,29.51437889600004],[80.36840532600007,29.515693209000062],[80.36586751400006,29.516245084000047],[80.36304663900006,29.51762795800005],[80.36238407600007,29.518813584000043],[80.35991595100006,29.519194209000034],[80.35820638800004,29.520489834000045],[80.35276363900005,29.522290584000075],[80.35005582600007,29.523529333000056],[80.35157482700004,29.519884646000037],[80.35134695100004,29.518906771000047],[80.34850501300008,29.515825022000058],[80.34704201400007,29.513663584000028],[80.34297357600008,29.509957584000063],[80.34040126400004,29.51046814600005],[80.33711001400007,29.512660209000046],[80.33374020200006,29.51274939600006],[80.33250901400004,29.508127896000076],[80.33040457700008,29.505333647000043],[80.32375901300009,29.50302620800005],[80.31682388900003,29.500001834000045],[80.31469563900004,29.49758170900003],[80.31464026300006,29.49614002100003],[80.31612032600003,29.49260152100004],[80.31633763900004,29.489857396000048],[80.31587451400003,29.486487083000043],[80.31475488900008,29.484514271000023],[80.31094057600006,29.485462271000074],[80.30773376300004,29.485601272000054],[80.30485113900005,29.486966834000043],[80.30252945100005,29.49057295800003],[80.29994932600005,29.490245833000074],[80.29767576300003,29.487856271000055],[80.29817307600007,29.484159396000052],[80.29472120100007,29.478878397000074],[80.29376951400008,29.478228209000065],[80.29031938900005,29.478207584000074],[80.28865663900007,29.47739789600007],[80.28829763800007,29.475040896000053],[80.28970245100004,29.472030208000035],[80.29207788800005,29.47006002100005],[80.29370920200006,29.466522584000074],[80.29642695100006,29.463484896000068],[80.29820995100005,29.46041739700007],[80.30286613800007,29.457114646000036],[80.30451195100005,29.454459021000048],[80.30418907600006,29.453092646000073],[80.30111201400007,29.45108689600005],[80.29897376300005,29.45078239600008],[80.29801720100005,29.453179772000055],[80.29549176300003,29.453701084000045],[80.29140688800004,29.45074683300004],[80.28916082600006,29.450204771000074],[80.28773307600005,29.45165664600006],[80.28316082600008,29.450930521000032],[80.28162576400007,29.451229084000033],[80.28067245100004,29.45391958400006],[80.28227851400004,29.456766021000078],[80.28078957700006,29.458506271000033],[80.27714313900003,29.458414334000054],[80.27295963800003,29.456871147000072],[80.27086170100006,29.455034709000074],[80.27161626400004,29.453816208000035],[80.27477613900004,29.45321083400006],[80.27666951400005,29.451008209000065],[80.27549195100005,29.449463396000056],[80.27199926400004,29.450666959000046],[80.26886176400006,29.448612771000057],[80.26361188800007,29.449986959000057],[80.26097863900003,29.45168902100005],[80.25916363900006,29.45162708400005],[80.25731901400007,29.448045896000053],[80.25310163900008,29.447000396000078],[80.24769757700005,29.446728646000054],[80.24546101400006,29.445477521000043],[80.24464020100004,29.44376752100004],[80.24470295100008,29.441121834000057],[80.24692395100004,29.439586958000064],[80.24899620200006,29.436848833000056],[80.24905407600005,29.43239402200004],[80.24832076400008,29.429793396000036],[80.24567045100008,29.423457708000058],[80.24577720100007,29.420306958000026],[80.24764320100007,29.41608789600008],[80.24670182600005,29.414550896000037],[80.24466301300004,29.413474647000044],[80.24332695200007,29.411585708000075],[80.24488726400006,29.410500522000063],[80.24673670100003,29.408162709000067],[80.24963888900004,29.406338334000054],[80.25470257600006,29.40450345800008],[80.25659032600004,29.40340414600007],[80.25929201300005,29.40090170900004],[80.26239326300004,29.39972108300003],[80.26579945200007,29.397193084000037],[80.27086082600005,29.395529021000073],[80.27344613800005,29.39518670900003],[80.27549170100008,29.39388045800007],[80.27725263900004,29.391489834000026],[80.27460295100008,29.38785933300005],[80.27461676400003,29.386181084000043],[80.27677670100007,29.382854208000026],[80.27978963800007,29.38043877100006],[80.28016138800007,29.37807895800006],[80.27598807600003,29.376544959000057],[80.27298576400005,29.37365920900004],[80.27335001400007,29.37110533400005],[80.27596663800006,29.372382833000074],[80.27694045100003,29.36965633400007],[80.28065845100008,29.369841147000045],[80.28278226300006,29.369417208000073],[80.28476557600004,29.36980002100006],[80.28597545100007,29.371457771000053],[80.28798070200008,29.372668584000053],[80.28908576400005,29.374688958000036],[80.29093863900005,29.375605646000054],[80.29072788900004,29.377355021000028],[80.29377901300006,29.38136858400003],[80.29788326400006,29.382380521000073],[80.29899220100003,29.384299334000048],[80.29900632600004,29.386462708000067],[80.30063851400007,29.392528146000075],[80.30338351400007,29.392486146000067],[80.30426888900007,29.393503647000045],[80.30892270200007,29.39476402100007],[80.31199170100007,29.392670708000026],[80.31661595100007,29.39094620800006],[80.31888488800007,29.390838334000023],[80.32091601400003,29.38685808400004],[80.32310895100005,29.38424345900006],[80.32669226400003,29.383122396000033],[80.33077895100007,29.38687870900003],[80.32973988900005,29.38981952100005],[80.33162176400003,29.390399709000064],[80.33023857600006,29.392443271000047],[80.33140832600003,29.39462602100008],[80.33358370100007,29.395038459000034],[80.33583870100006,29.396536334000075],[80.33901613800003,29.39726495900004],[80.34601463800004,29.395693334000043],[80.34710688900003,29.394642959000066],[80.34933238900004,29.39497639600006],[80.35054682600008,29.396588459000043],[80.35204101400006,29.397141646000023],[80.35228413900006,29.40028970900005],[80.35304976400005,29.40290795900006],[80.35036338900005,29.405380772000058],[80.34979613800004,29.408592584000075],[80.34496501400008,29.409083271000043],[80.34045663900008,29.41062202100005],[80.33941357600008,29.411796646000028],[80.34248782600008,29.412827021000055],[80.34453845100006,29.414136459000076],[80.34527495100008,29.41600564600003],[80.34743763900008,29.418172834000075],[80.34754038900007,29.420550958000035],[80.34913476400004,29.420745959000044],[80.35224438800003,29.422554459000025],[80.35510170200007,29.422660834000055],[80.35568007600006,29.424069021000037],[80.35479420100006,29.425754334000032],[80.35675132700004,29.428215959000056],[80.35456857600008,29.435099146000027],[80.35805813900004,29.437432709000063],[80.35768451300004,29.43875733400006],[80.35927401300006,29.44054708300007],[80.36131201300003,29.441418584000075],[80.36281176300008,29.444755334000035],[80.36213276400008,29.44622289600005],[80.36441776400005,29.447129396000037],[80.36230226400005,29.448745709000036],[80.35696770100003,29.449184771000034],[80.35589545100004,29.450921021000056],[80.35271913900004,29.451359084000046],[80.35091176400005,29.453615084000035],[80.34774663900004,29.455408771000066],[80.34662438800007,29.45676577100005],[80.34998507600005,29.457409333000044],[80.35189707600006,29.458733834000043],[80.35268845100006,29.46014302100008],[80.35079920100003,29.465874833000044],[80.35554557600005,29.465751272000034],[80.35844482700008,29.468003083000042],[80.35713095200003,29.469690834000062],[80.35942538900008,29.470915583000078],[80.35893170100007,29.47297039600005],[80.36069588900006,29.474535459000037],[80.36271782600005,29.473956334000036],[80.36682638800005,29.474483521000025],[80.37166001400004,29.472848396000074],[80.37501563900008,29.47055202100006],[80.37803663900007,29.469454083000073],[80.38045407600004,29.469839772000057],[80.38188720100004,29.471423272000038],[80.38348888900003,29.47556108400005],[80.38623626300006,29.477049084000043],[80.39187570100006,29.47797733400006],[80.39503895100006,29.477197584000066],[80.39828476300005,29.47759364600006],[80.40051938800008,29.48126714700004],[80.40194576300007,29.48166158400005],[80.40529557600007,29.484988083000076],[80.40746151300004,29.48425108400005],[80.40995988900005,29.48576683400006],[80.41214332700008,29.485341147000042],[80.41914020100006,29.48686070900004]]]}},{"type":"Feature","properties":{"STATE_CODE":7,"DISTRICT":"BAITADI","GaPa_NaPa":"Patan","Type_GN":"Nagarpalika","Province":"Sudur Pashchim","provinceId":"7","provinceCode":"7","provinceName":"Sudurpashchim","districtId":"704","districtName":"Baitadi","municipalityId":"70409","municipalityCode":"70409","municipalityName":"Patan Urban Municipality","municipalityNameNe":"पाटन नगरपालिका","municipalityType":"municipality"},"geometry":{"type":"Polygon","coordinates":[[[80.66699445100005,29.489767021000034],[80.66128545100008,29.489294647000065],[80.65661288900003,29.48803520900003],[80.65644620100005,29.48939277100004],[80.65409007600005,29.489095708000036],[80.65316138800006,29.49064977100005],[80.65080738800003,29.49075414600003],[80.64996151400004,29.491541521000045],[80.64708351400003,29.49151583400004],[80.64550926400005,29.490699584000026],[80.64383882600004,29.488279083000066],[80.64127938800004,29.486681833000034],[80.64126557600008,29.48419808400007],[80.63978213800004,29.48343614600003],[80.63588263800006,29.48388795900007],[80.63396070200008,29.48642052100007],[80.63279476400004,29.488950646000035],[80.62994232700004,29.488520896000068],[80.62832807600006,29.48754864600005],[80.62864401300004,29.484695834000036],[80.62594082600003,29.48349945800004],[80.62601282600008,29.48537427100007],[80.62405345100007,29.48889914600005],[80.61966282600008,29.48881220900006],[80.61660776400004,29.488090584000076],[80.61187626400005,29.489164209000023],[80.61195201400005,29.491533084000025],[80.61042451400004,29.49204970900007],[80.61052751400007,29.494017084000063],[80.60921813900006,29.494462146000046],[80.60770913800008,29.496756521000066],[80.60625507600008,29.496664147000047],[80.60411126400004,29.497729272000072],[80.60356832600007,29.501973209000028],[80.60236676400007,29.503090771000075],[80.59886913900004,29.503093771000067],[80.59612901300005,29.503593083000055],[80.59085220100008,29.503204708000055],[80.58743563800004,29.504121333000057],[80.58503013800004,29.50389952200004],[80.58394207600008,29.504789521000077],[80.58029188800003,29.505574271000057],[80.57820907600006,29.50518420900005],[80.57771188800007,29.509795834000045],[80.57868251400004,29.51136445800006],[80.57851882600005,29.514070897000067],[80.57691232600007,29.513986833000047],[80.57672832600008,29.51125895800004],[80.57285420100004,29.50826664600004],[80.56587488800005,29.505356584000026],[80.56231713900007,29.504557584000054],[80.55560520100005,29.505155708000075],[80.55009263900007,29.50452133400006],[80.54767176300004,29.502029459000028],[80.54376726300006,29.501192709000065],[80.53848326300005,29.50176102100005],[80.53418720100007,29.50416652100006],[80.52758957600008,29.506144208000023],[80.52468251400006,29.50515933400004],[80.51920707600004,29.501149084000076],[80.51648338800004,29.505926083000077],[80.51249145100007,29.508293646000027],[80.51102570100005,29.509815459000038],[80.50957857700007,29.513493896000057],[80.50871476300006,29.518591083000047],[80.50534638900007,29.514511396000046],[80.50088926300003,29.51182383400004],[80.50150576300007,29.509227458000055],[80.50416276400006,29.506067959000063],[80.50432957600003,29.50286077100003],[80.50556557600004,29.497755959000074],[80.50786520100007,29.49278358400005],[80.51036257600003,29.489115834000074],[80.51089163800003,29.48605658400004],[80.50814595100007,29.485051646000045],[80.50506351400008,29.485978647000024],[80.50362407600005,29.487495958000068],[80.50172088800008,29.488145334000023],[80.49879445200008,29.486934209000026],[80.49503395200009,29.486513959000035],[80.49449570100006,29.487308209000048],[80.49562857600006,29.489572833000068],[80.49263757700004,29.491431584000054],[80.49032832600005,29.491664083000046],[80.48637876300006,29.49354608400006],[80.48425976400006,29.491640709000023],[80.48284776400004,29.491364521000037],[80.47627151400008,29.48828439600004],[80.47605763800004,29.485750334000045],[80.47801557600008,29.48362627100005],[80.47728851300008,29.481854833000057],[80.47876132600004,29.481301146000078],[80.48230920100008,29.481157084000074],[80.48325801300007,29.48000127100005],[80.48551238900006,29.480068646000063],[80.48779707600005,29.477832896000052],[80.48924407600003,29.47828508300006],[80.49077876400008,29.476283334000073],[80.49033351300005,29.472913646000052],[80.48711020200005,29.47209145800008],[80.48724795100003,29.47045877100004],[80.48541795100004,29.47013364600008],[80.48643951400004,29.466665833000036],[80.48907263900009,29.467341459000068],[80.49092151300005,29.466353709000032],[80.49361213800006,29.465854146000027],[80.49357545100008,29.46286727200004],[80.49433388900007,29.45937139600005],[80.49429482600004,29.457183084000064],[80.49223313900006,29.455988646000037],[80.49250088800005,29.45295327100007],[80.49530426300004,29.45178414700007],[80.49487301300007,29.448766458000023],[80.49254638900004,29.44613858400004],[80.49293451400007,29.444786584000042],[80.49166695100007,29.44352745900005],[80.48971538900008,29.444142646000046],[80.48708613800005,29.446379334000028],[80.48193570100005,29.44608420900005],[80.47854970200007,29.44233983400005],[80.47786570100004,29.440593397000043],[80.48014157600005,29.43981277100005],[80.47969988900007,29.437031834000038],[80.47748076400006,29.436750146000065],[80.47524882600004,29.435015646000068],[80.47497495100004,29.43351670900006],[80.47570201300005,29.428820646000077],[80.47004070100007,29.425396458000023],[80.47212201300005,29.423929396000062],[80.47401913900006,29.42383989600006],[80.47515776400007,29.42271652100004],[80.47807182600008,29.422969271000056],[80.47965713900004,29.420575271000075],[80.48030495100005,29.418292584000028],[80.47949232700006,29.416011022000077],[80.47538645100008,29.413181834000056],[80.47348820100007,29.413167646000034],[80.47215995100004,29.414795584000046],[80.47017995100003,29.413456834000044],[80.46854320100005,29.41327433300006],[80.46758413900005,29.411472584000023],[80.47115532600003,29.411392083000067],[80.47325682600007,29.406509709000034],[80.47152995100004,29.40545839600003],[80.46909132600007,29.40504489600005],[80.46608695100008,29.402325834000067],[80.46407588900007,29.399310771000046],[80.46219220200004,29.398845271000027],[80.46106670100005,29.39707889700003],[80.45952088900003,29.396055271000023],[80.46332076300007,29.39414858400005],[80.46580745100005,29.392162146000032],[80.46919395100008,29.39092370900005],[80.47080195200004,29.391500834000055],[80.47879845100005,29.387803396000038],[80.48150388800008,29.385702459000072],[80.48409663800004,29.386835959000052],[80.48788807600005,29.39081633400008],[80.48889426300008,29.392448958000045],[80.49151870100007,29.39436752200004],[80.49728188900008,29.396839209000063],[80.50110632600007,29.397424271000034],[80.50423488900003,29.39885033300004],[80.50929557600006,29.394364146000044],[80.51189813800005,29.394619583000065],[80.51799013900006,29.392345271000067],[80.52414888900006,29.39276664600004],[80.52487132600004,29.39230002100004],[80.53063032600005,29.39178127200006],[80.53375282600007,29.391993021000076],[80.53885745100007,29.393316896000044],[80.54449213900006,29.398574396000072],[80.54963013800005,29.398711459000026],[80.54906338900008,29.402138458000024],[80.54915326300005,29.405116458000066],[80.54979407600007,29.409091146000037],[80.54950276300008,29.411377709000078],[80.55060288900006,29.415053959000034],[80.55198763900006,29.41818070900007],[80.55408626300004,29.41851258300005],[80.55534032600008,29.417436209000073],[80.55807626400008,29.417258083000036],[80.56359582600004,29.415011396000068],[80.56664370100003,29.415770271000042],[80.57345138800008,29.41435977100008],[80.57799645100005,29.41181833400003],[80.57825701300004,29.40907608400005],[80.58039357600006,29.40609377100003],[80.58223601400005,29.401143397000055],[80.58328870100007,29.399272084000074],[80.58317813800005,29.396679709000068],[80.59349988900004,29.396059646000026],[80.59641645100004,29.396952834000047],[80.59921420100005,29.39711920900004],[80.60254251400005,29.396682458000043],[80.60781251300006,29.39680414600008],[80.61303457600008,29.39559220900003],[80.61731395100009,29.396538458000066],[80.62289995200007,29.394131583000046],[80.62439213800008,29.392913083000053],[80.62491870100007,29.38981502100006],[80.62818707300005,29.388220215000047],[80.63301182700008,29.387610963000043],[80.63435426400008,29.386536334000027],[80.63715695600007,29.38558977200006],[80.63984213900005,29.386939334000033],[80.64678876000005,29.386405206000063],[80.64900213900006,29.384525146000044],[80.65221138800007,29.38252802100004],[80.65577907500005,29.385079705000066],[80.65828282500007,29.389523458000042],[80.65931870100007,29.392138396000064],[80.66330676400008,29.392432771000074],[80.66435520000005,29.39304227200006],[80.66534594700005,29.395235214000024],[80.66731289400008,29.396699709000075],[80.67263520100005,29.399149271000056],[80.67622851400006,29.399539333000064],[80.67818507600003,29.399074771000073],[80.68039551400005,29.40162689600004],[80.68058601400008,29.404988708000076],[80.67950938900003,29.407361584000057],[80.67971645100005,29.409728459000064],[80.67766563900005,29.413269771000046],[80.67438507600008,29.414637896000045],[80.67397795100004,29.41595658400007],[80.67124076400006,29.417474834000075],[80.67061413900007,29.418930584000066],[80.67262001400007,29.419957458000056],[80.67556101300005,29.420521834000056],[80.67905451400003,29.42368852100003],[80.68378357600005,29.42510752100003],[80.68985063900004,29.422983208000062],[80.69102370100006,29.422252771000046],[80.69370045100004,29.421995021000043],[80.69800376300003,29.41983920900003],[80.70429445100007,29.419587084000057],[80.70720388800004,29.41739627100003],[80.70801976400008,29.414663959000052],[80.71372032600004,29.414315396000063],[80.71528926300005,29.414975209000033],[80.72028895100004,29.418631334000054],[80.71755107600006,29.42343958400005],[80.71428326300008,29.426778084000034],[80.71218707600008,29.429557396000064],[80.70766820100005,29.431259709000074],[80.70606238900007,29.43281495900004],[80.70441813900004,29.43536270800007],[80.70001070100005,29.437523084000077],[80.70012326300008,29.435709521000035],[80.69625495100007,29.43418258300005],[80.69288576300005,29.436394646000053],[80.69124013800007,29.438752709000028],[80.68720676400005,29.439059146000034],[80.68634982600008,29.43738102100008],[80.68328551400003,29.439131021000037],[80.68220938900004,29.442902584000024],[80.67699301400006,29.44598058400004],[80.67438751400005,29.448304522000058],[80.67280745100004,29.451332584000056],[80.67276938800006,29.452746896000065],[80.67441307600006,29.454323271000078],[80.67431682600005,29.456921771000054],[80.67500013900008,29.45836945900004],[80.67346901300004,29.461072771000033],[80.67381563800006,29.464114522000045],[80.67321576400008,29.46587714700007],[80.67360770100004,29.46946939600008],[80.67286232600003,29.47268445900005],[80.67514795100004,29.475275271000044],[80.67680863800007,29.47924508400007],[80.67703595100005,29.480736771000068],[80.67568726400003,29.48162227100005],[80.67489363900006,29.48407245900006],[80.67339595100003,29.485571209000057],[80.66782126300006,29.488158396000074],[80.66699445100005,29.489767021000034]]]}},{"type":"Feature","properties":{"STATE_CODE":7,"DISTRICT":"BAITADI","GaPa_NaPa":"Purchaudi","Type_GN":"Nagarpalika","Province":"Sudur Pashchim","provinceId":"7","provinceCode":"7","provinceName":"Sudurpashchim","districtId":"704","districtName":"Baitadi","municipalityId":"70403","municipalityCode":"70403","municipalityName":"Puchaundi Urban Municipality","municipalityNameNe":"पुचौंडी नगरपालिका","municipalityType":"municipality"},"geometry":{"type":"Polygon","coordinates":[[[80.76471626400007,29.661964959000045],[80.75994326300008,29.663348272000064],[80.75559632700003,29.66539533400004],[80.74882495100007,29.666930146000027],[80.74736638900004,29.66851095900006],[80.74703838900007,29.671068396000067],[80.74455607600004,29.67434358400004],[80.74122588800003,29.675862022000047],[80.73907220100006,29.67507508400007],[80.73611226400004,29.675982771000065],[80.73402382600005,29.67494552100004],[80.73702870100004,29.672014397000055],[80.73942757600008,29.665989397000033],[80.73814738900006,29.66472589600005],[80.73338607600004,29.66345314600005],[80.73153676300007,29.663390771000024],[80.72888013900007,29.664260522000063],[80.72757001400004,29.66578508400005],[80.72345788900003,29.665735959000074],[80.72051726300003,29.66756152100004],[80.71681495100006,29.671386209000048],[80.71550507600006,29.674685959000044],[80.71397395100007,29.676807584000073],[80.70918045100007,29.676152022000053],[80.70603826400009,29.677924896000036],[80.70396701300007,29.67849552200005],[80.69991513900004,29.67835558400003],[80.69686163900008,29.67962989700004],[80.69699982700007,29.677374459000077],[80.69619957600008,29.67632139600005],[80.69688782600008,29.67316489700005],[80.69590195100005,29.66987364700003],[80.69392845100003,29.668567522000046],[80.69129520100006,29.66901933400004],[80.68769851400003,29.670905708000078],[80.68701313800005,29.673353959000053],[80.68152270100006,29.675540271000045],[80.67532220100009,29.676041833000056],[80.67601582700007,29.671798084000045],[80.67700513900007,29.669504147000055],[80.67730082600008,29.66648208400005],[80.67858563900006,29.661991646000047],[80.68271882600004,29.657927646000076],[80.68371951400007,29.65653370900003],[80.68271995100008,29.654792084000064],[80.68050282600007,29.652912271000048],[80.67900238800007,29.65306195900007],[80.67517607600007,29.652269896000064],[80.67258901300005,29.651135646000057],[80.67211126400008,29.649528334000024],[80.66833013900003,29.645368209000026],[80.66515557600007,29.643487959000026],[80.66491888900003,29.638438896000025],[80.66546413900005,29.636087459000066],[80.66750963900006,29.634315021000077],[80.66483595200003,29.630446334000055],[80.66462513800008,29.624810834000073],[80.66242688800008,29.620356771000047],[80.66103857600007,29.613969334000046],[80.65928438800006,29.61537020800006],[80.65836282600003,29.617436396000073],[80.65615407600006,29.61697502100003],[80.65445513900005,29.61965727100005],[80.65496395100007,29.621977583000046],[80.65396213900004,29.62375477200004],[80.64846188900003,29.622585333000075],[80.64790657600008,29.620398021000028],[80.64623238900003,29.61943033400007],[80.64460770100004,29.621749459000057],[80.64289482600003,29.620592146000035],[80.64275645200007,29.618277334000027],[80.64150376300006,29.617872396000053],[80.63603832600006,29.619700521000027],[80.63510520100004,29.61783239600004],[80.63267995100006,29.61818889600005],[80.63032288900007,29.620187771000076],[80.62921270200007,29.620186896000064],[80.62768745100004,29.618517834000045],[80.62487645100003,29.618006896000054],[80.62302901400005,29.61952208400004],[80.62085963900006,29.617104459000075],[80.61805801400004,29.616943021000054],[80.61925426400006,29.615340334000052],[80.61841032700005,29.61260158400006],[80.61663126300004,29.61097002200006],[80.61713301300006,29.60902020900005],[80.61626682700006,29.60664683400006],[80.61457445100007,29.605263646000026],[80.61468495100007,29.603693959000054],[80.61655445100007,29.601939834000063],[80.61525657600004,29.59761389600004],[80.61521501300007,29.59591064600005],[80.61395757600008,29.594050459000073],[80.61504495100007,29.592503959000055],[80.61548163900005,29.590420834000042],[80.61509338900004,29.58833302100004],[80.61285826300008,29.58704527200007],[80.61083801400008,29.587709334000067],[80.60688707600008,29.587140459000068],[80.60389013900004,29.587303021000025],[80.60252545100008,29.58483108400003],[80.60166570100006,29.581789959000048],[80.59891657600008,29.579947709000066],[80.58910807600006,29.578846209000062],[80.58826851400005,29.577296084000068],[80.58718220100008,29.572805897000023],[80.58891870100007,29.568171084000028],[80.58864770100007,29.56572495900008],[80.58735476300006,29.563679396000055],[80.58824132600006,29.559748021000075],[80.58779395100004,29.557912646000034],[80.58880701300006,29.554802771000027],[80.58876613900003,29.54953302100006],[80.59280738800004,29.548273209000058],[80.59633732600008,29.549777334000055],[80.59856320100005,29.551922584000067],[80.60007888900003,29.552617459000032],[80.60342145100003,29.55211989600008],[80.60849638900004,29.55241239600008],[80.61256926400006,29.55382295900006],[80.62082045100004,29.55163377100007],[80.62107463800004,29.547384521000026],[80.62278413800004,29.54262733400003],[80.62583920100008,29.53925683400007],[80.62687313800006,29.539677022000035],[80.63178257600003,29.54518139700008],[80.63434845100005,29.546589334000032],[80.63731476300006,29.545972584000026],[80.64084838900004,29.541939771000045],[80.64274120100004,29.54086658400007],[80.64805088900005,29.54599920900006],[80.65335601400005,29.548832959000038],[80.65548726400004,29.549447584000063],[80.65947495100005,29.551510584000027],[80.66319882600004,29.554103084000076],[80.66622838900008,29.55476939600004],[80.66936970100005,29.55449983400007],[80.67306176300008,29.553056209000033],[80.67614782600003,29.55238239600004],[80.68121807600005,29.553434708000054],[80.68396595100006,29.55323820800004],[80.68673013900008,29.55233339600005],[80.69203432600005,29.54891470900003],[80.69532932600004,29.54765677200004],[80.69771513900008,29.546153084000025],[80.70218695100004,29.54482095900005],[80.70530920100003,29.542526959000043],[80.71013982600005,29.541490834000058],[80.71368488900004,29.54035708300006],[80.71553157600005,29.537647271000026],[80.71824532600004,29.536764272000028],[80.72040701400005,29.534479146000024],[80.72112145100004,29.53100439600007],[80.72585820100005,29.529951709000045],[80.73024795100008,29.53155783300008],[80.73456038900008,29.53009570900008],[80.73855338900006,29.530168959000036],[80.74061132600008,29.531276209000055],[80.74193563800003,29.53394970900007],[80.74388313900005,29.534687897000026],[80.74548132600006,29.532459896000034],[80.74697463800004,29.533130647000064],[80.75000007200003,29.530654423000044],[80.74919701400006,29.53247502100004],[80.74853901300008,29.539264583000033],[80.74774832600008,29.54206664700007],[80.74838670100007,29.54325158300003],[80.74854732700004,29.54800895900007],[80.74900895100006,29.551434959000062],[80.74999820100004,29.55326277100005],[80.75249745100007,29.553717771000038],[80.75654976400006,29.556204709000042],[80.75789813900008,29.556526896000037],[80.76220420200008,29.555605271000047],[80.76356795100008,29.55573177200006],[80.76911576400005,29.55385339700007],[80.77134901400007,29.55369027100005],[80.77298120100005,29.551852334000046],[80.77445620100008,29.55369333400006],[80.77606907600006,29.55677758300004],[80.77632545100005,29.558420271000045],[80.77859838800003,29.56077239600006],[80.77823663800007,29.562614772000074],[80.77727282600006,29.566303709000067],[80.77854257600006,29.568606896000063],[80.78108445100008,29.569948709000073],[80.78163538900003,29.57206789600008],[80.77875863800006,29.575020521000056],[80.77865720200003,29.578043146000027],[80.78029038800008,29.579586584000026],[80.77901532600004,29.583044959000063],[80.77946107600008,29.586833209000076],[80.78044088900003,29.589194459000055],[80.78284213800003,29.590170646000047],[80.78680451300005,29.597373209000068],[80.78830638800008,29.60266777100003],[80.78770363800004,29.604351896000026],[80.78760095100006,29.607938459000025],[80.78944788900003,29.613310271000046],[80.78656557600004,29.617217209000046],[80.78516895200005,29.623520022000037],[80.78555013900007,29.62561633400003],[80.78385076400008,29.628124272000036],[80.78380070100008,29.63055595900005],[80.78256488900007,29.632933896000054],[80.78317632700004,29.634243209000033],[80.78531795200007,29.634697834000065],[80.79255713800006,29.641377584000054],[80.79131820100008,29.643130647000078],[80.78766270100004,29.644209896000064],[80.78602757600004,29.64546377100004],[80.78041651400008,29.644076272000063],[80.77752976300008,29.642242021000072],[80.77323370100004,29.642318209000052],[80.77025207600008,29.64482152100004],[80.76837832600006,29.645014522000054],[80.76365495100003,29.647480834000078],[80.76590745200008,29.651161771000034],[80.76530476300007,29.656437022000034],[80.76613307600007,29.65901014600007],[80.76471626400007,29.661964959000045]]]}},{"type":"Feature","properties":{"STATE_CODE":7,"DISTRICT":"BAITADI","GaPa_NaPa":"Shivanath","Type_GN":"Gaunpalika","Province":"Sudur Pashchim","provinceId":"7","provinceCode":"7","provinceName":"Sudurpashchim","districtId":"704","districtName":"Baitadi","municipalityId":"70407","municipalityCode":"70407","municipalityName":"Shivanath Rural Municipality","municipalityNameNe":"शिवनाथ गाउँपालिका","municipalityType":"rural_municipality"},"geometry":{"type":"Polygon","coordinates":[[[80.37004251400003,29.350049333000072],[80.36637932600007,29.354241396000077],[80.36796376300003,29.354954896000038],[80.36953338900008,29.35739195900004],[80.37040307600006,29.361073084000054],[80.36948595100006,29.365463146000025],[80.36996151400007,29.368170146000068],[80.37219870200005,29.369304084000078],[80.37402432600004,29.37241670800006],[80.37547288900004,29.373079958000062],[80.37629482600005,29.376932271000044],[80.37469701400005,29.38008520900007],[80.37404288900007,29.383481709000023],[80.37262738900006,29.385489521000068],[80.37492826300007,29.388917896000066],[80.37725632600007,29.39081920800004],[80.37789457600007,29.392814083000076],[80.37809970100005,29.396471708000036],[80.38199257600007,29.398017021000044],[80.38493757600008,29.39794495800004],[80.38849707600008,29.40119164600003],[80.39168338800005,29.40150402100005],[80.39097888900005,29.40472214600004],[80.39297051300008,29.407203646000028],[80.38987120100006,29.41170564600003],[80.38678126300005,29.40957320900003],[80.38461032600003,29.410253522000062],[80.38101157600005,29.40983077100003],[80.37943401300004,29.411176959000045],[80.37957682700005,29.414974208000046],[80.37823238900006,29.416783896000027],[80.37600620100005,29.416252334000035],[80.37152226400008,29.417812584000046],[80.37210013900005,29.42121714600006],[80.37334963800004,29.420828209000035],[80.37579738900007,29.422536084000058],[80.38094388800005,29.422756396000068],[80.38071076400007,29.42401402200005],[80.37867182700006,29.424545959000056],[80.37663195100004,29.426129021000065],[80.37694545200003,29.427957709000054],[80.37551513900007,29.43008952100007],[80.37749913800008,29.431869646000052],[80.37838670100007,29.43503645900006],[80.37996182700005,29.438179396000066],[80.37589607700005,29.442381021000074],[80.37585201400003,29.44305308400004],[80.38164326400005,29.44496595800007],[80.38132295100007,29.447581209000077],[80.38186257700005,29.449338709000074],[80.38098407600006,29.453631959000063],[80.38145926400006,29.457660834000023],[80.37853138900005,29.458278834000055],[80.37448538900009,29.459665271000063],[80.37121801400008,29.45600445900004],[80.36990751400003,29.455348584000035],[80.36726088900008,29.451873333000037],[80.36461626400006,29.451470521000033],[80.36284707700008,29.450604834000046],[80.36230226400005,29.448745709000036],[80.36441776400005,29.447129396000037],[80.36213276400008,29.44622289600005],[80.36281176300008,29.444755334000035],[80.36131201300003,29.441418584000075],[80.35927401300006,29.44054708300007],[80.35768451300004,29.43875733400006],[80.35805813900004,29.437432709000063],[80.35456857600008,29.435099146000027],[80.35675132700004,29.428215959000056],[80.35479420100006,29.425754334000032],[80.35568007600006,29.424069021000037],[80.35510170200007,29.422660834000055],[80.35224438800003,29.422554459000025],[80.34913476400004,29.420745959000044],[80.34754038900007,29.420550958000035],[80.34743763900008,29.418172834000075],[80.34527495100008,29.41600564600003],[80.34453845100006,29.414136459000076],[80.34248782600008,29.412827021000055],[80.33941357600008,29.411796646000028],[80.34045663900008,29.41062202100005],[80.34496501400008,29.409083271000043],[80.34979613800004,29.408592584000075],[80.35036338900005,29.405380772000058],[80.35304976400005,29.40290795900006],[80.35228413900006,29.40028970900005],[80.35204101400006,29.397141646000023],[80.35054682600008,29.396588459000043],[80.34933238900004,29.39497639600006],[80.34710688900003,29.394642959000066],[80.34601463800004,29.395693334000043],[80.33901613800003,29.39726495900004],[80.33583870100006,29.396536334000075],[80.33358370100007,29.395038459000034],[80.33140832600003,29.39462602100008],[80.33023857600006,29.392443271000047],[80.33162176400003,29.390399709000064],[80.32973988900005,29.38981952100005],[80.33077895100007,29.38687870900003],[80.32669226400003,29.383122396000033],[80.32310895100005,29.38424345900006],[80.32091601400003,29.38685808400004],[80.31888488800007,29.390838334000023],[80.31661595100007,29.39094620800006],[80.31199170100007,29.392670708000026],[80.30892270200007,29.39476402100007],[80.30426888900007,29.393503647000045],[80.30338351400007,29.392486146000067],[80.30063851400007,29.392528146000075],[80.29900632600004,29.386462708000067],[80.29899220100003,29.384299334000048],[80.29788326400006,29.382380521000073],[80.29377901300006,29.38136858400003],[80.29072788900004,29.377355021000028],[80.29093863900005,29.375605646000054],[80.28908576400005,29.374688958000036],[80.28798070200008,29.372668584000053],[80.28597545100007,29.371457771000053],[80.28476557600004,29.36980002100006],[80.28278226300006,29.369417208000073],[80.28065845100008,29.369841147000045],[80.27694045100003,29.36965633400007],[80.27596663800006,29.372382833000074],[80.27335001400007,29.37110533400005],[80.27358188900007,29.370456958000034],[80.27280845200005,29.364504084000032],[80.27372357600007,29.36292552100008],[80.28040301300007,29.36006302100003],[80.28123013800007,29.358483896000052],[80.28145851300008,29.354196771000034],[80.28084582600007,29.35040820900008],[80.28182301300006,29.346242458000063],[80.28505088800006,29.34181577100003],[80.28757988900009,29.339550958000075],[80.29143045200004,29.33744652100006],[80.29296995100003,29.334749834000036],[80.29227938900004,29.33260320900007],[80.29257957600004,29.330653459000075],[80.29789201400007,29.324209521000057],[80.29906407600004,29.32367652100004],[80.30164107600007,29.323940333000053],[80.30499707600006,29.32312777100003],[80.30836932600005,29.323183646000075],[80.31130820100003,29.32207770900004],[80.31503888800006,29.31794389600003],[80.31809601400005,29.315622458000064],[80.31869351300008,29.313347084000043],[80.32285526300006,29.310004708000065],[80.32704838800004,29.308413146000078],[80.32812045100007,29.308506459000057],[80.33579507600007,29.31221058400007],[80.33725670100006,29.31481208400004],[80.33494138900005,29.318270083000073],[80.33559757600005,29.319800521000047],[80.33793538900005,29.320678396000062],[80.34184820100006,29.323334834000036],[80.34409957600008,29.32386702100007],[80.34543570100004,29.32708139600004],[80.34885051400005,29.326798084000075],[80.35229276400008,29.327854772000023],[80.35209501400004,29.33064427100004],[80.35255095100007,29.332329396000034],[80.35522751400003,29.334219209000025],[80.35623763900008,29.330957584000032],[80.35903607600005,29.32977770900004],[80.36245588800006,29.327190834000078],[80.36497682600003,29.327723958000036],[80.36364770100005,29.33095252100003],[80.36426438800004,29.33269695900003],[80.36604376400004,29.333585209000034],[80.36821138900007,29.33265483300005],[80.36868713800004,29.334991896000076],[80.37196545100005,29.335860084000046],[80.37369013800003,29.338008959000035],[80.37311638900007,29.338836396000033],[80.36993382600008,29.339080833000025],[80.36742888900005,29.340449584000055],[80.36915345100005,29.345240209000053],[80.36918888900004,29.348957959000074],[80.37004251400003,29.350049333000072]]]}},{"type":"Feature","properties":{"STATE_CODE":7,"DISTRICT":"BAITADI","GaPa_NaPa":"Sigas","Type_GN":"Gaunpalika","Province":"Sudur Pashchim","provinceId":"7","provinceCode":"7","provinceName":"Sudurpashchim","districtId":"704","districtName":"Baitadi","municipalityId":"70410","municipalityCode":"70410","municipalityName":"Sigas Rural Municipality","municipalityNameNe":"सिगास गाउँपालिका","municipalityType":"rural_municipality"},"geometry":{"type":"Polygon","coordinates":[[[80.75000007200003,29.530654423000044],[80.74697463800004,29.533130647000064],[80.74548132600006,29.532459896000034],[80.74388313900005,29.534687897000026],[80.74193563800003,29.53394970900007],[80.74061132600008,29.531276209000055],[80.73855338900006,29.530168959000036],[80.73456038900008,29.53009570900008],[80.73024795100008,29.53155783300008],[80.72585820100005,29.529951709000045],[80.72112145100004,29.53100439600007],[80.72391401300007,29.527759521000064],[80.72405713900008,29.524561022000057],[80.72044320100008,29.523197709000044],[80.71867095100004,29.519313959000044],[80.71517001400008,29.518674834000024],[80.71343851300009,29.517574834000072],[80.71203957600005,29.515300084000046],[80.71252882600004,29.512163272000066],[80.71053888800003,29.511879271000055],[80.70828326400004,29.510024522000037],[80.70478326400007,29.503759084000023],[80.70358145100005,29.502229146000047],[80.70088276400008,29.50053352100008],[80.70028138800006,29.49743714600004],[80.70094457600004,29.495196271000054],[80.70040588800003,29.492808396000044],[80.69821901400007,29.492225959000052],[80.69613676300008,29.490935334000028],[80.69196863900004,29.491376959000036],[80.68769820100005,29.492964146000077],[80.68342126300007,29.493461584000045],[80.67928307600005,29.494719458000077],[80.67800101400007,29.49262520900004],[80.67585226400007,29.491144646000066],[80.67181695100004,29.491888209000024],[80.66886513800006,29.491251522000027],[80.66699445100005,29.489767021000034],[80.66782126300006,29.488158396000074],[80.67339595100003,29.485571209000057],[80.67489363900006,29.48407245900006],[80.67568726400003,29.48162227100005],[80.67703595100005,29.480736771000068],[80.67680863800007,29.47924508400007],[80.67514795100004,29.475275271000044],[80.67286232600003,29.47268445900005],[80.67360770100004,29.46946939600008],[80.67321576400008,29.46587714700007],[80.67381563800006,29.464114522000045],[80.67346901300004,29.461072771000033],[80.67500013900008,29.45836945900004],[80.67431682600005,29.456921771000054],[80.67441307600006,29.454323271000078],[80.67276938800006,29.452746896000065],[80.67280745100004,29.451332584000056],[80.67438751400005,29.448304522000058],[80.67699301400006,29.44598058400004],[80.68220938900004,29.442902584000024],[80.68328551400003,29.439131021000037],[80.68634982600008,29.43738102100008],[80.68720676400005,29.439059146000034],[80.69124013800007,29.438752709000028],[80.69288576300005,29.436394646000053],[80.69625495100007,29.43418258300005],[80.70012326300008,29.435709521000035],[80.70001070100005,29.437523084000077],[80.70441813900004,29.43536270800007],[80.70606238900007,29.43281495900004],[80.70766820100005,29.431259709000074],[80.71218707600008,29.429557396000064],[80.71428326300008,29.426778084000034],[80.71755107600006,29.42343958400005],[80.72028895100004,29.418631334000054],[80.72125620100007,29.41627820800005],[80.72165270100004,29.41199064600005],[80.72375151400007,29.408987834000072],[80.72883507600005,29.407134959000075],[80.73022295100003,29.40598502200004],[80.73406745100004,29.404460959000062],[80.74030482600006,29.40286483400007],[80.74310663800009,29.401708459000076],[80.74701976400007,29.401059458000077],[80.74819182600004,29.400463959000035],[80.75459557600004,29.400196083000026],[80.75923176400005,29.399469147000048],[80.76362138900004,29.399758959000053],[80.76610995100003,29.400376958000038],[80.76923013900006,29.39953870900007],[80.76710513900008,29.394542708000074],[80.76519213900008,29.39322420900004],[80.76423651400006,29.391510271000072],[80.76486638900008,29.388407271000062],[80.76419557600008,29.385529833000078],[80.76999826400004,29.38258920800007],[80.78024195100005,29.37941664600004],[80.78148788800007,29.378101271000048],[80.78221982600007,29.375934521000033],[80.78505145100007,29.375039834000063],[80.78667538800005,29.372887271000025],[80.78748463800008,29.370625896000035],[80.78747251400006,29.366386958000078],[80.79289782600006,29.36520895900003],[80.79735532600006,29.365797833000045],[80.80302413900006,29.36486558400003],[80.80820095100006,29.366292084000065],[80.80994907600007,29.366461521000076],[80.81325532600005,29.365035959000068],[80.81634976400005,29.364805646000036],[80.81882176400006,29.366133271000024],[80.82125870100003,29.36912333300006],[80.82245157600005,29.36981527100005],[80.82764588800006,29.37090939600006],[80.83154901300009,29.375123896000048],[80.83492482600008,29.379858771000045],[80.83749563900005,29.381177209000043],[80.83921657700006,29.380385146000037],[80.84019357600005,29.378874834000044],[80.84287301400008,29.37679358400004],[80.84718813900008,29.375408959000026],[80.85032795100005,29.37578927100003],[80.85240020100008,29.376646583000024],[80.85484238900005,29.378618646000064],[80.86012495100005,29.387559896000027],[80.86081163800003,29.389581959000054],[80.86126145100008,29.394349146000025],[80.86184045100003,29.39645445800005],[80.86142501400008,29.39836702100007],[80.85898895100007,29.40131745800005],[80.85542132600006,29.40385602200007],[80.85368832600005,29.405904771000053],[80.85413176400004,29.40795358400004],[80.85880970200003,29.408921959000054],[80.86321757600007,29.41098389600006],[80.86350082600006,29.414327396000033],[80.86514470100008,29.414089959000023],[80.86955788800003,29.41154970900004],[80.87504626300006,29.411629396000023],[80.87823426400007,29.413482146000035],[80.88031845100005,29.41682508300005],[80.88210463800004,29.418547896000064],[80.88454551400008,29.419921646000034],[80.88786413900004,29.422877396000047],[80.89104826400006,29.423405708000075],[80.89340170100007,29.42454683300008],[80.89472376400005,29.426054771000054],[80.89863601300004,29.43212164600004],[80.90096063800007,29.432703209000067],[80.90238695100004,29.434211146000052],[80.90284795200006,29.436203396000053],[80.90394663900008,29.43710658400005],[80.90908757600005,29.438560771000027],[80.90995845100008,29.441426334000028],[80.90445757600008,29.443003834000024],[80.90341313900007,29.443898709000052],[80.89921688800007,29.44414370900006],[80.89064426400006,29.44243602100005],[80.88704382600008,29.44199539600004],[80.88480876300008,29.44328608400008],[80.88566282600004,29.446740583000064],[80.88127370200004,29.45312089600003],[80.88039357600007,29.45574595900007],[80.87856095100005,29.45886420900007],[80.87782738900006,29.462793271000066],[80.87660713900004,29.46456752100005],[80.87480507600003,29.464640271000064],[80.87280170100007,29.466465646000074],[80.87009832600006,29.46672470900006],[80.86496651400006,29.465514959000075],[80.86116132600006,29.46724808400006],[80.85808838900005,29.469060771000045],[80.85658332600008,29.472763334000035],[80.85650907700006,29.47521089600008],[80.85404882700004,29.47724302100005],[80.85437132600003,29.47953758400007],[80.85189045100003,29.481472646000043],[80.84932532700003,29.484485833000065],[80.84815245100003,29.487538959000062],[80.84659545200003,29.489377959000024],[80.84252470100006,29.490963584000042],[80.83634338900004,29.494026396000038],[80.83082613800008,29.49757695900007],[80.82756701400007,29.50000008300003],[80.82430470100007,29.500810209000065],[80.82425238800005,29.503458521000027],[80.82563913800004,29.508962396000072],[80.82439607600008,29.511002271000052],[80.81998032600006,29.51335602100005],[80.81797038800005,29.515936208000028],[80.81589482600003,29.51430689600005],[80.81174013800006,29.513376208000068],[80.80856707600003,29.513913083000034],[80.80637682600008,29.515218271000037],[80.80280820100006,29.51285339700007],[80.80078588800006,29.512166896000053],[80.80037320100007,29.51101127100003],[80.79702113800005,29.50771039600005],[80.79432551300005,29.506558022000036],[80.79002295100008,29.506774584000027],[80.78797907600006,29.507727834000036],[80.78657057600003,29.513570521000076],[80.78349051400005,29.51775464700006],[80.78280826300005,29.52006808400006],[80.78338501400003,29.52157589600006],[80.78232970100004,29.523252521000074],[80.77760670100008,29.524462896000045],[80.77518445100003,29.524093334000042],[80.77249763800006,29.52453545800006],[80.77019045100008,29.52617377100006],[80.76543576400007,29.52648577100007],[80.76229457600004,29.528147271000023],[80.75888876400006,29.528064458000074],[80.75528751300004,29.529758771000047],[80.75136613800004,29.529891771000052],[80.75000007200003,29.530654423000044]]]}},{"type":"Feature","properties":{"STATE_CODE":7,"DISTRICT":"BAITADI","GaPa_NaPa":"Surnaya","Type_GN":"Gaunpalika","Province":"Sudur Pashchim","provinceId":"7","provinceCode":"7","provinceName":"Sudurpashchim","districtId":"704","districtName":"Baitadi","municipalityId":"70404","municipalityCode":"70404","municipalityName":"Surnaya Rural Municipality","municipalityNameNe":"सुर्नया गाउँपालिका","municipalityType":"rural_municipality"},"geometry":{"type":"Polygon","coordinates":[[[80.58876613900003,29.54953302100006],[80.58457820100006,29.549271958000077],[80.58000126300004,29.54830552100003],[80.57806426400003,29.54917914600003],[80.57659132600008,29.548412021000047],[80.57241132600006,29.549715959000025],[80.56422307600008,29.552894958000024],[80.56300138800003,29.553942146000054],[80.55999651300004,29.554906708000033],[80.55688563900003,29.55516033400005],[80.55384188900007,29.554802709000057],[80.55149170200008,29.555158022000057],[80.54834288900008,29.553784896000025],[80.54497082600005,29.55411620900003],[80.54110688800006,29.552338896000037],[80.53931263900006,29.550306959000068],[80.53632432600006,29.548383584000078],[80.53318407700004,29.547055209000064],[80.53012907700008,29.546279709000032],[80.52801370100008,29.543881084000077],[80.52524213800007,29.54280195900003],[80.52417963900007,29.547600771000077],[80.52313032600006,29.549433271000055],[80.52137076400004,29.550040522000074],[80.51851432600006,29.553301084000054],[80.51641532600007,29.55696814600003],[80.51144832700004,29.561542833000033],[80.50823601400003,29.561896396000066],[80.50783138800006,29.564917709000042],[80.50612901400007,29.567092772000024],[80.50638470100006,29.568106584000077],[80.50580207600007,29.572160334000046],[80.50503751400004,29.573228959000062],[80.50120976300008,29.575206584000057],[80.49781738900003,29.575209521000033],[80.49282676300004,29.574087459000054],[80.49086070100003,29.573179896000056],[80.48357257600009,29.57166520800007],[80.47963695100003,29.56893608400003],[80.48192882700005,29.56016545800003],[80.48390495100006,29.55578564600006],[80.48459545200006,29.549057021000067],[80.48604882600006,29.545834583000044],[80.48752807600005,29.54474845900006],[80.49030663800005,29.545266708000042],[80.50015838800005,29.539833834000035],[80.50262613900009,29.53525927100003],[80.50734657700008,29.531340459000035],[80.50799007600006,29.527237209000077],[80.51140295100004,29.524975958000027],[80.51174382700003,29.52050845900004],[80.50871476300006,29.518591083000047],[80.50957857700007,29.513493896000057],[80.51102570100005,29.509815459000038],[80.51249145100007,29.508293646000027],[80.51648338800004,29.505926083000077],[80.51920707600004,29.501149084000076],[80.52468251400006,29.50515933400004],[80.52758957600008,29.506144208000023],[80.53418720100007,29.50416652100006],[80.53848326300005,29.50176102100005],[80.54376726300006,29.501192709000065],[80.54767176300004,29.502029459000028],[80.55009263900007,29.50452133400006],[80.55560520100005,29.505155708000075],[80.56231713900007,29.504557584000054],[80.56587488800005,29.505356584000026],[80.57285420100004,29.50826664600004],[80.57672832600008,29.51125895800004],[80.57691232600007,29.513986833000047],[80.57851882600005,29.514070897000067],[80.57868251400004,29.51136445800006],[80.57771188800007,29.509795834000045],[80.57820907600006,29.50518420900005],[80.58029188800003,29.505574271000057],[80.58394207600008,29.504789521000077],[80.58503013800004,29.50389952200004],[80.58743563800004,29.504121333000057],[80.59085220100008,29.503204708000055],[80.59612901300005,29.503593083000055],[80.59886913900004,29.503093771000067],[80.60236676400007,29.503090771000075],[80.60356832600007,29.501973209000028],[80.60411126400004,29.497729272000072],[80.60625507600008,29.496664147000047],[80.60770913800008,29.496756521000066],[80.60921813900006,29.494462146000046],[80.61052751400007,29.494017084000063],[80.61042451400004,29.49204970900007],[80.61195201400005,29.491533084000025],[80.61187626400005,29.489164209000023],[80.61660776400004,29.488090584000076],[80.61966282600008,29.48881220900006],[80.62405345100007,29.48889914600005],[80.62601282600008,29.48537427100007],[80.62594082600003,29.48349945800004],[80.62864401300004,29.484695834000036],[80.62832807600006,29.48754864600005],[80.62994232700004,29.488520896000068],[80.63279476400004,29.488950646000035],[80.63396070200008,29.48642052100007],[80.63588263800006,29.48388795900007],[80.63978213800004,29.48343614600003],[80.64126557600008,29.48419808400007],[80.64127938800004,29.486681833000034],[80.64383882600004,29.488279083000066],[80.64550926400005,29.490699584000026],[80.64708351400003,29.49151583400004],[80.64996151400004,29.491541521000045],[80.65080738800003,29.49075414600003],[80.65316138800006,29.49064977100005],[80.65409007600005,29.489095708000036],[80.65644620100005,29.48939277100004],[80.65661288900003,29.48803520900003],[80.66128545100008,29.489294647000065],[80.66699445100005,29.489767021000034],[80.66886513800006,29.491251522000027],[80.67181695100004,29.491888209000024],[80.67585226400007,29.491144646000066],[80.67800101400007,29.49262520900004],[80.67928307600005,29.494719458000077],[80.68342126300007,29.493461584000045],[80.68769820100005,29.492964146000077],[80.69196863900004,29.491376959000036],[80.69613676300008,29.490935334000028],[80.69821901400007,29.492225959000052],[80.70040588800003,29.492808396000044],[80.70094457600004,29.495196271000054],[80.70028138800006,29.49743714600004],[80.70088276400008,29.50053352100008],[80.70358145100005,29.502229146000047],[80.70478326400007,29.503759084000023],[80.70828326400004,29.510024522000037],[80.71053888800003,29.511879271000055],[80.71252882600004,29.512163272000066],[80.71203957600005,29.515300084000046],[80.71343851300009,29.517574834000072],[80.71517001400008,29.518674834000024],[80.71867095100004,29.519313959000044],[80.72044320100008,29.523197709000044],[80.72405713900008,29.524561022000057],[80.72391401300007,29.527759521000064],[80.72112145100004,29.53100439600007],[80.72040701400005,29.534479146000024],[80.71824532600004,29.536764272000028],[80.71553157600005,29.537647271000026],[80.71368488900004,29.54035708300006],[80.71013982600005,29.541490834000058],[80.70530920100003,29.542526959000043],[80.70218695100004,29.54482095900005],[80.69771513900008,29.546153084000025],[80.69532932600004,29.54765677200004],[80.69203432600005,29.54891470900003],[80.68673013900008,29.55233339600005],[80.68396595100006,29.55323820800004],[80.68121807600005,29.553434708000054],[80.67614782600003,29.55238239600004],[80.67306176300008,29.553056209000033],[80.66936970100005,29.55449983400007],[80.66622838900008,29.55476939600004],[80.66319882600004,29.554103084000076],[80.65947495100005,29.551510584000027],[80.65548726400004,29.549447584000063],[80.65335601400005,29.548832959000038],[80.64805088900005,29.54599920900006],[80.64274120100004,29.54086658400007],[80.64084838900004,29.541939771000045],[80.63731476300006,29.545972584000026],[80.63434845100005,29.546589334000032],[80.63178257600003,29.54518139700008],[80.62687313800006,29.539677022000035],[80.62583920100008,29.53925683400007],[80.62278413800004,29.54262733400003],[80.62107463800004,29.547384521000026],[80.62082045100004,29.55163377100007],[80.61256926400006,29.55382295900006],[80.60849638900004,29.55241239600008],[80.60342145100003,29.55211989600008],[80.60007888900003,29.552617459000032],[80.59856320100005,29.551922584000067],[80.59633732600008,29.549777334000055],[80.59280738800004,29.548273209000058],[80.58876613900003,29.54953302100006]]]}},{"type":"Feature","properties":{"STATE_CODE":7,"DISTRICT":"DARCHULA","GaPa_NaPa":"Apihimal","Type_GN":"Gaunpalika","Province":"Sudur Pashchim","provinceId":"7","provinceCode":"7","provinceName":"Sudurpashchim","districtId":"703","districtName":"Darchula","municipalityId":"70305","municipalityCode":"70305","municipalityName":"Apihimal Rural Municipality","municipalityNameNe":"अपिहिमाल गाउँपालिका","municipalityType":"rural_municipality"},"geometry":{"type":"Polygon","coordinates":[[[81.01669620200005,29.980731209000055],[81.01158613800004,29.981212209000034],[81.00707076400005,29.982507272000078],[81.00327238900007,29.983157084000027],[80.99594038800007,29.986502271000063],[80.99174076400004,29.98693970900007],[80.98828151400005,29.988150709000024],[80.98392882600007,29.987435210000058],[80.98037826400008,29.98777758500006],[80.97336795100006,29.985721397000077],[80.97013863900008,29.986350084000037],[80.96543888900004,29.984853396000062],[80.95990538800004,29.982717897000043],[80.95639595100005,29.98098677200005],[80.95444907600006,29.977505459000042],[80.95295345100004,29.975887584000077],[80.95039838800005,29.97453095900005],[80.94625207600006,29.97161052200005],[80.94602795200007,29.968628334000073],[80.94474820100004,29.967150271000037],[80.94435282600006,29.96481545900008],[80.94191701400007,29.96620395900004],[80.93827657600008,29.96683164700005],[80.93462032600007,29.968264522000027],[80.92874095100007,29.967999771000052],[80.92513501400003,29.96907377100007],[80.92187607700004,29.969367397000042],[80.91851738900004,29.968902897000078],[80.91591013900006,29.970351709000056],[80.91284982700006,29.973094897000067],[80.90710226400006,29.976677584000072],[80.90182588900007,29.980318959000044],[80.89770107700008,29.98253539700005],[80.89136145100008,29.984551459000045],[80.88683920100004,29.98667252200005],[80.88395907600005,29.98880164700006],[80.87441726400004,29.991950897000038],[80.87275676300004,29.992948584000032],[80.86726201300007,29.99307395900007],[80.86645320100007,29.992078396000068],[80.86500326300006,29.987549709000064],[80.86491207600005,29.984093897000037],[80.86550632700005,29.981753084000047],[80.86689345200006,29.98040558400004],[80.86695163900004,29.97861008500007],[80.86911620100005,29.97506627200005],[80.86771751400005,29.971568647000026],[80.86819063800004,29.968390647000035],[80.86732776400004,29.96431833400004],[80.86557957600007,29.961765334000063],[80.86410095100007,29.957935897000027],[80.86257488900003,29.956465834000028],[80.86165301400007,29.952916647000052],[80.85773307600005,29.950155960000075],[80.85720870100005,29.947750834000033],[80.85552457600005,29.946964021000042],[80.85100970100007,29.94805070900003],[80.83975957600006,29.94748039600006],[80.83422570100004,29.944168896000065],[80.83124320100006,29.944458396000073],[80.82539820100004,29.943252959000063],[80.82483782600008,29.94118370900003],[80.82284488900007,29.93908777100006],[80.82256620100003,29.935196271000052],[80.82191270100003,29.933841959000063],[80.81835607600004,29.929034709000064],[80.81759845200008,29.92535683400007],[80.81680188900003,29.92440383400003],[80.81372595100004,29.92287464700007],[80.81041713900004,29.919366772000046],[80.81007563900005,29.917503084000032],[80.80787632600004,29.916065272000026],[80.80531363800003,29.913282459000072],[80.80368338900007,29.912377709000054],[80.80338770100008,29.910656209000024],[80.80410145100007,29.90864289700005],[80.80435507600004,29.905410834000065],[80.80117845100006,29.905054146000055],[80.79968295100008,29.906333147000055],[80.79475557600006,29.90824070900004],[80.79232701400008,29.90971214600006],[80.78854676400005,29.91285964700006],[80.78449782700005,29.913791459000038],[80.78034957600005,29.917788522000023],[80.77895551300008,29.920831459000055],[80.77507120200005,29.923245209000072],[80.77505163800004,29.92488733400006],[80.77354263900008,29.926517897000053],[80.77111732600008,29.92779720900006],[80.76854082600005,29.92989502100005],[80.76508838900008,29.92996339700005],[80.76203682600004,29.928640522000023],[80.76095626400007,29.927411522000057],[80.75536045200005,29.926334272000076],[80.75227970100008,29.923826959000053],[80.75143363800004,29.922598271000027],[80.74963807700004,29.923501646000034],[80.74785151300006,29.92541333400004],[80.74461082600004,29.925420646000077],[80.74076376300007,29.926917709000065],[80.73870626300004,29.927035459000024],[80.73619182600004,29.923146084000052],[80.73709438900005,29.919403397000053],[80.73673951400008,29.91845077200003],[80.73742582700004,29.914748272000054],[80.73982113800008,29.91085289600005],[80.74054732600007,29.90577895900003],[80.73992995100008,29.904597959000057],[80.74035495100003,29.90158064700006],[80.73889645100007,29.897921272000076],[80.73979813800008,29.893799584000078],[80.74188932700008,29.891656272000034],[80.74615232600007,29.885847021000075],[80.74697170100006,29.883019897000054],[80.74896782600007,29.878367897000032],[80.74122988800008,29.878860459000066],[80.73533063900004,29.881192459000033],[80.73168995100008,29.88209420900006],[80.72880888900005,29.881957459000034],[80.72730201400003,29.87933995900005],[80.72416282700004,29.87532277200006],[80.72317032600006,29.874921397000037],[80.72666288900007,29.87331583400004],[80.72813101300005,29.87108802100005],[80.72984495100008,29.869607209000037],[80.73060213900004,29.867030459000034],[80.73185538800004,29.866730709000024],[80.73418038900007,29.86468270900008],[80.73499101400006,29.861544397000046],[80.73881351400007,29.857360834000076],[80.74152870100005,29.855827772000055],[80.74222995100007,29.85446214600006],[80.74668345100008,29.85020289600004],[80.74671401400008,29.846817084000065],[80.75000020100003,29.84560077100008],[80.75125907600005,29.843891021000047],[80.75155132600008,29.84213658400006],[80.75128420100003,29.833769584000038],[80.74999988900004,29.832605397000066],[80.74589976400006,29.83076139700006],[80.73878776300006,29.829477584000074],[80.73503820100007,29.82799033400005],[80.73236932600008,29.824544959000036],[80.73024757600007,29.823575147000042],[80.73139176400008,29.820669834000057],[80.73029245100008,29.818905834000077],[80.72968151400005,29.814855521000027],[80.72995520100005,29.81303120900003],[80.72901132600003,29.810374271000057],[80.73125488800008,29.810902147000036],[80.73419432700007,29.809599771000023],[80.73669270100004,29.807400896000047],[80.73648988800005,29.804213146000052],[80.73831713900006,29.802175271000067],[80.73842382600003,29.798446709000075],[80.74025870200006,29.796661521000033],[80.73870013900006,29.794019209000055],[80.74427088900006,29.790671334000024],[80.74588270100008,29.787875022000037],[80.74813038900004,29.78750483400006],[80.74999988900004,29.78840845900004],[80.75313032600008,29.787922584000057],[80.75674782700008,29.78441708400004],[80.75820976400007,29.784491896000077],[80.76342688900007,29.78229070900005],[80.76528638900004,29.780843584000024],[80.76975963900009,29.78488020900005],[80.77174788900004,29.78764695900003],[80.77356420100006,29.78439502200007],[80.77610563900004,29.781821084000057],[80.78365557600006,29.776532521000036],[80.78574407600007,29.77678408400004],[80.78807495100006,29.77510052100007],[80.79146601400004,29.77444495900005],[80.79356963800006,29.775840084000038],[80.79744432600006,29.776452896000023],[80.79847070100004,29.777848521000067],[80.80020851400008,29.77862939700003],[80.80229720100004,29.780974022000066],[80.80446945200003,29.78199008400003],[80.81098438800007,29.781598021000036],[80.81400363900008,29.78241214600007],[80.81702013900008,29.783896146000075],[80.81650638800005,29.781991521000066],[80.81386620200004,29.779833584000073],[80.81197726400006,29.775619396000025],[80.81358920100007,29.773891521000053],[80.81683245200009,29.771931271000028],[80.82091982600008,29.770337522000034],[80.82543120200006,29.76776520900006],[80.82881088800008,29.768015584000068],[80.83148545100005,29.769000272000028],[80.84120188800006,29.769995709000057],[80.84232532600004,29.772085897000068],[80.84175851400005,29.77429589700006],[80.84569951400005,29.77626758400004],[80.84963888900006,29.779220396000028],[80.84991807600005,29.78081783400006],[80.84934963900008,29.784135396000067],[80.84765376400009,29.78781939600003],[80.84539420100003,29.791502709000042],[80.84426176400007,29.795065459000057],[80.84226432600008,29.79719708400006],[80.84366757600003,29.798152896000033],[80.84919188900005,29.79749614600007],[80.85724051400007,29.795016959000066],[80.85712988900008,29.793261834000077],[80.85898213900003,29.792251021000027],[80.86366732600004,29.78882489600005],[80.86473238800005,29.787691334000044],[80.86811045100006,29.78734058400005],[80.87074676400005,29.78625820900004],[80.87384401400004,29.78624764600005],[80.87538520100009,29.78427758400005],[80.87879763900008,29.78289570900006],[80.88011470100008,29.781687772000055],[80.88342551400007,29.781943397000077],[80.88474963900006,29.78016252100008],[80.88440863800008,29.779016209000076],[80.88677370100004,29.77770095900007],[80.88906482600004,29.78061958400008],[80.89158620100005,29.781824022000023],[80.89511551400005,29.782388522000076],[80.89967357600005,29.779299397000045],[80.90084851400007,29.77972889600005],[80.90487401400003,29.777895647000037],[80.90549657600008,29.776183959000036],[80.90737901400007,29.775208647000056],[80.90888432600008,29.771979334000036],[80.91504126400008,29.77092545900007],[80.91741263800003,29.768657646000065],[80.92061132700007,29.766816646000052],[80.92212745100005,29.768545459000052],[80.92369526400006,29.76905620900004],[80.92588520100009,29.767931772000054],[80.92646082600004,29.766677896000033],[80.92940463900004,29.76376733400008],[80.93025670200007,29.76175558400007],[80.93385588900009,29.76155895900007],[80.93651457600004,29.759259334000035],[80.93980595100004,29.75913683400006],[80.94152332700008,29.758544334000078],[80.94291326300004,29.75973827200005],[80.94663270100006,29.76049770900005],[80.95012432600004,29.762014959000055],[80.95503901400008,29.763568709000026],[80.95869532600005,29.764343647000032],[80.96176570100005,29.764371647000075],[80.96313138900007,29.763850959000024],[80.96676826300006,29.764082022000025],[80.96884451400007,29.762911771000063],[80.97187651400003,29.762443209000025],[80.97581370100005,29.759504709000055],[80.97961338900006,29.754368959000033],[80.98007638900003,29.750004084000068],[80.98512113900006,29.74750533400004],[80.98790751400009,29.743073022000033],[80.98985395100004,29.741148959000043],[80.99852720100006,29.741936647000045],[81.00000001400008,29.742638209000063],[81.00482582600006,29.74060339600004],[81.00693551300003,29.741322897000032],[81.00934726300005,29.744446959000072],[81.01152701400008,29.745944647000044],[81.01723107600003,29.74613577200006],[81.01982770100005,29.745560209000075],[81.02184563800006,29.748108896000076],[81.02629638800005,29.74360558400008],[81.03111901400007,29.743230022000034],[81.03299676400007,29.742329522000034],[81.03450426400008,29.743563084000073],[81.03670845100004,29.747397334000027],[81.03914388900006,29.749681709000072],[81.03990707600008,29.752674897000077],[81.04300182600008,29.752315272000033],[81.04608457600006,29.75333608400007],[81.04967651400005,29.753961897000067],[81.05447195100004,29.75634439600003],[81.05707851400007,29.756661334000057],[81.05847876400009,29.757739021000077],[81.06034838900007,29.76097295900007],[81.06200357600005,29.76227827100007],[81.06433095200003,29.76853920900004],[81.06197532600004,29.772090959000025],[81.06540695200005,29.775538397000048],[81.06583126400005,29.784283771000048],[81.06475226400005,29.78680633400006],[81.06410307700008,29.79381302200005],[81.06955426400003,29.795944209000027],[81.06990532600008,29.80003602200003],[81.07106726400008,29.80320695900008],[81.07096538800005,29.807716334000077],[81.07201888900005,29.81055120900004],[81.07103601400007,29.814826459000074],[81.07273651400004,29.817453459000035],[81.07182976400009,29.821891021000056],[81.07259382600006,29.82446445900007],[81.07157663900006,29.828408084000046],[81.06931182600005,29.827367147000075],[81.06525807600008,29.82703308400005],[81.06181120200006,29.828496459000064],[81.05716532600007,29.82981139700007],[81.05589051300007,29.832313584000076],[81.05346163800004,29.83404027100005],[81.05111626300004,29.834814897000058],[81.04631007600005,29.838791334000064],[81.04336838900008,29.83954120900006],[81.04176813900006,29.840674147000072],[81.04066776400003,29.84289645900003],[81.03986632600004,29.846444896000037],[81.04019813900004,29.848727647000032],[81.04024326400008,29.85391133400003],[81.04078882600004,29.856744397000057],[81.04221326400005,29.860062147000065],[81.04027688900004,29.861109396000074],[81.03841738900007,29.86461989700007],[81.03951288900004,29.86944914700007],[81.03914626400007,29.871172584000078],[81.03959770200004,29.875494521000064],[81.04047801400003,29.878544084000055],[81.04250938800004,29.881714959000078],[81.03925488900006,29.885088272000075],[81.03205682600003,29.89545083400003],[81.03091188900004,29.901972459000035],[81.03127488900003,29.903639334000047],[81.02942251400003,29.90641202100005],[81.02758201400007,29.90815839700008],[81.02227451400006,29.911833959000035],[81.01687963900008,29.914304772000037],[81.01456401400003,29.916671335000046],[81.01335470200007,29.918767022000054],[81.01114201400003,29.919667272000027],[81.00770326300005,29.922155584000052],[81.00471032600007,29.923281334000023],[81.00422320100006,29.924952834000067],[81.00238063900008,29.927833459000055],[81.00426882700003,29.932441896000057],[81.00400057700006,29.936163772000043],[81.00736595100005,29.939928459000043],[81.01080582700007,29.94195833400005],[81.01234257700008,29.94558089700007],[81.01571638800004,29.947522709000054],[81.01700770100007,29.949665521000043],[81.01860838900006,29.95420602100006],[81.02041351400004,29.956738896000047],[81.02331020200006,29.958658084000035],[81.02111257700005,29.96101114700008],[81.01931888900003,29.966131897000025],[81.01936776400004,29.96778302200005],[81.02174870200008,29.972109209000052],[81.02209120200007,29.974261021000075],[81.01856082700004,29.97713533500007],[81.01718820100007,29.97882958400004],[81.01669620200005,29.980731209000055]]]}},{"type":"Feature","properties":{"STATE_CODE":7,"DISTRICT":"DARCHULA","GaPa_NaPa":"Byas","Type_GN":"Gaunpalika","Province":"Sudur Pashchim","provinceId":"7","provinceCode":"7","provinceName":"Sudurpashchim","districtId":"703","districtName":"Darchula","municipalityId":"70301","municipalityCode":"70301","municipalityName":"Byas Rural Municipality","municipalityNameNe":"ब्याँस गाउँपालिका","municipalityType":"rural_municipality"},"geometry":{"type":"Polygon","coordinates":[[[81.09263551400005,30.05424202200004],[81.09589845200009,30.05781489700007],[81.09611763900006,30.059529084000076],[81.09738557600008,30.061738709000053],[81.10058270100006,30.064582959000063],[81.10259401400003,30.07253264700006],[81.10289857600003,30.07523470900003],[81.10736495100008,30.077441709000027],[81.10819882600003,30.080445585000064],[81.11007757600004,30.084145584000055],[81.11046595200008,30.08617758400004],[81.10943851400003,30.08881983400005],[81.10637138800007,30.091224647000047],[81.10412757600005,30.09499789700004],[81.10370763800006,30.09715239700006],[81.10005432700007,30.100037959000076],[81.09579882700007,30.100744897000027],[81.09039013900008,30.099054771000056],[81.08574338900007,30.09928345900005],[81.08295882600004,30.100550647000034],[81.08516645100008,30.105340272000035],[81.08604720200003,30.106397584000035],[81.08622970200008,30.11707577100003],[81.08360738900006,30.121728646000065],[81.08101338900008,30.123158084000067],[81.08007663900008,30.124365459000046],[81.08043020200006,30.12710808500003],[81.08313170200006,30.131904272000043],[81.08344926300003,30.13414389600007],[81.08457488900007,30.135780710000063],[81.08356820100005,30.13836183400008],[81.08353507600003,30.141337084000043],[81.08429726400004,30.143838085000027],[81.08393513900006,30.146790959000043],[81.08488751400006,30.148096397000074],[81.08048157600007,30.152021709000053],[81.07991857700006,30.154009271000064],[81.07857688800004,30.15516727200003],[81.07270101400007,30.15630070900005],[81.07174145100004,30.157025334000025],[81.06788763800006,30.157453709000038],[81.06579482600006,30.158884834000048],[81.06463182600004,30.16182002200003],[81.06416345100007,30.166076709000038],[81.06328420100004,30.16783195900007],[81.06051495200006,30.168566335000037],[81.05842201400003,30.170360522000067],[81.05817901400007,30.172747085000026],[81.05660170200008,30.174764335000077],[81.05525495200004,30.17541452200004],[81.05286957700008,30.17954108400005],[81.04733376300004,30.179558959000076],[81.04605788900005,30.180076022000037],[81.04461407600007,30.18299752200005],[81.04544670200005,30.18539271000003],[81.04504801400003,30.18875146000005],[81.04431513800006,30.19029908400006],[81.04421863900006,30.19362852200004],[81.04088382600008,30.194385147000048],[81.03772263900004,30.19626508400006],[81.03540138900007,30.196937897000055],[81.03686538800008,30.19891339700007],[81.03586520100004,30.20046783400005],[81.03658182600003,30.20199020900003],[81.04032238900004,30.202699584000072],[81.04511307600006,30.20474389700007],[81.04718232700003,30.206883772000026],[81.04685920100007,30.210091397000042],[81.04606345100007,30.21142021000003],[81.04436476300003,30.21181327200003],[81.04176876300005,30.21548408500007],[81.03804620100004,30.216335584000035],[81.03516013800004,30.21873858500004],[81.03240701400006,30.219095709000044],[81.03061451400004,30.220214897000062],[81.03163888900008,30.22423420900003],[81.03087901400005,30.22612683400007],[81.02758713800006,30.226815522000038],[81.02808626400008,30.229179335000026],[81.03060970200005,30.232970460000047],[81.03230299600006,30.238469078000037],[81.03110396300008,30.240266759000065],[81.03080891900004,30.24311702400007],[81.03366329100004,30.246986091000053],[81.03371445100004,30.24941164200004],[81.03107494200003,30.250233490000028],[81.02444977800008,30.251000377000025],[81.02338502100008,30.251464982000073],[81.02190250600006,30.25397846800007],[81.00980331200003,30.256997347000038],[81.01059562300009,30.259976503000075],[81.01017789900004,30.262726582000028],[81.00705393300007,30.265247662000036],[81.00329172000005,30.267023880000067],[80.99708712400007,30.26824613100007],[80.99504083900007,30.269716578000043],[80.99116829200005,30.270747640000025],[80.98971614800007,30.27034648700004],[80.98866018600006,30.26887589100005],[80.98685609600005,30.268073626000046],[80.98192747000007,30.26877964600004],[80.97948497500005,30.269886943000074],[80.97820819900005,30.272713168000053],[80.96931914500004,30.27187109700003],[80.96513832100004,30.272557561000042],[80.96159592800007,30.27223191300004],[80.95404844100005,30.273107967000044],[80.94879031900007,30.271807386000035],[80.94628265800003,30.270545945000038],[80.94190469300008,30.26955100600003],[80.93792421700005,30.266398089000063],[80.93748502600005,30.265061054000057],[80.93541619500007,30.266110414000025],[80.93154168400008,30.269278634000045],[80.92857773100008,30.271226588000047],[80.92777231800005,30.274377234000042],[80.92851889100007,30.27651656300003],[80.93088388100006,30.27715759800003],[80.93272024400005,30.278609964000054],[80.93245435300008,30.281293023000046],[80.92731502500004,30.286546849000047],[80.92234841900006,30.28835825500005],[80.92053196000006,30.289479141000072],[80.91764839600006,30.290255580000064],[80.91559425800006,30.291646754000055],[80.91339621800006,30.294514151000044],[80.90998175400006,30.298025774000052],[80.90840615800005,30.30013494600007],[80.90530159200006,30.301431360000038],[80.90462930000007,30.302462133000063],[80.89919146700004,30.303823521000027],[80.89360038000007,30.304286982000065],[80.88989327200005,30.302832513000055],[80.88723703800008,30.302350428000068],[80.88536511000007,30.303392686000052],[80.88273773100008,30.303330679000055],[80.88081596000006,30.30410318400004],[80.87588597200005,30.303859884000076],[80.87522173800005,30.306962578000025],[80.87374369400004,30.30954885600005],[80.86929610400006,30.311725284000033],[80.86430816700005,30.31733990400005],[80.86133635700008,30.31736065900003],[80.85774454700004,30.31798940300007],[80.85036865600006,30.31996208100003],[80.84757230600007,30.320350349000023],[80.84335962200004,30.31848338100008],[80.83612007800008,30.316755753000052],[80.83070213900004,30.318343482000046],[80.82773048700005,30.318253665000043],[80.82533926500008,30.319816476000028],[80.82272585200008,30.32247465000006],[80.82210024900007,30.325820914000076],[80.82063452800008,30.326764229000048],[80.80971468700005,30.326901578000047],[80.80403997600007,30.327612333000047],[80.80276804000005,30.33063018000007],[80.80444135300007,30.33632906200006],[80.80179711800008,30.33739452900005],[80.79725937400008,30.340487929000062],[80.79266057400008,30.342250162000028],[80.78784016800006,30.346696503000032],[80.78615285000006,30.350520360000075],[80.78728634100008,30.35587300900005],[80.78843007200004,30.35757363500005],[80.78619045100004,30.358334959000047],[80.78145456500005,30.358823655000037],[80.77986566400006,30.36029147200003],[80.77742123500008,30.365759910000065],[80.77405706300004,30.369196438000074],[80.77220354700006,30.36959537000007],[80.76957926700004,30.371013507000043],[80.76776720900006,30.373550220000027],[80.76710191300003,30.375458750000064],[80.76407878300006,30.37480291600008],[80.76041173800007,30.37915393700007],[80.75452056800003,30.382456305000062],[80.75277415500005,30.383042244000023],[80.75243145900004,30.386870312000042],[80.75088881000005,30.390537566000035],[80.74695343600007,30.391742668000063],[80.74245906300007,30.395805421000034],[80.74054589700006,30.398647096000047],[80.73743339200007,30.400922973000036],[80.73558566600008,30.403917480000075],[80.73100204100007,30.404232769000032],[80.72726072100005,30.40667897800006],[80.72462000800004,30.409442502000047],[80.71969680300003,30.412831294000057],[80.71880970800004,30.41482502200006],[80.71588509100008,30.416546968000034],[80.71334875700006,30.41732440100003],[80.70977086500005,30.42007600900007],[80.70794014500007,30.420654384000045],[80.70446735500008,30.420429269000067],[80.70252105200007,30.416421722000052],[80.70155342400005,30.41578931500004],[80.69779640100006,30.415799771000025],[80.68968143000006,30.41770953100007],[80.68891918400004,30.421602698000072],[80.68741484200007,30.42344195900006],[80.68506530000008,30.42425748100004],[80.68068961700004,30.424666985000044],[80.67903961300004,30.42718373300005],[80.67987683200005,30.430623232000073],[80.67779842400006,30.43269013200006],[80.67291146100007,30.434291666000036],[80.66948761100008,30.436593764000065],[80.66892080900004,30.438262743000053],[80.66689753000009,30.440205476000074],[80.66160762900006,30.442844541000056],[80.66008357400005,30.44535897800006],[80.65712442500006,30.445765400000028],[80.65508589100006,30.447235258000035],[80.64978334700004,30.448399410000036],[80.64828169900005,30.44916879300007],[80.64674200600007,30.451313026000037],[80.64270119800005,30.453211705000058],[80.63804532000006,30.452930922000064],[80.63204945000007,30.458080479000046],[80.62960799600006,30.458813571000064],[80.62663393300005,30.46190831900003],[80.62516398000008,30.464374746000033],[80.62099964700008,30.462852910000038],[80.61730626700006,30.46107296200006],[80.61545462900006,30.461031711000032],[80.61306134700004,30.46277437400005],[80.61091006100008,30.465317391000042],[80.60914907000006,30.469376588000046],[80.60803075800004,30.473110975000054],[80.60073302500007,30.47307929200008],[80.60008659700003,30.472373599000036],[80.59883548100004,30.46799593000003],[80.59585579600008,30.46843005200003],[80.59287378900007,30.468248725000024],[80.58590661800008,30.468548131000034],[80.58344837100003,30.467961014000025],[80.58010930000006,30.46574957200005],[80.57924743700005,30.46438740900004],[80.57678666500004,30.464656038000044],[80.57005787900005,30.464387741000053],[80.56894808300007,30.467556181000077],[80.56672035100007,30.46400624100005],[80.56682577500004,30.459683767000058],[80.56152616400004,30.45570297200004],[80.56123975200006,30.45411560100007],[80.55756786800004,30.452712158000054],[80.55522335800003,30.452362745000073],[80.55500610600006,30.45133578900004],[80.55108768400004,30.449247960000037],[80.54766195000008,30.448563531000048],[80.54242945500005,30.44836013300005],[80.54048815300007,30.445703182000045],[80.53798839500007,30.44116322900004],[80.53278979600003,30.438749478000034],[80.52996649300007,30.436201423000057],[80.53070309000003,30.434425864000048],[80.53041185300003,30.430084085000033],[80.52936514300006,30.427998607000063],[80.52720495700004,30.425256612000055],[80.52912204400008,30.42365164100005],[80.53343127000005,30.421772885000053],[80.53680855000005,30.41763145400006],[80.53952862500006,30.415355843000043],[80.54099990800006,30.41528896400007],[80.54636840300003,30.41820261600003],[80.54908527200007,30.42075509700004],[80.55094706200003,30.42337434800004],[80.55850262800004,30.42800483800005],[80.56253673700007,30.43154647700004],[80.56736483800006,30.437373963000027],[80.57020262800006,30.438894168000047],[80.57510315100006,30.442446502000053],[80.58448433700005,30.445610183000042],[80.59211110900003,30.445748265000077],[80.59946731200006,30.44887547500008],[80.60420231800003,30.449355680000053],[80.60636757000003,30.448777390000032],[80.60915892000008,30.446649327000046],[80.61350262100007,30.445588069000053],[80.61721703200004,30.439850082000078],[80.61918089200003,30.437850660000038],[80.62295219500004,30.435062730000027],[80.62401290500003,30.433027199000037],[80.62439575900004,30.43039413200006],[80.62399030500006,30.428369893000024],[80.62464168900004,30.424946524000063],[80.62676357600003,30.42111404700006],[80.62892986100007,30.41889838800006],[80.63084472600008,30.418017473000077],[80.63006303100008,30.416205828000045],[80.62878774400008,30.41617767200006],[80.62791782500005,30.414505150000025],[80.62828898400005,30.41187283100004],[80.62969700400004,30.408948716000054],[80.63429062100005,30.405596820000028],[80.63612934100007,30.40307068000004],[80.63567344000006,30.398711529000025],[80.63744229700006,30.398265450000054],[80.63802719600005,30.39470821100008],[80.63976397500005,30.392972464000025],[80.64034829200006,30.390568528000074],[80.64399127200005,30.388347534000047],[80.64523557300004,30.38828581000007],[80.64873773500005,30.386592303000043],[80.65110023500006,30.383280417000037],[80.65551319000008,30.381197522000036],[80.65744035200004,30.377979064000044],[80.65957739500004,30.36891709300005],[80.66020341500007,30.364571459000047],[80.66193636000008,30.36088038200006],[80.66161368900003,30.35877484400004],[80.66248908400007,30.35651294300004],[80.66047932800006,30.354735078000033],[80.66298151600006,30.353123293000067],[80.66268636300003,30.35097035600006],[80.66462654600008,30.35052447700008],[80.66626171800004,30.349175202000026],[80.66730905000009,30.347340218000056],[80.66791613100008,30.344750411000064],[80.67071891600006,30.342248889000075],[80.67472275600005,30.340969337000047],[80.67577114500006,30.33958522300003],[80.68138411400008,30.339021136000042],[80.68444667500006,30.33516962300007],[80.68948604600007,30.33356527600006],[80.69183358400005,30.333124836000025],[80.69483741600004,30.33401033900003],[80.70259877300003,30.334377783000036],[80.70375293800004,30.333578320000072],[80.70646111400004,30.333537877000026],[80.70775001600003,30.331836337000027],[80.70988355400004,30.33066302700007],[80.71160057600008,30.33074201900007],[80.71643343900007,30.329671205000068],[80.71835662300003,30.328386297000065],[80.72043384000006,30.325171675000036],[80.72257765000006,30.324642710000035],[80.72549652300006,30.322226500000056],[80.72844418500006,30.321292709000033],[80.73106232400005,30.31933229200007],[80.73318144900009,30.31870642100006],[80.73622579600004,30.316281272000026],[80.73547794100006,30.314527587000043],[80.73572516000007,30.31160858800007],[80.73931154700006,30.308043174000034],[80.74486716600006,30.306489337000073],[80.74804373800004,30.306966957000043],[80.74961669400005,30.307829355000024],[80.75461358100006,30.308224348000067],[80.75848760400004,30.305670126000052],[80.76067822000005,30.302031121000027],[80.76164978800006,30.298464290000027],[80.76104459100003,30.297310184000025],[80.76274039100008,30.29455370100004],[80.76146156700008,30.28870758100004],[80.76250195800003,30.283901705000062],[80.76340597300003,30.28315899000006],[80.76332662600004,30.279544216000033],[80.76424776000005,30.278524167000057],[80.76840724200008,30.27825229000007],[80.77251743000005,30.27453788500003],[80.77502334000008,30.270809263000046],[80.77894387200007,30.267163553000046],[80.77848649100008,30.265700631000072],[80.78255739500008,30.26230571700006],[80.78443232300003,30.26008276700003],[80.78642921900007,30.25546683400006],[80.78762232800005,30.25371419100003],[80.78856672300003,30.250098293000065],[80.79003964100008,30.248608669000077],[80.79113061400005,30.246324679000054],[80.79346682500005,30.243517465000025],[80.79558897900006,30.241857026000048],[80.79754259700007,30.23846905100004],[80.80024691100004,30.236993141000028],[80.80222436900004,30.234614914000076],[80.80453621400005,30.233400913000025],[80.80500552600006,30.232422861000032],[80.80996714400004,30.22927905000006],[80.81311631300008,30.228567419000058],[80.81383371800007,30.225716632000058],[80.81481308400004,30.224615133000043],[80.81746340200004,30.225238330000025],[80.81963341200003,30.224697052000067],[80.82176977800003,30.22221967300004],[80.82409348300007,30.21867781700007],[80.82382430400008,30.21701596300005],[80.82671553500006,30.214198141000054],[80.82894879900005,30.210290832000055],[80.82898481700005,30.208536283000058],[80.83101593300006,30.206992006000064],[80.83240133900006,30.206917394000072],[80.83468010300004,30.205153753000047],[80.83545376900008,30.202700676000063],[80.83901503000004,30.19977360300004],[80.84117999600005,30.193752421000056],[80.84244097400006,30.192307291000077],[80.84611065000007,30.18997695300004],[80.85164182100004,30.184979723000026],[80.85208294900008,30.184006236000073],[80.85566973800007,30.181618240000034],[80.85624164800004,30.177589243000057],[80.86034207500006,30.173143894000077],[80.86081351000007,30.172012852000023],[80.86462007600005,30.16895252200004],[80.86604782600006,30.166876647000038],[80.86870420100007,30.166619834000073],[80.87015001300006,30.164022772000067],[80.87317957700003,30.16069420900004],[80.87346401300005,30.158217771000068],[80.87325795100008,30.154428084000074],[80.87266145200005,30.15326583500007],[80.87486638900003,30.147978522000074],[80.87531101300004,30.144234459000074],[80.87781201400009,30.141088022000076],[80.87777945100004,30.138841334000062],[80.87882101400004,30.135724959000072],[80.88042495100007,30.132487334000075],[80.87969051400006,30.12924527200005],[80.87860195100006,30.127839084000072],[80.87575563800004,30.126246146000028],[80.87269626400007,30.12615296000007],[80.86972576400007,30.125369585000044],[80.86658232600007,30.12247696000003],[80.86426363800007,30.12094752200005],[80.86065895100006,30.121311397000056],[80.85658145100007,30.120206272000075],[80.85596820100005,30.11885896000007],[80.84828807600007,30.116878834000033],[80.84603988900005,30.115547647000028],[80.84482938900004,30.113940209000077],[80.84358651400004,30.110440209000046],[80.84633338800006,30.10758552200008],[80.84752970100004,30.106991459000028],[80.84763888900005,30.104713335000042],[80.84699201400008,30.102344147000053],[80.84426920100003,30.101131897000073],[80.84246145200007,30.099433522000027],[80.83780701300003,30.097257897000077],[80.83576707700007,30.097805772000072],[80.83179532600008,30.097173647000034],[80.83012513800008,30.097523335000062],[80.82799382700006,30.100058209000053],[80.82623663800007,30.099598022000066],[80.82347663900003,30.099822147000054],[80.82219476300008,30.09907152200003],[80.82065188900003,30.096883709000053],[80.81891145100008,30.097095710000076],[80.81606713800005,30.09525783500004],[80.81570232600006,30.09298127200003],[80.81447220100006,30.092916460000026],[80.81141770100004,30.09085046000007],[80.80797445100006,30.090004084000043],[80.80339563900003,30.08562583400004],[80.80122588900008,30.080901459000074],[80.79876801400007,30.079598460000057],[80.79675038800008,30.07785177100004],[80.79343757600003,30.07361264700006],[80.79157620100005,30.07312027200004],[80.79075345100006,30.071546772000033],[80.79103801300005,30.069880272000034],[80.78793557600005,30.066223397000044],[80.78567857600007,30.061602334000042],[80.78378382600005,30.060315772000024],[80.78119145100004,30.056675334000033],[80.77919188800007,30.05502083400006],[80.77669907600006,30.054114397000035],[80.77430963900008,30.054065210000033],[80.77287088900005,30.053192085000035],[80.76732170100007,30.051973272000055],[80.76272551300008,30.049138709000033],[80.76248370100006,30.04738108400005],[80.76050301300006,30.04552783400004],[80.76110507600004,30.043541709000067],[80.75768745100004,30.040082021000046],[80.75744663800003,30.03809433500004],[80.75778976300006,30.034258021000028],[80.75741132600007,30.030909896000026],[80.75987751300005,30.028027146000056],[80.75902813900007,30.023363147000055],[80.75592626300005,30.020422772000074],[80.75327595100003,30.012608647000036],[80.75137020100004,30.009226022000064],[80.74940701300005,30.00658089700005],[80.74594045100008,30.003657647000068],[80.74365913900004,30.003005835000067],[80.74250495100006,30.001332147000028],[80.74032157600004,29.99969020900005],[80.73664207600007,29.999432522000063],[80.72892688800005,30.000445397000078],[80.72727826300007,29.999848834000034],[80.72361720100008,30.00056077100004],[80.72131195100008,30.000325834000023],[80.71785370100008,29.996420646000047],[80.71669807600006,29.99373614700005],[80.71406426400006,29.99018902100005],[80.71108257600008,29.989165209000078],[80.70941188900008,29.986808834000044],[80.70628701400005,29.985730459000024],[80.70453901300004,29.983707709000043],[80.70224095200007,29.980000897000025],[80.69878582600006,29.979512584000076],[80.69761257600004,29.97797152100003],[80.69234401400007,29.974679584000057],[80.68944213800006,29.971433585000057],[80.68916601400008,29.970250959000055],[80.68493613800007,29.966133272000036],[80.68443551300004,29.963145522000048],[80.68086863900004,29.960551897000073],[80.67966563900006,29.95890683400006],[80.67489751400007,29.956896647000065],[80.67307863800005,29.95738614700008],[80.66506713900003,29.956696084000043],[80.66310038800003,29.955991771000072],[80.66055695100005,29.956147647000023],[80.65853401300006,29.95521083400007],[80.65033976400008,29.955926959000067],[80.64831113900004,29.956553146000033],[80.64396876300003,29.959288959000048],[80.64243195100005,29.959729147000075],[80.64092438900008,29.96211158400007],[80.63487470100006,29.964736334000065],[80.63198538900008,29.965177209000046],[80.62879688800007,29.964728397000044],[80.62691176400006,29.963757584000064],[80.62423051400003,29.964257521000036],[80.62086057700003,29.963083959000073],[80.61800757600008,29.96114027200008],[80.61440895100003,29.960277209000026],[80.61306226300007,29.959255959000075],[80.60994076300005,29.95855645900008],[80.60604038800005,29.959023084000023],[80.59698663800003,29.952941459000044],[80.59647807600004,29.95210527100005],[80.59216963800003,29.948437772000034],[80.59004295100004,29.944348397000056],[80.58310363800007,29.936325709000073],[80.58180463900004,29.933481709000034],[80.58054445100004,29.931995709000034],[80.57995076400005,29.92820652100005],[80.57598451400008,29.92347714700003],[80.57481788900003,29.918977771000073],[80.57313626400008,29.91633095900005],[80.57142938900006,29.90901695900004],[80.57287845100007,29.905534396000064],[80.57315813900004,29.90102608400008],[80.57493526400003,29.90155064700008],[80.57865257600008,29.900624209000057],[80.58272413800006,29.901259709000044],[80.58274745100005,29.902965084000073],[80.58527501400005,29.903604647000066],[80.58938895100005,29.90782889700006],[80.59036488800007,29.90953727200008],[80.59267588900008,29.911362521000058],[80.59602251300004,29.91587295900007],[80.59974945200008,29.91900620900003],[80.60182138800008,29.91958764700007],[80.60625538900007,29.92525377100003],[80.60831695100006,29.92570427100003],[80.61117320100004,29.929258709000067],[80.61117751300003,29.93147827200005],[80.61673732700007,29.93433452200003],[80.62111307600009,29.935357709000073],[80.62485351400005,29.931928459000062],[80.63285126400007,29.92861477200006],[80.63720076400006,29.92586358400007],[80.63999932700006,29.924768209000035],[80.64237407600007,29.92241745900003],[80.64573013800003,29.91567070900004],[80.64724195100007,29.911567147000028],[80.65084670100003,29.908490896000046],[80.65316763900006,29.900656147000063],[80.65508507600003,29.89899420900008],[80.65850757700008,29.897248209000054],[80.66229088800003,29.89460070900003],[80.66343138900004,29.89295020900005],[80.66664995200006,29.89188464700004],[80.66901801300008,29.890061209000066],[80.67036151300005,29.88772083400005],[80.67354476400004,29.885114397000052],[80.67499763800004,29.88133739700004],[80.67817813900007,29.87816914700005],[80.67927095100003,29.876209334000066],[80.68053238800007,29.87542058500003],[80.68325088800003,29.87532114700008],[80.68468470100004,29.873831272000075],[80.68836432600006,29.873341522000032],[80.69154613800004,29.87036464600004],[80.69932032600008,29.868677209000055],[80.70115795100008,29.86954314600007],[80.70268113800006,29.872393271000078],[80.70481138900004,29.871064959000023],[80.70701313800004,29.871148772000026],[80.71327745100007,29.86878727100003],[80.71647395100007,29.87005739600005],[80.71748951400008,29.873844647000055],[80.72086182600003,29.874774459000037],[80.72317032600006,29.874921397000037],[80.72416282700004,29.87532277200006],[80.72730201400003,29.87933995900005],[80.72880888900005,29.881957459000034],[80.73168995100008,29.88209420900006],[80.73533063900004,29.881192459000033],[80.74122988800008,29.878860459000066],[80.74896782600007,29.878367897000032],[80.74697170100006,29.883019897000054],[80.74615232600007,29.885847021000075],[80.74188932700008,29.891656272000034],[80.73979813800008,29.893799584000078],[80.73889645100007,29.897921272000076],[80.74035495100003,29.90158064700006],[80.73992995100008,29.904597959000057],[80.74054732600007,29.90577895900003],[80.73982113800008,29.91085289600005],[80.73742582700004,29.914748272000054],[80.73673951400008,29.91845077200003],[80.73709438900005,29.919403397000053],[80.73619182600004,29.923146084000052],[80.73870626300004,29.927035459000024],[80.74076376300007,29.926917709000065],[80.74461082600004,29.925420646000077],[80.74785151300006,29.92541333400004],[80.74963807700004,29.923501646000034],[80.75143363800004,29.922598271000027],[80.75227970100008,29.923826959000053],[80.75536045200005,29.926334272000076],[80.76095626400007,29.927411522000057],[80.76203682600004,29.928640522000023],[80.76508838900008,29.92996339700005],[80.76854082600005,29.92989502100005],[80.77111732600008,29.92779720900006],[80.77354263900008,29.926517897000053],[80.77505163800004,29.92488733400006],[80.77507120200005,29.923245209000072],[80.77895551300008,29.920831459000055],[80.78034957600005,29.917788522000023],[80.78449782700005,29.913791459000038],[80.78854676400005,29.91285964700006],[80.79232701400008,29.90971214600006],[80.79475557600006,29.90824070900004],[80.79968295100008,29.906333147000055],[80.80117845100006,29.905054146000055],[80.80435507600004,29.905410834000065],[80.80410145100007,29.90864289700005],[80.80338770100008,29.910656209000024],[80.80368338900007,29.912377709000054],[80.80531363800003,29.913282459000072],[80.80787632600004,29.916065272000026],[80.81007563900005,29.917503084000032],[80.81041713900004,29.919366772000046],[80.81372595100004,29.92287464700007],[80.81680188900003,29.92440383400003],[80.81759845200008,29.92535683400007],[80.81835607600004,29.929034709000064],[80.82191270100003,29.933841959000063],[80.82256620100003,29.935196271000052],[80.82284488900007,29.93908777100006],[80.82483782600008,29.94118370900003],[80.82539820100004,29.943252959000063],[80.83124320100006,29.944458396000073],[80.83422570100004,29.944168896000065],[80.83975957600006,29.94748039600006],[80.85100970100007,29.94805070900003],[80.85552457600005,29.946964021000042],[80.85720870100005,29.947750834000033],[80.85773307600005,29.950155960000075],[80.86165301400007,29.952916647000052],[80.86257488900003,29.956465834000028],[80.86410095100007,29.957935897000027],[80.86557957600007,29.961765334000063],[80.86732776400004,29.96431833400004],[80.86819063800004,29.968390647000035],[80.86771751400005,29.971568647000026],[80.86911620100005,29.97506627200005],[80.86695163900004,29.97861008500007],[80.86689345200006,29.98040558400004],[80.86550632700005,29.981753084000047],[80.86491207600005,29.984093897000037],[80.86500326300006,29.987549709000064],[80.86645320100007,29.992078396000068],[80.86726201300007,29.99307395900007],[80.87275676300004,29.992948584000032],[80.87441726400004,29.991950897000038],[80.88395907600005,29.98880164700006],[80.88683920100004,29.98667252200005],[80.89136145100008,29.984551459000045],[80.89770107700008,29.98253539700005],[80.90182588900007,29.980318959000044],[80.90710226400006,29.976677584000072],[80.91284982700006,29.973094897000067],[80.91591013900006,29.970351709000056],[80.91851738900004,29.968902897000078],[80.92187607700004,29.969367397000042],[80.92513501400003,29.96907377100007],[80.92874095100007,29.967999771000052],[80.93462032600007,29.968264522000027],[80.93827657600008,29.96683164700005],[80.94191701400007,29.96620395900004],[80.94435282600006,29.96481545900008],[80.94474820100004,29.967150271000037],[80.94602795200007,29.968628334000073],[80.94625207600006,29.97161052200005],[80.95039838800005,29.97453095900005],[80.95295345100004,29.975887584000077],[80.95444907600006,29.977505459000042],[80.95639595100005,29.98098677200005],[80.95990538800004,29.982717897000043],[80.96543888900004,29.984853396000062],[80.97013863900008,29.986350084000037],[80.97336795100006,29.985721397000077],[80.98037826400008,29.98777758500006],[80.98392882600007,29.987435210000058],[80.98828151400005,29.988150709000024],[80.99174076400004,29.98693970900007],[80.99594038800007,29.986502271000063],[81.00327238900007,29.983157084000027],[81.00707076400005,29.982507272000078],[81.01158613800004,29.981212209000034],[81.01669620200005,29.980731209000055],[81.01989732700008,29.982747334000067],[81.02306295100004,29.983360396000023],[81.02765901400005,29.987532522000038],[81.02960982700006,29.992487897000046],[81.03453813800007,29.998890647000053],[81.03683038900004,30.003985647000036],[81.04004663900008,30.008441959000038],[81.04042770100006,30.01269833400005],[81.03983901300006,30.015112085000055],[81.04188276300005,30.015634772000055],[81.04355263900004,30.01775233500007],[81.04633476400005,30.018644709000057],[81.04895407700008,30.021909897000057],[81.05341601400005,30.02315333400003],[81.05526513900008,30.02412027200006],[81.05609220100007,30.02647489700007],[81.05783695100007,30.02896439600005],[81.06272426400005,30.034071272000062],[81.06405357600005,30.03450827200004],[81.06628095200006,30.037015460000077],[81.06663576400007,30.038416084000062],[81.07034238900007,30.043536834000065],[81.07305426400006,30.045479709000062],[81.07674738900005,30.04544833400007],[81.08037438900004,30.046519834000037],[81.08135051400006,30.048380209000072],[81.08320538900006,30.049085022000042],[81.08605245100006,30.05253214700008],[81.08983438900003,30.054291335000073],[81.09263551400005,30.05424202200004]]]}},{"type":"Feature","properties":{"STATE_CODE":7,"DISTRICT":"DARCHULA","GaPa_NaPa":"Dunhu","Type_GN":"Gaunpalika","Province":"Sudur Pashchim","provinceId":"7","provinceCode":"7","provinceName":"Sudurpashchim","districtId":"703","districtName":"Darchula","municipalityId":"70302","municipalityCode":"70302","municipalityName":"Duhun Rural Municipality","municipalityNameNe":"दुहुँ गाउँपालिका","municipalityType":"rural_municipality"},"geometry":{"type":"Polygon","coordinates":[[[80.68053238800007,29.87542058500003],[80.67927095100003,29.876209334000066],[80.67817813900007,29.87816914700005],[80.67499763800004,29.88133739700004],[80.67354476400004,29.885114397000052],[80.67036151300005,29.88772083400005],[80.66901801300008,29.890061209000066],[80.66664995200006,29.89188464700004],[80.66343138900004,29.89295020900005],[80.66229088800003,29.89460070900003],[80.65850757700008,29.897248209000054],[80.65508507600003,29.89899420900008],[80.65316763900006,29.900656147000063],[80.65084670100003,29.908490896000046],[80.64724195100007,29.911567147000028],[80.64573013800003,29.91567070900004],[80.64237407600007,29.92241745900003],[80.63999932700006,29.924768209000035],[80.63720076400006,29.92586358400007],[80.63285126400007,29.92861477200006],[80.62485351400005,29.931928459000062],[80.62111307600009,29.935357709000073],[80.61673732700007,29.93433452200003],[80.61117751300003,29.93147827200005],[80.61117320100004,29.929258709000067],[80.60831695100006,29.92570427100003],[80.60625538900007,29.92525377100003],[80.60182138800008,29.91958764700007],[80.59974945200008,29.91900620900003],[80.59602251300004,29.91587295900007],[80.59267588900008,29.911362521000058],[80.59036488800007,29.90953727200008],[80.58938895100005,29.90782889700006],[80.58527501400005,29.903604647000066],[80.58274745100005,29.902965084000073],[80.58272413800006,29.901259709000044],[80.57865257600008,29.900624209000057],[80.57493526400003,29.90155064700008],[80.57315813900004,29.90102608400008],[80.57318807600006,29.899541959000032],[80.57439195100005,29.895902834000026],[80.57198813800005,29.89142877100005],[80.56986726300005,29.886071334000064],[80.56955145100005,29.884037959000068],[80.56815763900005,29.88024377100004],[80.56661888800005,29.877971771000034],[80.56424313900004,29.875850334000063],[80.56219663900004,29.87482852100004],[80.55862470100004,29.870623272000046],[80.55846326400007,29.869598584000073],[80.56045082700007,29.86787739700003],[80.56225607700003,29.867511147000073],[80.56324307700004,29.866111397000054],[80.56094838800004,29.86470752100007],[80.56276613900008,29.863829271000043],[80.56337545200006,29.862606459000062],[80.56660626400003,29.860081647000072],[80.57080363900008,29.85926752200004],[80.57491032700005,29.857309334000036],[80.57661132600003,29.85529139600004],[80.58045976400007,29.85500595900004],[80.58163851300003,29.854161521000037],[80.58387357600003,29.855452084000035],[80.58759520100006,29.854146521000075],[80.59000463800004,29.853874209000026],[80.59149663800008,29.85463227100007],[80.59329157600007,29.853943021000077],[80.59487138900005,29.854759959000035],[80.59635657600006,29.85305695900007],[80.59833413900003,29.851968959000033],[80.60038795100007,29.852931584000032],[80.60231588800008,29.85285170900005],[80.60500476400006,29.851826647000053],[80.60748363900007,29.851806959000044],[80.61155613800008,29.85072952200005],[80.61229501400004,29.848706021000055],[80.61492851300005,29.847737022000047],[80.61611113900005,29.84991720900007],[80.61887432600008,29.85074858400003],[80.62106538900008,29.85077970900005],[80.62741632600006,29.84977139700004],[80.62951770100005,29.849116397000046],[80.63245307600005,29.848955396000065],[80.63381076400003,29.84964039700003],[80.63688057600007,29.84943908400004],[80.63902901300008,29.84981495900007],[80.64156707600006,29.848777459000075],[80.64415407600006,29.849077709000028],[80.64599338900007,29.848500646000048],[80.64723776400007,29.85200714700005],[80.64691457600009,29.858439584000052],[80.64590595100003,29.859894084000075],[80.64875870100008,29.86089195900007],[80.64961070100009,29.862218334000033],[80.65496301300004,29.86630627200003],[80.65796238900003,29.865641897000046],[80.66081188800007,29.868811771000026],[80.66338401400003,29.869576272000074],[80.66785888900006,29.871592959000054],[80.66942288900003,29.873076646000072],[80.67436488800007,29.875114521000057],[80.67726613900004,29.874925459000053],[80.68053238800007,29.87542058500003]]]}},{"type":"Feature","properties":{"STATE_CODE":7,"DISTRICT":"DARCHULA","GaPa_NaPa":"Lekam","Type_GN":"Gaunpalika","Province":"Sudur Pashchim","provinceId":"7","provinceCode":"7","provinceName":"Sudurpashchim","districtId":"703","districtName":"Darchula","municipalityId":"70309","municipalityCode":"70309","municipalityName":"Lekam Rural Municipality","municipalityNameNe":"लेकम गाउँपालिका","municipalityType":"rural_municipality"},"geometry":{"type":"Polygon","coordinates":[[[80.51962238800007,29.652925459000073],[80.51896176300005,29.654784084000028],[80.51917113800005,29.657536897000057],[80.52023595100007,29.65847464600006],[80.52302163900004,29.658660647000033],[80.52471976400005,29.65957127200005],[80.52799895100003,29.659231083000066],[80.52974082600008,29.663387897000064],[80.52921151300006,29.666052396000055],[80.52652895100005,29.66917383400005],[80.52647563800008,29.671045959000026],[80.52369676300003,29.672906084000033],[80.52005257600007,29.673772584000062],[80.51709382600006,29.675054396000064],[80.51369482700005,29.674207334000073],[80.51129488900006,29.675768521000066],[80.50561682600005,29.678355146000058],[80.50232313800007,29.677623209000046],[80.49779463800007,29.679164897000078],[80.49815232600008,29.68029414600005],[80.50027095100006,29.68155183400006],[80.50067776300006,29.68326995900003],[80.49912801400006,29.684637896000027],[80.49607120100006,29.685388772000067],[80.49429095100004,29.686915896000073],[80.49081138900004,29.688483834000067],[80.49081213900007,29.690392209000038],[80.49188357700007,29.691948271000058],[80.49120701300006,29.69405933400003],[80.48924020100003,29.69468789700005],[80.48828613900008,29.69628127200008],[80.48786701400007,29.700466334000055],[80.48532401400007,29.70176258400005],[80.48369282600004,29.703355584000064],[80.48129388900009,29.701670147000073],[80.47852901300007,29.701436021000063],[80.47450426300009,29.70273970900007],[80.47196357600006,29.705641771000046],[80.46967663800007,29.70738083400005],[80.46568963800007,29.709408521000057],[80.46096045100006,29.709461522000026],[80.45747776400003,29.708727709000073],[80.45598163800008,29.70787345900004],[80.45328707600004,29.705076521000024],[80.45394370100007,29.703114458000073],[80.45187682600005,29.70258033400006],[80.44716176300005,29.70265320900006],[80.44608145100005,29.70174639700008],[80.44412707700008,29.702742022000052],[80.44055757600006,29.70550383400007],[80.43960020100008,29.705265147000034],[80.43865988800007,29.701852771000063],[80.43917938800007,29.698626959000023],[80.43632876300006,29.69261689700005],[80.43932732600007,29.69187839600005],[80.44171382600007,29.689450021000027],[80.43733395100008,29.68893520900008],[80.43564157700007,29.688039334000052],[80.43033538900005,29.687897021000026],[80.42936751300005,29.68658902100003],[80.43022026300008,29.684607647000064],[80.43134151400005,29.68012352200003],[80.43315176300007,29.678398834000063],[80.42941738800005,29.678387334000035],[80.42565257600006,29.679117709000025],[80.42283620100005,29.68091008400006],[80.41836788900008,29.682036459000074],[80.41652932600005,29.684295397000028],[80.41190338900003,29.685111834000054],[80.40907970100005,29.682617959000027],[80.40603788900006,29.683908147000068],[80.40400438800003,29.682762147000062],[80.40145220100004,29.683156647000033],[80.39674095200007,29.680137459000036],[80.39413588900004,29.67950520900007],[80.38953776300008,29.67984952200004],[80.38587501400008,29.68157858400008],[80.38505963900008,29.678448333000063],[80.38594188900004,29.67498983400003],[80.38707813900004,29.67344989600008],[80.39125332600008,29.67160814700003],[80.39176857600006,29.670067647000053],[80.39103545100005,29.667409209000027],[80.39221870100005,29.664475396000057],[80.39342095100005,29.663792959000034],[80.39946620200004,29.663044459000048],[80.40103226400004,29.661934959000064],[80.39942013900009,29.65977570900003],[80.39981951300007,29.65884589600006],[80.40272688900006,29.658500334000053],[80.40655888900005,29.66002439600004],[80.40881320100004,29.65911639600006],[80.41084726300005,29.656501959000025],[80.41102288900004,29.654553772000042],[80.41276895100003,29.653472021000027],[80.41547301300005,29.654199084000027],[80.41763338900006,29.652473834000034],[80.41816820100007,29.650468584000066],[80.41613288800005,29.647937709000075],[80.41569251300007,29.64465364700004],[80.41761351400004,29.641621334000035],[80.42181176400004,29.639318521000064],[80.42127938900006,29.633182771000065],[80.42252557600006,29.632105396000043],[80.42283607600007,29.630184834000033],[80.42062307600008,29.626942709000048],[80.41888170100003,29.626123084000028],[80.41557526400004,29.62616264600007],[80.41237032600003,29.625000271000033],[80.40975095100004,29.620016959000054],[80.40970988900006,29.614823958000045],[80.40823363900006,29.613960146000068],[80.40763788900006,29.61203789700005],[80.40968563800004,29.609786647000078],[80.40959145200003,29.607571146000055],[80.41057026300007,29.605001584000036],[80.41240988900006,29.605485834000035],[80.41615482600008,29.60550908400006],[80.41950982600008,29.60685470900006],[80.41873695100008,29.612874272000056],[80.41991307600006,29.614248709000037],[80.42261232600003,29.614398021000056],[80.42768270100004,29.612071709000077],[80.42933351400006,29.612378833000037],[80.43026188900006,29.61411077100007],[80.43012795100003,29.616862209000033],[80.43088832600006,29.618230209000046],[80.43464845200003,29.618562147000034],[80.43851670100008,29.620234271000072],[80.43981126300008,29.619637459000046],[80.44122088800003,29.617358271000057],[80.44365095100005,29.616547396000044],[80.44660688900007,29.618111772000077],[80.45150163900007,29.625314458000048],[80.45772463800006,29.625049021000052],[80.46015001400008,29.626202646000024],[80.46187620100005,29.624359896000044],[80.46524420200006,29.622435834000044],[80.46646920100005,29.62220389600003],[80.46874407700005,29.620435459000078],[80.47380213800005,29.621766209000043],[80.47790445200008,29.62157264700005],[80.48121407600007,29.623144333000027],[80.48863963800005,29.623721334000038],[80.49108332600008,29.623620209000023],[80.49683063800006,29.62415420900004],[80.49907626300006,29.625525209000045],[80.49913776400007,29.629019646000074],[80.50034882600005,29.63220483400005],[80.50312651300004,29.63425452100006],[80.50679182600004,29.638121084000034],[80.50692482600004,29.63885014600004],[80.50734463900005,29.643453522000073],[80.50807238900006,29.644751022000037],[80.51221251400005,29.647211584000047],[80.51385195100005,29.649448522000057],[80.51663238900005,29.65061595900005],[80.51962238800007,29.652925459000073]]]}},{"type":"Feature","properties":{"STATE_CODE":7,"DISTRICT":"DARCHULA","GaPa_NaPa":"Mahakali","Type_GN":"Nagarpalika","Province":"Sudur Pashchim","provinceId":"7","provinceCode":"7","provinceName":"Sudurpashchim","districtId":"703","districtName":"Darchula","municipalityId":"70303","municipalityCode":"70303","municipalityName":"Mahakali Urban Municipality","municipalityNameNe":"महाकाली नगरपालिका","municipalityType":"municipality"},"geometry":{"type":"Polygon","coordinates":[[[80.64599338900007,29.848500646000048],[80.64415407600006,29.849077709000028],[80.64156707600006,29.848777459000075],[80.63902901300008,29.84981495900007],[80.63688057600007,29.84943908400004],[80.63381076400003,29.84964039700003],[80.63245307600005,29.848955396000065],[80.62951770100005,29.849116397000046],[80.62741632600006,29.84977139700004],[80.62106538900008,29.85077970900005],[80.61887432600008,29.85074858400003],[80.61611113900005,29.84991720900007],[80.61492851300005,29.847737022000047],[80.61229501400004,29.848706021000055],[80.61155613800008,29.85072952200005],[80.60748363900007,29.851806959000044],[80.60500476400006,29.851826647000053],[80.60231588800008,29.85285170900005],[80.60038795100007,29.852931584000032],[80.59833413900003,29.851968959000033],[80.59635657600006,29.85305695900007],[80.59487138900005,29.854759959000035],[80.59329157600007,29.853943021000077],[80.59149663800008,29.85463227100007],[80.59000463800004,29.853874209000026],[80.58759520100006,29.854146521000075],[80.58387357600003,29.855452084000035],[80.58163851300003,29.854161521000037],[80.58045976400007,29.85500595900004],[80.57661132600003,29.85529139600004],[80.57491032700005,29.857309334000036],[80.57080363900008,29.85926752200004],[80.56660626400003,29.860081647000072],[80.56337545200006,29.862606459000062],[80.56276613900008,29.863829271000043],[80.56094838800004,29.86470752100007],[80.55652145100004,29.86205127200003],[80.55613220100008,29.859584460000065],[80.55315057700005,29.856310396000026],[80.55322720100008,29.855221146000076],[80.55518001300004,29.853344209000056],[80.55514845100004,29.851629771000034],[80.55302082600008,29.849842771000056],[80.55100688900006,29.850287146000028],[80.54607007600003,29.846491897000078],[80.54140507600005,29.847373584000024],[80.53963113900005,29.84563052200008],[80.53836670100003,29.842556084000023],[80.53755588900003,29.838673397000036],[80.53666545100003,29.83819208400007],[80.53365945100006,29.838691272000062],[80.53187426400007,29.836311959000057],[80.52866907600009,29.83293277100006],[80.52552688900005,29.83209364700008],[80.52564770100008,29.82919108400006],[80.52348326400005,29.827049272000068],[80.51898595100005,29.825138209000045],[80.51685963900007,29.825349209000024],[80.51161045100008,29.824269771000047],[80.50898963800006,29.823105084000076],[80.50646107600005,29.81903539700005],[80.50340320100008,29.817875772000036],[80.50163920100005,29.81436602200006],[80.49911570100005,29.811584209000046],[80.49962301400006,29.809973271000047],[80.50194695100004,29.809167709000064],[80.49986926300005,29.80641920900007],[80.49697888800006,29.804323959000044],[80.49665682600005,29.80220008400005],[80.49436295100008,29.80148302200007],[80.49597488800003,29.799314647000074],[80.49608076300007,29.796829272000025],[80.49409207600007,29.795371209000052],[80.48457432600003,29.796405959000026],[80.48128251400004,29.795702834000053],[80.47938207600004,29.797290146000023],[80.47582901400006,29.798782897000024],[80.47337251300007,29.799352896000073],[80.46885970100004,29.801457459000062],[80.46646463900004,29.802189896000073],[80.46256626300004,29.802101959000026],[80.45727188900008,29.802569834000053],[80.45506976300004,29.802197584000055],[80.45158057600008,29.79953720900005],[80.44859013900003,29.798870584000042],[80.44587520200008,29.79913220900005],[80.44339507600006,29.800136834000057],[80.44151507600003,29.801705709000032],[80.43953326300004,29.80476277100007],[80.43818557600008,29.805880396000077],[80.43612695100006,29.805889646000026],[80.43456288800007,29.802982147000023],[80.43234026300007,29.80077783400003],[80.43183038800004,29.799000397000043],[80.42922907600007,29.79753652100004],[80.42367551400008,29.796061959000042],[80.41970376300003,29.796137084000065],[80.41767920100006,29.79571089700005],[80.41594170100007,29.794124209000074],[80.41484245100008,29.79185239700007],[80.41253470100008,29.79189627100004],[80.40962901400007,29.794549584000038],[80.40858382600004,29.793728334000036],[80.40924301400008,29.791247772000077],[80.40795395100008,29.789464459000044],[80.40886295100006,29.785117271000047],[80.40857032600007,29.783647459000065],[80.40624738900004,29.782730334000064],[80.40536326300008,29.781039084000042],[80.40631932600007,29.779301959000065],[80.40556376300003,29.777031584000042],[80.40182826400007,29.774186084000064],[80.40024263800007,29.768212522000056],[80.39806826300008,29.765103272000033],[80.39797976400007,29.76320133400003],[80.40128432600005,29.764946459000043],[80.40306620100006,29.76503795900004],[80.40486213800006,29.764109896000036],[80.40771832600007,29.76391520900006],[80.40994670200007,29.764518459000044],[80.41306551400004,29.76391195900004],[80.41854407600005,29.764376021000032],[80.42005838900008,29.765246647000026],[80.42120120100003,29.767035897000028],[80.41864051400006,29.768217959000026],[80.41880901400003,29.770607522000034],[80.41744213900006,29.77340308400005],[80.42192688900008,29.772703272000058],[80.42394407600005,29.77282252200007],[80.42881095100006,29.77198420900004],[80.42973070100004,29.772292709000055],[80.43415801400005,29.77616445900003],[80.43639951400007,29.778835771000047],[80.43994757600007,29.780820146000053],[80.44424695100008,29.779202772000076],[80.44510745100007,29.77590633400007],[80.44698945100004,29.774639771000068],[80.45291370100006,29.773827521000044],[80.45474445100007,29.77268914700005],[80.45751963800006,29.77231933400003],[80.45962651400004,29.770726396000043],[80.46340888900005,29.77057714700004],[80.46998901300003,29.773236147000034],[80.47275595100007,29.77277570900003],[80.47878982600008,29.77432452200003],[80.48335007600008,29.773593522000056],[80.48836632600006,29.77139564600003],[80.49345601300007,29.77036177100007],[80.49555270100007,29.767320021000046],[80.49726082600006,29.762530834000074],[80.50000001400008,29.76099152200004],[80.50223895100004,29.761329334000038],[80.50493763900005,29.760734897000077],[80.50608682600006,29.759207584000023],[80.51020320100008,29.761187647000042],[80.51332832600008,29.765079022000066],[80.51733882600007,29.76633664700006],[80.51943476400004,29.764661459000024],[80.52408501300005,29.76401508400005],[80.52561513900008,29.763440896000077],[80.52709838900006,29.761070897000025],[80.52906401400008,29.759539459000052],[80.52945451400007,29.757858084000077],[80.52791232600003,29.75214327200007],[80.52926538900005,29.75261958400006],[80.53593495100006,29.75711408400008],[80.53870370100003,29.757989897000073],[80.54137345100008,29.759691021000037],[80.54437001300005,29.759035896000057],[80.54472313800005,29.757625021000024],[80.54683782600006,29.75536302100005],[80.55129132700006,29.753555521000067],[80.55402688800007,29.750627834000056],[80.55691720100003,29.75061720900004],[80.56130907600004,29.75226052100004],[80.56340882600006,29.756233147000046],[80.56906526300008,29.76141502200005],[80.57114588900004,29.764476084000023],[80.57115226300004,29.765786646000038],[80.57250551400006,29.766921146000072],[80.57330632600008,29.770681834000072],[80.57527470100007,29.772592021000037],[80.57692120100006,29.77804939600003],[80.57713063900007,29.782363084000053],[80.57996638900005,29.783249584000032],[80.58656251400004,29.78218314600008],[80.58848576300005,29.782435021000026],[80.59169988800005,29.78411870900004],[80.59528176400005,29.784226709000052],[80.59931701300007,29.781547896000063],[80.59984338800007,29.784362396000063],[80.60179907600008,29.786646646000065],[80.60216332600004,29.789769646000025],[80.60666457600007,29.79258702100003],[80.61185088800005,29.793716709000023],[80.61535276300003,29.79388483400004],[80.62065888800004,29.797922146000076],[80.62116626300008,29.80063277100004],[80.62395007500004,29.80198739700006],[80.62797088800005,29.802664209000056],[80.62912570100008,29.803644209000026],[80.63147288900007,29.804038709000054],[80.63028795100007,29.80719570900004],[80.63171113800007,29.809602084000062],[80.63315895100004,29.81503114700007],[80.63586326400008,29.817702647000033],[80.63522170100003,29.822776271000066],[80.63582913800008,29.824338959000045],[80.63793720100006,29.826623022000035],[80.63742488900004,29.82788483400003],[80.63825882600008,29.829984959000058],[80.64269795100006,29.83132114600005],[80.64546045100008,29.83336102100003],[80.64655688900007,29.83747608400006],[80.64901982600009,29.84042645900007],[80.64858238900007,29.843344209000065],[80.64706101300004,29.845593584000028],[80.64599338900007,29.848500646000048]]]}},{"type":"Feature","properties":{"STATE_CODE":7,"DISTRICT":"DARCHULA","GaPa_NaPa":"Malikaarjun","Type_GN":"Gaunpalika","Province":"Sudur Pashchim","provinceId":"7","provinceCode":"7","provinceName":"Sudurpashchim","districtId":"703","districtName":"Darchula","municipalityId":"70308","municipalityCode":"70308","municipalityName":"Malikarjun Rural Municipality","municipalityNameNe":"मालिकार्जुन गाउँपालिका","municipalityType":"rural_municipality"},"geometry":{"type":"Polygon","coordinates":[[[80.52791232600003,29.75214327200007],[80.52945451400007,29.757858084000077],[80.52906401400008,29.759539459000052],[80.52709838900006,29.761070897000025],[80.52561513900008,29.763440896000077],[80.52408501300005,29.76401508400005],[80.51943476400004,29.764661459000024],[80.51733882600007,29.76633664700006],[80.51332832600008,29.765079022000066],[80.51020320100008,29.761187647000042],[80.50608682600006,29.759207584000023],[80.50493763900005,29.760734897000077],[80.50223895100004,29.761329334000038],[80.50000001400008,29.76099152200004],[80.49726082600006,29.762530834000074],[80.49555270100007,29.767320021000046],[80.49345601300007,29.77036177100007],[80.48836632600006,29.77139564600003],[80.48335007600008,29.773593522000056],[80.47878982600008,29.77432452200003],[80.47275595100007,29.77277570900003],[80.46998901300003,29.773236147000034],[80.46340888900005,29.77057714700004],[80.45962651400004,29.770726396000043],[80.45751963800006,29.77231933400003],[80.45474445100007,29.77268914700005],[80.45291370100006,29.773827521000044],[80.44698945100004,29.774639771000068],[80.44510745100007,29.77590633400007],[80.44424695100008,29.779202772000076],[80.43994757600007,29.780820146000053],[80.43639951400007,29.778835771000047],[80.43415801400005,29.77616445900003],[80.42973070100004,29.772292709000055],[80.42881095100006,29.77198420900004],[80.42394407600005,29.77282252200007],[80.42192688900008,29.772703272000058],[80.41744213900006,29.77340308400005],[80.41880901400003,29.770607522000034],[80.41864051400006,29.768217959000026],[80.42120120100003,29.767035897000028],[80.42005838900008,29.765246647000026],[80.41854407600005,29.764376021000032],[80.41306551400004,29.76391195900004],[80.40994670200007,29.764518459000044],[80.40771832600007,29.76391520900006],[80.40486213800006,29.764109896000036],[80.40306620100006,29.76503795900004],[80.40128432600005,29.764946459000043],[80.39797976400007,29.76320133400003],[80.39929195100007,29.76031995900007],[80.39771401300004,29.758300709000025],[80.39519726300006,29.75861627100005],[80.39272351300008,29.760362147000023],[80.38792882600006,29.75930695900007],[80.38687351400006,29.758539647000077],[80.38656551400004,29.756199022000033],[80.38810170100004,29.75138339600005],[80.38749420100004,29.750419647000058],[80.38289995100007,29.75065095900004],[80.38033782600007,29.749743459000058],[80.37463632700008,29.74917527200006],[80.37295076400005,29.749336459000062],[80.37157920100003,29.750665334000075],[80.36974451300006,29.75064533400007],[80.36749501300005,29.747772084000076],[80.36666401300005,29.74492820900008],[80.36685882600005,29.74257408400007],[80.36583270100004,29.740144334000036],[80.36711701300004,29.738343646000033],[80.37046445200008,29.735589584000024],[80.37118482600005,29.733492959000046],[80.36853713900007,29.73126970900006],[80.36766388800004,29.729043709000052],[80.36810713800008,29.723997458000042],[80.36935232600007,29.722219146000043],[80.37078382700008,29.721540209000068],[80.37481995100006,29.721649584000033],[80.37650970100003,29.72094695900006],[80.37707463800007,29.718181896000033],[80.37403870100007,29.716261459000066],[80.37372801400005,29.71530583400005],[80.37627795100008,29.71239214600007],[80.37630007600006,29.708814709000023],[80.37884351300005,29.702454209000052],[80.38090901300006,29.701613459000043],[80.38188807600005,29.694210208000072],[80.38185113800006,29.68969858400004],[80.38244751400003,29.688027584000054],[80.38695013900008,29.685079959000063],[80.38587501400008,29.68157858400008],[80.38953776300008,29.67984952200004],[80.39413588900004,29.67950520900007],[80.39674095200007,29.680137459000036],[80.40145220100004,29.683156647000033],[80.40400438800003,29.682762147000062],[80.40603788900006,29.683908147000068],[80.40907970100005,29.682617959000027],[80.41190338900003,29.685111834000054],[80.41652932600005,29.684295397000028],[80.41836788900008,29.682036459000074],[80.42283620100005,29.68091008400006],[80.42565257600006,29.679117709000025],[80.42941738800005,29.678387334000035],[80.43315176300007,29.678398834000063],[80.43134151400005,29.68012352200003],[80.43022026300008,29.684607647000064],[80.42936751300005,29.68658902100003],[80.43033538900005,29.687897021000026],[80.43564157700007,29.688039334000052],[80.43733395100008,29.68893520900008],[80.44171382600007,29.689450021000027],[80.43932732600007,29.69187839600005],[80.43632876300006,29.69261689700005],[80.43917938800007,29.698626959000023],[80.43865988800007,29.701852771000063],[80.43960020100008,29.705265147000034],[80.44055757600006,29.70550383400007],[80.44412707700008,29.702742022000052],[80.44608145100005,29.70174639700008],[80.44716176300005,29.70265320900006],[80.45187682600005,29.70258033400006],[80.45394370100007,29.703114458000073],[80.45328707600004,29.705076521000024],[80.45598163800008,29.70787345900004],[80.45747776400003,29.708727709000073],[80.46096045100006,29.709461522000026],[80.46475482600005,29.711669521000033],[80.46626451300006,29.710958271000038],[80.47118595100005,29.711399834000076],[80.47440545100005,29.71209614600008],[80.47859282600007,29.711713459000066],[80.48191195100003,29.710941459000026],[80.48452482600004,29.71121108400007],[80.49057001300008,29.710214896000025],[80.48863295200005,29.712485709000077],[80.48755695100004,29.715984709000054],[80.48313907600004,29.717815022000025],[80.47833763800008,29.71859252200005],[80.47634745100004,29.719394459000057],[80.47731270100007,29.721193834000076],[80.48065282600004,29.723110834000067],[80.48614495100009,29.723157084000036],[80.49299613800008,29.73002064700006],[80.49529988800003,29.730823459000078],[80.49844445100007,29.730106834000026],[80.50100945100007,29.73094433400007],[80.50555407600007,29.736325584000042],[80.51175657600004,29.740995459000032],[80.51477938900007,29.744620272000077],[80.51523413800004,29.746352084000023],[80.51664001300009,29.74684220900008],[80.51867745100003,29.74899033400004],[80.52217163900008,29.751096647000054],[80.52481838800009,29.75218595900003],[80.52791232600003,29.75214327200007]]]}},{"type":"Feature","properties":{"STATE_CODE":7,"DISTRICT":"DARCHULA","GaPa_NaPa":"Marma","Type_GN":"Gaunpalika","Province":"Sudur Pashchim","provinceId":"7","provinceCode":"7","provinceName":"Sudurpashchim","districtId":"703","districtName":"Darchula","municipalityId":"70306","municipalityCode":"70306","municipalityName":"Marma Rural Municipality","municipalityNameNe":"मार्मा गाउँपालिका","municipalityType":"rural_municipality"},"geometry":{"type":"Polygon","coordinates":[[[80.98985395100004,29.741148959000043],[80.98790751400009,29.743073022000033],[80.98512113900006,29.74750533400004],[80.98007638900003,29.750004084000068],[80.97961338900006,29.754368959000033],[80.97581370100005,29.759504709000055],[80.97187651400003,29.762443209000025],[80.96884451400007,29.762911771000063],[80.96676826300006,29.764082022000025],[80.96313138900007,29.763850959000024],[80.96176570100005,29.764371647000075],[80.95869532600005,29.764343647000032],[80.95503901400008,29.763568709000026],[80.95012432600004,29.762014959000055],[80.94663270100006,29.76049770900005],[80.94291326300004,29.75973827200005],[80.94152332700008,29.758544334000078],[80.93980595100004,29.75913683400006],[80.93651457600004,29.759259334000035],[80.93385588900009,29.76155895900007],[80.93025670200007,29.76175558400007],[80.92940463900004,29.76376733400008],[80.92646082600004,29.766677896000033],[80.92588520100009,29.767931772000054],[80.92369526400006,29.76905620900004],[80.92212745100005,29.768545459000052],[80.92061132700007,29.766816646000052],[80.91741263800003,29.768657646000065],[80.91504126400008,29.77092545900007],[80.90888432600008,29.771979334000036],[80.90737901400007,29.775208647000056],[80.90549657600008,29.776183959000036],[80.90487401400003,29.777895647000037],[80.90084851400007,29.77972889600005],[80.89967357600005,29.779299397000045],[80.89511551400005,29.782388522000076],[80.89158620100005,29.781824022000023],[80.88906482600004,29.78061958400008],[80.88677370100004,29.77770095900007],[80.88440863800008,29.779016209000076],[80.88474963900006,29.78016252100008],[80.88342551400007,29.781943397000077],[80.88011470100008,29.781687772000055],[80.87879763900008,29.78289570900006],[80.87538520100009,29.78427758400005],[80.87384401400004,29.78624764600005],[80.87074676400005,29.78625820900004],[80.86811045100006,29.78734058400005],[80.86473238800005,29.787691334000044],[80.86366732600004,29.78882489600005],[80.85898213900003,29.792251021000027],[80.85712988900008,29.793261834000077],[80.85724051400007,29.795016959000066],[80.84919188900005,29.79749614600007],[80.84366757600003,29.798152896000033],[80.84226432600008,29.79719708400006],[80.84426176400007,29.795065459000057],[80.84539420100003,29.791502709000042],[80.84765376400009,29.78781939600003],[80.84934963900008,29.784135396000067],[80.84991807600005,29.78081783400006],[80.84963888900006,29.779220396000028],[80.84569951400005,29.77626758400004],[80.84175851400005,29.77429589700006],[80.84232532600004,29.772085897000068],[80.84120188800006,29.769995709000057],[80.83148545100005,29.769000272000028],[80.82881088800008,29.768015584000068],[80.82543120200006,29.76776520900006],[80.82091982600008,29.770337522000034],[80.81683245200009,29.771931271000028],[80.81358920100007,29.773891521000053],[80.81197726400006,29.775619396000025],[80.81386620200004,29.779833584000073],[80.81650638800005,29.781991521000066],[80.81702013900008,29.783896146000075],[80.81400363900008,29.78241214600007],[80.81098438800007,29.781598021000036],[80.80446945200003,29.78199008400003],[80.80229720100004,29.780974022000066],[80.80020851400008,29.77862939700003],[80.79847070100004,29.777848521000067],[80.79744432600006,29.776452896000023],[80.79356963800006,29.775840084000038],[80.79146601400004,29.77444495900005],[80.78807495100006,29.77510052100007],[80.78574407600007,29.77678408400004],[80.78365557600006,29.776532521000036],[80.77610563900004,29.781821084000057],[80.77356420100006,29.78439502200007],[80.77174788900004,29.78764695900003],[80.76975963900009,29.78488020900005],[80.76528638900004,29.780843584000024],[80.76342688900007,29.78229070900005],[80.75820976400007,29.784491896000077],[80.75674782700008,29.78441708400004],[80.75313032600008,29.787922584000057],[80.74999988900004,29.78840845900004],[80.74813038900004,29.78750483400006],[80.74588270100008,29.787875022000037],[80.74427088900006,29.790671334000024],[80.73870013900006,29.794019209000055],[80.73723757600004,29.791904959000078],[80.73722876400006,29.790700334000064],[80.73856651300008,29.786586271000033],[80.73420476300004,29.779963647000045],[80.73237213900006,29.77939377200005],[80.73223307600006,29.77711064700003],[80.72962988900008,29.773816459000045],[80.72897895100004,29.76959458400006],[80.72937557600005,29.768246459000068],[80.72911845100003,29.763152397000056],[80.72805501400006,29.760355334000053],[80.72639051400006,29.75905483400004],[80.72275882600007,29.75864345900004],[80.71341482600008,29.756579896000062],[80.71065063900005,29.753916522000054],[80.71035532600007,29.75040139600003],[80.70898682700005,29.748605084000076],[80.70802738900005,29.74558470900007],[80.70571013900008,29.742297522000058],[80.70592882600005,29.739640647000044],[80.70509832600004,29.73803495900006],[80.70087982600006,29.736067459000026],[80.69895645200006,29.735934521000047],[80.69152507600006,29.734347396000032],[80.68721938900006,29.733220584000037],[80.67952570100005,29.729498271000068],[80.67782976400008,29.728115896000077],[80.67515863900007,29.724874584000077],[80.67317807600006,29.72393352100005],[80.66929551400005,29.724902959000076],[80.66790707600006,29.72281289600005],[80.66716120200005,29.71739039600004],[80.66827776400004,29.715784834000033],[80.67319295100003,29.71206145900004],[80.67571338800008,29.707395958000063],[80.67745945200005,29.70640314700006],[80.68192763900004,29.70610714600008],[80.68288913900005,29.705229709000037],[80.68226238800008,29.703297272000043],[80.68274682700007,29.701575022000043],[80.68432113900008,29.699686084000064],[80.68536476300005,29.700509772000032],[80.68731613800009,29.703995022000072],[80.69077757600007,29.70520552100004],[80.69532970100005,29.706055209000056],[80.69735613900008,29.706095959000038],[80.70267682700006,29.70476808400008],[80.70553557600005,29.703260771000032],[80.70593132600004,29.701903709000078],[80.70896657600008,29.699634334000052],[80.71036270100007,29.69925164600005],[80.71282470100005,29.699981146000027],[80.71748407600006,29.70241608400005],[80.72188607600003,29.703183396000043],[80.72487320100004,29.70316702100007],[80.73008207600003,29.703956021000067],[80.73217545200004,29.70382489600007],[80.73712001400008,29.70581764700006],[80.73936720100005,29.70514989700007],[80.74431820100006,29.70440833400005],[80.74823876400006,29.704835459000037],[80.75395526400007,29.70762758400008],[80.75657370200008,29.70786483300003],[80.76031176400005,29.70429389700007],[80.76356832700003,29.70411702100006],[80.76415113900003,29.703091646000075],[80.76737851400003,29.70170327200003],[80.77342682700004,29.702467209000076],[80.77688820100008,29.701392584000075],[80.78015570100007,29.70209733400003],[80.78239470100004,29.701798772000075],[80.78528582600006,29.69938977100003],[80.78757120100005,29.696039084000063],[80.78957657600006,29.69574452200004],[80.79147182600008,29.69244727100005],[80.79552126300007,29.68857589600003],[80.79769655500007,29.688312604000032],[80.80223663900006,29.68714689600006],[80.80569382600004,29.686976021000078],[80.80821401400004,29.68566233400003],[80.81294870200009,29.68411933400006],[80.81415338900007,29.684391771000037],[80.81759688900007,29.686895959000026],[80.82217188900006,29.68757664700007],[80.82541101400005,29.68631995900006],[80.82878957700007,29.687912459000074],[80.83000476400008,29.690442709000024],[80.83215751300008,29.691257646000054],[80.83349120200006,29.689820084000075],[80.83805738900008,29.689043021000032],[80.84036551400004,29.687265959000058],[80.84210538800005,29.68741245900003],[80.84497326400003,29.691322897000077],[80.84719407700004,29.693405272000064],[80.85355213900004,29.695796834000078],[80.86000688900003,29.69599108400007],[80.86240820200004,29.69792227100004],[80.86421626400005,29.700087521000057],[80.86509701300008,29.703501397000025],[80.86638620200006,29.706347272000073],[80.87258995100007,29.707400084000028],[80.87997126400006,29.712200521000057],[80.88161532600003,29.712068896000062],[80.88356845100003,29.713347397000064],[80.89188695200005,29.713889084000073],[80.89299332600007,29.71549383400003],[80.89611582600008,29.716407709000066],[80.89840970100005,29.72032777100003],[80.90117363900004,29.720799084000078],[80.90512901400007,29.72264720900006],[80.90865663800008,29.724682147000067],[80.91547107600007,29.72519420900005],[80.92087945200007,29.724651709000057],[80.92866132600005,29.728621771000064],[80.93308551400008,29.729770022000025],[80.93556882700005,29.73213083400003],[80.93983826400006,29.734763084000065],[80.94159588800005,29.735451897000075],[80.94769832600008,29.73551764700005],[80.95076926400003,29.732489271000077],[80.95340095100005,29.730926959000044],[80.95588563900003,29.730704459000037],[80.95976051400004,29.726527959000066],[80.96257426400007,29.72538058300006],[80.96560720100007,29.724711459000048],[80.97397470100003,29.72216433400007],[80.97693438800007,29.72190770900005],[80.97671488900005,29.72391758400005],[80.97799313900003,29.725927709000075],[80.98241338900004,29.729848959000037],[80.98456882600004,29.73329383400005],[80.98573801400005,29.733963896000034],[80.98800295100006,29.739003584000045],[80.98985395100004,29.741148959000043]]]}},{"type":"Feature","properties":{"STATE_CODE":7,"DISTRICT":"DARCHULA","GaPa_NaPa":"Naugad","Type_GN":"Gaunpalika","Province":"Sudur Pashchim","provinceId":"7","provinceCode":"7","provinceName":"Sudurpashchim","districtId":"703","districtName":"Darchula","municipalityId":"70304","municipalityCode":"70304","municipalityName":"Naugad  Rural Municipality","municipalityNameNe":"नौगाड गाउँपालिका","municipalityType":"rural_municipality"},"geometry":{"type":"Polygon","coordinates":[[[80.72317032600006,29.874921397000037],[80.72086182600003,29.874774459000037],[80.71748951400008,29.873844647000055],[80.71647395100007,29.87005739600005],[80.71327745100007,29.86878727100003],[80.70701313800004,29.871148772000026],[80.70481138900004,29.871064959000023],[80.70268113800006,29.872393271000078],[80.70115795100008,29.86954314600007],[80.69932032600008,29.868677209000055],[80.69154613800004,29.87036464600004],[80.68836432600006,29.873341522000032],[80.68468470100004,29.873831272000075],[80.68325088800003,29.87532114700008],[80.68053238800007,29.87542058500003],[80.67726613900004,29.874925459000053],[80.67436488800007,29.875114521000057],[80.66942288900003,29.873076646000072],[80.66785888900006,29.871592959000054],[80.66338401400003,29.869576272000074],[80.66081188800007,29.868811771000026],[80.65796238900003,29.865641897000046],[80.65496301300004,29.86630627200003],[80.64961070100009,29.862218334000033],[80.64875870100008,29.86089195900007],[80.64590595100003,29.859894084000075],[80.64691457600009,29.858439584000052],[80.64723776400007,29.85200714700005],[80.64599338900007,29.848500646000048],[80.64706101300004,29.845593584000028],[80.64858238900007,29.843344209000065],[80.64901982600009,29.84042645900007],[80.64655688900007,29.83747608400006],[80.64546045100008,29.83336102100003],[80.64269795100006,29.83132114600005],[80.63825882600008,29.829984959000058],[80.63742488900004,29.82788483400003],[80.63793720100006,29.826623022000035],[80.63582913800008,29.824338959000045],[80.63522170100003,29.822776271000066],[80.63586326400008,29.817702647000033],[80.63315895100004,29.81503114700007],[80.63171113800007,29.809602084000062],[80.63028795100007,29.80719570900004],[80.63147288900007,29.804038709000054],[80.62912570100008,29.803644209000026],[80.62797088800005,29.802664209000056],[80.62395007500004,29.80198739700006],[80.62116626300008,29.80063277100004],[80.62065888800004,29.797922146000076],[80.61535276300003,29.79388483400004],[80.61185088800005,29.793716709000023],[80.60666457600007,29.79258702100003],[80.60216332600004,29.789769646000025],[80.60179907600008,29.786646646000065],[80.59984338800007,29.784362396000063],[80.59931701300007,29.781547896000063],[80.59528176400005,29.784226709000052],[80.59169988800005,29.78411870900004],[80.58848576300005,29.782435021000026],[80.58656251400004,29.78218314600008],[80.57996638900005,29.783249584000032],[80.57713063900007,29.782363084000053],[80.57692120100006,29.77804939600003],[80.57527470100007,29.772592021000037],[80.57330632600008,29.770681834000072],[80.57250551400006,29.766921146000072],[80.57115226300004,29.765786646000038],[80.57114588900004,29.764476084000023],[80.56906526300008,29.76141502200005],[80.56340882600006,29.756233147000046],[80.56130907600004,29.75226052100004],[80.56092001400003,29.750621522000074],[80.56329757600008,29.748342084000058],[80.56464695100004,29.741766459000075],[80.56567013900008,29.739412584000036],[80.56911688800005,29.73643720900003],[80.57168438900004,29.73534027200003],[80.57527626300003,29.735277396000072],[80.57772770100007,29.73356408400008],[80.58248438900006,29.73245127100006],[80.58840520100006,29.729882459000066],[80.59262870100008,29.728715771000054],[80.59706407600004,29.72868420900005],[80.59999063900005,29.727838147000057],[80.60073976400008,29.725823771000023],[80.60290345100003,29.72292258400006],[80.60493345100008,29.721051896000063],[80.60688763800005,29.724204521000047],[80.61052838800003,29.725250646000063],[80.61962513800006,29.729939772000023],[80.62106326400004,29.73094320900003],[80.62690870100005,29.733274209000058],[80.62943451400008,29.733563271000037],[80.63256720100003,29.73456002100005],[80.63688057600007,29.73463964700005],[80.64213551400007,29.73390277200008],[80.64407888800008,29.73327864600003],[80.64715420100003,29.73334777200006],[80.64959926300008,29.732627896000054],[80.65186438800004,29.733689584000047],[80.65550651400008,29.73372164600005],[80.65766120100005,29.735261209000043],[80.66234751400003,29.73621614700005],[80.66569845100008,29.73883233400005],[80.66762176400005,29.737420459000077],[80.67130963900007,29.736164272000053],[80.67303588900006,29.734790272000055],[80.67371788800006,29.73272339600004],[80.67386070100008,29.728816771000027],[80.67317807600006,29.72393352100005],[80.67515863900007,29.724874584000077],[80.67782976400008,29.728115896000077],[80.67952570100005,29.729498271000068],[80.68721938900006,29.733220584000037],[80.69152507600006,29.734347396000032],[80.69895645200006,29.735934521000047],[80.70087982600006,29.736067459000026],[80.70509832600004,29.73803495900006],[80.70592882600005,29.739640647000044],[80.70571013900008,29.742297522000058],[80.70802738900005,29.74558470900007],[80.70898682700005,29.748605084000076],[80.71035532600007,29.75040139600003],[80.71065063900005,29.753916522000054],[80.71341482600008,29.756579896000062],[80.72275882600007,29.75864345900004],[80.72639051400006,29.75905483400004],[80.72805501400006,29.760355334000053],[80.72911845100003,29.763152397000056],[80.72937557600005,29.768246459000068],[80.72897895100004,29.76959458400006],[80.72962988900008,29.773816459000045],[80.73223307600006,29.77711064700003],[80.73237213900006,29.77939377200005],[80.73420476300004,29.779963647000045],[80.73856651300008,29.786586271000033],[80.73722876400006,29.790700334000064],[80.73723757600004,29.791904959000078],[80.73870013900006,29.794019209000055],[80.74025870200006,29.796661521000033],[80.73842382600003,29.798446709000075],[80.73831713900006,29.802175271000067],[80.73648988800005,29.804213146000052],[80.73669270100004,29.807400896000047],[80.73419432700007,29.809599771000023],[80.73125488800008,29.810902147000036],[80.72901132600003,29.810374271000057],[80.72995520100005,29.81303120900003],[80.72968151400005,29.814855521000027],[80.73029245100008,29.818905834000077],[80.73139176400008,29.820669834000057],[80.73024757600007,29.823575147000042],[80.73236932600008,29.824544959000036],[80.73503820100007,29.82799033400005],[80.73878776300006,29.829477584000074],[80.74589976400006,29.83076139700006],[80.74999988900004,29.832605397000066],[80.75128420100003,29.833769584000038],[80.75155132600008,29.84213658400006],[80.75125907600005,29.843891021000047],[80.75000020100003,29.84560077100008],[80.74671401400008,29.846817084000065],[80.74668345100008,29.85020289600004],[80.74222995100007,29.85446214600006],[80.74152870100005,29.855827772000055],[80.73881351400007,29.857360834000076],[80.73499101400006,29.861544397000046],[80.73418038900007,29.86468270900008],[80.73185538800004,29.866730709000024],[80.73060213900004,29.867030459000034],[80.72984495100008,29.869607209000037],[80.72813101300005,29.87108802100005],[80.72666288900007,29.87331583400004],[80.72317032600006,29.874921397000037]]]}},{"type":"Feature","properties":{"STATE_CODE":7,"DISTRICT":"DARCHULA","GaPa_NaPa":"Shailyashikhar","Type_GN":"Nagarpalika","Province":"Sudur Pashchim","provinceId":"7","provinceCode":"7","provinceName":"Sudurpashchim","districtId":"703","districtName":"Darchula","municipalityId":"70307","municipalityCode":"70307","municipalityName":"Shailyashikhar Urban Municipality","municipalityNameNe":"शैल्यशिखर नगरपालिका","municipalityType":"municipality"},"geometry":{"type":"Polygon","coordinates":[[[80.56130907600004,29.75226052100004],[80.55691720100003,29.75061720900004],[80.55402688800007,29.750627834000056],[80.55129132700006,29.753555521000067],[80.54683782600006,29.75536302100005],[80.54472313800005,29.757625021000024],[80.54437001300005,29.759035896000057],[80.54137345100008,29.759691021000037],[80.53870370100003,29.757989897000073],[80.53593495100006,29.75711408400008],[80.52926538900005,29.75261958400006],[80.52791232600003,29.75214327200007],[80.52481838800009,29.75218595900003],[80.52217163900008,29.751096647000054],[80.51867745100003,29.74899033400004],[80.51664001300009,29.74684220900008],[80.51523413800004,29.746352084000023],[80.51477938900007,29.744620272000077],[80.51175657600004,29.740995459000032],[80.50555407600007,29.736325584000042],[80.50100945100007,29.73094433400007],[80.49844445100007,29.730106834000026],[80.49529988800003,29.730823459000078],[80.49299613800008,29.73002064700006],[80.48614495100009,29.723157084000036],[80.48065282600004,29.723110834000067],[80.47731270100007,29.721193834000076],[80.47634745100004,29.719394459000057],[80.47833763800008,29.71859252200005],[80.48313907600004,29.717815022000025],[80.48755695100004,29.715984709000054],[80.48863295200005,29.712485709000077],[80.49057001300008,29.710214896000025],[80.48452482600004,29.71121108400007],[80.48191195100003,29.710941459000026],[80.47859282600007,29.711713459000066],[80.47440545100005,29.71209614600008],[80.47118595100005,29.711399834000076],[80.46626451300006,29.710958271000038],[80.46475482600005,29.711669521000033],[80.46096045100006,29.709461522000026],[80.46568963800007,29.709408521000057],[80.46967663800007,29.70738083400005],[80.47196357600006,29.705641771000046],[80.47450426300009,29.70273970900007],[80.47852901300007,29.701436021000063],[80.48129388900009,29.701670147000073],[80.48369282600004,29.703355584000064],[80.48532401400007,29.70176258400005],[80.48786701400007,29.700466334000055],[80.48828613900008,29.69628127200008],[80.48924020100003,29.69468789700005],[80.49120701300006,29.69405933400003],[80.49188357700007,29.691948271000058],[80.49081213900007,29.690392209000038],[80.49081138900004,29.688483834000067],[80.49429095100004,29.686915896000073],[80.49607120100006,29.685388772000067],[80.49912801400006,29.684637896000027],[80.50067776300006,29.68326995900003],[80.50027095100006,29.68155183400006],[80.49815232600008,29.68029414600005],[80.49779463800007,29.679164897000078],[80.50232313800007,29.677623209000046],[80.50561682600005,29.678355146000058],[80.51129488900006,29.675768521000066],[80.51369482700005,29.674207334000073],[80.51709382600006,29.675054396000064],[80.52005257600007,29.673772584000062],[80.52369676300003,29.672906084000033],[80.52647563800008,29.671045959000026],[80.52652895100005,29.66917383400005],[80.52921151300006,29.666052396000055],[80.52974082600008,29.663387897000064],[80.52799895100003,29.659231083000066],[80.52471976400005,29.65957127200005],[80.52302163900004,29.658660647000033],[80.52023595100007,29.65847464600006],[80.51917113800005,29.657536897000057],[80.51896176300005,29.654784084000028],[80.51962238800007,29.652925459000073],[80.52103976400008,29.653715584000054],[80.52430738900006,29.653815334000058],[80.52963588900008,29.65672164600005],[80.53454001300008,29.66084233400005],[80.53932145100003,29.663854709000077],[80.54187588900004,29.663730459000078],[80.54473007700005,29.66631177100004],[80.54791376400004,29.66636333400004],[80.55029195100008,29.66799783400006],[80.55290870100004,29.668036021000034],[80.55518113900007,29.67119727100004],[80.55674238900008,29.671554396000033],[80.55905932700006,29.670574084000066],[80.56055888900005,29.670777584000064],[80.56152876400006,29.67287864700006],[80.57102595200007,29.679248459000064],[80.57175282600008,29.68313977100007],[80.57349882700004,29.684778522000045],[80.57457213900005,29.687112271000046],[80.57698382600006,29.68666658400008],[80.57914988800007,29.688108146000047],[80.58469445100008,29.68799483400005],[80.58765270100008,29.68830183400007],[80.59208863900005,29.690487834000066],[80.59500188800007,29.690850959000045],[80.59923901400003,29.690629209000065],[80.60302670100003,29.691754959000036],[80.60544507600008,29.690180896000072],[80.60628720100004,29.687984021000034],[80.60826276400007,29.686634147000063],[80.61035482600005,29.686696709000046],[80.61333176300008,29.687961896000047],[80.62107088900007,29.68806545900003],[80.62565688900008,29.686813021000034],[80.62937901400005,29.688001021000048],[80.63449076300003,29.69057102200003],[80.64057582600003,29.689678584000035],[80.64402970200007,29.687231334000046],[80.64508157600005,29.68576114600006],[80.64732957600006,29.685015959000054],[80.64834145100008,29.682663584000068],[80.64945657600003,29.68182289600003],[80.65316351400008,29.681155959000023],[80.65812307600004,29.682192959000076],[80.66158482600008,29.682330396000054],[80.66701238900004,29.685664709000037],[80.66925282600005,29.68567027100005],[80.67239920100008,29.68728420900004],[80.67603188900006,29.687236771000073],[80.67809657600003,29.692290272000037],[80.68104538900008,29.694688522000035],[80.68432113900008,29.699686084000064],[80.68274682700007,29.701575022000043],[80.68226238800008,29.703297272000043],[80.68288913900005,29.705229709000037],[80.68192763900004,29.70610714600008],[80.67745945200005,29.70640314700006],[80.67571338800008,29.707395958000063],[80.67319295100003,29.71206145900004],[80.66827776400004,29.715784834000033],[80.66716120200005,29.71739039600004],[80.66790707600006,29.72281289600005],[80.66929551400005,29.724902959000076],[80.67317807600006,29.72393352100005],[80.67386070100008,29.728816771000027],[80.67371788800006,29.73272339600004],[80.67303588900006,29.734790272000055],[80.67130963900007,29.736164272000053],[80.66762176400005,29.737420459000077],[80.66569845100008,29.73883233400005],[80.66234751400003,29.73621614700005],[80.65766120100005,29.735261209000043],[80.65550651400008,29.73372164600005],[80.65186438800004,29.733689584000047],[80.64959926300008,29.732627896000054],[80.64715420100003,29.73334777200006],[80.64407888800008,29.73327864600003],[80.64213551400007,29.73390277200008],[80.63688057600007,29.73463964700005],[80.63256720100003,29.73456002100005],[80.62943451400008,29.733563271000037],[80.62690870100005,29.733274209000058],[80.62106326400004,29.73094320900003],[80.61962513800006,29.729939772000023],[80.61052838800003,29.725250646000063],[80.60688763800005,29.724204521000047],[80.60493345100008,29.721051896000063],[80.60290345100003,29.72292258400006],[80.60073976400008,29.725823771000023],[80.59999063900005,29.727838147000057],[80.59706407600004,29.72868420900005],[80.59262870100008,29.728715771000054],[80.58840520100006,29.729882459000066],[80.58248438900006,29.73245127100006],[80.57772770100007,29.73356408400008],[80.57527626300003,29.735277396000072],[80.57168438900004,29.73534027200003],[80.56911688800005,29.73643720900003],[80.56567013900008,29.739412584000036],[80.56464695100004,29.741766459000075],[80.56329757600008,29.748342084000058],[80.56092001400003,29.750621522000074],[80.56130907600004,29.75226052100004]]]}}]}